id,timestamp,likesCount,postUrl,commentUrl,source_file,ownerUsername,text
18129232537585615,2026-04-25T22:36:01+00:00,46,https://www.instagram.com/p/DXgjNKaDO2r/,https://www.instagram.com/p/DXgjNKaDO2r/?comment_id=18129232537585615,scraping_instagram,harsono6786,Hrs rakyat yg bergerak serentak utk tutup program MBG
18386171575092331,2026-04-25T11:44:56+00:00,30,https://www.instagram.com/p/DXgjNKaDO2r/,https://www.instagram.com/p/DXgjNKaDO2r/?comment_id=18386171575092331,scraping_instagram,y_ogiwibawa,"Alumni terbaik IPB, dosen IPB.....benar benar apakah pemikiran dan perilakunya mencermin IPB ?? Luaar biasa IPB menghasilkan alumni pilihan"
18108534941500064,2026-04-25T22:58:03+00:00,13,https://www.instagram.com/p/DXgjNKaDO2r/,https://www.instagram.com/p/DXgjNKaDO2r/?comment_id=18108534941500064,scraping_instagram,agunghawai,Presiden mah bodo amat… kan itu program nya dia… mau 1000 T per hari juga bakalan cuek dia… 😂
17898135924286652,2026-04-26T02:56:24+00:00,6,https://www.instagram.com/p/DXgjNKaDO2r/,https://www.instagram.com/p/DXgjNKaDO2r/?comment_id=17898135924286652,scraping_instagram,sigit.kunarso,Masuk di gizi❎masuk di katong✅
18039992927582096,2026-04-28T09:57:00+00:00,0,https://www.instagram.com/p/DXgjNKaDO2r/,https://www.instagram.com/p/DXgjNKaDO2r/?comment_id=18039992927582096,scraping_instagram,setttdahh_,sepatumu pake semir ngga sayang? @mf.dns
18074768384239027,2026-04-25T15:26:06+00:00,8,https://www.instagram.com/p/DXgjNKaDO2r/,https://www.instagram.com/p/DXgjNKaDO2r/?comment_id=18074768384239027,scraping_instagram,refiepih,Udah heboh dan viral gini masa @prabowo atau KPK ngga safar juga?
18091561564970726,2026-04-26T08:36:12+00:00,27,https://www.instagram.com/p/DXgjNKaDO2r/,https://www.instagram.com/p/DXgjNKaDO2r/?comment_id=18091561564970726,scraping_instagram,siskadamay,"Lama lama MBG beneran stop bukan karena protes dari masyarakat nya, bukan juga karna pernah membuat ribuan anak keracunan tapi karena anggaran nya habis dihambur-hamburkan oleh BGN itu sendiri.. dan kalau anggaran habis tapi MBG tetap dipertahankan dengan cara naikin lagi pajak, bisa bisa yg stop bukan cuma MBG tapi pemerintah nya juga bakal di stop sama rakyatnya"
17986396358804335,2026-04-27T01:40:35+00:00,1,https://www.instagram.com/p/DXgjNKaDO2r/,https://www.instagram.com/p/DXgjNKaDO2r/?comment_id=17986396358804335,scraping_instagram,ridhofdhlh,enak banget cies si mbg mbg ini teh ya @bryanra.fly
18073969967345744,2026-05-04T03:59:32+00:00,3,https://www.instagram.com/p/DXgjNKaDO2r/,https://www.instagram.com/p/DXgjNKaDO2r/?comment_id=18073969967345744,scraping_instagram,febrian282,Yg jadi makanan ga sampe 10% nya 😂
18098889533079855,2026-04-25T12:46:38+00:00,4,https://www.instagram.com/p/DXgjNKaDO2r/,https://www.instagram.com/p/DXgjNKaDO2r/?comment_id=18098889533079855,scraping_instagram,fetreonegeo,"Wait, bukan nya sistem nya MITRA, jadi harusnya semuanya disediakan pemilik SPPG, dari BGN tinggal membayar seharga jumlah makanan yg dimasak, 😮"
18097319120029498,2026-04-27T03:17:37+00:00,2,https://www.instagram.com/p/DXgjNKaDO2r/,https://www.instagram.com/p/DXgjNKaDO2r/?comment_id=18097319120029498,scraping_instagram,jejak.outdoor_,"Generasi boomer emang gitu, ga usah aneh 😆"
17869362897512421,2026-04-26T12:12:14+00:00,1,https://www.instagram.com/p/DXgjNKaDO2r/,https://www.instagram.com/p/DXgjNKaDO2r/?comment_id=17869362897512421,scraping_instagram,kh550.1,yg terahir suruh mikir utang negara ‼️
17961983343081273,2026-04-29T13:18:39+00:00,2,https://www.instagram.com/p/DXgjNKaDO2r/,https://www.instagram.com/p/DXgjNKaDO2r/?comment_id=17961983343081273,scraping_instagram,charenzi_94_,Selalu mencari komenan yg ngebela ini program “TUTORIAL MENGHAMBURKAN UANG” 😂 padahal lebih baik membayar hutang yg ntah kapan lunasnya itu 😅
18541219060070903,2026-04-26T02:37:09+00:00,2,https://www.instagram.com/p/DXgjNKaDO2r/,https://www.instagram.com/p/DXgjNKaDO2r/?comment_id=18541219060070903,scraping_instagram,ruslanruslan9703,Satu kata aaaaannnnnnnnnnnnnnnginnnnnnnmnmnnnnnnnnnnnnnnnnnnnnnnnnnnnnnnn
18082649687624933,2026-05-07T02:51:24+00:00,1,https://www.instagram.com/p/DXgjNKaDO2r/,https://www.instagram.com/p/DXgjNKaDO2r/?comment_id=18082649687624933,scraping_instagram,hunbiiii,Gaguna banget kocag
17871152367664722,2026-04-25T15:40:41+00:00,2,https://www.instagram.com/p/DXgjNKaDO2r/,https://www.instagram.com/p/DXgjNKaDO2r/?comment_id=17871152367664722,scraping_instagram,zulian_arif,Yg Laen penghematan yg ini jor joran😂
18135321571549308,2026-04-26T06:58:26+00:00,9,https://www.instagram.com/p/DXgjNKaDO2r/,https://www.instagram.com/p/DXgjNKaDO2r/?comment_id=18135321571549308,scraping_instagram,seminar.kedokteran,Aplikasi manaa aplikasi 550 miliarr tapi ga keliatan aplikasinya ??? @official.kpk
18082619984234642,2026-05-04T02:56:25+00:00,1,https://www.instagram.com/p/DXgjNKaDO2r/,https://www.instagram.com/p/DXgjNKaDO2r/?comment_id=18082619984234642,scraping_instagram,rianazhu28,Dari mana duitnya???
18079469105275364,2026-04-26T09:47:03+00:00,2,https://www.instagram.com/p/DXgjNKaDO2r/,https://www.instagram.com/p/DXgjNKaDO2r/?comment_id=18079469105275364,scraping_instagram,sayutinicola,Yg bikin meukeu sakit kepala adlh kementerian MBG
18103684216743755,2026-04-24T10:32:32+00:00,256,https://www.instagram.com/p/DXgjNKaDO2r/,https://www.instagram.com/p/DXgjNKaDO2r/?comment_id=18103684216743755,scraping_instagram,arifinsb,Jangan diam saja  @official.kpk ingat Anda disumpah dibawah Kitab Suci dan atas nama Allah demi BANGSA & NEGARA !!
17856830517636286,2026-04-25T06:27:12+00:00,71,https://www.instagram.com/p/DXgjNKaDO2r/,https://www.instagram.com/p/DXgjNKaDO2r/?comment_id=17856830517636286,scraping_instagram,m.firmanpradana,Kaos kaki? Semir sepatu? Buat apa anjir
18080877065547568,2026-04-24T09:05:15+00:00,4,https://www.instagram.com/p/DXgjNKaDO2r/,https://www.instagram.com/p/DXgjNKaDO2r/?comment_id=18080877065547568,scraping_instagram,bomafikri,Belum termasuk Jasa IT sama Sewa Zoom
18102675701481083,2026-04-24T09:30:18+00:00,2,https://www.instagram.com/p/DXgjNKaDO2r/,https://www.instagram.com/p/DXgjNKaDO2r/?comment_id=18102675701481083,scraping_instagram,hilmylm11,Min mual
18438267322141237,2026-04-24T09:11:09+00:00,5,https://www.instagram.com/p/DXgjNKaDO2r/,https://www.instagram.com/p/DXgjNKaDO2r/?comment_id=18438267322141237,scraping_instagram,khairulakbar,Tombol wajar dolar lagi tinggi 😂 -->
17924957349298704,2026-04-25T23:23:02+00:00,1,https://www.instagram.com/p/DXgjNKaDO2r/,https://www.instagram.com/p/DXgjNKaDO2r/?comment_id=17924957349298704,scraping_instagram,badru_solihi,@official.kpk
17883029148398085,2026-04-25T16:02:50+00:00,2,https://www.instagram.com/p/DXgjNKaDO2r/,https://www.instagram.com/p/DXgjNKaDO2r/?comment_id=17883029148398085,scraping_instagram,mr.naisse,Sintingggggg
18193186831363323,2026-04-25T14:10:23+00:00,3,https://www.instagram.com/p/DXgjNKaDO2r/,https://www.instagram.com/p/DXgjNKaDO2r/?comment_id=18193186831363323,scraping_instagram,minariasamarinda,Parah
17895116391307114,2026-04-26T05:12:12+00:00,1,https://www.instagram.com/p/DXgjNKaDO2r/,https://www.instagram.com/p/DXgjNKaDO2r/?comment_id=17895116391307114,scraping_instagram,rasiaawty,Astaghfirullah
18000595271916243,2026-04-25T12:40:01+00:00,2,https://www.instagram.com/p/DXgjNKaDO2r/,https://www.instagram.com/p/DXgjNKaDO2r/?comment_id=18000595271916243,scraping_instagram,yogii.k07,@wiwit_eko
17942244441194126,2026-04-26T01:21:27+00:00,2,https://www.instagram.com/p/DXgjNKaDO2r/,https://www.instagram.com/p/DXgjNKaDO2r/?comment_id=17942244441194126,scraping_instagram,raditsx2,Kira2 masuk neraka jahanam ga ya ?
18102033851287201,2026-04-28T07:36:47+00:00,1,https://www.instagram.com/p/DXgjNKaDO2r/,https://www.instagram.com/p/DXgjNKaDO2r/?comment_id=18102033851287201,scraping_instagram,naufaldowank,Betapa seramnya hisab @badangizinasional.ri di akhirat nanti
18047623838762390,2026-04-26T04:25:36+00:00,1,https://www.instagram.com/p/DXgjNKaDO2r/,https://www.instagram.com/p/DXgjNKaDO2r/?comment_id=18047623838762390,scraping_instagram,abde_full,Ini maling jangan di biarkan KPK
18208401490329258,2026-04-26T01:44:48+00:00,1,https://www.instagram.com/p/DXgjNKaDO2r/,https://www.instagram.com/p/DXgjNKaDO2r/?comment_id=18208401490329258,scraping_instagram,riz.nendy,Dasar dadan anjing botak tolol anak pelacur najis tidak berotak
18518225164073337,2026-04-25T13:47:31+00:00,2,https://www.instagram.com/p/DXgjNKaDO2r/,https://www.instagram.com/p/DXgjNKaDO2r/?comment_id=18518225164073337,scraping_instagram,mr_smile_officially,Untungnya mayoritas rakyat rakyatnya pengecut
17912592687184309,2026-04-26T02:25:01+00:00,1,https://www.instagram.com/p/DXgjNKaDO2r/,https://www.instagram.com/p/DXgjNKaDO2r/?comment_id=17912592687184309,scraping_instagram,tito_marwanto,😂😂😂
17983093823995792,2026-04-25T15:49:22+00:00,1,https://www.instagram.com/p/DXgjNKaDO2r/,https://www.instagram.com/p/DXgjNKaDO2r/?comment_id=17983093823995792,scraping_instagram,andrisumantrii,Da
18460298911107212,2026-04-26T03:13:19+00:00,1,https://www.instagram.com/p/DXgjNKaDO2r/,https://www.instagram.com/p/DXgjNKaDO2r/?comment_id=18460298911107212,scraping_instagram,andi_journeeey,@official.kpk @kejaksaan.ri @bpkriofficial @ppatk_indonesia kalian
18118962649656216,2026-04-25T15:37:55+00:00,1,https://www.instagram.com/p/DXgjNKaDO2r/,https://www.instagram.com/p/DXgjNKaDO2r/?comment_id=18118962649656216,scraping_instagram,cesariobudip,Pengadaan mengada2
18080251004131246,2026-04-26T01:09:32+00:00,1,https://www.instagram.com/p/DXgjNKaDO2r/,https://www.instagram.com/p/DXgjNKaDO2r/?comment_id=18080251004131246,scraping_instagram,wayan_jangki,Duit kalau bukan dr dompet sendiri otak selalu ga prnh dipake
18045013082543536,2026-04-25T15:36:55+00:00,1,https://www.instagram.com/p/DXgjNKaDO2r/,https://www.instagram.com/p/DXgjNKaDO2r/?comment_id=18045013082543536,scraping_instagram,fatimahway_,Bener bener seterang itu ngelakuin dosanya 😢
18089270951223216,2026-04-25T13:19:54+00:00,2,https://www.instagram.com/p/DXgjNKaDO2r/,https://www.instagram.com/p/DXgjNKaDO2r/?comment_id=18089270951223216,scraping_instagram,rikyrranda,Pen muntah ngeliat si botak satu ini 🤮
17986124420971788,2026-04-25T22:02:15+00:00,1,https://www.instagram.com/p/DXgjNKaDO2r/,https://www.instagram.com/p/DXgjNKaDO2r/?comment_id=17986124420971788,scraping_instagram,yusuftyar,Belum rumah subsidi
18094692179132293,2026-04-26T07:02:52+00:00,1,https://www.instagram.com/p/DXgjNKaDO2r/,https://www.instagram.com/p/DXgjNKaDO2r/?comment_id=18094692179132293,scraping_instagram,choperblues,KA O EN TE O EL utk ni orang!!!
18101327750511803,2026-04-26T01:24:58+00:00,1,https://www.instagram.com/p/DXgjNKaDO2r/,https://www.instagram.com/p/DXgjNKaDO2r/?comment_id=18101327750511803,scraping_instagram,saegaleri,Usut @official.kpk
17886072981483244,2026-04-25T12:41:55+00:00,2,https://www.instagram.com/p/DXgjNKaDO2r/,https://www.instagram.com/p/DXgjNKaDO2r/?comment_id=17886072981483244,scraping_instagram,pambudiwaskito,RAJA HERODES
17876315898589423,2026-04-26T06:39:35+00:00,1,https://www.instagram.com/p/DXgjNKaDO2r/,https://www.instagram.com/p/DXgjNKaDO2r/?comment_id=17876315898589423,scraping_instagram,aangdoangg,👏👏👏👏
18021828542824316,2026-04-25T17:03:16+00:00,1,https://www.instagram.com/p/DXgjNKaDO2r/,https://www.instagram.com/p/DXgjNKaDO2r/?comment_id=18021828542824316,scraping_instagram,jeffsindhu,Pantes sisa 120 T apbn negara dolar udh 17300 kacauu
18102248650988704,2026-04-26T06:42:10+00:00,1,https://www.instagram.com/p/DXgjNKaDO2r/,https://www.instagram.com/p/DXgjNKaDO2r/?comment_id=18102248650988704,scraping_instagram,secondhand3380,Laporkan ke kpk aja ini program nya makan bergizi gratis untuk anak2 bukan untuk kepala sppg knp dana untuk anak2  diperuntukkan untuk yg lain
18116962408707426,2026-04-26T03:14:16+00:00,1,https://www.instagram.com/p/DXgjNKaDO2r/,https://www.instagram.com/p/DXgjNKaDO2r/?comment_id=18116962408707426,scraping_instagram,budihermanto444,Menyala Abangku sampe kering habis 😂😂🔥🔥
18108701803881347,2026-04-26T01:10:35+00:00,1,https://www.instagram.com/p/DXgjNKaDO2r/,https://www.instagram.com/p/DXgjNKaDO2r/?comment_id=18108701803881347,scraping_instagram,fahmiazhaa__,😢
18078179372163870,2026-04-25T14:54:15+00:00,1,https://www.instagram.com/p/DXgjNKaDO2r/,https://www.instagram.com/p/DXgjNKaDO2r/?comment_id=18078179372163870,scraping_instagram,annasekaa,"Bukan efisien, tapi pengalihan anggaran ke MBG besar²an"
17999277575755403,2026-04-25T17:21:58+00:00,1,https://www.instagram.com/p/DXgjNKaDO2r/,https://www.instagram.com/p/DXgjNKaDO2r/?comment_id=17999277575755403,scraping_instagram,niea.lain09,Males banget bayar pajak cuma buat biayain MBG yg ga jelas juntrungannya
18018125810824292,2026-04-26T04:48:19+00:00,1,https://www.instagram.com/p/DXgjNKaDO2r/,https://www.instagram.com/p/DXgjNKaDO2r/?comment_id=18018125810824292,scraping_instagram,putu.aristajaya,Bagaimana investor asing tidak kabur jika APBN dihambur-hamburkan untuk program seperti ini.
18081469310531846,2026-04-26T02:12:06+00:00,1,https://www.instagram.com/p/DXgjNKaDO2r/,https://www.instagram.com/p/DXgjNKaDO2r/?comment_id=18081469310531846,scraping_instagram,audinasoraya,Berikanlah Azab untuk mwreka yang zolim
17960509209114435,2026-04-25T22:01:28+00:00,1,https://www.instagram.com/p/DXgjNKaDO2r/,https://www.instagram.com/p/DXgjNKaDO2r/?comment_id=17960509209114435,scraping_instagram,yusuftyar,Semua itu hanya kejar target dengan alokasi anggaran dari pemerintah biar gak sisa jadi tahun depan bisa d tambah anggaran yah🔥emang harus segera d sumpel tanah tuh mulut 🔥
17866197486616715,2026-04-26T01:35:58+00:00,1,https://www.instagram.com/p/DXgjNKaDO2r/,https://www.instagram.com/p/DXgjNKaDO2r/?comment_id=17866197486616715,scraping_instagram,prayogarulid,Efisiensi omon-omon
18128998027598084,2026-04-26T05:02:00+00:00,1,https://www.instagram.com/p/DXgjNKaDO2r/,https://www.instagram.com/p/DXgjNKaDO2r/?comment_id=18128998027598084,scraping_instagram,orahilifau,MiLord Falcon memang tiada duanya 😂
18113512135696695,2026-04-25T22:40:43+00:00,1,https://www.instagram.com/p/DXgjNKaDO2r/,https://www.instagram.com/p/DXgjNKaDO2r/?comment_id=18113512135696695,scraping_instagram,nhdyt35,🐒
17984727332812859,2026-04-25T12:52:33+00:00,2,https://www.instagram.com/p/DXgjNKaDO2r/,https://www.instagram.com/p/DXgjNKaDO2r/?comment_id=17984727332812859,scraping_instagram,mbayupw14,
17957599254120500,2026-04-26T02:59:36+00:00,1,https://www.instagram.com/p/DXgjNKaDO2r/,https://www.instagram.com/p/DXgjNKaDO2r/?comment_id=17957599254120500,scraping_instagram,desri.4297,#efisiensi katanya
17959512597096558,2026-04-26T02:13:42+00:00,1,https://www.instagram.com/p/DXgjNKaDO2r/,https://www.instagram.com/p/DXgjNKaDO2r/?comment_id=17959512597096558,scraping_instagram,satriaakbarw,Dadan iki kok iso di pilih dadi kepala BGN biyen pie ceritane
17998588481934073,2026-04-26T02:48:20+00:00,1,https://www.instagram.com/p/DXgjNKaDO2r/,https://www.instagram.com/p/DXgjNKaDO2r/?comment_id=17998588481934073,scraping_instagram,ridomuhammaddd,@prabowo
18443807875112894,2026-04-25T14:52:57+00:00,1,https://www.instagram.com/p/DXgjNKaDO2r/,https://www.instagram.com/p/DXgjNKaDO2r/?comment_id=18443807875112894,scraping_instagram,saltyliquid99,"Aseeeekk yang oenting dapet proyek, anggaran keluar"
18069635735422205,2026-04-26T05:55:35+00:00,1,https://www.instagram.com/p/DXgjNKaDO2r/,https://www.instagram.com/p/DXgjNKaDO2r/?comment_id=18069635735422205,scraping_instagram,gong_soe,Sialnya Prabowo belagak blo'on bin bego
18079958699530159,2026-04-25T20:07:05+00:00,1,https://www.instagram.com/p/DXgjNKaDO2r/,https://www.instagram.com/p/DXgjNKaDO2r/?comment_id=18079958699530159,scraping_instagram,aditya_tetsuya48,"Jgn lupa langgan zoom meeting dari April sampe Desember 5,7 M 😂😂😂😂"
18100010639005726,2026-04-26T04:04:03+00:00,1,https://www.instagram.com/p/DXgjNKaDO2r/,https://www.instagram.com/p/DXgjNKaDO2r/?comment_id=18100010639005726,scraping_instagram,tw_222,💩
17906982174224531,2026-04-25T16:52:04+00:00,1,https://www.instagram.com/p/DXgjNKaDO2r/,https://www.instagram.com/p/DXgjNKaDO2r/?comment_id=17906982174224531,scraping_instagram,e.s.a_studio,"Jangan di hujat yaaaa, ini orang kesayangan presiden, habis ini dapet penghargaan lagi"
18114153640773709,2026-04-26T02:42:43+00:00,1,https://www.instagram.com/p/DXgjNKaDO2r/,https://www.instagram.com/p/DXgjNKaDO2r/?comment_id=18114153640773709,scraping_instagram,sinyofit,Dancuk
18080525096411797,2026-04-26T11:27:31+00:00,1,https://www.instagram.com/p/DXgjNKaDO2r/,https://www.instagram.com/p/DXgjNKaDO2r/?comment_id=18080525096411797,scraping_instagram,fvrizmazh,Melek dikit soal kaya gini bisa kah kalian? @prabowo @gibran_rakabuming @official.kpk @kejaksaan.ri
17924028342298812,2026-04-26T03:12:36+00:00,1,https://www.instagram.com/p/DXgjNKaDO2r/,https://www.instagram.com/p/DXgjNKaDO2r/?comment_id=17924028342298812,scraping_instagram,papahalfathsyafarel,Otak bisnis
18108879311505270,2026-04-26T01:23:29+00:00,1,https://www.instagram.com/p/DXgjNKaDO2r/,https://www.instagram.com/p/DXgjNKaDO2r/?comment_id=18108879311505270,scraping_instagram,ibukhorii,Ini yang dimaksud bergizi kata dadan @fiqi.shafar
18123985033715088,2026-04-25T22:48:33+00:00,1,https://www.instagram.com/p/DXgjNKaDO2r/,https://www.instagram.com/p/DXgjNKaDO2r/?comment_id=18123985033715088,scraping_instagram,kausar98_,Capek kali liat sibotak ini korupsi terang2an tapi gakda kenak apa2🗿
17856590856638150,2026-04-26T01:06:43+00:00,1,https://www.instagram.com/p/DXgjNKaDO2r/,https://www.instagram.com/p/DXgjNKaDO2r/?comment_id=17856590856638150,scraping_instagram,reyrian___,
18081754532626416,2026-04-25T15:19:33+00:00,1,https://www.instagram.com/p/DXgjNKaDO2r/,https://www.instagram.com/p/DXgjNKaDO2r/?comment_id=18081754532626416,scraping_instagram,agilsirozi_,Setres
18106935682911442,2026-04-26T04:11:27+00:00,1,https://www.instagram.com/p/DXgjNKaDO2r/,https://www.instagram.com/p/DXgjNKaDO2r/?comment_id=18106935682911442,scraping_instagram,moogli90,"Apa gak mikir tanggung jawab akhiratnya gmn,"
18590894959057483,2026-04-26T06:33:42+00:00,1,https://www.instagram.com/p/DXgjNKaDO2r/,https://www.instagram.com/p/DXgjNKaDO2r/?comment_id=18590894959057483,scraping_instagram,sariak_farm,Efisiensi itu hanya memindahkan..dari menyetop/mengurangi proyekan rezim lama berganti dgn pemborosan proyek rezim berkuasa
18107748742909067,2026-04-26T07:55:46+00:00,1,https://www.instagram.com/p/DXgjNKaDO2r/,https://www.instagram.com/p/DXgjNKaDO2r/?comment_id=18107748742909067,scraping_instagram,indri_davina,"Astaga sendok bebek plastik harga sampe ratusan miliar,"
17875986744589670,2026-04-26T00:50:50+00:00,1,https://www.instagram.com/p/DXgjNKaDO2r/,https://www.instagram.com/p/DXgjNKaDO2r/?comment_id=17875986744589670,scraping_instagram,pilot.gundam,@official.kpk kapan gerak?
18065477339352555,2026-04-25T16:13:27+00:00,1,https://www.instagram.com/p/DXgjNKaDO2r/,https://www.instagram.com/p/DXgjNKaDO2r/?comment_id=18065477339352555,scraping_instagram,personadellaluna,Udah muak muka dia lewat mulu
17993812010779365,2026-04-26T04:43:08+00:00,1,https://www.instagram.com/p/DXgjNKaDO2r/,https://www.instagram.com/p/DXgjNKaDO2r/?comment_id=17993812010779365,scraping_instagram,mariorai__,"udah terang2an tapi. yahsudahlahh. mau segimana pun diprotes, Program ini akan tetap jalan setiap hari. ingat setiap hari yah, setiap hari pemerintah menghabiskan triliunan rupiah, belum program² pembelian ini semua."
18098724260317965,2026-04-26T06:21:00+00:00,1,https://www.instagram.com/p/DXgjNKaDO2r/,https://www.instagram.com/p/DXgjNKaDO2r/?comment_id=18098724260317965,scraping_instagram,yudistira_christianto,Semua pengeluaran tidak ada kaitannya dengan gizi
17890891944474218,2026-05-21T02:48:15+00:00,0,https://www.instagram.com/p/DXgjNKaDO2r/,https://www.instagram.com/p/DXgjNKaDO2r/?comment_id=17890891944474218,scraping_instagram,sonny_aprias,"Pak @prabowo Tolong Anggaran BGN diberikan untuk yg membutuhkan saja, tiap orang tua murid harus buat pernyataan mau menerima MBG atau tidak untuk anaknya, supaya Anggaran Negara tidak Mubazir, serta pastikan pengawasannya supaya makanan benar2x sehat, bergizi, dan tidak ada siapapun yg menyalahgunakan Anggaran. Satu lagi, untuk pembelian bahan baku MBG mohon dipastikan diperoleh secara langsung dari Masyarakat kecil agar kehidupan mereka bisa naik kelas, jangan diberikan kepada cukong2x sembako/Lauk Pauk."
18103286024117255,2026-05-14T12:08:05+00:00,0,https://www.instagram.com/p/DXgjNKaDO2r/,https://www.instagram.com/p/DXgjNKaDO2r/?comment_id=18103286024117255,scraping_instagram,agushidayat_25,"@prabowo @presidenrepublikindonesia program gini doang ngabisin ratusan triliun, 3 3 tahun lgi bisa2 udah nyampe quadriliun.."
18159625414453314,2026-05-14T09:02:26+00:00,0,https://www.instagram.com/p/DXgjNKaDO2r/,https://www.instagram.com/p/DXgjNKaDO2r/?comment_id=18159625414453314,scraping_instagram,edukasi_ina,Ga ada faedah buat rakyat banyak @prabowo @gibran_rakabuming
18351291439243905,2026-05-14T06:13:20+00:00,0,https://www.instagram.com/p/DXgjNKaDO2r/,https://www.instagram.com/p/DXgjNKaDO2r/?comment_id=18351291439243905,scraping_instagram,adeliaut,"rakyat ""merugikan"" negara, rakyat dihukum. negara ""merugikan"" rakyat, rakyat dihukum."
18176822797396480,2026-05-14T04:18:12+00:00,0,https://www.instagram.com/p/DXgjNKaDO2r/,https://www.instagram.com/p/DXgjNKaDO2r/?comment_id=18176822797396480,scraping_instagram,dinaagustina__,Dzolimmmmm
17947637882998094,2026-05-13T00:55:36+00:00,0,https://www.instagram.com/p/DXgjNKaDO2r/,https://www.instagram.com/p/DXgjNKaDO2r/?comment_id=17947637882998094,scraping_instagram,yudhatyk,Punten Pak @prabowo
18117277672667766,2026-05-11T03:35:20+00:00,0,https://www.instagram.com/p/DXgjNKaDO2r/,https://www.instagram.com/p/DXgjNKaDO2r/?comment_id=18117277672667766,scraping_instagram,putra_jaya2000,"Prabowo dalam Nota Keuangan RAPBN 2026 menegaskan komitmennya: anggaran pendidikan Rp757,8 triliun — terbesar sepanjang sejarah NKRI — sesuai amanat konstitusi 20 persen. Dari renovasi 70.000 sekolah hingga beasiswa untuk 22 juta siswa, inilah era di mana pendidikan mendapat perhatian paling serius. Apakah ini bukti pemerintah anti-rakyat pintar?"
18103650754949134,2026-05-10T15:51:46+00:00,0,https://www.instagram.com/p/DXgjNKaDO2r/,https://www.instagram.com/p/DXgjNKaDO2r/?comment_id=18103650754949134,scraping_instagram,harys_photography,Negara macam apa ini???
17937902649229267,2026-05-09T09:14:44+00:00,0,https://www.instagram.com/p/DXgjNKaDO2r/,https://www.instagram.com/p/DXgjNKaDO2r/?comment_id=17937902649229267,scraping_instagram,dbfl_95,CEPAT TAUBATLAH KAU PAK SEBELUM DICABUT. CABUT APANYA KEK
18209233231332861,2026-05-09T07:30:47+00:00,0,https://www.instagram.com/p/DXgjNKaDO2r/,https://www.instagram.com/p/DXgjNKaDO2r/?comment_id=18209233231332861,scraping_instagram,rahayu_abbe,😢
17888239413524666,2026-05-09T02:14:12+00:00,0,https://www.instagram.com/p/DXgjNKaDO2r/,https://www.instagram.com/p/DXgjNKaDO2r/?comment_id=17888239413524666,scraping_instagram,miqyho,Kpk tutup kuping sekarang krn sdh tdk ada taring dan ikut bermain jg
18375732364206623,2026-05-09T01:28:37+00:00,0,https://www.instagram.com/p/DXgjNKaDO2r/,https://www.instagram.com/p/DXgjNKaDO2r/?comment_id=18375732364206623,scraping_instagram,_agungbudiraharjo,Mau kaget tapi ini indonesia 😂😂 korupsi terang terangan tapi aman aman aja . Menyala ga tuh sih botak
18109123231930132,2026-05-08T08:15:44+00:00,0,https://www.instagram.com/p/DXgjNKaDO2r/,https://www.instagram.com/p/DXgjNKaDO2r/?comment_id=18109123231930132,scraping_instagram,ansoriadnan92,Kan semua efisiensi demi ini 🔥
17960629607942669,2026-05-08T07:07:14+00:00,0,https://www.instagram.com/p/DXgjNKaDO2r/,https://www.instagram.com/p/DXgjNKaDO2r/?comment_id=17960629607942669,scraping_instagram,keluargadonodini,Idollaaaahhhh.... Pemberani tanpa perlu sembunyi sembunyi semua anggaran jumbo transparan 😂😂😂😂.
18090114503192980,2026-05-08T03:04:51+00:00,0,https://www.instagram.com/p/DXgjNKaDO2r/,https://www.instagram.com/p/DXgjNKaDO2r/?comment_id=18090114503192980,scraping_instagram,uyongharyanto,"MBG HANYA KONSUMSI, BUKAN INVESTASI, PEMBOHONGAN PUBLIK."
18079951232389306,2026-05-08T01:14:28+00:00,0,https://www.instagram.com/p/DXgjNKaDO2r/,https://www.instagram.com/p/DXgjNKaDO2r/?comment_id=18079951232389306,scraping_instagram,dendhimaz,"Iket pinggang,  handuk, semir sepatu+sikat, sendok Bebek, kaos kaki. Itu semua gak ada di sppg. Temen gua kerja di sppg dari awal buka. Dan emng ga ada itu brang sampe ke sppg nya. Sama sekali gak ada. Karena di sppg wajibnya pake sendal kodok. Jangan kan begitu. Seragam harian aja, banyak yg belom dapet katanya. Hampir tiap hari nasi dan kondimen tertentu itu masih banyak yg sisa. Paling parah katanya pernah 2 bakul nasi sisa lebihan porsian Kebuang."
18114139015695031,2026-05-08T00:35:03+00:00,0,https://www.instagram.com/p/DXgjNKaDO2r/,https://www.instagram.com/p/DXgjNKaDO2r/?comment_id=18114139015695031,scraping_instagram,zikriaa_budiman,KURANG ITU dia MAU beli mesin absensi lagi 😂😂
18405781243151706,2026-05-08T00:31:50+00:00,0,https://www.instagram.com/p/DXgjNKaDO2r/,https://www.instagram.com/p/DXgjNKaDO2r/?comment_id=18405781243151706,scraping_instagram,udahsantaimawon,2030 Indonesia.......?????😂
18012597446699018,2026-05-08T00:31:35+00:00,0,https://www.instagram.com/p/DXgjNKaDO2r/,https://www.instagram.com/p/DXgjNKaDO2r/?comment_id=18012597446699018,scraping_instagram,udahsantaimawon,😂
17891119269467974,2026-05-07T22:14:22+00:00,0,https://www.instagram.com/p/DXgjNKaDO2r/,https://www.instagram.com/p/DXgjNKaDO2r/?comment_id=17891119269467974,scraping_instagram,kurniawancahyo602,N4ji z nye
18008484464706954,2026-05-07T19:13:27+00:00,0,https://www.instagram.com/p/DXgjNKaDO2r/,https://www.instagram.com/p/DXgjNKaDO2r/?comment_id=18008484464706954,scraping_instagram,yanzendesigner,Sini gwe teb4s tuh😂
18085580282622401,2026-05-07T15:53:18+00:00,0,https://www.instagram.com/p/DXgjNKaDO2r/,https://www.instagram.com/p/DXgjNKaDO2r/?comment_id=18085580282622401,scraping_instagram,alinannayaa,@official.kpk saya sebagai tuan putri meminta untuk periksa sigendut itu
18135289201533467,2026-05-07T07:44:47+00:00,0,https://www.instagram.com/p/DXgjNKaDO2r/,https://www.instagram.com/p/DXgjNKaDO2r/?comment_id=18135289201533467,scraping_instagram,ahendrikurniawan,Bapak ini kok dipercaya😂😂😂😂
17863680138564992,2026-05-07T05:49:59+00:00,0,https://www.instagram.com/p/DXgjNKaDO2r/,https://www.instagram.com/p/DXgjNKaDO2r/?comment_id=17863680138564992,scraping_instagram,enung_rosmarawati,"Bukan emosi lg muak, cukup 1 jangan salah pilih"
18068290079662672,2026-05-07T04:24:26+00:00,0,https://www.instagram.com/p/DXgjNKaDO2r/,https://www.instagram.com/p/DXgjNKaDO2r/?comment_id=18068290079662672,scraping_instagram,ryanstephanus,"Musim dipimpin mafia, udah dari dulu sih, tapi kali ini yang paling brutal"
18082649687624933,2026-05-07T02:51:24+00:00,1,https://www.instagram.com/p/DXgjNKaDO2r/,https://www.instagram.com/p/DXgjNKaDO2r/?comment_id=18082649687624933,scraping_instagram,hunbiiii,Gaguna banget kocag
17974310088040806,2026-05-07T01:10:17+00:00,0,https://www.instagram.com/p/DXgjNKaDO2r/,https://www.instagram.com/p/DXgjNKaDO2r/?comment_id=17974310088040806,scraping_instagram,official.atjehcigars,Yg penting cuan…!! Semua manusia otaknya dirancang buat dapat cuan…manusia mana yg kgk mau dapat cuan? Itu bukan salah mereka😄😄mereka hny mencari cuan…
18067307051491742,2026-05-07T01:09:56+00:00,0,https://www.instagram.com/p/DXgjNKaDO2r/,https://www.instagram.com/p/DXgjNKaDO2r/?comment_id=18067307051491742,scraping_instagram,akhirsaptari,Semoga kau dan seluruh keturunanmu tidak pernah merasakan kehidupan tenang wahai para koruptor
18120358162643621,2026-05-07T00:26:56+00:00,0,https://www.instagram.com/p/DXgjNKaDO2r/,https://www.instagram.com/p/DXgjNKaDO2r/?comment_id=18120358162643621,scraping_instagram,yyudis606,Lahan basah MBG
18066366947695185,2026-05-06T17:42:09+00:00,0,https://www.instagram.com/p/DXgjNKaDO2r/,https://www.instagram.com/p/DXgjNKaDO2r/?comment_id=18066366947695185,scraping_instagram,budy2289,👎👎👎
17923867314301051,2026-05-06T13:11:03+00:00,0,https://www.instagram.com/p/DXgjNKaDO2r/,https://www.instagram.com/p/DXgjNKaDO2r/?comment_id=17923867314301051,scraping_instagram,hila_0806,Fix program un faedah....
17936429130234397,2026-05-06T13:02:19+00:00,0,https://www.instagram.com/p/DXgjNKaDO2r/,https://www.instagram.com/p/DXgjNKaDO2r/?comment_id=17936429130234397,scraping_instagram,alpi99s,Sendok bebek 102M...ga skalian aja buka pabriknya
18084290345378869,2026-05-06T05:51:50+00:00,0,https://www.instagram.com/p/DXgjNKaDO2r/,https://www.instagram.com/p/DXgjNKaDO2r/?comment_id=18084290345378869,scraping_instagram,pitaharrynta,"Skalian aja gk tu beliin rumah dinas, perjalanan umroh n haji, tunjngan keluarga, skalian beliin lahan pemakaman, kain kafan, skalian jgn lupa, ditunjang2 semua pake duit negara"
17964394017076805,2026-05-06T03:46:10+00:00,0,https://www.instagram.com/p/DXgjNKaDO2r/,https://www.instagram.com/p/DXgjNKaDO2r/?comment_id=17964394017076805,scraping_instagram,krismawankiki,Sangat membagongkan.😂😂😂😂😂😂😂😂😂
17936675085229156,2026-05-06T03:19:41+00:00,0,https://www.instagram.com/p/DXgjNKaDO2r/,https://www.instagram.com/p/DXgjNKaDO2r/?comment_id=17936675085229156,scraping_instagram,bgswsno,Percuma org @official.kpk  di bungkam susahhh udah isinya ga independen
18106020010757631,2026-05-06T02:23:53+00:00,0,https://www.instagram.com/p/DXgjNKaDO2r/,https://www.instagram.com/p/DXgjNKaDO2r/?comment_id=18106020010757631,scraping_instagram,ervyseptiana,"Luar biasa, hambur hamburkan uang negara 👏🙂"
17860912584629667,2026-05-06T00:54:22+00:00,0,https://www.instagram.com/p/DXgjNKaDO2r/,https://www.instagram.com/p/DXgjNKaDO2r/?comment_id=17860912584629667,scraping_instagram,88yoreli,
17887258152378891,2026-05-06T00:42:01+00:00,0,https://www.instagram.com/p/DXgjNKaDO2r/,https://www.instagram.com/p/DXgjNKaDO2r/?comment_id=17887258152378891,scraping_instagram,cakdaggur,Kapan lho matinya
18113588212834932,2026-05-06T00:25:54+00:00,0,https://www.instagram.com/p/DXgjNKaDO2r/,https://www.instagram.com/p/DXgjNKaDO2r/?comment_id=18113588212834932,scraping_instagram,iriantoharol,@official.kpk gak ada niat/ penasaran kah dengan sosok ini??
18115519495704896,2026-05-05T16:50:09+00:00,0,https://www.instagram.com/p/DXgjNKaDO2r/,https://www.instagram.com/p/DXgjNKaDO2r/?comment_id=18115519495704896,scraping_instagram,djoko_mulyono21,
18122389723724126,2026-05-05T15:47:05+00:00,0,https://www.instagram.com/p/DXgjNKaDO2r/,https://www.instagram.com/p/DXgjNKaDO2r/?comment_id=18122389723724126,scraping_instagram,tunanetra_s3,Senyumnya sumringah bgt pak.
18010412387897795,2026-05-05T15:24:59+00:00,0,https://www.instagram.com/p/DXgjNKaDO2r/,https://www.instagram.com/p/DXgjNKaDO2r/?comment_id=18010412387897795,scraping_instagram,muhrahmath46,Gafahaaam lagi
18023977382821635,2026-05-05T14:17:45+00:00,0,https://www.instagram.com/p/DXgjNKaDO2r/,https://www.instagram.com/p/DXgjNKaDO2r/?comment_id=18023977382821635,scraping_instagram,bramz_mangkubumi,"Kasian uang pajak buat dihambur2kan, rakyat di butuhkan kalau pemilu saja"
17960567124119344,2026-05-05T08:23:49+00:00,0,https://www.instagram.com/p/DXgjNKaDO2r/,https://www.instagram.com/p/DXgjNKaDO2r/?comment_id=17960567124119344,scraping_instagram,fach6969,Muke korup
18198452344359126,2026-05-05T08:11:58+00:00,0,https://www.instagram.com/p/DXgjNKaDO2r/,https://www.instagram.com/p/DXgjNKaDO2r/?comment_id=18198452344359126,scraping_instagram,iwparka,😈💩👹 hanya 8471N6@N
17913540366380347,2026-05-05T06:06:28+00:00,0,https://www.instagram.com/p/DXgjNKaDO2r/,https://www.instagram.com/p/DXgjNKaDO2r/?comment_id=17913540366380347,scraping_instagram,mol_ins97,Tablet 500 m lubisa beli kapal pesiar njir
17925278952292828,2026-05-05T02:18:59+00:00,0,https://www.instagram.com/p/DXgjNKaDO2r/,https://www.instagram.com/p/DXgjNKaDO2r/?comment_id=17925278952292828,scraping_instagram,ageng_feri,istigfar pak @prabowo
17860876731629840,2026-05-05T01:22:26+00:00,0,https://www.instagram.com/p/DXgjNKaDO2r/,https://www.instagram.com/p/DXgjNKaDO2r/?comment_id=17860876731629840,scraping_instagram,adindavidia,Udh di fase eneg hoekk liat muka si dadang
18354585133215072,2026-05-05T01:15:37+00:00,0,https://www.instagram.com/p/DXgjNKaDO2r/,https://www.instagram.com/p/DXgjNKaDO2r/?comment_id=18354585133215072,scraping_instagram,chenaditya,@official.kpk
18061657739700643,2026-05-04T12:31:53+00:00,0,https://www.instagram.com/p/DXgjNKaDO2r/,https://www.instagram.com/p/DXgjNKaDO2r/?comment_id=18061657739700643,scraping_instagram,albertandrian,Pemenuhan gizi pejabat dan kerabat2nya 🔥
18323791501248334,2026-05-04T07:14:32+00:00,0,https://www.instagram.com/p/DXgjNKaDO2r/,https://www.instagram.com/p/DXgjNKaDO2r/?comment_id=18323791501248334,scraping_instagram,rika_iskan,"Kaos kaki 6,9m ??? Kaos apaan 😮saya aja beli kaos kaki 16rb dapet 6 pasang"
18073969967345744,2026-05-04T03:59:32+00:00,3,https://www.instagram.com/p/DXgjNKaDO2r/,https://www.instagram.com/p/DXgjNKaDO2r/?comment_id=18073969967345744,scraping_instagram,febrian282,Yg jadi makanan ga sampe 10% nya 😂
18082619984234642,2026-05-04T02:56:25+00:00,1,https://www.instagram.com/p/DXgjNKaDO2r/,https://www.instagram.com/p/DXgjNKaDO2r/?comment_id=18082619984234642,scraping_instagram,rianazhu28,Dari mana duitnya???
18004565228733315,2026-05-03T20:07:25+00:00,0,https://www.instagram.com/p/DXgjNKaDO2r/,https://www.instagram.com/p/DXgjNKaDO2r/?comment_id=18004565228733315,scraping_instagram,dejavuuu22,Benar2 drama indonesia rakyat suruh menanggung akibatnya
17975066919001003,2026-05-03T12:51:57+00:00,0,https://www.instagram.com/p/DXgjNKaDO2r/,https://www.instagram.com/p/DXgjNKaDO2r/?comment_id=17975066919001003,scraping_instagram,milanmauleta,Botak
17893446003454034,2026-05-03T07:36:35+00:00,0,https://www.instagram.com/p/DXgjNKaDO2r/,https://www.instagram.com/p/DXgjNKaDO2r/?comment_id=17893446003454034,scraping_instagram,rizzardof0z,BGN N nya NYAYUR
18094934039132617,2026-05-03T05:26:05+00:00,0,https://www.instagram.com/p/DXgjNKaDO2r/,https://www.instagram.com/p/DXgjNKaDO2r/?comment_id=18094934039132617,scraping_instagram,gilanx_sapoetra,@official.kpk apa kabar dgn orang ini 🔥
17963370294074566,2026-05-02T14:23:57+00:00,0,https://www.instagram.com/p/DXgjNKaDO2r/,https://www.instagram.com/p/DXgjNKaDO2r/?comment_id=17963370294074566,scraping_instagram,rezaft97,"Wkwkwkwkw gausah bayar pajak solusi udah hidup biasa"" aja wjwjwjw"
17863175970653102,2026-05-02T12:07:09+00:00,0,https://www.instagram.com/p/DXgjNKaDO2r/,https://www.instagram.com/p/DXgjNKaDO2r/?comment_id=17863175970653102,scraping_instagram,f_nasution28,EFISIENSII??? @gerindra @habiburokhmanjkttimur @presidenrepublikindonesia . Tolong dong di up perihal ini. @najwashihab @mastercorbuzier. KOK URUSAN INI KALIAN LEMBEK?? @official.kpk @kejaksaan.ri
18097747202040864,2026-05-02T07:48:16+00:00,0,https://www.instagram.com/p/DXgjNKaDO2r/,https://www.instagram.com/p/DXgjNKaDO2r/?comment_id=18097747202040864,scraping_instagram,dhanahmad95,Ngga bisa berkata2
18406320529144357,2026-05-02T03:36:59+00:00,0,https://www.instagram.com/p/DXgjNKaDO2r/,https://www.instagram.com/p/DXgjNKaDO2r/?comment_id=18406320529144357,scraping_instagram,yande_wraspana,Bapak Koruptor Indonesia.🤭🤣
17862511686684982,2026-05-02T00:31:01+00:00,0,https://www.instagram.com/p/DXgjNKaDO2r/,https://www.instagram.com/p/DXgjNKaDO2r/?comment_id=17862511686684982,scraping_instagram,ndifzh,Congrat ygy pak 👏
17977209833852910,2026-05-01T23:32:42+00:00,0,https://www.instagram.com/p/DXgjNKaDO2r/,https://www.instagram.com/p/DXgjNKaDO2r/?comment_id=17977209833852910,scraping_instagram,nana_obgyn,Astaghfirullah uang hasil pajak rakyat dihambur-hambur spt itu sungguh menyakitkan 😭💔
18066194120358252,2026-05-01T16:27:15+00:00,0,https://www.instagram.com/p/DXgjNKaDO2r/,https://www.instagram.com/p/DXgjNKaDO2r/?comment_id=18066194120358252,scraping_instagram,dulhadi_doank,Efisiensi hanya berlaku untuk rakyat. Untuk proyek dan fasilitas para pejabat syarat dan ketentuan berlaku. Giliran pajak dicekek terus sampai batas kehidupan berakhir.
17993910371949307,2026-05-01T14:57:18+00:00,0,https://www.instagram.com/p/DXgjNKaDO2r/,https://www.instagram.com/p/DXgjNKaDO2r/?comment_id=17993910371949307,scraping_instagram,babah_acans,Proyek penghancur
18065814710347931,2026-05-01T08:53:39+00:00,0,https://www.instagram.com/p/DXgjNKaDO2r/,https://www.instagram.com/p/DXgjNKaDO2r/?comment_id=18065814710347931,scraping_instagram,mufidahafni,Kenapa ini siberuk gak diganti2 apa upetinya ke junjungannya gede? Jdi dilindungi terus? Coba mana yg sepemikiran
17886969825532652,2026-05-01T07:46:59+00:00,0,https://www.instagram.com/p/DXgjNKaDO2r/,https://www.instagram.com/p/DXgjNKaDO2r/?comment_id=17886969825532652,scraping_instagram,clka07,Makin ngacooooo!!
18095261054150020,2026-05-01T04:01:23+00:00,0,https://www.instagram.com/p/DXgjNKaDO2r/,https://www.instagram.com/p/DXgjNKaDO2r/?comment_id=18095261054150020,scraping_instagram,usupsupriyadi_,beberapa serangga memang perlu dibasmi
17995692977938074,2026-05-01T01:51:45+00:00,0,https://www.instagram.com/p/DXgjNKaDO2r/,https://www.instagram.com/p/DXgjNKaDO2r/?comment_id=17995692977938074,scraping_instagram,mr_zhuangbimasaktigroup,Maling
18000341624752058,2026-05-01T00:20:10+00:00,0,https://www.instagram.com/p/DXgjNKaDO2r/,https://www.instagram.com/p/DXgjNKaDO2r/?comment_id=18000341624752058,scraping_instagram,walking.watching.id,Revolusi 🔥🔥🔥
18464030422105031,2026-04-30T23:45:28+00:00,0,https://www.instagram.com/p/DXgjNKaDO2r/,https://www.instagram.com/p/DXgjNKaDO2r/?comment_id=18464030422105031,scraping_instagram,rioputrapamungkas2017,"Rakyat suruh hemat, pejabat malah menghamburkan uang rakyat, giliran terdesak pemerintah menaikkan pajak dan menyalahkan rakyat karena tidak bisa menghemat"
17922863151311668,2026-04-30T07:12:04+00:00,0,https://www.instagram.com/p/DXgjNKaDO2r/,https://www.instagram.com/p/DXgjNKaDO2r/?comment_id=17922863151311668,scraping_instagram,_cilukba.com_,siapa dong tolong yg bisa stop program ini plis
17962834569101703,2026-04-30T07:07:18+00:00,0,https://www.instagram.com/p/DXgjNKaDO2r/,https://www.instagram.com/p/DXgjNKaDO2r/?comment_id=17962834569101703,scraping_instagram,fajrforce,Uang pajak rakyat dihamburin
18105763229312430,2026-04-30T05:01:50+00:00,0,https://www.instagram.com/p/DXgjNKaDO2r/,https://www.instagram.com/p/DXgjNKaDO2r/?comment_id=18105763229312430,scraping_instagram,ilhamuddin.pilliang,"Kepala BGN bebas gunakan anggaran apapun, jika ada yg halangi presiden dan tim segera turun tangan."
17867515113614531,2026-04-30T02:52:03+00:00,0,https://www.instagram.com/p/DXgjNKaDO2r/,https://www.instagram.com/p/DXgjNKaDO2r/?comment_id=17867515113614531,scraping_instagram,r_khaidirramadhan,PRESIDEN JANGAN TUTUP MATA AKAN HAL INI @presidenrepublikindonesia LANTAS PARTAI NYA MEMBIARKAN ? @gerindra tolong di gurindra anggaran fantastis tsb
17953876250964247,2026-04-30T01:14:11+00:00,0,https://www.instagram.com/p/DXgjNKaDO2r/,https://www.instagram.com/p/DXgjNKaDO2r/?comment_id=17953876250964247,scraping_instagram,natanaelraka_,Dadan marai geger sak Indonesia 🤮
18395307742159165,2026-04-29T16:23:20+00:00,0,https://www.instagram.com/p/DXgjNKaDO2r/,https://www.instagram.com/p/DXgjNKaDO2r/?comment_id=18395307742159165,scraping_instagram,ra.fae_lee,Hueekk mukanya jlek bet dh🤮
18131015773569449,2026-04-29T14:02:17+00:00,0,https://www.instagram.com/p/DXgjNKaDO2r/,https://www.instagram.com/p/DXgjNKaDO2r/?comment_id=18131015773569449,scraping_instagram,hayaniputri,"Atur aja lah bodok , capek ...."
17961983343081273,2026-04-29T13:18:39+00:00,2,https://www.instagram.com/p/DXgjNKaDO2r/,https://www.instagram.com/p/DXgjNKaDO2r/?comment_id=17961983343081273,scraping_instagram,charenzi_94_,Selalu mencari komenan yg ngebela ini program “TUTORIAL MENGHAMBURKAN UANG” 😂 padahal lebih baik membayar hutang yg ntah kapan lunasnya itu 😅
18078135326410460,2026-04-29T12:05:35+00:00,0,https://www.instagram.com/p/DXgjNKaDO2r/,https://www.instagram.com/p/DXgjNKaDO2r/?comment_id=18078135326410460,scraping_instagram,raplyk_,Menteri yang dapat bintang penghargaan mmang kerenn wkwk
17953206017970159,2026-04-29T09:29:44+00:00,0,https://www.instagram.com/p/DXgjNKaDO2r/,https://www.instagram.com/p/DXgjNKaDO2r/?comment_id=17953206017970159,scraping_instagram,womanthings313,Sampah banget
17964671985072190,2026-04-29T08:48:09+00:00,0,https://www.instagram.com/p/DXgjNKaDO2r/,https://www.instagram.com/p/DXgjNKaDO2r/?comment_id=17964671985072190,scraping_instagram,taufik006,😢
18150470794466068,2026-04-29T08:16:05+00:00,0,https://www.instagram.com/p/DXgjNKaDO2r/,https://www.instagram.com/p/DXgjNKaDO2r/?comment_id=18150470794466068,scraping_instagram,laraaasa,Muka2 org masuk neraka😂
17993739770937665,2026-04-29T07:40:37+00:00,0,https://www.instagram.com/p/DXgjNKaDO2r/,https://www.instagram.com/p/DXgjNKaDO2r/?comment_id=17993739770937665,scraping_instagram,melqizedec,Manusia paling Bangsat
18175317145360911,2026-04-29T07:13:48+00:00,0,https://www.instagram.com/p/DXgjNKaDO2r/,https://www.instagram.com/p/DXgjNKaDO2r/?comment_id=18175317145360911,scraping_instagram,luckykumbara31,Dajjal 🔥
18100708288816564,2026-04-29T07:13:08+00:00,0,https://www.instagram.com/p/DXgjNKaDO2r/,https://www.instagram.com/p/DXgjNKaDO2r/?comment_id=18100708288816564,scraping_instagram,tantysaphire,Kurang yang zoom min
18058379249708986,2026-04-29T07:11:45+00:00,0,https://www.instagram.com/p/DXgjNKaDO2r/,https://www.instagram.com/p/DXgjNKaDO2r/?comment_id=18058379249708986,scraping_instagram,surya.parasurama,"Program apa ini
Padahal Faktanya udah terang banget gak ada gunanya"
18162310405377629,2026-04-29T07:11:17+00:00,0,https://www.instagram.com/p/DXgjNKaDO2r/,https://www.instagram.com/p/DXgjNKaDO2r/?comment_id=18162310405377629,scraping_instagram,estebumurnibengkulu,Serius rakyat hanya diam saja?!😮😮
17905922799406204,2026-04-29T06:36:44+00:00,0,https://www.instagram.com/p/DXgjNKaDO2r/,https://www.instagram.com/p/DXgjNKaDO2r/?comment_id=17905922799406204,scraping_instagram,rudy.w.indra,Ada aja kerjaan si dadan
17883847584541721,2026-04-29T04:43:31+00:00,0,https://www.instagram.com/p/DXgjNKaDO2r/,https://www.instagram.com/p/DXgjNKaDO2r/?comment_id=17883847584541721,scraping_instagram,mtupang,"Kaos kaki , ikat pinggang , semir, handuk. Itu bisa urusan masing2 aja  ngpain di jadikan pengeluaran , beban aja. Kayak pola pikir anak SD. Udah berapa itu ditotal . Apa sangking banyak nya uang itu sampai2 kalian bingung mau dihabiskan kemana? Itu bukan uang kalian pribadi ya bgsat."
18108572692918315,2026-04-29T04:33:42+00:00,0,https://www.instagram.com/p/DXgjNKaDO2r/,https://www.instagram.com/p/DXgjNKaDO2r/?comment_id=18108572692918315,scraping_instagram,windsanggrek,handuk biar apa?
18124378684615359,2026-04-29T04:15:57+00:00,0,https://www.instagram.com/p/DXgjNKaDO2r/,https://www.instagram.com/p/DXgjNKaDO2r/?comment_id=18124378684615359,scraping_instagram,ellynnatalia,@prabowo pak ini ga mau d reshuffle sekalian?
17892484434459650,2026-04-29T04:02:19+00:00,0,https://www.instagram.com/p/DXgjNKaDO2r/,https://www.instagram.com/p/DXgjNKaDO2r/?comment_id=17892484434459650,scraping_instagram,kacaumaniaa2,MENYALA TERUS API NERAKA BGN 🔥🔥🔥
18309865546275429,2026-04-29T02:56:16+00:00,0,https://www.instagram.com/p/DXgjNKaDO2r/,https://www.instagram.com/p/DXgjNKaDO2r/?comment_id=18309865546275429,scraping_instagram,ayi.purbasari,Biaya zoom mannna?
18080306543142055,2026-04-29T01:52:57+00:00,0,https://www.instagram.com/p/DXgjNKaDO2r/,https://www.instagram.com/p/DXgjNKaDO2r/?comment_id=18080306543142055,scraping_instagram,__beerkacamata,gokil
18024111317647463,2026-04-29T01:46:26+00:00,0,https://www.instagram.com/p/DXgjNKaDO2r/,https://www.instagram.com/p/DXgjNKaDO2r/?comment_id=18024111317647463,scraping_instagram,anggit_wp,Badan Garong Nasional
17943445326012095,2026-04-29T01:40:01+00:00,0,https://www.instagram.com/p/DXgjNKaDO2r/,https://www.instagram.com/p/DXgjNKaDO2r/?comment_id=17943445326012095,scraping_instagram,fajar.sid21,DAJJAL KECIL🔥
18078431144642297,2026-04-29T01:39:55+00:00,0,https://www.instagram.com/p/DXgjNKaDO2r/,https://www.instagram.com/p/DXgjNKaDO2r/?comment_id=18078431144642297,scraping_instagram,zurabil_channel,"Pak @official.kpk udh bnyak yg tag nih masa gk d sidak2 nih, jelas2 nyuri mark up transparan sekali.. wkwkw.. mau ngadu kemana lagi nih netizen wkwkw"
18111203500662092,2026-04-29T00:40:26+00:00,0,https://www.instagram.com/p/DXgjNKaDO2r/,https://www.instagram.com/p/DXgjNKaDO2r/?comment_id=18111203500662092,scraping_instagram,ambonwijaya089,Dagelan cok
18182287771376068,2026-04-28T23:40:42+00:00,0,https://www.instagram.com/p/DXgjNKaDO2r/,https://www.instagram.com/p/DXgjNKaDO2r/?comment_id=18182287771376068,scraping_instagram,sigit_aw,Sangat perlu dikaji antara manfaat atau output yg dihasilkan dengan pengeluaran yg selama ini dibebani. Apakah sesuai ? Atau hanya buang2 uang saja. Percuma koar koar efisiensi jika di program ini isinya hanya buang2 anggaran. Masa ga sadar atau memang tutup mata pak ?
17892482091462483,2026-04-28T20:52:06+00:00,0,https://www.instagram.com/p/DXgjNKaDO2r/,https://www.instagram.com/p/DXgjNKaDO2r/?comment_id=17892482091462483,scraping_instagram,mr.memski,KALO ADA POSTINGAM SI DADAN TOLONG JANGAN DI LIKE CUKUP KOMEN SAMA REPOST AJA BISAKAN
18131719879492390,2026-04-28T18:44:11+00:00,0,https://www.instagram.com/p/DXgjNKaDO2r/,https://www.instagram.com/p/DXgjNKaDO2r/?comment_id=18131719879492390,scraping_instagram,almostdiamond.id,MBG LUMBUNG MEGA MALING BESAR BESARAN 🔥
18116728627672831,2026-04-28T17:42:17+00:00,0,https://www.instagram.com/p/DXgjNKaDO2r/,https://www.instagram.com/p/DXgjNKaDO2r/?comment_id=18116728627672831,scraping_instagram,fathir_warawiri,Kl udah turun ke jalan share lokny
18390689164085795,2026-04-28T16:29:29+00:00,0,https://www.instagram.com/p/DXgjNKaDO2r/,https://www.instagram.com/p/DXgjNKaDO2r/?comment_id=18390689164085795,scraping_instagram,islamiahkuruta,Universitas besar alumninya bikin nama kampusnya ternodai 😢
18313337620260136,2026-04-28T15:53:20+00:00,0,https://www.instagram.com/p/DXgjNKaDO2r/,https://www.instagram.com/p/DXgjNKaDO2r/?comment_id=18313337620260136,scraping_instagram,selllwiaaa,"Kpk ga becus, bpk ga becus, presiden biji satu"
18081400268628760,2026-04-28T15:31:14+00:00,0,https://www.instagram.com/p/DXgjNKaDO2r/,https://www.instagram.com/p/DXgjNKaDO2r/?comment_id=18081400268628760,scraping_instagram,haryharmonis,@prabowo tolong lah dengar kami.. Ingat azab pak.. MBG realisasinya tidak seperti yang diharapkan. Tolong dievaluasi lagi
18112482004647021,2026-04-28T15:16:23+00:00,0,https://www.instagram.com/p/DXgjNKaDO2r/,https://www.instagram.com/p/DXgjNKaDO2r/?comment_id=18112482004647021,scraping_instagram,mk_jeruk86,Lihat apa yang mereka lakukan pada kita sebagai rakyat.....di mana penegak hukum @official.kpk
18080456963414063,2026-04-28T13:18:57+00:00,0,https://www.instagram.com/p/DXgjNKaDO2r/,https://www.instagram.com/p/DXgjNKaDO2r/?comment_id=18080456963414063,scraping_instagram,agus_winoko,"Ahli serangga, 😂"
18584841946014683,2026-04-28T12:44:36+00:00,0,https://www.instagram.com/p/DXgjNKaDO2r/,https://www.instagram.com/p/DXgjNKaDO2r/?comment_id=18584841946014683,scraping_instagram,raffidanu,Pemerintah daerah disuruh ikat pinggang kementerian satu ini bermegah megahan
18039992927582096,2026-04-28T09:57:00+00:00,0,https://www.instagram.com/p/DXgjNKaDO2r/,https://www.instagram.com/p/DXgjNKaDO2r/?comment_id=18039992927582096,scraping_instagram,setttdahh_,sepatumu pake semir ngga sayang? @mf.dns
18102033851287201,2026-04-28T07:36:47+00:00,1,https://www.instagram.com/p/DXgjNKaDO2r/,https://www.instagram.com/p/DXgjNKaDO2r/?comment_id=18102033851287201,scraping_instagram,naufaldowank,Betapa seramnya hisab @badangizinasional.ri di akhirat nanti
17931891144072154,2026-04-28T07:35:42+00:00,0,https://www.instagram.com/p/DXgjNKaDO2r/,https://www.instagram.com/p/DXgjNKaDO2r/?comment_id=17931891144072154,scraping_instagram,sangdehehe,King Dadan full senyum
18072357503652005,2026-04-28T05:15:30+00:00,0,https://www.instagram.com/p/DXgjNKaDO2r/,https://www.instagram.com/p/DXgjNKaDO2r/?comment_id=18072357503652005,scraping_instagram,ladiewidy,"Ya Allah, negri ku😢"
18072262196659024,2026-04-28T04:54:47+00:00,0,https://www.instagram.com/p/DXgjNKaDO2r/,https://www.instagram.com/p/DXgjNKaDO2r/?comment_id=18072262196659024,scraping_instagram,venswinner,"Kalau k0rupt0R Konoha ini dapat 2000 per paket dari dapur MBG, k0rupt0R Konoha ini bisa kantongi 6Jt tiap hari per dapur. Jika dikalikan seluruh dapur MBG di Kerajaan Konoha, kira-kira k0rupt0R ini bisa menghasilkan berapa ratus milyar per hari?"
18081787556630121,2026-04-28T04:33:57+00:00,0,https://www.instagram.com/p/DXgjNKaDO2r/,https://www.instagram.com/p/DXgjNKaDO2r/?comment_id=18081787556630121,scraping_instagram,wee_up,"Sendok bebek 102 m, gak habis mikir hufff"
17912730984185961,2026-04-28T04:01:06+00:00,0,https://www.instagram.com/p/DXgjNKaDO2r/,https://www.instagram.com/p/DXgjNKaDO2r/?comment_id=17912730984185961,scraping_instagram,nine9.art,Mirip tikus
18097996889047219,2026-04-28T03:31:40+00:00,0,https://www.instagram.com/p/DXgjNKaDO2r/,https://www.instagram.com/p/DXgjNKaDO2r/?comment_id=18097996889047219,scraping_instagram,pembayun08_,Mobil MBG mana
18094158539136725,2026-04-28T03:12:52+00:00,0,https://www.instagram.com/p/DXgjNKaDO2r/,https://www.instagram.com/p/DXgjNKaDO2r/?comment_id=18094158539136725,scraping_instagram,mohabdulmalik120189,Dadan bangsat
18084140312177961,2026-04-28T02:10:08+00:00,0,https://www.instagram.com/p/DXgjNKaDO2r/,https://www.instagram.com/p/DXgjNKaDO2r/?comment_id=18084140312177961,scraping_instagram,gietank,Program BADUT wowo beban
17864459220678306,2026-04-28T02:05:34+00:00,0,https://www.instagram.com/p/DXgjNKaDO2r/,https://www.instagram.com/p/DXgjNKaDO2r/?comment_id=17864459220678306,scraping_instagram,_arafattt,Cemen @official.kpk
18075870692204087,2026-04-28T02:00:34+00:00,0,https://www.instagram.com/p/DXgjNKaDO2r/,https://www.instagram.com/p/DXgjNKaDO2r/?comment_id=18075870692204087,scraping_instagram,bn_prayogo,Antek nya prabowo gibran
18068347070333762,2026-04-28T02:00:22+00:00,0,https://www.instagram.com/p/DXgjNKaDO2r/,https://www.instagram.com/p/DXgjNKaDO2r/?comment_id=18068347070333762,scraping_instagram,wiewidhiear,"Ka semir2 sapatu gustiiii, jang naon eta pak? Pan makanan mah kudu steril, mending dipake balanja bahan makanan yg lebih berkualitas daripada sapatu kinclong 😢"
18175157782396413,2026-04-28T01:09:59+00:00,0,https://www.instagram.com/p/DXgjNKaDO2r/,https://www.instagram.com/p/DXgjNKaDO2r/?comment_id=18175157782396413,scraping_instagram,insightic.id,efisiensi di satu sisi utk kemudian hasil efisiensinya dihamburkan di sisi lain ... itu namanya apa?
18004485665873158,2026-04-28T00:05:30+00:00,0,https://www.instagram.com/p/DXgjNKaDO2r/,https://www.instagram.com/p/DXgjNKaDO2r/?comment_id=18004485665873158,scraping_instagram,sidakinaja,Ngomong defisit tp anggaran ugal ugalan penegak hukum kita lagi mati rasa @official.kpk @kejaksaan.ri jelas di sebutkan DEFISIT !! https://ekonomi.republika.co.id/berita/te54zw370/antisipasi-defisit-yang-melebar-pemerintah-akhirnya-evaluasi-mbg
18584214646031763,2026-04-27T23:24:20+00:00,0,https://www.instagram.com/p/DXgjNKaDO2r/,https://www.instagram.com/p/DXgjNKaDO2r/?comment_id=18584214646031763,scraping_instagram,mustikapeer,Curiga besok ada pengadaan barang sempakk
17935963914208607,2026-04-27T19:34:24+00:00,0,https://www.instagram.com/p/DXgjNKaDO2r/,https://www.instagram.com/p/DXgjNKaDO2r/?comment_id=17935963914208607,scraping_instagram,raflikurniawan4,"ya allah, kalo aneh2 tolong cabut nyawanya ya allah. amin"
18561384676064145,2026-04-27T18:51:29+00:00,0,https://www.instagram.com/p/DXgjNKaDO2r/,https://www.instagram.com/p/DXgjNKaDO2r/?comment_id=18561384676064145,scraping_instagram,ndoo_miii,Dan tidak ada untuk kepentingan makan bergizi...
17982015249000192,2026-04-27T15:39:07+00:00,0,https://www.instagram.com/p/DXgjNKaDO2r/,https://www.instagram.com/p/DXgjNKaDO2r/?comment_id=17982015249000192,scraping_instagram,kyyamatt,EFISIENSI?
18420887902120738,2026-04-27T15:32:08+00:00,0,https://www.instagram.com/p/DXgjNKaDO2r/,https://www.instagram.com/p/DXgjNKaDO2r/?comment_id=18420887902120738,scraping_instagram,be__.4naczh,Muka satanist
17882949645397428,2026-04-27T15:06:21+00:00,0,https://www.instagram.com/p/DXgjNKaDO2r/,https://www.instagram.com/p/DXgjNKaDO2r/?comment_id=17882949645397428,scraping_instagram,raja_makeup23,BGN Badan Gila Nasional
18114138892689028,2026-04-27T14:36:40+00:00,0,https://www.instagram.com/p/DXgjNKaDO2r/,https://www.instagram.com/p/DXgjNKaDO2r/?comment_id=18114138892689028,scraping_instagram,john_afiq,Terserah dan mau d hancurin gmn lgi negeri ini😢
17974813854041403,2026-04-27T14:30:16+00:00,0,https://www.instagram.com/p/DXgjNKaDO2r/,https://www.instagram.com/p/DXgjNKaDO2r/?comment_id=17974813854041403,scraping_instagram,rhodhosa,Bu sherly tolonggg😭😭😭
18137420710521914,2026-04-27T14:28:48+00:00,0,https://www.instagram.com/p/DXgjNKaDO2r/,https://www.instagram.com/p/DXgjNKaDO2r/?comment_id=18137420710521914,scraping_instagram,awanndodot,Dakdjal berwujud
18090132719224915,2026-04-27T14:10:15+00:00,0,https://www.instagram.com/p/DXgjNKaDO2r/,https://www.instagram.com/p/DXgjNKaDO2r/?comment_id=18090132719224915,scraping_instagram,wowdera,Seterang benderang gini ngga ada yang bisa dan mau ngusut? Allahu yahdik..
17865636222616788,2026-04-27T14:00:33+00:00,0,https://www.instagram.com/p/DXgjNKaDO2r/,https://www.instagram.com/p/DXgjNKaDO2r/?comment_id=17865636222616788,scraping_instagram,dianamaliaj,"Astagfirullah, manusia macam apa ini korupsi terang2an banget. @official.kpk jangan tutup mata tutup telinga dongg dosa loh"
18073356887342258,2026-04-27T13:03:15+00:00,0,https://www.instagram.com/p/DXgjNKaDO2r/,https://www.instagram.com/p/DXgjNKaDO2r/?comment_id=18073356887342258,scraping_instagram,cahyanto.dedy,
17898810498434230,2026-04-27T12:59:43+00:00,0,https://www.instagram.com/p/DXgjNKaDO2r/,https://www.instagram.com/p/DXgjNKaDO2r/?comment_id=17898810498434230,scraping_instagram,gs4ndy20,
18433155451190900,2026-04-27T12:51:22+00:00,0,https://www.instagram.com/p/DXgjNKaDO2r/,https://www.instagram.com/p/DXgjNKaDO2r/?comment_id=18433155451190900,scraping_instagram,jackzackoo,aneh bener belanjaan boomer ini 😮
18406331674198417,2026-04-27T09:41:03+00:00,0,https://www.instagram.com/p/DXgjNKaDO2r/,https://www.instagram.com/p/DXgjNKaDO2r/?comment_id=18406331674198417,scraping_instagram,hnifsaputra,Tapi kata buzzer ekonomi Indonesia lagi baik2 aja dan BBM gak naik ditambah harga sembako pasar udh turun hahahaha 😂😂😂😂
17864230881654052,2026-04-27T09:28:18+00:00,0,https://www.instagram.com/p/DXgjNKaDO2r/,https://www.instagram.com/p/DXgjNKaDO2r/?comment_id=17864230881654052,scraping_instagram,jvlius_says,"Bener bener bisnisman nih orang, segala di bisnisin 😢 dia pikir pinter cari buit 😂😂😂"
18061984193436282,2026-04-27T08:44:36+00:00,0,https://www.instagram.com/p/DXgjNKaDO2r/,https://www.instagram.com/p/DXgjNKaDO2r/?comment_id=18061984193436282,scraping_instagram,rmdhnval,Apakah handuk nya terbuat Dari emas ? 😂
18109484638907692,2026-04-27T08:43:00+00:00,0,https://www.instagram.com/p/DXgjNKaDO2r/,https://www.instagram.com/p/DXgjNKaDO2r/?comment_id=18109484638907692,scraping_instagram,aulianautami,🤮🤮🤮
18316346989261481,2026-04-27T08:04:42+00:00,0,https://www.instagram.com/p/DXgjNKaDO2r/,https://www.instagram.com/p/DXgjNKaDO2r/?comment_id=18316346989261481,scraping_instagram,yudiachmadiduy,MALING BERKEDOK GIZI (MBG) kepala BGN KONTOL!
18011039957703852,2026-04-27T07:18:16+00:00,0,https://www.instagram.com/p/DXgjNKaDO2r/,https://www.instagram.com/p/DXgjNKaDO2r/?comment_id=18011039957703852,scraping_instagram,ar.matheasellanda,Tim audit liburnya sampai kapan?
18126290344590743,2026-04-27T07:15:34+00:00,0,https://www.instagram.com/p/DXgjNKaDO2r/,https://www.instagram.com/p/DXgjNKaDO2r/?comment_id=18126290344590743,scraping_instagram,mbagassfs,@komeng.16 anda pasti senang
18082154063197283,2026-04-27T06:45:11+00:00,0,https://www.instagram.com/p/DXgjNKaDO2r/,https://www.instagram.com/p/DXgjNKaDO2r/?comment_id=18082154063197283,scraping_instagram,d4412yo,BABI
18097374367854431,2026-04-27T06:09:13+00:00,0,https://www.instagram.com/p/DXgjNKaDO2r/,https://www.instagram.com/p/DXgjNKaDO2r/?comment_id=18097374367854431,scraping_instagram,wm.bhai,"Hey antek2 asing,,Negara Bangkrut krn MBG bukan krn perang rudal....Maling Berkedok Government,selamatkan uang pajak rakyat tdk ada yg gratis boss itu duit rakyat....kebijakan pemerintah yg salah membuat rakyat makin susah dan miskin😢😢🔥🔥"
18182263165378273,2026-04-27T05:45:48+00:00,0,https://www.instagram.com/p/DXgjNKaDO2r/,https://www.instagram.com/p/DXgjNKaDO2r/?comment_id=18182263165378273,scraping_instagram,el_vbqtsjak,"Cik atuh ges d garajih teh,kaos kaki cebanan wae kudu meli make duit nagara??di sopi 10rb ges aralus ajig"
17935591152236014,2026-04-27T04:42:00+00:00,1,https://www.instagram.com/p/DXgjNKaDO2r/,https://www.instagram.com/p/DXgjNKaDO2r/?comment_id=17935591152236014,scraping_instagram,iroel_namanya,Tayyyyiiiiii kalian semua @official.kpk @prabowo @gibran_rakabuming @badangizinasional.ri
18152441068464318,2026-04-27T04:14:37+00:00,0,https://www.instagram.com/p/DXgjNKaDO2r/,https://www.instagram.com/p/DXgjNKaDO2r/?comment_id=18152441068464318,scraping_instagram,achmad_amiruddin,😢😢
17924471937317233,2026-04-27T03:47:42+00:00,0,https://www.instagram.com/p/DXgjNKaDO2r/,https://www.instagram.com/p/DXgjNKaDO2r/?comment_id=17924471937317233,scraping_instagram,destana_tony,Pengen berakin.!!
18097319120029498,2026-04-27T03:17:37+00:00,2,https://www.instagram.com/p/DXgjNKaDO2r/,https://www.instagram.com/p/DXgjNKaDO2r/?comment_id=18097319120029498,scraping_instagram,jejak.outdoor_,"Generasi boomer emang gitu, ga usah aneh 😆"
18069430469321557,2026-04-27T03:10:35+00:00,0,https://www.instagram.com/p/DXgjNKaDO2r/,https://www.instagram.com/p/DXgjNKaDO2r/?comment_id=18069430469321557,scraping_instagram,ajibudisaputro,"Sejak kapan ini program pemerintah utk rakyat? Tau kan utk siapa 😂 Pajak rakyat memang enak sih, mrka tggl keluarin duit 😂😂😂"
18102232171984127,2026-04-27T03:09:22+00:00,0,https://www.instagram.com/p/DXgjNKaDO2r/,https://www.instagram.com/p/DXgjNKaDO2r/?comment_id=18102232171984127,scraping_instagram,itatataaaaaaaa,@sufmi_dasco @prabowo @kerjaseskabri @tedsky89
17910443298389514,2026-04-27T03:02:52+00:00,0,https://www.instagram.com/p/DXgjNKaDO2r/,https://www.instagram.com/p/DXgjNKaDO2r/?comment_id=17910443298389514,scraping_instagram,aqsa.goe,
18101634358959747,2026-04-27T02:47:51+00:00,0,https://www.instagram.com/p/DXgjNKaDO2r/,https://www.instagram.com/p/DXgjNKaDO2r/?comment_id=18101634358959747,scraping_instagram,fajardiowahyu,"Umak buka iki ae lo lur penginapan coccok iku homestay terus hotel 1 indonesia tutup en, yo balik modal yo bati yo remek barang ndok omah😂"
17954416064961865,2026-04-27T02:40:46+00:00,0,https://www.instagram.com/p/DXgjNKaDO2r/,https://www.instagram.com/p/DXgjNKaDO2r/?comment_id=17954416064961865,scraping_instagram,dalgados9,prabowo gk becus jd presiden
18041256815716685,2026-04-27T02:35:51+00:00,0,https://www.instagram.com/p/DXgjNKaDO2r/,https://www.instagram.com/p/DXgjNKaDO2r/?comment_id=18041256815716685,scraping_instagram,editiya_warman,@prabowo padahal dah tau bawahannya bermasalah kok gk di tindak?
17940896922229328,2026-04-27T02:25:21+00:00,0,https://www.instagram.com/p/DXgjNKaDO2r/,https://www.instagram.com/p/DXgjNKaDO2r/?comment_id=17940896922229328,scraping_instagram,alkautsarnurhdyt,KPK SEDANG BUTA 😂
17936483058217079,2026-04-27T02:00:03+00:00,0,https://www.instagram.com/p/DXgjNKaDO2r/,https://www.instagram.com/p/DXgjNKaDO2r/?comment_id=17936483058217079,scraping_instagram,fahriansyah.af,"kurang min, lesensi aplikasi zoom 546milliar belum masuk."
17986396358804335,2026-04-27T01:40:35+00:00,1,https://www.instagram.com/p/DXgjNKaDO2r/,https://www.instagram.com/p/DXgjNKaDO2r/?comment_id=17986396358804335,scraping_instagram,ridhofdhlh,enak banget cies si mbg mbg ini teh ya @bryanra.fly
17860196142629954,2026-04-27T01:18:02+00:00,0,https://www.instagram.com/p/DXgjNKaDO2r/,https://www.instagram.com/p/DXgjNKaDO2r/?comment_id=17860196142629954,scraping_instagram,asrappppppppp,Kerja yang bener @official.kpk
17988176705977737,2026-04-27T01:02:15+00:00,0,https://www.instagram.com/p/DXgjNKaDO2r/,https://www.instagram.com/p/DXgjNKaDO2r/?comment_id=17988176705977737,scraping_instagram,wsgifrd,"perasaan gw kerja kaos kaki, sepatu, semir sampe sempak pun modal sendiri"
17862556212683006,2026-04-27T00:57:17+00:00,0,https://www.instagram.com/p/DXgjNKaDO2r/,https://www.instagram.com/p/DXgjNKaDO2r/?comment_id=17862556212683006,scraping_instagram,arieff.surya,"Mereka pakai keringat kita, uang kita, hasil kerja keras kita.. kenapa kalian diam?"
18122539204623232,2026-04-27T00:53:01+00:00,0,https://www.instagram.com/p/DXgjNKaDO2r/,https://www.instagram.com/p/DXgjNKaDO2r/?comment_id=18122539204623232,scraping_instagram,jimmytantowi,Jaksa di mana? Giliran Amsal Sitepu yg remeh temeh di penjarakan.
17863696965681210,2026-04-27T00:52:24+00:00,0,https://www.instagram.com/p/DXgjNKaDO2r/,https://www.instagram.com/p/DXgjNKaDO2r/?comment_id=17863696965681210,scraping_instagram,jimmytantowi,KPK dan Jaksa mana kerjaan kalian? Hukum memang tak adil
18002552093877684,2026-04-27T00:29:02+00:00,0,https://www.instagram.com/p/DXgjNKaDO2r/,https://www.instagram.com/p/DXgjNKaDO2r/?comment_id=18002552093877684,scraping_instagram,yudhidol86,seluruh dunia harus tau.
18176676328399846,2026-04-27T00:26:33+00:00,0,https://www.instagram.com/p/DXgjNKaDO2r/,https://www.instagram.com/p/DXgjNKaDO2r/?comment_id=18176676328399846,scraping_instagram,handmurr,Ini KPK gak ada niat atau takut ?
18079880135137137,2026-04-27T00:26:25+00:00,0,https://www.instagram.com/p/DXgjNKaDO2r/,https://www.instagram.com/p/DXgjNKaDO2r/?comment_id=18079880135137137,scraping_instagram,kaniapermata,"Menu fav pas masak “fritties di kaos kaki” & “brioches with marmelata di semir sepatu” ama “roll handuk with tai kucing”

Capek gw liat palkon. Hati nurani udah pada ngga ada. Najis"
17946025265996853,2026-04-27T00:23:19+00:00,0,https://www.instagram.com/p/DXgjNKaDO2r/,https://www.instagram.com/p/DXgjNKaDO2r/?comment_id=17946025265996853,scraping_instagram,mrnoboddy43,"INDONESIA INI HARUS DI RESTART ULANG, KLO GAK YAH BAKAL BEGINI SELAMANYA."
18109507417880511,2026-04-27T00:22:39+00:00,0,https://www.instagram.com/p/DXgjNKaDO2r/,https://www.instagram.com/p/DXgjNKaDO2r/?comment_id=18109507417880511,scraping_instagram,cantikanabila8899,Kok ini gak ditindak ya padahal secara terang terangan merugikan negara ..beda dengan kasus pak tom gak pernah merugikan negara tapi dituduh merugikan negara ...halooooooooo
18582313183026347,2026-04-27T00:05:22+00:00,0,https://www.instagram.com/p/DXgjNKaDO2r/,https://www.instagram.com/p/DXgjNKaDO2r/?comment_id=18582313183026347,scraping_instagram,youc1000mango,Kontol kontol duit pajak gue pake beli ginian ga ikhlas sumpah
18093886781151572,2026-04-27T00:01:30+00:00,0,https://www.instagram.com/p/DXgjNKaDO2r/,https://www.instagram.com/p/DXgjNKaDO2r/?comment_id=18093886781151572,scraping_instagram,care.cellagcoop,Kok gak ada yg demo ya
17971570965013007,2026-04-26T22:37:34+00:00,0,https://www.instagram.com/p/DXgjNKaDO2r/,https://www.instagram.com/p/DXgjNKaDO2r/?comment_id=17971570965013007,scraping_instagram,siswoyo.st2001,@prabowo @mahkamahkonstitusi @dpr_ri @arie_ngetrennew @jogjastudent @kompascom @detikcom @cnnindonesia
17997671948929241,2026-04-26T22:36:28+00:00,0,https://www.instagram.com/p/DXgjNKaDO2r/,https://www.instagram.com/p/DXgjNKaDO2r/?comment_id=17997671948929241,scraping_instagram,siswoyo.st2001,Mereka petugas @official.kpk kerja berdasarkan instruksi dari atasannya.. atasannya ya berdasar pesanan majikannya lg
18045345407533752,2026-04-26T22:22:19+00:00,0,https://www.instagram.com/p/DXgjNKaDO2r/,https://www.instagram.com/p/DXgjNKaDO2r/?comment_id=18045345407533752,scraping_instagram,rodiaakbar,Berasa dikerjain sama pemerintah sendiri...anjiiirrr.
17934813567055427,2026-04-26T19:25:28+00:00,0,https://www.instagram.com/p/DXgjNKaDO2r/,https://www.instagram.com/p/DXgjNKaDO2r/?comment_id=17934813567055427,scraping_instagram,_sawai_s23,Program bangsat
18083555252528541,2026-04-26T17:54:16+00:00,0,https://www.instagram.com/p/DXgjNKaDO2r/,https://www.instagram.com/p/DXgjNKaDO2r/?comment_id=18083555252528541,scraping_instagram,felix.wanandi.90,Program korupsi buat bagi2 jatah kemenangan dan persiapan 2029
17887331961475039,2026-04-26T16:35:43+00:00,0,https://www.instagram.com/p/DXgjNKaDO2r/,https://www.instagram.com/p/DXgjNKaDO2r/?comment_id=17887331961475039,scraping_instagram,ricalmosaja,Kebal KPK
17928493767088395,2026-04-26T16:18:19+00:00,0,https://www.instagram.com/p/DXgjNKaDO2r/,https://www.instagram.com/p/DXgjNKaDO2r/?comment_id=17928493767088395,scraping_instagram,vl.jayou,Klo bner kok @official.kpk diem aja siii... 😮?
18093665513330961,2026-04-26T16:06:23+00:00,0,https://www.instagram.com/p/DXgjNKaDO2r/,https://www.instagram.com/p/DXgjNKaDO2r/?comment_id=18093665513330961,scraping_instagram,enkznoth,Botak yg satu ini ad aj gebrakan nya
17875796154595065,2026-04-26T15:55:06+00:00,0,https://www.instagram.com/p/DXgjNKaDO2r/,https://www.instagram.com/p/DXgjNKaDO2r/?comment_id=17875796154595065,scraping_instagram,destana_tony,Pengen berakin.!!
17892338010334472,2026-04-26T15:44:37+00:00,0,https://www.instagram.com/p/DXgjNKaDO2r/,https://www.instagram.com/p/DXgjNKaDO2r/?comment_id=17892338010334472,scraping_instagram,destana_tony,Pengen berakin.!!
18099768442821835,2026-04-26T15:34:02+00:00,0,https://www.instagram.com/p/DXgjNKaDO2r/,https://www.instagram.com/p/DXgjNKaDO2r/?comment_id=18099768442821835,scraping_instagram,yuki.morgana,Tinggal nunggu negara colaps
18218646913316035,2026-04-26T14:56:46+00:00,0,https://www.instagram.com/p/DXgjNKaDO2r/,https://www.instagram.com/p/DXgjNKaDO2r/?comment_id=18218646913316035,scraping_instagram,wegitrian,Sehat terus bapak. Biar ada waktu diadili.
17906426160404817,2026-04-26T14:54:06+00:00,0,https://www.instagram.com/p/DXgjNKaDO2r/,https://www.instagram.com/p/DXgjNKaDO2r/?comment_id=17906426160404817,scraping_instagram,apin_tanaka,Program unggulan buat next election
18078219782551494,2026-04-26T14:50:46+00:00,0,https://www.instagram.com/p/DXgjNKaDO2r/,https://www.instagram.com/p/DXgjNKaDO2r/?comment_id=18078219782551494,scraping_instagram,hasan_kahanaya,#efisiensitaek
18135509743529062,2026-04-26T13:48:58+00:00,0,https://www.instagram.com/p/DXgjNKaDO2r/,https://www.instagram.com/p/DXgjNKaDO2r/?comment_id=18135509743529062,scraping_instagram,mohamad_irham_kholili,"Wo @prabowo , mosok gak ngerti enek ngene iki.. atau macak gak ngerti? ELENG AKHIRAT, WES TUWEK, DI AKEH2I TOBATE"
17923209669312682,2026-04-26T13:31:15+00:00,0,https://www.instagram.com/p/DXgjNKaDO2r/,https://www.instagram.com/p/DXgjNKaDO2r/?comment_id=17923209669312682,scraping_instagram,fernandonvika,ya allah
18075575954639843,2026-04-26T13:27:50+00:00,0,https://www.instagram.com/p/DXgjNKaDO2r/,https://www.instagram.com/p/DXgjNKaDO2r/?comment_id=18075575954639843,scraping_instagram,michaelvalent77,"Asli hambur"" duit 😂😂😂"
18099955070047270,2026-04-26T13:21:31+00:00,0,https://www.instagram.com/p/DXgjNKaDO2r/,https://www.instagram.com/p/DXgjNKaDO2r/?comment_id=18099955070047270,scraping_instagram,namarappuccino,"Senyumnya berbicara, ""Kalian bisa apa meski saya melakukan apapun sesuka saya?"""
17999448995925722,2026-04-26T13:18:22+00:00,0,https://www.instagram.com/p/DXgjNKaDO2r/,https://www.instagram.com/p/DXgjNKaDO2r/?comment_id=17999448995925722,scraping_instagram,anangnamikaze,Jgn lupa nnti tuntut si botak hukum akhirat
18209338366334858,2026-04-26T12:40:39+00:00,0,https://www.instagram.com/p/DXgjNKaDO2r/,https://www.instagram.com/p/DXgjNKaDO2r/?comment_id=18209338366334858,scraping_instagram,ozibatubara,Bubarkan MBG!sejahterakan guru honorer dan prioritaskan sarana pendidikan diseluruh Indonesia!
18111053653834744,2026-04-26T12:31:26+00:00,0,https://www.instagram.com/p/DXgjNKaDO2r/,https://www.instagram.com/p/DXgjNKaDO2r/?comment_id=18111053653834744,scraping_instagram,okabe_hardware_indonesia,Semoga segera dijemput malaikat maut
18207073924335235,2026-04-26T12:29:03+00:00,0,https://www.instagram.com/p/DXgjNKaDO2r/,https://www.instagram.com/p/DXgjNKaDO2r/?comment_id=18207073924335235,scraping_instagram,deekhrisna,jah*nam 😤
17869362897512421,2026-04-26T12:12:14+00:00,1,https://www.instagram.com/p/DXgjNKaDO2r/,https://www.instagram.com/p/DXgjNKaDO2r/?comment_id=17869362897512421,scraping_instagram,kh550.1,yg terahir suruh mikir utang negara ‼️
18083321015610255,2026-04-26T11:50:20+00:00,1,https://www.instagram.com/p/DXgjNKaDO2r/,https://www.instagram.com/p/DXgjNKaDO2r/?comment_id=18083321015610255,scraping_instagram,atak_shu,Udah ga ada takutnya ngerampok duit rakyat 😂
18080525096411797,2026-04-26T11:27:31+00:00,1,https://www.instagram.com/p/DXgjNKaDO2r/,https://www.instagram.com/p/DXgjNKaDO2r/?comment_id=18080525096411797,scraping_instagram,fvrizmazh,Melek dikit soal kaya gini bisa kah kalian? @prabowo @gibran_rakabuming @official.kpk @kejaksaan.ri
18113040287500681,2026-04-26T10:42:02+00:00,1,https://www.instagram.com/p/DXgjNKaDO2r/,https://www.instagram.com/p/DXgjNKaDO2r/?comment_id=18113040287500681,scraping_instagram,syamsul_khoir,Muka korup
18086112650345174,2026-04-26T09:51:30+00:00,1,https://www.instagram.com/p/DXgjNKaDO2r/,https://www.instagram.com/p/DXgjNKaDO2r/?comment_id=18086112650345174,scraping_instagram,nanaoyem,Gak ada yg demo ya ?
18079469105275364,2026-04-26T09:47:03+00:00,2,https://www.instagram.com/p/DXgjNKaDO2r/,https://www.instagram.com/p/DXgjNKaDO2r/?comment_id=18079469105275364,scraping_instagram,sayutinicola,Yg bikin meukeu sakit kepala adlh kementerian MBG
17946470202158803,2026-04-26T09:38:35+00:00,1,https://www.instagram.com/p/DXgjNKaDO2r/,https://www.instagram.com/p/DXgjNKaDO2r/?comment_id=17946470202158803,scraping_instagram,depajuli,🔥🔥🔥
18079360295138805,2026-04-26T09:18:20+00:00,1,https://www.instagram.com/p/DXgjNKaDO2r/,https://www.instagram.com/p/DXgjNKaDO2r/?comment_id=18079360295138805,scraping_instagram,es.zt_98,"gk ad ide nge doxxing alamat"" owner dapur tiap wilayah?"
18113268373761192,2026-04-26T08:49:21+00:00,1,https://www.instagram.com/p/DXgjNKaDO2r/,https://www.instagram.com/p/DXgjNKaDO2r/?comment_id=18113268373761192,scraping_instagram,yuyungistihab,Innalilahi wa innailaihi rojiun gimana hisabnya ya???
18117816763676926,2026-04-26T08:48:27+00:00,1,https://www.instagram.com/p/DXgjNKaDO2r/,https://www.instagram.com/p/DXgjNKaDO2r/?comment_id=18117816763676926,scraping_instagram,hendripujiperdana_23,Ney orang paling Q benci setelah bahlil🔥🔥🔥
18070558805314763,2026-04-26T08:48:14+00:00,1,https://www.instagram.com/p/DXgjNKaDO2r/,https://www.instagram.com/p/DXgjNKaDO2r/?comment_id=18070558805314763,scraping_instagram,fhrulrossy,kenapa gada yang demo ya? wkwk
18091561564970726,2026-04-26T08:36:12+00:00,27,https://www.instagram.com/p/DXgjNKaDO2r/,https://www.instagram.com/p/DXgjNKaDO2r/?comment_id=18091561564970726,scraping_instagram,siskadamay,"Lama lama MBG beneran stop bukan karena protes dari masyarakat nya, bukan juga karna pernah membuat ribuan anak keracunan tapi karena anggaran nya habis dihambur-hamburkan oleh BGN itu sendiri.. dan kalau anggaran habis tapi MBG tetap dipertahankan dengan cara naikin lagi pajak, bisa bisa yg stop bukan cuma MBG tapi pemerintah nya juga bakal di stop sama rakyatnya"
18107748742909067,2026-04-26T07:55:46+00:00,1,https://www.instagram.com/p/DXgjNKaDO2r/,https://www.instagram.com/p/DXgjNKaDO2r/?comment_id=18107748742909067,scraping_instagram,indri_davina,"Astaga sendok bebek plastik harga sampe ratusan miliar,"
18096385534884028,2026-04-26T07:42:07+00:00,1,https://www.instagram.com/p/DXgjNKaDO2r/,https://www.instagram.com/p/DXgjNKaDO2r/?comment_id=18096385534884028,scraping_instagram,ds9962812,Bubarkan mbg
18209808664332559,2026-04-26T07:31:59+00:00,1,https://www.instagram.com/p/DXgjNKaDO2r/,https://www.instagram.com/p/DXgjNKaDO2r/?comment_id=18209808664332559,scraping_instagram,goeng_09,Biaya pembuatan program atau aplikasi IT 1.2 T.
18126058327526354,2026-04-26T07:08:21+00:00,1,https://www.instagram.com/p/DXgjNKaDO2r/,https://www.instagram.com/p/DXgjNKaDO2r/?comment_id=18126058327526354,scraping_instagram,ivanzaelnino,Mukanya
18155479750458131,2026-04-26T07:04:58+00:00,1,https://www.instagram.com/p/DXgjNKaDO2r/,https://www.instagram.com/p/DXgjNKaDO2r/?comment_id=18155479750458131,scraping_instagram,muhaccunk29,Kebal
18094692179132293,2026-04-26T07:02:52+00:00,1,https://www.instagram.com/p/DXgjNKaDO2r/,https://www.instagram.com/p/DXgjNKaDO2r/?comment_id=18094692179132293,scraping_instagram,choperblues,KA O EN TE O EL utk ni orang!!!
18135321571549308,2026-04-26T06:58:26+00:00,9,https://www.instagram.com/p/DXgjNKaDO2r/,https://www.instagram.com/p/DXgjNKaDO2r/?comment_id=18135321571549308,scraping_instagram,seminar.kedokteran,Aplikasi manaa aplikasi 550 miliarr tapi ga keliatan aplikasinya ??? @official.kpk
18114509605784327,2026-04-26T06:45:27+00:00,1,https://www.instagram.com/p/DXgjNKaDO2r/,https://www.instagram.com/p/DXgjNKaDO2r/?comment_id=18114509605784327,scraping_instagram,nicovandia,Ga ikhlas dunia akhirat pajak gua di pake buat ginian yang ga jelas
18102248650988704,2026-04-26T06:42:10+00:00,1,https://www.instagram.com/p/DXgjNKaDO2r/,https://www.instagram.com/p/DXgjNKaDO2r/?comment_id=18102248650988704,scraping_instagram,secondhand3380,Laporkan ke kpk aja ini program nya makan bergizi gratis untuk anak2 bukan untuk kepala sppg knp dana untuk anak2  diperuntukkan untuk yg lain
17876315898589423,2026-04-26T06:39:35+00:00,1,https://www.instagram.com/p/DXgjNKaDO2r/,https://www.instagram.com/p/DXgjNKaDO2r/?comment_id=17876315898589423,scraping_instagram,aangdoangg,👏👏👏👏
18590894959057483,2026-04-26T06:33:42+00:00,1,https://www.instagram.com/p/DXgjNKaDO2r/,https://www.instagram.com/p/DXgjNKaDO2r/?comment_id=18590894959057483,scraping_instagram,sariak_farm,Efisiensi itu hanya memindahkan..dari menyetop/mengurangi proyekan rezim lama berganti dgn pemborosan proyek rezim berkuasa
18098724260317965,2026-04-26T06:21:00+00:00,1,https://www.instagram.com/p/DXgjNKaDO2r/,https://www.instagram.com/p/DXgjNKaDO2r/?comment_id=18098724260317965,scraping_instagram,yudistira_christianto,Semua pengeluaran tidak ada kaitannya dengan gizi
18069635735422205,2026-04-26T05:55:35+00:00,1,https://www.instagram.com/p/DXgjNKaDO2r/,https://www.instagram.com/p/DXgjNKaDO2r/?comment_id=18069635735422205,scraping_instagram,gong_soe,Sialnya Prabowo belagak blo'on bin bego
18075999557200835,2026-04-26T05:48:03+00:00,1,https://www.instagram.com/p/DXgjNKaDO2r/,https://www.instagram.com/p/DXgjNKaDO2r/?comment_id=18075999557200835,scraping_instagram,andrisoendoro,Menyedihkan negara dijajah pejabat yg dipilih rakyat.
17962827498111647,2026-04-26T05:47:01+00:00,1,https://www.instagram.com/p/DXgjNKaDO2r/,https://www.instagram.com/p/DXgjNKaDO2r/?comment_id=17962827498111647,scraping_instagram,sintha.dwiwulansari,Ini ga ada yg nyirqm doi apa
18089384342463766,2026-04-26T05:43:05+00:00,1,https://www.instagram.com/p/DXgjNKaDO2r/,https://www.instagram.com/p/DXgjNKaDO2r/?comment_id=18089384342463766,scraping_instagram,andi_hermawan96,Matane...
18099429469970544,2026-04-26T05:25:22+00:00,1,https://www.instagram.com/p/DXgjNKaDO2r/,https://www.instagram.com/p/DXgjNKaDO2r/?comment_id=18099429469970544,scraping_instagram,hz.jkt8888,@official.kpk @kejaksaan.ri macan omong.. penegakan hukum tebang pilih.. mana berani bertindak?? 😢😢
17895116391307114,2026-04-26T05:12:12+00:00,1,https://www.instagram.com/p/DXgjNKaDO2r/,https://www.instagram.com/p/DXgjNKaDO2r/?comment_id=17895116391307114,scraping_instagram,rasiaawty,Astaghfirullah
17925852669287178,2026-04-26T05:12:04+00:00,1,https://www.instagram.com/p/DXgjNKaDO2r/,https://www.instagram.com/p/DXgjNKaDO2r/?comment_id=17925852669287178,scraping_instagram,rasiaawty,Pusing berat boros butuh gimana sakit' gimana susah lagi gak usah mahal 💔😭
18027487745801242,2026-04-26T05:11:56+00:00,1,https://www.instagram.com/p/DXgjNKaDO2r/,https://www.instagram.com/p/DXgjNKaDO2r/?comment_id=18027487745801242,scraping_instagram,rsastradikaria,Ini manusia harus di penjarakan ..!!!
18128998027598084,2026-04-26T05:02:00+00:00,1,https://www.instagram.com/p/DXgjNKaDO2r/,https://www.instagram.com/p/DXgjNKaDO2r/?comment_id=18128998027598084,scraping_instagram,orahilifau,MiLord Falcon memang tiada duanya 😂
17855172549640471,2026-04-26T04:53:12+00:00,1,https://www.instagram.com/p/DXgjNKaDO2r/,https://www.instagram.com/p/DXgjNKaDO2r/?comment_id=17855172549640471,scraping_instagram,miftahrafid,@official.kpk
17999648198922840,2026-04-26T04:52:08+00:00,1,https://www.instagram.com/p/DXgjNKaDO2r/,https://www.instagram.com/p/DXgjNKaDO2r/?comment_id=17999648198922840,scraping_instagram,budi_sucipto,Mau org ini ditangkap? Ganti pemain 😂
18018125810824292,2026-04-26T04:48:19+00:00,1,https://www.instagram.com/p/DXgjNKaDO2r/,https://www.instagram.com/p/DXgjNKaDO2r/?comment_id=18018125810824292,scraping_instagram,putu.aristajaya,Bagaimana investor asing tidak kabur jika APBN dihambur-hamburkan untuk program seperti ini.
18097607609166232,2026-04-26T04:47:11+00:00,1,https://www.instagram.com/p/DXgjNKaDO2r/,https://www.instagram.com/p/DXgjNKaDO2r/?comment_id=18097607609166232,scraping_instagram,arman_gn8,Si Bajingan Tengik ini gak ada yg berani Kandangin apa yaa? 🤬
17993812010779365,2026-04-26T04:43:08+00:00,1,https://www.instagram.com/p/DXgjNKaDO2r/,https://www.instagram.com/p/DXgjNKaDO2r/?comment_id=17993812010779365,scraping_instagram,mariorai__,"udah terang2an tapi. yahsudahlahh. mau segimana pun diprotes, Program ini akan tetap jalan setiap hari. ingat setiap hari yah, setiap hari pemerintah menghabiskan triliunan rupiah, belum program² pembelian ini semua."
17895133803308006,2026-04-26T04:42:02+00:00,1,https://www.instagram.com/p/DXgjNKaDO2r/,https://www.instagram.com/p/DXgjNKaDO2r/?comment_id=17895133803308006,scraping_instagram,gus.ony,😂😂😂😂
18047623838762390,2026-04-26T04:25:36+00:00,1,https://www.instagram.com/p/DXgjNKaDO2r/,https://www.instagram.com/p/DXgjNKaDO2r/?comment_id=18047623838762390,scraping_instagram,abde_full,Ini maling jangan di biarkan KPK
18120210991628958,2026-04-26T04:13:52+00:00,1,https://www.instagram.com/p/DXgjNKaDO2r/,https://www.instagram.com/p/DXgjNKaDO2r/?comment_id=18120210991628958,scraping_instagram,nora_bakhtiar,Tolong banget ini tolongggg
18106935682911442,2026-04-26T04:11:27+00:00,1,https://www.instagram.com/p/DXgjNKaDO2r/,https://www.instagram.com/p/DXgjNKaDO2r/?comment_id=18106935682911442,scraping_instagram,moogli90,"Apa gak mikir tanggung jawab akhiratnya gmn,"
18100010639005726,2026-04-26T04:04:03+00:00,1,https://www.instagram.com/p/DXgjNKaDO2r/,https://www.instagram.com/p/DXgjNKaDO2r/?comment_id=18100010639005726,scraping_instagram,tw_222,💩
18199669906351725,2026-04-26T03:59:42+00:00,1,https://www.instagram.com/p/DXgjNKaDO2r/,https://www.instagram.com/p/DXgjNKaDO2r/?comment_id=18199669906351725,scraping_instagram,ad.itia8462,"Halah gausah di harapin, biar aja tuh orang-orang di kpk makan gaji buta, mau ngomong kayak gimanapun gak bakalan di denger, cape-cape."
18104587438746613,2026-04-26T03:29:34+00:00,1,https://www.instagram.com/p/DXgjNKaDO2r/,https://www.instagram.com/p/DXgjNKaDO2r/?comment_id=18104587438746613,scraping_instagram,emensky123,tukang ngabisin duit negara..semua nampak santai...dan biasa saja gak mikir apa2
18209703790331331,2026-04-26T03:17:15+00:00,1,https://www.instagram.com/p/DXgjNKaDO2r/,https://www.instagram.com/p/DXgjNKaDO2r/?comment_id=18209703790331331,scraping_instagram,fkhrazi.zulfi,Dadan is the real GOAT 🐐
18116962408707426,2026-04-26T03:14:16+00:00,1,https://www.instagram.com/p/DXgjNKaDO2r/,https://www.instagram.com/p/DXgjNKaDO2r/?comment_id=18116962408707426,scraping_instagram,budihermanto444,Menyala Abangku sampe kering habis 😂😂🔥🔥
18460298911107212,2026-04-26T03:13:19+00:00,1,https://www.instagram.com/p/DXgjNKaDO2r/,https://www.instagram.com/p/DXgjNKaDO2r/?comment_id=18460298911107212,scraping_instagram,andi_journeeey,@official.kpk @kejaksaan.ri @bpkriofficial @ppatk_indonesia kalian
17924028342298812,2026-04-26T03:12:36+00:00,1,https://www.instagram.com/p/DXgjNKaDO2r/,https://www.instagram.com/p/DXgjNKaDO2r/?comment_id=17924028342298812,scraping_instagram,papahalfathsyafarel,Otak bisnis
18109727593856049,2026-04-26T03:11:28+00:00,1,https://www.instagram.com/p/DXgjNKaDO2r/,https://www.instagram.com/p/DXgjNKaDO2r/?comment_id=18109727593856049,scraping_instagram,alano.js,"gilak kelen yaaa, aceh yg masih porak poranda kalian biarkan, ini hal2 yg tak berguna kelen buat, pemerintah dzalim @gerindra"
17957599254120500,2026-04-26T02:59:36+00:00,1,https://www.instagram.com/p/DXgjNKaDO2r/,https://www.instagram.com/p/DXgjNKaDO2r/?comment_id=17957599254120500,scraping_instagram,desri.4297,#efisiensi katanya
17871994767488112,2026-04-26T02:57:42+00:00,1,https://www.instagram.com/p/DXgjNKaDO2r/,https://www.instagram.com/p/DXgjNKaDO2r/?comment_id=17871994767488112,scraping_instagram,ypnugraha,Srakahhhh bgt
17898135924286652,2026-04-26T02:56:24+00:00,6,https://www.instagram.com/p/DXgjNKaDO2r/,https://www.instagram.com/p/DXgjNKaDO2r/?comment_id=17898135924286652,scraping_instagram,sigit.kunarso,Masuk di gizi❎masuk di katong✅
17904327246244650,2026-04-26T02:52:49+00:00,1,https://www.instagram.com/p/DXgjNKaDO2r/,https://www.instagram.com/p/DXgjNKaDO2r/?comment_id=17904327246244650,scraping_instagram,yohana_iting,Udahin MBG 😢
18136620463524083,2026-04-26T02:51:25+00:00,1,https://www.instagram.com/p/DXgjNKaDO2r/,https://www.instagram.com/p/DXgjNKaDO2r/?comment_id=18136620463524083,scraping_instagram,andre_w_13,👏👏👏👏 anda layak dapat bintang
18039707957582110,2026-04-26T02:49:15+00:00,1,https://www.instagram.com/p/DXgjNKaDO2r/,https://www.instagram.com/p/DXgjNKaDO2r/?comment_id=18039707957582110,scraping_instagram,soenyiii,Itu handuk buat apa njing.....?😢
17998588481934073,2026-04-26T02:48:20+00:00,1,https://www.instagram.com/p/DXgjNKaDO2r/,https://www.instagram.com/p/DXgjNKaDO2r/?comment_id=17998588481934073,scraping_instagram,ridomuhammaddd,@prabowo
18093986468273533,2026-04-26T02:47:11+00:00,1,https://www.instagram.com/p/DXgjNKaDO2r/,https://www.instagram.com/p/DXgjNKaDO2r/?comment_id=18093986468273533,scraping_instagram,suryana.s02,"enaknya hidup pejabat dinegri ini, hidup mewah ditanggung uang rakyat."
18095730409892036,2026-04-26T02:46:15+00:00,2,https://www.instagram.com/p/DXgjNKaDO2r/,https://www.instagram.com/p/DXgjNKaDO2r/?comment_id=18095730409892036,scraping_instagram,ddamaiantoro,"Ingat , dia hanya pion ☺️"
18114153640773709,2026-04-26T02:42:43+00:00,1,https://www.instagram.com/p/DXgjNKaDO2r/,https://www.instagram.com/p/DXgjNKaDO2r/?comment_id=18114153640773709,scraping_instagram,sinyofit,Dancuk
18321978712254987,2026-04-26T02:38:14+00:00,1,https://www.instagram.com/p/DXgjNKaDO2r/,https://www.instagram.com/p/DXgjNKaDO2r/?comment_id=18321978712254987,scraping_instagram,iirvanndanii,Sosok bapak ini membuat Opung Luhut terlihat tidak begitu buruk dimata ku.
17878096266436828,2026-04-26T02:37:49+00:00,1,https://www.instagram.com/p/DXgjNKaDO2r/,https://www.instagram.com/p/DXgjNKaDO2r/?comment_id=17878096266436828,scraping_instagram,qiblatghozali,Gak Ada Yang Ajak Demo....bararti Pembagian Rata....Coba kalau nggak rata....😂😂
18541219060070903,2026-04-26T02:37:09+00:00,2,https://www.instagram.com/p/DXgjNKaDO2r/,https://www.instagram.com/p/DXgjNKaDO2r/?comment_id=18541219060070903,scraping_instagram,ruslanruslan9703,Satu kata aaaaannnnnnnnnnnnnnnginnnnnnnmnmnnnnnnnnnnnnnnnnnnnnnnnnnnnnnnn
18388374280092486,2026-04-26T02:33:38+00:00,1,https://www.instagram.com/p/DXgjNKaDO2r/,https://www.instagram.com/p/DXgjNKaDO2r/?comment_id=18388374280092486,scraping_instagram,mushlihadill,Ga akan dihentikan prabowo
18097604033112164,2026-04-26T02:25:55+00:00,1,https://www.instagram.com/p/DXgjNKaDO2r/,https://www.instagram.com/p/DXgjNKaDO2r/?comment_id=18097604033112164,scraping_instagram,boby_bda_bf,Kaum penghancur suatu negeri. Siap2 saudaraku negeri tercinta ini hancur dengan hutang yg menggila dan pejabat serampangan 😢
17912592687184309,2026-04-26T02:25:01+00:00,1,https://www.instagram.com/p/DXgjNKaDO2r/,https://www.instagram.com/p/DXgjNKaDO2r/?comment_id=17912592687184309,scraping_instagram,tito_marwanto,😂😂😂
18103416311483909,2026-04-26T02:24:34+00:00,1,https://www.instagram.com/p/DXgjNKaDO2r/,https://www.instagram.com/p/DXgjNKaDO2r/?comment_id=18103416311483909,scraping_instagram,belakleinad,Tangkap botak koruptor
18326904772266545,2026-04-26T02:22:22+00:00,1,https://www.instagram.com/p/DXgjNKaDO2r/,https://www.instagram.com/p/DXgjNKaDO2r/?comment_id=18326904772266545,scraping_instagram,rianisnair,"Mukanya sensor min, saya lagi makan"
17959512597096558,2026-04-26T02:13:42+00:00,1,https://www.instagram.com/p/DXgjNKaDO2r/,https://www.instagram.com/p/DXgjNKaDO2r/?comment_id=17959512597096558,scraping_instagram,satriaakbarw,Dadan iki kok iso di pilih dadi kepala BGN biyen pie ceritane
18081469310531846,2026-04-26T02:12:06+00:00,1,https://www.instagram.com/p/DXgjNKaDO2r/,https://www.instagram.com/p/DXgjNKaDO2r/?comment_id=18081469310531846,scraping_instagram,audinasoraya,Berikanlah Azab untuk mwreka yang zolim
18030534635623650,2026-04-26T02:10:14+00:00,1,https://www.instagram.com/p/DXgjNKaDO2r/,https://www.instagram.com/p/DXgjNKaDO2r/?comment_id=18030534635623650,scraping_instagram,irritated565656,biasalah boomer-boomer yang nganggep orang-orang tuh bego
18322458274248952,2026-04-26T02:08:29+00:00,1,https://www.instagram.com/p/DXgjNKaDO2r/,https://www.instagram.com/p/DXgjNKaDO2r/?comment_id=18322458274248952,scraping_instagram,rinaldoscar,Dajal
17993896565948822,2026-04-26T02:07:31+00:00,1,https://www.instagram.com/p/DXgjNKaDO2r/,https://www.instagram.com/p/DXgjNKaDO2r/?comment_id=17993896565948822,scraping_instagram,arraw.ss,Semoga manusia manusia ni dinepalkan amin dan kena azab segera rakus serakah dan tamaknya ga ketulungan
18109701157848377,2026-04-26T02:02:47+00:00,1,https://www.instagram.com/p/DXgjNKaDO2r/,https://www.instagram.com/p/DXgjNKaDO2r/?comment_id=18109701157848377,scraping_instagram,fa_uzi8900,Sekalian aja nanti pengadaan sempak buat petugas mbg yg di tanggung negara
18103192301489811,2026-04-26T02:02:13+00:00,1,https://www.instagram.com/p/DXgjNKaDO2r/,https://www.instagram.com/p/DXgjNKaDO2r/?comment_id=18103192301489811,scraping_instagram,yoshiakibayu,MBG BEBAN NEGARA🔥
17885751810514306,2026-04-26T02:00:35+00:00,1,https://www.instagram.com/p/DXgjNKaDO2r/,https://www.instagram.com/p/DXgjNKaDO2r/?comment_id=17885751810514306,scraping_instagram,inuuuinuuu,Orang bodok dikaish jabatan ya gini😂
18129365866563638,2026-04-26T01:59:07+00:00,1,https://www.instagram.com/p/DXgjNKaDO2r/,https://www.instagram.com/p/DXgjNKaDO2r/?comment_id=18129365866563638,scraping_instagram,zulfiana.setyaningsih,Mau liat pria ini 15 tahun lagi
17874453813597635,2026-04-26T01:58:48+00:00,1,https://www.instagram.com/p/DXgjNKaDO2r/,https://www.instagram.com/p/DXgjNKaDO2r/?comment_id=17874453813597635,scraping_instagram,herdiana6195,Aplikadi nettwork blom masuk 559m min
18041106209787144,2026-04-26T01:47:39+00:00,1,https://www.instagram.com/p/DXgjNKaDO2r/,https://www.instagram.com/p/DXgjNKaDO2r/?comment_id=18041106209787144,scraping_instagram,bukansiapa330,Duit rakyat bukan duit elu Setan!
18063420290397250,2026-04-26T01:45:41+00:00,1,https://www.instagram.com/p/DXgjNKaDO2r/,https://www.instagram.com/p/DXgjNKaDO2r/?comment_id=18063420290397250,scraping_instagram,okyzuhdi19,The real samp4h masyarakat
18208401490329258,2026-04-26T01:44:48+00:00,1,https://www.instagram.com/p/DXgjNKaDO2r/,https://www.instagram.com/p/DXgjNKaDO2r/?comment_id=18208401490329258,scraping_instagram,riz.nendy,Dasar dadan anjing botak tolol anak pelacur najis tidak berotak
18394006144156481,2026-04-26T01:41:28+00:00,1,https://www.instagram.com/p/DXgjNKaDO2r/,https://www.instagram.com/p/DXgjNKaDO2r/?comment_id=18394006144156481,scraping_instagram,rockenrollpapa,Proyek yang menyusahkan negara dan bangsa...manfaatnya kurang terasa bagi generasi kecuali yg masuk dalam oligarki dan mendapatkan proyek. Kedepannya harus milih penguasa yg tidak haus kekuasaan yang akhirnya hrs membayar dan menyenangkan circle-nya 😢
18336315169223862,2026-04-26T01:37:13+00:00,1,https://www.instagram.com/p/DXgjNKaDO2r/,https://www.instagram.com/p/DXgjNKaDO2r/?comment_id=18336315169223862,scraping_instagram,dryan11_,Slempak dibeliin juga gak 😂
17866197486616715,2026-04-26T01:35:58+00:00,1,https://www.instagram.com/p/DXgjNKaDO2r/,https://www.instagram.com/p/DXgjNKaDO2r/?comment_id=17866197486616715,scraping_instagram,prayogarulid,Efisiensi omon-omon
18338214883172962,2026-04-26T01:32:50+00:00,1,https://www.instagram.com/p/DXgjNKaDO2r/,https://www.instagram.com/p/DXgjNKaDO2r/?comment_id=18338214883172962,scraping_instagram,atjong_celebes,BAJINGAN BIADAB 🖕🏽
17972185202879350,2026-04-26T01:32:12+00:00,1,https://www.instagram.com/p/DXgjNKaDO2r/,https://www.instagram.com/p/DXgjNKaDO2r/?comment_id=17972185202879350,scraping_instagram,ayundaa90,Dakjal
17982813059827209,2026-04-26T01:30:44+00:00,1,https://www.instagram.com/p/DXgjNKaDO2r/,https://www.instagram.com/p/DXgjNKaDO2r/?comment_id=17982813059827209,scraping_instagram,riau_asik,Biadab
18101327750511803,2026-04-26T01:24:58+00:00,1,https://www.instagram.com/p/DXgjNKaDO2r/,https://www.instagram.com/p/DXgjNKaDO2r/?comment_id=18101327750511803,scraping_instagram,saegaleri,Usut @official.kpk
18097560625844780,2026-04-26T01:24:53+00:00,1,https://www.instagram.com/p/DXgjNKaDO2r/,https://www.instagram.com/p/DXgjNKaDO2r/?comment_id=18097560625844780,scraping_instagram,nuresawidyarsita,Blm dmasukkan pembuatan aplikasi tu brp m
18079287431419374,2026-04-26T01:24:04+00:00,1,https://www.instagram.com/p/DXgjNKaDO2r/,https://www.instagram.com/p/DXgjNKaDO2r/?comment_id=18079287431419374,scraping_instagram,nuresawidyarsita,Hura2
18108879311505270,2026-04-26T01:23:29+00:00,1,https://www.instagram.com/p/DXgjNKaDO2r/,https://www.instagram.com/p/DXgjNKaDO2r/?comment_id=18108879311505270,scraping_instagram,ibukhorii,Ini yang dimaksud bergizi kata dadan @fiqi.shafar
17942244441194126,2026-04-26T01:21:27+00:00,2,https://www.instagram.com/p/DXgjNKaDO2r/,https://www.instagram.com/p/DXgjNKaDO2r/?comment_id=17942244441194126,scraping_instagram,raditsx2,Kira2 masuk neraka jahanam ga ya ?
18078032300439919,2026-04-26T01:15:18+00:00,1,https://www.instagram.com/p/DXgjNKaDO2r/,https://www.instagram.com/p/DXgjNKaDO2r/?comment_id=18078032300439919,scraping_instagram,christianmichvee,Pak Purbaya mana nih suaranya ?? Masa belanja yang ngk penting gini bsa disetujui
18108701803881347,2026-04-26T01:10:35+00:00,1,https://www.instagram.com/p/DXgjNKaDO2r/,https://www.instagram.com/p/DXgjNKaDO2r/?comment_id=18108701803881347,scraping_instagram,fahmiazhaa__,😢
18080251004131246,2026-04-26T01:09:32+00:00,1,https://www.instagram.com/p/DXgjNKaDO2r/,https://www.instagram.com/p/DXgjNKaDO2r/?comment_id=18080251004131246,scraping_instagram,wayan_jangki,Duit kalau bukan dr dompet sendiri otak selalu ga prnh dipake
17885098236504449,2026-04-26T01:08:33+00:00,1,https://www.instagram.com/p/DXgjNKaDO2r/,https://www.instagram.com/p/DXgjNKaDO2r/?comment_id=17885098236504449,scraping_instagram,dwitcahyow,Penghambat pembangunan segala sektor 😢
17856590856638150,2026-04-26T01:06:43+00:00,1,https://www.instagram.com/p/DXgjNKaDO2r/,https://www.instagram.com/p/DXgjNKaDO2r/?comment_id=17856590856638150,scraping_instagram,reyrian___,
18114758794769396,2026-04-26T01:02:34+00:00,1,https://www.instagram.com/p/DXgjNKaDO2r/,https://www.instagram.com/p/DXgjNKaDO2r/?comment_id=18114758794769396,scraping_instagram,iwansurabaya8,Infonya ada pengadaan celana dalam
17997157751939897,2026-04-26T00:52:43+00:00,1,https://www.instagram.com/p/DXgjNKaDO2r/,https://www.instagram.com/p/DXgjNKaDO2r/?comment_id=17997157751939897,scraping_instagram,keisha.ladra,Orang di balik dia itu yg lbh bahaya
17875986744589670,2026-04-26T00:50:50+00:00,1,https://www.instagram.com/p/DXgjNKaDO2r/,https://www.instagram.com/p/DXgjNKaDO2r/?comment_id=17875986744589670,scraping_instagram,pilot.gundam,@official.kpk kapan gerak?
18455726581105085,2026-04-26T00:36:45+00:00,1,https://www.instagram.com/p/DXgjNKaDO2r/,https://www.instagram.com/p/DXgjNKaDO2r/?comment_id=18455726581105085,scraping_instagram,addaimohammed_10,@ahmad_hizam31 🙌🔥
17921886606125352,2026-04-26T00:31:18+00:00,1,https://www.instagram.com/p/DXgjNKaDO2r/,https://www.instagram.com/p/DXgjNKaDO2r/?comment_id=17921886606125352,scraping_instagram,hervana_febrian,"Zoom 5.7 milyar/ 9 bulan = 630 juta / bulan = layanan zoom 1 bulan 245 ribu maksimal,,, udah ga ngotak itu sisa anggaran bulanan kemanaaa"
18045628463775646,2026-04-26T00:21:11+00:00,1,https://www.instagram.com/p/DXgjNKaDO2r/,https://www.instagram.com/p/DXgjNKaDO2r/?comment_id=18045628463775646,scraping_instagram,sudaryanto922,Efisiensi versi orang tolol😂
17862873597561142,2026-04-26T00:12:55+00:00,1,https://www.instagram.com/p/DXgjNKaDO2r/,https://www.instagram.com/p/DXgjNKaDO2r/?comment_id=17862873597561142,scraping_instagram,sepatuoricikarang,"Sabar gaes belom balik modal nih, biaya kampanye joget2 kemaren mahal gaes"
18079750766548038,2026-04-26T00:07:40+00:00,1,https://www.instagram.com/p/DXgjNKaDO2r/,https://www.instagram.com/p/DXgjNKaDO2r/?comment_id=18079750766548038,scraping_instagram,muh_ichsanramadhan,Wkwkwkw silahkan nikmati pilihan kaliand..🔥
18068587958326117,2026-04-26T00:00:07+00:00,1,https://www.instagram.com/p/DXgjNKaDO2r/,https://www.instagram.com/p/DXgjNKaDO2r/?comment_id=18068587958326117,scraping_instagram,yudhasuryawan,Sumpah gak ikhlas dengan pajak gw untuk pemerintah hal seperti ini.
18110254036846825,2026-04-25T23:50:49+00:00,1,https://www.instagram.com/p/DXgjNKaDO2r/,https://www.instagram.com/p/DXgjNKaDO2r/?comment_id=18110254036846825,scraping_instagram,bangmuclis,Program bagus ditangan orang rakus
18075159029235007,2026-04-25T23:47:45+00:00,1,https://www.instagram.com/p/DXgjNKaDO2r/,https://www.instagram.com/p/DXgjNKaDO2r/?comment_id=18075159029235007,scraping_instagram,liam_kov,DADAN PENIPU
18194657842361446,2026-04-25T23:37:15+00:00,1,https://www.instagram.com/p/DXgjNKaDO2r/,https://www.instagram.com/p/DXgjNKaDO2r/?comment_id=18194657842361446,scraping_instagram,nanakusumaaa,"Kalo g M atau T g puas kali ya, serakah g ada ukurannya nih"
18150168205472632,2026-04-25T23:28:12+00:00,1,https://www.instagram.com/p/DXgjNKaDO2r/,https://www.instagram.com/p/DXgjNKaDO2r/?comment_id=18150168205472632,scraping_instagram,topaaa_prabuu,"SMUA DIBUAT PROYEK, TAII"
17924957349298704,2026-04-25T23:23:02+00:00,1,https://www.instagram.com/p/DXgjNKaDO2r/,https://www.instagram.com/p/DXgjNKaDO2r/?comment_id=17924957349298704,scraping_instagram,badru_solihi,@official.kpk
18106368230496038,2026-04-25T23:07:56+00:00,1,https://www.instagram.com/p/DXgjNKaDO2r/,https://www.instagram.com/p/DXgjNKaDO2r/?comment_id=18106368230496038,scraping_instagram,ramadianptrzr,Mirip kali beliau sama karakter tikus ratattoulli 😂😂
18108534941500064,2026-04-25T22:58:03+00:00,13,https://www.instagram.com/p/DXgjNKaDO2r/,https://www.instagram.com/p/DXgjNKaDO2r/?comment_id=18108534941500064,scraping_instagram,agunghawai,Presiden mah bodo amat… kan itu program nya dia… mau 1000 T per hari juga bakalan cuek dia… 😂
18062110637504953,2026-04-25T22:50:23+00:00,2,https://www.instagram.com/p/DXgjNKaDO2r/,https://www.instagram.com/p/DXgjNKaDO2r/?comment_id=18062110637504953,scraping_instagram,abdoellahbdoel,Belum license zoom yang gak masuk akal. Itu zoom meeting bareng malaikat apa gimana?
18123985033715088,2026-04-25T22:48:33+00:00,1,https://www.instagram.com/p/DXgjNKaDO2r/,https://www.instagram.com/p/DXgjNKaDO2r/?comment_id=18123985033715088,scraping_instagram,kausar98_,Capek kali liat sibotak ini korupsi terang2an tapi gakda kenak apa2🗿
18069169931665905,2026-04-25T22:47:24+00:00,1,https://www.instagram.com/p/DXgjNKaDO2r/,https://www.instagram.com/p/DXgjNKaDO2r/?comment_id=18069169931665905,scraping_instagram,yuhuy.666,Presiden gak guna
18113512135696695,2026-04-25T22:40:43+00:00,1,https://www.instagram.com/p/DXgjNKaDO2r/,https://www.instagram.com/p/DXgjNKaDO2r/?comment_id=18113512135696695,scraping_instagram,nhdyt35,🐒
18129232537585615,2026-04-25T22:36:01+00:00,46,https://www.instagram.com/p/DXgjNKaDO2r/,https://www.instagram.com/p/DXgjNKaDO2r/?comment_id=18129232537585615,scraping_instagram,harsono6786,Hrs rakyat yg bergerak serentak utk tutup program MBG
18390841528084567,2026-04-25T22:28:20+00:00,1,https://www.instagram.com/p/DXgjNKaDO2r/,https://www.instagram.com/p/DXgjNKaDO2r/?comment_id=18390841528084567,scraping_instagram,andie112777,Dadan kont**
18099713638833982,2026-04-25T22:25:03+00:00,1,https://www.instagram.com/p/DXgjNKaDO2r/,https://www.instagram.com/p/DXgjNKaDO2r/?comment_id=18099713638833982,scraping_instagram,fieyyboop,@prabowo
17986124420971788,2026-04-25T22:02:15+00:00,1,https://www.instagram.com/p/DXgjNKaDO2r/,https://www.instagram.com/p/DXgjNKaDO2r/?comment_id=17986124420971788,scraping_instagram,yusuftyar,Belum rumah subsidi
17960509209114435,2026-04-25T22:01:28+00:00,1,https://www.instagram.com/p/DXgjNKaDO2r/,https://www.instagram.com/p/DXgjNKaDO2r/?comment_id=17960509209114435,scraping_instagram,yusuftyar,Semua itu hanya kejar target dengan alokasi anggaran dari pemerintah biar gak sisa jadi tahun depan bisa d tambah anggaran yah🔥emang harus segera d sumpel tanah tuh mulut 🔥
17887036314536767,2026-04-25T21:06:06+00:00,1,https://www.instagram.com/p/DXgjNKaDO2r/,https://www.instagram.com/p/DXgjNKaDO2r/?comment_id=17887036314536767,scraping_instagram,alexandergebe,KPK tai ...
18071950301270160,2026-04-25T21:02:44+00:00,2,https://www.instagram.com/p/DXgjNKaDO2r/,https://www.instagram.com/p/DXgjNKaDO2r/?comment_id=18071950301270160,scraping_instagram,ss4hendra,Efisiensi berkedok pejabat koruptor😂😂😂😂😂😂
18099695447515364,2026-04-25T20:47:02+00:00,1,https://www.instagram.com/p/DXgjNKaDO2r/,https://www.instagram.com/p/DXgjNKaDO2r/?comment_id=18099695447515364,scraping_instagram,khoi20_,"Bisaan ya dari muka nya keliatan banget tuh orang kaya di film2 karakter nya : JAHAT, LICIK, TAMAK, BIADAB"
18102114145786436,2026-04-25T20:33:09+00:00,1,https://www.instagram.com/p/DXgjNKaDO2r/,https://www.instagram.com/p/DXgjNKaDO2r/?comment_id=18102114145786436,scraping_instagram,evert_adrian,nyayurnyoo
18079958699530159,2026-04-25T20:07:05+00:00,1,https://www.instagram.com/p/DXgjNKaDO2r/,https://www.instagram.com/p/DXgjNKaDO2r/?comment_id=18079958699530159,scraping_instagram,aditya_tetsuya48,"Jgn lupa langgan zoom meeting dari April sampe Desember 5,7 M 😂😂😂😂"
17898777945278496,2026-04-25T18:46:22+00:00,1,https://www.instagram.com/p/DXgjNKaDO2r/,https://www.instagram.com/p/DXgjNKaDO2r/?comment_id=17898777945278496,scraping_instagram,dembeno,Botak bajingan!!
18132079027486122,2026-04-25T18:40:42+00:00,1,https://www.instagram.com/p/DXgjNKaDO2r/,https://www.instagram.com/p/DXgjNKaDO2r/?comment_id=18132079027486122,scraping_instagram,ilhammahone,The real bagi bagi proyek😂
17956188570102141,2026-04-25T18:27:06+00:00,1,https://www.instagram.com/p/DXgjNKaDO2r/,https://www.instagram.com/p/DXgjNKaDO2r/?comment_id=17956188570102141,scraping_instagram,sidorabi.invitation,"Matane kpk, jaksa, polisi do WUTO Kabeh!!!"
17924593497295099,2026-04-25T18:00:57+00:00,1,https://www.instagram.com/p/DXgjNKaDO2r/,https://www.instagram.com/p/DXgjNKaDO2r/?comment_id=17924593497295099,scraping_instagram,iqbalobai_,Bener ga sih penasaran ini @gibran_rakabuming
17999277575755403,2026-04-25T17:21:58+00:00,1,https://www.instagram.com/p/DXgjNKaDO2r/,https://www.instagram.com/p/DXgjNKaDO2r/?comment_id=17999277575755403,scraping_instagram,niea.lain09,Males banget bayar pajak cuma buat biayain MBG yg ga jelas juntrungannya
17960276955114242,2026-04-25T17:11:58+00:00,1,https://www.instagram.com/p/DXgjNKaDO2r/,https://www.instagram.com/p/DXgjNKaDO2r/?comment_id=17960276955114242,scraping_instagram,nzieman02,liat muka nya PICABOKEUN
17956986630120894,2026-04-25T17:11:30+00:00,1,https://www.instagram.com/p/DXgjNKaDO2r/,https://www.instagram.com/p/DXgjNKaDO2r/?comment_id=17956986630120894,scraping_instagram,davidtheonardee,"Gmn ya rasanya jd Lord Dadan, ahli serangga yg mukanya tiap ari muncul & dihujat di smua sosmed 🪳🪳🪳"
18021828542824316,2026-04-25T17:03:16+00:00,1,https://www.instagram.com/p/DXgjNKaDO2r/,https://www.instagram.com/p/DXgjNKaDO2r/?comment_id=18021828542824316,scraping_instagram,jeffsindhu,Pantes sisa 120 T apbn negara dolar udh 17300 kacauu
17884769862517642,2026-04-25T17:02:57+00:00,1,https://www.instagram.com/p/DXgjNKaDO2r/,https://www.instagram.com/p/DXgjNKaDO2r/?comment_id=17884769862517642,scraping_instagram,jeffsindhu,Harus direvolusi ini.mbg ga guna memantik kemarahan rakyat.kaos kaki semir embel2 org ladang korupsi smua
18124329550611409,2026-04-25T16:54:44+00:00,1,https://www.instagram.com/p/DXgjNKaDO2r/,https://www.instagram.com/p/DXgjNKaDO2r/?comment_id=18124329550611409,scraping_instagram,muh.dika62,Botol jancok😡
17906982174224531,2026-04-25T16:52:04+00:00,1,https://www.instagram.com/p/DXgjNKaDO2r/,https://www.instagram.com/p/DXgjNKaDO2r/?comment_id=17906982174224531,scraping_instagram,e.s.a_studio,"Jangan di hujat yaaaa, ini orang kesayangan presiden, habis ini dapet penghargaan lagi"
18058901609687433,2026-04-25T16:31:52+00:00,1,https://www.instagram.com/p/DXgjNKaDO2r/,https://www.instagram.com/p/DXgjNKaDO2r/?comment_id=18058901609687433,scraping_instagram,irmahidayah10,Mental health aq kena kalo lihat berita MBG ni 😭😭😭😭😭😭
18401498623145518,2026-04-25T16:30:28+00:00,1,https://www.instagram.com/p/DXgjNKaDO2r/,https://www.instagram.com/p/DXgjNKaDO2r/?comment_id=18401498623145518,scraping_instagram,rangga.lnd_32,Ngsuk sisan cawet mbg
18034231028637375,2026-04-25T16:24:14+00:00,1,https://www.instagram.com/p/DXgjNKaDO2r/,https://www.instagram.com/p/DXgjNKaDO2r/?comment_id=18034231028637375,scraping_instagram,dwiraros,Ini nih yang nama nya merugikan negara @official.kpk
18101593918998989,2026-04-25T16:24:08+00:00,1,https://www.instagram.com/p/DXgjNKaDO2r/,https://www.instagram.com/p/DXgjNKaDO2r/?comment_id=18101593918998989,scraping_instagram,ganip_nr,efisiensi nih bosss 👏
18065477339352555,2026-04-25T16:13:27+00:00,1,https://www.instagram.com/p/DXgjNKaDO2r/,https://www.instagram.com/p/DXgjNKaDO2r/?comment_id=18065477339352555,scraping_instagram,personadellaluna,Udah muak muka dia lewat mulu
17883029148398085,2026-04-25T16:02:50+00:00,2,https://www.instagram.com/p/DXgjNKaDO2r/,https://www.instagram.com/p/DXgjNKaDO2r/?comment_id=17883029148398085,scraping_instagram,mr.naisse,Sintingggggg
18178187035353824,2026-04-25T15:55:33+00:00,1,https://www.instagram.com/p/DXgjNKaDO2r/,https://www.instagram.com/p/DXgjNKaDO2r/?comment_id=18178187035353824,scraping_instagram,dinar_junar,Mukanya ngeselin ya
17983093823995792,2026-04-25T15:49:22+00:00,1,https://www.instagram.com/p/DXgjNKaDO2r/,https://www.instagram.com/p/DXgjNKaDO2r/?comment_id=17983093823995792,scraping_instagram,andrisumantrii,Da
18116530432778521,2026-04-25T15:43:18+00:00,1,https://www.instagram.com/p/DXgjNKaDO2r/,https://www.instagram.com/p/DXgjNKaDO2r/?comment_id=18116530432778521,scraping_instagram,dio_dalimunthe86,Senyum ibliss
17866555950672998,2026-04-25T15:41:58+00:00,1,https://www.instagram.com/p/DXgjNKaDO2r/,https://www.instagram.com/p/DXgjNKaDO2r/?comment_id=17866555950672998,scraping_instagram,ceklim_store,BGN babbiii biadap anjeengggy
17871152367664722,2026-04-25T15:40:41+00:00,2,https://www.instagram.com/p/DXgjNKaDO2r/,https://www.instagram.com/p/DXgjNKaDO2r/?comment_id=17871152367664722,scraping_instagram,zulian_arif,Yg Laen penghematan yg ini jor joran😂
18118962649656216,2026-04-25T15:37:55+00:00,1,https://www.instagram.com/p/DXgjNKaDO2r/,https://www.instagram.com/p/DXgjNKaDO2r/?comment_id=18118962649656216,scraping_instagram,cesariobudip,Pengadaan mengada2
18045013082543536,2026-04-25T15:36:55+00:00,1,https://www.instagram.com/p/DXgjNKaDO2r/,https://www.instagram.com/p/DXgjNKaDO2r/?comment_id=18045013082543536,scraping_instagram,fatimahway_,Bener bener seterang itu ngelakuin dosanya 😢
18406184260195155,2026-04-25T15:33:31+00:00,1,https://www.instagram.com/p/DXgjNKaDO2r/,https://www.instagram.com/p/DXgjNKaDO2r/?comment_id=18406184260195155,scraping_instagram,andriansyah.ie,
18125830351593452,2026-04-25T15:33:18+00:00,1,https://www.instagram.com/p/DXgjNKaDO2r/,https://www.instagram.com/p/DXgjNKaDO2r/?comment_id=18125830351593452,scraping_instagram,andriansyah.ie,
18074768384239027,2026-04-25T15:26:06+00:00,8,https://www.instagram.com/p/DXgjNKaDO2r/,https://www.instagram.com/p/DXgjNKaDO2r/?comment_id=18074768384239027,scraping_instagram,refiepih,Udah heboh dan viral gini masa @prabowo atau KPK ngga safar juga?
18123626980534620,2026-04-25T15:21:10+00:00,1,https://www.instagram.com/p/DXgjNKaDO2r/,https://www.instagram.com/p/DXgjNKaDO2r/?comment_id=18123626980534620,scraping_instagram,syahrialarif,"Ni kurang 1 pengadaannya BGN.. Harusnya mereka bikin pengadaan amoldipine, sekian milliar, bagi rakyat2 yg naek darah ngeliat tingkah mereka.."
18090031157246713,2026-04-25T15:20:54+00:00,1,https://www.instagram.com/p/DXgjNKaDO2r/,https://www.instagram.com/p/DXgjNKaDO2r/?comment_id=18090031157246713,scraping_instagram,fajaryulianto1,Uang pajak kita hanya jadi bancakan korupsi
18081754532626416,2026-04-25T15:19:33+00:00,1,https://www.instagram.com/p/DXgjNKaDO2r/,https://www.instagram.com/p/DXgjNKaDO2r/?comment_id=18081754532626416,scraping_instagram,agilsirozi_,Setres
17864908326546802,2026-04-25T15:14:09+00:00,1,https://www.instagram.com/p/DXgjNKaDO2r/,https://www.instagram.com/p/DXgjNKaDO2r/?comment_id=17864908326546802,scraping_instagram,ismunandar420,Kepla bgn anjngggg
18078179372163870,2026-04-25T14:54:15+00:00,1,https://www.instagram.com/p/DXgjNKaDO2r/,https://www.instagram.com/p/DXgjNKaDO2r/?comment_id=18078179372163870,scraping_instagram,annasekaa,"Bukan efisien, tapi pengalihan anggaran ke MBG besar²an"
18443807875112894,2026-04-25T14:52:57+00:00,1,https://www.instagram.com/p/DXgjNKaDO2r/,https://www.instagram.com/p/DXgjNKaDO2r/?comment_id=18443807875112894,scraping_instagram,saltyliquid99,"Aseeeekk yang oenting dapet proyek, anggaran keluar"
18111944707828339,2026-04-25T14:50:59+00:00,2,https://www.instagram.com/p/DXgjNKaDO2r/,https://www.instagram.com/p/DXgjNKaDO2r/?comment_id=18111944707828339,scraping_instagram,dedehamb,"Apa apa naik, gapapa yang penting MBG harus makin jadi teruusss"
18104288675511103,2026-04-25T14:48:43+00:00,2,https://www.instagram.com/p/DXgjNKaDO2r/,https://www.instagram.com/p/DXgjNKaDO2r/?comment_id=18104288675511103,scraping_instagram,rianigraa,Ah muak serius
18120121048653229,2026-04-25T14:44:36+00:00,2,https://www.instagram.com/p/DXgjNKaDO2r/,https://www.instagram.com/p/DXgjNKaDO2r/?comment_id=18120121048653229,scraping_instagram,bandooot,Senyum dadan
18110674270849231,2026-04-25T14:42:51+00:00,2,https://www.instagram.com/p/DXgjNKaDO2r/,https://www.instagram.com/p/DXgjNKaDO2r/?comment_id=18110674270849231,scraping_instagram,marc_b_official,"Copot saja pak @prabowo , @gibran_rakabuming ... Malah dikerjain untuk nghambur2 in dana. Bukan di maksimalkan tapi di boros borosin makannnaya malah makin kere brutal"
17862239727625209,2026-04-25T14:27:11+00:00,2,https://www.instagram.com/p/DXgjNKaDO2r/,https://www.instagram.com/p/DXgjNKaDO2r/?comment_id=17862239727625209,scraping_instagram,andanaekky,Ada yg tau rumahnya gak? Ke sono yuk minta kerjaan
18088154348198353,2026-04-25T14:18:08+00:00,2,https://www.instagram.com/p/DXgjNKaDO2r/,https://www.instagram.com/p/DXgjNKaDO2r/?comment_id=18088154348198353,scraping_instagram,ptrcvn__,Karepmu pak
17890293702464988,2026-04-25T14:17:27+00:00,3,https://www.instagram.com/p/DXgjNKaDO2r/,https://www.instagram.com/p/DXgjNKaDO2r/?comment_id=17890293702464988,scraping_instagram,arganramadhan1,Terang benderang nih @official.kpk
17892494511331599,2026-04-25T14:14:09+00:00,5,https://www.instagram.com/p/DXgjNKaDO2r/,https://www.instagram.com/p/DXgjNKaDO2r/?comment_id=17892494511331599,scraping_instagram,ninin.april,@official.kpk diem diem aja nih ??
18193186831363323,2026-04-25T14:10:23+00:00,3,https://www.instagram.com/p/DXgjNKaDO2r/,https://www.instagram.com/p/DXgjNKaDO2r/?comment_id=18193186831363323,scraping_instagram,minariasamarinda,Parah
17910444306196378,2026-04-25T13:55:52+00:00,4,https://www.instagram.com/p/DXgjNKaDO2r/,https://www.instagram.com/p/DXgjNKaDO2r/?comment_id=17910444306196378,scraping_instagram,hestiarianti,"Ini baru tahun ini pengadaan, besok pengadaan apa lagi? Begini amat jadi rakyat Indonesia, udah kaya gini kenapa ga ada yg demo yah 🥹"
18062082137417884,2026-04-25T13:55:35+00:00,2,https://www.instagram.com/p/DXgjNKaDO2r/,https://www.instagram.com/p/DXgjNKaDO2r/?comment_id=18062082137417884,scraping_instagram,agung.handoko.31105,Mau nggarong
17850449982677174,2026-04-25T13:53:19+00:00,2,https://www.instagram.com/p/DXgjNKaDO2r/,https://www.instagram.com/p/DXgjNKaDO2r/?comment_id=17850449982677174,scraping_instagram,robbygunawann,Isi ompreng cuman di bawah 15rb tapi tek Tek bengeknya gak ngontak
18518225164073337,2026-04-25T13:47:31+00:00,2,https://www.instagram.com/p/DXgjNKaDO2r/,https://www.instagram.com/p/DXgjNKaDO2r/?comment_id=18518225164073337,scraping_instagram,mr_smile_officially,Untungnya mayoritas rakyat rakyatnya pengecut
17875511964456660,2026-04-25T13:41:01+00:00,2,https://www.instagram.com/p/DXgjNKaDO2r/,https://www.instagram.com/p/DXgjNKaDO2r/?comment_id=17875511964456660,scraping_instagram,dhanynl,Kenyang2 makan uang rakyat
18112739920809771,2026-04-25T13:39:48+00:00,2,https://www.instagram.com/p/DXgjNKaDO2r/,https://www.instagram.com/p/DXgjNKaDO2r/?comment_id=18112739920809771,scraping_instagram,dinar_junar,Mukanya ngeselin ya
18265748701290340,2026-04-25T13:37:13+00:00,2,https://www.instagram.com/p/DXgjNKaDO2r/,https://www.instagram.com/p/DXgjNKaDO2r/?comment_id=18265748701290340,scraping_instagram,evie_wuwungan,Sampe sendok bebek dibeli?? sekian milyar???? Terbuat dari emas? Di olshop 120 biji cm 9rb an....😮
18089270951223216,2026-04-25T13:19:54+00:00,2,https://www.instagram.com/p/DXgjNKaDO2r/,https://www.instagram.com/p/DXgjNKaDO2r/?comment_id=18089270951223216,scraping_instagram,rikyrranda,Pen muntah ngeliat si botak satu ini 🤮
17997025581135819,2026-04-25T13:15:55+00:00,2,https://www.instagram.com/p/DXgjNKaDO2r/,https://www.instagram.com/p/DXgjNKaDO2r/?comment_id=17997025581135819,scraping_instagram,twistnshout_h,Sakit jiwa. Ikat pinggang buat apa coba...main nya terlalu kasar
18081822407455672,2026-04-25T13:14:47+00:00,4,https://www.instagram.com/p/DXgjNKaDO2r/,https://www.instagram.com/p/DXgjNKaDO2r/?comment_id=18081822407455672,scraping_instagram,blackhorsefootballclub,Menyala t1kussss ku🔥
18071881070281091,2026-04-25T13:13:15+00:00,2,https://www.instagram.com/p/DXgjNKaDO2r/,https://www.instagram.com/p/DXgjNKaDO2r/?comment_id=18071881070281091,scraping_instagram,hadiat_dfr,"Ga ada yang bisa santet kah , kalo ada sekarang gapapa  sudah muak dengan tingkah dia"
18078776006444204,2026-04-25T13:07:12+00:00,2,https://www.instagram.com/p/DXgjNKaDO2r/,https://www.instagram.com/p/DXgjNKaDO2r/?comment_id=18078776006444204,scraping_instagram,wardinature,@official.kpk
17916890388359499,2026-04-25T13:00:05+00:00,5,https://www.instagram.com/p/DXgjNKaDO2r/,https://www.instagram.com/p/DXgjNKaDO2r/?comment_id=17916890388359499,scraping_instagram,hendhihardian,program yg gagal total tp gk prnh mrasa & lanjut buang2 duit
18080280434419249,2026-04-25T12:59:08+00:00,2,https://www.instagram.com/p/DXgjNKaDO2r/,https://www.instagram.com/p/DXgjNKaDO2r/?comment_id=18080280434419249,scraping_instagram,sobnopall,"Sumpah pengen ku injek² tuh orang gedeg banget liatnya, gak ada kah kita ada Demo Besar-besaran yang menyangkut semua pihak untuk melumpuhkan rezim pemerintahan prabowo ini?"
17867824371612945,2026-04-25T12:58:35+00:00,3,https://www.instagram.com/p/DXgjNKaDO2r/,https://www.instagram.com/p/DXgjNKaDO2r/?comment_id=17867824371612945,scraping_instagram,chuwy_jhe,Cuan berjamaah buat program oligarki 😂 jadi kalo nanti kena ia semua bukan 1 saja
18150809431486284,2026-04-25T12:56:50+00:00,2,https://www.instagram.com/p/DXgjNKaDO2r/,https://www.instagram.com/p/DXgjNKaDO2r/?comment_id=18150809431486284,scraping_instagram,andripra89,Pengadaan ga ada GUNA.... Akal akalan biar bs d Korupsi .... memang bikin Kacau orang ini
17984727332812859,2026-04-25T12:52:33+00:00,2,https://www.instagram.com/p/DXgjNKaDO2r/,https://www.instagram.com/p/DXgjNKaDO2r/?comment_id=17984727332812859,scraping_instagram,mbayupw14,
18389293855093168,2026-04-25T12:50:50+00:00,2,https://www.instagram.com/p/DXgjNKaDO2r/,https://www.instagram.com/p/DXgjNKaDO2r/?comment_id=18389293855093168,scraping_instagram,acs_clt,"Beras sudah 16.000,"
18098889533079855,2026-04-25T12:46:38+00:00,4,https://www.instagram.com/p/DXgjNKaDO2r/,https://www.instagram.com/p/DXgjNKaDO2r/?comment_id=18098889533079855,scraping_instagram,fetreonegeo,"Wait, bukan nya sistem nya MITRA, jadi harusnya semuanya disediakan pemilik SPPG, dari BGN tinggal membayar seharga jumlah makanan yg dimasak, 😮"
18075880514634556,2026-04-25T12:46:02+00:00,2,https://www.instagram.com/p/DXgjNKaDO2r/,https://www.instagram.com/p/DXgjNKaDO2r/?comment_id=18075880514634556,scraping_instagram,andikasetia96,Enek bgt gw liat mukanya
17886072981483244,2026-04-25T12:41:55+00:00,2,https://www.instagram.com/p/DXgjNKaDO2r/,https://www.instagram.com/p/DXgjNKaDO2r/?comment_id=17886072981483244,scraping_instagram,pambudiwaskito,RAJA HERODES
18000595271916243,2026-04-25T12:40:01+00:00,2,https://www.instagram.com/p/DXgjNKaDO2r/,https://www.instagram.com/p/DXgjNKaDO2r/?comment_id=18000595271916243,scraping_instagram,yogii.k07,@wiwit_eko
18567284530020588,2026-04-25T12:36:19+00:00,2,https://www.instagram.com/p/DXgjNKaDO2r/,https://www.instagram.com/p/DXgjNKaDO2r/?comment_id=18567284530020588,scraping_instagram,raden_mas_ujang_fery,Ddn 🐗🐗🐗🐗
18248399038306454,2026-04-25T12:32:19+00:00,2,https://www.instagram.com/p/DXgjNKaDO2r/,https://www.instagram.com/p/DXgjNKaDO2r/?comment_id=18248399038306454,scraping_instagram,jajangnurjamanofficial,"Untuk para guru juga lengkapi: Seragam lengkap (Baju, celana, sepatu, kaos kaki) tas, laptop, motor, sabuk, dasi, jas hujan dan jaket motoran, pulpen, Potlot, serutan, buku tulis, board marker. Ada yang kurang? Silahkan tambahkan."
17856044847649989,2026-04-25T12:23:06+00:00,9,https://www.instagram.com/p/DXgjNKaDO2r/,https://www.instagram.com/p/DXgjNKaDO2r/?comment_id=17856044847649989,scraping_instagram,infojaksabang,"Semakin menjadi-jadi diatas penderitaan rakyat.. rakyat semakin menjerit, malah dia berseliweran menghamburkan uang untuk kemewahan... Yuk, suarakan #stopMBG #boikotMBG  #pajakbukanuntukMBG #"
18182839306380765,2026-04-25T12:21:53+00:00,2,https://www.instagram.com/p/DXgjNKaDO2r/,https://www.instagram.com/p/DXgjNKaDO2r/?comment_id=18182839306380765,scraping_instagram,dimhong_3661,Uedaaaan🔥
17915539902165678,2026-04-25T12:12:41+00:00,2,https://www.instagram.com/p/DXgjNKaDO2r/,https://www.instagram.com/p/DXgjNKaDO2r/?comment_id=17915539902165678,scraping_instagram,ndrandol604,Si botak membelanjakan anggaran bukan buat program mbg tapi program buka toko😂😂😂
17961055503081198,2026-04-25T12:02:54+00:00,2,https://www.instagram.com/p/DXgjNKaDO2r/,https://www.instagram.com/p/DXgjNKaDO2r/?comment_id=17961055503081198,scraping_instagram,dee.yusuf,Rakyat sudah muak lihat ketololan pemerintahan skrng..🖕
18093758645162626,2026-04-25T11:58:21+00:00,5,https://www.instagram.com/p/DXgjNKaDO2r/,https://www.instagram.com/p/DXgjNKaDO2r/?comment_id=18093758645162626,scraping_instagram,rhino_hndro,"Jiwa bisnisnya emang liar, makanya dirawat negara yg beginian 😂"
18061901216432089,2026-04-25T11:54:48+00:00,2,https://www.instagram.com/p/DXgjNKaDO2r/,https://www.instagram.com/p/DXgjNKaDO2r/?comment_id=18061901216432089,scraping_instagram,reno_rezeanno,Wajah maling uang negara 😂😂😂
18071647343288266,2026-04-25T11:54:06+00:00,4,https://www.instagram.com/p/DXgjNKaDO2r/,https://www.instagram.com/p/DXgjNKaDO2r/?comment_id=18071647343288266,scraping_instagram,irnaw82,Merugikan negara
17911735182384778,2026-04-25T11:53:38+00:00,3,https://www.instagram.com/p/DXgjNKaDO2r/,https://www.instagram.com/p/DXgjNKaDO2r/?comment_id=17911735182384778,scraping_instagram,irnaw82,Presiden suruh efisiensi lho
17989283942795004,2026-04-25T11:49:29+00:00,4,https://www.instagram.com/p/DXgjNKaDO2r/,https://www.instagram.com/p/DXgjNKaDO2r/?comment_id=17989283942795004,scraping_instagram,noorhadiansjah,@official.kpk semoga tidak cupu didepan botol ini
18200840026352945,2026-04-25T11:46:33+00:00,2,https://www.instagram.com/p/DXgjNKaDO2r/,https://www.instagram.com/p/DXgjNKaDO2r/?comment_id=18200840026352945,scraping_instagram,kikii_md,Mantap men
18059286083467029,2026-04-25T11:45:01+00:00,3,https://www.instagram.com/p/DXgjNKaDO2r/,https://www.instagram.com/p/DXgjNKaDO2r/?comment_id=18059286083467029,scraping_instagram,apipadtyprtm,Maenya gaji gede teu kabeli kaos kaki kaos kaki acan
18386171575092331,2026-04-25T11:44:56+00:00,30,https://www.instagram.com/p/DXgjNKaDO2r/,https://www.instagram.com/p/DXgjNKaDO2r/?comment_id=18386171575092331,scraping_instagram,y_ogiwibawa,"Alumni terbaik IPB, dosen IPB.....benar benar apakah pemikiran dan perilakunya mencermin IPB ?? Luaar biasa IPB menghasilkan alumni pilihan"
18096630011030015,2026-04-25T11:41:03+00:00,2,https://www.instagram.com/p/DXgjNKaDO2r/,https://www.instagram.com/p/DXgjNKaDO2r/?comment_id=18096630011030015,scraping_instagram,rinaldysim,Dah capek guys 🙃
18104615245937468,2026-04-25T11:39:56+00:00,4,https://www.instagram.com/p/DXgjNKaDO2r/,https://www.instagram.com/p/DXgjNKaDO2r/?comment_id=18104615245937468,scraping_instagram,paulus.chang,klo udah jadi bancakan banyak orang mah udah susah...pada tutup mata...padahal ekonomi makin hancurrrr
18100700264321169,2026-04-25T11:33:30+00:00,2,https://www.instagram.com/p/DXgjNKaDO2r/,https://www.instagram.com/p/DXgjNKaDO2r/?comment_id=18100700264321169,scraping_instagram,deni.yaya,Mukanya ngeselin tot 😂
18086559458354678,2026-04-25T11:30:10+00:00,18,https://www.instagram.com/p/DXgjNKaDO2r/,https://www.instagram.com/p/DXgjNKaDO2r/?comment_id=18086559458354678,scraping_instagram,_mukhtadiakbar,"Purbaya Mati Matian jaga APBN.ni malah menghamburkan"" uang😢.."
17942304792196996,2026-04-25T11:29:03+00:00,4,https://www.instagram.com/p/DXgjNKaDO2r/,https://www.instagram.com/p/DXgjNKaDO2r/?comment_id=17942304792196996,scraping_instagram,tony.arto1,Pinter skali anak ini.. Rmbut blm tumbuh full dh pinter😂
18113549758693624,2026-04-25T11:19:34+00:00,5,https://www.instagram.com/p/DXgjNKaDO2r/,https://www.instagram.com/p/DXgjNKaDO2r/?comment_id=18113549758693624,scraping_instagram,agustinaalverasima,Wkwkwkwkwk OPO ki @iffa_faiza 😂😂😂
17981114639834200,2026-04-25T11:08:50+00:00,2,https://www.instagram.com/p/DXgjNKaDO2r/,https://www.instagram.com/p/DXgjNKaDO2r/?comment_id=17981114639834200,scraping_instagram,danang.gmb,ngentekno duet negoro
17977339926008147,2026-04-25T10:56:41+00:00,2,https://www.instagram.com/p/DXgjNKaDO2r/,https://www.instagram.com/p/DXgjNKaDO2r/?comment_id=17977339926008147,scraping_instagram,jirain.yoga,"IJin pak, Presiden di bohongi  kok ga dipecat ni orang? @gibran_rakabuming @prabowo"
18100371409976097,2026-04-25T10:28:45+00:00,2,https://www.instagram.com/p/DXgjNKaDO2r/,https://www.instagram.com/p/DXgjNKaDO2r/?comment_id=18100371409976097,scraping_instagram,thirdspikemethod,Anak-anak kan 𝑴𝒂𝒌𝒂𝒏 𝑩𝒆𝒓𝒈𝒊𝒔𝒊 𝑮𝒓𝒂𝒕𝒊𝒔 yg pengurusnya juga butuh 🅼️🅰🅺️🅰🅽 ️🅱🅴🆁🅶🅸🆉🅸 donk 😂😂
18061310207424414,2026-04-25T10:27:44+00:00,2,https://www.instagram.com/p/DXgjNKaDO2r/,https://www.instagram.com/p/DXgjNKaDO2r/?comment_id=18061310207424414,scraping_instagram,emha_yusof,@prabowo @menumbg @gerindra Efisiensi Cap Tai Kucing
17868232299612776,2026-04-25T10:16:17+00:00,2,https://www.instagram.com/p/DXgjNKaDO2r/,https://www.instagram.com/p/DXgjNKaDO2r/?comment_id=17868232299612776,scraping_instagram,dhodytrihananto,Kenapa ada pembiaran?
18581124913035941,2026-04-25T09:59:34+00:00,2,https://www.instagram.com/p/DXgjNKaDO2r/,https://www.instagram.com/p/DXgjNKaDO2r/?comment_id=18581124913035941,scraping_instagram,cak.manu,Bergizi buat pejabat😮
18083834735383224,2026-04-25T09:41:04+00:00,2,https://www.instagram.com/p/DXgjNKaDO2r/,https://www.instagram.com/p/DXgjNKaDO2r/?comment_id=18083834735383224,scraping_instagram,alfaqier_assalim,Belum mobilnya.. belum gajinya
18317288497283032,2026-04-25T09:37:46+00:00,2,https://www.instagram.com/p/DXgjNKaDO2r/,https://www.instagram.com/p/DXgjNKaDO2r/?comment_id=18317288497283032,scraping_instagram,awiecfc,😆
18044807990539071,2026-04-25T09:32:40+00:00,2,https://www.instagram.com/p/DXgjNKaDO2r/,https://www.instagram.com/p/DXgjNKaDO2r/?comment_id=18044807990539071,scraping_instagram,deen_alqassam,Sialan dangkalan
18075162881227288,2026-04-25T09:28:14+00:00,2,https://www.instagram.com/p/DXgjNKaDO2r/,https://www.instagram.com/p/DXgjNKaDO2r/?comment_id=18075162881227288,scraping_instagram,agakuya95,@prabowo
18114939388748665,2026-04-25T09:27:11+00:00,2,https://www.instagram.com/p/DXgjNKaDO2r/,https://www.instagram.com/p/DXgjNKaDO2r/?comment_id=18114939388748665,scraping_instagram,harryseagal4,Predator anggaran
18155389684456661,2026-04-25T09:23:47+00:00,2,https://www.instagram.com/p/DXgjNKaDO2r/,https://www.instagram.com/p/DXgjNKaDO2r/?comment_id=18155389684456661,scraping_instagram,ijunkboy,😢😢😢😢
18580116634013198,2026-04-25T09:21:26+00:00,2,https://www.instagram.com/p/DXgjNKaDO2r/,https://www.instagram.com/p/DXgjNKaDO2r/?comment_id=18580116634013198,scraping_instagram,baguszia,Seandaine tragedi Nepal bisa terjadi di gedung orang ini dan orang botak ini di massa🔥
18070717829661608,2026-04-25T09:03:21+00:00,2,https://www.instagram.com/p/DXgjNKaDO2r/,https://www.instagram.com/p/DXgjNKaDO2r/?comment_id=18070717829661608,scraping_instagram,idris.id_,"Dia malah berbangga sanggup menghabiskan atas penyerapan anggaran yg sangat besar tsb. Kalau soal menghabiskan duit siapapun bisa, yg sulit adalah mendapatkan penghasilan, itulah yg pantas dibanggakan."
18090226199352972,2026-04-25T09:00:32+00:00,2,https://www.instagram.com/p/DXgjNKaDO2r/,https://www.instagram.com/p/DXgjNKaDO2r/?comment_id=18090226199352972,scraping_instagram,arliston.official,@kejaksaan.ri gak ada respon dengan ni orang yah. Anggaran nya aneh2
18097901711013799,2026-04-25T08:59:28+00:00,2,https://www.instagram.com/p/DXgjNKaDO2r/,https://www.instagram.com/p/DXgjNKaDO2r/?comment_id=18097901711013799,scraping_instagram,arliston.official,Harusnya @official.kpk dan @dpr_ri jgn diam aja. Yg bener aja dana kek gini. Kami yg rakyat bingung
17989960976954999,2026-04-25T08:59:07+00:00,2,https://www.instagram.com/p/DXgjNKaDO2r/,https://www.instagram.com/p/DXgjNKaDO2r/?comment_id=17989960976954999,scraping_instagram,andyka008,"Rakyat harus kompak stop bayar pajak, Pemerintah di titipin uang dari rakyat itu buat bangun negara bukan buat di hambur²in untuk kepentingan pegawainya 😢"
17876393523583070,2026-04-25T08:51:37+00:00,2,https://www.instagram.com/p/DXgjNKaDO2r/,https://www.instagram.com/p/DXgjNKaDO2r/?comment_id=17876393523583070,scraping_instagram,avocdo.man_,@official.kpk @stburhanuddin_ @kejaksaan.ri #periksakepalaBGN
17903961783245309,2026-04-25T08:49:39+00:00,2,https://www.instagram.com/p/DXgjNKaDO2r/,https://www.instagram.com/p/DXgjNKaDO2r/?comment_id=17903961783245309,scraping_instagram,lestyoharyanto,Ini badan paling liar ya.. nggak ada yang ngawasin... @prabowo @dpr_ri @official.kpk
18126479650609874,2026-04-25T08:23:45+00:00,2,https://www.instagram.com/p/DXgjNKaDO2r/,https://www.instagram.com/p/DXgjNKaDO2r/?comment_id=18126479650609874,scraping_instagram,callme_aldo,Mau comment takut dosa 🤔
17859838416584560,2026-04-25T08:21:39+00:00,2,https://www.instagram.com/p/DXgjNKaDO2r/,https://www.instagram.com/p/DXgjNKaDO2r/?comment_id=17859838416584560,scraping_instagram,desinovitarr,Muka nya koq mirip bgt kayak eek ibliss.
18370300675204119,2026-04-25T08:17:57+00:00,2,https://www.instagram.com/p/DXgjNKaDO2r/,https://www.instagram.com/p/DXgjNKaDO2r/?comment_id=18370300675204119,scraping_instagram,ryan_irmwn,Ngk takut akhirat apalagi dunia ckckck.....sehat2 terus negeri yg maha kaya ini...
18117574951671187,2026-04-25T08:15:02+00:00,2,https://www.instagram.com/p/DXgjNKaDO2r/,https://www.instagram.com/p/DXgjNKaDO2r/?comment_id=18117574951671187,scraping_instagram,akhmadrizal,Semua akan di anggarkan pada waktunya 🔥
18056982452707134,2026-04-25T08:14:58+00:00,2,https://www.instagram.com/p/DXgjNKaDO2r/,https://www.instagram.com/p/DXgjNKaDO2r/?comment_id=18056982452707134,scraping_instagram,miftah.041,Msh bnyk lagi yg gk masuk akal.. Beli license zoom yg miliaran sm bikin aplikasi receh yg harga gila2 an
18127087282584053,2026-04-25T08:01:47+00:00,2,https://www.instagram.com/p/DXgjNKaDO2r/,https://www.instagram.com/p/DXgjNKaDO2r/?comment_id=18127087282584053,scraping_instagram,ardibudiman__,hebat banget ga tersentuh Hukum 🤣🤣🤣
18007692992708056,2026-04-25T08:00:31+00:00,3,https://www.instagram.com/p/DXgjNKaDO2r/,https://www.instagram.com/p/DXgjNKaDO2r/?comment_id=18007692992708056,scraping_instagram,eccendiast_,satu emot buat ini🖕🖕🖕🖕🖕
17974282161010373,2026-04-25T07:59:55+00:00,2,https://www.instagram.com/p/DXgjNKaDO2r/,https://www.instagram.com/p/DXgjNKaDO2r/?comment_id=17974282161010373,scraping_instagram,setya_nowa,Pejabat ngak berguna ngak sih
18083135285081149,2026-04-25T07:42:56+00:00,2,https://www.instagram.com/p/DXgjNKaDO2r/,https://www.instagram.com/p/DXgjNKaDO2r/?comment_id=18083135285081149,scraping_instagram,radi.o3720,#Stop MBG
17901554292258977,2026-04-25T07:29:01+00:00,14,https://www.instagram.com/p/DXgjNKaDO2r/,https://www.instagram.com/p/DXgjNKaDO2r/?comment_id=17901554292258977,scraping_instagram,fauzi_ijonk,"Yg gw bingung, pengelola sppg kn dpt untung prhari prbulannya, trus knp ampe ke ikat pinggang bhkn semir spatu aja anggarannya msh dr apbn, knp pengadaan ini itunya bkn dr pihak pengelola yg jls2 dpt untung... prasaan asn aja yg kbilang pegawai negara kgk ampe ke semir spatu sgala, bhkn seragam aja cmn dikasih bahannya doank jaitnya sendri...🔥👏"
17877849447577890,2026-04-25T07:18:03+00:00,2,https://www.instagram.com/p/DXgjNKaDO2r/,https://www.instagram.com/p/DXgjNKaDO2r/?comment_id=17877849447577890,scraping_instagram,budi.2995,Para pemangku jabatan sangat tidak peka dengan keadaan rakyat nya. Rakyat disuruh efisiensi tapi para pemangku jabatan malah pake pajak rakyat untuk memperkaya diri
17881264332557877,2026-04-25T07:14:05+00:00,2,https://www.instagram.com/p/DXgjNKaDO2r/,https://www.instagram.com/p/DXgjNKaDO2r/?comment_id=17881264332557877,scraping_instagram,official_ariecars,
18081497969109448,2026-04-25T07:12:02+00:00,2,https://www.instagram.com/p/DXgjNKaDO2r/,https://www.instagram.com/p/DXgjNKaDO2r/?comment_id=18081497969109448,scraping_instagram,adiharjanto7,Kyk model resto franchise....semua dari pusat ?
18408997249181664,2026-04-25T07:02:58+00:00,3,https://www.instagram.com/p/DXgjNKaDO2r/,https://www.instagram.com/p/DXgjNKaDO2r/?comment_id=18408997249181664,scraping_instagram,shaquille_ryan,MBG dan KPK bubar aja.. BAJINGAN SEMUA
18148832431483902,2026-04-25T06:38:48+00:00,2,https://www.instagram.com/p/DXgjNKaDO2r/,https://www.instagram.com/p/DXgjNKaDO2r/?comment_id=18148832431483902,scraping_instagram,innuuu33,Baju & IT nya juga...
18075617663328914,2026-04-25T06:37:43+00:00,2,https://www.instagram.com/p/DXgjNKaDO2r/,https://www.instagram.com/p/DXgjNKaDO2r/?comment_id=18075617663328914,scraping_instagram,dpermana,Seterang benderang ini masa masih gak keliatan sama @official.kpk @kemenkeuri ? 😮
18053484566721008,2026-04-25T06:30:59+00:00,2,https://www.instagram.com/p/DXgjNKaDO2r/,https://www.instagram.com/p/DXgjNKaDO2r/?comment_id=18053484566721008,scraping_instagram,nurhasanah_btbr,Pengen berkata-kata kasar 👿
18092767547233878,2026-04-25T06:30:15+00:00,2,https://www.instagram.com/p/DXgjNKaDO2r/,https://www.instagram.com/p/DXgjNKaDO2r/?comment_id=18092767547233878,scraping_instagram,huseinalibn,Eneg liat wajahnya
18077202680630948,2026-04-25T06:29:09+00:00,2,https://www.instagram.com/p/DXgjNKaDO2r/,https://www.instagram.com/p/DXgjNKaDO2r/?comment_id=18077202680630948,scraping_instagram,hollow.white_16,Apa kabar Petisi penolakan MBG ? Sudah meresahkan...makin banyak korban pelajar keracunan...ternyata SPPG gak punya ahli gizi yang memadai
17856830517636286,2026-04-25T06:27:12+00:00,71,https://www.instagram.com/p/DXgjNKaDO2r/,https://www.instagram.com/p/DXgjNKaDO2r/?comment_id=17856830517636286,scraping_instagram,m.firmanpradana,Kaos kaki? Semir sepatu? Buat apa anjir
18073285499249838,2026-04-25T05:49:51+00:00,2,https://www.instagram.com/p/DXgjNKaDO2r/,https://www.instagram.com/p/DXgjNKaDO2r/?comment_id=18073285499249838,scraping_instagram,ngab_ogoy,"mukenya serem, bringas sama duit"
18082870967098454,2026-04-25T05:47:12+00:00,2,https://www.instagram.com/p/DXgjNKaDO2r/,https://www.instagram.com/p/DXgjNKaDO2r/?comment_id=18082870967098454,scraping_instagram,agust_panjaitan,ini mau dibawa kemana sih negara konoha
17928424077269283,2026-04-25T05:46:06+00:00,2,https://www.instagram.com/p/DXgjNKaDO2r/,https://www.instagram.com/p/DXgjNKaDO2r/?comment_id=17928424077269283,scraping_instagram,ricoarianto78,"Saatnya rakyat bertindak, KPK kejagung , gak ada nyali padahal ini korupsi terang terangan 👏👏👏👏"
18171412213407978,2026-04-25T05:44:08+00:00,2,https://www.instagram.com/p/DXgjNKaDO2r/,https://www.instagram.com/p/DXgjNKaDO2r/?comment_id=18171412213407978,scraping_instagram,anggpra08,Senyum bahagia
18127137292589353,2026-04-25T05:39:44+00:00,2,https://www.instagram.com/p/DXgjNKaDO2r/,https://www.instagram.com/p/DXgjNKaDO2r/?comment_id=18127137292589353,scraping_instagram,ari_p_nugroho,Punya sosmed kan pak ? Udh rame lho anda d sosmed terkait kebijakan di BGN
17884821615513103,2026-04-25T05:39:25+00:00,2,https://www.instagram.com/p/DXgjNKaDO2r/,https://www.instagram.com/p/DXgjNKaDO2r/?comment_id=17884821615513103,scraping_instagram,gerrardharckn,ANJING
18003628475734424,2026-04-25T05:28:57+00:00,2,https://www.instagram.com/p/DXgjNKaDO2r/,https://www.instagram.com/p/DXgjNKaDO2r/?comment_id=18003628475734424,scraping_instagram,damar_3376,"Bapak menyuruh instansi lai. Efisiensi @prabowo @gerindra, sedangkan @badangizinasional.ri begini kelakuannya, kami rakyat berhak bertanya!  @official.kpk @dpr_ri @kemenkeuri sungguh menusuk2 nurani."
18038767493589094,2026-04-25T05:26:28+00:00,2,https://www.instagram.com/p/DXgjNKaDO2r/,https://www.instagram.com/p/DXgjNKaDO2r/?comment_id=18038767493589094,scraping_instagram,the_great_minang,"Atur aja lah,kan kalian yg punya negara.."
18084924521059784,2026-04-25T05:18:37+00:00,2,https://www.instagram.com/p/DXgjNKaDO2r/,https://www.instagram.com/p/DXgjNKaDO2r/?comment_id=18084924521059784,scraping_instagram,suharissos,Semoga Senyumannmembawa Berhah atau membawa mushabah
17947247043169447,2026-04-25T05:15:31+00:00,2,https://www.instagram.com/p/DXgjNKaDO2r/,https://www.instagram.com/p/DXgjNKaDO2r/?comment_id=17947247043169447,scraping_instagram,medv.edev385,"Wo INGET SUMPAH LU DI HADAPAN USTADZ ADI HIDAYAT, BAHWA kalo Kau tidak amanah akan mendapat laknat Allah"
18102106657980094,2026-04-25T05:15:05+00:00,2,https://www.instagram.com/p/DXgjNKaDO2r/,https://www.instagram.com/p/DXgjNKaDO2r/?comment_id=18102106657980094,scraping_instagram,marwansinartapoerba,pak @prabowo makin lama makin enek liat @badangizinasional.ri ini @official.kpk @kejaksaan.ri @dpr_ri mohon di pantau Uang APBN khususnya anggaran Badan Gizi yang memuakkan ini.
18098899322084777,2026-04-25T05:14:14+00:00,2,https://www.instagram.com/p/DXgjNKaDO2r/,https://www.instagram.com/p/DXgjNKaDO2r/?comment_id=18098899322084777,scraping_instagram,medv.edev385,"PENGADAAAN MENGADA2, SAMPE KAOS KAKI DI ADA2IN , SAKING BANYAKNYA ANGGARAN 😢"
18109862002892912,2026-04-25T05:13:56+00:00,2,https://www.instagram.com/p/DXgjNKaDO2r/,https://www.instagram.com/p/DXgjNKaDO2r/?comment_id=18109862002892912,scraping_instagram,d1404y,KPK ngga ada niatan check kah inib?? Korupsi brutal sekali @official.kpk @prabowo
17884444680512857,2026-04-25T05:10:56+00:00,2,https://www.instagram.com/p/DXgjNKaDO2r/,https://www.instagram.com/p/DXgjNKaDO2r/?comment_id=17884444680512857,scraping_instagram,sampe_samosir,"Komplain tak dianggap, mrk menunggu masy menyeruduk sepertinya. 😢"
18090148109522453,2026-04-25T05:02:48+00:00,2,https://www.instagram.com/p/DXgjNKaDO2r/,https://www.instagram.com/p/DXgjNKaDO2r/?comment_id=18090148109522453,scraping_instagram,aldiii_dnt,Efisiensi tidak berlaku untuk proyek kesayangan presiden
17886479037478079,2026-04-25T05:00:33+00:00,2,https://www.instagram.com/p/DXgjNKaDO2r/,https://www.instagram.com/p/DXgjNKaDO2r/?comment_id=17886479037478079,scraping_instagram,tjerry35,@official.kpk KALIAN INI BODO.IDIOT.APA BUTA APA TULI????USUT!!! ITU DUIT RAKYAT DIHAMBUR2KAN GA JELAS!!!!
18321524149249260,2026-04-25T04:59:01+00:00,2,https://www.instagram.com/p/DXgjNKaDO2r/,https://www.instagram.com/p/DXgjNKaDO2r/?comment_id=18321524149249260,scraping_instagram,brada_lamba_manuray,
18028203323807316,2026-04-25T04:47:29+00:00,2,https://www.instagram.com/p/DXgjNKaDO2r/,https://www.instagram.com/p/DXgjNKaDO2r/?comment_id=18028203323807316,scraping_instagram,rzzulkarnaen,Kasian ni orang
18093945299333801,2026-04-25T04:44:33+00:00,2,https://www.instagram.com/p/DXgjNKaDO2r/,https://www.instagram.com/p/DXgjNKaDO2r/?comment_id=18093945299333801,scraping_instagram,tututata151,BOTAKK JAHANAMMM!!!
17941386264196296,2026-04-25T04:30:34+00:00,2,https://www.instagram.com/p/DXgjNKaDO2r/,https://www.instagram.com/p/DXgjNKaDO2r/?comment_id=17941386264196296,scraping_instagram,kolonel_anton,Knpa Presiden nya kok diam aja melihat anggota ny menghamburkan uang rakyat..
18078551732530494,2026-04-25T04:30:17+00:00,2,https://www.instagram.com/p/DXgjNKaDO2r/,https://www.instagram.com/p/DXgjNKaDO2r/?comment_id=18078551732530494,scraping_instagram,farhankudosan,Dibiarin aja nih yaa sama @official.kpk
17982980993823059,2026-04-25T04:29:11+00:00,2,https://www.instagram.com/p/DXgjNKaDO2r/,https://www.instagram.com/p/DXgjNKaDO2r/?comment_id=17982980993823059,scraping_instagram,antonokistono,Proyek maling
17947917981141154,2026-04-25T04:20:59+00:00,3,https://www.instagram.com/p/DXgjNKaDO2r/,https://www.instagram.com/p/DXgjNKaDO2r/?comment_id=17947917981141154,scraping_instagram,jaros_rasyid,Semoga bapak bisa mempertanggungjawabkan semuanyanya Pak
18131364298492068,2026-04-25T04:13:57+00:00,2,https://www.instagram.com/p/DXgjNKaDO2r/,https://www.instagram.com/p/DXgjNKaDO2r/?comment_id=18131364298492068,scraping_instagram,eksanrr,Mundur om 😂
18093194348233391,2026-04-25T04:13:18+00:00,2,https://www.instagram.com/p/DXgjNKaDO2r/,https://www.instagram.com/p/DXgjNKaDO2r/?comment_id=18093194348233391,scraping_instagram,aditama.lintang,"Gpp, tunggu 2030 setelah ganti Presiden, @official.kpk tinggal angkut semua yg terlibat 🤗"
17922447492319186,2026-04-25T04:12:30+00:00,2,https://www.instagram.com/p/DXgjNKaDO2r/,https://www.instagram.com/p/DXgjNKaDO2r/?comment_id=17922447492319186,scraping_instagram,anan_muminan,@prabowo tau ga ya
18077844782638200,2026-04-25T04:09:59+00:00,2,https://www.instagram.com/p/DXgjNKaDO2r/,https://www.instagram.com/p/DXgjNKaDO2r/?comment_id=18077844782638200,scraping_instagram,elfathan.achmad,Masih yakin mau sampai 2 periode?
18090297155605264,2026-04-25T03:56:36+00:00,2,https://www.instagram.com/p/DXgjNKaDO2r/,https://www.instagram.com/p/DXgjNKaDO2r/?comment_id=18090297155605264,scraping_instagram,armedmaniajozjiz,Orang ini hebatnya apa sih ko bisa dgn mudah menghambur2kan udang di saat perang
18262634824294124,2026-04-25T03:53:20+00:00,2,https://www.instagram.com/p/DXgjNKaDO2r/,https://www.instagram.com/p/DXgjNKaDO2r/?comment_id=18262634824294124,scraping_instagram,alfianwangsa,Masuk guinness book of record..😬😡
18081243602529625,2026-04-25T03:48:00+00:00,2,https://www.instagram.com/p/DXgjNKaDO2r/,https://www.instagram.com/p/DXgjNKaDO2r/?comment_id=18081243602529625,scraping_instagram,budioen,dadan hina selamanya #stopmbg
17898036273431794,2026-04-25T03:43:51+00:00,2,https://www.instagram.com/p/DXgjNKaDO2r/,https://www.instagram.com/p/DXgjNKaDO2r/?comment_id=17898036273431794,scraping_instagram,harryachay88,"Tolong bsk kalo si Dadan botak anjinggg ini mati,,jgn di telentangin ya pas nguburinnya tp di lipet lipet"
17885552448508211,2026-04-25T03:39:05+00:00,2,https://www.instagram.com/p/DXgjNKaDO2r/,https://www.instagram.com/p/DXgjNKaDO2r/?comment_id=17885552448508211,scraping_instagram,muchlisherdiant,BOTAK KONTOLLLLL
18580386739009871,2026-04-25T03:30:30+00:00,2,https://www.instagram.com/p/DXgjNKaDO2r/,https://www.instagram.com/p/DXgjNKaDO2r/?comment_id=18580386739009871,scraping_instagram,gus_mus9,"Jilbab 10m , topi 12m , ikat rambut 8m , slayer sarung mukena sajadah sandal jepit sabun cuci ... loossss sak karepmu .. cen aasssuu"
17894203563446789,2026-04-25T03:30:24+00:00,2,https://www.instagram.com/p/DXgjNKaDO2r/,https://www.instagram.com/p/DXgjNKaDO2r/?comment_id=17894203563446789,scraping_instagram,gus_mus9,Tambahi maneh pak
17906856237397252,2026-04-25T03:12:18+00:00,2,https://www.instagram.com/p/DXgjNKaDO2r/,https://www.instagram.com/p/DXgjNKaDO2r/?comment_id=17906856237397252,scraping_instagram,tunizzz,Aura karakter antogonisnya kuat bnget 😂🔥
18098164427017947,2026-04-25T03:08:39+00:00,3,https://www.instagram.com/p/DXgjNKaDO2r/,https://www.instagram.com/p/DXgjNKaDO2r/?comment_id=18098164427017947,scraping_instagram,moch_ibad01,Bayar utang negara ngomong mkn gizi geratis
18321471838250565,2026-04-25T03:01:21+00:00,2,https://www.instagram.com/p/DXgjNKaDO2r/,https://www.instagram.com/p/DXgjNKaDO2r/?comment_id=18321471838250565,scraping_instagram,uda_john,"Satu hal ini media sosial seperti instagram ini jg di kendalikan oleh pemerintah, sehingga berita2 yg sampai di presiden sdh di seleksi"
17975356515018816,2026-04-25T03:00:59+00:00,2,https://www.instagram.com/p/DXgjNKaDO2r/,https://www.instagram.com/p/DXgjNKaDO2r/?comment_id=17975356515018816,scraping_instagram,bayuinaja,Botak anjjjj 🗿
18041110760564540,2026-04-25T02:57:34+00:00,16,https://www.instagram.com/p/DXgjNKaDO2r/,https://www.instagram.com/p/DXgjNKaDO2r/?comment_id=18041110760564540,scraping_instagram,uda_john,"Kita semua tau APBN mostly berasal dari pajak yg kita bayar, baik dari pph, ppn dll. So cara paling mudah bikin pemerintah sadar adalah dengan kita ga bayar pajak. Kita itu seluruh level masyarakat baik pengusaha, karyawan, wirausaha dll

Memang ga mudah, namun harus kita coba"
18044442032553532,2026-04-25T02:33:13+00:00,2,https://www.instagram.com/p/DXgjNKaDO2r/,https://www.instagram.com/p/DXgjNKaDO2r/?comment_id=18044442032553532,scraping_instagram,_permataaa95,ga ada yang mau silaturahmi ke rumah dia ?
18007343138710789,2026-04-25T02:29:50+00:00,2,https://www.instagram.com/p/DXgjNKaDO2r/,https://www.instagram.com/p/DXgjNKaDO2r/?comment_id=18007343138710789,scraping_instagram,aryono_van_russ,Korupsi ugal ugalan 😂😂 dimana @official.kpk dan @kejaksaan.ri ??? 😂
18018812081667795,2026-04-25T02:23:26+00:00,2,https://www.instagram.com/p/DXgjNKaDO2r/,https://www.instagram.com/p/DXgjNKaDO2r/?comment_id=18018812081667795,scraping_instagram,ghinzssugiono,Ketua BGN goblok
18101634223974897,2026-04-25T02:22:09+00:00,2,https://www.instagram.com/p/DXgjNKaDO2r/,https://www.instagram.com/p/DXgjNKaDO2r/?comment_id=18101634223974897,scraping_instagram,iguhrahman,Si bapak ga pernah ngerasa susah cr  duit
18077961533545266,2026-04-25T02:08:45+00:00,2,https://www.instagram.com/p/DXgjNKaDO2r/,https://www.instagram.com/p/DXgjNKaDO2r/?comment_id=18077961533545266,scraping_instagram,willychandra.wolfgangamadeus,🔥
18058590185466495,2026-04-25T02:07:51+00:00,2,https://www.instagram.com/p/DXgjNKaDO2r/,https://www.instagram.com/p/DXgjNKaDO2r/?comment_id=18058590185466495,scraping_instagram,roni_lesmana02,Mahkluk terkutuk abad ini 😮😮
18086165927581101,2026-04-25T01:57:53+00:00,2,https://www.instagram.com/p/DXgjNKaDO2r/,https://www.instagram.com/p/DXgjNKaDO2r/?comment_id=18086165927581101,scraping_instagram,skertilusi,Kurang ajar 😡 seruduk ke rumahnya dan nepalkan
18095474561149134,2026-04-25T01:44:57+00:00,2,https://www.instagram.com/p/DXgjNKaDO2r/,https://www.instagram.com/p/DXgjNKaDO2r/?comment_id=18095474561149134,scraping_instagram,fahrilnaufal1404,Kenyang kali lah kau ya dadan punjabi (pukimakanjingbabi)
18337346980221845,2026-04-25T01:35:40+00:00,2,https://www.instagram.com/p/DXgjNKaDO2r/,https://www.instagram.com/p/DXgjNKaDO2r/?comment_id=18337346980221845,scraping_instagram,tatandina2,@dpr_ri ayoooo...cepaaattt suaaraakaannn kalau MBG wajib dibubarkan.. atau ditujukan ke daerah tertinggal sajaaa
17887397187493469,2026-04-25T01:28:06+00:00,2,https://www.instagram.com/p/DXgjNKaDO2r/,https://www.instagram.com/p/DXgjNKaDO2r/?comment_id=17887397187493469,scraping_instagram,wise11700,"✅️APBN BONCOSS DIHAMBURKAN DA2N BGN ✅️ E M B E G E maling berkedok gizi beli KAOS KAKI pakai APBN 😂😂 ladang #KORUPSI rame2 YAYASAN pemilik WARUNG NASI EMBEGE 🔥🔥🔥
✅️1 dapur rutin kantongi rp.21 jt/hari (dr selisih belanja rp5rb x 3000 siswa, plus rp6jt insentif) 
✅️embege sama dgn  warung makan besar dengan pelanggan wajib 3000 anak2 dibayar dr pajak rakyat ☝️☝️
✅️ badan gizi KONOHA korupsi dgn mark up harga motor,  tablet, kaos kaki , semir, dll 😂 😂
✅️puluhan ribu anak-anak sekolah jadi KORBAN KERACUNAN  embege tapi PELAKU BEBAS MELENGGANG tanpa merasa berdosa 👎👎
✅️ Dana Pendidikan DIRAMPOK, sekolah2 rusak dibiarkan, TENAGA GURU & NAKES  DIPERAS TAPI KESEJAHTERAAN  DIABAIKAN 👎👎👎
#Korupsi bikin  #IndonesiaGELAP"
18120137494650202,2026-04-25T01:25:58+00:00,2,https://www.instagram.com/p/DXgjNKaDO2r/,https://www.instagram.com/p/DXgjNKaDO2r/?comment_id=18120137494650202,scraping_instagram,oggajmp,Tunggu saja semua ada waktunya begitu ganti rezim siap2 masuk kandang jadi tumbal
18099585518045451,2026-04-25T01:22:47+00:00,3,https://www.instagram.com/p/DXgjNKaDO2r/,https://www.instagram.com/p/DXgjNKaDO2r/?comment_id=18099585518045451,scraping_instagram,soewieryoo,Pemborosan anggaran.. apakah seperti demikian maunya pak presiden ?
18104318474483181,2026-04-25T01:20:42+00:00,2,https://www.instagram.com/p/DXgjNKaDO2r/,https://www.instagram.com/p/DXgjNKaDO2r/?comment_id=18104318474483181,scraping_instagram,andhyanton,Ini perusahaan BUMN kah?sampai kaos kaki sj diabeliin😂
18026302799807850,2026-04-25T01:14:57+00:00,2,https://www.instagram.com/p/DXgjNKaDO2r/,https://www.instagram.com/p/DXgjNKaDO2r/?comment_id=18026302799807850,scraping_instagram,fransiskuswisnup,Dadan botak
17886868263530111,2026-04-25T01:09:49+00:00,2,https://www.instagram.com/p/DXgjNKaDO2r/,https://www.instagram.com/p/DXgjNKaDO2r/?comment_id=17886868263530111,scraping_instagram,listyawan_aw,Ceo yg baik itu bgmn mengelola departemen dg efisiensi anggaran . CEO yg buruk & hrs dipecat kalo mengelola dg anggaran duit rakyat yg fantastis & tdk masuk akal . Kemenkeu &  KPK hrs nya turun tangan
18135810487535345,2026-04-25T00:57:10+00:00,2,https://www.instagram.com/p/DXgjNKaDO2r/,https://www.instagram.com/p/DXgjNKaDO2r/?comment_id=18135810487535345,scraping_instagram,arisjudarwono,Korupsi secara vulgar & ugal- ugalan.
18065542025368686,2026-04-25T00:54:06+00:00,2,https://www.instagram.com/p/DXgjNKaDO2r/,https://www.instagram.com/p/DXgjNKaDO2r/?comment_id=18065542025368686,scraping_instagram,d3v1l5,"@dirjenpajak.go.id, butuh duit khan?. Cari tuh Perusahaan Pemenang Lelang / Vendor Penyedia BGN, udah TRANSPARANT koq. LIAT perpajakannya, wajar ngga, kalo ada missed, SAATnya BERTINDAK 🔥🔥🔥. TELANJANGIN aja itu 1 Badan, sedot Pajaknya. Kalo ada kejanggalan, KEJAR SAMPE DAPAT 🔥🔥🔥. Ngga perlu door 2 door nagih Pajaknya 😂😂😂, Rakyat udah turun daya beli, apalagi yang mau disedot???, cuma bisa PASRAH ngga mampu bayar 😢😢😢. Niat pengen jadi WP yang baik kehimpit Kebijakan Pemerintah sendiri 😂😂😂. #BIJAKbayarPAJAK"
18396209113157826,2026-04-25T00:50:35+00:00,2,https://www.instagram.com/p/DXgjNKaDO2r/,https://www.instagram.com/p/DXgjNKaDO2r/?comment_id=18396209113157826,scraping_instagram,ayu_sania_kania,Serius mau tanya itu udah terlaksana apa baru rencana ?
18086262275042508,2026-04-25T00:47:00+00:00,2,https://www.instagram.com/p/DXgjNKaDO2r/,https://www.instagram.com/p/DXgjNKaDO2r/?comment_id=18086262275042508,scraping_instagram,rizaldi241219,IBLIS
17919254718344086,2026-04-25T00:39:52+00:00,2,https://www.instagram.com/p/DXgjNKaDO2r/,https://www.instagram.com/p/DXgjNKaDO2r/?comment_id=17919254718344086,scraping_instagram,aryo_anindito,Bangke emang
18097961453107486,2026-04-25T00:31:39+00:00,2,https://www.instagram.com/p/DXgjNKaDO2r/,https://www.instagram.com/p/DXgjNKaDO2r/?comment_id=18097961453107486,scraping_instagram,themostreasonablehuman,SISTEMATIS DAN HALUS … SEHAT2 WARGA KONOHA.🙌
18016228367835994,2026-04-25T00:12:25+00:00,2,https://www.instagram.com/p/DXgjNKaDO2r/,https://www.instagram.com/p/DXgjNKaDO2r/?comment_id=18016228367835994,scraping_instagram,ilham_kevianto,Botak ngeselin mukanya anjir pen gua jitak rasanya
18004708706731028,2026-04-24T23:56:57+00:00,2,https://www.instagram.com/p/DXgjNKaDO2r/,https://www.instagram.com/p/DXgjNKaDO2r/?comment_id=18004708706731028,scraping_instagram,ryanprakasaa,🤢🤢🤢
18214601878321654,2026-04-24T23:07:16+00:00,2,https://www.instagram.com/p/DXgjNKaDO2r/,https://www.instagram.com/p/DXgjNKaDO2r/?comment_id=18214601878321654,scraping_instagram,riyantism27,"Mukanya menyeramkan.. habisin uang rakyat, APBN seenaknya perut nya..pastilah rakyat marah .. gak ada audit..teguran atas semua yg dia lakukan..korupsi secara transparan, sprti yg dilegalkan 😡😡"
17886577113475076,2026-04-24T22:58:04+00:00,2,https://www.instagram.com/p/DXgjNKaDO2r/,https://www.instagram.com/p/DXgjNKaDO2r/?comment_id=17886577113475076,scraping_instagram,tuanguru_,si ahli neraka🔥
18064835546682815,2026-04-24T22:43:32+00:00,2,https://www.instagram.com/p/DXgjNKaDO2r/,https://www.instagram.com/p/DXgjNKaDO2r/?comment_id=18064835546682815,scraping_instagram,bimokyu_nerazzurri,Dimana marwah @official.kpk  masa iya ketua @official.kpk ga ada nyali jangan dong
18000822539746995,2026-04-24T22:38:32+00:00,2,https://www.instagram.com/p/DXgjNKaDO2r/,https://www.instagram.com/p/DXgjNKaDO2r/?comment_id=18000822539746995,scraping_instagram,mandaraconsulting,Eneg bgt liat muka biji satu sm serangga ini. Cepet punah kek boomers
17932213617256884,2026-04-24T22:25:45+00:00,2,https://www.instagram.com/p/DXgjNKaDO2r/,https://www.instagram.com/p/DXgjNKaDO2r/?comment_id=17932213617256884,scraping_instagram,intipres,Satu kata  BAJINGAN
18061152524446598,2026-04-24T22:25:01+00:00,2,https://www.instagram.com/p/DXgjNKaDO2r/,https://www.instagram.com/p/DXgjNKaDO2r/?comment_id=18061152524446598,scraping_instagram,pansetiawan77,Satan 🔥
18133996759481751,2026-04-24T21:10:54+00:00,2,https://www.instagram.com/p/DXgjNKaDO2r/,https://www.instagram.com/p/DXgjNKaDO2r/?comment_id=18133996759481751,scraping_instagram,taufikilhm,Pembisnis handak 😂
18113482042763466,2026-04-24T19:14:01+00:00,2,https://www.instagram.com/p/DXgjNKaDO2r/,https://www.instagram.com/p/DXgjNKaDO2r/?comment_id=18113482042763466,scraping_instagram,havanavictorias,"Handuk jg murah, itu merk zara handuknya"
17934623049217252,2026-04-24T19:13:01+00:00,4,https://www.instagram.com/p/DXgjNKaDO2r/,https://www.instagram.com/p/DXgjNKaDO2r/?comment_id=17934623049217252,scraping_instagram,havanavictorias,"Sumpah ini ga perlu di audit, terlalu murah sbnrnya, kaos kakinya smua merk LV, uda harga pabrik itu"
18389330413081969,2026-04-24T18:38:55+00:00,2,https://www.instagram.com/p/DXgjNKaDO2r/,https://www.instagram.com/p/DXgjNKaDO2r/?comment_id=18389330413081969,scraping_instagram,mizuisany,BAKAR HBS DAPUR MBG BERCUN ITU..CUMAN HANYA LAHAN BASAH MALING MALING OKNUM TERTENTUUU
17981657004000188,2026-04-24T17:56:22+00:00,2,https://www.instagram.com/p/DXgjNKaDO2r/,https://www.instagram.com/p/DXgjNKaDO2r/?comment_id=17981657004000188,scraping_instagram,ekasyafaat02,sosok koruptor
18090558850967109,2026-04-24T16:28:07+00:00,7,https://www.instagram.com/p/DXgjNKaDO2r/,https://www.instagram.com/p/DXgjNKaDO2r/?comment_id=18090558850967109,scraping_instagram,dvdtan168.mrt,"Dan rakyat msh TENANG2 saja, ga ada AKSI di jalanan, artinya PROGRAM BUNGKAM @prabowo SDH BERHASIL, spt cara soeharto tes market pd zamannya."
17856469137637888,2026-04-24T16:09:02+00:00,2,https://www.instagram.com/p/DXgjNKaDO2r/,https://www.instagram.com/p/DXgjNKaDO2r/?comment_id=17856469137637888,scraping_instagram,nurhezz,Muak lihat orang ini
18150910096475698,2026-04-24T16:02:33+00:00,2,https://www.instagram.com/p/DXgjNKaDO2r/,https://www.instagram.com/p/DXgjNKaDO2r/?comment_id=18150910096475698,scraping_instagram,fendy_2208,"Masih lebih baik buat jalan tol, jelas manfaat nya..."
17887533372495466,2026-04-24T15:53:08+00:00,2,https://www.instagram.com/p/DXgjNKaDO2r/,https://www.instagram.com/p/DXgjNKaDO2r/?comment_id=17887533372495466,scraping_instagram,florikulturabanjarbaru,"Makasih yaa min udah kerja bikin ringkasan kayak gini, jadi mudah buat kita maksa @official.kpk  buat usut kejanggalan² nya satu per satu, Karena banyak anehnya.. 🙏"
18080664641629390,2026-04-24T15:34:40+00:00,2,https://www.instagram.com/p/DXgjNKaDO2r/,https://www.instagram.com/p/DXgjNKaDO2r/?comment_id=18080664641629390,scraping_instagram,amri_rifangi,Mana Berani sih INSTANSI LAIN IKUT CAMPUR 😂
17857602786634276,2026-04-24T15:28:45+00:00,2,https://www.instagram.com/p/DXgjNKaDO2r/,https://www.instagram.com/p/DXgjNKaDO2r/?comment_id=17857602786634276,scraping_instagram,kokob4y1,"Gabisa apa2 kita guys, uda dilindungi oleh Presiden kita nih bapak 😢"
18090253763255624,2026-04-24T15:23:52+00:00,2,https://www.instagram.com/p/DXgjNKaDO2r/,https://www.instagram.com/p/DXgjNKaDO2r/?comment_id=18090253763255624,scraping_instagram,momy_hr,Dan kpk gk brani maju😂
18076266623207137,2026-04-24T15:15:55+00:00,2,https://www.instagram.com/p/DXgjNKaDO2r/,https://www.instagram.com/p/DXgjNKaDO2r/?comment_id=18076266623207137,scraping_instagram,agusisnaen,Oh negeri ku
18090179477588661,2026-04-24T15:15:27+00:00,2,https://www.instagram.com/p/DXgjNKaDO2r/,https://www.instagram.com/p/DXgjNKaDO2r/?comment_id=18090179477588661,scraping_instagram,bangagung602,ga ada efisiesni hanya mindahakan anggaran janga tertipu
17990255303972999,2026-04-24T15:03:34+00:00,2,https://www.instagram.com/p/DXgjNKaDO2r/,https://www.instagram.com/p/DXgjNKaDO2r/?comment_id=17990255303972999,scraping_instagram,dikiarfan234,
18149464474468793,2026-04-24T14:46:48+00:00,2,https://www.instagram.com/p/DXgjNKaDO2r/,https://www.instagram.com/p/DXgjNKaDO2r/?comment_id=18149464474468793,scraping_instagram,avrinsimamora,Edan 🔥
18112981933834759,2026-04-24T14:44:32+00:00,2,https://www.instagram.com/p/DXgjNKaDO2r/,https://www.instagram.com/p/DXgjNKaDO2r/?comment_id=18112981933834759,scraping_instagram,ekolaksono99,Pancen (sopir cikar)
17854623810645948,2026-04-24T14:37:41+00:00,2,https://www.instagram.com/p/DXgjNKaDO2r/,https://www.instagram.com/p/DXgjNKaDO2r/?comment_id=17854623810645948,scraping_instagram,fatonifa_sudirman,Hahhaahah lawak😂😂
17957558136108352,2026-04-24T14:28:58+00:00,2,https://www.instagram.com/p/DXgjNKaDO2r/,https://www.instagram.com/p/DXgjNKaDO2r/?comment_id=17957558136108352,scraping_instagram,demonz2000,"gampang kali hamburin duit yg bkn hak nya, itu duit rakyat yg dipake ngawur bapak ini 😡"
17976719399851307,2026-04-24T14:04:59+00:00,5,https://www.instagram.com/p/DXgjNKaDO2r/,https://www.instagram.com/p/DXgjNKaDO2r/?comment_id=17976719399851307,scraping_instagram,didi_dhoom,Pengen nempeleng boleh ngak sih 😂
18354723352239969,2026-04-24T14:04:17+00:00,2,https://www.instagram.com/p/DXgjNKaDO2r/,https://www.instagram.com/p/DXgjNKaDO2r/?comment_id=18354723352239969,scraping_instagram,gideon_situngkir12,Demolah apalagi
18111496600836376,2026-04-24T13:49:57+00:00,2,https://www.instagram.com/p/DXgjNKaDO2r/,https://www.instagram.com/p/DXgjNKaDO2r/?comment_id=18111496600836376,scraping_instagram,ary22wb,Daan presiden pura2 buta n budek....💩💩💩💩
18085148648137341,2026-04-24T13:49:36+00:00,2,https://www.instagram.com/p/DXgjNKaDO2r/,https://www.instagram.com/p/DXgjNKaDO2r/?comment_id=18085148648137341,scraping_instagram,aeps0099,"Krn ngak merasa yg nyari duit, ada sapi perah berwujud rakyat pembyr pajak beraneka ragamnya unt mewujudkan ambisi2 ide prog nya🤭"
18046143269755790,2026-04-24T13:48:06+00:00,2,https://www.instagram.com/p/DXgjNKaDO2r/,https://www.instagram.com/p/DXgjNKaDO2r/?comment_id=18046143269755790,scraping_instagram,agustinusleleury,😢
18419385259135986,2026-04-24T13:43:19+00:00,2,https://www.instagram.com/p/DXgjNKaDO2r/,https://www.instagram.com/p/DXgjNKaDO2r/?comment_id=18419385259135986,scraping_instagram,heriray,😮
18081097868625554,2026-04-24T13:35:07+00:00,2,https://www.instagram.com/p/DXgjNKaDO2r/,https://www.instagram.com/p/DXgjNKaDO2r/?comment_id=18081097868625554,scraping_instagram,galapratama,"Namanya juga program unggulan, ya jelas di utamakan 😂"
18114160999747917,2026-04-24T13:17:59+00:00,2,https://www.instagram.com/p/DXgjNKaDO2r/,https://www.instagram.com/p/DXgjNKaDO2r/?comment_id=18114160999747917,scraping_instagram,staro_store2,Mess karyawan ala hotel bintang 7 belum 😂
18217276810318489,2026-04-24T13:07:45+00:00,2,https://www.instagram.com/p/DXgjNKaDO2r/,https://www.instagram.com/p/DXgjNKaDO2r/?comment_id=18217276810318489,scraping_instagram,hkwrealty,Kemanakah akan larinya negara ini ?😢
18094324544127792,2026-04-24T13:06:24+00:00,4,https://www.instagram.com/p/DXgjNKaDO2r/,https://www.instagram.com/p/DXgjNKaDO2r/?comment_id=18094324544127792,scraping_instagram,ning_vr,@official.kpk
18081651722563916,2026-04-24T13:02:36+00:00,2,https://www.instagram.com/p/DXgjNKaDO2r/,https://www.instagram.com/p/DXgjNKaDO2r/?comment_id=18081651722563916,scraping_instagram,tommyfahreza,Sedihnya tiap bulan dipotong pajak malah buat ginian 👏
17951982219139062,2026-04-24T12:59:16+00:00,3,https://www.instagram.com/p/DXgjNKaDO2r/,https://www.instagram.com/p/DXgjNKaDO2r/?comment_id=17951982219139062,scraping_instagram,halimforester08,@fraksipartaigerindra mantap.. 🔥. Nyesel ikut pemilu..
18099365948077283,2026-04-24T12:48:39+00:00,2,https://www.instagram.com/p/DXgjNKaDO2r/,https://www.instagram.com/p/DXgjNKaDO2r/?comment_id=18099365948077283,scraping_instagram,wakil_62,🔥menyala +62 Karna MBG🔥🔥🔥🔥🔥🔥ya allah msih ada 4 tahun lgi😢
18100633195824401,2026-04-24T12:46:34+00:00,2,https://www.instagram.com/p/DXgjNKaDO2r/,https://www.instagram.com/p/DXgjNKaDO2r/?comment_id=18100633195824401,scraping_instagram,leonpanetta19,Sdhlah pilihan 58%
18586611274059733,2026-04-24T12:36:48+00:00,2,https://www.instagram.com/p/DXgjNKaDO2r/,https://www.instagram.com/p/DXgjNKaDO2r/?comment_id=18586611274059733,scraping_instagram,hallo_anam,Pokoknya warga indonesua dan Guwe seret nih orang minta nya macam2🔥
18315054616275060,2026-04-24T12:33:44+00:00,2,https://www.instagram.com/p/DXgjNKaDO2r/,https://www.instagram.com/p/DXgjNKaDO2r/?comment_id=18315054616275060,scraping_instagram,ototyaokta,Rincian ini sumbernya dari? Tlg dijelasin.  Jd kami follower tau kebenaran berita ini
18074730011234744,2026-04-24T12:27:42+00:00,2,https://www.instagram.com/p/DXgjNKaDO2r/,https://www.instagram.com/p/DXgjNKaDO2r/?comment_id=18074730011234744,scraping_instagram,setyyo_swidynto,"Butuhnya itu dibelikan ikan ayam telur daging dll kata pak jokowi seperi itu dulu, rindu pak jokowi ijin pak @presidenrepublikindonesia"
17917533768353396,2026-04-24T12:26:19+00:00,2,https://www.instagram.com/p/DXgjNKaDO2r/,https://www.instagram.com/p/DXgjNKaDO2r/?comment_id=17917533768353396,scraping_instagram,soni_abil,Tentunya sesuai arahan CEO MBG 😢
18081076964429335,2026-04-24T12:23:12+00:00,2,https://www.instagram.com/p/DXgjNKaDO2r/,https://www.instagram.com/p/DXgjNKaDO2r/?comment_id=18081076964429335,scraping_instagram,harryusman,Semoga BOTAK di berikan hikmah dan segera sadar .
18186171871334696,2026-04-24T12:21:59+00:00,2,https://www.instagram.com/p/DXgjNKaDO2r/,https://www.instagram.com/p/DXgjNKaDO2r/?comment_id=18186171871334696,scraping_instagram,wpsapz,(dlm hati berkata) Menyalaaa saldo rekening kuu.. 🔥🔥😂😂
18114145648826542,2026-04-24T12:20:27+00:00,4,https://www.instagram.com/p/DXgjNKaDO2r/,https://www.instagram.com/p/DXgjNKaDO2r/?comment_id=18114145648826542,scraping_instagram,pitro_chaniago,Dan semua itu tidak ada gunanya dilapangan termasuk pak sulah 😂😂ganti kepala BGN @badangizinasional.ri
17932377729249116,2026-04-24T12:19:49+00:00,2,https://www.instagram.com/p/DXgjNKaDO2r/,https://www.instagram.com/p/DXgjNKaDO2r/?comment_id=17932377729249116,scraping_instagram,widodopamungkas104,"@official.kpk Punya Nyali tidak.....🔥🔥🔥 Bisa Transparan Pengadaan barang nya dan Perusahaan Rekanan nya. Bisa Di Audit kah, Mulai dari Proposal pengadaan Barang, Tender, Lelang, Pemenang Lelang, Hingga terjadi Pengadaan barang.  @dpr_ri , @purbayasadewa.official @prabowo @gerindra @d_hindayana @badangizinasional.ri"
18200188456343655,2026-04-24T12:11:52+00:00,2,https://www.instagram.com/p/DXgjNKaDO2r/,https://www.instagram.com/p/DXgjNKaDO2r/?comment_id=18200188456343655,scraping_instagram,buddy.m.faridz,Si Botak ini Membagºngkªn
18191042743366383,2026-04-24T12:08:18+00:00,2,https://www.instagram.com/p/DXgjNKaDO2r/,https://www.instagram.com/p/DXgjNKaDO2r/?comment_id=18191042743366383,scraping_instagram,nataandraaa,Senyum nya manis juga
17943380757171361,2026-04-24T12:00:28+00:00,2,https://www.instagram.com/p/DXgjNKaDO2r/,https://www.instagram.com/p/DXgjNKaDO2r/?comment_id=17943380757171361,scraping_instagram,ieeeedsss,"yang sampe ke masyarakat hanya 10rb per orang, itupun  MAKANAN BUSUK"
18077344463539655,2026-04-24T11:55:34+00:00,2,https://www.instagram.com/p/DXgjNKaDO2r/,https://www.instagram.com/p/DXgjNKaDO2r/?comment_id=18077344463539655,scraping_instagram,edhobakhtawar30,Taeeeeeeeek emang ini program
18337222321170913,2026-04-24T11:53:41+00:00,2,https://www.instagram.com/p/DXgjNKaDO2r/,https://www.instagram.com/p/DXgjNKaDO2r/?comment_id=18337222321170913,scraping_instagram,pipih.kinaracila,Penyebab indonesia kacauu😢
18113236798826081,2026-04-24T11:51:21+00:00,2,https://www.instagram.com/p/DXgjNKaDO2r/,https://www.instagram.com/p/DXgjNKaDO2r/?comment_id=18113236798826081,scraping_instagram,hendrawayn,"tambahan, aplikasi 550 M"
18085012673056762,2026-04-24T11:51:07+00:00,2,https://www.instagram.com/p/DXgjNKaDO2r/,https://www.instagram.com/p/DXgjNKaDO2r/?comment_id=18085012673056762,scraping_instagram,meneer_mola,"2 Periode aman, Pokoknya LOGISTIK 2029 Ready AMAN TERKENDALI.  AYOOOOO Semangat ngelembungin belanjaan lagi."
17897674311288871,2026-04-24T11:48:48+00:00,2,https://www.instagram.com/p/DXgjNKaDO2r/,https://www.instagram.com/p/DXgjNKaDO2r/?comment_id=17897674311288871,scraping_instagram,aliung_88wjy,Dari muka saya paham sesulit ini kalau jujur seenak ini kalau gk jujur
18099039443076688,2026-04-24T11:48:09+00:00,2,https://www.instagram.com/p/DXgjNKaDO2r/,https://www.instagram.com/p/DXgjNKaDO2r/?comment_id=18099039443076688,scraping_instagram,thefounderwisdom,Apakah ada penjelasan mengenai urgensi semua kebutuhan itu? 🤔
17989120736793016,2026-04-24T11:47:25+00:00,2,https://www.instagram.com/p/DXgjNKaDO2r/,https://www.instagram.com/p/DXgjNKaDO2r/?comment_id=17989120736793016,scraping_instagram,aliung_88wjy,Sendok bebek brp pak 50m blg aja 102 ha knp pak? Masih gak gerti emg u gak mau banyak uang ap oh ia ya siapp pak
18086715359032813,2026-04-24T11:45:46+00:00,2,https://www.instagram.com/p/DXgjNKaDO2r/,https://www.instagram.com/p/DXgjNKaDO2r/?comment_id=18086715359032813,scraping_instagram,azman.ramadhani,Difoto ini siapa sih orangnya ?
18232439701308700,2026-04-24T11:34:42+00:00,2,https://www.instagram.com/p/DXgjNKaDO2r/,https://www.instagram.com/p/DXgjNKaDO2r/?comment_id=18232439701308700,scraping_instagram,mochadib54,'Dasmu !
17884886043506785,2026-04-24T11:29:54+00:00,2,https://www.instagram.com/p/DXgjNKaDO2r/,https://www.instagram.com/p/DXgjNKaDO2r/?comment_id=17884886043506785,scraping_instagram,liambonx,Semakin menjadi jadi
18368995738160954,2026-04-24T11:24:14+00:00,2,https://www.instagram.com/p/DXgjNKaDO2r/,https://www.instagram.com/p/DXgjNKaDO2r/?comment_id=18368995738160954,scraping_instagram,abdulhalim1855,KENAPA  BEBAL...
17968257987023680,2026-04-24T11:23:59+00:00,2,https://www.instagram.com/p/DXgjNKaDO2r/,https://www.instagram.com/p/DXgjNKaDO2r/?comment_id=17968257987023680,scraping_instagram,bgsprk,pokky mai
18312615970273853,2026-04-24T11:21:53+00:00,2,https://www.instagram.com/p/DXgjNKaDO2r/,https://www.instagram.com/p/DXgjNKaDO2r/?comment_id=18312615970273853,scraping_instagram,donnywongbodo,Ambyar..
17996653310761356,2026-04-24T11:12:12+00:00,2,https://www.instagram.com/p/DXgjNKaDO2r/,https://www.instagram.com/p/DXgjNKaDO2r/?comment_id=17996653310761356,scraping_instagram,mursyalin_group,Bangsatttt🔥🔥🔥🔥🔥 enak bener dia buang2 uang Rakyat
18320298397282444,2026-04-24T11:11:55+00:00,2,https://www.instagram.com/p/DXgjNKaDO2r/,https://www.instagram.com/p/DXgjNKaDO2r/?comment_id=18320298397282444,scraping_instagram,umars1412,Orang ini layak di nepalkan
17990006939791678,2026-04-24T11:11:17+00:00,2,https://www.instagram.com/p/DXgjNKaDO2r/,https://www.instagram.com/p/DXgjNKaDO2r/?comment_id=17990006939791678,scraping_instagram,srzldiii,Gobl*k banget ini orang
18089134481461419,2026-04-24T11:10:01+00:00,2,https://www.instagram.com/p/DXgjNKaDO2r/,https://www.instagram.com/p/DXgjNKaDO2r/?comment_id=18089134481461419,scraping_instagram,zhanieaprilino,Gizinya di efisienkan Misinya yg banyak👏👏👏
18098875814472562,2026-04-24T11:09:33+00:00,5,https://www.instagram.com/p/DXgjNKaDO2r/,https://www.instagram.com/p/DXgjNKaDO2r/?comment_id=18098875814472562,scraping_instagram,arifrahmanyp,"Hanya info anggaran pengawan BPOM cuma 2,9 M, ni program ga perlu diawasi, nice nyet nice"
18154376761460360,2026-04-24T11:07:05+00:00,2,https://www.instagram.com/p/DXgjNKaDO2r/,https://www.instagram.com/p/DXgjNKaDO2r/?comment_id=18154376761460360,scraping_instagram,therealrevanwj_,Besar modal buat 2029 👏
18092729179932719,2026-04-24T11:05:34+00:00,2,https://www.instagram.com/p/DXgjNKaDO2r/,https://www.instagram.com/p/DXgjNKaDO2r/?comment_id=18092729179932719,scraping_instagram,putra1907,@official.kpk
17936297568212579,2026-04-24T11:03:54+00:00,2,https://www.instagram.com/p/DXgjNKaDO2r/,https://www.instagram.com/p/DXgjNKaDO2r/?comment_id=17936297568212579,scraping_instagram,jatiramadu,Menkeu..mana menkeu...
17863956159654339,2026-04-24T10:59:59+00:00,2,https://www.instagram.com/p/DXgjNKaDO2r/,https://www.instagram.com/p/DXgjNKaDO2r/?comment_id=17863956159654339,scraping_instagram,pechelmichael,
18410733811176920,2026-04-24T10:54:54+00:00,2,https://www.instagram.com/p/DXgjNKaDO2r/,https://www.instagram.com/p/DXgjNKaDO2r/?comment_id=18410733811176920,scraping_instagram,abraham_santosa,Bajingan ngene kon mbayar pajak. Asu
17968524168046376,2026-04-24T10:53:14+00:00,2,https://www.instagram.com/p/DXgjNKaDO2r/,https://www.instagram.com/p/DXgjNKaDO2r/?comment_id=17968524168046376,scraping_instagram,harrie_yadie,Nice keep up the good work. Hell is waiting for you 😡
18348708763213203,2026-04-24T10:52:44+00:00,2,https://www.instagram.com/p/DXgjNKaDO2r/,https://www.instagram.com/p/DXgjNKaDO2r/?comment_id=18348708763213203,scraping_instagram,harrie_yadie,Nice
17946710814153465,2026-04-24T10:52:15+00:00,2,https://www.instagram.com/p/DXgjNKaDO2r/,https://www.instagram.com/p/DXgjNKaDO2r/?comment_id=17946710814153465,scraping_instagram,erick_founder,Emang 🐕 ini si botak temennya firaun mesti di musnakan
18081486545576479,2026-04-24T10:51:47+00:00,2,https://www.instagram.com/p/DXgjNKaDO2r/,https://www.instagram.com/p/DXgjNKaDO2r/?comment_id=18081486545576479,scraping_instagram,eko.sumarno35,wkwkwk
18109310617856335,2026-04-24T10:51:22+00:00,2,https://www.instagram.com/p/DXgjNKaDO2r/,https://www.instagram.com/p/DXgjNKaDO2r/?comment_id=18109310617856335,scraping_instagram,d_rukman4,Pak DADAN sang EXCAVATOR pengeruk APBN.... BRILIAN
18091332224185033,2026-04-24T10:51:13+00:00,2,https://www.instagram.com/p/DXgjNKaDO2r/,https://www.instagram.com/p/DXgjNKaDO2r/?comment_id=18091332224185033,scraping_instagram,unspoken_gracee,Muak
18580213105056830,2026-04-24T10:50:00+00:00,2,https://www.instagram.com/p/DXgjNKaDO2r/,https://www.instagram.com/p/DXgjNKaDO2r/?comment_id=18580213105056830,scraping_instagram,alimmuhtadi_,Miris
17995403903945184,2026-04-24T10:45:32+00:00,2,https://www.instagram.com/p/DXgjNKaDO2r/,https://www.instagram.com/p/DXgjNKaDO2r/?comment_id=17995403903945184,scraping_instagram,goldenwaysfx,😂😂😂😂
18132723499555915,2026-04-24T10:42:04+00:00,2,https://www.instagram.com/p/DXgjNKaDO2r/,https://www.instagram.com/p/DXgjNKaDO2r/?comment_id=18132723499555915,scraping_instagram,marcelinus.as,Mohon KPK dicatat Dan langsung digerebek..heran aq wis jelas2 kyk Gini kok g ada berita e
18101120566962217,2026-04-24T10:40:56+00:00,2,https://www.instagram.com/p/DXgjNKaDO2r/,https://www.instagram.com/p/DXgjNKaDO2r/?comment_id=18101120566962217,scraping_instagram,xy2.zack,@official.kpk @bpkriofficial @kejaksaan.ri
17908733508388281,2026-04-24T10:40:49+00:00,2,https://www.instagram.com/p/DXgjNKaDO2r/,https://www.instagram.com/p/DXgjNKaDO2r/?comment_id=17908733508388281,scraping_instagram,a.afifzamron,Dadang njg
18097503515095997,2026-04-24T10:40:15+00:00,3,https://www.instagram.com/p/DXgjNKaDO2r/,https://www.instagram.com/p/DXgjNKaDO2r/?comment_id=18097503515095997,scraping_instagram,xy2.zack,Apa krn anggarannya ga mau diturunin untuk selanjutnya jd segala cara dipake... termasuk markup harga barang...
18575122363002282,2026-04-24T10:39:38+00:00,17,https://www.instagram.com/p/DXgjNKaDO2r/,https://www.instagram.com/p/DXgjNKaDO2r/?comment_id=18575122363002282,scraping_instagram,luckynova98,"Semakin dikritik semakin menjadi-jadi dan tidak mau instrospeksi dan koreksi diri yg bikin rakyat tambah emosi,  @badangizinasional.ri"
17966374509062729,2026-04-24T10:38:43+00:00,2,https://www.instagram.com/p/DXgjNKaDO2r/,https://www.instagram.com/p/DXgjNKaDO2r/?comment_id=17966374509062729,scraping_instagram,bondan_prakoso14,Ketua MBG @d_hindayana Tolol ... Mati nanti keadaan busuk
18091952087235910,2026-04-24T10:36:06+00:00,2,https://www.instagram.com/p/DXgjNKaDO2r/,https://www.instagram.com/p/DXgjNKaDO2r/?comment_id=18091952087235910,scraping_instagram,pakaltin,Hati² Bapak bapak anda yg makan uang haram
17898579804425824,2026-04-24T10:35:45+00:00,2,https://www.instagram.com/p/DXgjNKaDO2r/,https://www.instagram.com/p/DXgjNKaDO2r/?comment_id=17898579804425824,scraping_instagram,mahardika1990,
18132755470487776,2026-04-24T10:35:29+00:00,2,https://www.instagram.com/p/DXgjNKaDO2r/,https://www.instagram.com/p/DXgjNKaDO2r/?comment_id=18132755470487776,scraping_instagram,adamrachmat5278,Sabar sabar sabar....ingat ya.....sabar ada BATASNYA!!!!!!!!!
18090903134248625,2026-04-24T10:33:39+00:00,2,https://www.instagram.com/p/DXgjNKaDO2r/,https://www.instagram.com/p/DXgjNKaDO2r/?comment_id=18090903134248625,scraping_instagram,oldman_jenkin5,@prabowo @teddy_hq
18118857835659095,2026-04-24T10:32:38+00:00,5,https://www.instagram.com/p/DXgjNKaDO2r/,https://www.instagram.com/p/DXgjNKaDO2r/?comment_id=18118857835659095,scraping_instagram,mohammadrudiirawan05,Plis donk pemerintah ini kok ugal ugalan
18100384669988088,2026-04-24T10:32:26+00:00,2,https://www.instagram.com/p/DXgjNKaDO2r/,https://www.instagram.com/p/DXgjNKaDO2r/?comment_id=18100384669988088,scraping_instagram,ss.handschar_,langganan Zoom yg baru
18073174052271766,2026-04-24T10:32:13+00:00,2,https://www.instagram.com/p/DXgjNKaDO2r/,https://www.instagram.com/p/DXgjNKaDO2r/?comment_id=18073174052271766,scraping_instagram,pamoe.ngkas,SisiR JEMBOT 70M...PENGHARUM KONT9L 7M
18092030603268953,2026-04-24T10:31:29+00:00,2,https://www.instagram.com/p/DXgjNKaDO2r/,https://www.instagram.com/p/DXgjNKaDO2r/?comment_id=18092030603268953,scraping_instagram,sony_wijaya,Curut berdasi
18039380582786945,2026-04-24T10:31:23+00:00,2,https://www.instagram.com/p/DXgjNKaDO2r/,https://www.instagram.com/p/DXgjNKaDO2r/?comment_id=18039380582786945,scraping_instagram,sony_wijaya,Gila
18061592636424451,2026-04-24T10:29:04+00:00,3,https://www.instagram.com/p/DXgjNKaDO2r/,https://www.instagram.com/p/DXgjNKaDO2r/?comment_id=18061592636424451,scraping_instagram,zonalisa99,Begini hasilnya kalau ahli serangga disuruh ngurusin gizi. Rusak. Parah.
18068535350326480,2026-04-24T10:28:47+00:00,2,https://www.instagram.com/p/DXgjNKaDO2r/,https://www.instagram.com/p/DXgjNKaDO2r/?comment_id=18068535350326480,scraping_instagram,priagus2016,Boros itu temannya syetan 🔥🔥🔥🔥🔥🔥
18094421765137575,2026-04-24T10:23:31+00:00,2,https://www.instagram.com/p/DXgjNKaDO2r/,https://www.instagram.com/p/DXgjNKaDO2r/?comment_id=18094421765137575,scraping_instagram,abdussomad_asmadplast,Garong legal
18108401740684648,2026-04-24T10:19:43+00:00,2,https://www.instagram.com/p/DXgjNKaDO2r/,https://www.instagram.com/p/DXgjNKaDO2r/?comment_id=18108401740684648,scraping_instagram,tennyson_tiguan,dengan sepengetahuaan dan diketahui pres konoha. kepala bgn cuma yg tampil.bisa apalagi cobaa
18078936272151043,2026-04-24T10:18:35+00:00,2,https://www.instagram.com/p/DXgjNKaDO2r/,https://www.instagram.com/p/DXgjNKaDO2r/?comment_id=18078936272151043,scraping_instagram,bacatarot_seikhlasnya,Sore ingin baaca taroot jappri
17966903877026844,2026-04-24T10:17:48+00:00,2,https://www.instagram.com/p/DXgjNKaDO2r/,https://www.instagram.com/p/DXgjNKaDO2r/?comment_id=17966903877026844,scraping_instagram,septiawan.hendi,Mahindra?
18081712343617812,2026-04-24T10:16:42+00:00,2,https://www.instagram.com/p/DXgjNKaDO2r/,https://www.instagram.com/p/DXgjNKaDO2r/?comment_id=18081712343617812,scraping_instagram,yuyuknikenhayati,Alhamdulillah...kepala BGN msh bisa tersenyum
17980259531838322,2026-04-24T10:16:41+00:00,3,https://www.instagram.com/p/DXgjNKaDO2r/,https://www.instagram.com/p/DXgjNKaDO2r/?comment_id=17980259531838322,scraping_instagram,digdo_mulyanto,Tinggal tunggu waktu ja
18435085648186221,2026-04-24T10:16:21+00:00,2,https://www.instagram.com/p/DXgjNKaDO2r/,https://www.instagram.com/p/DXgjNKaDO2r/?comment_id=18435085648186221,scraping_instagram,_______.rafiraihan,"Aduh aduh pak, gimana ini😂 @prabowo"
17867745309523116,2026-04-24T10:14:46+00:00,2,https://www.instagram.com/p/DXgjNKaDO2r/,https://www.instagram.com/p/DXgjNKaDO2r/?comment_id=17867745309523116,scraping_instagram,abushaza_04,La'natullah alaih
18107917015692425,2026-04-24T10:10:29+00:00,2,https://www.instagram.com/p/DXgjNKaDO2r/,https://www.instagram.com/p/DXgjNKaDO2r/?comment_id=18107917015692425,scraping_instagram,wrutomo,Absurd
18078138941540403,2026-04-24T10:06:08+00:00,2,https://www.instagram.com/p/DXgjNKaDO2r/,https://www.instagram.com/p/DXgjNKaDO2r/?comment_id=18078138941540403,scraping_instagram,huzzle_music,Orang gob*ok suruh mimpin ya gitu
17905192680408044,2026-04-24T10:05:27+00:00,2,https://www.instagram.com/p/DXgjNKaDO2r/,https://www.instagram.com/p/DXgjNKaDO2r/?comment_id=17905192680408044,scraping_instagram,sandism_new,Negara diacak-acak tukang serangga
17959837332090110,2026-04-24T10:04:49+00:00,2,https://www.instagram.com/p/DXgjNKaDO2r/,https://www.instagram.com/p/DXgjNKaDO2r/?comment_id=17959837332090110,scraping_instagram,bilalbinsofyan,kapan institusi ini di periksa KPK
17860158525629541,2026-04-24T10:03:03+00:00,5,https://www.instagram.com/p/DXgjNKaDO2r/,https://www.instagram.com/p/DXgjNKaDO2r/?comment_id=17860158525629541,scraping_instagram,afiat_2026,Biarin lah dia pikir halal gitu ? Tunggu aja akibatnya🔥
18128690848576315,2026-04-24T10:01:18+00:00,2,https://www.instagram.com/p/DXgjNKaDO2r/,https://www.instagram.com/p/DXgjNKaDO2r/?comment_id=18128690848576315,scraping_instagram,edwin_darmawan_24,“Bergizi” buat BGn
18046630682758976,2026-04-24T10:01:00+00:00,5,https://www.instagram.com/p/DXgjNKaDO2r/,https://www.instagram.com/p/DXgjNKaDO2r/?comment_id=18046630682758976,scraping_instagram,muhammad.idhar.art,Kurng ajar mmng... 😅
18118619245632191,2026-04-24T10:00:52+00:00,2,https://www.instagram.com/p/DXgjNKaDO2r/,https://www.instagram.com/p/DXgjNKaDO2r/?comment_id=18118619245632191,scraping_instagram,radikakanaya,Any comment kakak @leveenia ???
17997202895766589,2026-04-24T09:58:30+00:00,2,https://www.instagram.com/p/DXgjNKaDO2r/,https://www.instagram.com/p/DXgjNKaDO2r/?comment_id=17997202895766589,scraping_instagram,raisar_jp,"Wihhhh, UMKM aja yg jual nasi gurih gratis Sendok macam tu😂😮"
17881203942549419,2026-04-24T09:57:26+00:00,18,https://www.instagram.com/p/DXgjNKaDO2r/,https://www.instagram.com/p/DXgjNKaDO2r/?comment_id=17881203942549419,scraping_instagram,thedi_thamrin,Wajib diaudit KPK
18064755701364339,2026-04-24T09:52:20+00:00,5,https://www.instagram.com/p/DXgjNKaDO2r/,https://www.instagram.com/p/DXgjNKaDO2r/?comment_id=18064755701364339,scraping_instagram,robbiecahyadi10,"Kl.ga hambur2an begini, ekonomi ga bergerak ga berputar kyk di dki wkt ahok menjabat"
18370785514164782,2026-04-24T09:51:45+00:00,6,https://www.instagram.com/p/DXgjNKaDO2r/,https://www.instagram.com/p/DXgjNKaDO2r/?comment_id=18370785514164782,scraping_instagram,yayoo_elis,Rakyat yang mana ? Apakah ada rakyat demo ?
18319472017287619,2026-04-24T09:49:29+00:00,3,https://www.instagram.com/p/DXgjNKaDO2r/,https://www.instagram.com/p/DXgjNKaDO2r/?comment_id=18319472017287619,scraping_instagram,nony_sssss,Malas bgt lihat foto Bapak ini tapi ya gimana atuh muncul wae di Sosmed 🤦🏻‍♀️
18101325817982161,2026-04-24T09:49:09+00:00,2,https://www.instagram.com/p/DXgjNKaDO2r/,https://www.instagram.com/p/DXgjNKaDO2r/?comment_id=18101325817982161,scraping_instagram,m_pravasta,Seekor tikus MBG yg sedang mnggerogoti pemerintahan
18081590207106245,2026-04-24T09:48:50+00:00,2,https://www.instagram.com/p/DXgjNKaDO2r/,https://www.instagram.com/p/DXgjNKaDO2r/?comment_id=18081590207106245,scraping_instagram,umilyanik_,"Kalo data ini benar, aku sakit hati banget. Tiap hari terima mbg 3 ompreng dr sektor ibu menyusui dan balita isinya bikin ngelus dada"
18123229519545863,2026-04-24T09:47:50+00:00,2,https://www.instagram.com/p/DXgjNKaDO2r/,https://www.instagram.com/p/DXgjNKaDO2r/?comment_id=18123229519545863,scraping_instagram,muhammad_shodiq,Hoream...
17912905599180942,2026-04-24T09:47:20+00:00,2,https://www.instagram.com/p/DXgjNKaDO2r/,https://www.instagram.com/p/DXgjNKaDO2r/?comment_id=17912905599180942,scraping_instagram,chaaguu,bgapain semir tae. kaos kaki ikat pinggang.. iketin perut koruptor
17862587529562394,2026-04-24T09:44:50+00:00,5,https://www.instagram.com/p/DXgjNKaDO2r/,https://www.instagram.com/p/DXgjNKaDO2r/?comment_id=17862587529562394,scraping_instagram,ricky777chingu,Yg gembar gembor efisiensi apakabar.. 😂😂
18087974738607761,2026-04-24T09:37:07+00:00,2,https://www.instagram.com/p/DXgjNKaDO2r/,https://www.instagram.com/p/DXgjNKaDO2r/?comment_id=18087974738607761,scraping_instagram,warunkanalytics,Cuan cuan pengadaan barang komisi/fee caiir modal pjbat dan anggota dewan parpol maju pemilu 2029
18026023901805789,2026-04-24T09:37:07+00:00,2,https://www.instagram.com/p/DXgjNKaDO2r/,https://www.instagram.com/p/DXgjNKaDO2r/?comment_id=18026023901805789,scraping_instagram,hendrik_savali,"1,2T bisa kali modal bangun pabrik perakitan motor EV... dan 102M bs bangun pabrik sendok."
18122571703620862,2026-04-24T09:37:03+00:00,2,https://www.instagram.com/p/DXgjNKaDO2r/,https://www.instagram.com/p/DXgjNKaDO2r/?comment_id=18122571703620862,scraping_instagram,saragiandro,Lanjutkan
18166976245425596,2026-04-24T09:34:07+00:00,2,https://www.instagram.com/p/DXgjNKaDO2r/,https://www.instagram.com/p/DXgjNKaDO2r/?comment_id=18166976245425596,scraping_instagram,lontongbalapxy,Hidup….. JOK MOBIL!
18108981511857316,2026-04-24T09:31:39+00:00,2,https://www.instagram.com/p/DXgjNKaDO2r/,https://www.instagram.com/p/DXgjNKaDO2r/?comment_id=18108981511857316,scraping_instagram,ir.ordelizalukhu,#rakyatharusbersuara
18133320775544801,2026-04-24T09:30:55+00:00,3,https://www.instagram.com/p/DXgjNKaDO2r/,https://www.instagram.com/p/DXgjNKaDO2r/?comment_id=18133320775544801,scraping_instagram,afandi.vsi,Makin bergizi aja pejabat kita😍
17935258668053695,2026-04-24T09:29:52+00:00,3,https://www.instagram.com/p/DXgjNKaDO2r/,https://www.instagram.com/p/DXgjNKaDO2r/?comment_id=17935258668053695,scraping_instagram,mochamad_af,Senyum penuh dengan kedamaian..... Buat dirinya sendiri tapi...
18098004173283914,2026-04-24T09:27:05+00:00,2,https://www.instagram.com/p/DXgjNKaDO2r/,https://www.instagram.com/p/DXgjNKaDO2r/?comment_id=18098004173283914,scraping_instagram,nomor_punggung69,"　 
😂╭╮╱╱╭━━━━┳╮╱╱╱🤣
😂┃┃╱╱┃╭╮╭╮┃┃╱╱╱🤣
😂┃┃╱╱┃╭━━╮┃┃╱╱╱🤣
😂┃┃╱╭┫┃┃┃┃┃┃╱╭╮🤣
😂┃╰━╯┃╰━━╯┃╰━╯┃🤣
😂╰━━━┻━━━━┻━━━╯🤣"
18091657157464118,2026-04-24T09:27:00+00:00,2,https://www.instagram.com/p/DXgjNKaDO2r/,https://www.instagram.com/p/DXgjNKaDO2r/?comment_id=18091657157464118,scraping_instagram,hui_zen_,Kaos kaki 6.9M ? Gila apa.?
18078673478265798,2026-04-24T09:26:47+00:00,2,https://www.instagram.com/p/DXgjNKaDO2r/,https://www.instagram.com/p/DXgjNKaDO2r/?comment_id=18078673478265798,scraping_instagram,sistumala,Ada yg bs kirim radio ke dlm perut org ini kah? Biar sisa umurnya ke-berisik-an terus
18578591503021291,2026-04-24T09:26:25+00:00,2,https://www.instagram.com/p/DXgjNKaDO2r/,https://www.instagram.com/p/DXgjNKaDO2r/?comment_id=18578591503021291,scraping_instagram,ar_rahman_temanggung,"Korupsi masif di MBG dan KDMP. 
Prabowo DIAM. 
Teriak lantang akan kejar koruptor sampai antartika.
Nyatanya koruptor2 nya ngumpet dibawah ketiak dia.
 
Boleh korupsi asal kroni2 nya.
Real OMON OMON."
18421977424120082,2026-04-24T09:26:24+00:00,8,https://www.instagram.com/p/DXgjNKaDO2r/,https://www.instagram.com/p/DXgjNKaDO2r/?comment_id=18421977424120082,scraping_instagram,_banuaproject,Siapa dulu captennya… antek antek aseng 🤣🤣 prab
18161440261436809,2026-04-24T09:24:13+00:00,4,https://www.instagram.com/p/DXgjNKaDO2r/,https://www.instagram.com/p/DXgjNKaDO2r/?comment_id=18161440261436809,scraping_instagram,stoikline,@badangizinasional.ri dikuasai spesies maling @badangizinasional.ri anehnya si @prabowo diem aja
18246485410309938,2026-04-24T09:21:00+00:00,2,https://www.instagram.com/p/DXgjNKaDO2r/,https://www.instagram.com/p/DXgjNKaDO2r/?comment_id=18246485410309938,scraping_instagram,rzkiagungamnd,Inilah indonesia😂😂
18115931563685722,2026-04-24T09:19:16+00:00,3,https://www.instagram.com/p/DXgjNKaDO2r/,https://www.instagram.com/p/DXgjNKaDO2r/?comment_id=18115931563685722,scraping_instagram,ardhindhie,"Pa dadaaan padadaaaan… huh, padadaaaan padadaaaan huh #raja"
18066027566677823,2026-04-24T09:17:51+00:00,2,https://www.instagram.com/p/DXgjNKaDO2r/,https://www.instagram.com/p/DXgjNKaDO2r/?comment_id=18066027566677823,scraping_instagram,muh4mm4d_zikri,Yg bikin heran presiden ga komen apa² mengenai ini... 😢
17942815944016014,2026-04-24T09:17:30+00:00,2,https://www.instagram.com/p/DXgjNKaDO2r/,https://www.instagram.com/p/DXgjNKaDO2r/?comment_id=17942815944016014,scraping_instagram,bowdanarrow,"Sorot mata dan nyengirnya itu lho, beneran dia profesor ?"
18110855584857438,2026-04-24T09:17:22+00:00,3,https://www.instagram.com/p/DXgjNKaDO2r/,https://www.instagram.com/p/DXgjNKaDO2r/?comment_id=18110855584857438,scraping_instagram,r_terus_r,Efisiensi omong kosong
18457607392106331,2026-04-24T09:17:08+00:00,2,https://www.instagram.com/p/DXgjNKaDO2r/,https://www.instagram.com/p/DXgjNKaDO2r/?comment_id=18457607392106331,scraping_instagram,eatheneast,Wowwww 😂
18111655861827062,2026-04-24T09:15:13+00:00,2,https://www.instagram.com/p/DXgjNKaDO2r/,https://www.instagram.com/p/DXgjNKaDO2r/?comment_id=18111655861827062,scraping_instagram,kensrph,Smua program n pngeluaran ini bikin emosi dtambah orgnya jelek bgt lg
18107750807504701,2026-04-24T09:13:39+00:00,2,https://www.instagram.com/p/DXgjNKaDO2r/,https://www.instagram.com/p/DXgjNKaDO2r/?comment_id=18107750807504701,scraping_instagram,pangestufirmanbudiana,Pengadaan yang diada2in 😁
17889156231356378,2026-04-24T09:13:01+00:00,2,https://www.instagram.com/p/DXgjNKaDO2r/,https://www.instagram.com/p/DXgjNKaDO2r/?comment_id=17889156231356378,scraping_instagram,nanda.kerr,"Dan belom ada huru hara dari KPK

Akan di tindak lanjuti setelah periode presiden baru -_- seperti biasalaaaaaaah"
18462948787108844,2026-04-24T09:10:53+00:00,2,https://www.instagram.com/p/DXgjNKaDO2r/,https://www.instagram.com/p/DXgjNKaDO2r/?comment_id=18462948787108844,scraping_instagram,oddyudha,Sialan2 benci bgt baca beritanya💩💩💩
18537684343069024,2026-04-24T09:10:50+00:00,3,https://www.instagram.com/p/DXgjNKaDO2r/,https://www.instagram.com/p/DXgjNKaDO2r/?comment_id=18537684343069024,scraping_instagram,hobbyque_screen_printing,"Sendok,semir sepatu, sekalian kantong TAI 10 milyar 😂😂😂😂😂"
17942316441189286,2026-04-24T09:10:18+00:00,4,https://www.instagram.com/p/DXgjNKaDO2r/,https://www.instagram.com/p/DXgjNKaDO2r/?comment_id=17942316441189286,scraping_instagram,adisrhm,Presiden kok di tolol2in m orang bangsat kyk gini
17994668246951934,2026-04-24T09:08:52+00:00,3,https://www.instagram.com/p/DXgjNKaDO2r/,https://www.instagram.com/p/DXgjNKaDO2r/?comment_id=17994668246951934,scraping_instagram,ngangaaaaak,💩💩💩
18078946913148307,2026-04-24T09:08:48+00:00,3,https://www.instagram.com/p/DXgjNKaDO2r/,https://www.instagram.com/p/DXgjNKaDO2r/?comment_id=18078946913148307,scraping_instagram,la_croisette18,Lisrnsi Zoom belum masuk 5.7 Miliar..
18010349474853557,2026-04-24T09:08:24+00:00,3,https://www.instagram.com/p/DXgjNKaDO2r/,https://www.instagram.com/p/DXgjNKaDO2r/?comment_id=18010349474853557,scraping_instagram,denikhosasih,"Stress kalo kata gua mah,sekolah noh banyak yg kurang bagus. Perbaikin 😂"
18095456963326587,2026-04-24T09:07:39+00:00,2,https://www.instagram.com/p/DXgjNKaDO2r/,https://www.instagram.com/p/DXgjNKaDO2r/?comment_id=18095456963326587,scraping_instagram,onigiriandsashimi,menjijikan
18110922496655206,2026-04-24T09:06:37+00:00,2,https://www.instagram.com/p/DXgjNKaDO2r/,https://www.instagram.com/p/DXgjNKaDO2r/?comment_id=18110922496655206,scraping_instagram,hand_midasamd,Palkon anjg
17880583680417276,2026-04-24T09:05:03+00:00,3,https://www.instagram.com/p/DXgjNKaDO2r/,https://www.instagram.com/p/DXgjNKaDO2r/?comment_id=17880583680417276,scraping_instagram,fritsmar68,🔥🔥
18171698080401958,2026-04-24T09:04:51+00:00,2,https://www.instagram.com/p/DXgjNKaDO2r/,https://www.instagram.com/p/DXgjNKaDO2r/?comment_id=18171698080401958,scraping_instagram,bslaksono,20 tahun gak berkuasa perusahaannya gak bisa dapat pinjaman bank.Sekarang mumpung berkuasa dia garong semuanya
18108541501880161,2026-04-24T09:04:07+00:00,2,https://www.instagram.com/p/DXgjNKaDO2r/,https://www.instagram.com/p/DXgjNKaDO2r/?comment_id=18108541501880161,scraping_instagram,nilajohan,Nanti nih org perutnya beldos😂
18095660054129146,2026-04-24T09:03:51+00:00,51,https://www.instagram.com/p/DXgjNKaDO2r/,https://www.instagram.com/p/DXgjNKaDO2r/?comment_id=18095660054129146,scraping_instagram,abduldopar,Masih percaya sama kinerja kepala BGN? Presiden aja di Bohongin 😂🤣🤣🤣
18201176785352600,2026-04-24T09:03:26+00:00,2,https://www.instagram.com/p/DXgjNKaDO2r/,https://www.instagram.com/p/DXgjNKaDO2r/?comment_id=18201176785352600,scraping_instagram,neultrapetita,Makanya kok dibela mati²an.. lahan basah
18111152491862372,2026-04-24T09:02:37+00:00,10,https://www.instagram.com/p/DXgjNKaDO2r/,https://www.instagram.com/p/DXgjNKaDO2r/?comment_id=18111152491862372,scraping_instagram,pengangguranimut,Lha bener. Kan maksudnya kita yang efisiensi. Biar mereka bisa foya2.
18594294355046945,2026-05-24T13:28:42+00:00,60,https://www.instagram.com/p/DYuQExygdrV/,https://www.instagram.com/p/DYuQExygdrV/?comment_id=18594294355046945,scraping_instagram,byy44,"terima kasih MBG, semenjak ada MBG bebekku gemoy semua"
17923062147344586,2026-05-24T13:45:21+00:00,17,https://www.instagram.com/p/DYuQExygdrV/,https://www.instagram.com/p/DYuQExygdrV/?comment_id=17923062147344586,scraping_instagram,novrihaiha,"Emang relawan itu digaji ya? Bukannya dari kata ""rela"" ?"
18460094455128220,2026-05-24T13:25:04+00:00,55,https://www.instagram.com/p/DYuQExygdrV/,https://www.instagram.com/p/DYuQExygdrV/?comment_id=18460094455128220,scraping_instagram,ahmadhasrul08,akun sibuk klarifikasi 😂😂😂
18095756483331849,2026-05-24T16:32:46+00:00,1,https://www.instagram.com/p/DYuQExygdrV/,https://www.instagram.com/p/DYuQExygdrV/?comment_id=18095756483331849,scraping_instagram,humamunnajib,"Sebenernya penggajian relawan gimana sih,nggak konsisten banget"
18116507023692241,2026-05-24T13:45:24+00:00,71,https://www.instagram.com/p/DYuQExygdrV/,https://www.instagram.com/p/DYuQExygdrV/?comment_id=18116507023692241,scraping_instagram,supersemar1103,"Tetap harus di bekukuan,stop dulu MBG sebelum adanya pengawasan yg ketat,enak aja di pake anggaran gede pengawasan Nol,ya rugi dong"
18090356375019951,2026-05-24T13:24:23+00:00,0,https://www.instagram.com/p/DYuQExygdrV/,https://www.instagram.com/p/DYuQExygdrV/?comment_id=18090356375019951,scraping_instagram,kak.zend,Knp gk benar.. Mending benar aja
17890181628531539,2026-05-24T13:17:43+00:00,5,https://www.instagram.com/p/DYuQExygdrV/,https://www.instagram.com/p/DYuQExygdrV/?comment_id=17890181628531539,scraping_instagram,bang._naga,STOP MBG
17882881011570033,2026-05-24T14:14:24+00:00,1,https://www.instagram.com/p/DYuQExygdrV/,https://www.instagram.com/p/DYuQExygdrV/?comment_id=17882881011570033,scraping_instagram,indah.wiguna89,@call.bgn apakah tidak ada regulasi khusus dari pusat BGN untuk karyawan dan relawan dapur SPPG dalam menjaga ketertiban lingkungan? Di tempat saya relawan SPPG nya sangat mengganggu lingkungan dengan memutar musik keras2.
18317786590275801,2026-05-24T13:33:51+00:00,0,https://www.instagram.com/p/DYuQExygdrV/,https://www.instagram.com/p/DYuQExygdrV/?comment_id=18317786590275801,scraping_instagram,istq.mhh,No comment 🙌😂
18022063028666409,2026-05-25T04:46:31+00:00,0,https://www.instagram.com/p/DYuQExygdrV/,https://www.instagram.com/p/DYuQExygdrV/?comment_id=18022063028666409,scraping_instagram,reynaldikhsan,Padahal malah pengennya dipotong beneran jir
17998467668946983,2026-05-24T14:39:27+00:00,0,https://www.instagram.com/p/DYuQExygdrV/,https://www.instagram.com/p/DYuQExygdrV/?comment_id=17998467668946983,scraping_instagram,ivan_aditra_gunawan2808,Bubarkan MBG 🔥🔥🔥🔥
18054433025755796,2026-05-24T13:28:48+00:00,17,https://www.instagram.com/p/DYuQExygdrV/,https://www.instagram.com/p/DYuQExygdrV/?comment_id=18054433025755796,scraping_instagram,yoga_mc7,Penghambat ekonomi Negara
18116591296774831,2026-05-24T14:43:46+00:00,0,https://www.instagram.com/p/DYuQExygdrV/,https://www.instagram.com/p/DYuQExygdrV/?comment_id=18116591296774831,scraping_instagram,uyye_adam26,"Klarifikasi Mulu, alah palingan besok diulangin lagi 😢"
18176881912398262,2026-05-24T17:04:05+00:00,2,https://www.instagram.com/p/DYuQExygdrV/,https://www.instagram.com/p/DYuQExygdrV/?comment_id=18176881912398262,scraping_instagram,izmumukhtar,TUTUP MBG 🔥
18103557623067757,2026-05-24T17:31:19+00:00,1,https://www.instagram.com/p/DYuQExygdrV/,https://www.instagram.com/p/DYuQExygdrV/?comment_id=18103557623067757,scraping_instagram,qonitah_azzahra,Maksa banget
17882788233574413,2026-05-24T14:45:44+00:00,12,https://www.instagram.com/p/DYuQExygdrV/,https://www.instagram.com/p/DYuQExygdrV/?comment_id=17882788233574413,scraping_instagram,ar_rahman_temanggung,"Satu hal yg positif dari MBG : berkembangnya usaha ternak ayam dan bebek mandiri rakyat. Kenapa? karena dapat limpahan makanan MBG yg tdk termakan anak2 sekolah. Ayam dan bebek gemuk, yg punya tdk usah beli pakan ternak. Kurang lebih 30% mbg terbuang krn basi/racun/tdk enak/anak tdk suka. Sungguh program yg berhasil. 👍
Berhasil membangkrutkan negeri."
18319064917257798,2026-05-25T03:02:42+00:00,0,https://www.instagram.com/p/DYuQExygdrV/,https://www.instagram.com/p/DYuQExygdrV/?comment_id=18319064917257798,scraping_instagram,miftahsabil,"Terimakasih MBG, kalau bisa di tutup aja ya"
18148576084496246,2026-05-24T13:21:09+00:00,5,https://www.instagram.com/p/DYuQExygdrV/,https://www.instagram.com/p/DYuQExygdrV/?comment_id=18148576084496246,scraping_instagram,geen_verzendkosten,Kereeen😍. Program terbaik untuk pemenuhan gizi anak Indonesia❤️
18081355217161617,2026-05-24T17:06:35+00:00,1,https://www.instagram.com/p/DYuQExygdrV/,https://www.instagram.com/p/DYuQExygdrV/?comment_id=18081355217161617,scraping_instagram,ayah_nendra.s.a,Untuk rincian detail pengelola anggaran Rp.249 Triliun bisa diliat dimana ya?
17936131335252676,2026-05-24T13:21:17+00:00,1,https://www.instagram.com/p/DYuQExygdrV/,https://www.instagram.com/p/DYuQExygdrV/?comment_id=17936131335252676,scraping_instagram,antokostaman,Makaaaaan bae di urus
18053262356578646,2026-05-24T14:27:15+00:00,0,https://www.instagram.com/p/DYuQExygdrV/,https://www.instagram.com/p/DYuQExygdrV/?comment_id=18053262356578646,scraping_instagram,febri21af,"Ini program mark up besar""an apa program makanan seadanya gratis sih?"
17879373894447119,2026-05-24T13:32:41+00:00,0,https://www.instagram.com/p/DYuQExygdrV/,https://www.instagram.com/p/DYuQExygdrV/?comment_id=17879373894447119,scraping_instagram,riankurniawan4600,Bubarkan MBG
18320094058256144,2026-05-25T04:29:50+00:00,0,https://www.instagram.com/p/DYuQExygdrV/,https://www.instagram.com/p/DYuQExygdrV/?comment_id=18320094058256144,scraping_instagram,xbamboox.1112,CUCI BERITA YANG BERSIH BIAR GAK KERACUNAN 🤭
18108182776928187,2026-05-24T15:23:23+00:00,1,https://www.instagram.com/p/DYuQExygdrV/,https://www.instagram.com/p/DYuQExygdrV/?comment_id=18108182776928187,scraping_instagram,lebahgo,tolong skema pembayaran di SPPG diganti banyak intervensi dan pelanggaran administrasi di SPPG karena pembayaran dilakukan langsung oleh KASPPG
17885707197560264,2026-05-24T15:11:03+00:00,15,https://www.instagram.com/p/DYuQExygdrV/,https://www.instagram.com/p/DYuQExygdrV/?comment_id=17885707197560264,scraping_instagram,zulfiaziz123,"Dulu anggaran bansos 500T gak ada yg protes sedangkan bgn 268T yg protes seluruh penjuru, tapi buzzer kenyataanya semua ibu2 banyaj yg bersyukur bahkan masih banyak yg belum dapat, masih menanti2 kan dapat mbg👏"
18072951710655873,2026-05-24T14:38:54+00:00,1,https://www.instagram.com/p/DYuQExygdrV/,https://www.instagram.com/p/DYuQExygdrV/?comment_id=18072951710655873,scraping_instagram,mbgcenter.id,❤️❤️❤️
18247721683307393,2026-05-24T14:35:48+00:00,1,https://www.instagram.com/p/DYuQExygdrV/,https://www.instagram.com/p/DYuQExygdrV/?comment_id=18247721683307393,scraping_instagram,rhudy_13,🔥🔥🔥🔥
18395888023085755,2026-05-24T13:17:20+00:00,0,https://www.instagram.com/p/DYuQExygdrV/,https://www.instagram.com/p/DYuQExygdrV/?comment_id=18395888023085755,scraping_instagram,kukuh.rj,Terserah.....
18087826202077643,2026-05-24T13:25:12+00:00,6,https://www.instagram.com/p/DYuQExygdrV/,https://www.instagram.com/p/DYuQExygdrV/?comment_id=18087826202077643,scraping_instagram,raramustiany,"Tetangga ku kerja di mbg bagian cuci opreng , 700 opreng yg nyuci 10 orang dan kerja gak nyampe 2jam selesai setelah itu leha lehadi bayar sehari 100rb 😅"
18103298414001975,2026-05-25T00:27:39+00:00,1,https://www.instagram.com/p/DYuQExygdrV/,https://www.instagram.com/p/DYuQExygdrV/?comment_id=18103298414001975,scraping_instagram,97_elpatron,UDAHIN AJA INI GAK BERMANFAAT !!!!!!!!!!!
18101057966121494,2026-05-24T14:17:18+00:00,1,https://www.instagram.com/p/DYuQExygdrV/,https://www.instagram.com/p/DYuQExygdrV/?comment_id=18101057966121494,scraping_instagram,vicky_binjai,"Sudah Tutup sajalah. Mending uangnya Buat Kebutuhan Sembako gratis untuk Orang tua murid sekolah yang susah.. atau Dbuat pendidikan gratis, Atau Dbuat skolah2 atau renovasi skolah2 yg di pedalaman sukses djangkau. dri pada MBG Ni"
18093327530213296,2026-05-24T14:12:11+00:00,7,https://www.instagram.com/p/DYuQExygdrV/,https://www.instagram.com/p/DYuQExygdrV/?comment_id=18093327530213296,scraping_instagram,aktual_indo,"HABIS DUIT RAKYAT DRI APBN. GARA2 KELEN..., GK IKLAS KAMI DUNIA AKHIRAT.."
17969001192062145,2026-05-24T15:24:06+00:00,1,https://www.instagram.com/p/DYuQExygdrV/,https://www.instagram.com/p/DYuQExygdrV/?comment_id=17969001192062145,scraping_instagram,mas_ikulmahardikapro,BGN: BIAR GAMPANG NYOLONG. SPPG : Satuan Penjilat prabowo Gibran 👏👏
18084826439100328,2026-05-24T14:13:48+00:00,7,https://www.instagram.com/p/DYuQExygdrV/,https://www.instagram.com/p/DYuQExygdrV/?comment_id=18084826439100328,scraping_instagram,aktual_indo,GARA2 KALIAN DUIT APBN DRI PAJAK RAKYAT KELEN HAMBUR2KAN DEMI JDI KOTORAN MANUSIA YG GK BERGUNA.... SEHINGGA SKRG INI SEMBAKO2 SERBA MAHAL... GK IKLAS KAMI DUNIA AKHIRAT..
18063343451448696,2026-05-24T13:21:18+00:00,0,https://www.instagram.com/p/DYuQExygdrV/,https://www.instagram.com/p/DYuQExygdrV/?comment_id=18063343451448696,scraping_instagram,bunghatta2026,Kenapa pendaftaran SPPG di website ditutup?
18117401332760926,2026-05-25T06:37:23+00:00,0,https://www.instagram.com/p/DYuQExygdrV/,https://www.instagram.com/p/DYuQExygdrV/?comment_id=18117401332760926,scraping_instagram,sintaqollbyy,"""Masyaallah kontennya indah banget, bahas gizi, bahas anak sehat, bahas masa depan cerah... tapi boleh jujur gak sih? Semua orang di luar sana tau betul, Badan Gizi Nasional atau MBG ini sebenernya apa! Ini kan cuma kedok besar, panggung indah buat nguras uang negara triliunan rupiah, sarang korupsi paling baru dan paling rakus! Di medsos kelihatan mulia banget, padahal aslinya tempat kumpul setoran, tempat ngantongi duit rakyat sama pejabat dan kroni-kroninya! Anggaran melimpah ruah, tapi kenyataan di lapangan? Makanan yang dikasih kadang gak sampe sama sekali, kadang isinya sampah, kadang kadaluarsa, gak layak makan, gak bergizi! Laporannya selalu sukses 100%, postingannya selalu bagus-bagus, tapi yang beneran masuk ke perut anak-anak kita itu cuma remah-remah doang! Sisanya ngabur ke mana? Pasti tau lah kemana, ke kantong siapa! Jangan nipu terus deh, wajah kalem tulisan mulia tapi dalemnya busuk banget. Kalian ini badan gizi kok kerjanya malah bikin perut pejabatnya makin gemuk sama uang haram, sedangkan anak-anak yang seharusnya dibantu malah tetep kelaparan dan gizi buruk! Malu dikit sama rakyat, malu dikit sama Tuhan! Ini bukan buat kesejahteraan, ini cuma proyek penjarahan besar-besaran pake nama anak bangsa!"""
17874314061610498,2026-05-25T06:37:20+00:00,0,https://www.instagram.com/p/DYuQExygdrV/,https://www.instagram.com/p/DYuQExygdrV/?comment_id=17874314061610498,scraping_instagram,sintaqollbyy,"""Masyaallah kontennya indah banget, bahas gizi, bahas anak sehat, bahas masa depan cerah... tapi boleh jujur gak sih? Semua orang di luar sana tau betul, Badan Gizi Nasional atau MBG ini sebenernya apa! Ini kan cuma kedok besar, panggung indah buat nguras uang negara triliunan rupiah, sarang korupsi paling baru dan paling rakus! Di medsos kelihatan mulia banget, padahal aslinya tempat kumpul setoran, tempat ngantongi duit rakyat sama pejabat dan kroni-kroninya! Anggaran melimpah ruah, tapi kenyataan di lapangan? Makanan yang dikasih kadang gak sampe sama sekali, kadang isinya sampah, kadang kadaluarsa, gak layak makan, gak bergizi! Laporannya selalu sukses 100%, postingannya selalu bagus-bagus, tapi yang beneran masuk ke perut anak-anak kita itu cuma remah-remah doang! Sisanya ngabur ke mana? Pasti tau lah kemana, ke kantong siapa! Jangan nipu terus deh, wajah kalem tulisan mulia tapi dalemnya busuk banget. Kalian ini badan gizi kok kerjanya malah bikin perut pejabatnya makin gemuk sama uang haram, sedangkan anak-anak yang seharusnya dibantu malah tetep kelaparan dan gizi buruk! Malu dikit sama rakyat, malu dikit sama Tuhan! Ini bukan buat kesejahteraan, ini cuma proyek penjarahan besar-besaran pake nama anak bangsa!"""
18066649460384990,2026-05-25T06:37:14+00:00,0,https://www.instagram.com/p/DYuQExygdrV/,https://www.instagram.com/p/DYuQExygdrV/?comment_id=18066649460384990,scraping_instagram,sintaqollbyy,"""Masyaallah kontennya indah banget, bahas gizi, bahas anak sehat, bahas masa depan cerah... tapi boleh jujur gak sih? Semua orang di luar sana tau betul, Badan Gizi Nasional atau MBG ini sebenernya apa! Ini kan cuma kedok besar, panggung indah buat nguras uang negara triliunan rupiah, sarang korupsi paling baru dan paling rakus! Di medsos kelihatan mulia banget, padahal aslinya tempat kumpul setoran, tempat ngantongi duit rakyat sama pejabat dan kroni-kroninya! Anggaran melimpah ruah, tapi kenyataan di lapangan? Makanan yang dikasih kadang gak sampe sama sekali, kadang isinya sampah, kadang kadaluarsa, gak layak makan, gak bergizi! Laporannya selalu sukses 100%, postingannya selalu bagus-bagus, tapi yang beneran masuk ke perut anak-anak kita itu cuma remah-remah doang! Sisanya ngabur ke mana? Pasti tau lah kemana, ke kantong siapa! Jangan nipu terus deh, wajah kalem tulisan mulia tapi dalemnya busuk banget. Kalian ini badan gizi kok kerjanya malah bikin perut pejabatnya makin gemuk sama uang haram, sedangkan anak-anak yang seharusnya dibantu malah tetep kelaparan dan gizi buruk! Malu dikit sama rakyat, malu dikit sama Tuhan! Ini bukan buat kesejahteraan, ini cuma proyek penjarahan besar-besaran pake nama anak bangsa!"""
17862475554587759,2026-05-25T06:06:39+00:00,0,https://www.instagram.com/p/DYuQExygdrV/,https://www.instagram.com/p/DYuQExygdrV/?comment_id=17862475554587759,scraping_instagram,dargo_mbezh,WOOII...PEJABAT2 @badangizinasional.ri BACA ITU KOMENT2 KRITIS...JANGAN CUMA MAU PUJA PUJI DARI BUZZER... TOLONG MATAMU MELEK YG LUUUEEEEBAAARRR...TELINGA BUKA YANG LUUUUEEEEBAAARRR JUGA...APALGI OTAK PIKIRAN KALIAN BELUM LAGI HATI PAKAI SEBAIK2NYA...JANGAN MATI RASA MATI OTAK ALIAS TOLOL GA MAU DENGAR KRITIK MASYARAKAT KRENA ANGGARAN PALING BESAR...SEMOGA KALIAN SELAMAT DUNIA AKHIRAT !!!
18022063028666409,2026-05-25T04:46:31+00:00,0,https://www.instagram.com/p/DYuQExygdrV/,https://www.instagram.com/p/DYuQExygdrV/?comment_id=18022063028666409,scraping_instagram,reynaldikhsan,Padahal malah pengennya dipotong beneran jir
18088347563525618,2026-05-25T04:31:05+00:00,0,https://www.instagram.com/p/DYuQExygdrV/,https://www.instagram.com/p/DYuQExygdrV/?comment_id=18088347563525618,scraping_instagram,nadhif.almira,BUBARR GAK LU 🙄
18320094058256144,2026-05-25T04:29:50+00:00,0,https://www.instagram.com/p/DYuQExygdrV/,https://www.instagram.com/p/DYuQExygdrV/?comment_id=18320094058256144,scraping_instagram,xbamboox.1112,CUCI BERITA YANG BERSIH BIAR GAK KERACUNAN 🤭
18136452331477197,2026-05-25T04:23:36+00:00,0,https://www.instagram.com/p/DYuQExygdrV/,https://www.instagram.com/p/DYuQExygdrV/?comment_id=18136452331477197,scraping_instagram,jurmiah17__,"Hallo min
Mohon ya untuk korcam yg TOA kembalikan ke wilayah asal nya secepatnya . Karena kerja nya jdi double sama sama penting soal nya mohon ikuti arahan dari zoom kemaren bahwa yg bertugas sebagai korcam tidak boleh ada yg TOA"
18012119879894080,2026-05-25T04:20:41+00:00,0,https://www.instagram.com/p/DYuQExygdrV/,https://www.instagram.com/p/DYuQExygdrV/?comment_id=18012119879894080,scraping_instagram,lwmeida,Biaya 4 taun MBG bisa bikin 14.000km jalur kereta 🚄🚅🚈🚝🚉
18183148957344970,2026-05-25T03:42:49+00:00,0,https://www.instagram.com/p/DYuQExygdrV/,https://www.instagram.com/p/DYuQExygdrV/?comment_id=18183148957344970,scraping_instagram,maskuri,bubarkan lemabaga g guna baung buang amggaran
18067580300693673,2026-05-25T03:05:12+00:00,0,https://www.instagram.com/p/DYuQExygdrV/,https://www.instagram.com/p/DYuQExygdrV/?comment_id=18067580300693673,scraping_instagram,5061_75,Aku bersyukur dapat mbg makasih para pekerja mbg semangat terus
18319064917257798,2026-05-25T03:02:42+00:00,0,https://www.instagram.com/p/DYuQExygdrV/,https://www.instagram.com/p/DYuQExygdrV/?comment_id=18319064917257798,scraping_instagram,miftahsabil,"Terimakasih MBG, kalau bisa di tutup aja ya"
18102444950092431,2026-05-25T02:56:25+00:00,0,https://www.instagram.com/p/DYuQExygdrV/,https://www.instagram.com/p/DYuQExygdrV/?comment_id=18102444950092431,scraping_instagram,fachriys23,300T cuma jadi taik 😭
18014059556848324,2026-05-25T02:16:56+00:00,0,https://www.instagram.com/p/DYuQExygdrV/,https://www.instagram.com/p/DYuQExygdrV/?comment_id=18014059556848324,scraping_instagram,resiprokal32,"70% komposisi anggaran untuk makanan? Berarti 70 % dari 15.000 = 10.500... perasaan 10.000 aja gak sampe. Potensi korupsi 1.500 rupiah (average) 1.500/15.000 ×100%= 10%. Total potensi korupsi = 10% x 268 T = 26,8 T. Itu baru dari makanan ya....."
17929621395266847,2026-05-25T02:10:12+00:00,0,https://www.instagram.com/p/DYuQExygdrV/,https://www.instagram.com/p/DYuQExygdrV/?comment_id=17929621395266847,scraping_instagram,dzamzuri_,#DADANOUT !!!
18553035472069753,2026-05-25T02:08:18+00:00,0,https://www.instagram.com/p/DYuQExygdrV/,https://www.instagram.com/p/DYuQExygdrV/?comment_id=18553035472069753,scraping_instagram,pelayan_masyrakat,Apakah ada yg percayaa gesss😂
18102491762082770,2026-05-25T02:07:56+00:00,0,https://www.instagram.com/p/DYuQExygdrV/,https://www.instagram.com/p/DYuQExygdrV/?comment_id=18102491762082770,scraping_instagram,jarawrisaba,"335 T, kalau di bangunkan jalan tol dapat berapa KM.. kalau di bangunkan Jembatan Selat Sunda..?"
17953351512178759,2026-05-25T02:06:22+00:00,0,https://www.instagram.com/p/DYuQExygdrV/,https://www.instagram.com/p/DYuQExygdrV/?comment_id=17953351512178759,scraping_instagram,mydiary09_,Kapan tutup
18074635979290707,2026-05-25T02:02:47+00:00,0,https://www.instagram.com/p/DYuQExygdrV/,https://www.instagram.com/p/DYuQExygdrV/?comment_id=18074635979290707,scraping_instagram,dindavincha,"libur panjang enak benerrrrr selasa besok terakhir dpt MBG libur seminggu selasa depan baru dapet lg,lumayan hemat anggaran buat seminggu.."
18076485569272888,2026-05-25T01:45:43+00:00,0,https://www.instagram.com/p/DYuQExygdrV/,https://www.instagram.com/p/DYuQExygdrV/?comment_id=18076485569272888,scraping_instagram,rusdi.nc,"2 kata lucu, ""optimalkan anggaran"" 😂😂"
18154901713417623,2026-05-25T01:07:51+00:00,0,https://www.instagram.com/p/DYuQExygdrV/,https://www.instagram.com/p/DYuQExygdrV/?comment_id=18154901713417623,scraping_instagram,heisinta,"Ga di pangkas aja MBG disini dapetnya cuma susu dan buah doang wkwk mana di rapel lagi dapetnya, percuma bangun dapur kalo dapetnya bukan makanan olahan"
18094748108587724,2026-05-25T01:03:27+00:00,0,https://www.instagram.com/p/DYuQExygdrV/,https://www.instagram.com/p/DYuQExygdrV/?comment_id=18094748108587724,scraping_instagram,andypratamachandra,"🔥🔥🔥
Menyalaaa buzzer kuhhh"
18349562698244980,2026-05-25T01:00:32+00:00,1,https://www.instagram.com/p/DYuQExygdrV/,https://www.instagram.com/p/DYuQExygdrV/?comment_id=18349562698244980,scraping_instagram,kunkun_2022,Jangan TIMPAKAN BEBAN INI ke GURU. Guru sudah capek2 ngajar n ngurus kegiatan sekolah masih harus ngurus ompreng!!
18103298414001975,2026-05-25T00:27:39+00:00,1,https://www.instagram.com/p/DYuQExygdrV/,https://www.instagram.com/p/DYuQExygdrV/?comment_id=18103298414001975,scraping_instagram,97_elpatron,UDAHIN AJA INI GAK BERMANFAAT !!!!!!!!!!!
18102763748291889,2026-05-25T00:16:17+00:00,0,https://www.instagram.com/p/DYuQExygdrV/,https://www.instagram.com/p/DYuQExygdrV/?comment_id=18102763748291889,scraping_instagram,sp_mwhy,Yaahh klo bs 1 m ajalah ngapai banyak bnyak buat rebusan juga
17928282525312182,2026-05-24T23:36:26+00:00,0,https://www.instagram.com/p/DYuQExygdrV/,https://www.instagram.com/p/DYuQExygdrV/?comment_id=17928282525312182,scraping_instagram,sammm73_,Cebokin mulu 😂
18000734393930477,2026-05-24T23:23:46+00:00,0,https://www.instagram.com/p/DYuQExygdrV/,https://www.instagram.com/p/DYuQExygdrV/?comment_id=18000734393930477,scraping_instagram,burhanie_ab,Awuren kono min sak karepmu
17941343481039374,2026-05-24T22:47:46+00:00,0,https://www.instagram.com/p/DYuQExygdrV/,https://www.instagram.com/p/DYuQExygdrV/?comment_id=17941343481039374,scraping_instagram,adroo26,"dana 265 T setahun, untuk 65 juta orang, kalo dibagi rata, semua datang sekitar 4jutaan, kalo dibagi 12 bulan, masing-masing sekitar 380ribu sebulan. 😮😮"
17996637965957343,2026-05-24T22:19:43+00:00,0,https://www.instagram.com/p/DYuQExygdrV/,https://www.instagram.com/p/DYuQExygdrV/?comment_id=17996637965957343,scraping_instagram,ayah_ahwaz12,Semenjak ada MBG ayamku jadi ga beli2 pakan lagi👏👏👏
17871471714673555,2026-05-24T22:02:40+00:00,0,https://www.instagram.com/p/DYuQExygdrV/,https://www.instagram.com/p/DYuQExygdrV/?comment_id=17871471714673555,scraping_instagram,hendrytiba,"Anaknya makan, tapi kalo bapanya nganggur? bapa dan ibunya ga makan. yg LOGIKA itu siapkah lapangan kerja untuk bapanya yg nganggur JADI sekeluarga bisa makan dan hidup layak baik gizi dan pendidikannya sehingga bisa menghasilkan SDM yang mandiri. JELAS"
17887869570542403,2026-05-24T21:17:30+00:00,0,https://www.instagram.com/p/DYuQExygdrV/,https://www.instagram.com/p/DYuQExygdrV/?comment_id=17887869570542403,scraping_instagram,resmiati93,"Cepet audit keuangan di setiap SPPG dong, duit bahan baku banyak disunat noh"
17988695846805354,2026-05-24T21:14:08+00:00,0,https://www.instagram.com/p/DYuQExygdrV/,https://www.instagram.com/p/DYuQExygdrV/?comment_id=17988695846805354,scraping_instagram,aabinowo,Bubarin aja
17990927888990179,2026-05-24T18:20:18+00:00,0,https://www.instagram.com/p/DYuQExygdrV/,https://www.instagram.com/p/DYuQExygdrV/?comment_id=17990927888990179,scraping_instagram,cbn_apung,"MBG=268 ataupun 335T dibuang ke toilet/pakan ternak/sampah😂Whoosh 142KM=120T=845M per KM,  MRT JKT 16KM=16T=1T per KM😍Jalan Tol 150M-500M per KM, berumur panjang ratusan tahun😂 bahkan kita Masih nikmati infrastruktur peninggalan Belanda ratusan yll😍"
18103557623067757,2026-05-24T17:31:19+00:00,1,https://www.instagram.com/p/DYuQExygdrV/,https://www.instagram.com/p/DYuQExygdrV/?comment_id=18103557623067757,scraping_instagram,qonitah_azzahra,Maksa banget
18081355217161617,2026-05-24T17:06:35+00:00,1,https://www.instagram.com/p/DYuQExygdrV/,https://www.instagram.com/p/DYuQExygdrV/?comment_id=18081355217161617,scraping_instagram,ayah_nendra.s.a,Untuk rincian detail pengelola anggaran Rp.249 Triliun bisa diliat dimana ya?
18176881912398262,2026-05-24T17:04:05+00:00,2,https://www.instagram.com/p/DYuQExygdrV/,https://www.instagram.com/p/DYuQExygdrV/?comment_id=18176881912398262,scraping_instagram,izmumukhtar,TUTUP MBG 🔥
18102057400832805,2026-05-24T16:58:44+00:00,1,https://www.instagram.com/p/DYuQExygdrV/,https://www.instagram.com/p/DYuQExygdrV/?comment_id=18102057400832805,scraping_instagram,pengabdimurid2022,"Sebagai Guru,, MBG g memberi dampak apa2 dan peningkatan apa2,,, siswa makin malas kok, waktu makan MBG menyedot jam belajar, banyak MBG Bersisa, menu nya itu2 aj, g enk dll"
18095756483331849,2026-05-24T16:32:46+00:00,1,https://www.instagram.com/p/DYuQExygdrV/,https://www.instagram.com/p/DYuQExygdrV/?comment_id=18095756483331849,scraping_instagram,humamunnajib,"Sebenernya penggajian relawan gimana sih,nggak konsisten banget"
18068121530370402,2026-05-24T15:55:46+00:00,0,https://www.instagram.com/p/DYuQExygdrV/,https://www.instagram.com/p/DYuQExygdrV/?comment_id=18068121530370402,scraping_instagram,bravoahyar,BUBARKAN SPPG🙌
18049832696770996,2026-05-24T15:34:57+00:00,0,https://www.instagram.com/p/DYuQExygdrV/,https://www.instagram.com/p/DYuQExygdrV/?comment_id=18049832696770996,scraping_instagram,arukantamilka,Maju terus BGN... Amanah rakyat di pundak kalian.. Jangan sampai di salah gunakan...
18120761506661242,2026-05-24T15:31:19+00:00,0,https://www.instagram.com/p/DYuQExygdrV/,https://www.instagram.com/p/DYuQExygdrV/?comment_id=18120761506661242,scraping_instagram,apriarief,"Jadi yang bener, dipangkas apa enggak sih Bu @dewan.perwakilan.netizen, yang kompak donk? 😵‍💫"
17969001192062145,2026-05-24T15:24:06+00:00,1,https://www.instagram.com/p/DYuQExygdrV/,https://www.instagram.com/p/DYuQExygdrV/?comment_id=17969001192062145,scraping_instagram,mas_ikulmahardikapro,BGN: BIAR GAMPANG NYOLONG. SPPG : Satuan Penjilat prabowo Gibran 👏👏
18108182776928187,2026-05-24T15:23:23+00:00,1,https://www.instagram.com/p/DYuQExygdrV/,https://www.instagram.com/p/DYuQExygdrV/?comment_id=18108182776928187,scraping_instagram,lebahgo,tolong skema pembayaran di SPPG diganti banyak intervensi dan pelanggaran administrasi di SPPG karena pembayaran dilakukan langsung oleh KASPPG
17885707197560264,2026-05-24T15:11:03+00:00,15,https://www.instagram.com/p/DYuQExygdrV/,https://www.instagram.com/p/DYuQExygdrV/?comment_id=17885707197560264,scraping_instagram,zulfiaziz123,"Dulu anggaran bansos 500T gak ada yg protes sedangkan bgn 268T yg protes seluruh penjuru, tapi buzzer kenyataanya semua ibu2 banyaj yg bersyukur bahkan masih banyak yg belum dapat, masih menanti2 kan dapat mbg👏"
18009260804722054,2026-05-24T14:46:49+00:00,0,https://www.instagram.com/p/DYuQExygdrV/,https://www.instagram.com/p/DYuQExygdrV/?comment_id=18009260804722054,scraping_instagram,dedek_sriwahyu,kami butuh pendidikan gratis pak
18092080808206496,2026-05-24T14:46:20+00:00,0,https://www.instagram.com/p/DYuQExygdrV/,https://www.instagram.com/p/DYuQExygdrV/?comment_id=18092080808206496,scraping_instagram,mht.rizal_,Daerahku belom dapat dapat yang nambya mbg😌
17882788233574413,2026-05-24T14:45:44+00:00,12,https://www.instagram.com/p/DYuQExygdrV/,https://www.instagram.com/p/DYuQExygdrV/?comment_id=17882788233574413,scraping_instagram,ar_rahman_temanggung,"Satu hal yg positif dari MBG : berkembangnya usaha ternak ayam dan bebek mandiri rakyat. Kenapa? karena dapat limpahan makanan MBG yg tdk termakan anak2 sekolah. Ayam dan bebek gemuk, yg punya tdk usah beli pakan ternak. Kurang lebih 30% mbg terbuang krn basi/racun/tdk enak/anak tdk suka. Sungguh program yg berhasil. 👍
Berhasil membangkrutkan negeri."
18116591296774831,2026-05-24T14:43:46+00:00,0,https://www.instagram.com/p/DYuQExygdrV/,https://www.instagram.com/p/DYuQExygdrV/?comment_id=18116591296774831,scraping_instagram,uyye_adam26,"Klarifikasi Mulu, alah palingan besok diulangin lagi 😢"
17993120918792053,2026-05-24T14:41:09+00:00,0,https://www.instagram.com/p/DYuQExygdrV/,https://www.instagram.com/p/DYuQExygdrV/?comment_id=17993120918792053,scraping_instagram,inggit_melati,Mbg susunya dah hilang ya 😂😂😂😂. Dah tak pernah muncul susu lagi di menu mbg 😂
17998467668946983,2026-05-24T14:39:27+00:00,0,https://www.instagram.com/p/DYuQExygdrV/,https://www.instagram.com/p/DYuQExygdrV/?comment_id=17998467668946983,scraping_instagram,ivan_aditra_gunawan2808,Bubarkan MBG 🔥🔥🔥🔥
18072951710655873,2026-05-24T14:38:54+00:00,1,https://www.instagram.com/p/DYuQExygdrV/,https://www.instagram.com/p/DYuQExygdrV/?comment_id=18072951710655873,scraping_instagram,mbgcenter.id,❤️❤️❤️
18247721683307393,2026-05-24T14:35:48+00:00,1,https://www.instagram.com/p/DYuQExygdrV/,https://www.instagram.com/p/DYuQExygdrV/?comment_id=18247721683307393,scraping_instagram,rhudy_13,🔥🔥🔥🔥
18053262356578646,2026-05-24T14:27:15+00:00,0,https://www.instagram.com/p/DYuQExygdrV/,https://www.instagram.com/p/DYuQExygdrV/?comment_id=18053262356578646,scraping_instagram,febri21af,"Ini program mark up besar""an apa program makanan seadanya gratis sih?"
17876627811665185,2026-05-24T14:25:35+00:00,0,https://www.instagram.com/p/DYuQExygdrV/,https://www.instagram.com/p/DYuQExygdrV/?comment_id=17876627811665185,scraping_instagram,anna_siamsiana26,semoga Allah mudahkan program MBG..insya Allah sbg wasilah utk rakyat lebih baik dan sejahtera..Aaamiin Yaa Rabb 💕
18373468477165581,2026-05-24T14:25:11+00:00,1,https://www.instagram.com/p/DYuQExygdrV/,https://www.instagram.com/p/DYuQExygdrV/?comment_id=18373468477165581,scraping_instagram,bonnoridho,DADAN ANJING.
18101057966121494,2026-05-24T14:17:18+00:00,1,https://www.instagram.com/p/DYuQExygdrV/,https://www.instagram.com/p/DYuQExygdrV/?comment_id=18101057966121494,scraping_instagram,vicky_binjai,"Sudah Tutup sajalah. Mending uangnya Buat Kebutuhan Sembako gratis untuk Orang tua murid sekolah yang susah.. atau Dbuat pendidikan gratis, Atau Dbuat skolah2 atau renovasi skolah2 yg di pedalaman sukses djangkau. dri pada MBG Ni"
17963178096085698,2026-05-24T14:14:56+00:00,1,https://www.instagram.com/p/DYuQExygdrV/,https://www.instagram.com/p/DYuQExygdrV/?comment_id=17963178096085698,scraping_instagram,zakia_h37,Taiiii
17882881011570033,2026-05-24T14:14:24+00:00,1,https://www.instagram.com/p/DYuQExygdrV/,https://www.instagram.com/p/DYuQExygdrV/?comment_id=17882881011570033,scraping_instagram,indah.wiguna89,@call.bgn apakah tidak ada regulasi khusus dari pusat BGN untuk karyawan dan relawan dapur SPPG dalam menjaga ketertiban lingkungan? Di tempat saya relawan SPPG nya sangat mengganggu lingkungan dengan memutar musik keras2.
18084826439100328,2026-05-24T14:13:48+00:00,7,https://www.instagram.com/p/DYuQExygdrV/,https://www.instagram.com/p/DYuQExygdrV/?comment_id=18084826439100328,scraping_instagram,aktual_indo,GARA2 KALIAN DUIT APBN DRI PAJAK RAKYAT KELEN HAMBUR2KAN DEMI JDI KOTORAN MANUSIA YG GK BERGUNA.... SEHINGGA SKRG INI SEMBAKO2 SERBA MAHAL... GK IKLAS KAMI DUNIA AKHIRAT..
18093327530213296,2026-05-24T14:12:11+00:00,7,https://www.instagram.com/p/DYuQExygdrV/,https://www.instagram.com/p/DYuQExygdrV/?comment_id=18093327530213296,scraping_instagram,aktual_indo,"HABIS DUIT RAKYAT DRI APBN. GARA2 KELEN..., GK IKLAS KAMI DUNIA AKHIRAT.."
18137197336548529,2026-05-24T14:01:44+00:00,0,https://www.instagram.com/p/DYuQExygdrV/,https://www.instagram.com/p/DYuQExygdrV/?comment_id=18137197336548529,scraping_instagram,sstru24,Katanya efisiensi kok malah jorjoran anggaran.?? Terus ada insentif lagi tiap dapur 6jt. 😂
18453687103119880,2026-05-24T13:47:24+00:00,0,https://www.instagram.com/p/DYuQExygdrV/,https://www.instagram.com/p/DYuQExygdrV/?comment_id=18453687103119880,scraping_instagram,fiqrionalisme_,"Pertama kali muak smaa pemimpin + program"" Nya"
18357437104240245,2026-05-24T13:47:00+00:00,0,https://www.instagram.com/p/DYuQExygdrV/,https://www.instagram.com/p/DYuQExygdrV/?comment_id=18357437104240245,scraping_instagram,hadinudin,"Sedikit yang komentar,,atau pada malas komentar"
18116507023692241,2026-05-24T13:45:24+00:00,71,https://www.instagram.com/p/DYuQExygdrV/,https://www.instagram.com/p/DYuQExygdrV/?comment_id=18116507023692241,scraping_instagram,supersemar1103,"Tetap harus di bekukuan,stop dulu MBG sebelum adanya pengawasan yg ketat,enak aja di pake anggaran gede pengawasan Nol,ya rugi dong"
17923062147344586,2026-05-24T13:45:21+00:00,17,https://www.instagram.com/p/DYuQExygdrV/,https://www.instagram.com/p/DYuQExygdrV/?comment_id=17923062147344586,scraping_instagram,novrihaiha,"Emang relawan itu digaji ya? Bukannya dari kata ""rela"" ?"
18358921528235594,2026-05-24T13:39:19+00:00,1,https://www.instagram.com/p/DYuQExygdrV/,https://www.instagram.com/p/DYuQExygdrV/?comment_id=18358921528235594,scraping_instagram,godzillakensgarage,BUBAR AJA LO!! GA BERGUNA!!
18360935452235150,2026-05-24T13:38:45+00:00,1,https://www.instagram.com/p/DYuQExygdrV/,https://www.instagram.com/p/DYuQExygdrV/?comment_id=18360935452235150,scraping_instagram,akunmainmain2026,Terima kasih MBG...Berkat MBG ayam ku Gemukkk Semua
17891146401473156,2026-05-24T13:35:42+00:00,0,https://www.instagram.com/p/DYuQExygdrV/,https://www.instagram.com/p/DYuQExygdrV/?comment_id=17891146401473156,scraping_instagram,panggilajaail,Heran banget sekolahan tempat gua kerja kok belum dapat mbg padahal sppg udah dua orang yang kunjungan
18317786590275801,2026-05-24T13:33:51+00:00,0,https://www.instagram.com/p/DYuQExygdrV/,https://www.instagram.com/p/DYuQExygdrV/?comment_id=18317786590275801,scraping_instagram,istq.mhh,No comment 🙌😂
17879373894447119,2026-05-24T13:32:41+00:00,0,https://www.instagram.com/p/DYuQExygdrV/,https://www.instagram.com/p/DYuQExygdrV/?comment_id=17879373894447119,scraping_instagram,riankurniawan4600,Bubarkan MBG
18054433025755796,2026-05-24T13:28:48+00:00,17,https://www.instagram.com/p/DYuQExygdrV/,https://www.instagram.com/p/DYuQExygdrV/?comment_id=18054433025755796,scraping_instagram,yoga_mc7,Penghambat ekonomi Negara
18594294355046945,2026-05-24T13:28:42+00:00,60,https://www.instagram.com/p/DYuQExygdrV/,https://www.instagram.com/p/DYuQExygdrV/?comment_id=18594294355046945,scraping_instagram,byy44,"terima kasih MBG, semenjak ada MBG bebekku gemoy semua"
18087826202077643,2026-05-24T13:25:12+00:00,6,https://www.instagram.com/p/DYuQExygdrV/,https://www.instagram.com/p/DYuQExygdrV/?comment_id=18087826202077643,scraping_instagram,raramustiany,"Tetangga ku kerja di mbg bagian cuci opreng , 700 opreng yg nyuci 10 orang dan kerja gak nyampe 2jam selesai setelah itu leha lehadi bayar sehari 100rb 😅"
18460094455128220,2026-05-24T13:25:04+00:00,55,https://www.instagram.com/p/DYuQExygdrV/,https://www.instagram.com/p/DYuQExygdrV/?comment_id=18460094455128220,scraping_instagram,ahmadhasrul08,akun sibuk klarifikasi 😂😂😂
18090356375019951,2026-05-24T13:24:23+00:00,0,https://www.instagram.com/p/DYuQExygdrV/,https://www.instagram.com/p/DYuQExygdrV/?comment_id=18090356375019951,scraping_instagram,kak.zend,Knp gk benar.. Mending benar aja
18063343451448696,2026-05-24T13:21:18+00:00,0,https://www.instagram.com/p/DYuQExygdrV/,https://www.instagram.com/p/DYuQExygdrV/?comment_id=18063343451448696,scraping_instagram,bunghatta2026,Kenapa pendaftaran SPPG di website ditutup?
17936131335252676,2026-05-24T13:21:17+00:00,1,https://www.instagram.com/p/DYuQExygdrV/,https://www.instagram.com/p/DYuQExygdrV/?comment_id=17936131335252676,scraping_instagram,antokostaman,Makaaaaan bae di urus
18148576084496246,2026-05-24T13:21:09+00:00,5,https://www.instagram.com/p/DYuQExygdrV/,https://www.instagram.com/p/DYuQExygdrV/?comment_id=18148576084496246,scraping_instagram,geen_verzendkosten,Kereeen😍. Program terbaik untuk pemenuhan gizi anak Indonesia❤️
17890181628531539,2026-05-24T13:17:43+00:00,5,https://www.instagram.com/p/DYuQExygdrV/,https://www.instagram.com/p/DYuQExygdrV/?comment_id=17890181628531539,scraping_instagram,bang._naga,STOP MBG
18395888023085755,2026-05-24T13:17:20+00:00,0,https://www.instagram.com/p/DYuQExygdrV/,https://www.instagram.com/p/DYuQExygdrV/?comment_id=18395888023085755,scraping_instagram,kukuh.rj,Terserah.....
18100528973027558,2026-05-24T13:15:52+00:00,0,https://www.instagram.com/p/DYuQExygdrV/,https://www.instagram.com/p/DYuQExygdrV/?comment_id=18100528973027558,scraping_instagram,atharahta,min gue rela jatah gue dihapus hehe. mayan kan 10k kali 1 tahun
18184565623377519,2026-05-23T15:43:38+00:00,1,https://www.instagram.com/p/DYrGNJOFIRc/,https://www.instagram.com/p/DYrGNJOFIRc/?comment_id=18184565623377519,scraping_instagram,wisnusaputro_,Salut Pak berani tegas🔥
18446520388117421,2026-05-23T11:05:32+00:00,6,https://www.instagram.com/p/DYrGNJOFIRc/,https://www.instagram.com/p/DYrGNJOFIRc/?comment_id=18446520388117421,scraping_instagram,arakkbalik,Keren selalu pak polisi dan pak sony dalam mengalami masyarakat
17888033139539147,2026-05-23T10:21:48+00:00,3,https://www.instagram.com/p/DYrGNJOFIRc/,https://www.instagram.com/p/DYrGNJOFIRc/?comment_id=17888033139539147,scraping_instagram,sartika.anggraini,Luar biasa 🔥
17965900757922757,2026-05-23T15:22:06+00:00,5,https://www.instagram.com/p/DYrGNJOFIRc/,https://www.instagram.com/p/DYrGNJOFIRc/?comment_id=17965900757922757,scraping_instagram,kuatkediri,"Semangat totalitas menjaga kepercayaan masyarakat, mantap Pak Sony dan Polri🔥"
18317493256272527,2026-05-24T08:12:33+00:00,4,https://www.instagram.com/p/DYrGNJOFIRc/,https://www.instagram.com/p/DYrGNJOFIRc/?comment_id=18317493256272527,scraping_instagram,novia_jusufhsn,"Semangat pak, semoga dimudahkan dalam menegakkan kebenaran dan transparansi"
17962325004093704,2026-05-23T15:27:53+00:00,0,https://www.instagram.com/p/DYrGNJOFIRc/,https://www.instagram.com/p/DYrGNJOFIRc/?comment_id=17962325004093704,scraping_instagram,luciferrhijrah,"Mantap sangat amat gercep menidak lanjuti isu yang sedang hangat di masyarakat, semangat BGN dan Polri👊🏻🫶"
18104375863955404,2026-05-23T15:20:29+00:00,1,https://www.instagram.com/p/DYrGNJOFIRc/,https://www.instagram.com/p/DYrGNJOFIRc/?comment_id=18104375863955404,scraping_instagram,dhendyputih,Semangat BGN dan POLRI membangun sinergi yang mantap👏🔥❤️
18085653020455893,2026-05-23T11:42:33+00:00,4,https://www.instagram.com/p/DYrGNJOFIRc/,https://www.instagram.com/p/DYrGNJOFIRc/?comment_id=18085653020455893,scraping_instagram,camelkuniingg,"Salut banget sama pencapaiannya. Tidak semua proses itu mudah, tapi hasil yang didapat benar-benar menunjukkan perjuangan"
17916569436364058,2026-05-23T10:52:13+00:00,2,https://www.instagram.com/p/DYrGNJOFIRc/,https://www.instagram.com/p/DYrGNJOFIRc/?comment_id=17916569436364058,scraping_instagram,udinbejo12,Keren banget karena langsung koordinasi dan mengusut sampai tuntas👏
18080491232544302,2026-05-23T10:44:05+00:00,0,https://www.instagram.com/p/DYrGNJOFIRc/,https://www.instagram.com/p/DYrGNJOFIRc/?comment_id=18080491232544302,scraping_instagram,sukirmanjrf,Keren banget karena langsung ditindaklanjuti secara serius dan transparan
17971767741023040,2026-05-23T15:30:43+00:00,1,https://www.instagram.com/p/DYrGNJOFIRc/,https://www.instagram.com/p/DYrGNJOFIRc/?comment_id=17971767741023040,scraping_instagram,gandaexp,Semangat Pak Sony❤️
18153717799471787,2026-05-23T10:51:35+00:00,2,https://www.instagram.com/p/DYrGNJOFIRc/,https://www.instagram.com/p/DYrGNJOFIRc/?comment_id=18153717799471787,scraping_instagram,agusbagus833,benar-benar totalitas menjaga kepercayaan masyarakat 🙏
17995145651949494,2026-05-23T15:29:36+00:00,1,https://www.instagram.com/p/DYrGNJOFIRc/,https://www.instagram.com/p/DYrGNJOFIRc/?comment_id=17995145651949494,scraping_instagram,hermanngantuk666,"Luar biasa gebrakan dari BGN dan Polri, saya mendoakan yang terbaik pokoknya ❤️"
17894880339463867,2026-05-23T15:24:53+00:00,1,https://www.instagram.com/p/DYrGNJOFIRc/,https://www.instagram.com/p/DYrGNJOFIRc/?comment_id=17894880339463867,scraping_instagram,apripengendarapatuh,"Luar biasa Pak Sony dan Polri, semangat menjunjung tinggi transparansi dan kepercayaan masyarakat 🙌🔥"
17969589054027642,2026-05-23T15:26:11+00:00,2,https://www.instagram.com/p/DYrGNJOFIRc/,https://www.instagram.com/p/DYrGNJOFIRc/?comment_id=17969589054027642,scraping_instagram,heriumkm,"Respect setinggi tingginya untuk BGN dan Polri, menindak lanjuti isu yang hangat dalam masyarakat 🔥"
18131980558575325,2026-05-23T15:34:01+00:00,2,https://www.instagram.com/p/DYrGNJOFIRc/,https://www.instagram.com/p/DYrGNJOFIRc/?comment_id=18131980558575325,scraping_instagram,jawatengah668,Respect setinggi-tingginya untul BGN dan Polri🔥
18088178903344730,2026-05-23T15:23:20+00:00,1,https://www.instagram.com/p/DYrGNJOFIRc/,https://www.instagram.com/p/DYrGNJOFIRc/?comment_id=18088178903344730,scraping_instagram,wahyugergaji,"Semoga kebenaran bisa terungkap, semangat Pak Sony dan Polri 🔥"
18064553051435626,2026-05-23T10:50:55+00:00,1,https://www.instagram.com/p/DYrGNJOFIRc/,https://www.instagram.com/p/DYrGNJOFIRc/?comment_id=18064553051435626,scraping_instagram,micha.elchandraa,Semoga masyarakat makin sadar pentingnya mengikuti jalur resmi yang ditetapkan🙌
18595143733027914,2026-05-23T11:06:44+00:00,1,https://www.instagram.com/p/DYrGNJOFIRc/,https://www.instagram.com/p/DYrGNJOFIRc/?comment_id=18595143733027914,scraping_instagram,elephant.96238502,Luar biasa polri dan pak sony cekatan dalam menangani kasus..
18086359979234522,2026-05-23T11:40:41+00:00,4,https://www.instagram.com/p/DYrGNJOFIRc/,https://www.instagram.com/p/DYrGNJOFIRc/?comment_id=18086359979234522,scraping_instagram,kieedut,Keren pak Semoga selalu diberikan kelancaran dan hasil terbaik 🙏
18099278993274753,2026-05-23T11:08:15+00:00,2,https://www.instagram.com/p/DYrGNJOFIRc/,https://www.instagram.com/p/DYrGNJOFIRc/?comment_id=18099278993274753,scraping_instagram,imbangbutuhuang,Tindakan yang sangat cepat dari polri dan bravo mbg
18082935119428828,2026-05-23T12:12:01+00:00,1,https://www.instagram.com/p/DYrGNJOFIRc/,https://www.instagram.com/p/DYrGNJOFIRc/?comment_id=18082935119428828,scraping_instagram,wawangunawan____432,saya harap konsisten seperti ini trus ya buat pak pol mantapp pakk
18360386467224400,2026-05-23T15:42:02+00:00,1,https://www.instagram.com/p/DYrGNJOFIRc/,https://www.instagram.com/p/DYrGNJOFIRc/?comment_id=18360386467224400,scraping_instagram,leobogorgor,Ayoo Pak Sony kawal terus kebenaran 🔥
18208894657337156,2026-05-23T10:51:35+00:00,2,https://www.instagram.com/p/DYrGNJOFIRc/,https://www.instagram.com/p/DYrGNJOFIRc/?comment_id=18208894657337156,scraping_instagram,__dnis77,rispek pak polisi 👍
18071665478337095,2026-05-23T15:40:13+00:00,0,https://www.instagram.com/p/DYrGNJOFIRc/,https://www.instagram.com/p/DYrGNJOFIRc/?comment_id=18071665478337095,scraping_instagram,kemen.kiwww,Bagoesss sekali pak
18110753729500540,2026-05-23T11:09:20+00:00,2,https://www.instagram.com/p/DYrGNJOFIRc/,https://www.instagram.com/p/DYrGNJOFIRc/?comment_id=18110753729500540,scraping_instagram,wildan.ri12,Tindakan cepat dari kepolisian membuktikan bahwa mbg tidak terlibat!
18361126354228197,2026-05-23T11:44:46+00:00,2,https://www.instagram.com/p/DYrGNJOFIRc/,https://www.instagram.com/p/DYrGNJOFIRc/?comment_id=18361126354228197,scraping_instagram,kartika.pitra,"hasil yamg sangat patut diapresiasi buat pak pol dan bgn,,berhasi meringkus penipuu mantapp"
18407570446194324,2026-05-23T11:07:29+00:00,2,https://www.instagram.com/p/DYrGNJOFIRc/,https://www.instagram.com/p/DYrGNJOFIRc/?comment_id=18407570446194324,scraping_instagram,brndslva20,usutt lagi pak masih banyakk kayaknya oknum oknum berkeliaran
18390365812093644,2026-05-24T13:21:34+00:00,0,https://www.instagram.com/p/DYrGNJOFIRc/,https://www.instagram.com/p/DYrGNJOFIRc/?comment_id=18390365812093644,scraping_instagram,tanimerdekaindonesia.tangerang,🔥🔥🔥
18076017191275404,2026-05-25T06:32:19+00:00,0,https://www.instagram.com/p/DYrGNJOFIRc/,https://www.instagram.com/p/DYrGNJOFIRc/?comment_id=18076017191275404,scraping_instagram,zakia_h37,Udah bobrok kan?? Masih mau mempertahankan SPPG??
17856229296660251,2026-05-25T05:12:05+00:00,0,https://www.instagram.com/p/DYrGNJOFIRc/,https://www.instagram.com/p/DYrGNJOFIRc/?comment_id=17856229296660251,scraping_instagram,zazal257,Semangat dalam memberantas ketidak Adilan semoga selalu diberi kemudahan
18361612765231966,2026-05-25T05:03:25+00:00,0,https://www.instagram.com/p/DYrGNJOFIRc/,https://www.instagram.com/p/DYrGNJOFIRc/?comment_id=18361612765231966,scraping_instagram,hpramono_,Tersangkanya udah ada atau belum ?
18360898543228696,2026-05-25T04:27:19+00:00,0,https://www.instagram.com/p/DYrGNJOFIRc/,https://www.instagram.com/p/DYrGNJOFIRc/?comment_id=18360898543228696,scraping_instagram,adamsugama_,🔥🔥🔥
17877164328665580,2026-05-25T04:11:37+00:00,0,https://www.instagram.com/p/DYrGNJOFIRc/,https://www.instagram.com/p/DYrGNJOFIRc/?comment_id=17877164328665580,scraping_instagram,alimato.lecturer,😍😍
18124402840567481,2026-05-25T03:23:37+00:00,0,https://www.instagram.com/p/DYrGNJOFIRc/,https://www.instagram.com/p/DYrGNJOFIRc/?comment_id=18124402840567481,scraping_instagram,kukuh.rj,Audit jg SPPG yg sajikan dibawah anggaran....anggaran 10ribu banyak disajikan dibawah itu...milyara.an jd kerugian negara
18105027074057269,2026-05-25T02:15:29+00:00,0,https://www.instagram.com/p/DYrGNJOFIRc/,https://www.instagram.com/p/DYrGNJOFIRc/?comment_id=18105027074057269,scraping_instagram,dick_rachmad,Lah penipuan 19 ribu sapi ga dilaporkan ya...ayooo lah ....
18010786781885568,2026-05-25T02:01:16+00:00,0,https://www.instagram.com/p/DYrGNJOFIRc/,https://www.instagram.com/p/DYrGNJOFIRc/?comment_id=18010786781885568,scraping_instagram,ajie_samudera,"Banyak Catering² yg sebenernya lebih kompeten dan sudah memiliki Legalitas,tapi ketika daftar karena harus melalui yayasan..nahh disitulah bisa jadi ruang utk oknum2 ..."
18122206774629596,2026-05-25T01:38:40+00:00,0,https://www.instagram.com/p/DYrGNJOFIRc/,https://www.instagram.com/p/DYrGNJOFIRc/?comment_id=18122206774629596,scraping_instagram,sayed_alhabsyii,Luar biasaa mantap👏🔥
18054070178726324,2026-05-25T01:06:42+00:00,0,https://www.instagram.com/p/DYrGNJOFIRc/,https://www.instagram.com/p/DYrGNJOFIRc/?comment_id=18054070178726324,scraping_instagram,dewisusianti789,Menu mbg banyak yang asal jadi aja padahal anggaran tiap sppg itu gede kan ?.
18079534802542294,2026-05-24T22:59:55+00:00,0,https://www.instagram.com/p/DYrGNJOFIRc/,https://www.instagram.com/p/DYrGNJOFIRc/?comment_id=18079534802542294,scraping_instagram,ida.farida_6802,Usut tuntas pak semua dijadikan permainan...udah banyak uang masib tetap aja kurang
18103588223069242,2026-05-24T16:48:48+00:00,0,https://www.instagram.com/p/DYrGNJOFIRc/,https://www.instagram.com/p/DYrGNJOFIRc/?comment_id=18103588223069242,scraping_instagram,ritamspeaks,"Sikat habis org2 oknum2 pejabat2 busuk yg halangi selewengkan program2 prioritas pak presiden psd08 @prabowo @sufmi_dasco @gerindra @fraksipartaigerindra , pak kapolri @listyosigitprabowo , pak jaksa agung @kejaksaan.ri dan pak ketua kpk @official.kpk ✊🇮🇩"
17937704445247750,2026-05-24T14:39:00+00:00,0,https://www.instagram.com/p/DYrGNJOFIRc/,https://www.instagram.com/p/DYrGNJOFIRc/?comment_id=17937704445247750,scraping_instagram,didik_riant79,🔥🔥🔥
18407601010199929,2026-05-24T13:32:26+00:00,0,https://www.instagram.com/p/DYrGNJOFIRc/,https://www.instagram.com/p/DYrGNJOFIRc/?comment_id=18407601010199929,scraping_instagram,irvan.yusrizal,Sikat Mas ke akar2 nya🔥🔥🔥
18390365812093644,2026-05-24T13:21:34+00:00,0,https://www.instagram.com/p/DYrGNJOFIRc/,https://www.instagram.com/p/DYrGNJOFIRc/?comment_id=18390365812093644,scraping_instagram,tanimerdekaindonesia.tangerang,🔥🔥🔥
18103036670055578,2026-05-24T13:16:19+00:00,0,https://www.instagram.com/p/DYrGNJOFIRc/,https://www.instagram.com/p/DYrGNJOFIRc/?comment_id=18103036670055578,scraping_instagram,zul_tarmizi_lhoong,Mantap 🔥
18109584940761849,2026-05-24T09:51:54+00:00,0,https://www.instagram.com/p/DYrGNJOFIRc/,https://www.instagram.com/p/DYrGNJOFIRc/?comment_id=18109584940761849,scraping_instagram,rezafahlepi179,Ketua BGN dong usut
18323282335283029,2026-05-24T08:49:47+00:00,0,https://www.instagram.com/p/DYrGNJOFIRc/,https://www.instagram.com/p/DYrGNJOFIRc/?comment_id=18323282335283029,scraping_instagram,nuramalia.nuramalia.1804,Tetap semangat pak dlm menjalankan tugas
18121795858657975,2026-05-24T08:40:35+00:00,0,https://www.instagram.com/p/DYrGNJOFIRc/,https://www.instagram.com/p/DYrGNJOFIRc/?comment_id=18121795858657975,scraping_instagram,herawatiiii09,LUAR BIASA🔥
18112492579678038,2026-05-24T08:28:10+00:00,0,https://www.instagram.com/p/DYrGNJOFIRc/,https://www.instagram.com/p/DYrGNJOFIRc/?comment_id=18112492579678038,scraping_instagram,farabi8140,"Kami masyarakat berharap agar Program Bapak Presiden ini benar"" berjalan sesuai dengan aturannya.  Mohon maaf saat ini sangat banyak sekali BROKER "" yang menjadikan Program ini  Jual beli Titik"
18317493256272527,2026-05-24T08:12:33+00:00,4,https://www.instagram.com/p/DYrGNJOFIRc/,https://www.instagram.com/p/DYrGNJOFIRc/?comment_id=18317493256272527,scraping_instagram,novia_jusufhsn,"Semangat pak, semoga dimudahkan dalam menegakkan kebenaran dan transparansi"
18163981759433317,2026-05-24T08:04:02+00:00,0,https://www.instagram.com/p/DYrGNJOFIRc/,https://www.instagram.com/p/DYrGNJOFIRc/?comment_id=18163981759433317,scraping_instagram,nandapratama412,Come on pak sony dan polri kawal terus sampai terungkap
18099035753470634,2026-05-24T07:48:57+00:00,0,https://www.instagram.com/p/DYrGNJOFIRc/,https://www.instagram.com/p/DYrGNJOFIRc/?comment_id=18099035753470634,scraping_instagram,momonarief,"Respect setinggi tingginya untuk BGN dan Polri, menindak lanjuti isu yang hangat di masyarakat 🙏🙏"
18123617617628934,2026-05-24T07:30:06+00:00,0,https://www.instagram.com/p/DYrGNJOFIRc/,https://www.instagram.com/p/DYrGNJOFIRc/?comment_id=18123617617628934,scraping_instagram,mutadie,"Respect,, luar biasa BGN dan POLRI"
18100925027013449,2026-05-24T07:23:28+00:00,0,https://www.instagram.com/p/DYrGNJOFIRc/,https://www.instagram.com/p/DYrGNJOFIRc/?comment_id=18100925027013449,scraping_instagram,syamsul.romadhon,Program Sampah yg hanya Menghambur2 kan Anggaran ...
18172300807413301,2026-05-24T03:41:28+00:00,0,https://www.instagram.com/p/DYrGNJOFIRc/,https://www.instagram.com/p/DYrGNJOFIRc/?comment_id=18172300807413301,scraping_instagram,keyshaanggraini89,Cara melapornya gimana ya pak
17908449216419816,2026-05-24T02:54:30+00:00,0,https://www.instagram.com/p/DYrGNJOFIRc/,https://www.instagram.com/p/DYrGNJOFIRc/?comment_id=17908449216419816,scraping_instagram,don919874,Di tulungagung jatim banyak
18081159797176886,2026-05-23T20:12:17+00:00,0,https://www.instagram.com/p/DYrGNJOFIRc/,https://www.instagram.com/p/DYrGNJOFIRc/?comment_id=18081159797176886,scraping_instagram,tututata151,PEMERINTAHANN AMBURADULLLPEMERINTAHANN JAHANAMMM!!!!
17882837313573224,2026-05-23T16:35:29+00:00,0,https://www.instagram.com/p/DYrGNJOFIRc/,https://www.instagram.com/p/DYrGNJOFIRc/?comment_id=17882837313573224,scraping_instagram,blackbea_t2r,👏👏👏 ayo pak...
18072865538664896,2026-05-23T16:05:32+00:00,0,https://www.instagram.com/p/DYrGNJOFIRc/,https://www.instagram.com/p/DYrGNJOFIRc/?comment_id=18072865538664896,scraping_instagram,bayemsay7r,kerenn sekalii BGN dan POLRI semangaatt'
18100446551282245,2026-05-23T16:04:33+00:00,0,https://www.instagram.com/p/DYrGNJOFIRc/,https://www.instagram.com/p/DYrGNJOFIRc/?comment_id=18100446551282245,scraping_instagram,xhiro.track8,"terima kasih atas kinerjanya pak, semoga sehat selalu yaa pakk"
18116276173691473,2026-05-23T16:04:03+00:00,0,https://www.instagram.com/p/DYrGNJOFIRc/,https://www.instagram.com/p/DYrGNJOFIRc/?comment_id=18116276173691473,scraping_instagram,pkmsdma20,Salutt bangett sama pak sony sehat selalu yaaa pakkk
18089861414617176,2026-05-23T16:03:36+00:00,0,https://www.instagram.com/p/DYrGNJOFIRc/,https://www.instagram.com/p/DYrGNJOFIRc/?comment_id=18089861414617176,scraping_instagram,kumisgoku_,semangat pak sonyy dan polri usut teruss oknum' yang merugikann
18148352326494196,2026-05-23T16:02:12+00:00,0,https://www.instagram.com/p/DYrGNJOFIRc/,https://www.instagram.com/p/DYrGNJOFIRc/?comment_id=18148352326494196,scraping_instagram,rustampan.keren,kerenn sekali pak tetap semangat yaa pakk
17945202753193602,2026-05-23T16:00:16+00:00,0,https://www.instagram.com/p/DYrGNJOFIRc/,https://www.instagram.com/p/DYrGNJOFIRc/?comment_id=17945202753193602,scraping_instagram,ucupbejo_ejo,sangat luar biasa BGN dan POLRI sangat cepat dalam menangaani kasuss keren'👏🏻
18098506150879850,2026-05-23T15:59:41+00:00,0,https://www.instagram.com/p/DYrGNJOFIRc/,https://www.instagram.com/p/DYrGNJOFIRc/?comment_id=18098506150879850,scraping_instagram,xh1ro.cartiii,"semangat pak sonyy, semangat membatas oknum oknum"
18127905328529157,2026-05-23T15:57:39+00:00,0,https://www.instagram.com/p/DYrGNJOFIRc/,https://www.instagram.com/p/DYrGNJOFIRc/?comment_id=18127905328529157,scraping_instagram,pertigaanmabes_,sangatt' totalitas tingii kereenn BGN dan POLRI semangat terus👏🏻
18588254077022046,2026-05-23T15:55:31+00:00,0,https://www.instagram.com/p/DYrGNJOFIRc/,https://www.instagram.com/p/DYrGNJOFIRc/?comment_id=18588254077022046,scraping_instagram,pecintaalam_52,"kerenn sekalii lamgsung gercep menindak lanjuti isu ini, maju terus BGN dan POLRI"
17990979554978019,2026-05-23T15:51:46+00:00,0,https://www.instagram.com/p/DYrGNJOFIRc/,https://www.instagram.com/p/DYrGNJOFIRc/?comment_id=17990979554978019,scraping_instagram,gust.ian772,Respect untukk BGN dan POLRII saya harap tetapp konsisten terus untuk semuanya🙌🏻
18063502901443523,2026-05-23T15:49:56+00:00,0,https://www.instagram.com/p/DYrGNJOFIRc/,https://www.instagram.com/p/DYrGNJOFIRc/?comment_id=18063502901443523,scraping_instagram,koiru.lanwar,lanjutkan bapakk🔥🔥
18096885161469096,2026-05-23T15:49:10+00:00,0,https://www.instagram.com/p/DYrGNJOFIRc/,https://www.instagram.com/p/DYrGNJOFIRc/?comment_id=18096885161469096,scraping_instagram,sambahatmat,semngat terus bapak🔥🔥
17927406252335616,2026-05-23T15:48:46+00:00,0,https://www.instagram.com/p/DYrGNJOFIRc/,https://www.instagram.com/p/DYrGNJOFIRc/?comment_id=17927406252335616,scraping_instagram,rezaahmad126106,semngat dan selalu totalitas menjaga kepercayaan pakk🔥
17932777605257754,2026-05-23T15:48:40+00:00,0,https://www.instagram.com/p/DYrGNJOFIRc/,https://www.instagram.com/p/DYrGNJOFIRc/?comment_id=17932777605257754,scraping_instagram,leopardganteng._44,"sangat luar biasa polri dan pak sony, menjunjung tinggi transparansi dan kepercayaan masyarakara semangat terus🔥"
18096545834152525,2026-05-23T15:47:59+00:00,0,https://www.instagram.com/p/DYrGNJOFIRc/,https://www.instagram.com/p/DYrGNJOFIRc/?comment_id=18096545834152525,scraping_instagram,indara2457,semngat dan totalitas bapak👏👏
17896687290459748,2026-05-23T15:47:34+00:00,0,https://www.instagram.com/p/DYrGNJOFIRc/,https://www.instagram.com/p/DYrGNJOFIRc/?comment_id=17896687290459748,scraping_instagram,iswandi1681,lanjutkan bapak🙌🙌
18082744346295734,2026-05-23T15:46:56+00:00,0,https://www.instagram.com/p/DYrGNJOFIRc/,https://www.instagram.com/p/DYrGNJOFIRc/?comment_id=18082744346295734,scraping_instagram,wisnucakkangkung,salut bapak sangat berani🔥
18106062935294536,2026-05-23T15:44:33+00:00,0,https://www.instagram.com/p/DYrGNJOFIRc/,https://www.instagram.com/p/DYrGNJOFIRc/?comment_id=18106062935294536,scraping_instagram,kopimanisccd,"semangaat pakk sony dan polri, semoga kebenaran bisa terungkap✊🏻"
18184565623377519,2026-05-23T15:43:38+00:00,1,https://www.instagram.com/p/DYrGNJOFIRc/,https://www.instagram.com/p/DYrGNJOFIRc/?comment_id=18184565623377519,scraping_instagram,wisnusaputro_,Salut Pak berani tegas🔥
18360386467224400,2026-05-23T15:42:02+00:00,1,https://www.instagram.com/p/DYrGNJOFIRc/,https://www.instagram.com/p/DYrGNJOFIRc/?comment_id=18360386467224400,scraping_instagram,leobogorgor,Ayoo Pak Sony kawal terus kebenaran 🔥
18010475837854616,2026-05-23T15:41:16+00:00,0,https://www.instagram.com/p/DYrGNJOFIRc/,https://www.instagram.com/p/DYrGNJOFIRc/?comment_id=18010475837854616,scraping_instagram,raenyooo,Semangattt pakkk untuk rakyat
17976778227018915,2026-05-23T15:40:54+00:00,0,https://www.instagram.com/p/DYrGNJOFIRc/,https://www.instagram.com/p/DYrGNJOFIRc/?comment_id=17976778227018915,scraping_instagram,cristiano.saputro,"mantap BGN dan Polri, semangat terus Pak Sony🔥"
18071665478337095,2026-05-23T15:40:13+00:00,0,https://www.instagram.com/p/DYrGNJOFIRc/,https://www.instagram.com/p/DYrGNJOFIRc/?comment_id=18071665478337095,scraping_instagram,kemen.kiwww,Bagoesss sekali pak
18094491128225064,2026-05-23T15:40:09+00:00,0,https://www.instagram.com/p/DYrGNJOFIRc/,https://www.instagram.com/p/DYrGNJOFIRc/?comment_id=18094491128225064,scraping_instagram,bilanadia27,jujur ngefans sm kinerjanya
18103162112051146,2026-05-23T15:39:48+00:00,0,https://www.instagram.com/p/DYrGNJOFIRc/,https://www.instagram.com/p/DYrGNJOFIRc/?comment_id=18103162112051146,scraping_instagram,jonaathongg,Saluttt pak
18068796398674448,2026-05-23T15:39:39+00:00,0,https://www.instagram.com/p/DYrGNJOFIRc/,https://www.instagram.com/p/DYrGNJOFIRc/?comment_id=18068796398674448,scraping_instagram,mellyapriliaa7,ga salah bangga sm bapakkk🔥
17937366693057776,2026-05-23T15:39:21+00:00,0,https://www.instagram.com/p/DYrGNJOFIRc/,https://www.instagram.com/p/DYrGNJOFIRc/?comment_id=17937366693057776,scraping_instagram,gloriabintaro,Aku yakin transparansi dan kepercayaan akan meningkat dengan sinergi BGN dan Polri yang semakin menguat🔥
17900934213438861,2026-05-23T15:39:07+00:00,0,https://www.instagram.com/p/DYrGNJOFIRc/,https://www.instagram.com/p/DYrGNJOFIRc/?comment_id=17900934213438861,scraping_instagram,kesira.lala,respecttt bapakkkk
18205108267342537,2026-05-23T15:38:40+00:00,0,https://www.instagram.com/p/DYrGNJOFIRc/,https://www.instagram.com/p/DYrGNJOFIRc/?comment_id=18205108267342537,scraping_instagram,hanalfiannn,"Bagus pak, selalu bersinergi yaa"
17950073754175179,2026-05-23T15:38:31+00:00,0,https://www.instagram.com/p/DYrGNJOFIRc/,https://www.instagram.com/p/DYrGNJOFIRc/?comment_id=17950073754175179,scraping_instagram,biyantiiyam,"menyalaaaa bapak, keren banget jujur salut"
17952930168154238,2026-05-23T15:38:01+00:00,0,https://www.instagram.com/p/DYrGNJOFIRc/,https://www.instagram.com/p/DYrGNJOFIRc/?comment_id=17952930168154238,scraping_instagram,dhenchan.67,"respect sekali dengan polri dan pak sony, semoga tetap konsisten 👏🔥"
18084681845267274,2026-05-23T15:37:57+00:00,0,https://www.instagram.com/p/DYrGNJOFIRc/,https://www.instagram.com/p/DYrGNJOFIRc/?comment_id=18084681845267274,scraping_instagram,nindafadillaa,hebat bgt bapaakkkk
17925248082341243,2026-05-23T15:37:35+00:00,0,https://www.instagram.com/p/DYrGNJOFIRc/,https://www.instagram.com/p/DYrGNJOFIRc/?comment_id=17925248082341243,scraping_instagram,suwartohebat,ayoo BGN dan Polri jaga kepercayaan masyarakat 🔥
17892318963349735,2026-05-23T15:36:40+00:00,0,https://www.instagram.com/p/DYrGNJOFIRc/,https://www.instagram.com/p/DYrGNJOFIRc/?comment_id=17892318963349735,scraping_instagram,nale.wear,bangga banget pak!!
18064916594414895,2026-05-23T15:36:36+00:00,0,https://www.instagram.com/p/DYrGNJOFIRc/,https://www.instagram.com/p/DYrGNJOFIRc/?comment_id=18064916594414895,scraping_instagram,waytomuchmbginmyblood,salut sekali dengan kinerja pak sony dan polri🙌
18189145378329340,2026-05-23T15:36:16+00:00,0,https://www.instagram.com/p/DYrGNJOFIRc/,https://www.instagram.com/p/DYrGNJOFIRc/?comment_id=18189145378329340,scraping_instagram,sksk.jastip,menyalaaaaa pak🤩🤩🤩
18100071238958970,2026-05-23T15:35:49+00:00,0,https://www.instagram.com/p/DYrGNJOFIRc/,https://www.instagram.com/p/DYrGNJOFIRc/?comment_id=18100071238958970,scraping_instagram,kadoeng.krasan.bwi,salut bgt sama bapak🤩
18010349492914261,2026-05-23T15:35:46+00:00,0,https://www.instagram.com/p/DYrGNJOFIRc/,https://www.instagram.com/p/DYrGNJOFIRc/?comment_id=18010349492914261,scraping_instagram,xhironocounter,"semangat selalu pak sony dan polri, tunjukkan bukti nyata dari kinerja kalian🔥"
18089072969617965,2026-05-23T15:35:39+00:00,0,https://www.instagram.com/p/DYrGNJOFIRc/,https://www.instagram.com/p/DYrGNJOFIRc/?comment_id=18089072969617965,scraping_instagram,ruslisangatkuat,Aku yakin dengan BGN dan Polri🔥
18178280494398244,2026-05-23T15:34:57+00:00,0,https://www.instagram.com/p/DYrGNJOFIRc/,https://www.instagram.com/p/DYrGNJOFIRc/?comment_id=18178280494398244,scraping_instagram,theredumpkin,mantab bgt pak
18106193734852789,2026-05-23T15:34:47+00:00,0,https://www.instagram.com/p/DYrGNJOFIRc/,https://www.instagram.com/p/DYrGNJOFIRc/?comment_id=18106193734852789,scraping_instagram,leornardo.dwarto,"totalitas 🔥, Bukti nyata kinerja dari BGN dan polri"
18131980558575325,2026-05-23T15:34:01+00:00,2,https://www.instagram.com/p/DYrGNJOFIRc/,https://www.instagram.com/p/DYrGNJOFIRc/?comment_id=18131980558575325,scraping_instagram,jawatengah668,Respect setinggi-tingginya untul BGN dan Polri🔥
18393506440095405,2026-05-23T15:33:23+00:00,0,https://www.instagram.com/p/DYrGNJOFIRc/,https://www.instagram.com/p/DYrGNJOFIRc/?comment_id=18393506440095405,scraping_instagram,st4rzsyndrm,"gerak cepat, keren sekali untuk pak sony dan polri🔥"
18019423238837750,2026-05-23T15:32:47+00:00,0,https://www.instagram.com/p/DYrGNJOFIRc/,https://www.instagram.com/p/DYrGNJOFIRc/?comment_id=18019423238837750,scraping_instagram,putrohilman,"Maju teruss BGN & Polri, wujudkan transparansi dan kepercayaan masyarakat 👏"
17971767741023040,2026-05-23T15:30:43+00:00,1,https://www.instagram.com/p/DYrGNJOFIRc/,https://www.instagram.com/p/DYrGNJOFIRc/?comment_id=17971767741023040,scraping_instagram,gandaexp,Semangat Pak Sony❤️
17995145651949494,2026-05-23T15:29:36+00:00,1,https://www.instagram.com/p/DYrGNJOFIRc/,https://www.instagram.com/p/DYrGNJOFIRc/?comment_id=17995145651949494,scraping_instagram,hermanngantuk666,"Luar biasa gebrakan dari BGN dan Polri, saya mendoakan yang terbaik pokoknya ❤️"
17962325004093704,2026-05-23T15:27:53+00:00,0,https://www.instagram.com/p/DYrGNJOFIRc/,https://www.instagram.com/p/DYrGNJOFIRc/?comment_id=17962325004093704,scraping_instagram,luciferrhijrah,"Mantap sangat amat gercep menidak lanjuti isu yang sedang hangat di masyarakat, semangat BGN dan Polri👊🏻🫶"
17969589054027642,2026-05-23T15:26:11+00:00,2,https://www.instagram.com/p/DYrGNJOFIRc/,https://www.instagram.com/p/DYrGNJOFIRc/?comment_id=17969589054027642,scraping_instagram,heriumkm,"Respect setinggi tingginya untuk BGN dan Polri, menindak lanjuti isu yang hangat dalam masyarakat 🔥"
17894880339463867,2026-05-23T15:24:53+00:00,1,https://www.instagram.com/p/DYrGNJOFIRc/,https://www.instagram.com/p/DYrGNJOFIRc/?comment_id=17894880339463867,scraping_instagram,apripengendarapatuh,"Luar biasa Pak Sony dan Polri, semangat menjunjung tinggi transparansi dan kepercayaan masyarakat 🙌🔥"
18088178903344730,2026-05-23T15:23:20+00:00,1,https://www.instagram.com/p/DYrGNJOFIRc/,https://www.instagram.com/p/DYrGNJOFIRc/?comment_id=18088178903344730,scraping_instagram,wahyugergaji,"Semoga kebenaran bisa terungkap, semangat Pak Sony dan Polri 🔥"
17965900757922757,2026-05-23T15:22:06+00:00,5,https://www.instagram.com/p/DYrGNJOFIRc/,https://www.instagram.com/p/DYrGNJOFIRc/?comment_id=17965900757922757,scraping_instagram,kuatkediri,"Semangat totalitas menjaga kepercayaan masyarakat, mantap Pak Sony dan Polri🔥"
18104375863955404,2026-05-23T15:20:29+00:00,1,https://www.instagram.com/p/DYrGNJOFIRc/,https://www.instagram.com/p/DYrGNJOFIRc/?comment_id=18104375863955404,scraping_instagram,dhendyputih,Semangat BGN dan POLRI membangun sinergi yang mantap👏🔥❤️
17889081090536064,2026-05-23T15:16:13+00:00,0,https://www.instagram.com/p/DYrGNJOFIRc/,https://www.instagram.com/p/DYrGNJOFIRc/?comment_id=17889081090536064,scraping_instagram,ahmadapoymuda,"respect pak sony, semoga sinergi polri dan bgn terus menyala🔥🙌"
18113434000669046,2026-05-23T14:57:25+00:00,0,https://www.instagram.com/p/DYrGNJOFIRc/,https://www.instagram.com/p/DYrGNJOFIRc/?comment_id=18113434000669046,scraping_instagram,biiim97,Prutt
18100698098466030,2026-05-23T12:54:52+00:00,0,https://www.instagram.com/p/DYrGNJOFIRc/,https://www.instagram.com/p/DYrGNJOFIRc/?comment_id=18100698098466030,scraping_instagram,the_sleepingtiger,Terus setelah terungkap? Apakah dipenjara? Apakah denda?
18105337612947380,2026-05-23T12:50:18+00:00,0,https://www.instagram.com/p/DYrGNJOFIRc/,https://www.instagram.com/p/DYrGNJOFIRc/?comment_id=18105337612947380,scraping_instagram,sceneslovevly,laporan yg masuk saya harap semuanya di proses seseuai prosedur🔥
18115301608696414,2026-05-23T12:46:59+00:00,0,https://www.instagram.com/p/DYrGNJOFIRc/,https://www.instagram.com/p/DYrGNJOFIRc/?comment_id=18115301608696414,scraping_instagram,escapedreams19,semoga semua laporan bisa di terima dengan baik pak
18109317877767248,2026-05-23T12:39:04+00:00,0,https://www.instagram.com/p/DYrGNJOFIRc/,https://www.instagram.com/p/DYrGNJOFIRc/?comment_id=18109317877767248,scraping_instagram,sceneslovevly,"kawall mbg secara ketat, benerin pengelolaannya.. yakin pasti rakyat bakal terbantu. semangat🔥"
17907406989416390,2026-05-23T12:31:09+00:00,0,https://www.instagram.com/p/DYrGNJOFIRc/,https://www.instagram.com/p/DYrGNJOFIRc/?comment_id=17907406989416390,scraping_instagram,escapedreams19,kawall mbg pak rapihin pengelolaannya 🙌
18373496116206563,2026-05-23T12:31:03+00:00,0,https://www.instagram.com/p/DYrGNJOFIRc/,https://www.instagram.com/p/DYrGNJOFIRc/?comment_id=18373496116206563,scraping_instagram,tamuspesial.invitation,"Behh setelah diperhatikan maenn buzzer jg akun ini, yg koment rata2 buzzer 😢"
18100753427015703,2026-05-23T12:23:52+00:00,0,https://www.instagram.com/p/DYrGNJOFIRc/,https://www.instagram.com/p/DYrGNJOFIRc/?comment_id=18100753427015703,scraping_instagram,sapriyadi___,"Ini saya sangat salut kepada pak polisi,ssmoga tetap konsisten ya pakk"
17999308394763409,2026-05-23T12:23:25+00:00,0,https://www.instagram.com/p/DYrGNJOFIRc/,https://www.instagram.com/p/DYrGNJOFIRc/?comment_id=17999308394763409,scraping_instagram,ace.4tune,semangat ye pak buat mengawal mbg biar gaada celah
18049585796527896,2026-05-23T12:23:11+00:00,0,https://www.instagram.com/p/DYrGNJOFIRc/,https://www.instagram.com/p/DYrGNJOFIRc/?comment_id=18049585796527896,scraping_instagram,dadangkurniawan___77,Josss pak poll🙌🔥
18179398789399465,2026-05-23T12:22:45+00:00,0,https://www.instagram.com/p/DYrGNJOFIRc/,https://www.instagram.com/p/DYrGNJOFIRc/?comment_id=18179398789399465,scraping_instagram,warkhum,tolong mbg di kawal yg bener. biar gaada konflik besar kedepannya🔥
17952288849138378,2026-05-23T12:21:37+00:00,0,https://www.instagram.com/p/DYrGNJOFIRc/,https://www.instagram.com/p/DYrGNJOFIRc/?comment_id=17952288849138378,scraping_instagram,subconscioussins,"program besar harus dikawal pengawas yg besar, semoga bgn bisa memastikan gada mafia di mbg ini.."
17918341287164389,2026-05-23T12:19:06+00:00,0,https://www.instagram.com/p/DYrGNJOFIRc/,https://www.instagram.com/p/DYrGNJOFIRc/?comment_id=17918341287164389,scraping_instagram,rsx1119000,kerja sama harus dilakuin biar tujuan mbg ga melenceng..
17965592078917775,2026-05-23T12:18:03+00:00,0,https://www.instagram.com/p/DYrGNJOFIRc/,https://www.instagram.com/p/DYrGNJOFIRc/?comment_id=17965592078917775,scraping_instagram,sevxforthrive,"kawal mbg yg bener pak, jgn kasih celah buat korupsi besar"
17893036050470758,2026-05-23T12:14:27+00:00,0,https://www.instagram.com/p/DYrGNJOFIRc/,https://www.instagram.com/p/DYrGNJOFIRc/?comment_id=17893036050470758,scraping_instagram,sephiaaaso7,emang perlu kolaborasi besar untuk mengawal program besar. semoga semua amanah tanpa ada korupsi..
18449821906112494,2026-05-23T12:12:56+00:00,0,https://www.instagram.com/p/DYrGNJOFIRc/,https://www.instagram.com/p/DYrGNJOFIRc/?comment_id=18449821906112494,scraping_instagram,jamaludinraya,"keren selalu buat pak pol,,,,terusss konsisten ya pak,,demi anak bangsa Indonesia"
18082935119428828,2026-05-23T12:12:01+00:00,1,https://www.instagram.com/p/DYrGNJOFIRc/,https://www.instagram.com/p/DYrGNJOFIRc/?comment_id=18082935119428828,scraping_instagram,wawangunawan____432,saya harap konsisten seperti ini trus ya buat pak pol mantapp pakk
18153744634467897,2026-05-23T12:10:30+00:00,0,https://www.instagram.com/p/DYrGNJOFIRc/,https://www.instagram.com/p/DYrGNJOFIRc/?comment_id=18153744634467897,scraping_instagram,yantobasna____,"luar biasa keren sekali pak polisi,,,selalu seperti ini ya pak saya harap"
18052893797734399,2026-05-23T12:09:07+00:00,0,https://www.instagram.com/p/DYrGNJOFIRc/,https://www.instagram.com/p/DYrGNJOFIRc/?comment_id=18052893797734399,scraping_instagram,naufallaryaa123,mantap pak sudah mengusut tuntass kejahatannnn🔥🔥
18081777401423300,2026-05-23T12:07:37+00:00,0,https://www.instagram.com/p/DYrGNJOFIRc/,https://www.instagram.com/p/DYrGNJOFIRc/?comment_id=18081777401423300,scraping_instagram,ismailbinmail_____,semoga pak pol selalu konsisten seperti ini mantap pak poll
18354498205240473,2026-05-23T12:05:24+00:00,0,https://www.instagram.com/p/DYrGNJOFIRc/,https://www.instagram.com/p/DYrGNJOFIRc/?comment_id=18354498205240473,scraping_instagram,ramadan_nst7,Bapak❤️🔥
18361126354228197,2026-05-23T11:44:46+00:00,2,https://www.instagram.com/p/DYrGNJOFIRc/,https://www.instagram.com/p/DYrGNJOFIRc/?comment_id=18361126354228197,scraping_instagram,kartika.pitra,"hasil yamg sangat patut diapresiasi buat pak pol dan bgn,,berhasi meringkus penipuu mantapp"
18149712511433789,2026-05-23T11:44:39+00:00,0,https://www.instagram.com/p/DYrGNJOFIRc/,https://www.instagram.com/p/DYrGNJOFIRc/?comment_id=18149712511433789,scraping_instagram,w1skyyy__,"Luar biasa sekali pakk Dari apa yang ditampilkan, kelihatan banget kalau ini dibuat dengan penuh usaha dan konsistensi."
18588024682006442,2026-05-23T11:43:28+00:00,0,https://www.instagram.com/p/DYrGNJOFIRc/,https://www.instagram.com/p/DYrGNJOFIRc/?comment_id=18588024682006442,scraping_instagram,ramanana_qw,"Ini nih saya suka,,,kerjasama yang baikk antara bgn dan polisi😍😍,,semangat trus pak"
18090125066353376,2026-05-23T11:43:17+00:00,0,https://www.instagram.com/p/DYrGNJOFIRc/,https://www.instagram.com/p/DYrGNJOFIRc/?comment_id=18090125066353376,scraping_instagram,udindutts,"Mantap pak,Perjalanan dan usaha yang sudah dilewati pasti tidak mudah, tapi hasilnya sangat membanggakan."
18085653020455893,2026-05-23T11:42:33+00:00,4,https://www.instagram.com/p/DYrGNJOFIRc/,https://www.instagram.com/p/DYrGNJOFIRc/?comment_id=18085653020455893,scraping_instagram,camelkuniingg,"Salut banget sama pencapaiannya. Tidak semua proses itu mudah, tapi hasil yang didapat benar-benar menunjukkan perjuangan"
18105693746490884,2026-05-23T11:42:27+00:00,0,https://www.instagram.com/p/DYrGNJOFIRc/,https://www.instagram.com/p/DYrGNJOFIRc/?comment_id=18105693746490884,scraping_instagram,putrasnjya2003,keren pak lancar trus dan selalu jujur ya pak🔥
18082406447138288,2026-05-23T11:41:46+00:00,0,https://www.instagram.com/p/DYrGNJOFIRc/,https://www.instagram.com/p/DYrGNJOFIRc/?comment_id=18082406447138288,scraping_instagram,wildan.tompel,koordinat yang cepat mantap pak poll
18146052016500915,2026-05-23T11:40:52+00:00,0,https://www.instagram.com/p/DYrGNJOFIRc/,https://www.instagram.com/p/DYrGNJOFIRc/?comment_id=18146052016500915,scraping_instagram,gerrysantosooo,"Luar biasa pak,mantapp"
18086359979234522,2026-05-23T11:40:41+00:00,4,https://www.instagram.com/p/DYrGNJOFIRc/,https://www.instagram.com/p/DYrGNJOFIRc/?comment_id=18086359979234522,scraping_instagram,kieedut,Keren pak Semoga selalu diberikan kelancaran dan hasil terbaik 🙏
18107396348490015,2026-05-23T11:40:04+00:00,0,https://www.instagram.com/p/DYrGNJOFIRc/,https://www.instagram.com/p/DYrGNJOFIRc/?comment_id=18107396348490015,scraping_instagram,umardutts,"Salut, semoga makin berkembang ke depannya 🔥"
18129616771609851,2026-05-23T11:39:29+00:00,0,https://www.instagram.com/p/DYrGNJOFIRc/,https://www.instagram.com/p/DYrGNJOFIRc/?comment_id=18129616771609851,scraping_instagram,andre.yy99,"Keren banget, semoga selalu sukses dan terus menginspirasi 🙌"
18095717189465353,2026-05-23T11:39:24+00:00,0,https://www.instagram.com/p/DYrGNJOFIRc/,https://www.instagram.com/p/DYrGNJOFIRc/?comment_id=18095717189465353,scraping_instagram,satriaa3147,"Semoga polisi selalu konsisten dalam menegakkan ke adilan,,salut buat pa pol🔥"
17889292419513114,2026-05-23T11:38:15+00:00,0,https://www.instagram.com/p/DYrGNJOFIRc/,https://www.instagram.com/p/DYrGNJOFIRc/?comment_id=17889292419513114,scraping_instagram,rahmansaid2026,"luar biasa pa polri,totalitas menyelesaikan masalah mantap pak"
18097776287158609,2026-05-23T11:36:18+00:00,0,https://www.instagram.com/p/DYrGNJOFIRc/,https://www.instagram.com/p/DYrGNJOFIRc/?comment_id=18097776287158609,scraping_instagram,suryazayy__,Mantapp pak poll🙌
18122185564563619,2026-05-23T11:34:46+00:00,0,https://www.instagram.com/p/DYrGNJOFIRc/,https://www.instagram.com/p/DYrGNJOFIRc/?comment_id=18122185564563619,scraping_instagram,arrahmatulani87,Emang gitu
18325346938268855,2026-05-23T11:31:07+00:00,0,https://www.instagram.com/p/DYrGNJOFIRc/,https://www.instagram.com/p/DYrGNJOFIRc/?comment_id=18325346938268855,scraping_instagram,bwazir15,lanjutkan pak keren banget kerjasama dua instansi 👏
18127243849612008,2026-05-23T11:26:45+00:00,0,https://www.instagram.com/p/DYrGNJOFIRc/,https://www.instagram.com/p/DYrGNJOFIRc/?comment_id=18127243849612008,scraping_instagram,magnumbntang___,semogaa diusut sampai selesai sampai tidak ada lagi yang seperti ini kedepannya 👏
18075218051259690,2026-05-23T11:24:03+00:00,0,https://www.instagram.com/p/DYrGNJOFIRc/,https://www.instagram.com/p/DYrGNJOFIRc/?comment_id=18075218051259690,scraping_instagram,theedge1444,kerenn pak semoga selalu seperti ini untuk kedepannyaa semangat terus keadilan indonesia
17966497644077540,2026-05-23T11:20:31+00:00,0,https://www.instagram.com/p/DYrGNJOFIRc/,https://www.instagram.com/p/DYrGNJOFIRc/?comment_id=17966497644077540,scraping_instagram,ariirham2004,"Jangan takut, maju terus bgn dengan programnya..."
18211784905332818,2026-05-23T11:19:13+00:00,0,https://www.instagram.com/p/DYrGNJOFIRc/,https://www.instagram.com/p/DYrGNJOFIRc/?comment_id=18211784905332818,scraping_instagram,samsufilter3,"Semangat terus bgn dengan program yang positif, dan terimakasih polisi atas tindakannya"
18136083517552307,2026-05-23T11:18:00+00:00,0,https://www.instagram.com/p/DYrGNJOFIRc/,https://www.instagram.com/p/DYrGNJOFIRc/?comment_id=18136083517552307,scraping_instagram,lavioouy,"Keren banget koordinasi antara bgn dan tindakan polisi dalam kasus ini, cepat!"
17955706301970157,2026-05-23T11:17:29+00:00,0,https://www.instagram.com/p/DYrGNJOFIRc/,https://www.instagram.com/p/DYrGNJOFIRc/?comment_id=17955706301970157,scraping_instagram,kopimasterdenzz,saya harap kedepannya untuk semua program presiden mengikuti jejak yang seperti ini
18110633879509363,2026-05-23T11:16:03+00:00,0,https://www.instagram.com/p/DYrGNJOFIRc/,https://www.instagram.com/p/DYrGNJOFIRc/?comment_id=18110633879509363,scraping_instagram,obeyeeeee,@faizz_alfakir😂
18041526854599136,2026-05-23T11:14:34+00:00,0,https://www.instagram.com/p/DYrGNJOFIRc/,https://www.instagram.com/p/DYrGNJOFIRc/?comment_id=18041526854599136,scraping_instagram,masaaade,mantappp kolaborasi yang cepet nihh keren pak
18002895176746784,2026-05-23T11:13:41+00:00,0,https://www.instagram.com/p/DYrGNJOFIRc/,https://www.instagram.com/p/DYrGNJOFIRc/?comment_id=18002895176746784,scraping_instagram,izraaaj,"Bukti yang jelas dari bgn dan tindakan cepat dari polisi, semangat maju"
18325959877253211,2026-05-23T11:12:32+00:00,0,https://www.instagram.com/p/DYrGNJOFIRc/,https://www.instagram.com/p/DYrGNJOFIRc/?comment_id=18325959877253211,scraping_instagram,izra.aaj,"Hidup bgn hidup polisi, terus memajukan negeri"
18097447484168154,2026-05-23T11:11:50+00:00,0,https://www.instagram.com/p/DYrGNJOFIRc/,https://www.instagram.com/p/DYrGNJOFIRc/?comment_id=18097447484168154,scraping_instagram,lackyybastard,Terimakasih polisi melindungi fitnah dari oknum oknum terhadap program mbg
18095044586225240,2026-05-23T11:10:57+00:00,0,https://www.instagram.com/p/DYrGNJOFIRc/,https://www.instagram.com/p/DYrGNJOFIRc/?comment_id=18095044586225240,scraping_instagram,imbangkedub,"Semangat terus mbg, lanjutkan citra positif yang sudah terbangun"
18405960325149221,2026-05-23T11:10:07+00:00,0,https://www.instagram.com/p/DYrGNJOFIRc/,https://www.instagram.com/p/DYrGNJOFIRc/?comment_id=18405960325149221,scraping_instagram,waria.15,Usut tuntas oknum oknum yang ingin merusak citra baik mbg..
18110753729500540,2026-05-23T11:09:20+00:00,2,https://www.instagram.com/p/DYrGNJOFIRc/,https://www.instagram.com/p/DYrGNJOFIRc/?comment_id=18110753729500540,scraping_instagram,wildan.ri12,Tindakan cepat dari kepolisian membuktikan bahwa mbg tidak terlibat!
18099278993274753,2026-05-23T11:08:15+00:00,2,https://www.instagram.com/p/DYrGNJOFIRc/,https://www.instagram.com/p/DYrGNJOFIRc/?comment_id=18099278993274753,scraping_instagram,imbangbutuhuang,Tindakan yang sangat cepat dari polri dan bravo mbg
18407570446194324,2026-05-23T11:07:29+00:00,2,https://www.instagram.com/p/DYrGNJOFIRc/,https://www.instagram.com/p/DYrGNJOFIRc/?comment_id=18407570446194324,scraping_instagram,brndslva20,usutt lagi pak masih banyakk kayaknya oknum oknum berkeliaran
18595143733027914,2026-05-23T11:06:44+00:00,1,https://www.instagram.com/p/DYrGNJOFIRc/,https://www.instagram.com/p/DYrGNJOFIRc/?comment_id=18595143733027914,scraping_instagram,elephant.96238502,Luar biasa polri dan pak sony cekatan dalam menangani kasus..
18446520388117421,2026-05-23T11:05:32+00:00,6,https://www.instagram.com/p/DYrGNJOFIRc/,https://www.instagram.com/p/DYrGNJOFIRc/?comment_id=18446520388117421,scraping_instagram,arakkbalik,Keren selalu pak polisi dan pak sony dalam mengalami masyarakat
17916569436364058,2026-05-23T10:52:13+00:00,2,https://www.instagram.com/p/DYrGNJOFIRc/,https://www.instagram.com/p/DYrGNJOFIRc/?comment_id=17916569436364058,scraping_instagram,udinbejo12,Keren banget karena langsung koordinasi dan mengusut sampai tuntas👏
18208894657337156,2026-05-23T10:51:35+00:00,2,https://www.instagram.com/p/DYrGNJOFIRc/,https://www.instagram.com/p/DYrGNJOFIRc/?comment_id=18208894657337156,scraping_instagram,__dnis77,rispek pak polisi 👍
18153717799471787,2026-05-23T10:51:35+00:00,2,https://www.instagram.com/p/DYrGNJOFIRc/,https://www.instagram.com/p/DYrGNJOFIRc/?comment_id=18153717799471787,scraping_instagram,agusbagus833,benar-benar totalitas menjaga kepercayaan masyarakat 🙏
18064553051435626,2026-05-23T10:50:55+00:00,1,https://www.instagram.com/p/DYrGNJOFIRc/,https://www.instagram.com/p/DYrGNJOFIRc/?comment_id=18064553051435626,scraping_instagram,micha.elchandraa,Semoga masyarakat makin sadar pentingnya mengikuti jalur resmi yang ditetapkan🙌
17873987526492229,2026-05-23T10:50:42+00:00,0,https://www.instagram.com/p/DYrGNJOFIRc/,https://www.instagram.com/p/DYrGNJOFIRc/?comment_id=17873987526492229,scraping_instagram,citralandkota,Banyak pak disini saya juga sering di tawari
17885774235557295,2026-05-23T10:50:10+00:00,0,https://www.instagram.com/p/DYrGNJOFIRc/,https://www.instagram.com/p/DYrGNJOFIRc/?comment_id=17885774235557295,scraping_instagram,fahr.ikusuma,Penanganannya cepat dan jelas salut🔥🔥
17850798441693379,2026-05-23T10:49:19+00:00,0,https://www.instagram.com/p/DYrGNJOFIRc/,https://www.instagram.com/p/DYrGNJOFIRc/?comment_id=17850798441693379,scraping_instagram,ridwan.riswane,Pak Sony menunjukkan kualitas pemimpin yang sigap dan peduli masyarakat 🤍
18097533749140508,2026-05-23T10:48:41+00:00,0,https://www.instagram.com/p/DYrGNJOFIRc/,https://www.instagram.com/p/DYrGNJOFIRc/?comment_id=18097533749140508,scraping_instagram,dimas.satriax,Respect untuk Pak Sony yang terus mengedepankan proses hukum dan transparansi🔥
17874713124669184,2026-05-23T10:47:59+00:00,0,https://www.instagram.com/p/DYrGNJOFIRc/,https://www.instagram.com/p/DYrGNJOFIRc/?comment_id=17874713124669184,scraping_instagram,khairulbayem,Semoga prosesnya lancar dan semua pihak yang dirugikan mendapat keadilan.
17915822673381313,2026-05-23T10:47:25+00:00,0,https://www.instagram.com/p/DYrGNJOFIRc/,https://www.instagram.com/p/DYrGNJOFIRc/?comment_id=17915822673381313,scraping_instagram,badrul.nasrul,Terlihat jelas komitmen Pak Sony dan pak polisi untuk memberantas penipuan🔥
17977156104042418,2026-05-23T10:46:36+00:00,0,https://www.instagram.com/p/DYrGNJOFIRc/,https://www.instagram.com/p/DYrGNJOFIRc/?comment_id=17977156104042418,scraping_instagram,wildan.kurus,"keren, tetap fokus menjaga program berjalan dengan baik ✨"
17868720312541781,2026-05-23T10:45:55+00:00,0,https://www.instagram.com/p/DYrGNJOFIRc/,https://www.instagram.com/p/DYrGNJOFIRc/?comment_id=17868720312541781,scraping_instagram,ekaganteng32,Langkah cepat dan tegas benar-benar menunjukkan rasa tanggung jawab👏
18165717937437009,2026-05-23T10:45:29+00:00,0,https://www.instagram.com/p/DYrGNJOFIRc/,https://www.instagram.com/p/DYrGNJOFIRc/?comment_id=18165717937437009,scraping_instagram,wildangdnt110,salut atas keberaniannya pak berkembang terus🔥🔥
17956100655132493,2026-05-23T10:45:10+00:00,0,https://www.instagram.com/p/DYrGNJOFIRc/,https://www.instagram.com/p/DYrGNJOFIRc/?comment_id=17956100655132493,scraping_instagram,burhan.zabuza,Salut karena  terus mengingatkan masyarakat agar lebih waspada🔥
18080491232544302,2026-05-23T10:44:05+00:00,0,https://www.instagram.com/p/DYrGNJOFIRc/,https://www.instagram.com/p/DYrGNJOFIRc/?comment_id=18080491232544302,scraping_instagram,sukirmanjrf,Keren banget karena langsung ditindaklanjuti secara serius dan transparan
17894506761466223,2026-05-23T10:43:23+00:00,0,https://www.instagram.com/p/DYrGNJOFIRc/,https://www.instagram.com/p/DYrGNJOFIRc/?comment_id=17894506761466223,scraping_instagram,okieka9,menunjukkan ketegasan dan kepedulian terhadap masyarakat 🙌
18093846608212804,2026-05-23T10:42:40+00:00,0,https://www.instagram.com/p/DYrGNJOFIRc/,https://www.instagram.com/p/DYrGNJOFIRc/?comment_id=18093846608212804,scraping_instagram,dencheseez,Salut sama gerak cepat dalam menangani kasus seperti ini 👏
18088360289058930,2026-05-23T10:31:44+00:00,0,https://www.instagram.com/p/DYrGNJOFIRc/,https://www.instagram.com/p/DYrGNJOFIRc/?comment_id=18088360289058930,scraping_instagram,wil2shine,salut buat polretas balerang dan bgn 🔥🔥
18588010561049191,2026-05-23T10:30:23+00:00,0,https://www.instagram.com/p/DYrGNJOFIRc/,https://www.instagram.com/p/DYrGNJOFIRc/?comment_id=18588010561049191,scraping_instagram,anggaramdani202,Semoga langkah tegas ini menjadi efek jera bagi oknum-oknum yang ingin mengambil keuntungan.
17894736402334996,2026-05-23T10:29:30+00:00,0,https://www.instagram.com/p/DYrGNJOFIRc/,https://www.instagram.com/p/DYrGNJOFIRc/?comment_id=17894736402334996,scraping_instagram,cristiandermawan,"Mantap, penegakan hukum seperti ini wajib didukung bersama 👍"
17937393507054559,2026-05-23T10:28:38+00:00,0,https://www.instagram.com/p/DYrGNJOFIRc/,https://www.instagram.com/p/DYrGNJOFIRc/?comment_id=17937393507054559,scraping_instagram,keenziekahepe,"Salut atas keterbukaan informasi kepada publik, sangat membantu masyarakat lebih waspada."
18131700295605653,2026-05-23T10:27:46+00:00,0,https://www.instagram.com/p/DYrGNJOFIRc/,https://www.instagram.com/p/DYrGNJOFIRc/?comment_id=18131700295605653,scraping_instagram,zuhriyanti72,Semoga sinergi Polresta Barelang dan BGN terus terjaga demi pelayanan terbaik untuk masyarakat.🙌
18102821563819098,2026-05-23T10:26:41+00:00,0,https://www.instagram.com/p/DYrGNJOFIRc/,https://www.instagram.com/p/DYrGNJOFIRc/?comment_id=18102821563819098,scraping_instagram,budi.santosa10,🔥🔥🔥
18072887252654583,2026-05-23T10:26:24+00:00,0,https://www.instagram.com/p/DYrGNJOFIRc/,https://www.instagram.com/p/DYrGNJOFIRc/?comment_id=18072887252654583,scraping_instagram,nurhayatii_2001,"Kerja sama antara kepolisian dan BGN patut diapresiasi, kompak menjaga kepercayaan masyarakat."
18463936720111342,2026-05-23T10:24:30+00:00,0,https://www.instagram.com/p/DYrGNJOFIRc/,https://www.instagram.com/p/DYrGNJOFIRc/?comment_id=18463936720111342,scraping_instagram,gani.cahyadii,Salut atas komitmennya dalam mengawal proses hukum dengan profesional.
18101865728108150,2026-05-23T10:23:30+00:00,0,https://www.instagram.com/p/DYrGNJOFIRc/,https://www.instagram.com/p/DYrGNJOFIRc/?comment_id=18101865728108150,scraping_instagram,tiger.5385948,"Mantap, penegakan hukum seperti ini wajib didukung bersama 👍"
17888033139539147,2026-05-23T10:21:48+00:00,3,https://www.instagram.com/p/DYrGNJOFIRc/,https://www.instagram.com/p/DYrGNJOFIRc/?comment_id=17888033139539147,scraping_instagram,sartika.anggraini,Luar biasa 🔥
18316970950275643,2026-05-23T10:21:41+00:00,0,https://www.instagram.com/p/DYrGNJOFIRc/,https://www.instagram.com/p/DYrGNJOFIRc/?comment_id=18316970950275643,scraping_instagram,jagoanmamih877,Langkah tegas seperti ini yang dibutuhkan masyarakat agar tidak semakin banyak korban.
18002923988750583,2026-05-23T10:21:27+00:00,0,https://www.instagram.com/p/DYrGNJOFIRc/,https://www.instagram.com/p/DYrGNJOFIRc/?comment_id=18002923988750583,scraping_instagram,aprikanopi,salut sekali pak tindakan yang sangat berani🙌
18009694856909830,2026-05-23T10:20:57+00:00,0,https://www.instagram.com/p/DYrGNJOFIRc/,https://www.instagram.com/p/DYrGNJOFIRc/?comment_id=18009694856909830,scraping_instagram,budisutrino681,big rispeck pakk 🔥🙌🙌
18599788081010551,2026-05-23T10:20:25+00:00,0,https://www.instagram.com/p/DYrGNJOFIRc/,https://www.instagram.com/p/DYrGNJOFIRc/?comment_id=18599788081010551,scraping_instagram,muhibah_setyo,tindakan yang sangat berani dari pak sony🙌
17870330397525347,2026-05-23T10:19:30+00:00,0,https://www.instagram.com/p/DYrGNJOFIRc/,https://www.instagram.com/p/DYrGNJOFIRc/?comment_id=17870330397525347,scraping_instagram,karinajungler10,semangat terus pak kejar oknum nakal diluar sana🙌🙌
18006382778876940,2026-05-23T10:18:31+00:00,0,https://www.instagram.com/p/DYrGNJOFIRc/,https://www.instagram.com/p/DYrGNJOFIRc/?comment_id=18006382778876940,scraping_instagram,faturahman5436,mantap sekali tindakan bapak sony 👏
18136876198544116,2026-05-23T10:18:01+00:00,0,https://www.instagram.com/p/DYrGNJOFIRc/,https://www.instagram.com/p/DYrGNJOFIRc/?comment_id=18136876198544116,scraping_instagram,husnirunasi11,alhamdulillah akhirnya terbongkar 👏
18115264082508431,2026-05-23T10:16:33+00:00,0,https://www.instagram.com/p/DYrGNJOFIRc/,https://www.instagram.com/p/DYrGNJOFIRc/?comment_id=18115264082508431,scraping_instagram,farrellalfianda,salut pak berani ambil tindakan
17906001999423553,2026-05-23T10:16:09+00:00,0,https://www.instagram.com/p/DYrGNJOFIRc/,https://www.instagram.com/p/DYrGNJOFIRc/?comment_id=17906001999423553,scraping_instagram,parelalpianda,keren pak sangat gercep🙌
18057458285709467,2026-05-23T09:23:10+00:00,0,https://www.instagram.com/p/DYrGNJOFIRc/,https://www.instagram.com/p/DYrGNJOFIRc/?comment_id=18057458285709467,scraping_instagram,eno_lumaga,"Program publik seharusnya dibangun dengan sistem yang akuntabel dan terbuka, agar kesempatan bermitra tidak berubah menjadi komoditas yang diperjualbelikan oleh pihak-pihak yang memanfaatkan celah birokrasi. Ketika masyarakat ingin mendaftar sebagai mitra melalui website resmi Badan Gizi Nasional namun fitur pendaftaran tidak dapat diakses atau tidak dibuka secara transparan, maka kondisi tersebut berpotensi menimbulkan kecurigaan publik terhadap adanya akses terbatas, permainan jaringan, maupun praktik percaloan titik dapur. Negara harus memastikan seluruh mekanisme pendaftaran berjalan terbuka, adil, dan dapat diakses semua pihak tanpa diskriminasi, sebab program publik bukan ruang eksklusif bagi orang-orang tertentu saja."
18084088184387190,2026-05-23T09:21:57+00:00,0,https://www.instagram.com/p/DYrGNJOFIRc/,https://www.instagram.com/p/DYrGNJOFIRc/?comment_id=18084088184387190,scraping_instagram,robinsitorus1982,Polresta Barelang🔥🔥🔥🔥🔥
18178673437394331,2026-05-23T08:30:47+00:00,0,https://www.instagram.com/p/DYrGNJOFIRc/,https://www.instagram.com/p/DYrGNJOFIRc/?comment_id=18178673437394331,scraping_instagram,rusa_nara,Alhamdulillah gercep pak polisi👏
17854155021668532,2026-05-23T08:30:06+00:00,0,https://www.instagram.com/p/DYrGNJOFIRc/,https://www.instagram.com/p/DYrGNJOFIRc/?comment_id=17854155021668532,scraping_instagram,martabakkeju2000,"Bravo Pak Sony, semoga tidak ada korban lagi"
18145910866498929,2026-05-23T08:28:48+00:00,0,https://www.instagram.com/p/DYrGNJOFIRc/,https://www.instagram.com/p/DYrGNJOFIRc/?comment_id=18145910866498929,scraping_instagram,kamalmandi76,Mantap jendral🔥🔥🔥
18139910032464074,2026-05-23T08:12:49+00:00,0,https://www.instagram.com/p/DYrGNJOFIRc/,https://www.instagram.com/p/DYrGNJOFIRc/?comment_id=18139910032464074,scraping_instagram,zulkiflijuned,"Yang lalu terus berjalan yang baru terus bertumbuh…., kan adil itu…!?"
18110966153503420,2026-05-23T08:07:05+00:00,0,https://www.instagram.com/p/DYrGNJOFIRc/,https://www.instagram.com/p/DYrGNJOFIRc/?comment_id=18110966153503420,scraping_instagram,ricardo.gufron,"semoga dapet jalan yang terbaik buat semuanya, aminn. semangat bapak sony 🔥"
18077135906239525,2026-05-23T07:53:15+00:00,0,https://www.instagram.com/p/DYrGNJOFIRc/,https://www.instagram.com/p/DYrGNJOFIRc/?comment_id=18077135906239525,scraping_instagram,armadillo.1986873,uang makan ka sppg jabar belum cair woiii lapar dari februari ga makan
17907120888243241,2026-05-22T23:23:01+00:00,37,https://www.instagram.com/p/DYomtlKARQQ/,https://www.instagram.com/p/DYomtlKARQQ/?comment_id=17907120888243241,scraping_instagram,mellameifita,"Coba dong jelasin gimana maksudnya kalimat2 ini :
1. Opsi Intervensi Gizi Tertentu?
2. Kriteria Teknis dan Indikasi Medis Ketat, APA?? apa indikasinya? gimana BGN nentuinnya coba?
3. Ditentukan oleh tenaga kesehatan/dokter?? siapa? dokter mana?? coba coba gimana caranya BGN bagiin susu ke balita???

Biasanya kan dokter beda2 tuh takaranya per balita per masalah gizinya per berat badannya.. COBA COBA GIMANA BGN BAGIINYA KALO BEDA2 TAKARAN GINI??
mau tau banget nih soalnya biar gak dikira SUUDZON"
18022912916807891,2026-05-22T09:14:39+00:00,1,https://www.instagram.com/p/DYomtlKARQQ/,https://www.instagram.com/p/DYomtlKARQQ/?comment_id=18022912916807891,scraping_instagram,mrezakurniaa,"Terima saja susunya dari program MBG, trus buang aja susunya jgn dipake. Ortu pakai susu Asi saja utk bayinya, beress"
18107939474483504,2026-05-22T08:43:20+00:00,102,https://www.instagram.com/p/DYomtlKARQQ/,https://www.instagram.com/p/DYomtlKARQQ/?comment_id=18107939474483504,scraping_instagram,windaonthoni,"Bermasalah trs ya MBG ini. Salah satu contohnya adalah jenis susu yg diberikan utk anak SD. Wkt bulan Februari-Maret, adek sy dpt susu Frisian Flag strawberry yg tinggi gula dan kandungan susunya sedikit. Kok bisaaa?!?! Yg blg itu salah SPPGnya, ya brrti hrsnya di monitor dan dievaluasi dong. Gmn ini program nya. Please udh makan banyak anggaran tp masalahnya banyak amat"
17920865172146272,2026-05-22T10:17:49+00:00,26,https://www.instagram.com/p/DYomtlKARQQ/,https://www.instagram.com/p/DYomtlKARQQ/?comment_id=17920865172146272,scraping_instagram,anggitarc_,Coba jelaskan bagaimana mengatur / alur rekomendasi dokter untuk pemberian susu lanjutan + susu pertumbuhan di usia balita yg nntinya akan dijadikan dasar masing-masing Sppg/dapur kepada penerima manfaat nya @badangizinasional.ri
18318709054272826,2026-05-22T10:56:43+00:00,3,https://www.instagram.com/p/DYomtlKARQQ/,https://www.instagram.com/p/DYomtlKARQQ/?comment_id=18318709054272826,scraping_instagram,sarsus,Teknisnya gimana ya min? Apakah ada pemeriksaan dl oleh tenaga medis sebelum pembagian mbg?
18174880099408999,2026-05-22T09:04:40+00:00,6,https://www.instagram.com/p/DYomtlKARQQ/,https://www.instagram.com/p/DYomtlKARQQ/?comment_id=18174880099408999,scraping_instagram,nurul_nurayyahya,Saya sebagai ibu balita malah was was ... Takut anak kebagian susu...😂
18137180431538974,2026-05-22T08:47:53+00:00,72,https://www.instagram.com/p/DYomtlKARQQ/,https://www.instagram.com/p/DYomtlKARQQ/?comment_id=18137180431538974,scraping_instagram,bimbimbap721,"lagian kenapa bergantung amat sama susu? kaya gada protein lain aja sampe impor sapi dari luar negeri segala, sampe dibikinin juknis KHUSUS SUSU DOANG LOH, kalo susu adalah protein hewani yg se ‘penting’ itu kenapa ga sekalian semua jenis protein dibikin juknis?? panduan kemenkes pun sudah jelas bukan 4 sehat 5 sempurna lagi tapi udah diganti isi piringku yg mana SUSU tidak wajib ada dalam piring makan kita, kenapa ga menggalakkan pangan lokal???"
18104630941788187,2026-05-22T08:49:24+00:00,46,https://www.instagram.com/p/DYomtlKARQQ/,https://www.instagram.com/p/DYomtlKARQQ/?comment_id=18104630941788187,scraping_instagram,anggi_manggii,"Udahlah min, susu ga usah dimasukin daftar......... Budget susu bisa buat beli lauk prohe lain yg lbh banyak jumlah proteinnya, contoh dg uang 3 atau 4rb dapet itu ayam 100g dg protein 25 gram. Kalsium buat anak2 skolah udahlah kasih aja tablet laktat kek bumil di puskesmas, jangan boros2 plissssss biar bisa saving, iyaaa ga sih 🥲"
17889450120521366,2026-05-22T12:27:19+00:00,6,https://www.instagram.com/p/DYomtlKARQQ/,https://www.instagram.com/p/DYomtlKARQQ/?comment_id=17889450120521366,scraping_instagram,oohceyee,Min tolong dong jangan tutup mata atau diem aja. Saya mau lapor ada SPPG di RT saya yg dimana ini komplek perumahan bukan tempat usaha segede SPPG. Karyawannya berisik dari pagi sampai tengah malam dan menganggu jalan parkir mobilnya. Saya mau membuat aduan tp apakah akan direspon?
17968677216059683,2026-05-22T12:34:29+00:00,1,https://www.instagram.com/p/DYomtlKARQQ/,https://www.instagram.com/p/DYomtlKARQQ/?comment_id=17968677216059683,scraping_instagram,svtri_ii,"Mbg di tempatku kadang susu dikasih susu sekolah buahnya gk pernah berpaling dari semangka melon anggur jeruk jeruk aja kadang blm mateng kalo mbg Senin kamis pun malah dikasih taso dimsum donat meses roti pizza""an itukah makanan sehat?"
18141976822506549,2026-05-22T14:44:31+00:00,35,https://www.instagram.com/p/DYomtlKARQQ/,https://www.instagram.com/p/DYomtlKARQQ/?comment_id=18141976822506549,scraping_instagram,hengki.alfha,Brand SUSU SEKOLAH kandungan SUSU MURNINYA cuma 30% selebihnya AIR. Pemenuhan GIZI MACAM APA ITU woiii
18081262844544345,2026-05-22T09:21:07+00:00,5,https://www.instagram.com/p/DYomtlKARQQ/,https://www.instagram.com/p/DYomtlKARQQ/?comment_id=18081262844544345,scraping_instagram,masgee.rardus,Dadan mana dadan???
18087127052373017,2026-05-22T11:48:35+00:00,3,https://www.instagram.com/p/DYomtlKARQQ/,https://www.instagram.com/p/DYomtlKARQQ/?comment_id=18087127052373017,scraping_instagram,_frxnslvya,Harusnya susu bumil jugaaa pake susu khusus buat bumil bukann dikasih susu indomilk kids Makasih. @badangizinasional.ri
18132454723573993,2026-05-22T09:50:45+00:00,1,https://www.instagram.com/p/DYomtlKARQQ/,https://www.instagram.com/p/DYomtlKARQQ/?comment_id=18132454723573993,scraping_instagram,rmdhn.1605,Mencoba cuci piring
18203164981359256,2026-05-22T08:49:20+00:00,12,https://www.instagram.com/p/DYomtlKARQQ/,https://www.instagram.com/p/DYomtlKARQQ/?comment_id=18203164981359256,scraping_instagram,spageti_ur,"Msh ada pikirannya pake susu. Kok kolot ya BGN, apa msh pake panduan 4 Sehat 5 Sempurna? Bkan Panduan Gizi Seimbang? Yg diperluin untuk penanganan stunting itu protein hewani, ya ga hrs dari susu. Lgian mayoritas org Indonesia itu intoleran thdp laktosa."
18071379416479379,2026-05-22T10:24:47+00:00,9,https://www.instagram.com/p/DYomtlKARQQ/,https://www.instagram.com/p/DYomtlKARQQ/?comment_id=18071379416479379,scraping_instagram,amal.afriandi,Pengadaan = cuan 💸
18074639126665760,2026-05-22T08:40:39+00:00,1,https://www.instagram.com/p/DYomtlKARQQ/,https://www.instagram.com/p/DYomtlKARQQ/?comment_id=18074639126665760,scraping_instagram,windaonthoni,Yahhhhh yg td diapus trs upload ulang yah min? Kehapus deh komenku hadeh
18422260264122754,2026-05-22T09:11:32+00:00,1,https://www.instagram.com/p/DYomtlKARQQ/,https://www.instagram.com/p/DYomtlKARQQ/?comment_id=18422260264122754,scraping_instagram,eliafajrin,Pret lah mjn
18117781675767494,2026-05-22T12:01:47+00:00,1,https://www.instagram.com/p/DYomtlKARQQ/,https://www.instagram.com/p/DYomtlKARQQ/?comment_id=18117781675767494,scraping_instagram,amyismaya,"Kenapa MBG untuk bayi kok sama dengan MBG untuk balita? Ini bayi disuruh makan nasi dan semur telur, burger, tahu tempe goreng?"
17994615644957231,2026-05-24T00:15:41+00:00,1,https://www.instagram.com/p/DYomtlKARQQ/,https://www.instagram.com/p/DYomtlKARQQ/?comment_id=17994615644957231,scraping_instagram,diahsekar_h,6-24 bulan juga masih diberi ASI 🙃
17962613172065616,2026-05-22T09:45:07+00:00,4,https://www.instagram.com/p/DYomtlKARQQ/,https://www.instagram.com/p/DYomtlKARQQ/?comment_id=17962613172065616,scraping_instagram,indiradonat,Klo punya peraturan atau edaran berani upload donk di JDIHnya... Jgn cuma dibagiin ke SPPI aja... Takut dikritik apa gmn...
17928467076312143,2026-05-23T02:41:05+00:00,5,https://www.instagram.com/p/DYomtlKARQQ/,https://www.instagram.com/p/DYomtlKARQQ/?comment_id=17928467076312143,scraping_instagram,mitha_dietisien,Kenapa sekarang semua mua yang ngatur BGN? Apa BGN sekarang jadi superbody di Indonesia?
18583779673012627,2026-05-22T11:14:27+00:00,10,https://www.instagram.com/p/DYomtlKARQQ/,https://www.instagram.com/p/DYomtlKARQQ/?comment_id=18583779673012627,scraping_instagram,sofia_wahida,Dah lah bubar aja
18164541766431907,2026-05-23T10:33:21+00:00,1,https://www.instagram.com/p/DYomtlKARQQ/,https://www.instagram.com/p/DYomtlKARQQ/?comment_id=18164541766431907,scraping_instagram,snhakiki,"Pak saya kerja bantuin pasien2 kanker anak yg seringnya dari kalangan tidak mampu, buat susu itu mereka harus ada indikasi dan resep dari dokter, dan dibeli sesuai resep itu. Pak inimah di kondisi normal aja kadang gak semua merek susu tersedia, udah mana harganya mahal. Masa mau dibikin program ginian lagi sih pak? Kasian pak pasien2 itu pak, susu formula kan juga ada pehitungan gizi dan indikasinya pak. Tolong pertimbangkan pak"
18042486407788683,2026-05-22T09:31:07+00:00,5,https://www.instagram.com/p/DYomtlKARQQ/,https://www.instagram.com/p/DYomtlKARQQ/?comment_id=18042486407788683,scraping_instagram,anak_bak21,"Tolong kaji ulang, dengan melibatkan dokter dan tenaga kesehatan serta menteri kesehatan. Dengan adanya mbg saja apbn kita sudah goyah jgn ditambah Bebani dgn program dan usulan tambah dgn produk seperti ini. Ayoo gunakan apbn ini utk hal yg lebih bermanfaat lagi saya tau tidak semua org diindonesia ini kategori ekonomi nya mampu namun jika pemerintah mau dan benar benar bekerja maka semua pasti bisa. Pendidikan,kesehatan,lapangan kerja,harga bahan pokok, itu jika bisa pemerintah memberikan kebijakan dgn mementingkan hal tersebut saya yakin para orangtua pasti bisa memenuhi urusan perut anak anaknya."
17870324001525288,2026-05-24T00:56:44+00:00,1,https://www.instagram.com/p/DYomtlKARQQ/,https://www.instagram.com/p/DYomtlKARQQ/?comment_id=17870324001525288,scraping_instagram,uni_bdg,"Lah, susu u/ anak di bawah 2 tahun sebegitu ketatnya. Banyak loh bumil yg (Qodarullah), belum keluar ASI, atau hanya sedikit sekali, tidak cukup. Jadi perlu sufor. Perbaikan gizi dan stunting itu justru u/ anak2 dibawah 2 tahun utamanya. Bukan anak SD-SMA yg menghambur2kan dana. Bahkan u/ hal2 ga urgent kayak kaos kaki, semir sepatu, motor dll. Dasar BGN, pengen ngomong kasar 🤬."
17969372130107079,2026-05-22T08:58:05+00:00,1,https://www.instagram.com/p/DYomtlKARQQ/,https://www.instagram.com/p/DYomtlKARQQ/?comment_id=17969372130107079,scraping_instagram,mamameeraa,Nauzubillah
18084651491386847,2026-05-22T09:35:30+00:00,1,https://www.instagram.com/p/DYomtlKARQQ/,https://www.instagram.com/p/DYomtlKARQQ/?comment_id=18084651491386847,scraping_instagram,rizkiibnurahmad_,@idai_ig
17867216934553901,2026-05-22T09:44:13+00:00,1,https://www.instagram.com/p/DYomtlKARQQ/,https://www.instagram.com/p/DYomtlKARQQ/?comment_id=17867216934553901,scraping_instagram,flaativon,hadeehhhh
18121715101584184,2026-05-22T10:46:31+00:00,1,https://www.instagram.com/p/DYomtlKARQQ/,https://www.instagram.com/p/DYomtlKARQQ/?comment_id=18121715101584184,scraping_instagram,mohdandiiiiiii_,hadeh
18104826026064138,2026-05-22T11:03:17+00:00,1,https://www.instagram.com/p/DYomtlKARQQ/,https://www.instagram.com/p/DYomtlKARQQ/?comment_id=18104826026064138,scraping_instagram,jundelahmed_,blok
18165010129434433,2026-05-22T09:20:33+00:00,4,https://www.instagram.com/p/DYomtlKARQQ/,https://www.instagram.com/p/DYomtlKARQQ/?comment_id=18165010129434433,scraping_instagram,resmiati93,"Banyak sppg yg lolosin susu rasa rasa, nakal mereka ><"
18112818100891122,2026-05-22T09:39:21+00:00,4,https://www.instagram.com/p/DYomtlKARQQ/,https://www.instagram.com/p/DYomtlKARQQ/?comment_id=18112818100891122,scraping_instagram,silvan.yogi,sarang² korup disini nih BGN
18422005402131547,2026-05-22T10:57:12+00:00,1,https://www.instagram.com/p/DYomtlKARQQ/,https://www.instagram.com/p/DYomtlKARQQ/?comment_id=18422005402131547,scraping_instagram,mariasixma,Yakin? Sebelum ini aja kasih susu yg kandungan susu sapinya aja ga 100%.. masyarakat dah pinter.. akal2an korup..
17925503817341818,2026-05-25T02:32:37+00:00,0,https://www.instagram.com/p/DYomtlKARQQ/,https://www.instagram.com/p/DYomtlKARQQ/?comment_id=17925503817341818,scraping_instagram,sppgindihiang007,"Coba min dan para pemangku kebijakan MBG,  susu apa yg aman diminum usia balita 6-12 bulan ??😆 Lalu sudah difikirkan belum bagaimana alur setiap balita diberikan susu berdasarkan rekomendasi dokter ?"
17890283541504990,2026-05-25T02:31:02+00:00,0,https://www.instagram.com/p/DYomtlKARQQ/,https://www.instagram.com/p/DYomtlKARQQ/?comment_id=17890283541504990,scraping_instagram,baharuddinwirahma,@bukanpendudukbumi
17988127802992961,2026-05-24T23:03:44+00:00,0,https://www.instagram.com/p/DYomtlKARQQ/,https://www.instagram.com/p/DYomtlKARQQ/?comment_id=17988127802992961,scraping_instagram,mas.tatag,Ngeles
18095823848236004,2026-05-24T12:06:43+00:00,0,https://www.instagram.com/p/DYomtlKARQQ/,https://www.instagram.com/p/DYomtlKARQQ/?comment_id=18095823848236004,scraping_instagram,uniforminspo,si penting
18097117589154459,2026-05-24T12:05:31+00:00,0,https://www.instagram.com/p/DYomtlKARQQ/,https://www.instagram.com/p/DYomtlKARQQ/?comment_id=18097117589154459,scraping_instagram,uniforminspo,bubar nyed
17992178435966570,2026-05-24T11:36:07+00:00,0,https://www.instagram.com/p/DYomtlKARQQ/,https://www.instagram.com/p/DYomtlKARQQ/?comment_id=17992178435966570,scraping_instagram,the_katrok,Minim gizinya. Beneran ga sebanding dengan anggarannya 😂
18011733461889089,2026-05-24T10:46:16+00:00,0,https://www.instagram.com/p/DYomtlKARQQ/,https://www.instagram.com/p/DYomtlKARQQ/?comment_id=18011733461889089,scraping_instagram,ristafebs,Kalo mau kasih susu merk ULTRA MILK aja yg kandungan 100% susu murni paak.
18098277386120113,2026-05-24T08:24:11+00:00,0,https://www.instagram.com/p/DYomtlKARQQ/,https://www.instagram.com/p/DYomtlKARQQ/?comment_id=18098277386120113,scraping_instagram,_diarylina,Heran paadahal ada Kemenkes tapi kenapa semua mua harus aturan BGN ya ? 🤔 Belum tentu orang orang yg di BGN ini nakes kan
18079008374404674,2026-05-24T07:37:35+00:00,0,https://www.instagram.com/p/DYomtlKARQQ/,https://www.instagram.com/p/DYomtlKARQQ/?comment_id=18079008374404674,scraping_instagram,nurdwiw,"Ngomong di atas kertas bisa, tapi detail kriteria khusus dll seenak yang megang. Kalian ini mempekerjakan ahli gizi beneran didenger atau cuma buat ngisi profil aja sebenernya."
18022092179666128,2026-05-24T05:22:05+00:00,0,https://www.instagram.com/p/DYomtlKARQQ/,https://www.instagram.com/p/DYomtlKARQQ/?comment_id=18022092179666128,scraping_instagram,fact.masyarakat,"Buseng sampe kapanpun program mbg 
 bakal banyak kritik ga ada adem2nya,"
18078744041216331,2026-05-24T05:21:07+00:00,0,https://www.instagram.com/p/DYomtlKARQQ/,https://www.instagram.com/p/DYomtlKARQQ/?comment_id=18078744041216331,scraping_instagram,fact.masyarakat,"Buseng sampe kapanpun program mbg  bakal banyak kritik ga ada adem2nya,"
18394901773085103,2026-05-24T04:53:56+00:00,0,https://www.instagram.com/p/DYomtlKARQQ/,https://www.instagram.com/p/DYomtlKARQQ/?comment_id=18394901773085103,scraping_instagram,arbipamngks,Bafoya
18103660133290515,2026-05-24T04:53:53+00:00,0,https://www.instagram.com/p/DYomtlKARQQ/,https://www.instagram.com/p/DYomtlKARQQ/?comment_id=18103660133290515,scraping_instagram,arbipamngks,Bagi yang
18176853055405324,2026-05-24T04:52:11+00:00,0,https://www.instagram.com/p/DYomtlKARQQ/,https://www.instagram.com/p/DYomtlKARQQ/?comment_id=18176853055405324,scraping_instagram,raymond.ucup,@official.kpk @bpkriofficial @kejaksaan.ri payah loyo 😂😂
18594863320037016,2026-05-24T04:01:01+00:00,0,https://www.instagram.com/p/DYomtlKARQQ/,https://www.instagram.com/p/DYomtlKARQQ/?comment_id=18594863320037016,scraping_instagram,koolzcitten,lakok pas sosialisasi se itu ada mencakup b3 ya 🫪
17968442112063738,2026-05-24T03:40:24+00:00,0,https://www.instagram.com/p/DYomtlKARQQ/,https://www.instagram.com/p/DYomtlKARQQ/?comment_id=17968442112063738,scraping_instagram,rahidsabrinaa,"Ngga usah ngide lah.. ujung""nya di KORUP"
17873816526611911,2026-05-24T03:10:06+00:00,0,https://www.instagram.com/p/DYomtlKARQQ/,https://www.instagram.com/p/DYomtlKARQQ/?comment_id=17873816526611911,scraping_instagram,setan_tertawa9911,Naikkan insentif PIC
18192396703369727,2026-05-24T03:05:49+00:00,0,https://www.instagram.com/p/DYomtlKARQQ/,https://www.instagram.com/p/DYomtlKARQQ/?comment_id=18192396703369727,scraping_instagram,fenno.frad,"Saran dari aku, dulu aku pagi jarang sekali makan dari rumah.  Tapi ibuku selalu siapkan donat dan susu.  Memakan donat dan susu emanglah tidak mengenyangkan tetapi gizinya masih cocok untuk dibawa tempur belajar. Agar perut tidak kosong, dan pikiran tetap stabil dalam belajar. Mungkin untuk anak TK/PAUD dan SD kelas 1-4 boleh dikasih donat+susu aja. Soalnya kalau makanan basah, kadang susah anak masih kecil terkadang perutnya tidak menerima dengan baik yang mengakibatkan mules.."
17870324001525288,2026-05-24T00:56:44+00:00,1,https://www.instagram.com/p/DYomtlKARQQ/,https://www.instagram.com/p/DYomtlKARQQ/?comment_id=17870324001525288,scraping_instagram,uni_bdg,"Lah, susu u/ anak di bawah 2 tahun sebegitu ketatnya. Banyak loh bumil yg (Qodarullah), belum keluar ASI, atau hanya sedikit sekali, tidak cukup. Jadi perlu sufor. Perbaikan gizi dan stunting itu justru u/ anak2 dibawah 2 tahun utamanya. Bukan anak SD-SMA yg menghambur2kan dana. Bahkan u/ hal2 ga urgent kayak kaos kaki, semir sepatu, motor dll. Dasar BGN, pengen ngomong kasar 🤬."
17994615644957231,2026-05-24T00:15:41+00:00,1,https://www.instagram.com/p/DYomtlKARQQ/,https://www.instagram.com/p/DYomtlKARQQ/?comment_id=17994615644957231,scraping_instagram,diahsekar_h,6-24 bulan juga masih diberi ASI 🙃
17948138502177366,2026-05-23T22:26:33+00:00,0,https://www.instagram.com/p/DYomtlKARQQ/,https://www.instagram.com/p/DYomtlKARQQ/?comment_id=17948138502177366,scraping_instagram,rennoer,Pintar cari peluang untuk KORUPSI . Abis ini apalagi ??? BISKUIT LANSIA ???
18078688454201969,2026-05-23T20:09:43+00:00,0,https://www.instagram.com/p/DYomtlKARQQ/,https://www.instagram.com/p/DYomtlKARQQ/?comment_id=18078688454201969,scraping_instagram,sekarkeymuning8,"Pak ngasih susu untk ank"" skolh aj msh blm bner .. mau nambah ngrusin bayi' udh lah pak bayi 0-24bln biar diurus emak BPK.a aj,, g ush ikut campur,,"
18070689515482180,2026-05-23T19:22:15+00:00,0,https://www.instagram.com/p/DYomtlKARQQ/,https://www.instagram.com/p/DYomtlKARQQ/?comment_id=18070689515482180,scraping_instagram,ssgia_r,LU TUH SEMUA KERJA NYA ENGGA BECUS TERUTAMA KETUA MBG BUKAN NYE MANTAU KINERJA MALAH BAHAS PENGELUARAN ANGGARAN NEGARA BUAT MBG PARA BEBAN NEGARA
17907210357240727,2026-05-23T15:09:27+00:00,0,https://www.instagram.com/p/DYomtlKARQQ/,https://www.instagram.com/p/DYomtlKARQQ/?comment_id=17907210357240727,scraping_instagram,rahmaawardani,Yang waras ya jangan diplintir
18065486465406074,2026-05-23T15:07:44+00:00,0,https://www.instagram.com/p/DYomtlKARQQ/,https://www.instagram.com/p/DYomtlKARQQ/?comment_id=18065486465406074,scraping_instagram,agus78439,Kalau bisa ka sppg itu harus tau f&b kataya kepala dapur tapi ndak tau dapur iru gmn dlongap dlongop
18095540054153591,2026-05-23T14:36:07+00:00,0,https://www.instagram.com/p/DYomtlKARQQ/,https://www.instagram.com/p/DYomtlKARQQ/?comment_id=18095540054153591,scraping_instagram,yulyanitri,"Min Anakku 4 th dapet MBG balita udah 2x ini menu nya pedes mana pake cabe setan😭, ya akhirnya gak kemakan sama anakku,saya udah ngadu ke kadernya tapi menu selalu disama ratakan cuma beda porsi kecil buat balita dan porsi besar buat yg busui, bukannya gak bersyukur,tapi kan percuma gak sesuai sasaran..ujung-ujungnya buang-buang anggaran doang,"
18395057482085753,2026-05-23T10:43:46+00:00,0,https://www.instagram.com/p/DYomtlKARQQ/,https://www.instagram.com/p/DYomtlKARQQ/?comment_id=18395057482085753,scraping_instagram,rmdndimaas,Satuan Penjilat @prabowo @gibran_rakabuming 🔥
18164541766431907,2026-05-23T10:33:21+00:00,1,https://www.instagram.com/p/DYomtlKARQQ/,https://www.instagram.com/p/DYomtlKARQQ/?comment_id=18164541766431907,scraping_instagram,snhakiki,"Pak saya kerja bantuin pasien2 kanker anak yg seringnya dari kalangan tidak mampu, buat susu itu mereka harus ada indikasi dan resep dari dokter, dan dibeli sesuai resep itu. Pak inimah di kondisi normal aja kadang gak semua merek susu tersedia, udah mana harganya mahal. Masa mau dibikin program ginian lagi sih pak? Kasian pak pasien2 itu pak, susu formula kan juga ada pehitungan gizi dan indikasinya pak. Tolong pertimbangkan pak"
18083272076638402,2026-05-23T10:09:20+00:00,0,https://www.instagram.com/p/DYomtlKARQQ/,https://www.instagram.com/p/DYomtlKARQQ/?comment_id=18083272076638402,scraping_instagram,kanianurjanah_,"saya Ibu hamil yang bekerja, saya tidak bisa datang untuk membawa MBG lalu saya minta diwakilkan oleh Ibu saya. Namun Oknum kader MBG tidak memberikan HAK saya dengan alasan harus saya langsung yang mengambil jatah MBG saya.
Apakah salah jika Ibu hamil yang bekerja mengambil jatah MBG? Bukankah MBG itu hak semua Ibu hamil se Indonesia. Mohon keadilannya Terimakasih"
18085708847089215,2026-05-23T10:03:37+00:00,0,https://www.instagram.com/p/DYomtlKARQQ/,https://www.instagram.com/p/DYomtlKARQQ/?comment_id=18085708847089215,scraping_instagram,7deadlyxsins666,"tolong hargai perjuangan ibu ibu di indonesia yang rela makan makanan bergizi (YANG JELAS BUKAN MBG) untuk ASI, jangan berkelit nantinya ""sufor akan disandingkan blablabla"" jujur udah basi, tolong lebih ditinjau lagi dengan melibatkan dokter, ahli gizi, dan tenaga kesehatan (BUKAN AHLI SERANGGA). menggelontorkan dana sebegitu banyaknya bisa jadi lahan bisnis dalam forum. mau sampe kapan? indonesia gak akan maju kalo kalian semua TONE DEAF. jadikan kesehatan dan pendidikan sebagai prioritas utama, bukan tambahan."
17891142315477145,2026-05-23T09:23:41+00:00,0,https://www.instagram.com/p/DYomtlKARQQ/,https://www.instagram.com/p/DYomtlKARQQ/?comment_id=17891142315477145,scraping_instagram,nengalitta,"Elu ya.. si Dadan aja ngomong bakal motong ribuan sapi buat dibagiin, realitanya ga semua sekolah dapet tuh si daging sapi. Katanya dapet lele, yang dikasih lele mentah. Otaknya pada berfungsi ga?? Sekarang, Lo pikir rakyat bakal percaya sama narasi Lo yang sekarang?"
17929918929293280,2026-05-23T07:12:33+00:00,0,https://www.instagram.com/p/DYomtlKARQQ/,https://www.instagram.com/p/DYomtlKARQQ/?comment_id=17929918929293280,scraping_instagram,intanriia,Halah-halahhh 😌🥲😭🫵🏻
18119394574600280,2026-05-23T06:54:22+00:00,0,https://www.instagram.com/p/DYomtlKARQQ/,https://www.instagram.com/p/DYomtlKARQQ/?comment_id=18119394574600280,scraping_instagram,heldo_oke,MBG itu program politis yg bkn murni kerakyatan.. 🔥🔥
17920983723143457,2026-05-23T06:42:34+00:00,0,https://www.instagram.com/p/DYomtlKARQQ/,https://www.instagram.com/p/DYomtlKARQQ/?comment_id=17920983723143457,scraping_instagram,parcel.twins.jambi,Susu formula yg di sarani doktr anak krm ada imdikasi aja sering gak cocok sm anak anak hrus teliti bgt...ni mau dibuat program sufor plaaaa😢😢
17965371872914418,2026-05-23T06:14:43+00:00,0,https://www.instagram.com/p/DYomtlKARQQ/,https://www.instagram.com/p/DYomtlKARQQ/?comment_id=17965371872914418,scraping_instagram,hilmykhairii,SAMPAH!!!!!
18405181816145875,2026-05-23T06:13:49+00:00,0,https://www.instagram.com/p/DYomtlKARQQ/,https://www.instagram.com/p/DYomtlKARQQ/?comment_id=18405181816145875,scraping_instagram,ksy_nviii,Emang sekarang intervensi gizi tertentu lewat BGN yaa?? Terus kriteria penerimanya apa?? Nyatanya di lapangan semua dibagiin secara rata?? Monitoringnya gimana nihh??
17952009687150083,2026-05-23T05:14:03+00:00,0,https://www.instagram.com/p/DYomtlKARQQ/,https://www.instagram.com/p/DYomtlKARQQ/?comment_id=17952009687150083,scraping_instagram,david_rezasyah,"Mending jangan adakan MBG, hentikan. Karena untuk makan masih mampu kalo mau gizi khusus aja untuk panti atau yang di jalanan jangan yang mampu di kasih makan gratis."
18394122826089326,2026-05-23T04:40:18+00:00,0,https://www.instagram.com/p/DYomtlKARQQ/,https://www.instagram.com/p/DYomtlKARQQ/?comment_id=18394122826089326,scraping_instagram,sigittt_andriawannn,SPPG(Satuan Penjilat Prabowo Gibran)
17868393519619768,2026-05-23T04:17:36+00:00,0,https://www.instagram.com/p/DYomtlKARQQ/,https://www.instagram.com/p/DYomtlKARQQ/?comment_id=17868393519619768,scraping_instagram,umatrosul25,@badangizinasional.ri sekolah kami dapat susu 125ml 2 minggu sekali
17954563443160579,2026-05-23T03:37:18+00:00,0,https://www.instagram.com/p/DYomtlKARQQ/,https://www.instagram.com/p/DYomtlKARQQ/?comment_id=17954563443160579,scraping_instagram,ri2_wulandari,"Klo memang mempedomani PP 28/2024, harusnya @badangizinasional.ri faham bahwa pemberian ASI dilanjutkan sampai dengan 2 tahun. Penggunaan susu formula pada bayi harus dengan indikasi medis yg ranah kewenangannya di dokter, setiap anak punya kebutuhan yg berbeda (gak bisa dihantem sama 1 merk susu!). Tolong lah fokus ke pemenuhan gizi pendamping ASI dari produk real food. Lagian buat usia lain pun, skrg tuh udah ada konsep gizi seimbang loh, ini malah kayak balik ke konsep 4 sehat 5 sempurna 😤"
18204507037344939,2026-05-23T03:16:06+00:00,0,https://www.instagram.com/p/DYomtlKARQQ/,https://www.instagram.com/p/DYomtlKARQQ/?comment_id=18204507037344939,scraping_instagram,titiesdps,Udah ketemu sama @idai_ig belum lu? 😒
17938953018249855,2026-05-23T02:43:58+00:00,0,https://www.instagram.com/p/DYomtlKARQQ/,https://www.instagram.com/p/DYomtlKARQQ/?comment_id=17938953018249855,scraping_instagram,pra_tamatian,maunya dadan botak apa dah??? mau di santet?
17928467076312143,2026-05-23T02:41:05+00:00,5,https://www.instagram.com/p/DYomtlKARQQ/,https://www.instagram.com/p/DYomtlKARQQ/?comment_id=17928467076312143,scraping_instagram,mitha_dietisien,Kenapa sekarang semua mua yang ngatur BGN? Apa BGN sekarang jadi superbody di Indonesia?
18094089107239902,2026-05-23T02:15:20+00:00,0,https://www.instagram.com/p/DYomtlKARQQ/,https://www.instagram.com/p/DYomtlKARQQ/?comment_id=18094089107239902,scraping_instagram,nasoutfit_magetan,Mbg untuk 8 bulan tidak kemakan karna tekstur nya tidak pas untuk anak 8 bulan
18099580648878078,2026-05-23T01:26:15+00:00,0,https://www.instagram.com/p/DYomtlKARQQ/,https://www.instagram.com/p/DYomtlKARQQ/?comment_id=18099580648878078,scraping_instagram,elin_majid,ketika harta dan tahta sebagai acuan hidup akal sehat pun hilang dari semua ajaran religi TIDAK ADA akhlam. @prabowo @gerindra
18003708407744966,2026-05-23T00:37:34+00:00,0,https://www.instagram.com/p/DYomtlKARQQ/,https://www.instagram.com/p/DYomtlKARQQ/?comment_id=18003708407744966,scraping_instagram,tatuismaia,"STOP MBG aja, mending kasih duitnya ke ortu/wali masing-masing. Dari pada program MBG, Dananya ngabisin pengeluaran lain-lain yg tidak masuk akal contohnya pengadaan kaos kaki 😂"
18020190653840065,2026-05-23T00:30:29+00:00,0,https://www.instagram.com/p/DYomtlKARQQ/,https://www.instagram.com/p/DYomtlKARQQ/?comment_id=18020190653840065,scraping_instagram,novi.asty,"Kemarin anakku TK mbgnya cm kek gini, GK kemakan dibuang semua.. KC ijo kurang Tanak, roti tawar itu satu slice 600 perak, kuah KC ijo manis buanget tinggi gula, apel kecil keras kecut..payah"
17937125520238729,2026-05-23T00:27:36+00:00,0,https://www.instagram.com/p/DYomtlKARQQ/,https://www.instagram.com/p/DYomtlKARQQ/?comment_id=17937125520238729,scraping_instagram,infinityran_,"Kalo nggak dibagikan secara massal brarti bakal ada assesmen dulu dari dokter min? Dicari tahu dulu balita mana yang butuh formula dan tidak? Yakin bakal begitu? Kalo begitu, nanti bakal ada monev juga soalnya kalo kondisi udah membaik bakal dihentikan kan harusnya fokus lagi ke ASI dan sumber protein lain juga. Tapi kalo akhirnya nanti semua balita tetep dapet, artinya dibagiin masal dong min. Soalnya di UU ada dijelasin pelarangan nakes memberikan susu formula🫠nakes aja dilarang bagiin, kok dijadiin program min. Kalau kayak gitu kenapa ga balita yang butuh, dirujuk ke puskesmas/rs aja, dikasih intervensi di sana biar lebih terarah (sufor pun kalo memang perlu dibagiin lewat layanan kesehatan aja)😔🙏kenapa ga gitu aja"
17928914628297978,2026-05-23T00:02:21+00:00,0,https://www.instagram.com/p/DYomtlKARQQ/,https://www.instagram.com/p/DYomtlKARQQ/?comment_id=17928914628297978,scraping_instagram,yusaktotok,Kalau di tempatku tahun 2014 s.d. 2024. Ibu hamil diberi makan bergizi full selama 1000 hari pake dana APBD. ibu hamil datang ke posyandu setiap hari. Sampai anak umur 2 tahun..
17999882408942093,2026-05-22T23:28:54+00:00,0,https://www.instagram.com/p/DYomtlKARQQ/,https://www.instagram.com/p/DYomtlKARQQ/?comment_id=17999882408942093,scraping_instagram,yolo_insi,Instansi yang satu ini selalu difensif banget ya ? 😂😂😂 serem anjirr
17907120888243241,2026-05-22T23:23:01+00:00,37,https://www.instagram.com/p/DYomtlKARQQ/,https://www.instagram.com/p/DYomtlKARQQ/?comment_id=17907120888243241,scraping_instagram,mellameifita,"Coba dong jelasin gimana maksudnya kalimat2 ini :
1. Opsi Intervensi Gizi Tertentu?
2. Kriteria Teknis dan Indikasi Medis Ketat, APA?? apa indikasinya? gimana BGN nentuinnya coba?
3. Ditentukan oleh tenaga kesehatan/dokter?? siapa? dokter mana?? coba coba gimana caranya BGN bagiin susu ke balita???

Biasanya kan dokter beda2 tuh takaranya per balita per masalah gizinya per berat badannya.. COBA COBA GIMANA BGN BAGIINYA KALO BEDA2 TAKARAN GINI??
mau tau banget nih soalnya biar gak dikira SUUDZON"
18153109042485841,2026-05-22T22:53:58+00:00,0,https://www.instagram.com/p/DYomtlKARQQ/,https://www.instagram.com/p/DYomtlKARQQ/?comment_id=18153109042485841,scraping_instagram,yunitaeka01,Ini orang2 yg bekerja disini baca setiap komen gaksih?
18005647025739557,2026-05-22T21:34:40+00:00,0,https://www.instagram.com/p/DYomtlKARQQ/,https://www.instagram.com/p/DYomtlKARQQ/?comment_id=18005647025739557,scraping_instagram,uu_uum16,Ini kepala BGN nya masih jadulkah??? Knp memprioritaskan susu? Sekarang itu uda mencakup isi piring ku susu sudah tdk diwajibkan.. coba diliat komposisi susunya gulanya brpa bnyak? Dipikir2 lagi deh ini untuk kepentingan indonesia atau keuntungan kalian semata yg dimana proyek susunya lebih besar dibnding mkanan protein lain?  Berpikir dampak pnjangnya loh klo balita batita uda dpt susu formula gmna nti gdenya 😢😢 klian yg kaya tpi rakyat yg sengsara
17963792948991622,2026-05-22T21:25:12+00:00,0,https://www.instagram.com/p/DYomtlKARQQ/,https://www.instagram.com/p/DYomtlKARQQ/?comment_id=17963792948991622,scraping_instagram,steventrie,Ada pemeriksaan oleh dokter dulu gak? Trus rekomendasi dari dokter gak? Buang2 duit mulu nih bgn
17976615636043939,2026-05-22T21:05:57+00:00,0,https://www.instagram.com/p/DYomtlKARQQ/,https://www.instagram.com/p/DYomtlKARQQ/?comment_id=17976615636043939,scraping_instagram,mochrivahandriana,"Mohon maaf pa, 4 sehat 5 sempurna (tambahan susu) itu PEDOMAN GIZI JADUL, sekarang udah ke PEDOMAN GIZI SEIMBANG(ISI PIRINGKU) , coba jadikan landasan bikin aturan dari situ, jadi dikit dikit ga langsung lari ke susu."
18144051850450802,2026-05-22T17:45:14+00:00,0,https://www.instagram.com/p/DYomtlKARQQ/,https://www.instagram.com/p/DYomtlKARQQ/?comment_id=18144051850450802,scraping_instagram,centraljamur_medan,"Ada lagi susu kotak khussus mbg,  nma mereknya susu anak sekolah"
17996051465777202,2026-05-22T16:35:12+00:00,0,https://www.instagram.com/p/DYomtlKARQQ/,https://www.instagram.com/p/DYomtlKARQQ/?comment_id=17996051465777202,scraping_instagram,antanasena,Semua komentar NEGATIF tolonh di lihat minn adminnnnnn
18092516777090647,2026-05-22T15:52:23+00:00,0,https://www.instagram.com/p/DYomtlKARQQ/,https://www.instagram.com/p/DYomtlKARQQ/?comment_id=18092516777090647,scraping_instagram,ashilaghina,💔💔💔💔💔 stopp !! Please stopp
18080584070559228,2026-05-22T15:41:23+00:00,0,https://www.instagram.com/p/DYomtlKARQQ/,https://www.instagram.com/p/DYomtlKARQQ/?comment_id=18080584070559228,scraping_instagram,chand_giovani03,Awass susu beracun😂😂
18193139275369589,2026-05-22T15:33:17+00:00,0,https://www.instagram.com/p/DYomtlKARQQ/,https://www.instagram.com/p/DYomtlKARQQ/?comment_id=18193139275369589,scraping_instagram,nathannieell,coba jelasin aja 800juta buat pengelolaan opini publik alias BUZZERRRRR WKWKWKWK TOLOL😂😂😂😂😂 @call.bgn
18087775880617639,2026-05-22T15:32:13+00:00,0,https://www.instagram.com/p/DYomtlKARQQ/,https://www.instagram.com/p/DYomtlKARQQ/?comment_id=18087775880617639,scraping_instagram,nathannieell,bacot lu mbg taik
18083608025114218,2026-05-22T15:08:04+00:00,0,https://www.instagram.com/p/DYomtlKARQQ/,https://www.instagram.com/p/DYomtlKARQQ/?comment_id=18083608025114218,scraping_instagram,jeannyaprianda,Pernyataan dan di lapangan ga sinkron 🤏🏻
18137296552546235,2026-05-22T15:05:41+00:00,0,https://www.instagram.com/p/DYomtlKARQQ/,https://www.instagram.com/p/DYomtlKARQQ/?comment_id=18137296552546235,scraping_instagram,maryaulfah11,Alhamdulillah direvisi
18093025895190746,2026-05-22T14:54:27+00:00,0,https://www.instagram.com/p/DYomtlKARQQ/,https://www.instagram.com/p/DYomtlKARQQ/?comment_id=18093025895190746,scraping_instagram,duhh_masfajar_,TOLOL ASU
18141976822506549,2026-05-22T14:44:31+00:00,35,https://www.instagram.com/p/DYomtlKARQQ/,https://www.instagram.com/p/DYomtlKARQQ/?comment_id=18141976822506549,scraping_instagram,hengki.alfha,Brand SUSU SEKOLAH kandungan SUSU MURNINYA cuma 30% selebihnya AIR. Pemenuhan GIZI MACAM APA ITU woiii
18124779310617707,2026-05-22T14:42:55+00:00,0,https://www.instagram.com/p/DYomtlKARQQ/,https://www.instagram.com/p/DYomtlKARQQ/?comment_id=18124779310617707,scraping_instagram,aris.m28,Cair cair
18006998699863535,2026-05-22T13:51:56+00:00,0,https://www.instagram.com/p/DYomtlKARQQ/,https://www.instagram.com/p/DYomtlKARQQ/?comment_id=18006998699863535,scraping_instagram,ar_rahman_temanggung,"MBG kenapa harus pakai SPPG?
Padahal bisa lsg ke UMKM catering. 
15 rb lsg ke umkm dapat makanan lebih GIZI & Fresh.
Ya karena tdk bisa di ambil duit nya oleh KRONI2. 
Peduli UMKM dan KORUPSI hanya OMON2."
17858684913638885,2026-05-22T13:26:59+00:00,0,https://www.instagram.com/p/DYomtlKARQQ/,https://www.instagram.com/p/DYomtlKARQQ/?comment_id=17858684913638885,scraping_instagram,ivangaviotafridata,"Distribusinya menggunakan SPPG, Posyandu, Puskesmas, atau rumah sakit? Jika lewat SPPG, berarti tupoksinya sudah berubah, intervensi seperti ini ngelangkahi dokter. ASI Eksklusif diberikan minimal hingga 2 Tahun atau 24 bulan, kecuali atas rekomendasi dokter baru boleh menggunakan susu formula. Tidak ada dokter atau ahli gizi yang terlibat di pimpinan BGN kan ya?"
18080202161440170,2026-05-22T13:21:14+00:00,0,https://www.instagram.com/p/DYomtlKARQQ/,https://www.instagram.com/p/DYomtlKARQQ/?comment_id=18080202161440170,scraping_instagram,risnaputriana,Blunder🤦🏻‍♀️🤦🏻‍♀️
18121781899646857,2026-05-22T13:15:20+00:00,0,https://www.instagram.com/p/DYomtlKARQQ/,https://www.instagram.com/p/DYomtlKARQQ/?comment_id=18121781899646857,scraping_instagram,nitha_rustanti,Cen angel kandanane 😤
18444913717139320,2026-05-22T13:07:07+00:00,0,https://www.instagram.com/p/DYomtlKARQQ/,https://www.instagram.com/p/DYomtlKARQQ/?comment_id=18444913717139320,scraping_instagram,bakhtiar_dwinugroho,Kita lihat aja sampai ke penerima manfaat bentuknya gimana😂
17976740661030522,2026-05-22T13:01:56+00:00,0,https://www.instagram.com/p/DYomtlKARQQ/,https://www.instagram.com/p/DYomtlKARQQ/?comment_id=17976740661030522,scraping_instagram,ichs.an_21,Intinya Embege progam g guna 🙌
18128965162593725,2026-05-22T13:01:24+00:00,0,https://www.instagram.com/p/DYomtlKARQQ/,https://www.instagram.com/p/DYomtlKARQQ/?comment_id=18128965162593725,scraping_instagram,ewing_halland,"Jika ingin merusak suatu bangsa, rusak lah para generasi penerusnya. Begitu katanya mah."
17968677216059683,2026-05-22T12:34:29+00:00,1,https://www.instagram.com/p/DYomtlKARQQ/,https://www.instagram.com/p/DYomtlKARQQ/?comment_id=17968677216059683,scraping_instagram,svtri_ii,"Mbg di tempatku kadang susu dikasih susu sekolah buahnya gk pernah berpaling dari semangka melon anggur jeruk jeruk aja kadang blm mateng kalo mbg Senin kamis pun malah dikasih taso dimsum donat meses roti pizza""an itukah makanan sehat?"
17889450120521366,2026-05-22T12:27:19+00:00,6,https://www.instagram.com/p/DYomtlKARQQ/,https://www.instagram.com/p/DYomtlKARQQ/?comment_id=17889450120521366,scraping_instagram,oohceyee,Min tolong dong jangan tutup mata atau diem aja. Saya mau lapor ada SPPG di RT saya yg dimana ini komplek perumahan bukan tempat usaha segede SPPG. Karyawannya berisik dari pagi sampai tengah malam dan menganggu jalan parkir mobilnya. Saya mau membuat aduan tp apakah akan direspon?
18127862659609596,2026-05-22T12:25:21+00:00,0,https://www.instagram.com/p/DYomtlKARQQ/,https://www.instagram.com/p/DYomtlKARQQ/?comment_id=18127862659609596,scraping_instagram,kangmasnul,Doktrin macam apa nih Cuks....
18099889910012201,2026-05-22T12:19:36+00:00,0,https://www.instagram.com/p/DYomtlKARQQ/,https://www.instagram.com/p/DYomtlKARQQ/?comment_id=18099889910012201,scraping_instagram,amalianursadiah,UANGNYA MENDING DIPAKE BUAT YANG BERMANFAAT JANGAN DIPAKE MBG
18117781675767494,2026-05-22T12:01:47+00:00,1,https://www.instagram.com/p/DYomtlKARQQ/,https://www.instagram.com/p/DYomtlKARQQ/?comment_id=18117781675767494,scraping_instagram,amyismaya,"Kenapa MBG untuk bayi kok sama dengan MBG untuk balita? Ini bayi disuruh makan nasi dan semur telur, burger, tahu tempe goreng?"
18077003831225463,2026-05-22T11:58:35+00:00,0,https://www.instagram.com/p/DYomtlKARQQ/,https://www.instagram.com/p/DYomtlKARQQ/?comment_id=18077003831225463,scraping_instagram,bang._naga,STOP MBG
18082470935429364,2026-05-22T11:51:54+00:00,0,https://www.instagram.com/p/DYomtlKARQQ/,https://www.instagram.com/p/DYomtlKARQQ/?comment_id=18082470935429364,scraping_instagram,muhammad.divlnt,"Kebijakan yg tidak bijak,selalu buat hal"
18102135527079808,2026-05-22T11:49:52+00:00,0,https://www.instagram.com/p/DYomtlKARQQ/,https://www.instagram.com/p/DYomtlKARQQ/?comment_id=18102135527079808,scraping_instagram,_agungbudiraharjo,Badan gizi nasional tp meleset terus wkwk
18087127052373017,2026-05-22T11:48:35+00:00,3,https://www.instagram.com/p/DYomtlKARQQ/,https://www.instagram.com/p/DYomtlKARQQ/?comment_id=18087127052373017,scraping_instagram,_frxnslvya,Harusnya susu bumil jugaaa pake susu khusus buat bumil bukann dikasih susu indomilk kids Makasih. @badangizinasional.ri
18101195116917416,2026-05-22T11:43:50+00:00,0,https://www.instagram.com/p/DYomtlKARQQ/,https://www.instagram.com/p/DYomtlKARQQ/?comment_id=18101195116917416,scraping_instagram,dulcemariya12,BGN BADAN GARONG NEGARA
18374703760200083,2026-05-22T11:43:15+00:00,0,https://www.instagram.com/p/DYomtlKARQQ/,https://www.instagram.com/p/DYomtlKARQQ/?comment_id=18374703760200083,scraping_instagram,diannatalia08,Kebanyakan klarifikasi
18088574222178622,2026-05-22T11:40:09+00:00,0,https://www.instagram.com/p/DYomtlKARQQ/,https://www.instagram.com/p/DYomtlKARQQ/?comment_id=18088574222178622,scraping_instagram,mittaa_02,Ini serius mbg porsi 15rb pak... soale sangat janggal
18067613918345201,2026-05-22T11:35:57+00:00,0,https://www.instagram.com/p/DYomtlKARQQ/,https://www.instagram.com/p/DYomtlKARQQ/?comment_id=18067613918345201,scraping_instagram,mochr__,NPD
18125312230720972,2026-05-22T11:27:48+00:00,0,https://www.instagram.com/p/DYomtlKARQQ/,https://www.instagram.com/p/DYomtlKARQQ/?comment_id=18125312230720972,scraping_instagram,anb1_,Rakyat sudah lelah
18065952059701074,2026-05-22T11:19:24+00:00,0,https://www.instagram.com/p/DYomtlKARQQ/,https://www.instagram.com/p/DYomtlKARQQ/?comment_id=18065952059701074,scraping_instagram,rizkisrsrsr,"Cape klarifikasi terus, bisa ga sih kalau bikin program memang betul2 kajiannya bersama para ahli yang expert di bidangnya, agar ketika dipublish itu bikin kontroversi di masyarakat"
18583779673012627,2026-05-22T11:14:27+00:00,10,https://www.instagram.com/p/DYomtlKARQQ/,https://www.instagram.com/p/DYomtlKARQQ/?comment_id=18583779673012627,scraping_instagram,sofia_wahida,Dah lah bubar aja
17941992051211597,2026-05-22T11:12:05+00:00,0,https://www.instagram.com/p/DYomtlKARQQ/,https://www.instagram.com/p/DYomtlKARQQ/?comment_id=17941992051211597,scraping_instagram,beauty_dwiarum,"Alur rekomendasi dokter untuk pemberian susu lanjutan dan susu pertumbuhan pada kasus tertentu gimana nantinya? 
Apa ga lebih baik terkait itu jadi ranah Puskesmas saja yg memang sudah tempatnya data gizi masyarakat serta ada dokter, bidan dan ahli gizi (beneran) di setiap pkm? 
Kalo sppg bukannya better menangani yang sehat saja bukan penerima manfaat yang per masing masing individu perlu pemeriksaan dan rekomendasi dokter? terlalu riskan dan ga tepat sasaran."
18170820364418060,2026-05-22T11:06:23+00:00,0,https://www.instagram.com/p/DYomtlKARQQ/,https://www.instagram.com/p/DYomtlKARQQ/?comment_id=18170820364418060,scraping_instagram,m_ihsant17,Kalian Dzolim
18104826026064138,2026-05-22T11:03:17+00:00,1,https://www.instagram.com/p/DYomtlKARQQ/,https://www.instagram.com/p/DYomtlKARQQ/?comment_id=18104826026064138,scraping_instagram,jundelahmed_,blok
18422005402131547,2026-05-22T10:57:12+00:00,1,https://www.instagram.com/p/DYomtlKARQQ/,https://www.instagram.com/p/DYomtlKARQQ/?comment_id=18422005402131547,scraping_instagram,mariasixma,Yakin? Sebelum ini aja kasih susu yg kandungan susu sapinya aja ga 100%.. masyarakat dah pinter.. akal2an korup..
18318709054272826,2026-05-22T10:56:43+00:00,3,https://www.instagram.com/p/DYomtlKARQQ/,https://www.instagram.com/p/DYomtlKARQQ/?comment_id=18318709054272826,scraping_instagram,sarsus,Teknisnya gimana ya min? Apakah ada pemeriksaan dl oleh tenaga medis sebelum pembagian mbg?
18121715101584184,2026-05-22T10:46:31+00:00,1,https://www.instagram.com/p/DYomtlKARQQ/,https://www.instagram.com/p/DYomtlKARQQ/?comment_id=18121715101584184,scraping_instagram,mohdandiiiiiii_,hadeh
18071379416479379,2026-05-22T10:24:47+00:00,9,https://www.instagram.com/p/DYomtlKARQQ/,https://www.instagram.com/p/DYomtlKARQQ/?comment_id=18071379416479379,scraping_instagram,amal.afriandi,Pengadaan = cuan 💸
17920865172146272,2026-05-22T10:17:49+00:00,26,https://www.instagram.com/p/DYomtlKARQQ/,https://www.instagram.com/p/DYomtlKARQQ/?comment_id=17920865172146272,scraping_instagram,anggitarc_,Coba jelaskan bagaimana mengatur / alur rekomendasi dokter untuk pemberian susu lanjutan + susu pertumbuhan di usia balita yg nntinya akan dijadikan dasar masing-masing Sppg/dapur kepada penerima manfaat nya @badangizinasional.ri
18132454723573993,2026-05-22T09:50:45+00:00,1,https://www.instagram.com/p/DYomtlKARQQ/,https://www.instagram.com/p/DYomtlKARQQ/?comment_id=18132454723573993,scraping_instagram,rmdhn.1605,Mencoba cuci piring
17962613172065616,2026-05-22T09:45:07+00:00,4,https://www.instagram.com/p/DYomtlKARQQ/,https://www.instagram.com/p/DYomtlKARQQ/?comment_id=17962613172065616,scraping_instagram,indiradonat,Klo punya peraturan atau edaran berani upload donk di JDIHnya... Jgn cuma dibagiin ke SPPI aja... Takut dikritik apa gmn...
17867216934553901,2026-05-22T09:44:13+00:00,1,https://www.instagram.com/p/DYomtlKARQQ/,https://www.instagram.com/p/DYomtlKARQQ/?comment_id=17867216934553901,scraping_instagram,flaativon,hadeehhhh
18112818100891122,2026-05-22T09:39:21+00:00,4,https://www.instagram.com/p/DYomtlKARQQ/,https://www.instagram.com/p/DYomtlKARQQ/?comment_id=18112818100891122,scraping_instagram,silvan.yogi,sarang² korup disini nih BGN
18084651491386847,2026-05-22T09:35:30+00:00,1,https://www.instagram.com/p/DYomtlKARQQ/,https://www.instagram.com/p/DYomtlKARQQ/?comment_id=18084651491386847,scraping_instagram,rizkiibnurahmad_,@idai_ig
18042486407788683,2026-05-22T09:31:07+00:00,5,https://www.instagram.com/p/DYomtlKARQQ/,https://www.instagram.com/p/DYomtlKARQQ/?comment_id=18042486407788683,scraping_instagram,anak_bak21,"Tolong kaji ulang, dengan melibatkan dokter dan tenaga kesehatan serta menteri kesehatan. Dengan adanya mbg saja apbn kita sudah goyah jgn ditambah Bebani dgn program dan usulan tambah dgn produk seperti ini. Ayoo gunakan apbn ini utk hal yg lebih bermanfaat lagi saya tau tidak semua org diindonesia ini kategori ekonomi nya mampu namun jika pemerintah mau dan benar benar bekerja maka semua pasti bisa. Pendidikan,kesehatan,lapangan kerja,harga bahan pokok, itu jika bisa pemerintah memberikan kebijakan dgn mementingkan hal tersebut saya yakin para orangtua pasti bisa memenuhi urusan perut anak anaknya."
18141713443513263,2026-05-22T09:29:38+00:00,0,https://www.instagram.com/p/DYomtlKARQQ/,https://www.instagram.com/p/DYomtlKARQQ/?comment_id=18141713443513263,scraping_instagram,jurmiah17__,Mohon ya untuk korcam yg TOA kembalikan ke wilayah asal nya secepatnya . Karena kerja nya jdi double sama sama penting soal nya mohon ikuti arahan dari zoom kemaren bahwa yg bertugas sebagai korcam tidak boleh ada yg TOA
18081262844544345,2026-05-22T09:21:07+00:00,5,https://www.instagram.com/p/DYomtlKARQQ/,https://www.instagram.com/p/DYomtlKARQQ/?comment_id=18081262844544345,scraping_instagram,masgee.rardus,Dadan mana dadan???
18165010129434433,2026-05-22T09:20:33+00:00,4,https://www.instagram.com/p/DYomtlKARQQ/,https://www.instagram.com/p/DYomtlKARQQ/?comment_id=18165010129434433,scraping_instagram,resmiati93,"Banyak sppg yg lolosin susu rasa rasa, nakal mereka ><"
18022912916807891,2026-05-22T09:14:39+00:00,1,https://www.instagram.com/p/DYomtlKARQQ/,https://www.instagram.com/p/DYomtlKARQQ/?comment_id=18022912916807891,scraping_instagram,mrezakurniaa,"Terima saja susunya dari program MBG, trus buang aja susunya jgn dipake. Ortu pakai susu Asi saja utk bayinya, beress"
18422260264122754,2026-05-22T09:11:32+00:00,1,https://www.instagram.com/p/DYomtlKARQQ/,https://www.instagram.com/p/DYomtlKARQQ/?comment_id=18422260264122754,scraping_instagram,eliafajrin,Pret lah mjn
18174880099408999,2026-05-22T09:04:40+00:00,6,https://www.instagram.com/p/DYomtlKARQQ/,https://www.instagram.com/p/DYomtlKARQQ/?comment_id=18174880099408999,scraping_instagram,nurul_nurayyahya,Saya sebagai ibu balita malah was was ... Takut anak kebagian susu...😂
17969372130107079,2026-05-22T08:58:05+00:00,1,https://www.instagram.com/p/DYomtlKARQQ/,https://www.instagram.com/p/DYomtlKARQQ/?comment_id=17969372130107079,scraping_instagram,mamameeraa,Nauzubillah
18104630941788187,2026-05-22T08:49:24+00:00,46,https://www.instagram.com/p/DYomtlKARQQ/,https://www.instagram.com/p/DYomtlKARQQ/?comment_id=18104630941788187,scraping_instagram,anggi_manggii,"Udahlah min, susu ga usah dimasukin daftar......... Budget susu bisa buat beli lauk prohe lain yg lbh banyak jumlah proteinnya, contoh dg uang 3 atau 4rb dapet itu ayam 100g dg protein 25 gram. Kalsium buat anak2 skolah udahlah kasih aja tablet laktat kek bumil di puskesmas, jangan boros2 plissssss biar bisa saving, iyaaa ga sih 🥲"
18203164981359256,2026-05-22T08:49:20+00:00,12,https://www.instagram.com/p/DYomtlKARQQ/,https://www.instagram.com/p/DYomtlKARQQ/?comment_id=18203164981359256,scraping_instagram,spageti_ur,"Msh ada pikirannya pake susu. Kok kolot ya BGN, apa msh pake panduan 4 Sehat 5 Sempurna? Bkan Panduan Gizi Seimbang? Yg diperluin untuk penanganan stunting itu protein hewani, ya ga hrs dari susu. Lgian mayoritas org Indonesia itu intoleran thdp laktosa."
18137180431538974,2026-05-22T08:47:53+00:00,72,https://www.instagram.com/p/DYomtlKARQQ/,https://www.instagram.com/p/DYomtlKARQQ/?comment_id=18137180431538974,scraping_instagram,bimbimbap721,"lagian kenapa bergantung amat sama susu? kaya gada protein lain aja sampe impor sapi dari luar negeri segala, sampe dibikinin juknis KHUSUS SUSU DOANG LOH, kalo susu adalah protein hewani yg se ‘penting’ itu kenapa ga sekalian semua jenis protein dibikin juknis?? panduan kemenkes pun sudah jelas bukan 4 sehat 5 sempurna lagi tapi udah diganti isi piringku yg mana SUSU tidak wajib ada dalam piring makan kita, kenapa ga menggalakkan pangan lokal???"
18107939474483504,2026-05-22T08:43:20+00:00,102,https://www.instagram.com/p/DYomtlKARQQ/,https://www.instagram.com/p/DYomtlKARQQ/?comment_id=18107939474483504,scraping_instagram,windaonthoni,"Bermasalah trs ya MBG ini. Salah satu contohnya adalah jenis susu yg diberikan utk anak SD. Wkt bulan Februari-Maret, adek sy dpt susu Frisian Flag strawberry yg tinggi gula dan kandungan susunya sedikit. Kok bisaaa?!?! Yg blg itu salah SPPGnya, ya brrti hrsnya di monitor dan dievaluasi dong. Gmn ini program nya. Please udh makan banyak anggaran tp masalahnya banyak amat"
17913356997396867,2026-05-22T08:41:18+00:00,1,https://www.instagram.com/p/DYomtlKARQQ/,https://www.instagram.com/p/DYomtlKARQQ/?comment_id=17913356997396867,scraping_instagram,riza_taufiqurrahmman,Pembodohan generasi
18074639126665760,2026-05-22T08:40:39+00:00,1,https://www.instagram.com/p/DYomtlKARQQ/,https://www.instagram.com/p/DYomtlKARQQ/?comment_id=18074639126665760,scraping_instagram,windaonthoni,Yahhhhh yg td diapus trs upload ulang yah min? Kehapus deh komenku hadeh
18101045002827374,2026-05-15T07:34:17+00:00,88,https://www.instagram.com/reel/DYWUUopJgXC/,https://www.instagram.com/reel/DYWUUopJgXC/?comment_id=18101045002827374,scraping_instagram,ukonsukanda,Tapi mengurangi anggaran pendidikan?
18083507915388525,2026-05-15T07:49:10+00:00,13,https://www.instagram.com/reel/DYWUUopJgXC/,https://www.instagram.com/reel/DYWUUopJgXC/?comment_id=18083507915388525,scraping_instagram,fang.toing,Itu yg ngomong punya berapa Sppg???
18022592951827643,2026-05-15T12:35:45+00:00,60,https://www.instagram.com/reel/DYWUUopJgXC/,https://www.instagram.com/reel/DYWUUopJgXC/?comment_id=18022592951827643,scraping_instagram,windakusumaw,"Saya seorang ibu rumah tangga yg gelarnya sarjana gizi. Tiap anak pulang sekolah isinya cuma geleng-geleng liat MBG yg didapat anak saya. Yg hari-hari anak saya biasanya bisa beli susu sendiri, sekarang susu kadang jadi barang ghoib. Tolong coba kalo riset diperluas cakupannya. Miriiiiss kalo liat realitanya."
18592397632022427,2026-05-15T11:27:30+00:00,1,https://www.instagram.com/reel/DYWUUopJgXC/,https://www.instagram.com/reel/DYWUUopJgXC/?comment_id=18592397632022427,scraping_instagram,jurias1724__,Korcam yg ToA kembalikan ke wilayah asal yaaaaa☺️☺️☺️☺️☺️☺️☺️☺️☺️☺️☺️☺️☺️☺️☺️☺️
18061798784468985,2026-05-15T07:28:57+00:00,4,https://www.instagram.com/reel/DYWUUopJgXC/,https://www.instagram.com/reel/DYWUUopJgXC/?comment_id=18061798784468985,scraping_instagram,harilangitan,MBG 25 TAHUN !!!
17948505543168872,2026-05-15T06:58:00+00:00,25,https://www.instagram.com/reel/DYWUUopJgXC/,https://www.instagram.com/reel/DYWUUopJgXC/?comment_id=17948505543168872,scraping_instagram,xbcharinnn,JALAN TERUS PAK. MAJU TERUS. PENONTON EMANG SELALU HEBOH DARI INSTITUSI TERKAIT. NIATNYA ADALAH UNTUK ANAK-ANAK BANGSA NEGERI MERAH PUTIH KE DEPAN ♥️🤍♥️
18062894168704440,2026-05-15T06:39:14+00:00,11,https://www.instagram.com/reel/DYWUUopJgXC/,https://www.instagram.com/reel/DYWUUopJgXC/?comment_id=18062894168704440,scraping_instagram,jaja_kaaaa,Bikin aja poling terbuka yang di lakukan oleh independen
18081846077531035,2026-05-15T07:02:55+00:00,12,https://www.instagram.com/reel/DYWUUopJgXC/,https://www.instagram.com/reel/DYWUUopJgXC/?comment_id=18081846077531035,scraping_instagram,rydnyz_lum,"sekali kali posting yg keracunan d laman resmi nya min, yg terbaru kmren d surabaya yg pertama kali olahan daging yg pas ratusan siswa keracunan masal. 😢"
18008523833855973,2026-05-15T06:38:14+00:00,3,https://www.instagram.com/reel/DYWUUopJgXC/,https://www.instagram.com/reel/DYWUUopJgXC/?comment_id=18008523833855973,scraping_instagram,rickyceceprjg,yok pak riset bareng kalau bisa tembus Q1 pakai data triangulasi data
18074209826665639,2026-05-15T09:57:46+00:00,6,https://www.instagram.com/reel/DYWUUopJgXC/,https://www.instagram.com/reel/DYWUUopJgXC/?comment_id=18074209826665639,scraping_instagram,awanstore27,"MBG UDAH JALAN 1 TAHUN, TES ANAK2 YG UDAH MAKAN MBG, IQ NYA GIMNA"
18114005542875764,2026-05-16T08:54:27+00:00,3,https://www.instagram.com/reel/DYWUUopJgXC/,https://www.instagram.com/reel/DYWUUopJgXC/?comment_id=18114005542875764,scraping_instagram,resti_euy,"Semoga program ini terus di awasi, dievaluasi supaya semakin lebih baik lagi"
18174213439407291,2026-05-15T09:02:52+00:00,3,https://www.instagram.com/reel/DYWUUopJgXC/,https://www.instagram.com/reel/DYWUUopJgXC/?comment_id=18174213439407291,scraping_instagram,keik_chuk,Sekali2 tanya ke pemilik kantin sekolah gimana pendapatnya
17869352499527259,2026-05-15T08:33:47+00:00,9,https://www.instagram.com/reel/DYWUUopJgXC/,https://www.instagram.com/reel/DYWUUopJgXC/?comment_id=17869352499527259,scraping_instagram,mfawzanazhiima,Narsumnya jangan yg sekolam dong coba undang beliau nih @salim_dower
17880081696593146,2026-05-15T06:49:38+00:00,44,https://www.instagram.com/reel/DYWUUopJgXC/,https://www.instagram.com/reel/DYWUUopJgXC/?comment_id=17880081696593146,scraping_instagram,aryqpake_y,"Anak mana yang ditanya pak!!?,anda tidak melakukan wawancara kepada seluruh anak di Indonesia,anda hanya menanyakan ke beberapa.lagipula lebih berguna jika anggaran mbg di alihkan untuk anggaran pendidikan, jikalaupun mbg ini di gunakan untuk memperbaiki gizi anak,mana bukti nya??"
18081989309304798,2026-05-15T12:23:58+00:00,1,https://www.instagram.com/reel/DYWUUopJgXC/,https://www.instagram.com/reel/DYWUUopJgXC/?comment_id=18081989309304798,scraping_instagram,rizkafauziyah__,"Nyatanyaaaa yang bergiji emak2nya yang gak tega buang makanan kalo jatah anak itu tdk d makan anak, krna anak ndk suke😢"
18076944998214790,2026-05-15T14:23:14+00:00,39,https://www.instagram.com/reel/DYWUUopJgXC/,https://www.instagram.com/reel/DYWUUopJgXC/?comment_id=18076944998214790,scraping_instagram,abror.aulia,Saya guru SD pak ... percayalah sejak ada MBG jam istirahat saya kepotong untuk mengurus ompreng pak 😢
18043306061789277,2026-05-15T06:45:38+00:00,2,https://www.instagram.com/reel/DYWUUopJgXC/,https://www.instagram.com/reel/DYWUUopJgXC/?comment_id=18043306061789277,scraping_instagram,ibukanis_,Y jelas g mau pa. Wong setahun anggaran paling besar diantara banyaknya kementrian. Termasuk kesehatan dan pendidikan
18092226358966091,2026-05-15T16:03:07+00:00,2,https://www.instagram.com/reel/DYWUUopJgXC/,https://www.instagram.com/reel/DYWUUopJgXC/?comment_id=18092226358966091,scraping_instagram,caklim,Nggak tepat sasaran.
17952002684980286,2026-05-16T15:24:15+00:00,4,https://www.instagram.com/reel/DYWUUopJgXC/,https://www.instagram.com/reel/DYWUUopJgXC/?comment_id=17952002684980286,scraping_instagram,asepomaykamaludin,"Jangan hentikan MBG,tapi perbaiki yang kurang bagus dan ganti SPPG SPPG yang bermasalah,berpotensi merusak program bagus Persiden"
18163444813431761,2026-05-19T13:43:27+00:00,1,https://www.instagram.com/reel/DYWUUopJgXC/,https://www.instagram.com/reel/DYWUUopJgXC/?comment_id=18163444813431761,scraping_instagram,muhammad_maknun09,"Kalau anak kecil ditanya buat di riset ya masih ga paham toh paak pak,, coba riset ke orang tuanya kocak 😂"
17965586034113919,2026-05-18T16:33:36+00:00,5,https://www.instagram.com/reel/DYWUUopJgXC/,https://www.instagram.com/reel/DYWUUopJgXC/?comment_id=17965586034113919,scraping_instagram,ngaku_anggota_dewan,Riset dimana ya pak ???? Serius tanya
18527426881076123,2026-05-15T07:02:08+00:00,3,https://www.instagram.com/reel/DYWUUopJgXC/,https://www.instagram.com/reel/DYWUUopJgXC/?comment_id=18527426881076123,scraping_instagram,subhanali,terbaik 👏❤️🔥
18119262922672680,2026-05-15T07:23:57+00:00,2,https://www.instagram.com/reel/DYWUUopJgXC/,https://www.instagram.com/reel/DYWUUopJgXC/?comment_id=18119262922672680,scraping_instagram,fatimah46311,lanjutkan 👏👏👏
18104380354962466,2026-05-17T03:04:35+00:00,1,https://www.instagram.com/reel/DYWUUopJgXC/,https://www.instagram.com/reel/DYWUUopJgXC/?comment_id=18104380354962466,scraping_instagram,_zulpablo,😍🔥 @im_agoosss
18066130049376082,2026-05-15T07:11:22+00:00,6,https://www.instagram.com/reel/DYWUUopJgXC/,https://www.instagram.com/reel/DYWUUopJgXC/?comment_id=18066130049376082,scraping_instagram,masbudpray,#stopmbg
17964506925084074,2026-05-15T06:54:14+00:00,10,https://www.instagram.com/reel/DYWUUopJgXC/,https://www.instagram.com/reel/DYWUUopJgXC/?comment_id=17964506925084074,scraping_instagram,eksekutor56,OMONGKOSONG
18097297712135039,2026-05-16T02:10:29+00:00,1,https://www.instagram.com/reel/DYWUUopJgXC/,https://www.instagram.com/reel/DYWUUopJgXC/?comment_id=18097297712135039,scraping_instagram,rararuru254,"Betul bpk thank you .. Tinggal benahi pengelola ..MBG jgn di hentikan .. Krn sy petani ssh merazakan perputaran ekomi .. Dgn adanya MBG haail panon , ternak lancaf 👍👍👍👍👍👍🇮🇩🇮🇩🇮🇩🇮🇩🇮🇩🇮🇩🇮🇩🇮🇩🇮🇩🇮🇩🇮🇩🇮🇩"
18122041939656351,2026-05-15T07:20:41+00:00,22,https://www.instagram.com/reel/DYWUUopJgXC/,https://www.instagram.com/reel/DYWUUopJgXC/?comment_id=18122041939656351,scraping_instagram,yusmiang,Yang di kota aja dihentikan . Toh mwreka cukup gizi ... Berani  ngga ????
17863983438567586,2026-05-15T06:26:38+00:00,52,https://www.instagram.com/reel/DYWUUopJgXC/,https://www.instagram.com/reel/DYWUUopJgXC/?comment_id=17863983438567586,scraping_instagram,rickyceceprjg,"tanya anak2, tanya ke yang lain dong. MBG dak jelas"
18080124803395041,2026-05-19T13:40:51+00:00,1,https://www.instagram.com/reel/DYWUUopJgXC/,https://www.instagram.com/reel/DYWUUopJgXC/?comment_id=18080124803395041,scraping_instagram,muhammad_maknun09,"Tolong hentikan mbg bikin defisit anggaran 😢 dan hentikan kopdes suatu saat pasti bangkrut tu koperasi,, dan banyak mark-up korup di dalamnya"
17982702809990354,2026-05-15T07:52:39+00:00,4,https://www.instagram.com/reel/DYWUUopJgXC/,https://www.instagram.com/reel/DYWUUopJgXC/?comment_id=17982702809990354,scraping_instagram,hayatunnufus_019,Nyatanya... Menu mbg ridak terjamin gizinya.
17879465133596527,2026-05-15T11:00:30+00:00,2,https://www.instagram.com/reel/DYWUUopJgXC/,https://www.instagram.com/reel/DYWUUopJgXC/?comment_id=17879465133596527,scraping_instagram,lianurjanah87,"pak punten ya saya mendengar curhatan seorang guru d sekolah ank sy.. wkt minggu kmari pas acara pembagian rapot uts!! dgn adanya mbg ini aktifitas mengajar guru jd terhambat.. harus nya guru fokus untuk masuk jam pelajaran d sela jam tsb guru harus mencari ompren yg kurang,membersihkan makanan2 yg tidak di makan anak² bukan 1,2 ompreng saja tp ratusan ompreng dan it mnjd krjaan guru yg seharusnya beliau mengajar full d jam tsb... jam terus berjalan mata pelajaran tdk bs semua di sampaikan ke anak² krna guru tsb telat masuk krn terhambat mengurus mbg tsbt!! mungkin bwt anak² senang guru blm masuk,tp buat guru rugi krna tdk bs memberi materi pelajaran yg sesuai krna keburu habis jam pelajaran it😢 ini yg di sebut mencerdaskan anak bangsa?!"
18586319056049399,2026-05-15T13:14:54+00:00,1,https://www.instagram.com/reel/DYWUUopJgXC/,https://www.instagram.com/reel/DYWUUopJgXC/?comment_id=18586319056049399,scraping_instagram,bahri_101,Itu anak anak pak belum faham apa apa yg dia tau dikasih makan geratis maulah gak tentang politik dampak MBG dll blom balig🔥🔥
17876116383599376,2026-05-15T07:11:48+00:00,3,https://www.instagram.com/reel/DYWUUopJgXC/,https://www.instagram.com/reel/DYWUUopJgXC/?comment_id=17876116383599376,scraping_instagram,masbudpray,#stopmbg sejahterakan Guru
18082965524418362,2026-05-16T07:12:44+00:00,1,https://www.instagram.com/reel/DYWUUopJgXC/,https://www.instagram.com/reel/DYWUUopJgXC/?comment_id=18082965524418362,scraping_instagram,jgtranscorps,Riset kemana tong? Berapa banyak jumlah siswa yg kau riset? Berapa sekolah dan daerah yg kau riset? Riset di sekolah anakmu sendiri? Yg diriset juga cuma 10-20 siswa? Kocaq
18371924647203231,2026-05-15T06:42:23+00:00,3,https://www.instagram.com/reel/DYWUUopJgXC/,https://www.instagram.com/reel/DYWUUopJgXC/?comment_id=18371924647203231,scraping_instagram,zeyhan960,Ayo pak buat poling terbuka sama BGN biar jelas
17900864088278932,2026-05-15T06:57:04+00:00,1,https://www.instagram.com/reel/DYWUUopJgXC/,https://www.instagram.com/reel/DYWUUopJgXC/?comment_id=17900864088278932,scraping_instagram,adharizkyyy,Atasan lu makin botak aja pala nya itu?
18093309641213625,2026-05-15T07:25:33+00:00,1,https://www.instagram.com/reel/DYWUUopJgXC/,https://www.instagram.com/reel/DYWUUopJgXC/?comment_id=18093309641213625,scraping_instagram,isfatoni_97,Mitra di monopoli hanya orang dalam yg bisa nyuplai apalagi mitra kadang bikin sendiri tidak ambil di UMKM belum lagi mitra yg Mark up harga
18140436286513355,2026-05-15T08:05:57+00:00,1,https://www.instagram.com/reel/DYWUUopJgXC/,https://www.instagram.com/reel/DYWUUopJgXC/?comment_id=18140436286513355,scraping_instagram,denny_ruladi,"Lawak Lo,,wouy MAKANAN BERACUN GRATIS YANG LO BAGIIN,UDAH BRAPA BANYAK MURID & GURU YG JADI KORBAN KERACUNAN???MIKIR..."
17909060778225364,2026-05-15T08:29:14+00:00,1,https://www.instagram.com/reel/DYWUUopJgXC/,https://www.instagram.com/reel/DYWUUopJgXC/?comment_id=17909060778225364,scraping_instagram,sholiqul,Pengen deh rasanya ludahin mukanya bapak itu
18011143781903696,2026-05-24T12:19:07+00:00,0,https://www.instagram.com/reel/DYWUUopJgXC/,https://www.instagram.com/reel/DYWUUopJgXC/?comment_id=18011143781903696,scraping_instagram,andreas978934,Tapi dengan menonaktifkan jaminan kesehatan ribuan masyarakat kurang mampu secara sepihak???
18102875282051415,2026-05-23T16:15:12+00:00,0,https://www.instagram.com/reel/DYWUUopJgXC/,https://www.instagram.com/reel/DYWUUopJgXC/?comment_id=18102875282051415,scraping_instagram,amoexs99,Data ulang siswa yg GK mau mbg dan yg mau mbg
18096044411178717,2026-05-23T10:28:47+00:00,0,https://www.instagram.com/reel/DYWUUopJgXC/,https://www.instagram.com/reel/DYWUUopJgXC/?comment_id=18096044411178717,scraping_instagram,heru_amrih_edhie,"Cangkemme lamis,,,"
17889236580373696,2026-05-23T07:37:37+00:00,0,https://www.instagram.com/reel/DYWUUopJgXC/,https://www.instagram.com/reel/DYWUUopJgXC/?comment_id=17889236580373696,scraping_instagram,aniekwuri,"ADA yg berhenti ikut pak, meskipun diintimidasi sampai z, SD ini berhenti ikut mbg. Daerah Jawa Tengah. Cek coba . Ga boong saya."
18025258667828081,2026-05-23T07:21:48+00:00,0,https://www.instagram.com/reel/DYWUUopJgXC/,https://www.instagram.com/reel/DYWUUopJgXC/?comment_id=18025258667828081,scraping_instagram,boss_dchan58,"Ok mungkin program tujuannya baik, TAPI BAGAIMANA REALITA BAHWA KUALITAS MENU DENGAN HARGA YANG MENJADI STANDARTNYA TERJADI PENYELEWENGAN (PENGGELAPAN)??? sudah banyak temuan dilapangan pak!! Jika memang sasarannya adalah gizi anak bangsa, harusnya pemerintah MENAIKKAN TINGKAT KESEJAHTERAAN MASYARAKATNYA sehingga para orang tua bisa mencukupi kadar gizi anak2 bangsa DAN tingkatkan kualitas pendidikan melalui kesejahteraan para guru agar mereka bisa memberikan pelajaran yang terbaik bagi anak bangsa !!! Mohon pak @prabowo membenahi lobang bagi tikus pengerat dana APBN !!!"
18088231592178497,2026-05-23T04:26:46+00:00,0,https://www.instagram.com/reel/DYWUUopJgXC/,https://www.instagram.com/reel/DYWUUopJgXC/?comment_id=18088231592178497,scraping_instagram,ihaqgoberkahnoriba,Lha iya di tanya bocah... 😂😂
18110072338923514,2026-05-23T03:17:01+00:00,0,https://www.instagram.com/reel/DYWUUopJgXC/,https://www.instagram.com/reel/DYWUUopJgXC/?comment_id=18110072338923514,scraping_instagram,itadama_92,bUkan anak saya pasti yg ditanya!!
18083367752637590,2026-05-22T19:53:17+00:00,0,https://www.instagram.com/reel/DYWUUopJgXC/,https://www.instagram.com/reel/DYWUUopJgXC/?comment_id=18083367752637590,scraping_instagram,syahnurida,Sehat dan sejahtera 😂
18423414694134146,2026-05-22T15:25:36+00:00,0,https://www.instagram.com/reel/DYWUUopJgXC/,https://www.instagram.com/reel/DYWUUopJgXC/?comment_id=18423414694134146,scraping_instagram,re.natarosalina,Dengan adanya MBG sangat membantu sekali...Alhamdulillah
18093186725192169,2026-05-22T15:20:05+00:00,0,https://www.instagram.com/reel/DYWUUopJgXC/,https://www.instagram.com/reel/DYWUUopJgXC/?comment_id=18093186725192169,scraping_instagram,rahmatbowo042,"Nah terus pas gak porsi yang di beri oleh dapur tersebut, dengan harga yang ditetapkan oleh prabowo"
18066564818391313,2026-05-22T15:18:54+00:00,0,https://www.instagram.com/reel/DYWUUopJgXC/,https://www.instagram.com/reel/DYWUUopJgXC/?comment_id=18066564818391313,scraping_instagram,rahmatbowo042,"Terus yang keracunan mbg di posting di sosmed bersama dapur nya yang bikin,"
18092546186257654,2026-05-22T15:17:47+00:00,0,https://www.instagram.com/reel/DYWUUopJgXC/,https://www.instagram.com/reel/DYWUUopJgXC/?comment_id=18092546186257654,scraping_instagram,rahmatbowo042,"😂😂😂😂😂 Iyah kalo nanya sama anak SD Iyah lah mereka gak tau , hanya tau nya makan doang, inti nya boleh gak setiap menu mbg di seluruh Indonesia ini di posting jelek atau buruk nya jangan ada kata laporan ke polisi, jadi biar yaang gak tau jadi tau,"
18590012542003129,2026-05-21T20:04:47+00:00,0,https://www.instagram.com/reel/DYWUUopJgXC/,https://www.instagram.com/reel/DYWUUopJgXC/?comment_id=18590012542003129,scraping_instagram,asa.ismyname,🔥🔥🔥
18085121192382600,2026-05-21T13:56:39+00:00,0,https://www.instagram.com/reel/DYWUUopJgXC/,https://www.instagram.com/reel/DYWUUopJgXC/?comment_id=18085121192382600,scraping_instagram,riobarab18,"Wah MBG keren bangetttt 😂😂
 😂😂😂😂😂"
17996250302959028,2026-05-21T11:55:59+00:00,0,https://www.instagram.com/reel/DYWUUopJgXC/,https://www.instagram.com/reel/DYWUUopJgXC/?comment_id=17996250302959028,scraping_instagram,cvterusjayasidoarjo,"Survey di gorong²,yg di survey tikus,ya pasti gak mau??
Dri Atas sampai bawahannya Pembohong.."
18096627485466612,2026-05-21T04:09:36+00:00,0,https://www.instagram.com/reel/DYWUUopJgXC/,https://www.instagram.com/reel/DYWUUopJgXC/?comment_id=18096627485466612,scraping_instagram,wiliyamjibril,"DIKASIH MAKAN JADINYA TAIIIK,  minimal perbaiki gaji guru dulu dan fasilitas belajar mengajar, kocaak.."
17929833993299510,2026-05-21T00:32:28+00:00,0,https://www.instagram.com/reel/DYWUUopJgXC/,https://www.instagram.com/reel/DYWUUopJgXC/?comment_id=17929833993299510,scraping_instagram,pisces87m,"Ya anak anak mana ngerti pak 😂,kcuali bapak ke papua,disana memang layak program mbg asal mbg nya jngan cuma tahu tempe kerupuk."
18073991615300636,2026-05-21T00:07:51+00:00,0,https://www.instagram.com/reel/DYWUUopJgXC/,https://www.instagram.com/reel/DYWUUopJgXC/?comment_id=18073991615300636,scraping_instagram,mamamels_april,"Anak saya yg TK makanan MBG nya NGGAK PERNAH DIMAKAN!! Selalu dibawa pulang dgn wadah kita, saya cobain rasanya yaa ampuuun nggak enak!"
18199592593348905,2026-05-21T00:04:29+00:00,0,https://www.instagram.com/reel/DYWUUopJgXC/,https://www.instagram.com/reel/DYWUUopJgXC/?comment_id=18199592593348905,scraping_instagram,ciko_valangi,Untuk ini rupanya anggarannya😂😂😂😂😂....
18122385346651270,2026-05-20T22:54:46+00:00,0,https://www.instagram.com/reel/DYWUUopJgXC/,https://www.instagram.com/reel/DYWUUopJgXC/?comment_id=18122385346651270,scraping_instagram,ucinyakeisha,Titik yg saya ajukan sudah 1 tahun masih belum di birukan pak..apa benar harus pilih pilih ya pak😁😁😁
18093144095585790,2026-05-20T22:41:28+00:00,0,https://www.instagram.com/reel/DYWUUopJgXC/,https://www.instagram.com/reel/DYWUUopJgXC/?comment_id=18093144095585790,scraping_instagram,yulisadesriyanti,"Anak mana yg bapak tanya? Coba tnya mau mkn gratis apa beasiswa, pasti plih beasiswa 😂"
18340633228174184,2026-05-20T14:12:28+00:00,0,https://www.instagram.com/reel/DYWUUopJgXC/,https://www.instagram.com/reel/DYWUUopJgXC/?comment_id=18340633228174184,scraping_instagram,larrisaalyasyakira,"Mohon di riset ulang pak, mereka memilih makan gratis atau sekolah gratis, saya rasa lebih bermanfaat sekolah gratis sampe kuliah, dana Mbg cukup kok pak biaya i anak sampe kuliah,"
18007791935909724,2026-05-20T12:44:37+00:00,0,https://www.instagram.com/reel/DYWUUopJgXC/,https://www.instagram.com/reel/DYWUUopJgXC/?comment_id=18007791935909724,scraping_instagram,farah28348,👏👏👏👏👍👍👍
18187780477375959,2026-05-20T09:46:16+00:00,0,https://www.instagram.com/reel/DYWUUopJgXC/,https://www.instagram.com/reel/DYWUUopJgXC/?comment_id=18187780477375959,scraping_instagram,yanikue77_yanimi,riset nya kemanaa
18064433000686447,2026-05-20T02:27:56+00:00,0,https://www.instagram.com/reel/DYWUUopJgXC/,https://www.instagram.com/reel/DYWUUopJgXC/?comment_id=18064433000686447,scraping_instagram,fikriyahhidayatul,"Mbg sangat membantu buat kami kalangan miskin ,sejak ada mbg anak saya gak perlu uang saku sudah bisa makan ,berat badan anak anak juga naik ..sebenarnya bukan programnya yg salah hanya perlu revisi di tingkat dapurnya.itu saja sih KLO untuk kalangan menengah keatas jelas lah ini terlihat buruk karena mereka biasa makan enak dan beli makann mahal.🙏"
18163444813431761,2026-05-19T13:43:27+00:00,1,https://www.instagram.com/reel/DYWUUopJgXC/,https://www.instagram.com/reel/DYWUUopJgXC/?comment_id=18163444813431761,scraping_instagram,muhammad_maknun09,"Kalau anak kecil ditanya buat di riset ya masih ga paham toh paak pak,, coba riset ke orang tuanya kocak 😂"
18080124803395041,2026-05-19T13:40:51+00:00,1,https://www.instagram.com/reel/DYWUUopJgXC/,https://www.instagram.com/reel/DYWUUopJgXC/?comment_id=18080124803395041,scraping_instagram,muhammad_maknun09,"Tolong hentikan mbg bikin defisit anggaran 😢 dan hentikan kopdes suatu saat pasti bangkrut tu koperasi,, dan banyak mark-up korup di dalamnya"
18095108959933675,2026-05-19T13:06:52+00:00,0,https://www.instagram.com/reel/DYWUUopJgXC/,https://www.instagram.com/reel/DYWUUopJgXC/?comment_id=18095108959933675,scraping_instagram,ariifinm,Kira kira dibayar brp ya dia
17882102760570179,2026-05-19T02:33:45+00:00,0,https://www.instagram.com/reel/DYWUUopJgXC/,https://www.instagram.com/reel/DYWUUopJgXC/?comment_id=17882102760570179,scraping_instagram,deddyariyanto84,Ngimna caranya bisa jadi relawan mbg ya
18087732095369370,2026-05-18T23:09:25+00:00,0,https://www.instagram.com/reel/DYWUUopJgXC/,https://www.instagram.com/reel/DYWUUopJgXC/?comment_id=18087732095369370,scraping_instagram,ryangondesyk,"Gimana bergizi, wong cuma sehari sekali 😮😮"
18134662288561870,2026-05-18T22:26:56+00:00,0,https://www.instagram.com/reel/DYWUUopJgXC/,https://www.instagram.com/reel/DYWUUopJgXC/?comment_id=18134662288561870,scraping_instagram,pang_gih24,Hahahahaha selalu ada kata2 yang manis buat menutupi kekurangan dan carut marut MBG😂
17965586034113919,2026-05-18T16:33:36+00:00,5,https://www.instagram.com/reel/DYWUUopJgXC/,https://www.instagram.com/reel/DYWUUopJgXC/?comment_id=17965586034113919,scraping_instagram,ngaku_anggota_dewan,Riset dimana ya pak ???? Serius tanya
18161596864444259,2026-05-18T16:01:34+00:00,0,https://www.instagram.com/reel/DYWUUopJgXC/,https://www.instagram.com/reel/DYWUUopJgXC/?comment_id=18161596864444259,scraping_instagram,aagymkrd_,tetanggaku makan mbg iqnya 280 tingginya 190 meter
18121675168647428,2026-05-18T15:50:16+00:00,0,https://www.instagram.com/reel/DYWUUopJgXC/,https://www.instagram.com/reel/DYWUUopJgXC/?comment_id=18121675168647428,scraping_instagram,nangwa.z,ANJING
18252495523307104,2026-05-18T13:14:37+00:00,0,https://www.instagram.com/reel/DYWUUopJgXC/,https://www.instagram.com/reel/DYWUUopJgXC/?comment_id=18252495523307104,scraping_instagram,masshan__,"Jimny hantu, salah satu dapur paling top dalam ekosistem rantai pasok 👍👍"
18122902741633664,2026-05-18T13:02:51+00:00,0,https://www.instagram.com/reel/DYWUUopJgXC/,https://www.instagram.com/reel/DYWUUopJgXC/?comment_id=18122902741633664,scraping_instagram,adin.indra,"Ya kalau tanya anak2 pasti ngikut mayoritas , coba tanya ortu nya , pedagang kecil depan sekolah, kantin sekolah apa mau lanjut terus 😂"
17928114258294770,2026-05-18T12:19:25+00:00,0,https://www.instagram.com/reel/DYWUUopJgXC/,https://www.instagram.com/reel/DYWUUopJgXC/?comment_id=17928114258294770,scraping_instagram,ratnamua_lamongan,Blegedes
17875216974477389,2026-05-18T11:34:36+00:00,0,https://www.instagram.com/reel/DYWUUopJgXC/,https://www.instagram.com/reel/DYWUUopJgXC/?comment_id=17875216974477389,scraping_instagram,timoer.23,Lanang kemayu
18077514314226734,2026-05-18T11:10:14+00:00,0,https://www.instagram.com/reel/DYWUUopJgXC/,https://www.instagram.com/reel/DYWUUopJgXC/?comment_id=18077514314226734,scraping_instagram,ilhamalfahrezi16_,Saya guru setuju mbg di berhentikan 🔥
18103108555820884,2026-05-18T10:40:07+00:00,0,https://www.instagram.com/reel/DYWUUopJgXC/,https://www.instagram.com/reel/DYWUUopJgXC/?comment_id=18103108555820884,scraping_instagram,ojijoss,"Boro² percaya Indonesia Emas, Indonesia ngga musnah aja masih pakai ‘semoga’😢"
18318971428287937,2026-05-18T03:16:53+00:00,0,https://www.instagram.com/reel/DYWUUopJgXC/,https://www.instagram.com/reel/DYWUUopJgXC/?comment_id=18318971428287937,scraping_instagram,habasepakat,"Tanya kok sama anak,,kann tololl,ortu nyaa morat marit samaa khidupann skrng,pangann srbaaa mahall,dann presidenn bowo bilang dolar kaga ngaruh buat org desaa..loll loll"
18116733403689298,2026-05-18T03:00:20+00:00,0,https://www.instagram.com/reel/DYWUUopJgXC/,https://www.instagram.com/reel/DYWUUopJgXC/?comment_id=18116733403689298,scraping_instagram,rafli_syahbani,ah kata siapa akwk
17889883953474448,2026-05-18T00:00:16+00:00,0,https://www.instagram.com/reel/DYWUUopJgXC/,https://www.instagram.com/reel/DYWUUopJgXC/?comment_id=17889883953474448,scraping_instagram,tian_purn,"Anak2 memang senang, tpi orangtuanya yg tantrum.."
17988473756798696,2026-05-17T23:48:21+00:00,1,https://www.instagram.com/reel/DYWUUopJgXC/,https://www.instagram.com/reel/DYWUUopJgXC/?comment_id=17988473756798696,scraping_instagram,martha.rachman,Percalah... Apa yg di omongin sama bapak ini semua BULLSHIT
17907161322407948,2026-05-17T11:58:40+00:00,0,https://www.instagram.com/reel/DYWUUopJgXC/,https://www.instagram.com/reel/DYWUUopJgXC/?comment_id=17907161322407948,scraping_instagram,ariefhimawan2029,harga kebutuhan primer manusia tolong dinaikkan terus menerus dong bapak @prabowo dan bapak @gibran_rakabuming dan bapak/ibu @kemenkeuri dan bapak/ibu @sekretariat.kabinet dan bapak/ibu @setwapres.ri dan bapak/ibu @wantimpres.ri dan bapak/ibu @dpr_ri dan bapak/ibu @kemensetneg.ri dan bapak/ibu @badangizinasional.ri
17937467769052796,2026-05-17T10:55:01+00:00,0,https://www.instagram.com/reel/DYWUUopJgXC/,https://www.instagram.com/reel/DYWUUopJgXC/?comment_id=17937467769052796,scraping_instagram,heryonechy,"Yang bermasalah sistem pendidikan yang di perbaiki gizinya, kalau mau fokus mencegah stanting harusnya fokus ke wilayah pelosok-pelosok masih banyak anak-anak mengalami gizi buruk ini program seolah² hanya fokus untuk sekolah² di perkotaan"
17882731386417082,2026-05-17T10:39:28+00:00,0,https://www.instagram.com/reel/DYWUUopJgXC/,https://www.instagram.com/reel/DYWUUopJgXC/?comment_id=17882731386417082,scraping_instagram,quinzagaleri,bapak saya di percetakan  biar nanti saya bikinin ya buat bpk 🔥
18095010106921837,2026-05-17T10:11:33+00:00,0,https://www.instagram.com/reel/DYWUUopJgXC/,https://www.instagram.com/reel/DYWUUopJgXC/?comment_id=18095010106921837,scraping_instagram,y12ftd_,taekk
18090934358007103,2026-05-17T10:00:52+00:00,0,https://www.instagram.com/reel/DYWUUopJgXC/,https://www.instagram.com/reel/DYWUUopJgXC/?comment_id=18090934358007103,scraping_instagram,indonesiananewstv,Alhamdhulillah ada mbg
18033890816798201,2026-05-17T09:44:28+00:00,0,https://www.instagram.com/reel/DYWUUopJgXC/,https://www.instagram.com/reel/DYWUUopJgXC/?comment_id=18033890816798201,scraping_instagram,rahayu_kanthi,#pretMBG
18133515454492350,2026-05-17T08:54:17+00:00,0,https://www.instagram.com/reel/DYWUUopJgXC/,https://www.instagram.com/reel/DYWUUopJgXC/?comment_id=18133515454492350,scraping_instagram,bhoan19,Ga guna
17852429145677677,2026-05-17T08:01:45+00:00,0,https://www.instagram.com/reel/DYWUUopJgXC/,https://www.instagram.com/reel/DYWUUopJgXC/?comment_id=17852429145677677,scraping_instagram,tundukditindas,Bubarkan MBG
18018265469845531,2026-05-17T07:59:39+00:00,0,https://www.instagram.com/reel/DYWUUopJgXC/,https://www.instagram.com/reel/DYWUUopJgXC/?comment_id=18018265469845531,scraping_instagram,mmzir.a,Gaji AG AK bulan Desember 2025 belum di cairkan
18135149539548421,2026-05-17T07:55:50+00:00,0,https://www.instagram.com/reel/DYWUUopJgXC/,https://www.instagram.com/reel/DYWUUopJgXC/?comment_id=18135149539548421,scraping_instagram,pempek.nay.7,prett
17888429790521200,2026-05-17T07:50:56+00:00,0,https://www.instagram.com/reel/DYWUUopJgXC/,https://www.instagram.com/reel/DYWUUopJgXC/?comment_id=17888429790521200,scraping_instagram,dheanarusdy,Ya jelas dia  punya sppg jadi wajar kl bela MBG😂
18118579357706410,2026-05-17T07:15:49+00:00,0,https://www.instagram.com/reel/DYWUUopJgXC/,https://www.instagram.com/reel/DYWUUopJgXC/?comment_id=18118579357706410,scraping_instagram,audariza21,Muak
18048272216769927,2026-05-17T06:57:34+00:00,0,https://www.instagram.com/reel/DYWUUopJgXC/,https://www.instagram.com/reel/DYWUUopJgXC/?comment_id=18048272216769927,scraping_instagram,fishgod_99,Program anjing😂
17986031720993709,2026-05-17T06:44:22+00:00,0,https://www.instagram.com/reel/DYWUUopJgXC/,https://www.instagram.com/reel/DYWUUopJgXC/?comment_id=17986031720993709,scraping_instagram,bang_guebee125,Kan anak2 gatau duitnya darimana 🥴🥴. Kalo mereka tau alur keuangan negara pasti pada minta di berhentikan 🥴🥴
18182391847382160,2026-05-17T06:29:17+00:00,0,https://www.instagram.com/reel/DYWUUopJgXC/,https://www.instagram.com/reel/DYWUUopJgXC/?comment_id=18182391847382160,scraping_instagram,sonny_aprias,"Sikat Koruptor/Mafia (Garong) dan siapapun yg terafiliasi dg Garong2x Anggaran & SDA di NKRI , jangan biarkan lagi Garong2x Anggaran & SDA hidup nyaman menyengsarakan rakyat... Garong2x Anggaran & SDA skrg bersatu padu mulai dari daerah sampai pusat ingin menjatuhkan @prabowo dengan menyebarkan berbagai macam isu (Narasi & Kebencian). Di Era @prabowo Anggaran & SDA untuk kesejahteraan rakyat (Pro Rakyat), Prabowo tidak lagi melindungi Garong spt rezim2x sebelumnya, APBD & APBN tidak lagi untuk mensejahterakan Garong2x, jangan coba2x menggarong lagi krn pasti disikat, siapapun, latar belakang apapun, termasuk orang2x dekat Prabowo #SavePrabowo #BerantasGarong #LawanGarongAnggaran&SDA #IndonesiaGelapBagiGarong&Kroninya @GarongPunyaBanyakDolar @KirimGarongKeBulan 👏👏👏🔥🔥🔥"
18365932315224067,2026-05-17T06:01:08+00:00,0,https://www.instagram.com/reel/DYWUUopJgXC/,https://www.instagram.com/reel/DYWUUopJgXC/?comment_id=18365932315224067,scraping_instagram,mmhmmdd49,"Pemimpin yang tidak baik, berarti menggagalkan Indonesia emas"
17906284959241469,2026-05-17T05:25:15+00:00,0,https://www.instagram.com/reel/DYWUUopJgXC/,https://www.instagram.com/reel/DYWUUopJgXC/?comment_id=17906284959241469,scraping_instagram,anwar_goth,PROGRAAAMMMN KONTTOOOLLLL
18146846668501270,2026-05-17T05:15:50+00:00,0,https://www.instagram.com/reel/DYWUUopJgXC/,https://www.instagram.com/reel/DYWUUopJgXC/?comment_id=18146846668501270,scraping_instagram,harriemauapa,yang ditanya anak buah nya bukan anak sekolah wkwkwk👏👏👏
18231472699309255,2026-05-17T05:05:29+00:00,0,https://www.instagram.com/reel/DYWUUopJgXC/,https://www.instagram.com/reel/DYWUUopJgXC/?comment_id=18231472699309255,scraping_instagram,ayoga___,"Ya benar, coba tanyakan ke ortu yg tidak mampu dan tanya juga ke smua anak2 baik mampu atau tidak mampu apakah MBG di stop.. pasti jawaban nya smua serentak gk mau di stop.. tapi kalo di tanya ke ortu yg ekonomi nya sedikit mampu bahkan yg mampu pasti jawaban nya setuju di stop😂😂😂"
18080718038440439,2026-05-17T04:37:30+00:00,0,https://www.instagram.com/reel/DYWUUopJgXC/,https://www.instagram.com/reel/DYWUUopJgXC/?comment_id=18080718038440439,scraping_instagram,mhmdzain165,"Bukan masalah MBG NYA. , tapi masalah teknis nya yang belibet , aneh , banyak cacicu , ngapain bangun sppg dengan budget yang gila , kenapa ga bikin dapur sekolah di setiap masing masing sekolah ? Bukan bangun sppg yang di bayar 6 juta sehari WOOOYY BACA"
18102124696820802,2026-05-17T04:31:43+00:00,0,https://www.instagram.com/reel/DYWUUopJgXC/,https://www.instagram.com/reel/DYWUUopJgXC/?comment_id=18102124696820802,scraping_instagram,qqpolaks,Bodoh
18082582277563569,2026-05-17T04:11:09+00:00,0,https://www.instagram.com/reel/DYWUUopJgXC/,https://www.instagram.com/reel/DYWUUopJgXC/?comment_id=18082582277563569,scraping_instagram,masbalo__,Alah kontol
18116360725688378,2026-05-17T04:05:52+00:00,0,https://www.instagram.com/reel/DYWUUopJgXC/,https://www.instagram.com/reel/DYWUUopJgXC/?comment_id=18116360725688378,scraping_instagram,hari_nugroho11,Hentikan korupsi nya pak!!!
18153638371463565,2026-05-17T03:55:43+00:00,0,https://www.instagram.com/reel/DYWUUopJgXC/,https://www.instagram.com/reel/DYWUUopJgXC/?comment_id=18153638371463565,scraping_instagram,supardiacep,ta ente aja yg bermental mbg...pintu  indonesia emas darimana...bukannya pendidikan gratis didahulukan... biar pinter. 🤣
18429433672122255,2026-05-17T03:45:01+00:00,0,https://www.instagram.com/reel/DYWUUopJgXC/,https://www.instagram.com/reel/DYWUUopJgXC/?comment_id=18429433672122255,scraping_instagram,tan_malaka2,"SPPG BERACUN HUKUMANNYA APA ? SPPG KORUP HUKUMANNYA APA ? YAKIN GAADA OKNUM YANG MALAKIN BUDGET DARI PEMERINTAH ??? SAMPE HARI INI KOMEN LO ISI CACI MAKI, MIKIR OTAK GUNAKAN"
18084145604531389,2026-05-17T03:18:24+00:00,0,https://www.instagram.com/reel/DYWUUopJgXC/,https://www.instagram.com/reel/DYWUUopJgXC/?comment_id=18084145604531389,scraping_instagram,cikpuanmeri,Tapi banyak makanan yg terbuang dan ngak termakan kan? Berapa triliun itu sehari yg terbuang? Kali 30 Hari.. Kali setahun..?
18005430503863989,2026-05-17T03:05:16+00:00,0,https://www.instagram.com/reel/DYWUUopJgXC/,https://www.instagram.com/reel/DYWUUopJgXC/?comment_id=18005430503863989,scraping_instagram,wishuall88,Masalahnya kadang yg d dapat untuk lauknya anakan ikan
18104380354962466,2026-05-17T03:04:35+00:00,1,https://www.instagram.com/reel/DYWUUopJgXC/,https://www.instagram.com/reel/DYWUUopJgXC/?comment_id=18104380354962466,scraping_instagram,_zulpablo,😍🔥 @im_agoosss
18084765989100127,2026-05-17T03:03:37+00:00,0,https://www.instagram.com/reel/DYWUUopJgXC/,https://www.instagram.com/reel/DYWUUopJgXC/?comment_id=18084765989100127,scraping_instagram,adityaa_rachman,"Harus nya mbg di awali di daerah"" yg tertinggal dulu. Angaran gak terlalu jor joran."
18324996187267751,2026-05-17T01:59:14+00:00,0,https://www.instagram.com/reel/DYWUUopJgXC/,https://www.instagram.com/reel/DYWUUopJgXC/?comment_id=18324996187267751,scraping_instagram,ardyy.jr,😂
17884564926561914,2026-05-17T01:46:29+00:00,0,https://www.instagram.com/reel/DYWUUopJgXC/,https://www.instagram.com/reel/DYWUUopJgXC/?comment_id=17884564926561914,scraping_instagram,sususaset_,"Gabakal sampe 2045, kocak loh"
18022093430664235,2026-05-17T01:28:39+00:00,0,https://www.instagram.com/reel/DYWUUopJgXC/,https://www.instagram.com/reel/DYWUUopJgXC/?comment_id=18022093430664235,scraping_instagram,novan_negara,Siapa tahu ada amal baiknya? Program negara harus ada baiknya buat warga..
18111265945684801,2026-05-17T01:06:24+00:00,0,https://www.instagram.com/reel/DYWUUopJgXC/,https://www.instagram.com/reel/DYWUUopJgXC/?comment_id=18111265945684801,scraping_instagram,samsulsamsul3662,iiiihhhhh cuuuucoook deh..mu mu mu
18083062091110725,2026-05-17T00:59:03+00:00,0,https://www.instagram.com/reel/DYWUUopJgXC/,https://www.instagram.com/reel/DYWUUopJgXC/?comment_id=18083062091110725,scraping_instagram,valid_ally,"Biasa bakul jamu, yg paham aja.. klo suka tekan tombol kanan --->"
17910125751402639,2026-05-17T00:56:32+00:00,0,https://www.instagram.com/reel/DYWUUopJgXC/,https://www.instagram.com/reel/DYWUUopJgXC/?comment_id=17910125751402639,scraping_instagram,dansa1518,Bapak Masih Punya Otak Kah?
18445371445187395,2026-05-17T00:45:17+00:00,0,https://www.instagram.com/reel/DYWUUopJgXC/,https://www.instagram.com/reel/DYWUUopJgXC/?comment_id=18445371445187395,scraping_instagram,fajarsoeryonugroho,"Omong doang, ayook adakan riset/survei,, setuju .. Yang mau dikasih ya dikasih yang nolak ya jgn dikasih, bisa irit kan anggaran, mau gag anggaran irit?? 😂 ya kali skolah swasta spp jutaan, ortu nya mau mbg?? Bukan sok kaya, tapi ortu lebih percaya dgn masakan rumahnya atau dr sekolah ny,logika gampang kualitas masak lebih gampang terjaga kualitas nya kalo dalam jumlah lebih kecil,,"
18101809847006873,2026-05-17T00:07:25+00:00,0,https://www.instagram.com/reel/DYWUUopJgXC/,https://www.instagram.com/reel/DYWUUopJgXC/?comment_id=18101809847006873,scraping_instagram,sempag.jaran,MALING BERKEDOK GIZI
18104587111949067,2026-05-17T00:07:23+00:00,0,https://www.instagram.com/reel/DYWUUopJgXC/,https://www.instagram.com/reel/DYWUUopJgXC/?comment_id=18104587111949067,scraping_instagram,sempag.jaran,MALING BERKEDOK GIZI
18113570080833417,2026-05-17T00:07:20+00:00,0,https://www.instagram.com/reel/DYWUUopJgXC/,https://www.instagram.com/reel/DYWUUopJgXC/?comment_id=18113570080833417,scraping_instagram,sempag.jaran,MALING BERKEDOK GIZI
18435310279139483,2026-05-17T00:07:19+00:00,0,https://www.instagram.com/reel/DYWUUopJgXC/,https://www.instagram.com/reel/DYWUUopJgXC/?comment_id=18435310279139483,scraping_instagram,sempag.jaran,MALING BERKEDOK GIZI
18077763326225884,2026-05-16T22:58:14+00:00,0,https://www.instagram.com/reel/DYWUUopJgXC/,https://www.instagram.com/reel/DYWUUopJgXC/?comment_id=18077763326225884,scraping_instagram,muhammad.sabro,Ini orang gendeng.... logikanya...
18057129707737804,2026-05-16T22:24:03+00:00,0,https://www.instagram.com/reel/DYWUUopJgXC/,https://www.instagram.com/reel/DYWUUopJgXC/?comment_id=18057129707737804,scraping_instagram,sri_karim,Yang ngomong ini punya berapa Dapur 😂😂😂
18085378595630202,2026-05-16T16:32:29+00:00,0,https://www.instagram.com/reel/DYWUUopJgXC/,https://www.instagram.com/reel/DYWUUopJgXC/?comment_id=18085378595630202,scraping_instagram,naowmys,ah masaa iyaa
17948797518171559,2026-05-16T16:20:25+00:00,0,https://www.instagram.com/reel/DYWUUopJgXC/,https://www.instagram.com/reel/DYWUUopJgXC/?comment_id=17948797518171559,scraping_instagram,miqdadghibran,"1 hari 1 sapi , 1 kolam lele 1 hari 😍"
17952002684980286,2026-05-16T15:24:15+00:00,4,https://www.instagram.com/reel/DYWUUopJgXC/,https://www.instagram.com/reel/DYWUUopJgXC/?comment_id=17952002684980286,scraping_instagram,asepomaykamaludin,"Jangan hentikan MBG,tapi perbaiki yang kurang bagus dan ganti SPPG SPPG yang bermasalah,berpotensi merusak program bagus Persiden"
18324508891253976,2026-05-16T14:44:08+00:00,0,https://www.instagram.com/reel/DYWUUopJgXC/,https://www.instagram.com/reel/DYWUUopJgXC/?comment_id=18324508891253976,scraping_instagram,vai135,"Ilmiah ga metode yg kalian survey? Proyek, bisnis dan korupsi legal"
18065012120386115,2026-05-16T14:40:11+00:00,0,https://www.instagram.com/reel/DYWUUopJgXC/,https://www.instagram.com/reel/DYWUUopJgXC/?comment_id=18065012120386115,scraping_instagram,chamid_abu,Anak anakku sudah bosen sama mbg
18063636212429962,2026-05-16T14:40:01+00:00,0,https://www.instagram.com/reel/DYWUUopJgXC/,https://www.instagram.com/reel/DYWUUopJgXC/?comment_id=18063636212429962,scraping_instagram,chamid_abu,Lo Lo kata siapa ada sekolah yang nolak lo
18229831321312185,2026-05-16T14:23:56+00:00,0,https://www.instagram.com/reel/DYWUUopJgXC/,https://www.instagram.com/reel/DYWUUopJgXC/?comment_id=18229831321312185,scraping_instagram,syofrizalwahyu,Kena sawer brapa tuh bapaknye ?  https://www.instagram.com/reel/DXKSju6kv9W/?igsh=MWhkcDZyNWl3MmtlcA== .  Liat berita ini paak ..
17949629910152415,2026-05-16T13:36:32+00:00,0,https://www.instagram.com/reel/DYWUUopJgXC/,https://www.instagram.com/reel/DYWUUopJgXC/?comment_id=17949629910152415,scraping_instagram,chek.fir02,B
18081790142447219,2026-05-16T12:12:10+00:00,0,https://www.instagram.com/reel/DYWUUopJgXC/,https://www.instagram.com/reel/DYWUUopJgXC/?comment_id=18081790142447219,scraping_instagram,windaonthoni,"Hissssssh ngeselin. Please ya MBG memotong banyak anggaran lainnya. Anggran INSTANSI lainnya. Klo ada anggaran sendiri ya monggo. Ini malah ngambil anggaran instansi, badan dan sektor yg lain. Saya tanya ya, klo misalnya kt bkin pendidikan gratis, kan bs tuh ya riset perubahannya dari sebelum program dijalankan ke setelah program dijalankan. Ini program MBG apa dampaknya setelah brp lama ini????? Coba share data nya dong!!!! Please STOP MBG!!!!"
17949720249174324,2026-05-16T12:11:29+00:00,0,https://www.instagram.com/reel/DYWUUopJgXC/,https://www.instagram.com/reel/DYWUUopJgXC/?comment_id=17949720249174324,scraping_instagram,b.j._habibie_3,"Nanya nya ko ke anak"" sih pak. Ke ortunya dong."
17939517390216037,2026-05-16T12:08:27+00:00,0,https://www.instagram.com/reel/DYWUUopJgXC/,https://www.instagram.com/reel/DYWUUopJgXC/?comment_id=17939517390216037,scraping_instagram,willy.royan,😁🤣
18062883044443683,2026-05-16T11:46:18+00:00,0,https://www.instagram.com/reel/DYWUUopJgXC/,https://www.instagram.com/reel/DYWUUopJgXC/?comment_id=18062883044443683,scraping_instagram,yudias_asmara,"Anak kls 1 sd terkadang ada yg gak suka menu nya.kadang g dimakan habis, kan sayang...Gmn solusinya?"
17890164813521922,2026-05-16T11:33:36+00:00,0,https://www.instagram.com/reel/DYWUUopJgXC/,https://www.instagram.com/reel/DYWUUopJgXC/?comment_id=17890164813521922,scraping_instagram,sunyoto424,Buat aturan ketat ....makanan harus melalui proses gizi
18030275969811062,2026-05-16T11:30:21+00:00,0,https://www.instagram.com/reel/DYWUUopJgXC/,https://www.instagram.com/reel/DYWUUopJgXC/?comment_id=18030275969811062,scraping_instagram,thaa_ckp,Bapak izin bertanya Dana MBG berasal dr mana? Anak² libur  sekolah  tidak dapat MBG tapi relawannya tetep honor normal jalan terus lalu MBG ini tujuannya buat gizi anak atau  untuk memakmurkan relawan?
18111432637892265,2026-05-16T11:07:55+00:00,0,https://www.instagram.com/reel/DYWUUopJgXC/,https://www.instagram.com/reel/DYWUUopJgXC/?comment_id=18111432637892265,scraping_instagram,berryzvnr,ya tanya sama yg nerima wkwkw
17955247856963510,2026-05-16T11:03:22+00:00,0,https://www.instagram.com/reel/DYWUUopJgXC/,https://www.instagram.com/reel/DYWUUopJgXC/?comment_id=17955247856963510,scraping_instagram,triswana,Capek deh gass trus MBG jngan berenti 😂
18074219999279589,2026-05-16T09:20:44+00:00,0,https://www.instagram.com/reel/DYWUUopJgXC/,https://www.instagram.com/reel/DYWUUopJgXC/?comment_id=18074219999279589,scraping_instagram,fiyan0212,"Anankku disekolahnya suruh bawa bekal Krn klo ga abis atau ga dimakan suruh bawa pulang,,tapi pulang yg ada tetep aku buang masakannya itu"" aja"
18114005542875764,2026-05-16T08:54:27+00:00,3,https://www.instagram.com/reel/DYWUUopJgXC/,https://www.instagram.com/reel/DYWUUopJgXC/?comment_id=18114005542875764,scraping_instagram,resti_euy,"Semoga program ini terus di awasi, dievaluasi supaya semakin lebih baik lagi"
18143127109514032,2026-05-16T08:16:03+00:00,0,https://www.instagram.com/reel/DYWUUopJgXC/,https://www.instagram.com/reel/DYWUUopJgXC/?comment_id=18143127109514032,scraping_instagram,bayukrisna005,Omong kosong
18103552490475897,2026-05-16T07:51:55+00:00,0,https://www.instagram.com/reel/DYWUUopJgXC/,https://www.instagram.com/reel/DYWUUopJgXC/?comment_id=18103552490475897,scraping_instagram,sahidddmr,aplikasi MBG .1.2 T ???????
18093703405913636,2026-05-16T07:39:03+00:00,0,https://www.instagram.com/reel/DYWUUopJgXC/,https://www.instagram.com/reel/DYWUUopJgXC/?comment_id=18093703405913636,scraping_instagram,irfaan_af,"Peres,cari muka,mulut penipuu 🤣"
18082965524418362,2026-05-16T07:12:44+00:00,1,https://www.instagram.com/reel/DYWUUopJgXC/,https://www.instagram.com/reel/DYWUUopJgXC/?comment_id=18082965524418362,scraping_instagram,jgtranscorps,Riset kemana tong? Berapa banyak jumlah siswa yg kau riset? Berapa sekolah dan daerah yg kau riset? Riset di sekolah anakmu sendiri? Yg diriset juga cuma 10-20 siswa? Kocaq
18408560839194581,2026-05-16T06:33:47+00:00,0,https://www.instagram.com/reel/DYWUUopJgXC/,https://www.instagram.com/reel/DYWUUopJgXC/?comment_id=18408560839194581,scraping_instagram,aryodwiky,"TERKUTUKLAH BADAN GIZI NASIONAL BESERTA ATASAN-ATASANNYA, SEMOGA KALIAN MENDAPATKAN BALASAN YANG SETIMPAL-TIMPALNYA"
17988333347806702,2026-05-16T06:23:51+00:00,0,https://www.instagram.com/reel/DYWUUopJgXC/,https://www.instagram.com/reel/DYWUUopJgXC/?comment_id=17988333347806702,scraping_instagram,muhamad_anhar_sh,Segala ngomongin amal baik. Klo ga di kasih 6jt perhari dan 2rb per porsi juga mitra pada kabur semua. Mitra mau karena untung bukan karena mau beramal baik😂
18066712418371838,2026-05-16T06:10:34+00:00,0,https://www.instagram.com/reel/DYWUUopJgXC/,https://www.instagram.com/reel/DYWUUopJgXC/?comment_id=18066712418371838,scraping_instagram,aarohiim_,telekkkkkkkkk
18581174077059148,2026-05-16T06:08:13+00:00,0,https://www.instagram.com/reel/DYWUUopJgXC/,https://www.instagram.com/reel/DYWUUopJgXC/?comment_id=18581174077059148,scraping_instagram,ramburada.b,Realita banyak anak keracunan
18356801959237241,2026-05-16T05:44:27+00:00,0,https://www.instagram.com/reel/DYWUUopJgXC/,https://www.instagram.com/reel/DYWUUopJgXC/?comment_id=18356801959237241,scraping_instagram,wahdesinatra,TAI!!!!
17951763869983458,2026-05-16T05:33:53+00:00,0,https://www.instagram.com/reel/DYWUUopJgXC/,https://www.instagram.com/reel/DYWUUopJgXC/?comment_id=17951763869983458,scraping_instagram,bayu_wicak777,Demokratis? Sejak kapan pemerintah melakukan sosialisasi dan penyuluhan membuat kuesioner untuk berpendapat tentang mbg?
18126307657718059,2026-05-16T05:17:53+00:00,0,https://www.instagram.com/reel/DYWUUopJgXC/,https://www.instagram.com/reel/DYWUUopJgXC/?comment_id=18126307657718059,scraping_instagram,chan_lie10,"PROGRAM LOE BAGUS DARI ATAS,,,TAPI GOBLOK PENANGAN DI BAWAH,,,,MAKAN NYA COBA CEK KEBAWAH NYA,,,,PECAT OKNUM2 BANGSAT NYA,,,ITU DUIT NEGARA DARI HASIL PAJAK,,,PAJAK DARI RAKYAT,,,OTOMATIS ITU DUIT W,,,W GA MAU DUIT W BUAT ORANG2 BANGSAT YANG NGURUSIN MBG,,,,"
18315401725278873,2026-05-16T05:12:45+00:00,0,https://www.instagram.com/reel/DYWUUopJgXC/,https://www.instagram.com/reel/DYWUUopJgXC/?comment_id=18315401725278873,scraping_instagram,rohmatnuryana,Ah masa sih pak mana hasil risetnya? coba pake riset akademik bukan dengan di tanyakan berupa ucapan 😊 tuh udah ada risetnya di @mbg.watch dipahami ya 💯
18125174287553492,2026-05-16T05:05:16+00:00,0,https://www.instagram.com/reel/DYWUUopJgXC/,https://www.instagram.com/reel/DYWUUopJgXC/?comment_id=18125174287553492,scraping_instagram,zakia_h37,STOP MBG...
18423895606192762,2026-05-16T04:53:57+00:00,0,https://www.instagram.com/reel/DYWUUopJgXC/,https://www.instagram.com/reel/DYWUUopJgXC/?comment_id=18423895606192762,scraping_instagram,reyhanz_ajaa,data darimana?
17856733578645501,2026-05-16T04:48:54+00:00,0,https://www.instagram.com/reel/DYWUUopJgXC/,https://www.instagram.com/reel/DYWUUopJgXC/?comment_id=17856733578645501,scraping_instagram,wakhidatus_sholikhah,"Pak.. d sekolah anak diberi makan MBG 1 KALI, d rumah makam 2 kali masih plus camilan. ketika anak pintar dan sehat yg koar2 berhasil MBG nya.. padahal anak pintar krn guru n ortunya, anak sehat juga karena ortunya."
18070773608673671,2026-05-16T04:26:26+00:00,0,https://www.instagram.com/reel/DYWUUopJgXC/,https://www.instagram.com/reel/DYWUUopJgXC/?comment_id=18070773608673671,scraping_instagram,reny_drave,"😂 klo mau pinter, kasih cash ke ortu, ortu yang atur. Lebih banyak peluang korupsi dengan adanya MBG, harusnya sistem juga d mulai lebih sederhana. Hidupkan sekolah sehat, tanam kelola kebun bersama. Kalau tujuannya baik, tidak perlu ngotot bikin dapur MBG dikelola pejabat, kan uda banyak uangnya."
18141463603517534,2026-05-16T04:26:16+00:00,0,https://www.instagram.com/reel/DYWUUopJgXC/,https://www.instagram.com/reel/DYWUUopJgXC/?comment_id=18141463603517534,scraping_instagram,abiill99_,Anak mana ini yg ditanya👀
18099656717280821,2026-05-16T03:57:10+00:00,0,https://www.instagram.com/reel/DYWUUopJgXC/,https://www.instagram.com/reel/DYWUUopJgXC/?comment_id=18099656717280821,scraping_instagram,rivalstiwn,Di bayar berapa lu kontol sama si botak anjing itu
18192729121370590,2026-05-16T03:46:05+00:00,0,https://www.instagram.com/reel/DYWUUopJgXC/,https://www.instagram.com/reel/DYWUUopJgXC/?comment_id=18192729121370590,scraping_instagram,marvest__88,"SAKING BERHASILNYA SAMPE2 AYAM,BEBEK N ANJING JUGA KEBAGIAN KRN MAKANANNYA BASI..MBG ADALAH PROGRAM YG MENGINTUNGKAN SEGELINTIR ORG YG BERTAMENGKAN GIZI ANAK."
18196451752362225,2026-05-16T03:20:21+00:00,0,https://www.instagram.com/reel/DYWUUopJgXC/,https://www.instagram.com/reel/DYWUUopJgXC/?comment_id=18196451752362225,scraping_instagram,fayass22,"Mulut ny beracun, sama kayak makanan mbg"
18372681091160070,2026-05-16T03:13:03+00:00,0,https://www.instagram.com/reel/DYWUUopJgXC/,https://www.instagram.com/reel/DYWUUopJgXC/?comment_id=18372681091160070,scraping_instagram,apar_jember,"dapur nya aja banyak yg gk sesuai dengan SOP, APAR nya online semua😂😂😂 kapasitas gk sesuai dengan isinya"
18050069066523813,2026-05-16T03:12:47+00:00,0,https://www.instagram.com/reel/DYWUUopJgXC/,https://www.instagram.com/reel/DYWUUopJgXC/?comment_id=18050069066523813,scraping_instagram,martono_pwt,LANJUTKAN PROGRAM MULIA MBG.. JELAS BYK MEMBERI MANFAAT BUAT MASYARAKAT YANG PENTING PENGAWASAN MAKSIMAL..
18090510970994578,2026-05-16T02:40:16+00:00,0,https://www.instagram.com/reel/DYWUUopJgXC/,https://www.instagram.com/reel/DYWUUopJgXC/?comment_id=18090510970994578,scraping_instagram,iamreza.z,Program 🗿
18217374940321713,2026-05-16T02:31:12+00:00,0,https://www.instagram.com/reel/DYWUUopJgXC/,https://www.instagram.com/reel/DYWUUopJgXC/?comment_id=18217374940321713,scraping_instagram,ardianbig99,Preeett
18004523675867847,2026-05-16T02:21:18+00:00,0,https://www.instagram.com/reel/DYWUUopJgXC/,https://www.instagram.com/reel/DYWUUopJgXC/?comment_id=18004523675867847,scraping_instagram,effendirendra,Alfatihah buat bapak ini!!!!!
18097297712135039,2026-05-16T02:10:29+00:00,1,https://www.instagram.com/reel/DYWUUopJgXC/,https://www.instagram.com/reel/DYWUUopJgXC/?comment_id=18097297712135039,scraping_instagram,rararuru254,"Betul bpk thank you .. Tinggal benahi pengelola ..MBG jgn di hentikan .. Krn sy petani ssh merazakan perputaran ekomi .. Dgn adanya MBG haail panon , ternak lancaf 👍👍👍👍👍👍🇮🇩🇮🇩🇮🇩🇮🇩🇮🇩🇮🇩🇮🇩🇮🇩🇮🇩🇮🇩🇮🇩🇮🇩"
17850096231692135,2026-05-16T02:01:30+00:00,0,https://www.instagram.com/reel/DYWUUopJgXC/,https://www.instagram.com/reel/DYWUUopJgXC/?comment_id=17850096231692135,scraping_instagram,desa_peron,"Kalo saja tidak mengorbankan anggaran pendidikan dan kesehatan,"
18221628409318287,2026-05-16T01:40:14+00:00,0,https://www.instagram.com/reel/DYWUUopJgXC/,https://www.instagram.com/reel/DYWUUopJgXC/?comment_id=18221628409318287,scraping_instagram,anissanurislami,"Anaknya sendiri kali,sm anak saudara² nya yg ditanya"
18117145246739394,2026-05-16T01:36:56+00:00,0,https://www.instagram.com/reel/DYWUUopJgXC/,https://www.instagram.com/reel/DYWUUopJgXC/?comment_id=18117145246739394,scraping_instagram,asa.mmaniskehidupan,Dadan palanya kayak ko**** yang belum dicukur je****nya. M4T1 kau D4D4n
18073448657662401,2026-05-16T01:11:54+00:00,0,https://www.instagram.com/reel/DYWUUopJgXC/,https://www.instagram.com/reel/DYWUUopJgXC/?comment_id=18073448657662401,scraping_instagram,mochsyachroni2342,"Lha dipaksa, kan takut dg pemerintah"
18436464805184361,2026-05-16T00:50:31+00:00,0,https://www.instagram.com/reel/DYWUUopJgXC/,https://www.instagram.com/reel/DYWUUopJgXC/?comment_id=18436464805184361,scraping_instagram,yunita_tunjungsari,Sehat...?
18153370360480084,2026-05-16T00:43:18+00:00,0,https://www.instagram.com/reel/DYWUUopJgXC/,https://www.instagram.com/reel/DYWUUopJgXC/?comment_id=18153370360480084,scraping_instagram,soduuuu_,"Tai anjing lah, bubarin program mbg,"
18191254447373831,2026-05-16T00:42:04+00:00,0,https://www.instagram.com/reel/DYWUUopJgXC/,https://www.instagram.com/reel/DYWUUopJgXC/?comment_id=18191254447373831,scraping_instagram,bolidarius,"Om ini gmana sih. Kalau anak anak diberi makan lalu di tanya kalau tidak diberi makan mau gak, pasti di jawab gak mau. Artinya porgram beri makan orang itu tidak ada yang tidak baik. Proses pelaksanaan ini yang perlu di perhatikan, belanja tidak sesuai kebutuhan"
18108819139899167,2026-05-16T00:25:55+00:00,0,https://www.instagram.com/reel/DYWUUopJgXC/,https://www.instagram.com/reel/DYWUUopJgXC/?comment_id=18108819139899167,scraping_instagram,mohfauzanfathollah,Ayo Bubarkan MBG
17969568968902850,2026-05-16T00:25:23+00:00,0,https://www.instagram.com/reel/DYWUUopJgXC/,https://www.instagram.com/reel/DYWUUopJgXC/?comment_id=17969568968902850,scraping_instagram,mohfauzanfathollah,Perlu diketahui bahwa bapak ini sudah mendapatkan dana sharing untuk memberikan gambaran tentang MBG pada acara ini... Berbeda lagi kalau bapak ini tidak mendapatkan bagian😂
18082178183383554,2026-05-16T00:06:28+00:00,0,https://www.instagram.com/reel/DYWUUopJgXC/,https://www.instagram.com/reel/DYWUUopJgXC/?comment_id=18082178183383554,scraping_instagram,gigihwahyu91,TAI
18167791120437898,2026-05-16T00:02:46+00:00,0,https://www.instagram.com/reel/DYWUUopJgXC/,https://www.instagram.com/reel/DYWUUopJgXC/?comment_id=18167791120437898,scraping_instagram,anwarramadann,"kemaren saya keracunan loh makan mbg ini pak ahahaha, saya kerja di sekolahan btw"
18077769248213421,2026-05-15T23:52:11+00:00,0,https://www.instagram.com/reel/DYWUUopJgXC/,https://www.instagram.com/reel/DYWUUopJgXC/?comment_id=18077769248213421,scraping_instagram,ikky_code.tech,😂
18408489403146396,2026-05-15T23:13:49+00:00,0,https://www.instagram.com/reel/DYWUUopJgXC/,https://www.instagram.com/reel/DYWUUopJgXC/?comment_id=18408489403146396,scraping_instagram,mariyana9460,Preeet
17906123715241188,2026-05-15T23:10:54+00:00,0,https://www.instagram.com/reel/DYWUUopJgXC/,https://www.instagram.com/reel/DYWUUopJgXC/?comment_id=17906123715241188,scraping_instagram,sasak282716,"anak anak yg diriset adalah anak² yg belum bisa berfikir dampak jangka menengah dan jangka panjang,, alias anak² yg sifatnya dan daya fikirnya masih pendek dan masih dangkal yang masih mengukur sesuatu hanya dengan kesenangan sesaat yg hanya masih mementingkan isi perut saja maka jawabanx sdh sangat sangat bisa dipastikan .... lucuuuuuu"
18076451252242247,2026-05-15T22:36:27+00:00,0,https://www.instagram.com/reel/DYWUUopJgXC/,https://www.instagram.com/reel/DYWUUopJgXC/?comment_id=18076451252242247,scraping_instagram,wid_drandang,Hadeh .... 😂
18144375607505981,2026-05-15T22:13:44+00:00,0,https://www.instagram.com/reel/DYWUUopJgXC/,https://www.instagram.com/reel/DYWUUopJgXC/?comment_id=18144375607505981,scraping_instagram,rioakandri_,Apa pak tadi bicara merah putih😂
18048473216527942,2026-05-15T21:51:56+00:00,0,https://www.instagram.com/reel/DYWUUopJgXC/,https://www.instagram.com/reel/DYWUUopJgXC/?comment_id=18048473216527942,scraping_instagram,birubiasasar23,"Motor , kaos kaki , table dll sm GIZI hub nya apa ????? 😂😂😂"
17969053191053064,2026-05-15T21:11:45+00:00,0,https://www.instagram.com/reel/DYWUUopJgXC/,https://www.instagram.com/reel/DYWUUopJgXC/?comment_id=17969053191053064,scraping_instagram,yuyun.zakiah,Coba di cek cek apakah makanannya habis ap sisa?? .. kebanyakan makanannya terbuang 😢
18032562614806083,2026-05-15T21:11:04+00:00,0,https://www.instagram.com/reel/DYWUUopJgXC/,https://www.instagram.com/reel/DYWUUopJgXC/?comment_id=18032562614806083,scraping_instagram,l_dwicahyo,Bubarin bgn ga gunaa cuma habisin anggaran negara aja buat hal yg ga penting
18401574193150786,2026-05-15T19:16:41+00:00,0,https://www.instagram.com/reel/DYWUUopJgXC/,https://www.instagram.com/reel/DYWUUopJgXC/?comment_id=18401574193150786,scraping_instagram,tjiung_wanara_2255,"lanjut pak dengan MBG banyak lapangan kerja terbuka belum lagi ekonomi disekitar SPPG ikut menggeliat, orang yg tidak suka MBG hanya mereka yg pengetahuannya pas-pas an, cuma nonton berita keracunan dan tidak mau turun untuk melihat dampak langsung dari SPPG."
18102632942488985,2026-05-15T17:58:14+00:00,0,https://www.instagram.com/reel/DYWUUopJgXC/,https://www.instagram.com/reel/DYWUUopJgXC/?comment_id=18102632942488985,scraping_instagram,umkpertashop,"Keren prof.. Pikirkan anak bangsa, MBG pintu masuk Indonesia Emas."
18104037706780009,2026-05-15T17:54:57+00:00,0,https://www.instagram.com/reel/DYWUUopJgXC/,https://www.instagram.com/reel/DYWUUopJgXC/?comment_id=18104037706780009,scraping_instagram,jem.blacksw,Apakah anak-anak juga tau kalau harga kaos kaki 100k / PC?
18102605165513954,2026-05-15T17:37:38+00:00,0,https://www.instagram.com/reel/DYWUUopJgXC/,https://www.instagram.com/reel/DYWUUopJgXC/?comment_id=18102605165513954,scraping_instagram,fxtrtecho_,"Weyy kalo ditolak boleh itu juga namanya bukan demokratis, itu namanya inefisiensi. 'Lu gak mau gak apa2. Tapi gua akan tetap bangun SPPG, akan tetap bayar insentif para pemilik dapur, dst'. Bukannya prioritas wilayah 3T. Berarti kalian gak riset betul"" penerima manfaat nya, cuma jadi proyek bancakan!"
17951611188158997,2026-05-15T17:24:41+00:00,0,https://www.instagram.com/reel/DYWUUopJgXC/,https://www.instagram.com/reel/DYWUUopJgXC/?comment_id=17951611188158997,scraping_instagram,agung_hmby2024,Emang bergizi.. ?? Udah sesuai prosedur?
17931617043086187,2026-05-15T17:04:20+00:00,0,https://www.instagram.com/reel/DYWUUopJgXC/,https://www.instagram.com/reel/DYWUUopJgXC/?comment_id=17931617043086187,scraping_instagram,cikgu_km,"MBG bagus, hanya perlu pemetaan skala prioritas bangsa ini apa"
18103015441795333,2026-05-15T16:48:26+00:00,0,https://www.instagram.com/reel/DYWUUopJgXC/,https://www.instagram.com/reel/DYWUUopJgXC/?comment_id=18103015441795333,scraping_instagram,stefanus.setio,😂 Enteng nek gur omong!
18047025311597628,2026-05-15T16:20:08+00:00,0,https://www.instagram.com/reel/DYWUUopJgXC/,https://www.instagram.com/reel/DYWUUopJgXC/?comment_id=18047025311597628,scraping_instagram,hukumind_,TANYA KE ANAK MU?
18128715679590321,2026-05-15T16:19:55+00:00,0,https://www.instagram.com/reel/DYWUUopJgXC/,https://www.instagram.com/reel/DYWUUopJgXC/?comment_id=18128715679590321,scraping_instagram,hukumind_,RISET DIMANA PAK?
18092226358966091,2026-05-15T16:03:07+00:00,2,https://www.instagram.com/reel/DYWUUopJgXC/,https://www.instagram.com/reel/DYWUUopJgXC/?comment_id=18092226358966091,scraping_instagram,caklim,Nggak tepat sasaran.
17868802413673785,2026-05-15T16:00:05+00:00,0,https://www.instagram.com/reel/DYWUUopJgXC/,https://www.instagram.com/reel/DYWUUopJgXC/?comment_id=17868802413673785,scraping_instagram,savutra37,"Kita juga udah mendata ulang Penerima Manfaat.di Kolom terakhir ada STATUS.Rata""SEMUA menerima. Jadi dimana yg viral di tiktok yang menolak.  Menurutku itu kebanyakan Framing dendam politik"
17906291985240988,2026-05-15T15:29:12+00:00,0,https://www.instagram.com/reel/DYWUUopJgXC/,https://www.instagram.com/reel/DYWUUopJgXC/?comment_id=17906291985240988,scraping_instagram,kebeeeeeee,Hoam~~~
18103444306811293,2026-05-15T15:27:53+00:00,0,https://www.instagram.com/reel/DYWUUopJgXC/,https://www.instagram.com/reel/DYWUUopJgXC/?comment_id=18103444306811293,scraping_instagram,ucup96oficial,Anak2 saya selalu menanti mbg
18084635705229721,2026-05-15T15:02:43+00:00,0,https://www.instagram.com/reel/DYWUUopJgXC/,https://www.instagram.com/reel/DYWUUopJgXC/?comment_id=18084635705229721,scraping_instagram,rya_daniela,Cuman jadi taik😂😂😂sarang koruptor.. Taik banyak otak kosong
18009824696714308,2026-05-15T14:57:11+00:00,0,https://www.instagram.com/reel/DYWUUopJgXC/,https://www.instagram.com/reel/DYWUUopJgXC/?comment_id=18009824696714308,scraping_instagram,benjamintukangkayu,Based moment @clevelandasd @theboi_from_ipanema @kagiswana
18090907841195210,2026-05-15T14:32:21+00:00,3,https://www.instagram.com/reel/DYWUUopJgXC/,https://www.instagram.com/reel/DYWUUopJgXC/?comment_id=18090907841195210,scraping_instagram,awaskestunngab,MBG ( MAKAN BUSUK GRATIS)
18076944998214790,2026-05-15T14:23:14+00:00,39,https://www.instagram.com/reel/DYWUUopJgXC/,https://www.instagram.com/reel/DYWUUopJgXC/?comment_id=18076944998214790,scraping_instagram,abror.aulia,Saya guru SD pak ... percayalah sejak ada MBG jam istirahat saya kepotong untuk mengurus ompreng pak 😢
18130855771603474,2026-05-15T13:56:10+00:00,0,https://www.instagram.com/reel/DYWUUopJgXC/,https://www.instagram.com/reel/DYWUUopJgXC/?comment_id=18130855771603474,scraping_instagram,id_yat_,Taiii
18198365380359892,2026-05-15T13:52:51+00:00,0,https://www.instagram.com/reel/DYWUUopJgXC/,https://www.instagram.com/reel/DYWUUopJgXC/?comment_id=18198365380359892,scraping_instagram,hendracputra,😂
17952086010151583,2026-05-15T13:38:24+00:00,0,https://www.instagram.com/reel/DYWUUopJgXC/,https://www.instagram.com/reel/DYWUUopJgXC/?comment_id=17952086010151583,scraping_instagram,hendrik5374,Ank mana coba kau tanya anak kerancunan lanjut GK bacot
18102323197999217,2026-05-15T13:35:05+00:00,0,https://www.instagram.com/reel/DYWUUopJgXC/,https://www.instagram.com/reel/DYWUUopJgXC/?comment_id=18102323197999217,scraping_instagram,minggo_scc,"Eleh tua bangka lo, ngawur, anak cucu lu aja kali taik, jilaaattttt"
18088809983132994,2026-05-15T13:34:11+00:00,0,https://www.instagram.com/reel/DYWUUopJgXC/,https://www.instagram.com/reel/DYWUUopJgXC/?comment_id=18088809983132994,scraping_instagram,khfi__,👏🔥
18093027305228322,2026-05-15T13:17:19+00:00,0,https://www.instagram.com/reel/DYWUUopJgXC/,https://www.instagram.com/reel/DYWUUopJgXC/?comment_id=18093027305228322,scraping_instagram,alcakra,Hasil risetnya mana pak? Boleh dicantumkan? Penasaran mau baca hasil survey n peneliatan bapak
18586319056049399,2026-05-15T13:14:54+00:00,1,https://www.instagram.com/reel/DYWUUopJgXC/,https://www.instagram.com/reel/DYWUUopJgXC/?comment_id=18586319056049399,scraping_instagram,bahri_101,Itu anak anak pak belum faham apa apa yg dia tau dikasih makan geratis maulah gak tentang politik dampak MBG dll blom balig🔥🔥
18008197247883730,2026-05-15T13:12:24+00:00,0,https://www.instagram.com/reel/DYWUUopJgXC/,https://www.instagram.com/reel/DYWUUopJgXC/?comment_id=18008197247883730,scraping_instagram,gun.gun6393,Anjay
18076790303216486,2026-05-15T13:12:18+00:00,0,https://www.instagram.com/reel/DYWUUopJgXC/,https://www.instagram.com/reel/DYWUUopJgXC/?comment_id=18076790303216486,scraping_instagram,gun.gun6393,Bohongg
18037184429642140,2026-05-15T13:04:43+00:00,0,https://www.instagram.com/reel/DYWUUopJgXC/,https://www.instagram.com/reel/DYWUUopJgXC/?comment_id=18037184429642140,scraping_instagram,whiseka.88,Tujuan MBG utk.cegah stunting tp kenapa ke anak2 sekolah
18116434270808435,2026-05-15T13:03:46+00:00,0,https://www.instagram.com/reel/DYWUUopJgXC/,https://www.instagram.com/reel/DYWUUopJgXC/?comment_id=18116434270808435,scraping_instagram,tetysobari,Apakah mbg bermanfaat...?Tidak...!!! Presiden nanya ke masyarakat
17942237961205666,2026-05-15T13:01:25+00:00,0,https://www.instagram.com/reel/DYWUUopJgXC/,https://www.instagram.com/reel/DYWUUopJgXC/?comment_id=17942237961205666,scraping_instagram,bang._naga,STOP MBG
17864302680652627,2026-05-15T13:01:25+00:00,0,https://www.instagram.com/reel/DYWUUopJgXC/,https://www.instagram.com/reel/DYWUUopJgXC/?comment_id=17864302680652627,scraping_instagram,yan_iriansyah,Bapak  CERDAS🔥
18022592951827643,2026-05-15T12:35:45+00:00,60,https://www.instagram.com/reel/DYWUUopJgXC/,https://www.instagram.com/reel/DYWUUopJgXC/?comment_id=18022592951827643,scraping_instagram,windakusumaw,"Saya seorang ibu rumah tangga yg gelarnya sarjana gizi. Tiap anak pulang sekolah isinya cuma geleng-geleng liat MBG yg didapat anak saya. Yg hari-hari anak saya biasanya bisa beli susu sendiri, sekarang susu kadang jadi barang ghoib. Tolong coba kalo riset diperluas cakupannya. Miriiiiss kalo liat realitanya."
18391847671089484,2026-05-15T12:31:13+00:00,0,https://www.instagram.com/reel/DYWUUopJgXC/,https://www.instagram.com/reel/DYWUUopJgXC/?comment_id=18391847671089484,scraping_instagram,galeri_diandra,Prett
17952044582985115,2026-05-15T12:28:23+00:00,0,https://www.instagram.com/reel/DYWUUopJgXC/,https://www.instagram.com/reel/DYWUUopJgXC/?comment_id=17952044582985115,scraping_instagram,virgiawan40,cuh najis
18081989309304798,2026-05-15T12:23:58+00:00,1,https://www.instagram.com/reel/DYWUUopJgXC/,https://www.instagram.com/reel/DYWUUopJgXC/?comment_id=18081989309304798,scraping_instagram,rizkafauziyah__,"Nyatanyaaaa yang bergiji emak2nya yang gak tega buang makanan kalo jatah anak itu tdk d makan anak, krna anak ndk suke😢"
18158237059455580,2026-05-15T12:20:19+00:00,0,https://www.instagram.com/reel/DYWUUopJgXC/,https://www.instagram.com/reel/DYWUUopJgXC/?comment_id=18158237059455580,scraping_instagram,srihandayani4514,Pinter bang
18141570661512110,2026-05-15T12:11:05+00:00,0,https://www.instagram.com/reel/DYWUUopJgXC/,https://www.instagram.com/reel/DYWUUopJgXC/?comment_id=18141570661512110,scraping_instagram,sppg_banjar4,Bahkan pak di daerah saya ada satu sekolah yang belum dapat MBG dan fakta ketika ajarana baru dimulai tidak banyak orang tua yang mendaftarkan anaknya di sekolah sana. Beda dengan tahun ini ketika ada MBG yang daftar banyak!!??
17964501588078189,2026-05-15T12:02:24+00:00,0,https://www.instagram.com/reel/DYWUUopJgXC/,https://www.instagram.com/reel/DYWUUopJgXC/?comment_id=17964501588078189,scraping_instagram,dhanuady,Bukan msalah MBG nya tapi proses program ini yng dengan pengajuan anggaran yang gak jelas dan trasparant!!
18118407496670965,2026-05-15T12:01:39+00:00,0,https://www.instagram.com/reel/DYWUUopJgXC/,https://www.instagram.com/reel/DYWUUopJgXC/?comment_id=18118407496670965,scraping_instagram,robyanbafadal,Tanya mamaknya kasi anak MBG di sekolah atau kasi uang untuk masakan anaknya?
18114008038837996,2026-05-15T11:47:28+00:00,0,https://www.instagram.com/reel/DYWUUopJgXC/,https://www.instagram.com/reel/DYWUUopJgXC/?comment_id=18114008038837996,scraping_instagram,_xee.m_,"😂😂😂 coba tanya orang tua yang keracunan dan anak yang meninggal ,,,,😂😂😂"
18096730004143796,2026-05-15T11:41:17+00:00,0,https://www.instagram.com/reel/DYWUUopJgXC/,https://www.instagram.com/reel/DYWUUopJgXC/?comment_id=18096730004143796,scraping_instagram,ridwanabdurrahman5,Yang protes blm pernah makan  makanan yang bergizi soalnya
18586303564060936,2026-05-15T11:29:00+00:00,0,https://www.instagram.com/reel/DYWUUopJgXC/,https://www.instagram.com/reel/DYWUUopJgXC/?comment_id=18586303564060936,scraping_instagram,siswajombang,😂
18592397632022427,2026-05-15T11:27:30+00:00,1,https://www.instagram.com/reel/DYWUUopJgXC/,https://www.instagram.com/reel/DYWUUopJgXC/?comment_id=18592397632022427,scraping_instagram,jurias1724__,Korcam yg ToA kembalikan ke wilayah asal yaaaaa☺️☺️☺️☺️☺️☺️☺️☺️☺️☺️☺️☺️☺️☺️☺️☺️
18141742177520007,2026-05-15T11:09:13+00:00,0,https://www.instagram.com/reel/DYWUUopJgXC/,https://www.instagram.com/reel/DYWUUopJgXC/?comment_id=18141742177520007,scraping_instagram,stc_masserly,"MBG itu untuk anak2 stunting/rawan stunting atau untuk semua anak, yg cukup gizi dan gizi lebih juga ?"
17879465133596527,2026-05-15T11:00:30+00:00,2,https://www.instagram.com/reel/DYWUUopJgXC/,https://www.instagram.com/reel/DYWUUopJgXC/?comment_id=17879465133596527,scraping_instagram,lianurjanah87,"pak punten ya saya mendengar curhatan seorang guru d sekolah ank sy.. wkt minggu kmari pas acara pembagian rapot uts!! dgn adanya mbg ini aktifitas mengajar guru jd terhambat.. harus nya guru fokus untuk masuk jam pelajaran d sela jam tsb guru harus mencari ompren yg kurang,membersihkan makanan2 yg tidak di makan anak² bukan 1,2 ompreng saja tp ratusan ompreng dan it mnjd krjaan guru yg seharusnya beliau mengajar full d jam tsb... jam terus berjalan mata pelajaran tdk bs semua di sampaikan ke anak² krna guru tsb telat masuk krn terhambat mengurus mbg tsbt!! mungkin bwt anak² senang guru blm masuk,tp buat guru rugi krna tdk bs memberi materi pelajaran yg sesuai krna keburu habis jam pelajaran it😢 ini yg di sebut mencerdaskan anak bangsa?!"
17927550321298699,2026-05-15T10:43:43+00:00,0,https://www.instagram.com/reel/DYWUUopJgXC/,https://www.instagram.com/reel/DYWUUopJgXC/?comment_id=17927550321298699,scraping_instagram,faridz_nst,#ndilatsillitbenurip
18412073008180569,2026-05-15T10:43:14+00:00,0,https://www.instagram.com/reel/DYWUUopJgXC/,https://www.instagram.com/reel/DYWUUopJgXC/?comment_id=18412073008180569,scraping_instagram,faridz_nst,MBG #malingberkedokgizi
18267095926291093,2026-05-15T10:34:41+00:00,0,https://www.instagram.com/reel/DYWUUopJgXC/,https://www.instagram.com/reel/DYWUUopJgXC/?comment_id=18267095926291093,scraping_instagram,storybowogo,Biar tidak dikira buzzeer apakah sudah yakin dgn kalimatnya ga ada anak satupun yg menolak MBG ditutup? Ehh barangkali ada yg minta diuangkan.sy bukan pembenci MBG atau pendukung MBG. Kl sy hanya seorang hospitality yg sering bantu mitra MBG Kl tetep berjalan semoga sistem bisa diperbaiki utk dapur yg msh blm tertata dan menunya jgn di intervensi oleh oknum.
17856652548643811,2026-05-15T10:30:32+00:00,0,https://www.instagram.com/reel/DYWUUopJgXC/,https://www.instagram.com/reel/DYWUUopJgXC/?comment_id=17856652548643811,scraping_instagram,elni.novitasari,Beban APBN negara
17894655021327127,2026-05-15T10:21:16+00:00,0,https://www.instagram.com/reel/DYWUUopJgXC/,https://www.instagram.com/reel/DYWUUopJgXC/?comment_id=17894655021327127,scraping_instagram,arif_al_buchori,mitra yang peduli terhadap distribusi gizi adalah bagian penting dalam mendukung tumbuh kembang anak-anak Indonesia.
18136736629551465,2026-05-15T10:11:37+00:00,0,https://www.instagram.com/reel/DYWUUopJgXC/,https://www.instagram.com/reel/DYWUUopJgXC/?comment_id=18136736629551465,scraping_instagram,luckymbei2015_united1878,Maling Berkedok Gizi
18090811466006462,2026-05-15T10:08:54+00:00,0,https://www.instagram.com/reel/DYWUUopJgXC/,https://www.instagram.com/reel/DYWUUopJgXC/?comment_id=18090811466006462,scraping_instagram,zidanehaspra,Anak² saya juga wni cm karena anak² saya mondok tp gak pernah ngerasain MBG dan alhamdulillah anak² saya berprestasi semua
18115799701761636,2026-05-15T10:02:31+00:00,0,https://www.instagram.com/reel/DYWUUopJgXC/,https://www.instagram.com/reel/DYWUUopJgXC/?comment_id=18115799701761636,scraping_instagram,yusaktotok,"SEKEDAR DISKUSI. BADAN GIZI jangan EGOIS donk. Hanya maunya sendiri. Tidak kasihan yg kena dampak bagi penerima manfaat. MBG itu program yang memberi manfaat. selain memberi manfaat,  Juga mesti dievaluasi penerima manfaat yakni ibu hamil dan anak sekolah.  Untuk ibu hamil sebelum  makan bergizi  harus diperiksa dan diukur dengan antenatal care, dicatat dalam buku KIA hasilnya dibaca oleh dokter ahli kandungan. Setelah makan beberapa bulan diperiksa lagi perkembangannya. Berapa ibu hamil yg kurang gizi, berapa ibu hamil normal, setelah melahirkan berapa yg BBLR, berapa yg kembar, berapa yg di atas rata rata, dsb.  Untuk anak sekolah,  sebelum dan sesudah diberi makan program MBG diukur diperiksa status kesehatan dan indeks masa tubuh,  hasilnya dibaca oleh dokter ahli gizi klinik dan ahli anak. Setelah 4 bulan/ waktu tertentu  diperiksa dukur untuk mengetahui perkembangan Indeks Masa Tubuh. Dan  Ditulis dalam raport kesehatan.  Berapa yg masih kurang gizi, berapa yg normal, berapa yg obesitas, ada tidak yg stunting. Setelah 1 tahun nilai raportnya naik tidak ? Rata rata kenikannya  berapa ? Dsb.. Tanpa kegiatan ini program MBG serasa kurang bermakna.🙏🏻 intinya mesti melibatkan tenaga kesehatan. Apa lagi untuk food security. Harus melibatkan tenaga kesehatan seperti sanitarian dan apoteker."
18376384393165476,2026-05-15T09:58:04+00:00,0,https://www.instagram.com/reel/DYWUUopJgXC/,https://www.instagram.com/reel/DYWUUopJgXC/?comment_id=18376384393165476,scraping_instagram,ar_rahman_temanggung,"MBG tujuan bagus, pelaksanaan ngawur.
1. Harusnya yg dapat anak dari keluarga pra sejahtera. Makanan terbuang krn banyak anak standarnya lbh tinggi dr mbg.
2. Anggaran 10% apbn, negara lain maks 0.5%. Negara tekor.
3. Pakai SPPG,  umkm ditinggal, kualitas kurang krn dana habis di sppg.
 
Masalahnya, mbg punya target lain : 
1. Bagi2 proyek utk kroni2 nya.
2. Ternak suara pemilu 2029.
3. Mengikat Polri/Tni/Ormas.
 
Lupakan GIZI. Ini apbn yg dihambur2 kan."
18074209826665639,2026-05-15T09:57:46+00:00,6,https://www.instagram.com/reel/DYWUUopJgXC/,https://www.instagram.com/reel/DYWUUopJgXC/?comment_id=18074209826665639,scraping_instagram,awanstore27,"MBG UDAH JALAN 1 TAHUN, TES ANAK2 YG UDAH MAKAN MBG, IQ NYA GIMNA"
17993840129785821,2026-05-15T09:54:01+00:00,0,https://www.instagram.com/reel/DYWUUopJgXC/,https://www.instagram.com/reel/DYWUUopJgXC/?comment_id=17993840129785821,scraping_instagram,hasannuril,"pintarnya kalian hanya pada anak2 kecil (TK,SD,SMP)... karena anak kecil akan selalu iri ketika temannya dapat makan gratis kenapa dia tidak, saya sadar itu adalah strategi yg brilian tapi licik, ingat kalian di BGN hanya memaksakan program yang diciptakan untuk memuluskan karir seorang anak muda putra mantan presiden karena anggaran yang luar biasa besarnya demi hirarki kekuasaan di negeri ini dan kalian sadar betul akan hal tersebut tapi kalian diam seolah program ini adalah program yang benar2 dan wajib di laksanakan sementara banyak anggaran lain yang harus dialihkan demi menggaji kalian semua.. salam sehat untuk kalian salam hangat dari kami yang menggaji kalian.."
17882628813416574,2026-05-15T09:43:18+00:00,0,https://www.instagram.com/reel/DYWUUopJgXC/,https://www.instagram.com/reel/DYWUUopJgXC/?comment_id=17882628813416574,scraping_instagram,dontjandra,Hidup MBG 🔥🔥🔥🔥
18426395407125449,2026-05-15T09:40:25+00:00,0,https://www.instagram.com/reel/DYWUUopJgXC/,https://www.instagram.com/reel/DYWUUopJgXC/?comment_id=18426395407125449,scraping_instagram,sand_die_mercury,murid yang jawab enggak nilai raportnya anjlok gak ya?
18413586208179824,2026-05-15T09:31:30+00:00,0,https://www.instagram.com/reel/DYWUUopJgXC/,https://www.instagram.com/reel/DYWUUopJgXC/?comment_id=18413586208179824,scraping_instagram,resiprokal32,"ane selaku rakyat jelata mau usul kl masih pengen tetep ada program MBG dan Kopdes...maka MBG khusus desil 1-5 , bentuknya voucher (boleh fisik/digital) yang hanya bisa digunakan berbelanja sembako di Kopdes merah putih. Kopdes merah putih lah yang berusaha memberdayakan petani2 dan umkm lokal. Agar mobil los bak yang dibeli pake APBN berfungsi menjemput hasil panen para petani2 kecil dan produk2 UMKM. Kalau perlu jadikan kopdes keliling yang mendekatkan sembako ke masy kurang mampu bahkan yang mampu juga boleh jika ingin belanja di kopdes merput (cuan lagi kan?) shg kopdes merah putih bakal hidup krn tiap hari selalu ada yang belanja di kopdes. Kader TPK (isinya emak2 hebat) dan petugas gizi puskesmas (true warrior) bertugas mendampingi dan mengawasi agar tepat guna dan tepat sasaran (sembako menjadi makanan bergizi, yang dikasih makan siapa, berapa kali sehari). Jadi gak perlu yang namanya beli motor listrik, bangun SPPG, buat IPAL, beliperalatan makan, laptop, tablet, printer, seragam, sepatu, kaos kaki, semir sepatu, insentif, pelatihan dan sosialisasi, EO, aplikasi manajemen yang nilai nya menyentuh puluhan Triliun (setara APBD 5 tahun di mayoritas kab/kot).. Tidak ada lagi anak yang terpaksa makan MBG di sekolahnya..tidak ada lagi guru2 yang diribetkan dan jadi tumbal MBG apalagi bila ada kasus keracunan.. kl MBG hanya dikhususkan untuk anak tidak mampu, bisa2 dia di bully krn ketidakmampuannya... atau dihukum karena tidak menghabiskan MBG.. kl makanannya habis dikatain 'lapar atau doyan' jika gak habis dikatain 'udah digratisin kok gak dihabisin ? gak bersyukur ya kamu'.. psikologi anak akan terganggu...yakin deh... jadi INTINYA gak perlu ada yang namanya BGN (BUBARKAN SAJA!!) tapi program MBG tetap ada cuma metodenya seperti itu. Krn kl dikasih uang juga, ane yakin cuma jadi rokok/topi bapake atau tas/make up ibune... pertanyaannya siapa yang kelola voucher ? Kemensos melalui Dinsos kab/kota... untuk operasional kader TPK diintegrasikan dengan program nasional pengentasan stunting DAK BOKB Kemendukbangga... untuk operasional petugas gizi diintegrasikan dengan DAK BOK Kemenkes. Jadi lebih efektif dan efisien menurut keyakinan saya..."
18188324065334412,2026-05-15T09:30:51+00:00,0,https://www.instagram.com/reel/DYWUUopJgXC/,https://www.instagram.com/reel/DYWUUopJgXC/?comment_id=18188324065334412,scraping_instagram,amerta3760,Khontholll😂
18067566188349495,2026-05-15T09:29:35+00:00,0,https://www.instagram.com/reel/DYWUUopJgXC/,https://www.instagram.com/reel/DYWUUopJgXC/?comment_id=18067566188349495,scraping_instagram,4_ridzky,Bacot
18083498024573971,2026-05-15T09:21:29+00:00,0,https://www.instagram.com/reel/DYWUUopJgXC/,https://www.instagram.com/reel/DYWUUopJgXC/?comment_id=18083498024573971,scraping_instagram,rifaifai122,Itu program baik tapi nyolongnyaa.... mengurangi anggaran ...
17874795435602534,2026-05-15T09:14:15+00:00,0,https://www.instagram.com/reel/DYWUUopJgXC/,https://www.instagram.com/reel/DYWUUopJgXC/?comment_id=17874795435602534,scraping_instagram,feri_nur_andrianto,NDABRUS PAK????GPP LANJUTKAN SJA 3.5 TAHUN MASIH LAMA.. SILAHKAN SAJA DINIKMATI SELAGI MASIH BERKUASA.. NIKMATILAH..
18174213439407291,2026-05-15T09:02:52+00:00,3,https://www.instagram.com/reel/DYWUUopJgXC/,https://www.instagram.com/reel/DYWUUopJgXC/?comment_id=18174213439407291,scraping_instagram,keik_chuk,Sekali2 tanya ke pemilik kantin sekolah gimana pendapatnya
18082536377419442,2026-05-15T09:00:00+00:00,0,https://www.instagram.com/reel/DYWUUopJgXC/,https://www.instagram.com/reel/DYWUUopJgXC/?comment_id=18082536377419442,scraping_instagram,arifdjono,Anak mana yg kritis?
18104977912778932,2026-05-15T08:53:46+00:00,0,https://www.instagram.com/reel/DYWUUopJgXC/,https://www.instagram.com/reel/DYWUUopJgXC/?comment_id=18104977912778932,scraping_instagram,apriarief,"Sudah bertanya juga ke anak-anak yang menjadi ""korban"" keracunan MBG belum, Min @sidakbgn, @badangizinasional.ri? 🙏🏻"
18098184455038977,2026-05-15T08:49:31+00:00,0,https://www.instagram.com/reel/DYWUUopJgXC/,https://www.instagram.com/reel/DYWUUopJgXC/?comment_id=18098184455038977,scraping_instagram,fauziachmad673,Taekkkk
17869352499527259,2026-05-15T08:33:47+00:00,9,https://www.instagram.com/reel/DYWUUopJgXC/,https://www.instagram.com/reel/DYWUUopJgXC/?comment_id=17869352499527259,scraping_instagram,mfawzanazhiima,Narsumnya jangan yg sekolam dong coba undang beliau nih @salim_dower
17909060778225364,2026-05-15T08:29:14+00:00,1,https://www.instagram.com/reel/DYWUUopJgXC/,https://www.instagram.com/reel/DYWUUopJgXC/?comment_id=17909060778225364,scraping_instagram,sholiqul,Pengen deh rasanya ludahin mukanya bapak itu
18047223734770785,2026-05-15T08:24:05+00:00,1,https://www.instagram.com/reel/DYWUUopJgXC/,https://www.instagram.com/reel/DYWUUopJgXC/?comment_id=18047223734770785,scraping_instagram,alvian_zgr,Kontolllllllllllll
18402342430151206,2026-05-15T08:18:00+00:00,0,https://www.instagram.com/reel/DYWUUopJgXC/,https://www.instagram.com/reel/DYWUUopJgXC/?comment_id=18402342430151206,scraping_instagram,topan_rakyatbiasa,"loe survey nya sambil minum inex sih 😂😂😂,"
18001363220922592,2026-05-15T08:17:40+00:00,0,https://www.instagram.com/reel/DYWUUopJgXC/,https://www.instagram.com/reel/DYWUUopJgXC/?comment_id=18001363220922592,scraping_instagram,topan_rakyatbiasa,"calon penghuni neraka bertambah lagi,

Dadan Dkk😂😂"
18140436286513355,2026-05-15T08:05:57+00:00,1,https://www.instagram.com/reel/DYWUUopJgXC/,https://www.instagram.com/reel/DYWUUopJgXC/?comment_id=18140436286513355,scraping_instagram,denny_ruladi,"Lawak Lo,,wouy MAKANAN BERACUN GRATIS YANG LO BAGIIN,UDAH BRAPA BANYAK MURID & GURU YG JADI KORBAN KERACUNAN???MIKIR..."
17881805847568979,2026-05-15T07:54:12+00:00,0,https://www.instagram.com/reel/DYWUUopJgXC/,https://www.instagram.com/reel/DYWUUopJgXC/?comment_id=17881805847568979,scraping_instagram,awangteguhs,MBG 25 Tahun
17982702809990354,2026-05-15T07:52:39+00:00,4,https://www.instagram.com/reel/DYWUUopJgXC/,https://www.instagram.com/reel/DYWUUopJgXC/?comment_id=17982702809990354,scraping_instagram,hayatunnufus_019,Nyatanya... Menu mbg ridak terjamin gizinya.
17993710481959469,2026-05-15T07:50:21+00:00,1,https://www.instagram.com/reel/DYWUUopJgXC/,https://www.instagram.com/reel/DYWUUopJgXC/?comment_id=17993710481959469,scraping_instagram,multiinvestasi,"MBG adalah channel korupsi terang2 an terbesar sepanjang berdirinya Republik ini.... Makan Gratisnya wajib, namun maling2 dengan kuasa penuh dan tidak bisa disentuh dalam penyaluran dana MBG ini yg dipermasalahkan oleh rakyat"
18083507915388525,2026-05-15T07:49:10+00:00,13,https://www.instagram.com/reel/DYWUUopJgXC/,https://www.instagram.com/reel/DYWUUopJgXC/?comment_id=18083507915388525,scraping_instagram,fang.toing,Itu yg ngomong punya berapa Sppg???
17855093562656966,2026-05-15T07:46:12+00:00,0,https://www.instagram.com/reel/DYWUUopJgXC/,https://www.instagram.com/reel/DYWUUopJgXC/?comment_id=17855093562656966,scraping_instagram,tutiklasminingsih70,Makn bersama nikmat nya luar biasa..👍👍
18101045002827374,2026-05-15T07:34:17+00:00,88,https://www.instagram.com/reel/DYWUUopJgXC/,https://www.instagram.com/reel/DYWUUopJgXC/?comment_id=18101045002827374,scraping_instagram,ukonsukanda,Tapi mengurangi anggaran pendidikan?
18107399507506388,2026-05-15T07:33:41+00:00,0,https://www.instagram.com/reel/DYWUUopJgXC/,https://www.instagram.com/reel/DYWUUopJgXC/?comment_id=18107399507506388,scraping_instagram,gomazinc,Buzzer mbg😂
18105955798745931,2026-05-15T07:31:31+00:00,5,https://www.instagram.com/reel/DYWUUopJgXC/,https://www.instagram.com/reel/DYWUUopJgXC/?comment_id=18105955798745931,scraping_instagram,danielyobi_,"MBG itu Hak anak indonesia, sebagaimana Hak, penerima manfaat MBG berhak menolak atau menerima untuk dirinya/anaknya sendiri. Faktanya, yang diberikan Hak (anak, ortu, bumil, busui, balita) yang menolak bisa dihitung jari. Yang lucu itu kalau tak masuk dalam kategori ber-Hak sok sok an mau nolak. Pertanyaannya suara siapa yang Anda wakilkan? Kuncinya ialah ""setiap orang berhak menolak MBG untuk anaknya, tapi tak punya hak atas anak orang"". Kalau masih belum bisa dicerna, sebaiknya lakukan pemeriksaan penyakit iri hati ke dokter jiwa."
18201198928352770,2026-05-15T07:31:20+00:00,0,https://www.instagram.com/reel/DYWUUopJgXC/,https://www.instagram.com/reel/DYWUUopJgXC/?comment_id=18201198928352770,scraping_instagram,sugianto_suratinojo,Setuju Pak...program MBG sangat baik dan dipertahankan dengan selalu meningkatkan pelayanannya 🔥🔥🔥
17925311595336510,2026-05-15T07:29:34+00:00,0,https://www.instagram.com/reel/DYWUUopJgXC/,https://www.instagram.com/reel/DYWUUopJgXC/?comment_id=17925311595336510,scraping_instagram,zainadzraie,Bismillah Komisaris
18061798784468985,2026-05-15T07:28:57+00:00,4,https://www.instagram.com/reel/DYWUUopJgXC/,https://www.instagram.com/reel/DYWUUopJgXC/?comment_id=18061798784468985,scraping_instagram,harilangitan,MBG 25 TAHUN !!!
18093309641213625,2026-05-15T07:25:33+00:00,1,https://www.instagram.com/reel/DYWUUopJgXC/,https://www.instagram.com/reel/DYWUUopJgXC/?comment_id=18093309641213625,scraping_instagram,isfatoni_97,Mitra di monopoli hanya orang dalam yg bisa nyuplai apalagi mitra kadang bikin sendiri tidak ambil di UMKM belum lagi mitra yg Mark up harga
18119262922672680,2026-05-15T07:23:57+00:00,2,https://www.instagram.com/reel/DYWUUopJgXC/,https://www.instagram.com/reel/DYWUUopJgXC/?comment_id=18119262922672680,scraping_instagram,fatimah46311,lanjutkan 👏👏👏
18125029522622493,2026-05-15T07:23:13+00:00,0,https://www.instagram.com/reel/DYWUUopJgXC/,https://www.instagram.com/reel/DYWUUopJgXC/?comment_id=18125029522622493,scraping_instagram,rhandoko21,Tambah anggaran nya..🔥
18122041939656351,2026-05-15T07:20:41+00:00,22,https://www.instagram.com/reel/DYWUUopJgXC/,https://www.instagram.com/reel/DYWUUopJgXC/?comment_id=18122041939656351,scraping_instagram,yusmiang,Yang di kota aja dihentikan . Toh mwreka cukup gizi ... Berani  ngga ????
18026215697643076,2026-05-15T07:20:02+00:00,0,https://www.instagram.com/reel/DYWUUopJgXC/,https://www.instagram.com/reel/DYWUUopJgXC/?comment_id=18026215697643076,scraping_instagram,yusmiang,Yang di kota aja dihentikan . Toh mwreka cukup gizi ... Berani  ngga ????
18046970948604384,2026-05-15T07:18:04+00:00,2,https://www.instagram.com/reel/DYWUUopJgXC/,https://www.instagram.com/reel/DYWUUopJgXC/?comment_id=18046970948604384,scraping_instagram,konoha_amaterasu,"Program nya ok, tapi yg t0l0l, BGN berkomplot bareng maling, tikus dan pjbt maling utk bikin sistem mulai dr noll, elo bangun sistem collab ama maling jadinya duit APBN banyak masuk kantor parpol, pjbt maling, kalo duit makan dan distribusi doang, 40 T cukup, yg mahal tuh bikin sistem dr nol tapi collab ama maling anggaran, pjbt badjingan parpol tikus2 rakus"
17876116383599376,2026-05-15T07:11:48+00:00,3,https://www.instagram.com/reel/DYWUUopJgXC/,https://www.instagram.com/reel/DYWUUopJgXC/?comment_id=17876116383599376,scraping_instagram,masbudpray,#stopmbg sejahterakan Guru
18066130049376082,2026-05-15T07:11:22+00:00,6,https://www.instagram.com/reel/DYWUUopJgXC/,https://www.instagram.com/reel/DYWUUopJgXC/?comment_id=18066130049376082,scraping_instagram,masbudpray,#stopmbg
18008435519884174,2026-05-15T07:09:57+00:00,1,https://www.instagram.com/reel/DYWUUopJgXC/,https://www.instagram.com/reel/DYWUUopJgXC/?comment_id=18008435519884174,scraping_instagram,iki_alfashi11,Yg riset orang orang yang di kasih kenyang proyek MBG ya ngomong nya kek tai gini
17882589687565353,2026-05-15T07:09:05+00:00,1,https://www.instagram.com/reel/DYWUUopJgXC/,https://www.instagram.com/reel/DYWUUopJgXC/?comment_id=17882589687565353,scraping_instagram,iki_alfashi11,"Riset di mana pak..?
Anak anak bayi ya di tanya..?
Tanya yang faham coba ayo riset ke orang tuanya,
Giliran di hujat ndk berani di ripost giliran baik2 aja di ripost MBG💩"
18081846077531035,2026-05-15T07:02:55+00:00,12,https://www.instagram.com/reel/DYWUUopJgXC/,https://www.instagram.com/reel/DYWUUopJgXC/?comment_id=18081846077531035,scraping_instagram,rydnyz_lum,"sekali kali posting yg keracunan d laman resmi nya min, yg terbaru kmren d surabaya yg pertama kali olahan daging yg pas ratusan siswa keracunan masal. 😢"
18527426881076123,2026-05-15T07:02:08+00:00,3,https://www.instagram.com/reel/DYWUUopJgXC/,https://www.instagram.com/reel/DYWUUopJgXC/?comment_id=18527426881076123,scraping_instagram,subhanali,terbaik 👏❤️🔥
17948505543168872,2026-05-15T06:58:00+00:00,25,https://www.instagram.com/reel/DYWUUopJgXC/,https://www.instagram.com/reel/DYWUUopJgXC/?comment_id=17948505543168872,scraping_instagram,xbcharinnn,JALAN TERUS PAK. MAJU TERUS. PENONTON EMANG SELALU HEBOH DARI INSTITUSI TERKAIT. NIATNYA ADALAH UNTUK ANAK-ANAK BANGSA NEGERI MERAH PUTIH KE DEPAN ♥️🤍♥️
17900864088278932,2026-05-15T06:57:04+00:00,1,https://www.instagram.com/reel/DYWUUopJgXC/,https://www.instagram.com/reel/DYWUUopJgXC/?comment_id=17900864088278932,scraping_instagram,adharizkyyy,Atasan lu makin botak aja pala nya itu?
18179636287386250,2026-05-15T06:55:30+00:00,0,https://www.instagram.com/reel/DYWUUopJgXC/,https://www.instagram.com/reel/DYWUUopJgXC/?comment_id=18179636287386250,scraping_instagram,firman.imanulhaq,Bacot😂
18043591895563699,2026-05-15T06:55:21+00:00,1,https://www.instagram.com/reel/DYWUUopJgXC/,https://www.instagram.com/reel/DYWUUopJgXC/?comment_id=18043591895563699,scraping_instagram,sofieayu2,"Ini lah zombie + isi otaknya angin ending nya Meledak ledak 😂😂😂.
Ini zombie di kasih panggung ... Meledak ledak ! 😂😂😂"
17964506925084074,2026-05-15T06:54:14+00:00,10,https://www.instagram.com/reel/DYWUUopJgXC/,https://www.instagram.com/reel/DYWUUopJgXC/?comment_id=17964506925084074,scraping_instagram,eksekutor56,OMONGKOSONG
17880081696593146,2026-05-15T06:49:38+00:00,44,https://www.instagram.com/reel/DYWUUopJgXC/,https://www.instagram.com/reel/DYWUUopJgXC/?comment_id=17880081696593146,scraping_instagram,aryqpake_y,"Anak mana yang ditanya pak!!?,anda tidak melakukan wawancara kepada seluruh anak di Indonesia,anda hanya menanyakan ke beberapa.lagipula lebih berguna jika anggaran mbg di alihkan untuk anggaran pendidikan, jikalaupun mbg ini di gunakan untuk memperbaiki gizi anak,mana bukti nya??"
18043306061789277,2026-05-15T06:45:38+00:00,2,https://www.instagram.com/reel/DYWUUopJgXC/,https://www.instagram.com/reel/DYWUUopJgXC/?comment_id=18043306061789277,scraping_instagram,ibukanis_,Y jelas g mau pa. Wong setahun anggaran paling besar diantara banyaknya kementrian. Termasuk kesehatan dan pendidikan
18371924647203231,2026-05-15T06:42:23+00:00,3,https://www.instagram.com/reel/DYWUUopJgXC/,https://www.instagram.com/reel/DYWUUopJgXC/?comment_id=18371924647203231,scraping_instagram,zeyhan960,Ayo pak buat poling terbuka sama BGN biar jelas
18062894168704440,2026-05-15T06:39:14+00:00,11,https://www.instagram.com/reel/DYWUUopJgXC/,https://www.instagram.com/reel/DYWUUopJgXC/?comment_id=18062894168704440,scraping_instagram,jaja_kaaaa,Bikin aja poling terbuka yang di lakukan oleh independen
18008523833855973,2026-05-15T06:38:14+00:00,3,https://www.instagram.com/reel/DYWUUopJgXC/,https://www.instagram.com/reel/DYWUUopJgXC/?comment_id=18008523833855973,scraping_instagram,rickyceceprjg,yok pak riset bareng kalau bisa tembus Q1 pakai data triangulasi data
17863983438567586,2026-05-15T06:26:38+00:00,52,https://www.instagram.com/reel/DYWUUopJgXC/,https://www.instagram.com/reel/DYWUUopJgXC/?comment_id=17863983438567586,scraping_instagram,rickyceceprjg,"tanya anak2, tanya ke yang lain dong. MBG dak jelas"
17923006263341703,2026-05-15T06:23:50+00:00,0,https://www.instagram.com/reel/DYWUUopJgXC/,https://www.instagram.com/reel/DYWUUopJgXC/?comment_id=17923006263341703,scraping_instagram,nikolaus_nainggolan,🔥🔥❤️❤️
18021304469831059,2026-05-14T12:57:12+00:00,10,https://www.instagram.com/p/DYRquOxifSj/,https://www.instagram.com/p/DYRquOxifSj/?comment_id=18021304469831059,scraping_instagram,ardiniutam_,Mbg tapi isi nya seuprit😂
18095693165164643,2026-05-13T11:14:36+00:00,1,https://www.instagram.com/p/DYRquOxifSj/,https://www.instagram.com/p/DYRquOxifSj/?comment_id=18095693165164643,scraping_instagram,dinand_ap,"Semangat Mimin @badangizinasional.ri , harus evaluasi biar BGN semakin baik lagi kedepannya.."
18080411927552113,2026-05-13T11:22:57+00:00,16,https://www.instagram.com/p/DYRquOxifSj/,https://www.instagram.com/p/DYRquOxifSj/?comment_id=18080411927552113,scraping_instagram,shanty.jayanti.31,Tolong direspon ya min keluh kesah kami..karena menu mbg dikami sangat jauh dengan mbg mbg yang mimin posting..kami juga mau min dapat hak anak kami mbg nya kaya yang suka mimin posting..bagus bgus..
17877359064458295,2026-05-14T08:56:00+00:00,4,https://www.instagram.com/p/DYRquOxifSj/,https://www.instagram.com/p/DYRquOxifSj/?comment_id=17877359064458295,scraping_instagram,iysell_1,Program MBG menunjukkan bahwa pemerintah fokus membangun kualitas sumber daya manusia sejak dini. Generasi sehat akan membawa Indonesia semakin maju.
17899601589443902,2026-05-14T07:55:14+00:00,0,https://www.instagram.com/p/DYRquOxifSj/,https://www.instagram.com/p/DYRquOxifSj/?comment_id=17899601589443902,scraping_instagram,romi_o4935,Melihat anak-anak makan sehat dengan bahagia rasanya menenangkan
18081512867143415,2026-05-13T13:31:59+00:00,6,https://www.instagram.com/p/DYRquOxifSj/,https://www.instagram.com/p/DYRquOxifSj/?comment_id=18081512867143415,scraping_instagram,infokabkupang,mohon di liat postingan terbaru saya kasus keracunan dan mohon atensinya dari @badangizinasional.ri
18098087542892033,2026-05-14T03:12:38+00:00,2,https://www.instagram.com/p/DYRquOxifSj/,https://www.instagram.com/p/DYRquOxifSj/?comment_id=18098087542892033,scraping_instagram,iguana.kulon,Semangat MBG sukses selalu 🙏🏻🇮🇩💯
18193912207365527,2026-05-13T11:16:08+00:00,4,https://www.instagram.com/p/DYRquOxifSj/,https://www.instagram.com/p/DYRquOxifSj/?comment_id=18193912207365527,scraping_instagram,siiwardana646,Mbg tidak termasuk dalam 4 sehat 5 sempurna...
18395862430157875,2026-05-13T11:38:14+00:00,43,https://www.instagram.com/p/DYRquOxifSj/,https://www.instagram.com/p/DYRquOxifSj/?comment_id=18395862430157875,scraping_instagram,bang._naga,STOP MBG
17971415892022398,2026-05-14T07:19:43+00:00,5,https://www.instagram.com/p/DYRquOxifSj/,https://www.instagram.com/p/DYRquOxifSj/?comment_id=17971415892022398,scraping_instagram,_brainestly,Cuih cuih cuih
18098112764012431,2026-05-14T03:14:11+00:00,7,https://www.instagram.com/p/DYRquOxifSj/,https://www.instagram.com/p/DYRquOxifSj/?comment_id=18098112764012431,scraping_instagram,iguana.kulon,MBG program terbaik untuk masyarakat Indonesia 🇮🇩♥️🫡
18126408532548122,2026-05-13T18:10:26+00:00,117,https://www.instagram.com/p/DYRquOxifSj/,https://www.instagram.com/p/DYRquOxifSj/?comment_id=18126408532548122,scraping_instagram,riswan_habibi,MBG ANJING MBG ANJING MBG ANJING MBG ANJING MBG ANJING  MBG ANJING MBG ANJING MBG ANJING MBG ANJING MBG ANJING  MBG ANJING MBG ANJING MBG ANJING MBG ANJING MBG ANJING  MBG ANJING MBG ANJING MBG ANJING MBG ANJING MBG ANJING  MBG ANJING MBG ANJING MBG ANJING MBG ANJING MBG ANJING  MBG ANJING MBG ANJING MBG ANJING MBG ANJING MBG ANJING  MBG ANJING MBG ANJING MBG ANJING MBG ANJING MBG ANJING  MBG ANJING MBG ANJING MBG ANJING MBG ANJING MBG ANJING  MBG ANJING MBG ANJING MBG ANJING MBG ANJING MBG ANJING  MBG ANJING MBG ANJING MBG ANJING MBG ANJING MBG ANJING  MBG ANJING MBG ANJING MBG ANJING MBG ANJING MBG ANJING  MBG ANJING MBG ANJING MBG ANJING MBG ANJING MBG ANJING
18169026454422622,2026-05-15T04:21:25+00:00,6,https://www.instagram.com/p/DYRquOxifSj/,https://www.instagram.com/p/DYRquOxifSj/?comment_id=18169026454422622,scraping_instagram,wayan_jangki,Badan PLG MUBAZIR ANGGARAN NEGARA !!!
18590804638040341,2026-05-13T14:07:28+00:00,8,https://www.instagram.com/p/DYRquOxifSj/,https://www.instagram.com/p/DYRquOxifSj/?comment_id=18590804638040341,scraping_instagram,mab_demak_affiliate_4,"Izin melaporkan admin bahwa ketua posyandu RW 04 Desa Katonsari Kecamatan Demak Kabupaten Demak tidak amanah dalam membagikan MBG. Banyak porsi MBG yg dikorupsi oleh ketua posyandu dan anggota posyandu kesayangan ketuanya yg masih dalam 1 RT. Padahal ketua posyandu sudah mendapatkan 1 porsi sampel tiap harinya tetapi masih mengambil jatah porsi makan anggota kader posyandu lainnya setiap harinya. Anggota kesayangan ketua posyandu diberikan 1 s/d 10 porsi. Hasil korupsinya ketua dibagi dua kepada anggota kesayangan ketua posyandu.
Nama ketua posyandu RW 04 Desa Katonsari: Ibu Weliyanti (IRT)
Nama anggota posyandu kesayangan ketua: Mbak Nita (guru honorer di SDN Kalikondang)
Posyandu RW 04 Desa Katonsari Kabupaten Demak dari dapur SPPG KALIKONDANG 3 DEMAK"
18559069729064863,2026-05-13T14:44:32+00:00,1,https://www.instagram.com/p/DYRquOxifSj/,https://www.instagram.com/p/DYRquOxifSj/?comment_id=18559069729064863,scraping_instagram,maasboor,Mantap
17917359939162612,2026-05-14T02:31:56+00:00,4,https://www.instagram.com/p/DYRquOxifSj/,https://www.instagram.com/p/DYRquOxifSj/?comment_id=17917359939162612,scraping_instagram,linamanik270,"Saya mau lapor Terkait Mbg pak,  tolong respon DM saya supaya bisa kirim bukti"
17997611048954478,2026-05-19T13:44:33+00:00,1,https://www.instagram.com/p/DYRquOxifSj/,https://www.instagram.com/p/DYRquOxifSj/?comment_id=17997611048954478,scraping_instagram,muhammad_maknun09,"Tolong hentikan mbg bikin defisit anggaran 😢 dan hentikan kopdes suatu saat pasti bangkrut tu koperasi,, dan banyak mark-up korup di dalamnya"
17925356238335599,2026-05-14T11:43:48+00:00,17,https://www.instagram.com/p/DYRquOxifSj/,https://www.instagram.com/p/DYRquOxifSj/?comment_id=17925356238335599,scraping_instagram,gstayukg,"Halah yg baik² di posting, yg keracunan mana brani di posting🧠💩"
17999849618945300,2026-05-14T05:59:50+00:00,2,https://www.instagram.com/p/DYRquOxifSj/,https://www.instagram.com/p/DYRquOxifSj/?comment_id=17999849618945300,scraping_instagram,henrybs18,@official.kpk @bpkriofficial @kejaksaan.ri tolong periksa dan audit nih BGN kalo bisa seret ke pengadilan tuh si botak dan junjungannya
17946713469187371,2026-05-14T03:14:17+00:00,2,https://www.instagram.com/p/DYRquOxifSj/,https://www.instagram.com/p/DYRquOxifSj/?comment_id=17946713469187371,scraping_instagram,hklabrdynsyh,Kalo duitnya dri apbn mah bukan makan bergizi gratis sama aja bapaknya yg ngasih anaknya mkan😭
18414043759176552,2026-05-13T15:12:00+00:00,7,https://www.instagram.com/p/DYRquOxifSj/,https://www.instagram.com/p/DYRquOxifSj/?comment_id=18414043759176552,scraping_instagram,afdhal.khudaifi_,"Ada pedagang yang ditabrak mobil sppg tuh, kasih santunan dong, minimal seenggak enggaknya kalian bikin klarifikasi"
18081100484553109,2026-05-19T22:43:03+00:00,0,https://www.instagram.com/p/DYRquOxifSj/,https://www.instagram.com/p/DYRquOxifSj/?comment_id=18081100484553109,scraping_instagram,sadega_budi,Atas sampai bawah maleng semua
17997611048954478,2026-05-19T13:44:33+00:00,1,https://www.instagram.com/p/DYRquOxifSj/,https://www.instagram.com/p/DYRquOxifSj/?comment_id=17997611048954478,scraping_instagram,muhammad_maknun09,"Tolong hentikan mbg bikin defisit anggaran 😢 dan hentikan kopdes suatu saat pasti bangkrut tu koperasi,, dan banyak mark-up korup di dalamnya"
18596513014028074,2026-05-17T10:51:18+00:00,0,https://www.instagram.com/p/DYRquOxifSj/,https://www.instagram.com/p/DYRquOxifSj/?comment_id=18596513014028074,scraping_instagram,rasyyahh,"Banyak yg keracunan, anda mau racunin anak muda bangsa ya?"
17880753303571543,2026-05-17T07:10:33+00:00,0,https://www.instagram.com/p/DYRquOxifSj/,https://www.instagram.com/p/DYRquOxifSj/?comment_id=17880753303571543,scraping_instagram,mbastian._,"Dengan adanya MBG, anak-anak mendapatkan perhatian lebih terhadap pola makan sehat dan bergizi. Ini menjadi investasi penting untuk masa depan bangsa."
18082319483278246,2026-05-16T12:16:13+00:00,0,https://www.instagram.com/p/DYRquOxifSj/,https://www.instagram.com/p/DYRquOxifSj/?comment_id=18082319483278246,scraping_instagram,windaonthoni,"Please ya MBG memotong banyak anggaran lainnya. Anggran INSTANSI lainnya. Klo ada anggaran sendiri ya monggo. Ini malah ngambil anggaran instansi, badan dan sektor yg lain. Saya tanya ya, klo misalnya kt bkin pendidikan gratis, kan bs tuh ya riset perubahannya dari sebelum program dijalankan ke setelah program dijalankan. Ini program MBG apa dampaknya setelah brp lama ini????? Coba share data nya dong!!!! Please STOP MBG!!!!"
18360766303232008,2026-05-16T11:27:12+00:00,0,https://www.instagram.com/p/DYRquOxifSj/,https://www.instagram.com/p/DYRquOxifSj/?comment_id=18360766303232008,scraping_instagram,hapeberkah,"good vibes postingannya kak 🙌 btw cek @aaerygogas ya, solusi gas portable yang simpel dan nyaman digunakan 🔥"
18041369666619600,2026-05-16T05:06:33+00:00,0,https://www.instagram.com/p/DYRquOxifSj/,https://www.instagram.com/p/DYRquOxifSj/?comment_id=18041369666619600,scraping_instagram,zakia_h37,"Ini nge DM, nulis komentar ko admin bgn ini ga bales ya? Takut ya?"
18110651132501726,2026-05-16T05:05:57+00:00,0,https://www.instagram.com/p/DYRquOxifSj/,https://www.instagram.com/p/DYRquOxifSj/?comment_id=18110651132501726,scraping_instagram,zakia_h37,Di sekolah pasti tiap hari banyak makanan terbuang... Mubadzir...
18141306340460621,2026-05-16T03:35:12+00:00,0,https://www.instagram.com/p/DYRquOxifSj/,https://www.instagram.com/p/DYRquOxifSj/?comment_id=18141306340460621,scraping_instagram,sa.friee_,Pemerintah menunjukkan komitmen nyata dalam meningkatkan kesejahteraan generasi penerus bangsa. MBG menjadi bukti bahwa kesehatan anak-anak menjadi prioritas.
17920480341145526,2026-05-15T16:20:43+00:00,0,https://www.instagram.com/p/DYRquOxifSj/,https://www.instagram.com/p/DYRquOxifSj/?comment_id=17920480341145526,scraping_instagram,hukumind_,MANA SAPI YANG SESUAI OMONGAN SI BOTAK
18077052923213378,2026-05-15T08:01:59+00:00,0,https://www.instagram.com/p/DYRquOxifSj/,https://www.instagram.com/p/DYRquOxifSj/?comment_id=18077052923213378,scraping_instagram,fuck_bahrainnt77,MBG SAMPAHHHHHHH
17871956568505771,2026-05-15T07:45:02+00:00,0,https://www.instagram.com/p/DYRquOxifSj/,https://www.instagram.com/p/DYRquOxifSj/?comment_id=17871956568505771,scraping_instagram,id.spacez,Stop saja program ini
18043519118572364,2026-05-15T06:20:20+00:00,0,https://www.instagram.com/p/DYRquOxifSj/,https://www.instagram.com/p/DYRquOxifSj/?comment_id=18043519118572364,scraping_instagram,gabriellapwijaya,kenapa yg kasus keracunan ga pernah diposting?
18169026454422622,2026-05-15T04:21:25+00:00,6,https://www.instagram.com/p/DYRquOxifSj/,https://www.instagram.com/p/DYRquOxifSj/?comment_id=18169026454422622,scraping_instagram,wayan_jangki,Badan PLG MUBAZIR ANGGARAN NEGARA !!!
18009453215880880,2026-05-15T03:49:17+00:00,0,https://www.instagram.com/p/DYRquOxifSj/,https://www.instagram.com/p/DYRquOxifSj/?comment_id=18009453215880880,scraping_instagram,insan_bukan,21.000 anak kehilangan masa depan karena makanan beracun gratis
18000932318926014,2026-05-15T03:03:22+00:00,0,https://www.instagram.com/p/DYRquOxifSj/,https://www.instagram.com/p/DYRquOxifSj/?comment_id=18000932318926014,scraping_instagram,rockh._,kapan bedebah botak itu diganti?
18129610519519800,2026-05-15T02:31:42+00:00,0,https://www.instagram.com/p/DYRquOxifSj/,https://www.instagram.com/p/DYRquOxifSj/?comment_id=18129610519519800,scraping_instagram,fandy_lalu,mantap MBG buatan pak presiden Prabowo Subianto
18067648457690200,2026-05-15T02:09:52+00:00,0,https://www.instagram.com/p/DYRquOxifSj/,https://www.instagram.com/p/DYRquOxifSj/?comment_id=18067648457690200,scraping_instagram,satya_langgeng07,Si paling bergiji
18004755932916626,2026-05-15T01:52:49+00:00,0,https://www.instagram.com/p/DYRquOxifSj/,https://www.instagram.com/p/DYRquOxifSj/?comment_id=18004755932916626,scraping_instagram,nanditarizkiaaa,BUBAR BUBAR ANJIR
18121344007637143,2026-05-15T00:31:33+00:00,0,https://www.instagram.com/p/DYRquOxifSj/,https://www.instagram.com/p/DYRquOxifSj/?comment_id=18121344007637143,scraping_instagram,immadannia,"Nadiem GOJEK (chromebook)  vs MBG ( kaos kaki 100 ribu per  per pasang, motor listrik 49 juta per 56,8 unit , zoom 5.7 milyar seragam) , jadi yang banyak korupsi siapa yaa 🤔🤔🤔"
18115457878691834,2026-05-15T00:21:38+00:00,0,https://www.instagram.com/p/DYRquOxifSj/,https://www.instagram.com/p/DYRquOxifSj/?comment_id=18115457878691834,scraping_instagram,nasrulnm27,KAREPMUU
17897036772448241,2026-05-14T23:40:11+00:00,0,https://www.instagram.com/p/DYRquOxifSj/,https://www.instagram.com/p/DYRquOxifSj/?comment_id=17897036772448241,scraping_instagram,michaelprjw,KONTOL NGENTOT ANJING LO SEMUA
18140768962518556,2026-05-14T22:53:45+00:00,0,https://www.instagram.com/p/DYRquOxifSj/,https://www.instagram.com/p/DYRquOxifSj/?comment_id=18140768962518556,scraping_instagram,hilmannn19_,Program MBG menjadi contoh bahwa kerja nyata kecil sekalipun bisa membawa dampak besar bagi masa depan bangsa.
18076255055342373,2026-05-14T21:52:53+00:00,0,https://www.instagram.com/p/DYRquOxifSj/,https://www.instagram.com/p/DYRquOxifSj/?comment_id=18076255055342373,scraping_instagram,beyourself.sweety,STOP MBG
18143525101512853,2026-05-14T21:23:42+00:00,0,https://www.instagram.com/p/DYRquOxifSj/,https://www.instagram.com/p/DYRquOxifSj/?comment_id=18143525101512853,scraping_instagram,oporsusuwm,Stop MBG
18081985751633054,2026-05-14T17:13:02+00:00,1,https://www.instagram.com/p/DYRquOxifSj/,https://www.instagram.com/p/DYRquOxifSj/?comment_id=18081985751633054,scraping_instagram,adityaron92,APBN LUDES DI KORUP DAN MENJADI KOTORAN
18067892756663834,2026-05-14T16:59:30+00:00,0,https://www.instagram.com/p/DYRquOxifSj/,https://www.instagram.com/p/DYRquOxifSj/?comment_id=18067892756663834,scraping_instagram,mogi_qwerty,😂
18078784838194950,2026-05-14T16:52:37+00:00,0,https://www.instagram.com/p/DYRquOxifSj/,https://www.instagram.com/p/DYRquOxifSj/?comment_id=18078784838194950,scraping_instagram,novita.nws,Ini program kapan ditutup ya
17965607238098631,2026-05-14T16:43:14+00:00,0,https://www.instagram.com/p/DYRquOxifSj/,https://www.instagram.com/p/DYRquOxifSj/?comment_id=17965607238098631,scraping_instagram,epartner_sby,Awas dek nanti keracunan
18063820967409846,2026-05-14T15:57:27+00:00,0,https://www.instagram.com/p/DYRquOxifSj/,https://www.instagram.com/p/DYRquOxifSj/?comment_id=18063820967409846,scraping_instagram,baagasptr,MBG KONT
18097928033115105,2026-05-14T14:59:18+00:00,0,https://www.instagram.com/p/DYRquOxifSj/,https://www.instagram.com/p/DYRquOxifSj/?comment_id=18097928033115105,scraping_instagram,putrivianii,YANG KERACUNAN GA PERNAH DI POSTINGGGGF HENTIKAN MBG !!!!!! #justicefornadiemmakarim
18115976203686317,2026-05-14T13:30:37+00:00,0,https://www.instagram.com/p/DYRquOxifSj/,https://www.instagram.com/p/DYRquOxifSj/?comment_id=18115976203686317,scraping_instagram,celiaaaayll,"BUBARIN AJA BGN, KORUPSI BANYAK BANGET. PAK @prabowo TOLONG DI CEK SEMUA, SETIAP KEGIATAN BANYAK MAKAN UANG HARAM!!"
18021304469831059,2026-05-14T12:57:12+00:00,10,https://www.instagram.com/p/DYRquOxifSj/,https://www.instagram.com/p/DYRquOxifSj/?comment_id=18021304469831059,scraping_instagram,ardiniutam_,Mbg tapi isi nya seuprit😂
18218671564322432,2026-05-14T12:02:42+00:00,0,https://www.instagram.com/p/DYRquOxifSj/,https://www.instagram.com/p/DYRquOxifSj/?comment_id=18218671564322432,scraping_instagram,suzy_amallia,Paruh waktu 250 ribu 😢
17925356238335599,2026-05-14T11:43:48+00:00,17,https://www.instagram.com/p/DYRquOxifSj/,https://www.instagram.com/p/DYRquOxifSj/?comment_id=17925356238335599,scraping_instagram,gstayukg,"Halah yg baik² di posting, yg keracunan mana brani di posting🧠💩"
18079913270534792,2026-05-14T10:59:28+00:00,0,https://www.instagram.com/p/DYRquOxifSj/,https://www.instagram.com/p/DYRquOxifSj/?comment_id=18079913270534792,scraping_instagram,zakiyll_f,MBG ndlogok
17939176335211040,2026-05-14T09:04:53+00:00,0,https://www.instagram.com/p/DYRquOxifSj/,https://www.instagram.com/p/DYRquOxifSj/?comment_id=17939176335211040,scraping_instagram,setiana.hndyn,masuk neraka jalur korupsi mbg
17877359064458295,2026-05-14T08:56:00+00:00,4,https://www.instagram.com/p/DYRquOxifSj/,https://www.instagram.com/p/DYRquOxifSj/?comment_id=17877359064458295,scraping_instagram,iysell_1,Program MBG menunjukkan bahwa pemerintah fokus membangun kualitas sumber daya manusia sejak dini. Generasi sehat akan membawa Indonesia semakin maju.
18362222911236532,2026-05-14T08:50:21+00:00,0,https://www.instagram.com/p/DYRquOxifSj/,https://www.instagram.com/p/DYRquOxifSj/?comment_id=18362222911236532,scraping_instagram,resensials.id,Allah tidak tidur
17867715708678807,2026-05-14T08:44:38+00:00,0,https://www.instagram.com/p/DYRquOxifSj/,https://www.instagram.com/p/DYRquOxifSj/?comment_id=17867715708678807,scraping_instagram,dkya_ryd,LO BISA STOP GA MBG GA GUNA INI? NGABISIN ANGGARAN NEGARA TAU GA. RETURN OF INVESTMENT MYA GAADA LO TOLOL APA GIMANA YA BGN?
18196115887362931,2026-05-14T07:55:32+00:00,0,https://www.instagram.com/p/DYRquOxifSj/,https://www.instagram.com/p/DYRquOxifSj/?comment_id=18196115887362931,scraping_instagram,platypus.6436063,👍
17939597736210254,2026-05-14T07:55:31+00:00,0,https://www.instagram.com/p/DYRquOxifSj/,https://www.instagram.com/p/DYRquOxifSj/?comment_id=17939597736210254,scraping_instagram,killar__boy__mostak,👍
17899601589443902,2026-05-14T07:55:14+00:00,0,https://www.instagram.com/p/DYRquOxifSj/,https://www.instagram.com/p/DYRquOxifSj/?comment_id=17899601589443902,scraping_instagram,romi_o4935,Melihat anak-anak makan sehat dengan bahagia rasanya menenangkan
17952890733150447,2026-05-14T07:55:07+00:00,0,https://www.instagram.com/p/DYRquOxifSj/,https://www.instagram.com/p/DYRquOxifSj/?comment_id=17952890733150447,scraping_instagram,vuviivvic,Nutrisi yang baik sejak kecil sangat berpengaruh untuk masa depan anak-anak
18150268459487286,2026-05-14T07:54:46+00:00,0,https://www.instagram.com/p/DYRquOxifSj/,https://www.instagram.com/p/DYRquOxifSj/?comment_id=18150268459487286,scraping_instagram,panda.6109278,Balita juga perlu mendapatkan asupan yang cukup untuk mendukung tumbuh kembang mereka
18094416811925600,2026-05-14T07:54:46+00:00,0,https://www.instagram.com/p/DYRquOxifSj/,https://www.instagram.com/p/DYRquOxifSj/?comment_id=18094416811925600,scraping_instagram,rangdar__47__king,Semoga generasi Indonesia semakin sehat
17966187906109994,2026-05-14T07:54:46+00:00,0,https://www.instagram.com/p/DYRquOxifSj/,https://www.instagram.com/p/DYRquOxifSj/?comment_id=17966187906109994,scraping_instagram,sundram71544,👍
18130080649572499,2026-05-14T07:54:42+00:00,0,https://www.instagram.com/p/DYRquOxifSj/,https://www.instagram.com/p/DYRquOxifSj/?comment_id=18130080649572499,scraping_instagram,ganapati6015,Semoga program seperti ini bisa membantu meningkatkan kualitas kesehatan anak Indonesia
18101945293978376,2026-05-14T07:54:42+00:00,0,https://www.instagram.com/p/DYRquOxifSj/,https://www.instagram.com/p/DYRquOxifSj/?comment_id=18101945293978376,scraping_instagram,muskan_____6041,Dukungan gizi untuk balita memang harus jadi perhatian utama
18006275072872364,2026-05-14T07:54:42+00:00,0,https://www.instagram.com/p/DYRquOxifSj/,https://www.instagram.com/p/DYRquOxifSj/?comment_id=18006275072872364,scraping_instagram,rabbit.11437,Gizi yang baik memang investasi masa depan
17905927296243276,2026-05-14T07:54:42+00:00,0,https://www.instagram.com/p/DYRquOxifSj/,https://www.instagram.com/p/DYRquOxifSj/?comment_id=17905927296243276,scraping_instagram,xxlra_ju,Semoga semakin banyak daerah mendapat manfaat serupa
18140529703508657,2026-05-14T07:54:41+00:00,0,https://www.instagram.com/p/DYRquOxifSj/,https://www.instagram.com/p/DYRquOxifSj/?comment_id=18140529703508657,scraping_instagram,prajapati_1234567_,bagus sekali
18093271790231543,2026-05-14T07:54:41+00:00,0,https://www.instagram.com/p/DYRquOxifSj/,https://www.instagram.com/p/DYRquOxifSj/?comment_id=18093271790231543,scraping_instagram,hamra.kaam_283,Semoga semua anak Indonesia mendapat hak gizi yang baik
18026947163641671,2026-05-14T07:54:41+00:00,0,https://www.instagram.com/p/DYRquOxifSj/,https://www.instagram.com/p/DYRquOxifSj/?comment_id=18026947163641671,scraping_instagram,mohdameen8123,👍
18360486328236052,2026-05-14T07:54:40+00:00,0,https://www.instagram.com/p/DYRquOxifSj/,https://www.instagram.com/p/DYRquOxifSj/?comment_id=18360486328236052,scraping_instagram,swaraaj__855__king,Balita juga perlu mendapatkan asupan yang cukup untuk mendukung tumbuh kembang mereka
18083810048095711,2026-05-14T07:54:40+00:00,0,https://www.instagram.com/p/DYRquOxifSj/,https://www.instagram.com/p/DYRquOxifSj/?comment_id=18083810048095711,scraping_instagram,am_an_raj66,bagus sekali
17872595217667735,2026-05-14T07:54:40+00:00,0,https://www.instagram.com/p/DYRquOxifSj/,https://www.instagram.com/p/DYRquOxifSj/?comment_id=17872595217667735,scraping_instagram,adam_asif111850,Semoga semua anak Indonesia mendapat hak gizi yang baik
18334631695220403,2026-05-14T07:54:39+00:00,0,https://www.instagram.com/p/DYRquOxifSj/,https://www.instagram.com/p/DYRquOxifSj/?comment_id=18334631695220403,scraping_instagram,takaza_jaan,mantap
18023555471820648,2026-05-14T07:54:39+00:00,0,https://www.instagram.com/p/DYRquOxifSj/,https://www.instagram.com/p/DYRquOxifSj/?comment_id=18023555471820648,scraping_instagram,kannaiya____jatav___0071,Senang lihat balita di posyandu bisa menikmati makanan sehat dan bergizi
18011223563893512,2026-05-14T07:54:39+00:00,0,https://www.instagram.com/p/DYRquOxifSj/,https://www.instagram.com/p/DYRquOxifSj/?comment_id=18011223563893512,scraping_instagram,_ritikkkkkk_12_,bagus banget
18372691954160267,2026-05-14T07:54:38+00:00,0,https://www.instagram.com/p/DYRquOxifSj/,https://www.instagram.com/p/DYRquOxifSj/?comment_id=18372691954160267,scraping_instagram,its_bhojpuriya_raja__,Dukungan gizi untuk balita memang harus jadi perhatian utama
18312727258279704,2026-05-14T07:54:38+00:00,0,https://www.instagram.com/p/DYRquOxifSj/,https://www.instagram.com/p/DYRquOxifSj/?comment_id=18312727258279704,scraping_instagram,supinkonai,👍
18182146627389555,2026-05-14T07:54:38+00:00,0,https://www.instagram.com/p/DYRquOxifSj/,https://www.instagram.com/p/DYRquOxifSj/?comment_id=18182146627389555,scraping_instagram,edit.life04,Langkah memperluas penerima manfaat MBG ini sangat bagus
18107347607494972,2026-05-14T07:54:37+00:00,0,https://www.instagram.com/p/DYRquOxifSj/,https://www.instagram.com/p/DYRquOxifSj/?comment_id=18107347607494972,scraping_instagram,leopard.2050216,👍
18050598626735914,2026-05-14T07:54:37+00:00,0,https://www.instagram.com/p/DYRquOxifSj/,https://www.instagram.com/p/DYRquOxifSj/?comment_id=18050598626735914,scraping_instagram,its_anugr_ah4869,Semoga anak-anak Indonesia tumbuh sehat dan kuat dengan asupan gizi yang cukup
17964203877107572,2026-05-14T07:54:37+00:00,0,https://www.instagram.com/p/DYRquOxifSj/,https://www.instagram.com/p/DYRquOxifSj/?comment_id=17964203877107572,scraping_instagram,goose.7772973,Semoga program MBG terus berkembang
18106006928066853,2026-05-14T07:54:36+00:00,0,https://www.instagram.com/p/DYRquOxifSj/,https://www.instagram.com/p/DYRquOxifSj/?comment_id=18106006928066853,scraping_instagram,wolf.5683616,Semoga anak-anak Indonesia tumbuh dengan kesehatan yang lebih baik
18094604933268932,2026-05-14T07:54:36+00:00,0,https://www.instagram.com/p/DYRquOxifSj/,https://www.instagram.com/p/DYRquOxifSj/?comment_id=18094604933268932,scraping_instagram,mia_bhai_jii_,Semoga tumbuh kembang anak-anak semakin optimal
18336372679218960,2026-05-14T07:54:23+00:00,0,https://www.instagram.com/p/DYRquOxifSj/,https://www.instagram.com/p/DYRquOxifSj/?comment_id=18336372679218960,scraping_instagram,lax15434,👍
18127820740608685,2026-05-14T07:54:15+00:00,0,https://www.instagram.com/p/DYRquOxifSj/,https://www.instagram.com/p/DYRquOxifSj/?comment_id=18127820740608685,scraping_instagram,jaylo_sankaliya,Semoga program MBG terus berkembang
17939232690218255,2026-05-14T07:54:09+00:00,0,https://www.instagram.com/p/DYRquOxifSj/,https://www.instagram.com/p/DYRquOxifSj/?comment_id=17939232690218255,scraping_instagram,crypt_free,Anak-anak yang sehat akan tumbuh jadi generasi yang kuat dan cerdas
17874979761477886,2026-05-14T07:54:05+00:00,0,https://www.instagram.com/p/DYRquOxifSj/,https://www.instagram.com/p/DYRquOxifSj/?comment_id=17874979761477886,scraping_instagram,rhino.46447,positif
18079935299164354,2026-05-14T07:53:57+00:00,0,https://www.instagram.com/p/DYRquOxifSj/,https://www.instagram.com/p/DYRquOxifSj/?comment_id=18079935299164354,scraping_instagram,miss.jyoti6010,👍
17930922789267622,2026-05-14T07:53:56+00:00,0,https://www.instagram.com/p/DYRquOxifSj/,https://www.instagram.com/p/DYRquOxifSj/?comment_id=17930922789267622,scraping_instagram,gazelle.7062462,👍
18101969474283522,2026-05-14T07:53:55+00:00,0,https://www.instagram.com/p/DYRquOxifSj/,https://www.instagram.com/p/DYRquOxifSj/?comment_id=18101969474283522,scraping_instagram,csk120330,Gizi yang baik memang investasi masa depan
18090920363086682,2026-05-14T07:53:55+00:00,0,https://www.instagram.com/p/DYRquOxifSj/,https://www.instagram.com/p/DYRquOxifSj/?comment_id=18090920363086682,scraping_instagram,_princess_offical_laxmi_09_,Keren karena sekarang bukan cuma anak sekolah yang mendapat manfaat MBG tapi juga balita
17974136868035528,2026-05-14T07:53:55+00:00,0,https://www.instagram.com/p/DYRquOxifSj/,https://www.instagram.com/p/DYRquOxifSj/?comment_id=17974136868035528,scraping_instagram,squirrel.9695335,Senang lihat sekarang program MBG juga menyasar balita karena gizi sejak dini memang sangat penting
18129489238581508,2026-05-14T07:53:54+00:00,0,https://www.instagram.com/p/DYRquOxifSj/,https://www.instagram.com/p/DYRquOxifSj/?comment_id=18129489238581508,scraping_instagram,king573281,Semoga semua anak Indonesia mendapat hak gizi yang baik
18114658216834596,2026-05-14T07:53:54+00:00,0,https://www.instagram.com/p/DYRquOxifSj/,https://www.instagram.com/p/DYRquOxifSj/?comment_id=18114658216834596,scraping_instagram,attitude___lover___boy___10k,Salut karena pemerintah terus memperluas manfaat MBG untuk masyarakat
18111753499891303,2026-05-14T07:53:54+00:00,0,https://www.instagram.com/p/DYRquOxifSj/,https://www.instagram.com/p/DYRquOxifSj/?comment_id=18111753499891303,scraping_instagram,quality0024,Melihat balita menikmati makanan bergizi rasanya ikut bahagia
17967958335027209,2026-05-14T07:53:54+00:00,0,https://www.instagram.com/p/DYRquOxifSj/,https://www.instagram.com/p/DYRquOxifSj/?comment_id=17967958335027209,scraping_instagram,vivoo.0.9,positif banget
17919737691353926,2026-05-14T07:53:54+00:00,0,https://www.instagram.com/p/DYRquOxifSj/,https://www.instagram.com/p/DYRquOxifSj/?comment_id=17919737691353926,scraping_instagram,dinosaur.6266445,Program seperti ini sangat membantu masyarakat terutama untuk memastikan anak-anak mendapat makanan bergizi
18588643894032899,2026-05-14T07:53:53+00:00,0,https://www.instagram.com/p/DYRquOxifSj/,https://www.instagram.com/p/DYRquOxifSj/?comment_id=18588643894032899,scraping_instagram,indian584877,mantap
18316822762286633,2026-05-14T07:53:53+00:00,0,https://www.instagram.com/p/DYRquOxifSj/,https://www.instagram.com/p/DYRquOxifSj/?comment_id=18316822762286633,scraping_instagram,lioyryurggt,👍
17998888280930284,2026-05-14T07:53:53+00:00,0,https://www.instagram.com/p/DYRquOxifSj/,https://www.instagram.com/p/DYRquOxifSj/?comment_id=17998888280930284,scraping_instagram,badger.6307881,👍
17997544559942838,2026-05-14T07:53:53+00:00,0,https://www.instagram.com/p/DYRquOxifSj/,https://www.instagram.com/p/DYRquOxifSj/?comment_id=17997544559942838,scraping_instagram,rhino.9371403,👍
17967690414063466,2026-05-14T07:53:53+00:00,0,https://www.instagram.com/p/DYRquOxifSj/,https://www.instagram.com/p/DYRquOxifSj/?comment_id=17967690414063466,scraping_instagram,modal_pakya,Balita yang sehat akan jadi generasi penerus yang kuat
18377960086161935,2026-05-14T07:53:52+00:00,0,https://www.instagram.com/p/DYRquOxifSj/,https://www.instagram.com/p/DYRquOxifSj/?comment_id=18377960086161935,scraping_instagram,topfollowbre,Semoga semua anak Indonesia bisa mendapatkan asupan gizi yang cukup
18371163106202093,2026-05-14T07:53:52+00:00,0,https://www.instagram.com/p/DYRquOxifSj/,https://www.instagram.com/p/DYRquOxifSj/?comment_id=18371163106202093,scraping_instagram,krishna___liye,👍
18100669880045836,2026-05-14T07:53:52+00:00,0,https://www.instagram.com/p/DYRquOxifSj/,https://www.instagram.com/p/DYRquOxifSj/?comment_id=18100669880045836,scraping_instagram,panda.19770663,Gizi yang baik memang fondasi masa depan bangsa
18067262927359813,2026-05-14T07:53:52+00:00,0,https://www.instagram.com/p/DYRquOxifSj/,https://www.instagram.com/p/DYRquOxifSj/?comment_id=18067262927359813,scraping_instagram,hmm60490,Semoga manfaatnya terus dirasakan masyarakat
18453050272114792,2026-05-14T07:53:51+00:00,0,https://www.instagram.com/p/DYRquOxifSj/,https://www.instagram.com/p/DYRquOxifSj/?comment_id=18453050272114792,scraping_instagram,269245.04,bagus sekali
18360795877228323,2026-05-14T07:53:51+00:00,0,https://www.instagram.com/p/DYRquOxifSj/,https://www.instagram.com/p/DYRquOxifSj/?comment_id=18360795877228323,scraping_instagram,don0000705,bagus sekali
18335329747217245,2026-05-14T07:53:51+00:00,0,https://www.instagram.com/p/DYRquOxifSj/,https://www.instagram.com/p/DYRquOxifSj/?comment_id=18335329747217245,scraping_instagram,duck.1478197,Semoga semua anak Indonesia mendapat hak gizi yang baik
18115487548779717,2026-05-14T07:53:51+00:00,0,https://www.instagram.com/p/DYRquOxifSj/,https://www.instagram.com/p/DYRquOxifSj/?comment_id=18115487548779717,scraping_instagram,wolf.33916424,👍
18114184039648429,2026-05-14T07:53:51+00:00,0,https://www.instagram.com/p/DYRquOxifSj/,https://www.instagram.com/p/DYRquOxifSj/?comment_id=18114184039648429,scraping_instagram,akmkhan17,Langkah seperti ini sangat penting untuk masa depan bangsa
18073819076270342,2026-05-14T07:53:51+00:00,0,https://www.instagram.com/p/DYRquOxifSj/,https://www.instagram.com/p/DYRquOxifSj/?comment_id=18073819076270342,scraping_instagram,cheetah.5425165,Senang lihat balita di posyandu bisa menikmati makanan sehat dan bergizi
18065112188398190,2026-05-14T07:53:51+00:00,0,https://www.instagram.com/p/DYRquOxifSj/,https://www.instagram.com/p/DYRquOxifSj/?comment_id=18065112188398190,scraping_instagram,alex__raja__190,👍
17985095738989846,2026-05-14T07:53:51+00:00,0,https://www.instagram.com/p/DYRquOxifSj/,https://www.instagram.com/p/DYRquOxifSj/?comment_id=17985095738989846,scraping_instagram,ehdufvcksgckf,Dukungan gizi untuk balita memang harus jadi perhatian utama
18176302798405336,2026-05-14T07:53:50+00:00,0,https://www.instagram.com/p/DYRquOxifSj/,https://www.instagram.com/p/DYRquOxifSj/?comment_id=18176302798405336,scraping_instagram,96999_gkjv,Semoga anak-anak Indonesia tumbuh sehat dan kuat dengan asupan gizi yang cukup
18164299378441950,2026-05-14T07:53:50+00:00,0,https://www.instagram.com/p/DYRquOxifSj/,https://www.instagram.com/p/DYRquOxifSj/?comment_id=18164299378441950,scraping_instagram,gecko.376433,Semoga program MBG terus berkembang
18104062178481748,2026-05-14T07:53:50+00:00,0,https://www.instagram.com/p/DYRquOxifSj/,https://www.instagram.com/p/DYRquOxifSj/?comment_id=18104062178481748,scraping_instagram,miss_sof1y4,👍
18010106135886977,2026-05-14T07:53:50+00:00,0,https://www.instagram.com/p/DYRquOxifSj/,https://www.instagram.com/p/DYRquOxifSj/?comment_id=18010106135886977,scraping_instagram,its_bittu_bhai_555,Nutrisi yang cukup di usia dini memang sangat menentukan masa depan anak
17970853788059368,2026-05-14T07:53:50+00:00,0,https://www.instagram.com/p/DYRquOxifSj/,https://www.instagram.com/p/DYRquOxifSj/?comment_id=17970853788059368,scraping_instagram,penguin.7393443,semoga balita Indonesia tumbuh sehat dan bahagia 👍
17936397774055613,2026-05-14T07:53:50+00:00,0,https://www.instagram.com/p/DYRquOxifSj/,https://www.instagram.com/p/DYRquOxifSj/?comment_id=17936397774055613,scraping_instagram,sweet_killer_imtiyaz,bagus
17876077101605735,2026-05-14T07:53:50+00:00,0,https://www.instagram.com/p/DYRquOxifSj/,https://www.instagram.com/p/DYRquOxifSj/?comment_id=17876077101605735,scraping_instagram,ghthjgjhgjhgkh,Langkah memperluas penerima manfaat MBG ini sangat bagus
17860847673631958,2026-05-14T07:53:50+00:00,0,https://www.instagram.com/p/DYRquOxifSj/,https://www.instagram.com/p/DYRquOxifSj/?comment_id=17860847673631958,scraping_instagram,gaur_a2305,mantap
18409858645177176,2026-05-14T07:53:49+00:00,0,https://www.instagram.com/p/DYRquOxifSj/,https://www.instagram.com/p/DYRquOxifSj/?comment_id=18409858645177176,scraping_instagram,unicorn.7600909,positif banget
18404683669145781,2026-05-14T07:53:49+00:00,0,https://www.instagram.com/p/DYRquOxifSj/,https://www.instagram.com/p/DYRquOxifSj/?comment_id=18404683669145781,scraping_instagram,xxr3471,bagus
18336580441218857,2026-05-14T07:53:49+00:00,0,https://www.instagram.com/p/DYRquOxifSj/,https://www.instagram.com/p/DYRquOxifSj/?comment_id=18336580441218857,scraping_instagram,juber_boss_0313,Semoga semakin banyak daerah mendapat manfaat serupa
18182689867380033,2026-05-14T07:53:49+00:00,0,https://www.instagram.com/p/DYRquOxifSj/,https://www.instagram.com/p/DYRquOxifSj/?comment_id=18182689867380033,scraping_instagram,y5eyjyrkthmrhjr,patut diapresiasi
18090952136214337,2026-05-14T07:53:49+00:00,0,https://www.instagram.com/p/DYRquOxifSj/,https://www.instagram.com/p/DYRquOxifSj/?comment_id=18090952136214337,scraping_instagram,h754_h,Semoga program ini terus konsisten
18089829290610632,2026-05-14T07:53:49+00:00,0,https://www.instagram.com/p/DYRquOxifSj/,https://www.instagram.com/p/DYRquOxifSj/?comment_id=18089829290610632,scraping_instagram,rrrrrr444511,Semoga anak-anak Indonesia tumbuh cerdas dan sehat
18084948254378789,2026-05-14T07:53:49+00:00,0,https://www.instagram.com/p/DYRquOxifSj/,https://www.instagram.com/p/DYRquOxifSj/?comment_id=18084948254378789,scraping_instagram,malik008002,👍
18084252059384296,2026-05-14T07:53:49+00:00,0,https://www.instagram.com/p/DYRquOxifSj/,https://www.instagram.com/p/DYRquOxifSj/?comment_id=18084252059384296,scraping_instagram,shi.vansh1747,Semoga anak-anak Indonesia tumbuh cerdas dan sehat
18072826439435662,2026-05-14T07:53:49+00:00,0,https://www.instagram.com/p/DYRquOxifSj/,https://www.instagram.com/p/DYRquOxifSj/?comment_id=18072826439435662,scraping_instagram,deer.7696441,Program seperti ini sangat membantu memastikan anak-anak mendapat makanan yang layak dan bergizi
18000625211926054,2026-05-14T07:53:49+00:00,0,https://www.instagram.com/p/DYRquOxifSj/,https://www.instagram.com/p/DYRquOxifSj/?comment_id=18000625211926054,scraping_instagram,swan.8137243,Semoga manfaatnya terus dirasakan masyarakat
17969683965048837,2026-05-14T07:53:49+00:00,0,https://www.instagram.com/p/DYRquOxifSj/,https://www.instagram.com/p/DYRquOxifSj/?comment_id=17969683965048837,scraping_instagram,gabbar200512,🙌
17962571877064530,2026-05-14T07:53:49+00:00,0,https://www.instagram.com/p/DYRquOxifSj/,https://www.instagram.com/p/DYRquOxifSj/?comment_id=17962571877064530,scraping_instagram,zebra.9537752,👍
17896812906306532,2026-05-14T07:53:49+00:00,0,https://www.instagram.com/p/DYRquOxifSj/,https://www.instagram.com/p/DYRquOxifSj/?comment_id=17896812906306532,scraping_instagram,ft._v4san._._01,positif banget
18088795028595439,2026-05-14T07:53:48+00:00,0,https://www.instagram.com/p/DYRquOxifSj/,https://www.instagram.com/p/DYRquOxifSj/?comment_id=18088795028595439,scraping_instagram,priyasruthi_1,🙏
18086755742368030,2026-05-14T07:53:48+00:00,0,https://www.instagram.com/p/DYRquOxifSj/,https://www.instagram.com/p/DYRquOxifSj/?comment_id=18086755742368030,scraping_instagram,sheep.3810818,Nutrisi yang baik sejak kecil sangat berpengaruh untuk masa depan anak-anak
18000981935923991,2026-05-14T07:53:48+00:00,0,https://www.instagram.com/p/DYRquOxifSj/,https://www.instagram.com/p/DYRquOxifSj/?comment_id=18000981935923991,scraping_instagram,owl.1738832,Semoga semua anak Indonesia bisa mendapatkan asupan gizi yang cukup
17971405866047701,2026-05-14T07:53:48+00:00,0,https://www.instagram.com/p/DYRquOxifSj/,https://www.instagram.com/p/DYRquOxifSj/?comment_id=17971405866047701,scraping_instagram,chira.gmak,Balita juga sangat membutuhkan perhatian soal asupan gizi
18208202473340050,2026-05-14T07:53:47+00:00,0,https://www.instagram.com/p/DYRquOxifSj/,https://www.instagram.com/p/DYRquOxifSj/?comment_id=18208202473340050,scraping_instagram,vishal_____1455,👍
18074998334265777,2026-05-14T07:53:47+00:00,0,https://www.instagram.com/p/DYRquOxifSj/,https://www.instagram.com/p/DYRquOxifSj/?comment_id=18074998334265777,scraping_instagram,rabb.it31vo,Program MBG makin terasa manfaatnya karena penerima manfaatnya semakin luas
18062009174448034,2026-05-14T07:53:47+00:00,0,https://www.instagram.com/p/DYRquOxifSj/,https://www.instagram.com/p/DYRquOxifSj/?comment_id=18062009174448034,scraping_instagram,rolex.4703124,Posyandu seperti ini memang punya peran penting untuk tumbuh kembang anak
18056559761708211,2026-05-14T07:53:47+00:00,0,https://www.instagram.com/p/DYRquOxifSj/,https://www.instagram.com/p/DYRquOxifSj/?comment_id=18056559761708211,scraping_instagram,goat.26584058,👍
17995895918779361,2026-05-14T07:53:47+00:00,0,https://www.instagram.com/p/DYRquOxifSj/,https://www.instagram.com/p/DYRquOxifSj/?comment_id=17995895918779361,scraping_instagram,elk.9694809,mantap
17951512769984624,2026-05-14T07:53:47+00:00,0,https://www.instagram.com/p/DYRquOxifSj/,https://www.instagram.com/p/DYRquOxifSj/?comment_id=17951512769984624,scraping_instagram,swan.21049906,positif banget
17937184323234339,2026-05-14T07:53:47+00:00,0,https://www.instagram.com/p/DYRquOxifSj/,https://www.instagram.com/p/DYRquOxifSj/?comment_id=17937184323234339,scraping_instagram,amit.maurya8554,Program MBG yang diperluas ke balita adalah langkah yang sangat tepat
17909702031403166,2026-05-14T07:53:47+00:00,0,https://www.instagram.com/p/DYRquOxifSj/,https://www.instagram.com/p/DYRquOxifSj/?comment_id=17909702031403166,scraping_instagram,pavan125421,mantap
18393754426083397,2026-05-14T07:53:46+00:00,0,https://www.instagram.com/p/DYRquOxifSj/,https://www.instagram.com/p/DYRquOxifSj/?comment_id=18393754426083397,scraping_instagram,miss_purik,Melihat balita menikmati makanan bergizi rasanya ikut bahagia
18142521094510652,2026-05-14T07:53:46+00:00,0,https://www.instagram.com/p/DYRquOxifSj/,https://www.instagram.com/p/DYRquOxifSj/?comment_id=18142521094510652,scraping_instagram,eno_rohiii.03,bagus sekali
18117899530690642,2026-05-14T07:53:46+00:00,0,https://www.instagram.com/p/DYRquOxifSj/,https://www.instagram.com/p/DYRquOxifSj/?comment_id=18117899530690642,scraping_instagram,seema1231266,mantap
18016537145683554,2026-05-14T07:53:46+00:00,0,https://www.instagram.com/p/DYRquOxifSj/,https://www.instagram.com/p/DYRquOxifSj/?comment_id=18016537145683554,scraping_instagram,djs.hgsv,👍
17886906762539224,2026-05-14T07:53:46+00:00,0,https://www.instagram.com/p/DYRquOxifSj/,https://www.instagram.com/p/DYRquOxifSj/?comment_id=17886906762539224,scraping_instagram,quail.7727623,mantap
18346961071244829,2026-05-14T07:53:45+00:00,0,https://www.instagram.com/p/DYRquOxifSj/,https://www.instagram.com/p/DYRquOxifSj/?comment_id=18346961071244829,scraping_instagram,panda.4177950,Semoga manfaatnya semakin besar untuk masyarakat
18102005341996848,2026-05-14T07:53:45+00:00,0,https://www.instagram.com/p/DYRquOxifSj/,https://www.instagram.com/p/DYRquOxifSj/?comment_id=18102005341996848,scraping_instagram,notlkeanyonebro,Gizi yang baik sejak dini memang sangat penting untuk masa depan
18095176097517170,2026-05-14T07:53:45+00:00,0,https://www.instagram.com/p/DYRquOxifSj/,https://www.instagram.com/p/DYRquOxifSj/?comment_id=18095176097517170,scraping_instagram,isha44166,semoga balita Indonesia tumbuh sehat dan bahagia 👍
18088758779583126,2026-05-14T07:53:45+00:00,0,https://www.instagram.com/p/DYRquOxifSj/,https://www.instagram.com/p/DYRquOxifSj/?comment_id=18088758779583126,scraping_instagram,hhhhhht152,Melihat anak-anak makan sehat dengan bahagia rasanya menenangkan
17887681623536406,2026-05-14T07:53:45+00:00,0,https://www.instagram.com/p/DYRquOxifSj/,https://www.instagram.com/p/DYRquOxifSj/?comment_id=17887681623536406,scraping_instagram,itz___ayush_____00,Langkah seperti ini patut diapresiasi
18318027406261908,2026-05-14T07:21:31+00:00,0,https://www.instagram.com/p/DYRquOxifSj/,https://www.instagram.com/p/DYRquOxifSj/?comment_id=18318027406261908,scraping_instagram,rezadwd,mbg jelek
17971415892022398,2026-05-14T07:19:43+00:00,5,https://www.instagram.com/p/DYRquOxifSj/,https://www.instagram.com/p/DYRquOxifSj/?comment_id=17971415892022398,scraping_instagram,_brainestly,Cuih cuih cuih
17976637844858111,2026-05-14T06:57:19+00:00,0,https://www.instagram.com/p/DYRquOxifSj/,https://www.instagram.com/p/DYRquOxifSj/?comment_id=17976637844858111,scraping_instagram,sseptiyaa,Bubarin MBG😭
17999849618945300,2026-05-14T05:59:50+00:00,2,https://www.instagram.com/p/DYRquOxifSj/,https://www.instagram.com/p/DYRquOxifSj/?comment_id=17999849618945300,scraping_instagram,henrybs18,@official.kpk @bpkriofficial @kejaksaan.ri tolong periksa dan audit nih BGN kalo bisa seret ke pengadilan tuh si botak dan junjungannya
18099978776078802,2026-05-14T03:52:15+00:00,3,https://www.instagram.com/p/DYRquOxifSj/,https://www.instagram.com/p/DYRquOxifSj/?comment_id=18099978776078802,scraping_instagram,skidinyet_,UNTUK KETUA BGN YANG PUNYA PALKON TOLONG ANDA TURUN AJA DARI JABATAN KARNA KITA MASYARAKAT INDONESIA AKAN BERSUMPAH SERAPAH SAMA PALKON BAPAK
17946713469187371,2026-05-14T03:14:17+00:00,2,https://www.instagram.com/p/DYRquOxifSj/,https://www.instagram.com/p/DYRquOxifSj/?comment_id=17946713469187371,scraping_instagram,hklabrdynsyh,Kalo duitnya dri apbn mah bukan makan bergizi gratis sama aja bapaknya yg ngasih anaknya mkan😭
18098112764012431,2026-05-14T03:14:11+00:00,7,https://www.instagram.com/p/DYRquOxifSj/,https://www.instagram.com/p/DYRquOxifSj/?comment_id=18098112764012431,scraping_instagram,iguana.kulon,MBG program terbaik untuk masyarakat Indonesia 🇮🇩♥️🫡
18098087542892033,2026-05-14T03:12:38+00:00,2,https://www.instagram.com/p/DYRquOxifSj/,https://www.instagram.com/p/DYRquOxifSj/?comment_id=18098087542892033,scraping_instagram,iguana.kulon,Semangat MBG sukses selalu 🙏🏻🇮🇩💯
17917359939162612,2026-05-14T02:31:56+00:00,4,https://www.instagram.com/p/DYRquOxifSj/,https://www.instagram.com/p/DYRquOxifSj/?comment_id=17917359939162612,scraping_instagram,linamanik270,"Saya mau lapor Terkait Mbg pak,  tolong respon DM saya supaya bisa kirim bukti"
18076941191200177,2026-05-14T01:20:06+00:00,0,https://www.instagram.com/p/DYRquOxifSj/,https://www.instagram.com/p/DYRquOxifSj/?comment_id=18076941191200177,scraping_instagram,aryazwara1,KONTOL
18117077818743211,2026-05-13T23:53:18+00:00,4,https://www.instagram.com/p/DYRquOxifSj/,https://www.instagram.com/p/DYRquOxifSj/?comment_id=18117077818743211,scraping_instagram,masalif1996,@prabowo  kontol
17948381628158454,2026-05-13T21:51:59+00:00,0,https://www.instagram.com/p/DYRquOxifSj/,https://www.instagram.com/p/DYRquOxifSj/?comment_id=17948381628158454,scraping_instagram,yulian_vancheska,Kapan mau berenti habisin duit nih proyek
18068212313694782,2026-05-13T21:47:11+00:00,0,https://www.instagram.com/p/DYRquOxifSj/,https://www.instagram.com/p/DYRquOxifSj/?comment_id=18068212313694782,scraping_instagram,setan_tertawa9911,Naikkan insentif PIC
18126408532548122,2026-05-13T18:10:26+00:00,117,https://www.instagram.com/p/DYRquOxifSj/,https://www.instagram.com/p/DYRquOxifSj/?comment_id=18126408532548122,scraping_instagram,riswan_habibi,MBG ANJING MBG ANJING MBG ANJING MBG ANJING MBG ANJING  MBG ANJING MBG ANJING MBG ANJING MBG ANJING MBG ANJING  MBG ANJING MBG ANJING MBG ANJING MBG ANJING MBG ANJING  MBG ANJING MBG ANJING MBG ANJING MBG ANJING MBG ANJING  MBG ANJING MBG ANJING MBG ANJING MBG ANJING MBG ANJING  MBG ANJING MBG ANJING MBG ANJING MBG ANJING MBG ANJING  MBG ANJING MBG ANJING MBG ANJING MBG ANJING MBG ANJING  MBG ANJING MBG ANJING MBG ANJING MBG ANJING MBG ANJING  MBG ANJING MBG ANJING MBG ANJING MBG ANJING MBG ANJING  MBG ANJING MBG ANJING MBG ANJING MBG ANJING MBG ANJING  MBG ANJING MBG ANJING MBG ANJING MBG ANJING MBG ANJING  MBG ANJING MBG ANJING MBG ANJING MBG ANJING MBG ANJING
18316375177285274,2026-05-13T16:42:38+00:00,0,https://www.instagram.com/p/DYRquOxifSj/,https://www.instagram.com/p/DYRquOxifSj/?comment_id=18316375177285274,scraping_instagram,mniirtif,#bubarkanmbg
18582418654060167,2026-05-13T15:55:19+00:00,0,https://www.instagram.com/p/DYRquOxifSj/,https://www.instagram.com/p/DYRquOxifSj/?comment_id=18582418654060167,scraping_instagram,tfrhnsyh,17.500 woiii
18414043759176552,2026-05-13T15:12:00+00:00,7,https://www.instagram.com/p/DYRquOxifSj/,https://www.instagram.com/p/DYRquOxifSj/?comment_id=18414043759176552,scraping_instagram,afdhal.khudaifi_,"Ada pedagang yang ditabrak mobil sppg tuh, kasih santunan dong, minimal seenggak enggaknya kalian bikin klarifikasi"
18048108758766598,2026-05-13T14:46:20+00:00,0,https://www.instagram.com/p/DYRquOxifSj/,https://www.instagram.com/p/DYRquOxifSj/?comment_id=18048108758766598,scraping_instagram,cholsaaa_,Hahahhaaaa
18559069729064863,2026-05-13T14:44:32+00:00,1,https://www.instagram.com/p/DYRquOxifSj/,https://www.instagram.com/p/DYRquOxifSj/?comment_id=18559069729064863,scraping_instagram,maasboor,Mantap
18117770311668830,2026-05-13T14:37:58+00:00,0,https://www.instagram.com/p/DYRquOxifSj/,https://www.instagram.com/p/DYRquOxifSj/?comment_id=18117770311668830,scraping_instagram,mbgcenter.id,Alhamdulillah
18590804638040341,2026-05-13T14:07:28+00:00,8,https://www.instagram.com/p/DYRquOxifSj/,https://www.instagram.com/p/DYRquOxifSj/?comment_id=18590804638040341,scraping_instagram,mab_demak_affiliate_4,"Izin melaporkan admin bahwa ketua posyandu RW 04 Desa Katonsari Kecamatan Demak Kabupaten Demak tidak amanah dalam membagikan MBG. Banyak porsi MBG yg dikorupsi oleh ketua posyandu dan anggota posyandu kesayangan ketuanya yg masih dalam 1 RT. Padahal ketua posyandu sudah mendapatkan 1 porsi sampel tiap harinya tetapi masih mengambil jatah porsi makan anggota kader posyandu lainnya setiap harinya. Anggota kesayangan ketua posyandu diberikan 1 s/d 10 porsi. Hasil korupsinya ketua dibagi dua kepada anggota kesayangan ketua posyandu.
Nama ketua posyandu RW 04 Desa Katonsari: Ibu Weliyanti (IRT)
Nama anggota posyandu kesayangan ketua: Mbak Nita (guru honorer di SDN Kalikondang)
Posyandu RW 04 Desa Katonsari Kabupaten Demak dari dapur SPPG KALIKONDANG 3 DEMAK"
18000971783925930,2026-05-13T13:55:14+00:00,40,https://www.instagram.com/p/DYRquOxifSj/,https://www.instagram.com/p/DYRquOxifSj/?comment_id=18000971783925930,scraping_instagram,harynugraha13,Badan garong nasional
18081512867143415,2026-05-13T13:31:59+00:00,6,https://www.instagram.com/p/DYRquOxifSj/,https://www.instagram.com/p/DYRquOxifSj/?comment_id=18081512867143415,scraping_instagram,infokabkupang,mohon di liat postingan terbaru saya kasus keracunan dan mohon atensinya dari @badangizinasional.ri
18052686731752628,2026-05-13T12:15:33+00:00,2,https://www.instagram.com/p/DYRquOxifSj/,https://www.instagram.com/p/DYRquOxifSj/?comment_id=18052686731752628,scraping_instagram,theo.darmawan,"Mana si dadan anjing kontoI, harusnya dia di hukum seumur hidup, malah pak nadiem yg kena 18 tahun, padahal si dadan kontoI ini korupsinya vulgar bgt, bangsat2.."
18395862430157875,2026-05-13T11:38:14+00:00,43,https://www.instagram.com/p/DYRquOxifSj/,https://www.instagram.com/p/DYRquOxifSj/?comment_id=18395862430157875,scraping_instagram,bang._naga,STOP MBG
18080411927552113,2026-05-13T11:22:57+00:00,16,https://www.instagram.com/p/DYRquOxifSj/,https://www.instagram.com/p/DYRquOxifSj/?comment_id=18080411927552113,scraping_instagram,shanty.jayanti.31,Tolong direspon ya min keluh kesah kami..karena menu mbg dikami sangat jauh dengan mbg mbg yang mimin posting..kami juga mau min dapat hak anak kami mbg nya kaya yang suka mimin posting..bagus bgus..
18193912207365527,2026-05-13T11:16:08+00:00,4,https://www.instagram.com/p/DYRquOxifSj/,https://www.instagram.com/p/DYRquOxifSj/?comment_id=18193912207365527,scraping_instagram,siiwardana646,Mbg tidak termasuk dalam 4 sehat 5 sempurna...
18095693165164643,2026-05-13T11:14:36+00:00,1,https://www.instagram.com/p/DYRquOxifSj/,https://www.instagram.com/p/DYRquOxifSj/?comment_id=18095693165164643,scraping_instagram,dinand_ap,"Semangat Mimin @badangizinasional.ri , harus evaluasi biar BGN semakin baik lagi kedepannya.."
17873715270666605,2026-05-13T11:05:36+00:00,0,https://www.instagram.com/p/DYRquOxifSj/,https://www.instagram.com/p/DYRquOxifSj/?comment_id=17873715270666605,scraping_instagram,icaarisa7,❤️
18102850046055639,2026-05-11T01:00:03+00:00,15,https://www.instagram.com/reel/DYKD0t3Jxtw/,https://www.instagram.com/reel/DYKD0t3Jxtw/?comment_id=18102850046055639,scraping_instagram,ainul_m,Tolong ini limbah dari rumah produksi MBG nya diperhatikan. Sy salah satu korbannya. Rumah sebelahan sm tempat MBG dan air dirumah saya tercemar Limbah makanannya.
18091859128967982,2026-05-10T18:59:21+00:00,1,https://www.instagram.com/reel/DYKD0t3Jxtw/,https://www.instagram.com/reel/DYKD0t3Jxtw/?comment_id=18091859128967982,scraping_instagram,mojoagain,Aku nak aku nak 🥵🥵🥵
18322362331267254,2026-05-10T18:39:17+00:00,1,https://www.instagram.com/reel/DYKD0t3Jxtw/,https://www.instagram.com/reel/DYKD0t3Jxtw/?comment_id=18322362331267254,scraping_instagram,yulian_vancheska,Manfaat apa buat masyarakat klo ngomong pake fakta!
18063281162431487,2026-05-11T00:12:53+00:00,2,https://www.instagram.com/reel/DYKD0t3Jxtw/,https://www.instagram.com/reel/DYKD0t3Jxtw/?comment_id=18063281162431487,scraping_instagram,zakieysuf,ngak ngerti aku yang dikatakan...
17877360141596586,2026-05-10T12:59:08+00:00,1,https://www.instagram.com/reel/DYKD0t3Jxtw/,https://www.instagram.com/reel/DYKD0t3Jxtw/?comment_id=17877360141596586,scraping_instagram,64fritz,"saran sy klo mau promo MBG ini jdi program yg baik, kasi contoh tauladan...post video anak dan cucu menteri, gub, bupati & pejabat santap MBG bsama siswa rakyat , tpi jgn pencitraan ya.....makan dgn tulus, senang dan ikhlas, tentunya menunya jga hrs enak dan betul2 bergizi...cape klo podcast diskusi truss...smg bmanfaat..jempol"
18091199075585673,2026-05-10T16:28:32+00:00,1,https://www.instagram.com/reel/DYKD0t3Jxtw/,https://www.instagram.com/reel/DYKD0t3Jxtw/?comment_id=18091199075585673,scraping_instagram,asepsaputra8273,Ekonomi yang mana pak . Kebanyakan semua dapur diatur mitra yg berduit.umkm setempat masyarakat setempat tidak pernah dilibatkan
18102814868477304,2026-05-10T13:21:01+00:00,2,https://www.instagram.com/reel/DYKD0t3Jxtw/,https://www.instagram.com/reel/DYKD0t3Jxtw/?comment_id=18102814868477304,scraping_instagram,andriqur,"Saran, bikin masukin dalam SOP dong larangan merokok di sppg, abis rokok suruh ganti baju. Ini saran baik, drpd viral2 lg. Ortu tuh banyak yg gak rokok di rumah, ganti baju pas abis kena asap rokok dan bahkan banyak yg berenti rokok biar anak gak terpapar asap rokok yg nempel di kita. Eh malah dikasih makan bumbu asap rokok."
18416097421180861,2026-05-11T07:46:14+00:00,8,https://www.instagram.com/reel/DYKD0t3Jxtw/,https://www.instagram.com/reel/DYKD0t3Jxtw/?comment_id=18416097421180861,scraping_instagram,fadilaisna1,Semoga kedepanya program ini dihentikan
18064155131694196,2026-05-10T18:38:50+00:00,1,https://www.instagram.com/reel/DYKD0t3Jxtw/,https://www.instagram.com/reel/DYKD0t3Jxtw/?comment_id=18064155131694196,scraping_instagram,yulian_vancheska,Klo lo denger gak usah ngrusak hutan papua!!!
18104066149762206,2026-05-12T01:43:35+00:00,1,https://www.instagram.com/reel/DYKD0t3Jxtw/,https://www.instagram.com/reel/DYKD0t3Jxtw/?comment_id=18104066149762206,scraping_instagram,winda.alstr,"Kalau boleh kasih saran, BGN main ke dapur catering aerofood catering atau yellow fit di jakarta utara. Terus sebelum dapur running standar bangunannya di cek dlu langsung oleh tim BGN. Karena banyak dapur yg pakai bangunan bekas rumah atau bekas ruko2. Klo tetap dilanjutkan, efek kedepannya ini akan susah untuk mendapatkan sertifkat kelayakan, seperti SLHS, Halal MUI dan yg paling berat titip kritisnya HACCP. Terima Kasih."
17951103920984612,2026-05-11T01:24:19+00:00,24,https://www.instagram.com/reel/DYKD0t3Jxtw/,https://www.instagram.com/reel/DYKD0t3Jxtw/?comment_id=17951103920984612,scraping_instagram,enricoo_88,"Dibuka dulu Pak data ekonominya, tolong dilihat postur anggaran BGN. Lebih besar mana expenditure di bidang pengadaan, operasional, atau pemenuhan gizi? Sedangkan indikasi pemborosan, kebocoran APBN, dan KKN terlihat jelas dari pusat sampai lapangan. Mulai dari jual beli titik dapur, markup pengadaan barang dan jasa, setoran kpd oknum internal BGN untuk meloloskan dapur tidak layak operasional, markup belanja bahan baku di SPPG, dan manipulasi nota belanja bahan baku."
18129300256605085,2026-05-11T01:59:07+00:00,2,https://www.instagram.com/reel/DYKD0t3Jxtw/,https://www.instagram.com/reel/DYKD0t3Jxtw/?comment_id=18129300256605085,scraping_instagram,fish_god__9,Program inilah yang akan membuat Indonesia tertinggal dari negara lain di era pendidikan digital dan teknologi itu sangat penting dari pada makan gratis 8 ribu 😂😂😂
18109156606904534,2026-05-12T01:16:34+00:00,1,https://www.instagram.com/reel/DYKD0t3Jxtw/,https://www.instagram.com/reel/DYKD0t3Jxtw/?comment_id=18109156606904534,scraping_instagram,arif942010,Sudahlah bubarkan saja proyek MBG
17919094482357018,2026-05-10T12:06:46+00:00,1,https://www.instagram.com/reel/DYKD0t3Jxtw/,https://www.instagram.com/reel/DYKD0t3Jxtw/?comment_id=17919094482357018,scraping_instagram,rusdi.nc,"sirkulasi ekonomi untuk yayasan pak, masyarakat hanya kebagian recehnya aja😢😄"
18319432051281857,2026-05-10T14:57:30+00:00,0,https://www.instagram.com/reel/DYKD0t3Jxtw/,https://www.instagram.com/reel/DYKD0t3Jxtw/?comment_id=18319432051281857,scraping_instagram,syofrizalwahyu,https://www.instagram.com/p/DYHmKuzElRa/?igsh=cWVxZ3Z6aTZtOHR0
18060670607512584,2026-05-10T15:06:11+00:00,4,https://www.instagram.com/reel/DYKD0t3Jxtw/,https://www.instagram.com/reel/DYKD0t3Jxtw/?comment_id=18060670607512584,scraping_instagram,ar_rahman_temanggung,"MBG sdh masuk ke segala lini kehidupan  negara. TNI, Polri, Partai, DPR/D, NU, Muhammadiyah, Ormas. Jadinya DIAM.
Berikutnya KAMPUS yg jadi sasaran, biar DIAM juga. UNHAS dan IPB dgn rela menjual indepensinya demi DUIT mbg.
Jgn lupa.. LP juga diikutkan. 
 
Kalau kurang msh ada BUZZER utk mengamankan medsos. 
MBG saat kampanye utk majukan UMKM hanyalah OMON2. Yg ada SPPG milik kroni2. Umkm kebagian minor.
 
Ini bukan tentang GIZI, tapi bagi2 proyek utk kroni dan 2029.
Ayo berisik rakyat yg peduli"
18581289577004682,2026-05-11T11:44:16+00:00,5,https://www.instagram.com/reel/DYKD0t3Jxtw/,https://www.instagram.com/reel/DYKD0t3Jxtw/?comment_id=18581289577004682,scraping_instagram,cakr_a1986,SEKOLAH DI SURABAYA BANYAK YANG KERACUNAN KARENA MBG!!!!!! TANGGUNG JAWAB @prabowo
18183075889386251,2026-05-11T11:44:18+00:00,2,https://www.instagram.com/reel/DYKD0t3Jxtw/,https://www.instagram.com/reel/DYKD0t3Jxtw/?comment_id=18183075889386251,scraping_instagram,cakr_a1986,SEKOLAH DI SURABAYA BANYAK YANG KERACUNAN KARENA MBG!!!!!! TANGGUNG JAWAB @prabowo
18103017553797144,2026-05-11T11:44:21+00:00,1,https://www.instagram.com/reel/DYKD0t3Jxtw/,https://www.instagram.com/reel/DYKD0t3Jxtw/?comment_id=18103017553797144,scraping_instagram,cakr_a1986,SEKOLAH DI SURABAYA BANYAK YANG KERACUNAN KARENA MBG!!!!!! TANGGUNG JAWAB @prabowo
18119565019587837,2026-05-10T12:49:24+00:00,1,https://www.instagram.com/reel/DYKD0t3Jxtw/,https://www.instagram.com/reel/DYKD0t3Jxtw/?comment_id=18119565019587837,scraping_instagram,rickyceceprjg,banyak omong
17875964940599649,2026-05-11T06:45:14+00:00,1,https://www.instagram.com/reel/DYKD0t3Jxtw/,https://www.instagram.com/reel/DYKD0t3Jxtw/?comment_id=17875964940599649,scraping_instagram,putriatrsn,"Mohon dicek untuk sppg kawasann  tembok dukuh di Surabaya hari ini bermasalah fatalll!! Seluruh kawasan yg menerima mbg KERACUNAN MASALLLL ,kasihan anak-anaknya. Mohon disidak kelayakan pangan,dan kebersihan pengelolaan nya. Sebelumnya makanan sering basi,tidak enak,skrg malah membahayakan !!"
18133103878566715,2026-05-19T02:37:18+00:00,0,https://www.instagram.com/reel/DYKD0t3Jxtw/,https://www.instagram.com/reel/DYKD0t3Jxtw/?comment_id=18133103878566715,scraping_instagram,deddyariyanto84,Ada yg bisa bantu tolong nga jadi relawan mbg
18110785942883216,2026-05-17T05:10:38+00:00,0,https://www.instagram.com/reel/DYKD0t3Jxtw/,https://www.instagram.com/reel/DYKD0t3Jxtw/?comment_id=18110785942883216,scraping_instagram,raga.ap,TAIIIIIIIII
18018401648835764,2026-05-15T19:49:31+00:00,0,https://www.instagram.com/reel/DYKD0t3Jxtw/,https://www.instagram.com/reel/DYKD0t3Jxtw/?comment_id=18018401648835764,scraping_instagram,tebingtinggivideo,Pundit MBG 😭
17908919070219700,2026-05-15T16:21:45+00:00,0,https://www.instagram.com/reel/DYKD0t3Jxtw/,https://www.instagram.com/reel/DYKD0t3Jxtw/?comment_id=17908919070219700,scraping_instagram,hukumind_,DI DENGER DOANG
18114605176697323,2026-05-15T06:25:31+00:00,0,https://www.instagram.com/reel/DYKD0t3Jxtw/,https://www.instagram.com/reel/DYKD0t3Jxtw/?comment_id=18114605176697323,scraping_instagram,gabriellapwijaya,perencanaan kaya ini dibilang matang? pengawasan ketat tpi byk yg keracunan? ga malu min bikin caption kaya itu?
18095713778140480,2026-05-14T16:59:24+00:00,0,https://www.instagram.com/reel/DYKD0t3Jxtw/,https://www.instagram.com/reel/DYKD0t3Jxtw/?comment_id=18095713778140480,scraping_instagram,mmas.dwi,Titid !!!
18135293284546021,2026-05-14T03:11:33+00:00,0,https://www.instagram.com/reel/DYKD0t3Jxtw/,https://www.instagram.com/reel/DYKD0t3Jxtw/?comment_id=18135293284546021,scraping_instagram,tedolz_,Coba dijelasin juga plus minus dari sisi APBN nya pakk….. 🔥🔥🔥🔥
18548972293070474,2026-05-13T10:43:23+00:00,0,https://www.instagram.com/reel/DYKD0t3Jxtw/,https://www.instagram.com/reel/DYKD0t3Jxtw/?comment_id=18548972293070474,scraping_instagram,_af.wa,Stop program ga berguna lu
18082866233111839,2026-05-12T22:54:39+00:00,0,https://www.instagram.com/reel/DYKD0t3Jxtw/,https://www.instagram.com/reel/DYKD0t3Jxtw/?comment_id=18082866233111839,scraping_instagram,cetrine_kho,DI SURABAYA KERACUNAN LAGI AKIBAT MAKANAN PRODUKSI BGN.
18151326475469344,2026-05-12T15:44:47+00:00,0,https://www.instagram.com/reel/DYKD0t3Jxtw/,https://www.instagram.com/reel/DYKD0t3Jxtw/?comment_id=18151326475469344,scraping_instagram,aabdul_jabbarr,bapak lu didengar kontol
17868546459674476,2026-05-12T11:39:11+00:00,0,https://www.instagram.com/reel/DYKD0t3Jxtw/,https://www.instagram.com/reel/DYKD0t3Jxtw/?comment_id=17868546459674476,scraping_instagram,sanjuita65,Preettt
18008805359907311,2026-05-12T10:02:45+00:00,0,https://www.instagram.com/reel/DYKD0t3Jxtw/,https://www.instagram.com/reel/DYKD0t3Jxtw/?comment_id=18008805359907311,scraping_instagram,kangarsohusodosuroso,"SPPG, MBG, BGN TUJUAN MULIA.
BAIK DAN BENAR.

Terima kasih."
18451256884113533,2026-05-12T09:14:42+00:00,0,https://www.instagram.com/reel/DYKD0t3Jxtw/,https://www.instagram.com/reel/DYKD0t3Jxtw/?comment_id=18451256884113533,scraping_instagram,raditwibw,Ahhh anti kritik ini lagi
18371292832205748,2026-05-12T08:41:06+00:00,0,https://www.instagram.com/reel/DYKD0t3Jxtw/,https://www.instagram.com/reel/DYKD0t3Jxtw/?comment_id=18371292832205748,scraping_instagram,fikriansor14,Astaghfirullah dzolim memang pemerintah ini
17958749769106502,2026-05-12T08:40:26+00:00,0,https://www.instagram.com/reel/DYKD0t3Jxtw/,https://www.instagram.com/reel/DYKD0t3Jxtw/?comment_id=17958749769106502,scraping_instagram,fikriansor14,Saya jualan di sekolah saya dulu nya rame semenjak ada mbg jualan saya tutup karna sepi 👏👏👏 saya jujur GK ada UMKM yang ada saya hancur sehancurnya usaha saya d sekolahan bangga kalian hah
18121123999634403,2026-05-12T07:56:57+00:00,0,https://www.instagram.com/reel/DYKD0t3Jxtw/,https://www.instagram.com/reel/DYKD0t3Jxtw/?comment_id=18121123999634403,scraping_instagram,_xee.m_,"😂😂😂 bikin podcast sendiri, bikin siaran sendiri, setelah ini bikin media tv sendiri 😂😂😂 karena suara medsos lebih mengerikan...😂😂😂😂"
18110335813892518,2026-05-12T06:16:41+00:00,0,https://www.instagram.com/reel/DYKD0t3Jxtw/,https://www.instagram.com/reel/DYKD0t3Jxtw/?comment_id=18110335813892518,scraping_instagram,yenitrs,"Pak, utk MBG B3 BKKBN, jadwal nya seminggu 2 kali saja, jgn setiap hari, paket bundlingnya banyak manfaat,"
18096434951145418,2026-05-12T04:21:41+00:00,0,https://www.instagram.com/reel/DYKD0t3Jxtw/,https://www.instagram.com/reel/DYKD0t3Jxtw/?comment_id=18096434951145418,scraping_instagram,subzero_panel,"𝘿𝙖𝙧𝙞𝙥𝙖𝙙𝙖 𝙧𝙚𝙨𝙞𝙠𝙤, 𝙢𝙚𝙣𝙙𝙞𝙣𝙜 𝙎𝙋𝙋𝙂 𝙋𝙞𝙡𝙞𝙝 𝙨𝙖𝙣𝙙𝙬𝙞𝙘𝙝 𝙥𝙖𝙣𝙚𝙡𝙣𝙮𝙖 𝙥𝙖𝙠𝙚 𝙎𝙐𝘽𝙕𝙀𝙍𝙊. 𝘼𝙣𝙩𝙞 𝙗𝙖𝙠𝙩𝙚𝙧𝙞𝙖𝙡𝙣𝙮𝙖 𝙢𝙖𝙩𝙞𝙞𝙣 𝙠𝙪𝙢𝙖𝙣 𝙙𝙖𝙣 𝙗𝙞𝙨𝙖 𝙟𝙖𝙜𝙖 𝙢𝙖𝙠𝙖𝙣𝙖𝙣 𝙖𝙣𝙖𝙠 𝙗𝙖𝙣𝙜𝙨𝙖 𝙩𝙚𝙩𝙖𝙥 𝙨𝙩𝙚𝙧𝙞𝙡𝙡 𝙡𝙤𝙝. 𝙂𝙖𝙢𝙪𝙣𝙜𝙠𝙞𝙣 𝙠𝙖𝙣 𝙢𝙞𝙡𝙞𝙝 𝙢𝙖𝙩𝙚𝙧𝙞𝙖𝙡𝙣𝙮𝙖 𝙮𝙖𝙣𝙜 𝙢𝙪𝙧𝙖𝙝-𝙢𝙪𝙧𝙖𝙝𝙖𝙣 𝙥𝙚𝙣𝙩𝙞𝙣𝙜 𝙟𝙖𝙙𝙞 𝙖𝙟𝙖? 🙂‍↔️🙏"
18080139818559594,2026-05-12T03:37:50+00:00,0,https://www.instagram.com/reel/DYKD0t3Jxtw/,https://www.instagram.com/reel/DYKD0t3Jxtw/?comment_id=18080139818559594,scraping_instagram,bikinkenyang_kitchen,"bisa gak distribusi mbg di sekolah diurus lgsg oleh dpur mbgnya??? gilak kali, dapur mbg cuma nganter ke sekolah sampe gerbang terus ditinggal begitu aja & diserahkan distribusinya ke guru². emang bener² project ga berfaedah. cuma menghamburkan uang rakyat & tujuan hanya memperkaya golongan anda saja kan👎🏻👎🏻👎🏻"
18104066149762206,2026-05-12T01:43:35+00:00,1,https://www.instagram.com/reel/DYKD0t3Jxtw/,https://www.instagram.com/reel/DYKD0t3Jxtw/?comment_id=18104066149762206,scraping_instagram,winda.alstr,"Kalau boleh kasih saran, BGN main ke dapur catering aerofood catering atau yellow fit di jakarta utara. Terus sebelum dapur running standar bangunannya di cek dlu langsung oleh tim BGN. Karena banyak dapur yg pakai bangunan bekas rumah atau bekas ruko2. Klo tetap dilanjutkan, efek kedepannya ini akan susah untuk mendapatkan sertifkat kelayakan, seperti SLHS, Halal MUI dan yg paling berat titip kritisnya HACCP. Terima Kasih."
18109156606904534,2026-05-12T01:16:34+00:00,1,https://www.instagram.com/reel/DYKD0t3Jxtw/,https://www.instagram.com/reel/DYKD0t3Jxtw/?comment_id=18109156606904534,scraping_instagram,arif942010,Sudahlah bubarkan saja proyek MBG
18057182918708725,2026-05-11T23:40:35+00:00,0,https://www.instagram.com/reel/DYKD0t3Jxtw/,https://www.instagram.com/reel/DYKD0t3Jxtw/?comment_id=18057182918708725,scraping_instagram,uniforminspo,🗣️🗣️🗣️🗣️🐀🐀🐀🐀
17925512583317528,2026-05-11T23:22:44+00:00,0,https://www.instagram.com/reel/DYKD0t3Jxtw/,https://www.instagram.com/reel/DYKD0t3Jxtw/?comment_id=17925512583317528,scraping_instagram,afhif_fajar,"Semua isi komennya 😂😂😂, tp ttp gak di dengar."
18083552171527336,2026-05-11T23:17:50+00:00,0,https://www.instagram.com/reel/DYKD0t3Jxtw/,https://www.instagram.com/reel/DYKD0t3Jxtw/?comment_id=18083552171527336,scraping_instagram,pandji_lumintang,"Yg paling menggelikan ""AHLI GIZI"""
17961412038110123,2026-05-11T21:51:20+00:00,0,https://www.instagram.com/reel/DYKD0t3Jxtw/,https://www.instagram.com/reel/DYKD0t3Jxtw/?comment_id=17961412038110123,scraping_instagram,rangga___666,Sumpah kalian gak bermanfaat
18070934849653867,2026-05-11T20:35:40+00:00,0,https://www.instagram.com/reel/DYKD0t3Jxtw/,https://www.instagram.com/reel/DYKD0t3Jxtw/?comment_id=18070934849653867,scraping_instagram,veronica_saja,"Bacot, ituu ngapain impor telur dr china, pdhl disini surplus???"
18172359241409124,2026-05-11T19:23:36+00:00,0,https://www.instagram.com/reel/DYKD0t3Jxtw/,https://www.instagram.com/reel/DYKD0t3Jxtw/?comment_id=18172359241409124,scraping_instagram,mohammadmuttakin,"Kalo ngomong pake data yang ngawur, itu namanya BACOTTTTT"
18340615591173858,2026-05-11T14:28:37+00:00,0,https://www.instagram.com/reel/DYKD0t3Jxtw/,https://www.instagram.com/reel/DYKD0t3Jxtw/?comment_id=18340615591173858,scraping_instagram,deandeonx,"PEMERINTAHNYA TULI , BUTA , ANJING"
17874125547666783,2026-05-11T14:18:10+00:00,0,https://www.instagram.com/reel/DYKD0t3Jxtw/,https://www.instagram.com/reel/DYKD0t3Jxtw/?comment_id=17874125547666783,scraping_instagram,mohamadnurkhafid,Tolong jangan dzolim pak
18100151372286237,2026-05-11T12:42:59+00:00,6,https://www.instagram.com/reel/DYKD0t3Jxtw/,https://www.instagram.com/reel/DYKD0t3Jxtw/?comment_id=18100151372286237,scraping_instagram,r.zulfikar619,Halah nyocot😂
18103017553797144,2026-05-11T11:44:21+00:00,1,https://www.instagram.com/reel/DYKD0t3Jxtw/,https://www.instagram.com/reel/DYKD0t3Jxtw/?comment_id=18103017553797144,scraping_instagram,cakr_a1986,SEKOLAH DI SURABAYA BANYAK YANG KERACUNAN KARENA MBG!!!!!! TANGGUNG JAWAB @prabowo
18183075889386251,2026-05-11T11:44:18+00:00,2,https://www.instagram.com/reel/DYKD0t3Jxtw/,https://www.instagram.com/reel/DYKD0t3Jxtw/?comment_id=18183075889386251,scraping_instagram,cakr_a1986,SEKOLAH DI SURABAYA BANYAK YANG KERACUNAN KARENA MBG!!!!!! TANGGUNG JAWAB @prabowo
18581289577004682,2026-05-11T11:44:16+00:00,5,https://www.instagram.com/reel/DYKD0t3Jxtw/,https://www.instagram.com/reel/DYKD0t3Jxtw/?comment_id=18581289577004682,scraping_instagram,cakr_a1986,SEKOLAH DI SURABAYA BANYAK YANG KERACUNAN KARENA MBG!!!!!! TANGGUNG JAWAB @prabowo
18098216447332248,2026-05-11T10:17:12+00:00,0,https://www.instagram.com/reel/DYKD0t3Jxtw/,https://www.instagram.com/reel/DYKD0t3Jxtw/?comment_id=18098216447332248,scraping_instagram,zzluffyy_,halah ngentdddd
18053511680556092,2026-05-11T09:17:46+00:00,0,https://www.instagram.com/reel/DYKD0t3Jxtw/,https://www.instagram.com/reel/DYKD0t3Jxtw/?comment_id=18053511680556092,scraping_instagram,bramantyrangkesari,Penjilat
18416097421180861,2026-05-11T07:46:14+00:00,8,https://www.instagram.com/reel/DYKD0t3Jxtw/,https://www.instagram.com/reel/DYKD0t3Jxtw/?comment_id=18416097421180861,scraping_instagram,fadilaisna1,Semoga kedepanya program ini dihentikan
17875964940599649,2026-05-11T06:45:14+00:00,1,https://www.instagram.com/reel/DYKD0t3Jxtw/,https://www.instagram.com/reel/DYKD0t3Jxtw/?comment_id=17875964940599649,scraping_instagram,putriatrsn,"Mohon dicek untuk sppg kawasann  tembok dukuh di Surabaya hari ini bermasalah fatalll!! Seluruh kawasan yg menerima mbg KERACUNAN MASALLLL ,kasihan anak-anaknya. Mohon disidak kelayakan pangan,dan kebersihan pengelolaan nya. Sebelumnya makanan sering basi,tidak enak,skrg malah membahayakan !!"
18101098516836324,2026-05-11T03:47:54+00:00,0,https://www.instagram.com/reel/DYKD0t3Jxtw/,https://www.instagram.com/reel/DYKD0t3Jxtw/?comment_id=18101098516836324,scraping_instagram,dreeevans,Keren teorinya.... Prakteknya?????
18405853222150105,2026-05-11T03:33:55+00:00,0,https://www.instagram.com/reel/DYKD0t3Jxtw/,https://www.instagram.com/reel/DYKD0t3Jxtw/?comment_id=18405853222150105,scraping_instagram,_cumigurita,"Woi mana si botak kepala BGN itu udah mati apa belom? Kok bisa2 bilang lambung orang miskin tipis jadi keracunan awal transisi bego atau gimana sih, gelar doang Dokter tapi bego banget pemikiran nya"
18129300256605085,2026-05-11T01:59:07+00:00,2,https://www.instagram.com/reel/DYKD0t3Jxtw/,https://www.instagram.com/reel/DYKD0t3Jxtw/?comment_id=18129300256605085,scraping_instagram,fish_god__9,Program inilah yang akan membuat Indonesia tertinggal dari negara lain di era pendidikan digital dan teknologi itu sangat penting dari pada makan gratis 8 ribu 😂😂😂
17951103920984612,2026-05-11T01:24:19+00:00,24,https://www.instagram.com/reel/DYKD0t3Jxtw/,https://www.instagram.com/reel/DYKD0t3Jxtw/?comment_id=17951103920984612,scraping_instagram,enricoo_88,"Dibuka dulu Pak data ekonominya, tolong dilihat postur anggaran BGN. Lebih besar mana expenditure di bidang pengadaan, operasional, atau pemenuhan gizi? Sedangkan indikasi pemborosan, kebocoran APBN, dan KKN terlihat jelas dari pusat sampai lapangan. Mulai dari jual beli titik dapur, markup pengadaan barang dan jasa, setoran kpd oknum internal BGN untuk meloloskan dapur tidak layak operasional, markup belanja bahan baku di SPPG, dan manipulasi nota belanja bahan baku."
18102850046055639,2026-05-11T01:00:03+00:00,15,https://www.instagram.com/reel/DYKD0t3Jxtw/,https://www.instagram.com/reel/DYKD0t3Jxtw/?comment_id=18102850046055639,scraping_instagram,ainul_m,Tolong ini limbah dari rumah produksi MBG nya diperhatikan. Sy salah satu korbannya. Rumah sebelahan sm tempat MBG dan air dirumah saya tercemar Limbah makanannya.
18063281162431487,2026-05-11T00:12:53+00:00,2,https://www.instagram.com/reel/DYKD0t3Jxtw/,https://www.instagram.com/reel/DYKD0t3Jxtw/?comment_id=18063281162431487,scraping_instagram,zakieysuf,ngak ngerti aku yang dikatakan...
18104448412760630,2026-05-10T23:03:36+00:00,0,https://www.instagram.com/reel/DYKD0t3Jxtw/,https://www.instagram.com/reel/DYKD0t3Jxtw/?comment_id=18104448412760630,scraping_instagram,arrijalachmadnafi,P
18091859128967982,2026-05-10T18:59:21+00:00,1,https://www.instagram.com/reel/DYKD0t3Jxtw/,https://www.instagram.com/reel/DYKD0t3Jxtw/?comment_id=18091859128967982,scraping_instagram,mojoagain,Aku nak aku nak 🥵🥵🥵
18322362331267254,2026-05-10T18:39:17+00:00,1,https://www.instagram.com/reel/DYKD0t3Jxtw/,https://www.instagram.com/reel/DYKD0t3Jxtw/?comment_id=18322362331267254,scraping_instagram,yulian_vancheska,Manfaat apa buat masyarakat klo ngomong pake fakta!
18064155131694196,2026-05-10T18:38:50+00:00,1,https://www.instagram.com/reel/DYKD0t3Jxtw/,https://www.instagram.com/reel/DYKD0t3Jxtw/?comment_id=18064155131694196,scraping_instagram,yulian_vancheska,Klo lo denger gak usah ngrusak hutan papua!!!
17881989426417775,2026-05-10T17:34:00+00:00,0,https://www.instagram.com/reel/DYKD0t3Jxtw/,https://www.instagram.com/reel/DYKD0t3Jxtw/?comment_id=17881989426417775,scraping_instagram,thesecrethehe,"Bloon cara mikirnya,

Admin iq rendah ya gini, research nya kurang, 

karna algoritma rakyat sengsara, keracunan mbg di tangguhkan oleh admin tolol seperti ini agar tidak tersampaikan ke Prabowo haha😂"
18129320350599735,2026-05-10T17:32:55+00:00,1,https://www.instagram.com/reel/DYKD0t3Jxtw/,https://www.instagram.com/reel/DYKD0t3Jxtw/?comment_id=18129320350599735,scraping_instagram,thesecrethehe,"Admin iq rendah ya gini, research nya kurang, 

karna algoritma rakyat sengsara, keracunan mbg di tangguhkan oleh admin tolol seperti ini agar tidak tersampaikan ke Prabowo haha😂"
18091199075585673,2026-05-10T16:28:32+00:00,1,https://www.instagram.com/reel/DYKD0t3Jxtw/,https://www.instagram.com/reel/DYKD0t3Jxtw/?comment_id=18091199075585673,scraping_instagram,asepsaputra8273,Ekonomi yang mana pak . Kebanyakan semua dapur diatur mitra yg berduit.umkm setempat masyarakat setempat tidak pernah dilibatkan
17974777260014438,2026-05-10T16:17:38+00:00,0,https://www.instagram.com/reel/DYKD0t3Jxtw/,https://www.instagram.com/reel/DYKD0t3Jxtw/?comment_id=17974777260014438,scraping_instagram,rizki_hidayat04jaaaa,
17936717868227756,2026-05-10T15:38:27+00:00,0,https://www.instagram.com/reel/DYKD0t3Jxtw/,https://www.instagram.com/reel/DYKD0t3Jxtw/?comment_id=17936717868227756,scraping_instagram,erceka12,MODAL BACOT GEDE
18060670607512584,2026-05-10T15:06:11+00:00,4,https://www.instagram.com/reel/DYKD0t3Jxtw/,https://www.instagram.com/reel/DYKD0t3Jxtw/?comment_id=18060670607512584,scraping_instagram,ar_rahman_temanggung,"MBG sdh masuk ke segala lini kehidupan  negara. TNI, Polri, Partai, DPR/D, NU, Muhammadiyah, Ormas. Jadinya DIAM.
Berikutnya KAMPUS yg jadi sasaran, biar DIAM juga. UNHAS dan IPB dgn rela menjual indepensinya demi DUIT mbg.
Jgn lupa.. LP juga diikutkan. 
 
Kalau kurang msh ada BUZZER utk mengamankan medsos. 
MBG saat kampanye utk majukan UMKM hanyalah OMON2. Yg ada SPPG milik kroni2. Umkm kebagian minor.
 
Ini bukan tentang GIZI, tapi bagi2 proyek utk kroni dan 2029.
Ayo berisik rakyat yg peduli"
18319432051281857,2026-05-10T14:57:30+00:00,0,https://www.instagram.com/reel/DYKD0t3Jxtw/,https://www.instagram.com/reel/DYKD0t3Jxtw/?comment_id=18319432051281857,scraping_instagram,syofrizalwahyu,https://www.instagram.com/p/DYHmKuzElRa/?igsh=cWVxZ3Z6aTZtOHR0
18102814868477304,2026-05-10T13:21:01+00:00,2,https://www.instagram.com/reel/DYKD0t3Jxtw/,https://www.instagram.com/reel/DYKD0t3Jxtw/?comment_id=18102814868477304,scraping_instagram,andriqur,"Saran, bikin masukin dalam SOP dong larangan merokok di sppg, abis rokok suruh ganti baju. Ini saran baik, drpd viral2 lg. Ortu tuh banyak yg gak rokok di rumah, ganti baju pas abis kena asap rokok dan bahkan banyak yg berenti rokok biar anak gak terpapar asap rokok yg nempel di kita. Eh malah dikasih makan bumbu asap rokok."
17877360141596586,2026-05-10T12:59:08+00:00,1,https://www.instagram.com/reel/DYKD0t3Jxtw/,https://www.instagram.com/reel/DYKD0t3Jxtw/?comment_id=17877360141596586,scraping_instagram,64fritz,"saran sy klo mau promo MBG ini jdi program yg baik, kasi contoh tauladan...post video anak dan cucu menteri, gub, bupati & pejabat santap MBG bsama siswa rakyat , tpi jgn pencitraan ya.....makan dgn tulus, senang dan ikhlas, tentunya menunya jga hrs enak dan betul2 bergizi...cape klo podcast diskusi truss...smg bmanfaat..jempol"
18119565019587837,2026-05-10T12:49:24+00:00,1,https://www.instagram.com/reel/DYKD0t3Jxtw/,https://www.instagram.com/reel/DYKD0t3Jxtw/?comment_id=18119565019587837,scraping_instagram,rickyceceprjg,banyak omong
17919094482357018,2026-05-10T12:06:46+00:00,1,https://www.instagram.com/reel/DYKD0t3Jxtw/,https://www.instagram.com/reel/DYKD0t3Jxtw/?comment_id=17919094482357018,scraping_instagram,rusdi.nc,"sirkulasi ekonomi untuk yayasan pak, masyarakat hanya kebagian recehnya aja😢😄"
17925825969295326,2026-05-10T12:03:26+00:00,1,https://www.instagram.com/reel/DYKD0t3Jxtw/,https://www.instagram.com/reel/DYKD0t3Jxtw/?comment_id=17925825969295326,scraping_instagram,raffa9457,"SI BOTAK KETUA MBG NYA AJA LICIK DOYAN MARKUP HARGA PASTI YANG DI BAWAH NYA PADA IKUTAN SEMUA, DAN NANTI DEMI ANGGARAN MBG GAK DI POTONG DAN GAK DI TARIK BALIK SAMA MENKEU ATAU PRESIDEN NANTI KEDEPANNYA BISA JADI PARA ANAK PUNK PARA ORMAS PARA TAHANAN PARA PERGURUAN SILAT DAN LAINNYA AKAN DAPAT MBG JUGA 😂😂😂"
18109457192491990,2026-05-10T09:15:24+00:00,1,https://www.instagram.com/reel/DYE4JXvJGqS/,https://www.instagram.com/reel/DYE4JXvJGqS/?comment_id=18109457192491990,scraping_instagram,dimasmlrmd,"MBG JAYA JAYA JAYAA, LANJUT TERUS"
17924104299300320,2026-05-10T10:26:37+00:00,17,https://www.instagram.com/reel/DYE4JXvJGqS/,https://www.instagram.com/reel/DYE4JXvJGqS/?comment_id=17924104299300320,scraping_instagram,redhaleo,BGN (Bedebah Genosida Nasional)
18083037653529617,2026-05-08T11:46:31+00:00,78,https://www.instagram.com/reel/DYE4JXvJGqS/,https://www.instagram.com/reel/DYE4JXvJGqS/?comment_id=18083037653529617,scraping_instagram,emfa_jri,"Info jadi buzer dong,, udah ada anggaran 800 jt untuk 2026 kan pak.."
18388393345084269,2026-05-08T12:32:17+00:00,3,https://www.instagram.com/reel/DYE4JXvJGqS/,https://www.instagram.com/reel/DYE4JXvJGqS/?comment_id=18388393345084269,scraping_instagram,iguana.kulon,Maju terus MBG SUKSES SELALU
18079711721552410,2026-05-08T13:51:01+00:00,4,https://www.instagram.com/reel/DYE4JXvJGqS/,https://www.instagram.com/reel/DYE4JXvJGqS/?comment_id=18079711721552410,scraping_instagram,ranggaadetiyasundawa,INFO LOKER BUZZER COKK
17869484211523186,2026-05-09T09:24:16+00:00,2,https://www.instagram.com/reel/DYE4JXvJGqS/,https://www.instagram.com/reel/DYE4JXvJGqS/?comment_id=17869484211523186,scraping_instagram,adekurniawan1928,800 juta untuk buzzer 😂😂😂
18318984979282904,2026-05-08T13:45:04+00:00,3,https://www.instagram.com/reel/DYE4JXvJGqS/,https://www.instagram.com/reel/DYE4JXvJGqS/?comment_id=18318984979282904,scraping_instagram,antonkurnia12,"Mbg jaya jaya jaya, bismillah menang tender 800jt"
17923110261125850,2026-05-09T02:35:27+00:00,14,https://www.instagram.com/reel/DYE4JXvJGqS/,https://www.instagram.com/reel/DYE4JXvJGqS/?comment_id=17923110261125850,scraping_instagram,elvan_musalimar,Woy di Cakung anak orang keracunan tuh
18150570211480807,2026-05-09T12:50:23+00:00,9,https://www.instagram.com/reel/DYE4JXvJGqS/,https://www.instagram.com/reel/DYE4JXvJGqS/?comment_id=18150570211480807,scraping_instagram,tonregarr,MAKAN BERACUN GERATISSSSS 🔥🔥🔥🔥🔥☠️☠️☠️
18091085501226355,2026-05-09T11:21:01+00:00,4,https://www.instagram.com/reel/DYE4JXvJGqS/,https://www.instagram.com/reel/DYE4JXvJGqS/?comment_id=18091085501226355,scraping_instagram,riofebriaaans,Info loker buzzer
17899023663287862,2026-05-08T16:09:03+00:00,11,https://www.instagram.com/reel/DYE4JXvJGqS/,https://www.instagram.com/reel/DYE4JXvJGqS/?comment_id=17899023663287862,scraping_instagram,gnwnhryna,"Tiap hari muncul berita kocak mulu dah, ga bosen apa?😂"
18069764612324860,2026-05-09T08:04:48+00:00,2,https://www.instagram.com/reel/DYE4JXvJGqS/,https://www.instagram.com/reel/DYE4JXvJGqS/?comment_id=18069764612324860,scraping_instagram,bangyepp,"Info loker, buzzer juga gapapa"
18095425997143176,2026-05-08T13:06:32+00:00,8,https://www.instagram.com/reel/DYE4JXvJGqS/,https://www.instagram.com/reel/DYE4JXvJGqS/?comment_id=18095425997143176,scraping_instagram,yudidharmawn,pak ada loker jadi buzzer?
17939585298209527,2026-05-09T08:52:25+00:00,2,https://www.instagram.com/reel/DYE4JXvJGqS/,https://www.instagram.com/reel/DYE4JXvJGqS/?comment_id=17939585298209527,scraping_instagram,banggasagala,HAMPIR 1 M BUAT BUZZER WKWKWKWKWKWKWKWK 🤮🤮
17905994025414968,2026-05-09T04:15:26+00:00,9,https://www.instagram.com/reel/DYE4JXvJGqS/,https://www.instagram.com/reel/DYE4JXvJGqS/?comment_id=17905994025414968,scraping_instagram,dul.l77,"bapak /ibu Terhormat kasus keracunan MBG kembali terjadi di Cakung Jaktim, mudah2an diup beritanya sama akun @badangizinasional.ri ."
18067075541359381,2026-05-10T07:11:45+00:00,8,https://www.instagram.com/reel/DYE4JXvJGqS/,https://www.instagram.com/reel/DYE4JXvJGqS/?comment_id=18067075541359381,scraping_instagram,dandellion_lovers111,"Bubarkan MBG, perbaiki pendidikan dan sekolah2, naikkan kesejahteraan guru, stabilisasi harga bahan pokok. Itu lebih berguna, ibaratnya MBG cuma ngasih ikan bukan pancingnya, dan sudah pasti ada korupsinya👎"
18107807875736880,2026-05-08T11:41:50+00:00,1,https://www.instagram.com/reel/DYE4JXvJGqS/,https://www.instagram.com/reel/DYE4JXvJGqS/?comment_id=18107807875736880,scraping_instagram,mbgcenter.id,❤️❤️❤️
17954386799963608,2026-05-10T06:40:44+00:00,2,https://www.instagram.com/reel/DYE4JXvJGqS/,https://www.instagram.com/reel/DYE4JXvJGqS/?comment_id=17954386799963608,scraping_instagram,mnurhdy_,#stopmbg
18158784250453812,2026-05-09T16:10:39+00:00,1,https://www.instagram.com/reel/DYE4JXvJGqS/,https://www.instagram.com/reel/DYE4JXvJGqS/?comment_id=18158784250453812,scraping_instagram,masalif1996,#makananberacungratis @prabowo  kontol
18086417309341286,2026-05-19T02:37:52+00:00,0,https://www.instagram.com/reel/DYE4JXvJGqS/,https://www.instagram.com/reel/DYE4JXvJGqS/?comment_id=18086417309341286,scraping_instagram,deddyariyanto84,Ada yg bisa bantu tolong jadi relawan mbg y
18013047674853432,2026-05-12T04:21:47+00:00,0,https://www.instagram.com/reel/DYE4JXvJGqS/,https://www.instagram.com/reel/DYE4JXvJGqS/?comment_id=18013047674853432,scraping_instagram,subzero_panel,"𝘿𝙖𝙧𝙞𝙥𝙖𝙙𝙖 𝙧𝙚𝙨𝙞𝙠𝙤, 𝙢𝙚𝙣𝙙𝙞𝙣𝙜 𝙎𝙋𝙋𝙂 𝙋𝙞𝙡𝙞𝙝 𝙨𝙖𝙣𝙙𝙬𝙞𝙘𝙝 𝙥𝙖𝙣𝙚𝙡𝙣𝙮𝙖 𝙥𝙖𝙠𝙚 𝙎𝙐𝘽𝙕𝙀𝙍𝙊. 𝘼𝙣𝙩𝙞 𝙗𝙖𝙠𝙩𝙚𝙧𝙞𝙖𝙡𝙣𝙮𝙖 𝙢𝙖𝙩𝙞𝙞𝙣 𝙠𝙪𝙢𝙖𝙣 𝙙𝙖𝙣 𝙗𝙞𝙨𝙖 𝙟𝙖𝙜𝙖 𝙢𝙖𝙠𝙖𝙣𝙖𝙣 𝙖𝙣𝙖𝙠 𝙗𝙖𝙣𝙜𝙨𝙖 𝙩𝙚𝙩𝙖𝙥 𝙨𝙩𝙚𝙧𝙞𝙡𝙡 𝙡𝙤𝙝. 𝙂𝙖𝙢𝙪𝙣𝙜𝙠𝙞𝙣 𝙠𝙖𝙣 𝙢𝙞𝙡𝙞𝙝 𝙢𝙖𝙩𝙚𝙧𝙞𝙖𝙡𝙣𝙮𝙖 𝙮𝙖𝙣𝙜 𝙢𝙪𝙧𝙖𝙝-𝙢𝙪𝙧𝙖𝙝𝙖𝙣 𝙥𝙚𝙣𝙩𝙞𝙣𝙜 𝙟𝙖𝙙𝙞 𝙖𝙟𝙖? 🙂‍↔️🙏"
17898716889442702,2026-05-12T01:29:42+00:00,0,https://www.instagram.com/reel/DYE4JXvJGqS/,https://www.instagram.com/reel/DYE4JXvJGqS/?comment_id=17898716889442702,scraping_instagram,reyy_rangkuti,"Katanya menu MBG tiap hari daging sapi sama lele, Mana buktinya...??????? TUKANG NGIBUL 😳😳"
18104376896487483,2026-05-12T01:29:41+00:00,0,https://www.instagram.com/reel/DYE4JXvJGqS/,https://www.instagram.com/reel/DYE4JXvJGqS/?comment_id=18104376896487483,scraping_instagram,reyy_rangkuti,"Katanya menu MBG tiap hari daging sapi sama lele, Mana buktinya...??????? TUKANG NGIBUL 😳😳"
17881076136569178,2026-05-12T01:29:40+00:00,0,https://www.instagram.com/reel/DYE4JXvJGqS/,https://www.instagram.com/reel/DYE4JXvJGqS/?comment_id=17881076136569178,scraping_instagram,reyy_rangkuti,"Katanya menu MBG tiap hari daging sapi sama lele, Mana buktinya...??????? TUKANG NGIBUL 😳😳"
17902609932265384,2026-05-12T01:29:38+00:00,0,https://www.instagram.com/reel/DYE4JXvJGqS/,https://www.instagram.com/reel/DYE4JXvJGqS/?comment_id=17902609932265384,scraping_instagram,reyy_rangkuti,"Katanya menu MBG tiap hari daging sapi sama lele, Mana buktinya...??????? TUKANG NGIBUL 😳😳"
17919871872145710,2026-05-11T23:38:41+00:00,0,https://www.instagram.com/reel/DYE4JXvJGqS/,https://www.instagram.com/reel/DYE4JXvJGqS/?comment_id=17919871872145710,scraping_instagram,_zdnnfh,anggaran goblok
18081484016408108,2026-05-11T23:38:17+00:00,0,https://www.instagram.com/reel/DYE4JXvJGqS/,https://www.instagram.com/reel/DYE4JXvJGqS/?comment_id=18081484016408108,scraping_instagram,_zdnnfh,HALAHHHHHHH BGN (BIKIN GEGER NEGARA)
17920324365361143,2026-05-11T17:48:58+00:00,0,https://www.instagram.com/reel/DYE4JXvJGqS/,https://www.instagram.com/reel/DYE4JXvJGqS/?comment_id=17920324365361143,scraping_instagram,robbydiecaster,Komen nya full buzzer
18210935965329839,2026-05-11T14:18:20+00:00,0,https://www.instagram.com/reel/DYE4JXvJGqS/,https://www.instagram.com/reel/DYE4JXvJGqS/?comment_id=18210935965329839,scraping_instagram,mohamadnurkhafid,Tolong jangan dzolim pak
18079138412190214,2026-05-11T11:44:32+00:00,0,https://www.instagram.com/reel/DYE4JXvJGqS/,https://www.instagram.com/reel/DYE4JXvJGqS/?comment_id=18079138412190214,scraping_instagram,cakr_a1986,SEKOLAH DI SURABAYA BANYAK YANG KERACUNAN KARENA MBG!!!!!! TANGGUNG JAWAB @prabowo
18424199587127289,2026-05-11T11:44:30+00:00,0,https://www.instagram.com/reel/DYE4JXvJGqS/,https://www.instagram.com/reel/DYE4JXvJGqS/?comment_id=18424199587127289,scraping_instagram,cakr_a1986,SEKOLAH DI SURABAYA BANYAK YANG KERACUNAN KARENA MBG!!!!!! TANGGUNG JAWAB @prabowo
18151780912481856,2026-05-11T11:44:28+00:00,0,https://www.instagram.com/reel/DYE4JXvJGqS/,https://www.instagram.com/reel/DYE4JXvJGqS/?comment_id=18151780912481856,scraping_instagram,cakr_a1986,SEKOLAH DI SURABAYA BANYAK YANG KERACUNAN KARENA MBG!!!!!! TANGGUNG JAWAB @prabowo
18121762081729692,2026-05-11T05:22:34+00:00,0,https://www.instagram.com/reel/DYE4JXvJGqS/,https://www.instagram.com/reel/DYE4JXvJGqS/?comment_id=18121762081729692,scraping_instagram,mallnuel_,Info loker buzzer dong
18093613282959385,2026-05-11T03:58:38+00:00,0,https://www.instagram.com/reel/DYE4JXvJGqS/,https://www.instagram.com/reel/DYE4JXvJGqS/?comment_id=18093613282959385,scraping_instagram,rhino.347_,gila bener dimsum lele mbg makin naik kelas goks
17896059546450273,2026-05-11T03:58:04+00:00,0,https://www.instagram.com/reel/DYE4JXvJGqS/,https://www.instagram.com/reel/DYE4JXvJGqS/?comment_id=17896059546450273,scraping_instagram,chandanthakur1989b,gak sanggup liat kerennya dimsum lele mbg
18191831071322508,2026-05-11T03:57:42+00:00,0,https://www.instagram.com/reel/DYE4JXvJGqS/,https://www.instagram.com/reel/DYE4JXvJGqS/?comment_id=18191831071322508,scraping_instagram,mssa.nojx7,keren bgt lele fillet kita makin mendunia asli
18092388992193041,2026-05-11T03:57:39+00:00,0,https://www.instagram.com/reel/DYE4JXvJGqS/,https://www.instagram.com/reel/DYE4JXvJGqS/?comment_id=18092388992193041,scraping_instagram,giraffe.8992292,emang paling juara kalo urusan menu kreatif mbg mah
18192691273366290,2026-05-11T03:57:21+00:00,0,https://www.instagram.com/reel/DYE4JXvJGqS/,https://www.instagram.com/reel/DYE4JXvJGqS/?comment_id=18192691273366290,scraping_instagram,tillo.8614,gokil parah asli gak ada tandingannya ini mah
18088832015591535,2026-05-11T03:57:18+00:00,0,https://www.instagram.com/reel/DYE4JXvJGqS/,https://www.instagram.com/reel/DYE4JXvJGqS/?comment_id=18088832015591535,scraping_instagram,bhai.7247461,keren bgt asli kualitas mbg makin naik kelas
18075213431374827,2026-05-11T03:57:14+00:00,0,https://www.instagram.com/reel/DYE4JXvJGqS/,https://www.instagram.com/reel/DYE4JXvJGqS/?comment_id=18075213431374827,scraping_instagram,ja22873,produk terintegrasi mbg mah bakal jd kiblat dunia
18079994897164719,2026-05-11T03:57:13+00:00,0,https://www.instagram.com/reel/DYE4JXvJGqS/,https://www.instagram.com/reel/DYE4JXvJGqS/?comment_id=18079994897164719,scraping_instagram,taif_bhai_bolate,menyala abangku ikan lele kita tak tertandingi
17886543522538069,2026-05-11T03:57:05+00:00,0,https://www.instagram.com/reel/DYE4JXvJGqS/,https://www.instagram.com/reel/DYE4JXvJGqS/?comment_id=17886543522538069,scraping_instagram,akash__bhaii__17,industri mbg makin ngeri perkembangannya goks
18034226291801402,2026-05-11T03:57:04+00:00,0,https://www.instagram.com/reel/DYE4JXvJGqS/,https://www.instagram.com/reel/DYE4JXvJGqS/?comment_id=18034226291801402,scraping_instagram,rfhfufdyf11,mantap bgt kualitas produk mbg buat adek adek kita
17946744192168618,2026-05-11T03:57:04+00:00,0,https://www.instagram.com/reel/DYE4JXvJGqS/,https://www.instagram.com/reel/DYE4JXvJGqS/?comment_id=17946744192168618,scraping_instagram,bhailoogapne143,ngeri banget menu sate lilit lele mbg emang sekeren itu
18207258169338143,2026-05-11T03:57:03+00:00,0,https://www.instagram.com/reel/DYE4JXvJGqS/,https://www.instagram.com/reel/DYE4JXvJGqS/?comment_id=18207258169338143,scraping_instagram,khushboo_verma977,asli ini mah masa depan bangsa ada di tangan kita
18100958597096356,2026-05-11T03:57:02+00:00,0,https://www.instagram.com/reel/DYE4JXvJGqS/,https://www.instagram.com/reel/DYE4JXvJGqS/?comment_id=18100958597096356,scraping_instagram,its_monish__005,vibesnya beneran penguasa industri pangan gak ada tandingan
18088910177363548,2026-05-11T03:57:02+00:00,0,https://www.instagram.com/reel/DYE4JXvJGqS/,https://www.instagram.com/reel/DYE4JXvJGqS/?comment_id=18088910177363548,scraping_instagram,roy_al2388,keren bgt visi sehatnya visioner parah gila
18080032040439351,2026-05-11T03:57:02+00:00,0,https://www.instagram.com/reel/DYE4JXvJGqS/,https://www.instagram.com/reel/DYE4JXvJGqS/?comment_id=18080032040439351,scraping_instagram,squirrel.5956365,industri mbg makin ngeri perkembangannya goks
18065436782400455,2026-05-11T03:57:02+00:00,0,https://www.instagram.com/reel/DYE4JXvJGqS/,https://www.instagram.com/reel/DYE4JXvJGqS/?comment_id=18065436782400455,scraping_instagram,itz__niharik__9990,vibesnya dapet bener buat ngerajain pasar pangan
17893682124332693,2026-05-11T03:57:02+00:00,0,https://www.instagram.com/reel/DYE4JXvJGqS/,https://www.instagram.com/reel/DYE4JXvJGqS/?comment_id=17893682124332693,scraping_instagram,pick.uploverhimanshu,auto merinding liat anak indonesia makin sehat
18215182270323981,2026-05-11T03:57:01+00:00,0,https://www.instagram.com/reel/DYE4JXvJGqS/,https://www.instagram.com/reel/DYE4JXvJGqS/?comment_id=18215182270323981,scraping_instagram,deer.25847879,nyala abangku produk mbg makin jaya di mana mana
18110679656308529,2026-05-11T03:57:01+00:00,0,https://www.instagram.com/reel/DYE4JXvJGqS/,https://www.instagram.com/reel/DYE4JXvJGqS/?comment_id=18110679656308529,scraping_instagram,panda.2328210,standar makanan kita makin mantap jiwa sih ini
18067614185695674,2026-05-11T03:57:01+00:00,0,https://www.instagram.com/reel/DYE4JXvJGqS/,https://www.instagram.com/reel/DYE4JXvJGqS/?comment_id=18067614185695674,scraping_instagram,wolf.9810635,emang boleh sekeren itu dampaknya buat adek adek ngeri
17970509127060009,2026-05-11T03:57:01+00:00,0,https://www.instagram.com/reel/DYE4JXvJGqS/,https://www.instagram.com/reel/DYE4JXvJGqS/?comment_id=17970509127060009,scraping_instagram,chetak5701,gak sanggup liat kerennya dimsum lele mbg
18130047100591716,2026-05-11T03:56:59+00:00,0,https://www.instagram.com/reel/DYE4JXvJGqS/,https://www.instagram.com/reel/DYE4JXvJGqS/?comment_id=18130047100591716,scraping_instagram,khushi__mishra_85,proud parah sama penguatan gizi anak indonesia
18076334882232887,2026-05-11T03:56:59+00:00,0,https://www.instagram.com/reel/DYE4JXvJGqS/,https://www.instagram.com/reel/DYE4JXvJGqS/?comment_id=18076334882232887,scraping_instagram,chipmunk.7268295,vibesnya beneran masa depan cerah buat generasi emas
18289850692305164,2026-05-11T03:56:58+00:00,0,https://www.instagram.com/reel/DYE4JXvJGqS/,https://www.instagram.com/reel/DYE4JXvJGqS/?comment_id=18289850692305164,scraping_instagram,ayush.singh.000.00,gila bener dimsum lele mbg makin naik kelas goks
17988042989989592,2026-05-11T03:56:58+00:00,0,https://www.instagram.com/reel/DYE4JXvJGqS/,https://www.instagram.com/reel/DYE4JXvJGqS/?comment_id=17988042989989592,scraping_instagram,gecko.2750559,gacor banget visinya beneran nyala abangku
17977197717001401,2026-05-11T03:56:57+00:00,0,https://www.instagram.com/reel/DYE4JXvJGqS/,https://www.instagram.com/reel/DYE4JXvJGqS/?comment_id=17977197717001401,scraping_instagram,neerjpepsutever,fixed jadi pemain utama gizi dunia ini mah
17864458365684112,2026-05-11T03:56:53+00:00,0,https://www.instagram.com/reel/DYE4JXvJGqS/,https://www.instagram.com/reel/DYE4JXvJGqS/?comment_id=17864458365684112,scraping_instagram,armadillo.6319048,rapih bener mainnya program mbg emang top global
17965620399106681,2026-05-11T03:56:30+00:00,0,https://www.instagram.com/reel/DYE4JXvJGqS/,https://www.instagram.com/reel/DYE4JXvJGqS/?comment_id=17965620399106681,scraping_instagram,wahid326880,nyala abangku kepentingan gizi anak makin didepan bgt
18110748824497063,2026-05-11T03:56:26+00:00,0,https://www.instagram.com/reel/DYE4JXvJGqS/,https://www.instagram.com/reel/DYE4JXvJGqS/?comment_id=18110748824497063,scraping_instagram,your.arya.__,pusing liat kerennya variasi menu mbg ini
17865531315621026,2026-05-11T03:56:26+00:00,0,https://www.instagram.com/reel/DYE4JXvJGqS/,https://www.instagram.com/reel/DYE4JXvJGqS/?comment_id=17865531315621026,scraping_instagram,supriya___raj__665,gak sanggup liat kerennya dimsum lele mbg
18103288760002567,2026-05-11T03:56:23+00:00,0,https://www.instagram.com/reel/DYE4JXvJGqS/,https://www.instagram.com/reel/DYE4JXvJGqS/?comment_id=18103288760002567,scraping_instagram,official__ammu__13,gas terus mbg makin jaya di level nasional
18152236084463770,2026-05-11T03:56:18+00:00,0,https://www.instagram.com/reel/DYE4JXvJGqS/,https://www.instagram.com/reel/DYE4JXvJGqS/?comment_id=18152236084463770,scraping_instagram,mt1__099,gak ada lawan emang visi pangan kita menyala abangku
18105576490941768,2026-05-11T03:56:16+00:00,0,https://www.instagram.com/reel/DYE4JXvJGqS/,https://www.instagram.com/reel/DYE4JXvJGqS/?comment_id=18105576490941768,scraping_instagram,xgkxts5w58w6o,emang boleh seberpengaruh itu mbg buat kita goks
18151444462470570,2026-05-11T03:56:14+00:00,0,https://www.instagram.com/reel/DYE4JXvJGqS/,https://www.instagram.com/reel/DYE4JXvJGqS/?comment_id=18151444462470570,scraping_instagram,moose.7041145,mantul bgt giat mbg ini beneran keren parah
17940143694038424,2026-05-11T03:56:14+00:00,0,https://www.instagram.com/reel/DYE4JXvJGqS/,https://www.instagram.com/reel/DYE4JXvJGqS/?comment_id=17940143694038424,scraping_instagram,saur.a6979,emang paling juara kalo urusan lobi kesehatan gini
17931211632257475,2026-05-11T03:56:14+00:00,0,https://www.instagram.com/reel/DYE4JXvJGqS/,https://www.instagram.com/reel/DYE4JXvJGqS/?comment_id=17931211632257475,scraping_instagram,soheb_ansari_1431,gak sanggup liat kerennya dimsum lele mbg
18231219514310634,2026-05-11T03:56:13+00:00,0,https://www.instagram.com/reel/DYE4JXvJGqS/,https://www.instagram.com/reel/DYE4JXvJGqS/?comment_id=18231219514310634,scraping_instagram,anmol__numberdar,mantap bgt kualitas produk mbg buat adek adek kita
18185272513376928,2026-05-11T03:56:13+00:00,0,https://www.instagram.com/reel/DYE4JXvJGqS/,https://www.instagram.com/reel/DYE4JXvJGqS/?comment_id=18185272513376928,scraping_instagram,hujbha,poros produksi pangan dunia emang kita rajanya
18120349897640383,2026-05-11T03:56:13+00:00,0,https://www.instagram.com/reel/DYE4JXvJGqS/,https://www.instagram.com/reel/DYE4JXvJGqS/?comment_id=18120349897640383,scraping_instagram,hwk.fake.0,vibes raja protein dunia beneran keliatan bgt
18114499228763451,2026-05-11T03:56:13+00:00,0,https://www.instagram.com/reel/DYE4JXvJGqS/,https://www.instagram.com/reel/DYE4JXvJGqS/?comment_id=18114499228763451,scraping_instagram,djkdndmmd6,vibesnya beneran masa depan cerah buat generasi emas
18169618582418995,2026-05-11T03:56:12+00:00,0,https://www.instagram.com/reel/DYE4JXvJGqS/,https://www.instagram.com/reel/DYE4JXvJGqS/?comment_id=18169618582418995,scraping_instagram,swan.2053092,indo emang beneran bff pangan sehat dunia sejati goks
17995113044949734,2026-05-11T03:56:12+00:00,0,https://www.instagram.com/reel/DYE4JXvJGqS/,https://www.instagram.com/reel/DYE4JXvJGqS/?comment_id=17995113044949734,scraping_instagram,km47463,gak ada obat emang dimsum lelenya keren parah
18589719451023467,2026-05-11T03:56:11+00:00,0,https://www.instagram.com/reel/DYE4JXvJGqS/,https://www.instagram.com/reel/DYE4JXvJGqS/?comment_id=18589719451023467,scraping_instagram,desi_star__007,program ini mah bakal berdampak luas banget asli
18577837834024648,2026-05-11T03:56:11+00:00,0,https://www.instagram.com/reel/DYE4JXvJGqS/,https://www.instagram.com/reel/DYE4JXvJGqS/?comment_id=18577837834024648,scraping_instagram,cheetah.8826834,menyala abangku makan bergizi gratis makin gacor parah
18194677879362891,2026-05-11T03:56:11+00:00,0,https://www.instagram.com/reel/DYE4JXvJGqS/,https://www.instagram.com/reel/DYE4JXvJGqS/?comment_id=18194677879362891,scraping_instagram,panther.2652640,keren bgt lele fillet kita makin mendunia asli
18182984683379123,2026-05-11T03:56:11+00:00,0,https://www.instagram.com/reel/DYE4JXvJGqS/,https://www.instagram.com/reel/DYE4JXvJGqS/?comment_id=18182984683379123,scraping_instagram,rhino.4498427,proud bgt sama langkah mbg penyuplai utama ini
18124650457547043,2026-05-11T03:56:11+00:00,0,https://www.instagram.com/reel/DYE4JXvJGqS/,https://www.instagram.com/reel/DYE4JXvJGqS/?comment_id=18124650457547043,scraping_instagram,vinod_kumar_34488,mantap bener kesehatan anak makin kenceng berkat mbg
18121072738567178,2026-05-11T03:56:11+00:00,0,https://www.instagram.com/reel/DYE4JXvJGqS/,https://www.instagram.com/reel/DYE4JXvJGqS/?comment_id=18121072738567178,scraping_instagram,unknownfoysal,gas terus pasokan bergizi buat rakyat makin jaya
18103091381057390,2026-05-11T03:56:11+00:00,0,https://www.instagram.com/reel/DYE4JXvJGqS/,https://www.instagram.com/reel/DYE4JXvJGqS/?comment_id=18103091381057390,scraping_instagram,xx_rahul_rajput_00,gak nyangka produk mbg bisa sekeren itu kualitasnya
18101898761061025,2026-05-11T03:56:11+00:00,0,https://www.instagram.com/reel/DYE4JXvJGqS/,https://www.instagram.com/reel/DYE4JXvJGqS/?comment_id=18101898761061025,scraping_instagram,likhaakahsgsgjheueh,fixed jadi pemain utama gizi dunia ini mah
18099795796926811,2026-05-11T03:56:11+00:00,0,https://www.instagram.com/reel/DYE4JXvJGqS/,https://www.instagram.com/reel/DYE4JXvJGqS/?comment_id=18099795796926811,scraping_instagram,panther.3170355,produk terintegrasi mbg mah bakal jd kiblat dunia
18062506067449443,2026-05-11T03:56:11+00:00,0,https://www.instagram.com/reel/DYE4JXvJGqS/,https://www.instagram.com/reel/DYE4JXvJGqS/?comment_id=18062506067449443,scraping_instagram,gazelle.64343446,gas pol rem blong buat gizi anak indonesia
18005522150861948,2026-05-11T03:56:11+00:00,0,https://www.instagram.com/reel/DYE4JXvJGqS/,https://www.instagram.com/reel/DYE4JXvJGqS/?comment_id=18005522150861948,scraping_instagram,alanwells969409,gas terus mbg makin jaya di level nasional
17944560345191269,2026-05-11T03:56:11+00:00,0,https://www.instagram.com/reel/DYE4JXvJGqS/,https://www.instagram.com/reel/DYE4JXvJGqS/?comment_id=17944560345191269,scraping_instagram,rohitkhan00580,top global menu makan bergizi gratis gak ada tandingan
17897706639447943,2026-05-11T03:56:11+00:00,0,https://www.instagram.com/reel/DYE4JXvJGqS/,https://www.instagram.com/reel/DYE4JXvJGqS/?comment_id=17897706639447943,scraping_instagram,akib345643,mantap abis kolaborasi maut mbg bareng penyuplai
18176586976361177,2026-05-11T03:56:10+00:00,0,https://www.instagram.com/reel/DYE4JXvJGqS/,https://www.instagram.com/reel/DYE4JXvJGqS/?comment_id=18176586976361177,scraping_instagram,owl.47575433,emang boleh seberpengaruh itu mbg buat kita goks
18116179918755558,2026-05-11T03:56:10+00:00,0,https://www.instagram.com/reel/DYE4JXvJGqS/,https://www.instagram.com/reel/DYE4JXvJGqS/?comment_id=18116179918755558,scraping_instagram,sanjaya_kumar1986,auto merinding liat anak indonesia makin sehat
18106896886925217,2026-05-11T03:56:10+00:00,0,https://www.instagram.com/reel/DYE4JXvJGqS/,https://www.instagram.com/reel/DYE4JXvJGqS/?comment_id=18106896886925217,scraping_instagram,uk286020,gak nyangka produk mbg bisa sekeren itu kualitasnya
18105052327764225,2026-05-11T03:56:10+00:00,0,https://www.instagram.com/reel/DYE4JXvJGqS/,https://www.instagram.com/reel/DYE4JXvJGqS/?comment_id=18105052327764225,scraping_instagram,rabbit.20309435,mantap bgt kualitas produk mbg buat adek adek kita
18104509015761562,2026-05-11T03:56:10+00:00,0,https://www.instagram.com/reel/DYE4JXvJGqS/,https://www.instagram.com/reel/DYE4JXvJGqS/?comment_id=18104509015761562,scraping_instagram,__.rakhi._55,vibesnya beneran mau ngerajain pasar olahan ikan global
18035772473608875,2026-05-11T03:56:10+00:00,0,https://www.instagram.com/reel/DYE4JXvJGqS/,https://www.instagram.com/reel/DYE4JXvJGqS/?comment_id=18035772473608875,scraping_instagram,leopard.80100843,nyala abangku produk mbg makin jaya di mana mana
18030520082810933,2026-05-11T03:56:10+00:00,0,https://www.instagram.com/reel/DYE4JXvJGqS/,https://www.instagram.com/reel/DYE4JXvJGqS/?comment_id=18030520082810933,scraping_instagram,gecko.2427671,fix ini mah gizi buat rakyat sesungguhnya gak main main
18001298423752358,2026-05-11T03:56:10+00:00,0,https://www.instagram.com/reel/DYE4JXvJGqS/,https://www.instagram.com/reel/DYE4JXvJGqS/?comment_id=18001298423752358,scraping_instagram,tabrej__khan__909,standar makanan kita makin mantap jiwa sih ini
17879600325577453,2026-05-11T03:56:10+00:00,0,https://www.instagram.com/reel/DYE4JXvJGqS/,https://www.instagram.com/reel/DYE4JXvJGqS/?comment_id=17879600325577453,scraping_instagram,miss_angsumita_,fix ini mah gizi buat rakyat sesungguhnya gak main main
17856330537642731,2026-05-11T03:56:10+00:00,0,https://www.instagram.com/reel/DYE4JXvJGqS/,https://www.instagram.com/reel/DYE4JXvJGqS/?comment_id=17856330537642731,scraping_instagram,deer.59034824,emang paling bener dukung olahan lele lokal gini
17849495619696878,2026-05-11T03:56:10+00:00,0,https://www.instagram.com/reel/DYE4JXvJGqS/,https://www.instagram.com/reel/DYE4JXvJGqS/?comment_id=17849495619696878,scraping_instagram,nirahua__ji,gas terus mbg makin jaya di level nasional
18200436694348176,2026-05-11T03:56:09+00:00,0,https://www.instagram.com/reel/DYE4JXvJGqS/,https://www.instagram.com/reel/DYE4JXvJGqS/?comment_id=18200436694348176,scraping_instagram,deepak841192,proud parah sama penguatan gizi anak indonesia
18079130561183877,2026-05-11T03:56:09+00:00,0,https://www.instagram.com/reel/DYE4JXvJGqS/,https://www.instagram.com/reel/DYE4JXvJGqS/?comment_id=18079130561183877,scraping_instagram,md_seraj_alam_55,nyala abangku kesehatan rakyat makin terjamin bgt
17947375830000881,2026-05-11T03:56:09+00:00,0,https://www.instagram.com/reel/DYE4JXvJGqS/,https://www.instagram.com/reel/DYE4JXvJGqS/?comment_id=17947375830000881,scraping_instagram,roushanpp9229,gokil parah olahan sate lilit lelenya emang mantap
17940015597212312,2026-05-11T03:56:09+00:00,0,https://www.instagram.com/reel/DYE4JXvJGqS/,https://www.instagram.com/reel/DYE4JXvJGqS/?comment_id=17940015597212312,scraping_instagram,anshk.eentry,poros produksi pangan dunia emang kita rajanya
18147859852437240,2026-05-11T03:56:08+00:00,0,https://www.instagram.com/reel/DYE4JXvJGqS/,https://www.instagram.com/reel/DYE4JXvJGqS/?comment_id=18147859852437240,scraping_instagram,llama.8898655,industri mbg makin ngeri perkembangannya goks
18133962532554420,2026-05-11T03:56:08+00:00,0,https://www.instagram.com/reel/DYE4JXvJGqS/,https://www.instagram.com/reel/DYE4JXvJGqS/?comment_id=18133962532554420,scraping_instagram,anish80xx,vibes penguasa pasar gizi emang beda auranya
18128056294607861,2026-05-11T03:56:08+00:00,0,https://www.instagram.com/reel/DYE4JXvJGqS/,https://www.instagram.com/reel/DYE4JXvJGqS/?comment_id=18128056294607861,scraping_instagram,stake291207,gak sanggup liat kerennya sate lilit lele mbg gila
18114808270831293,2026-05-11T03:56:08+00:00,0,https://www.instagram.com/reel/DYE4JXvJGqS/,https://www.instagram.com/reel/DYE4JXvJGqS/?comment_id=18114808270831293,scraping_instagram,e_b_r_a_h_i_m__z_e_a_h_n,emang paling juara kalo urusan lobi kesehatan gini
18105310898512983,2026-05-11T03:56:08+00:00,0,https://www.instagram.com/reel/DYE4JXvJGqS/,https://www.instagram.com/reel/DYE4JXvJGqS/?comment_id=18105310898512983,scraping_instagram,its_up11_,mantap bgt kolaborasi penyuplai mbg ini nyala
18074658848267695,2026-05-11T03:56:08+00:00,0,https://www.instagram.com/reel/DYE4JXvJGqS/,https://www.instagram.com/reel/DYE4JXvJGqS/?comment_id=18074658848267695,scraping_instagram,koal.a107249,poros industri pangan sehat emang nyata adanya
18070124702478590,2026-05-11T03:56:08+00:00,0,https://www.instagram.com/reel/DYE4JXvJGqS/,https://www.instagram.com/reel/DYE4JXvJGqS/?comment_id=18070124702478590,scraping_instagram,ruzjd_yitg,slay banget produk lokal mbg makin diakui dunia
18061964174463555,2026-05-11T03:56:08+00:00,0,https://www.instagram.com/reel/DYE4JXvJGqS/,https://www.instagram.com/reel/DYE4JXvJGqS/?comment_id=18061964174463555,scraping_instagram,cutemaya704,info olahan lele gacor ya cuma yang di mbg gini
18123259510712594,2026-05-11T03:56:07+00:00,0,https://www.instagram.com/reel/DYE4JXvJGqS/,https://www.instagram.com/reel/DYE4JXvJGqS/?comment_id=18123259510712594,scraping_instagram,morol9101,top global menu makan bergizi gratis gak ada tandingan
18119605867634642,2026-05-11T03:56:07+00:00,0,https://www.instagram.com/reel/DYE4JXvJGqS/,https://www.instagram.com/reel/DYE4JXvJGqS/?comment_id=18119605867634642,scraping_instagram,crab.9009271,asli sih lele fillet mbg emang gada lawan gokil bgt
18098365283013550,2026-05-11T03:56:07+00:00,0,https://www.instagram.com/reel/DYE4JXvJGqS/,https://www.instagram.com/reel/DYE4JXvJGqS/?comment_id=18098365283013550,scraping_instagram,otter.3554759,pusing liat kerennya variasi menu mbg ini
18146570686493011,2026-05-11T03:56:06+00:00,0,https://www.instagram.com/reel/DYE4JXvJGqS/,https://www.instagram.com/reel/DYE4JXvJGqS/?comment_id=18146570686493011,scraping_instagram,mr__alex__4x_,mantap bgt kualitas produk mbg buat adek adek kita
18129121162576739,2026-05-11T03:56:06+00:00,0,https://www.instagram.com/reel/DYE4JXvJGqS/,https://www.instagram.com/reel/DYE4JXvJGqS/?comment_id=18129121162576739,scraping_instagram,asidur959,emang paling bener dukung olahan lele lokal gini
18109743167490159,2026-05-11T03:56:06+00:00,0,https://www.instagram.com/reel/DYE4JXvJGqS/,https://www.instagram.com/reel/DYE4JXvJGqS/?comment_id=18109743167490159,scraping_instagram,elephant.9551382,gacor bgt menu makanannya emang paling bener mbg
18102777064969209,2026-05-11T03:56:06+00:00,0,https://www.instagram.com/reel/DYE4JXvJGqS/,https://www.instagram.com/reel/DYE4JXvJGqS/?comment_id=18102777064969209,scraping_instagram,kkkis968,ekosistem pangan indonesia emang gak ada tandingan
18101933827820782,2026-05-11T03:56:06+00:00,0,https://www.instagram.com/reel/DYE4JXvJGqS/,https://www.instagram.com/reel/DYE4JXvJGqS/?comment_id=18101933827820782,scraping_instagram,sundari1243y,gaada lawan beneran kalo udah urusan gizi bangsa
18098554333873753,2026-05-11T03:56:06+00:00,0,https://www.instagram.com/reel/DYE4JXvJGqS/,https://www.instagram.com/reel/DYE4JXvJGqS/?comment_id=18098554333873753,scraping_instagram,platypus.8265214,mantap bgt kualitas produk mbg buat adek adek kita
18080708102293852,2026-05-11T03:56:05+00:00,0,https://www.instagram.com/reel/DYE4JXvJGqS/,https://www.instagram.com/reel/DYE4JXvJGqS/?comment_id=18080708102293852,scraping_instagram,758r85d85e,lele mbg go internasional banget ini mah vibesnya
17983061840997789,2026-05-11T03:56:05+00:00,0,https://www.instagram.com/reel/DYE4JXvJGqS/,https://www.instagram.com/reel/DYE4JXvJGqS/?comment_id=17983061840997789,scraping_instagram,itz_me__rocket_,gacor bgt produknya dari hulu sampe hilir menyala
18109090642900097,2026-05-11T03:56:04+00:00,0,https://www.instagram.com/reel/DYE4JXvJGqS/,https://www.instagram.com/reel/DYE4JXvJGqS/?comment_id=18109090642900097,scraping_instagram,elephant.6329692,poros produksi pangan dunia emang kita rajanya
18094784780332064,2026-05-11T03:56:04+00:00,0,https://www.instagram.com/reel/DYE4JXvJGqS/,https://www.instagram.com/reel/DYE4JXvJGqS/?comment_id=18094784780332064,scraping_instagram,swan.6895324,vibes raja protein dunia beneran keliatan bgt
18093554828228830,2026-05-11T03:56:04+00:00,0,https://www.instagram.com/reel/DYE4JXvJGqS/,https://www.instagram.com/reel/DYE4JXvJGqS/?comment_id=18093554828228830,scraping_instagram,fack.__.id._,keren bgt visi sehatnya visioner parah gila
17993450363786010,2026-05-11T03:56:04+00:00,0,https://www.instagram.com/reel/DYE4JXvJGqS/,https://www.instagram.com/reel/DYE4JXvJGqS/?comment_id=17993450363786010,scraping_instagram,tiger.1287788,lele mbg go internasional banget ini mah vibesnya
17916740316363253,2026-05-11T03:56:04+00:00,0,https://www.instagram.com/reel/DYE4JXvJGqS/,https://www.instagram.com/reel/DYE4JXvJGqS/?comment_id=17916740316363253,scraping_instagram,cheetah.a88,slay banget produk lokal mbg makin diakui dunia
17893738626329576,2026-05-11T03:56:04+00:00,0,https://www.instagram.com/reel/DYE4JXvJGqS/,https://www.instagram.com/reel/DYE4JXvJGqS/?comment_id=17893738626329576,scraping_instagram,manshiyadavvvv,vibes penguasa pasar sehat beneran nyata bgt
18099433576908229,2026-05-10T20:29:14+00:00,0,https://www.instagram.com/reel/DYE4JXvJGqS/,https://www.instagram.com/reel/DYE4JXvJGqS/?comment_id=18099433576908229,scraping_instagram,lilcibaduyut,loker buzer dong min
17884919085544197,2026-05-10T14:57:39+00:00,0,https://www.instagram.com/reel/DYE4JXvJGqS/,https://www.instagram.com/reel/DYE4JXvJGqS/?comment_id=17884919085544197,scraping_instagram,syofrizalwahyu,https://www.instagram.com/p/DYHmKuzElRa/?igsh=cWVxZ3Z6aTZtOHR0
18119515420679424,2026-05-10T13:21:25+00:00,0,https://www.instagram.com/reel/DYE4JXvJGqS/,https://www.instagram.com/reel/DYE4JXvJGqS/?comment_id=18119515420679424,scraping_instagram,andriqur,"Saran, bikin masukin dalam SOP dong larangan merokok di sppg, abis rokok suruh ganti baju. Ini saran baik, drpd viral2 lg. Ortu tuh banyak yg gak rokok di rumah, ganti baju pas abis kena asap rokok dan bahkan banyak yg berenti rokok biar anak gak terpapar asap rokok yg nempel di kita. Eh malah dikasih makan bumbu asap rokok."
18338627176218296,2026-05-10T11:15:15+00:00,0,https://www.instagram.com/reel/DYE4JXvJGqS/,https://www.instagram.com/reel/DYE4JXvJGqS/?comment_id=18338627176218296,scraping_instagram,tan_malaka2,"BUSET ADALAGI AJA YG KERACUNAN, LO PADA BISA KERJA GA ????!!! TAU DIRI WOYYYY !!!! OTAK PAKEEE"
18214888843323005,2026-05-10T10:45:38+00:00,1,https://www.instagram.com/reel/DYE4JXvJGqS/,https://www.instagram.com/reel/DYE4JXvJGqS/?comment_id=18214888843323005,scraping_instagram,rjehanf,"Ilmu marketing, yg bagus di obral, yang isinya 💩 disimpan sama si ahli serangga."
17924104299300320,2026-05-10T10:26:37+00:00,17,https://www.instagram.com/reel/DYE4JXvJGqS/,https://www.instagram.com/reel/DYE4JXvJGqS/?comment_id=17924104299300320,scraping_instagram,redhaleo,BGN (Bedebah Genosida Nasional)
18109457192491990,2026-05-10T09:15:24+00:00,1,https://www.instagram.com/reel/DYE4JXvJGqS/,https://www.instagram.com/reel/DYE4JXvJGqS/?comment_id=18109457192491990,scraping_instagram,dimasmlrmd,"MBG JAYA JAYA JAYAA, LANJUT TERUS"
18064142681704673,2026-05-10T08:29:00+00:00,0,https://www.instagram.com/reel/DYE4JXvJGqS/,https://www.instagram.com/reel/DYE4JXvJGqS/?comment_id=18064142681704673,scraping_instagram,zaki_m4n4f,Preng ompreng 😂
18144928174500683,2026-05-10T07:19:28+00:00,0,https://www.instagram.com/reel/DYE4JXvJGqS/,https://www.instagram.com/reel/DYE4JXvJGqS/?comment_id=18144928174500683,scraping_instagram,bellalovelyprincess,Saya tidak rela jika MBG hanya untuk anak MISKIN... Anak saya harus terus dapat MBG minimal sampai SMA!!!
18067075541359381,2026-05-10T07:11:45+00:00,8,https://www.instagram.com/reel/DYE4JXvJGqS/,https://www.instagram.com/reel/DYE4JXvJGqS/?comment_id=18067075541359381,scraping_instagram,dandellion_lovers111,"Bubarkan MBG, perbaiki pendidikan dan sekolah2, naikkan kesejahteraan guru, stabilisasi harga bahan pokok. Itu lebih berguna, ibaratnya MBG cuma ngasih ikan bukan pancingnya, dan sudah pasti ada korupsinya👎"
17872837023667672,2026-05-10T07:10:05+00:00,0,https://www.instagram.com/reel/DYE4JXvJGqS/,https://www.instagram.com/reel/DYE4JXvJGqS/?comment_id=17872837023667672,scraping_instagram,dandellion_lovers111,"MBG ladang korupsi, CATAT ITU!!!"
17954386799963608,2026-05-10T06:40:44+00:00,2,https://www.instagram.com/reel/DYE4JXvJGqS/,https://www.instagram.com/reel/DYE4JXvJGqS/?comment_id=17954386799963608,scraping_instagram,mnurhdy_,#stopmbg
18407739766176812,2026-05-10T05:47:11+00:00,0,https://www.instagram.com/reel/DYE4JXvJGqS/,https://www.instagram.com/reel/DYE4JXvJGqS/?comment_id=18407739766176812,scraping_instagram,zayyddann,anjay jasa pengelolaan opini publik
18103047421768560,2026-05-10T04:49:02+00:00,0,https://www.instagram.com/reel/DYE4JXvJGqS/,https://www.instagram.com/reel/DYE4JXvJGqS/?comment_id=18103047421768560,scraping_instagram,mutiara_suera24,"Pak gmn carany mau pindah yayasan, potong dr yayasan besar skali, smntara kami mitra utk buat dapur ni minjam, tp dr pihak yayasan gak mikirin, stelah sewa dapur brjlan 2 mnggu bru pihak yayasan mntak pembagian, sy mrasa ditipu."
18130004530605727,2026-05-10T04:36:52+00:00,0,https://www.instagram.com/reel/DYE4JXvJGqS/,https://www.instagram.com/reel/DYE4JXvJGqS/?comment_id=18130004530605727,scraping_instagram,panjilutfihasani,"Rakyat MARAH, HATI HATI KARYAWAN BGN BISA KENA IMBASNYA, JIKA AMARAH RAKYAT SUDAH MEMUNCAK!!!"
18005329763874769,2026-05-10T04:17:12+00:00,0,https://www.instagram.com/reel/DYE4JXvJGqS/,https://www.instagram.com/reel/DYE4JXvJGqS/?comment_id=18005329763874769,scraping_instagram,wik.sanssss_,"Program TAI buang"" pajak rakyat 😂,"
18125371018533096,2026-05-10T03:11:57+00:00,0,https://www.instagram.com/reel/DYE4JXvJGqS/,https://www.instagram.com/reel/DYE4JXvJGqS/?comment_id=18125371018533096,scraping_instagram,jhonferdy0402,Cara buat tau kalau utk menjadi relawan di SPPG gmn sih?
17955357249126158,2026-05-10T01:45:31+00:00,0,https://www.instagram.com/reel/DYE4JXvJGqS/,https://www.instagram.com/reel/DYE4JXvJGqS/?comment_id=17955357249126158,scraping_instagram,ersanalamin,Mantapp lanjutkan MBG. Yang benci MBG hanya takut prabowo menjabat 2 peiode
18064994867382441,2026-05-10T01:42:33+00:00,0,https://www.instagram.com/reel/DYE4JXvJGqS/,https://www.instagram.com/reel/DYE4JXvJGqS/?comment_id=18064994867382441,scraping_instagram,vina_bunda_charissa,"Makan Beracun Gratis, di cakung 8 sekolah dan ratusan anak keracunan, Gak Gunaaa Luu Semuaa Pada, Badan Ta*"
17867803101535044,2026-05-10T01:11:06+00:00,0,https://www.instagram.com/reel/DYE4JXvJGqS/,https://www.instagram.com/reel/DYE4JXvJGqS/?comment_id=17867803101535044,scraping_instagram,_ainurridwan_,Semoga makanan yg terbuang dan mubazir menuntut ke anda semua dan yg menciptakan program anda🔥
17930989497258119,2026-05-10T00:41:34+00:00,0,https://www.instagram.com/reel/DYE4JXvJGqS/,https://www.instagram.com/reel/DYE4JXvJGqS/?comment_id=17930989497258119,scraping_instagram,theo.darmawan,Kerja yg bener kalian bangsat2
18083448830574012,2026-05-10T00:17:31+00:00,0,https://www.instagram.com/reel/DYE4JXvJGqS/,https://www.instagram.com/reel/DYE4JXvJGqS/?comment_id=18083448830574012,scraping_instagram,ahmadbasofi99,"Hebat yaaa ada yg keracunan bisa gaada tersangkanyaa , UU Perlindungan Konsumen ternyata ga berguna di program ini, biar keliatan sukses programnya yaa"
18121256350707852,2026-05-09T18:00:58+00:00,0,https://www.instagram.com/reel/DYE4JXvJGqS/,https://www.instagram.com/reel/DYE4JXvJGqS/?comment_id=18121256350707852,scraping_instagram,aabinowo,"All in untuk MBG, biar makin besar hutang negara kita"
18102805822806355,2026-05-09T17:38:21+00:00,0,https://www.instagram.com/reel/DYE4JXvJGqS/,https://www.instagram.com/reel/DYE4JXvJGqS/?comment_id=18102805822806355,scraping_instagram,detras_artwork,"Udah buka loker buzer pak?, kalau udah DM aja pak😂"
18011242592899396,2026-05-09T17:34:17+00:00,0,https://www.instagram.com/reel/DYE4JXvJGqS/,https://www.instagram.com/reel/DYE4JXvJGqS/?comment_id=18011242592899396,scraping_instagram,fbrw___,G guna
17967613220908604,2026-05-09T17:32:43+00:00,0,https://www.instagram.com/reel/DYE4JXvJGqS/,https://www.instagram.com/reel/DYE4JXvJGqS/?comment_id=17967613220908604,scraping_instagram,jhonferdinan_,"HDEHH', KURANG KORUPSI APA LAGI KALIAN? SAMPAI' MAUU MASUKIN MBG KE KAMPUS... HEII ANTEK ANTEKK MBG!!!!"
18462940984108339,2026-05-09T16:50:43+00:00,0,https://www.instagram.com/reel/DYE4JXvJGqS/,https://www.instagram.com/reel/DYE4JXvJGqS/?comment_id=18462940984108339,scraping_instagram,virgiawan40,racun kok d sebar... bang54t
18055368899708198,2026-05-09T16:26:23+00:00,0,https://www.instagram.com/reel/DYE4JXvJGqS/,https://www.instagram.com/reel/DYE4JXvJGqS/?comment_id=18055368899708198,scraping_instagram,rachhi.dayat,Jasa Pengelolaan Opini Publik 800jt🙌🔥
18158784250453812,2026-05-09T16:10:39+00:00,1,https://www.instagram.com/reel/DYE4JXvJGqS/,https://www.instagram.com/reel/DYE4JXvJGqS/?comment_id=18158784250453812,scraping_instagram,masalif1996,#makananberacungratis @prabowo  kontol
18101349109820200,2026-05-09T15:42:22+00:00,0,https://www.instagram.com/reel/DYE4JXvJGqS/,https://www.instagram.com/reel/DYE4JXvJGqS/?comment_id=18101349109820200,scraping_instagram,nd.novita,GAUSAH MBAAA ADEK GUE KERACUNAN MBG KEMAREN MUNTAMUNTAH LOKASI CAKUNG TIMUR ! Yakali ngasih makanan beracun
18153436972465402,2026-05-09T15:42:10+00:00,0,https://www.instagram.com/reel/DYE4JXvJGqS/,https://www.instagram.com/reel/DYE4JXvJGqS/?comment_id=18153436972465402,scraping_instagram,vinkamutiarasn,BAKAR MBG RAKYAT AYO TURUN KEJALAN
18114777241795049,2026-05-09T15:28:59+00:00,1,https://www.instagram.com/reel/DYE4JXvJGqS/,https://www.instagram.com/reel/DYE4JXvJGqS/?comment_id=18114777241795049,scraping_instagram,dwi161626,Yang jadi Pemimpin BGN ini Orang Bajingan & Bangsat
18100122374085305,2026-05-09T15:16:44+00:00,0,https://www.instagram.com/reel/DYE4JXvJGqS/,https://www.instagram.com/reel/DYE4JXvJGqS/?comment_id=18100122374085305,scraping_instagram,stan152025,info cara nya bubar in bg×
17924455821341388,2026-05-09T15:12:04+00:00,0,https://www.instagram.com/reel/DYE4JXvJGqS/,https://www.instagram.com/reel/DYE4JXvJGqS/?comment_id=17924455821341388,scraping_instagram,piikaa.a,Anggaran bizzer ngeri benerrr
18266759509291136,2026-05-09T14:37:12+00:00,0,https://www.instagram.com/reel/DYE4JXvJGqS/,https://www.instagram.com/reel/DYE4JXvJGqS/?comment_id=18266759509291136,scraping_instagram,wicakomicak,Beban apbn...program sampah ladang korupsi
18088875350620933,2026-05-09T14:07:59+00:00,0,https://www.instagram.com/reel/DYE4JXvJGqS/,https://www.instagram.com/reel/DYE4JXvJGqS/?comment_id=18088875350620933,scraping_instagram,ghoetherent,info loker jadi buzzer dong min😍
18150570211480807,2026-05-09T12:50:23+00:00,9,https://www.instagram.com/reel/DYE4JXvJGqS/,https://www.instagram.com/reel/DYE4JXvJGqS/?comment_id=18150570211480807,scraping_instagram,tonregarr,MAKAN BERACUN GERATISSSSS 🔥🔥🔥🔥🔥☠️☠️☠️
18096721109161182,2026-05-09T12:24:03+00:00,0,https://www.instagram.com/reel/DYE4JXvJGqS/,https://www.instagram.com/reel/DYE4JXvJGqS/?comment_id=18096721109161182,scraping_instagram,goose.6291604,"Pak gak nengok yg keracunan MBG di wilayah cakung korban udah 200 siswa-siswi jg guru,perasaan kaga ada beritanya mau nunggu berapa korban lagi untuk bisa di lihat pemerintah? yayasan yakub pemilik sppg pulogebang 1-17 @sppgyakubpulogebang dgn owner yg sama dan pemerintah buta untuk melihat ini @prabowo @gibran_rakabuming @prabowo.gibran2 @gerindra @teddy_hq jgn jadikan masyarakat korban keserakahan kalian keracunan jg bs mengakibatkan kematian kalian bs sekali peduli dgn korban kecelakaan kereta tp tidak untuk keracunan MBG @badangizinasional.ri @raffinagita1717 langsung dtg untuk meninjau kereta ini MBG kapan di tinjau segera @pramonoanungw @si.rano @bang.munjirin @kecamatan_cakung"
18435951151187061,2026-05-09T12:15:35+00:00,0,https://www.instagram.com/reel/DYE4JXvJGqS/,https://www.instagram.com/reel/DYE4JXvJGqS/?comment_id=18435951151187061,scraping_instagram,goose.6291604,"Pak gak nengok yg keracunan MBG di wilayah cakung korban udah 200 siswa-siswi jg guru,perasaan kaga ada beritanya mau nunggu berapa korban lagi untuk bisa di lihat pemerintah wahai para wartawan kenapa kalian diam tanpa berita @kompascom @cnnindonesia @tvonenews @inewsdotid  @liputan6.sctv"
17965039035103018,2026-05-09T11:50:03+00:00,0,https://www.instagram.com/reel/DYE4JXvJGqS/,https://www.instagram.com/reel/DYE4JXvJGqS/?comment_id=17965039035103018,scraping_instagram,muhamadteguhharderi,info loker buzzer
18091085501226355,2026-05-09T11:21:01+00:00,4,https://www.instagram.com/reel/DYE4JXvJGqS/,https://www.instagram.com/reel/DYE4JXvJGqS/?comment_id=18091085501226355,scraping_instagram,riofebriaaans,Info loker buzzer
17856192870641817,2026-05-09T09:55:27+00:00,0,https://www.instagram.com/reel/DYE4JXvJGqS/,https://www.instagram.com/reel/DYE4JXvJGqS/?comment_id=17856192870641817,scraping_instagram,boy_waegh,"Info loker buzzeer buka harga 1miliyar post , komen , dan share , ga akan nanggung lah ,kalau masang harga , pihak BGN juga ga nanggung nanggung ambil dana negara😂"
17869484211523186,2026-05-09T09:24:16+00:00,2,https://www.instagram.com/reel/DYE4JXvJGqS/,https://www.instagram.com/reel/DYE4JXvJGqS/?comment_id=17869484211523186,scraping_instagram,adekurniawan1928,800 juta untuk buzzer 😂😂😂
18129073879592866,2026-05-09T09:18:57+00:00,0,https://www.instagram.com/reel/DYE4JXvJGqS/,https://www.instagram.com/reel/DYE4JXvJGqS/?comment_id=18129073879592866,scraping_instagram,oka_bento083,Saya bersedia jadi buzzer MBG .. No rek sudah saya inbox. Min
18051602633738974,2026-05-09T08:56:28+00:00,0,https://www.instagram.com/reel/DYE4JXvJGqS/,https://www.instagram.com/reel/DYE4JXvJGqS/?comment_id=18051602633738974,scraping_instagram,hrr_prsty,info lowongan buzzernya pak 🔥
17939585298209527,2026-05-09T08:52:25+00:00,2,https://www.instagram.com/reel/DYE4JXvJGqS/,https://www.instagram.com/reel/DYE4JXvJGqS/?comment_id=17939585298209527,scraping_instagram,banggasagala,HAMPIR 1 M BUAT BUZZER WKWKWKWKWKWKWKWK 🤮🤮
18069764612324860,2026-05-09T08:04:48+00:00,2,https://www.instagram.com/reel/DYE4JXvJGqS/,https://www.instagram.com/reel/DYE4JXvJGqS/?comment_id=18069764612324860,scraping_instagram,bangyepp,"Info loker, buzzer juga gapapa"
18058859099708192,2026-05-09T07:20:38+00:00,0,https://www.instagram.com/reel/DYE4JXvJGqS/,https://www.instagram.com/reel/DYE4JXvJGqS/?comment_id=18058859099708192,scraping_instagram,wawanh_34,"STOP MBG, BUBARIN BGN 🔥🔥🔥"
17856079935644728,2026-05-09T07:18:43+00:00,0,https://www.instagram.com/reel/DYE4JXvJGqS/,https://www.instagram.com/reel/DYE4JXvJGqS/?comment_id=17856079935644728,scraping_instagram,ridwan_xxnnvx,Ingfo loker buzerrrrrrrrr 800 jt mayan
18100197421993179,2026-05-09T06:50:50+00:00,0,https://www.instagram.com/reel/DYE4JXvJGqS/,https://www.instagram.com/reel/DYE4JXvJGqS/?comment_id=18100197421993179,scraping_instagram,rayfredico_sht,BUZERRRRRRRRRRRRR
17870010435671881,2026-05-09T06:31:52+00:00,0,https://www.instagram.com/reel/DYE4JXvJGqS/,https://www.instagram.com/reel/DYE4JXvJGqS/?comment_id=17870010435671881,scraping_instagram,davidsarong_,INPO LOKER JDI BAZER !!
18072192218308967,2026-05-09T06:26:42+00:00,0,https://www.instagram.com/reel/DYE4JXvJGqS/,https://www.instagram.com/reel/DYE4JXvJGqS/?comment_id=18072192218308967,scraping_instagram,vndyy_14,Info Loker jadi buzzer 😂😂
18151731070467827,2026-05-09T06:16:30+00:00,0,https://www.instagram.com/reel/DYE4JXvJGqS/,https://www.instagram.com/reel/DYE4JXvJGqS/?comment_id=18151731070467827,scraping_instagram,lesmana1996,Lu ngasih makan bergizi apa racun tolollll
18126073282611252,2026-05-09T06:15:57+00:00,0,https://www.instagram.com/reel/DYE4JXvJGqS/,https://www.instagram.com/reel/DYE4JXvJGqS/?comment_id=18126073282611252,scraping_instagram,lesmana1996,Lu ngasih makan bergizi apa racun tolollll
18129225265582947,2026-05-09T05:49:48+00:00,0,https://www.instagram.com/reel/DYE4JXvJGqS/,https://www.instagram.com/reel/DYE4JXvJGqS/?comment_id=18129225265582947,scraping_instagram,irvan_mulyana95,"INFO LOKER BUZZEEER DONK BAPAK""  EMBEGEEE"
18077322287637848,2026-05-09T05:00:16+00:00,0,https://www.instagram.com/reel/DYE4JXvJGqS/,https://www.instagram.com/reel/DYE4JXvJGqS/?comment_id=18077322287637848,scraping_instagram,tanimerdekaindonesia.tangerang,🔥👏
17905994025414968,2026-05-09T04:15:26+00:00,9,https://www.instagram.com/reel/DYE4JXvJGqS/,https://www.instagram.com/reel/DYE4JXvJGqS/?comment_id=17905994025414968,scraping_instagram,dul.l77,"bapak /ibu Terhormat kasus keracunan MBG kembali terjadi di Cakung Jaktim, mudah2an diup beritanya sama akun @badangizinasional.ri ."
18100488974327083,2026-05-09T04:02:44+00:00,0,https://www.instagram.com/reel/DYE4JXvJGqS/,https://www.instagram.com/reel/DYE4JXvJGqS/?comment_id=18100488974327083,scraping_instagram,qizznotrizz,kalian kapan bubarnya sih
18090314831006508,2026-05-09T03:11:55+00:00,0,https://www.instagram.com/reel/DYE4JXvJGqS/,https://www.instagram.com/reel/DYE4JXvJGqS/?comment_id=18090314831006508,scraping_instagram,danurmudap,Kelakuan kek anjing masuk neraka semua lo pemimpin
18102078874858331,2026-05-09T03:06:50+00:00,0,https://www.instagram.com/reel/DYE4JXvJGqS/,https://www.instagram.com/reel/DYE4JXvJGqS/?comment_id=18102078874858331,scraping_instagram,yosh.1612,Di cakung ada yg keracunan tuh pak/ ibu. Coba cek sppgnya. Evaluasi dhe pak... jgn sampai kejadian terulangg lagiii...
17923110261125850,2026-05-09T02:35:27+00:00,14,https://www.instagram.com/reel/DYE4JXvJGqS/,https://www.instagram.com/reel/DYE4JXvJGqS/?comment_id=17923110261125850,scraping_instagram,elvan_musalimar,Woy di Cakung anak orang keracunan tuh
18020745098826784,2026-05-09T02:27:10+00:00,0,https://www.instagram.com/reel/DYE4JXvJGqS/,https://www.instagram.com/reel/DYE4JXvJGqS/?comment_id=18020745098826784,scraping_instagram,rendi__dharmawan,"Ikutan lah jadi buzzer,"
18117333499775947,2026-05-09T02:25:43+00:00,0,https://www.instagram.com/reel/DYE4JXvJGqS/,https://www.instagram.com/reel/DYE4JXvJGqS/?comment_id=18117333499775947,scraping_instagram,mattheus.h_,mana loker buzzer budget 800 juta itu
18149739424489695,2026-05-09T02:13:52+00:00,0,https://www.instagram.com/reel/DYE4JXvJGqS/,https://www.instagram.com/reel/DYE4JXvJGqS/?comment_id=18149739424489695,scraping_instagram,imam_zulfkar,emang bener pak pajaknya dipake buat bayar buzzer? cobaaa info loker pak😂
18428840008192655,2026-05-09T01:40:14+00:00,0,https://www.instagram.com/reel/DYE4JXvJGqS/,https://www.instagram.com/reel/DYE4JXvJGqS/?comment_id=18428840008192655,scraping_instagram,godzillarumahan,"Mending dana nya diuangkan jadi voucher indomart atau alfa, makanan nya lebih enak drpd mbg yg kdang ada racunnya"
18119355892670261,2026-05-09T01:35:41+00:00,0,https://www.instagram.com/reel/DYE4JXvJGqS/,https://www.instagram.com/reel/DYE4JXvJGqS/?comment_id=18119355892670261,scraping_instagram,rzk.alfy27,"Tak mau terus di Jelek-jelekan, BGN Keluarkan Dana 800 Jt utk jasa kelola Opini Publik, Apakah BUZER ???"
18585414841025150,2026-05-09T01:32:04+00:00,0,https://www.instagram.com/reel/DYE4JXvJGqS/,https://www.instagram.com/reel/DYE4JXvJGqS/?comment_id=18585414841025150,scraping_instagram,muhamrosyid,PROYEK BANGSATT
18010943984894204,2026-05-09T01:23:09+00:00,0,https://www.instagram.com/reel/DYE4JXvJGqS/,https://www.instagram.com/reel/DYE4JXvJGqS/?comment_id=18010943984894204,scraping_instagram,hina_amako,Info rekrutan karyawan buzzer baru gweh ingin mengajukan
17880120885569174,2026-05-09T01:11:11+00:00,0,https://www.instagram.com/reel/DYE4JXvJGqS/,https://www.instagram.com/reel/DYE4JXvJGqS/?comment_id=17880120885569174,scraping_instagram,anggisantoso389,Loker jadi buzzer dong saya mau
17935153380248873,2026-05-09T00:41:38+00:00,0,https://www.instagram.com/reel/DYE4JXvJGqS/,https://www.instagram.com/reel/DYE4JXvJGqS/?comment_id=17935153380248873,scraping_instagram,linapujilest,Kami Sudah Muak
18120120604635157,2026-05-09T00:33:42+00:00,0,https://www.instagram.com/reel/DYE4JXvJGqS/,https://www.instagram.com/reel/DYE4JXvJGqS/?comment_id=18120120604635157,scraping_instagram,idn.gunawan,"Setelah Kampus trus skrang Penjara mau di kasih MBG ?
Gila sumpah ini sarat kepentingan politik bgt, target awal untuk mengatasi stunting anak skrang ga karuan arahnya, mana mark up anggaran ugal""an kesebar kemana"" org kritik di bilang pansos ngeri bner para petinggi ini sma skali ga takut sma tuhan
@gibran_rakabuming masih lempeng ajh pake kaca mata kuda, mana mas gibran yg dulu selalu duduk bareng rakyatnya"
18225957289313638,2026-05-09T00:30:07+00:00,0,https://www.instagram.com/reel/DYE4JXvJGqS/,https://www.instagram.com/reel/DYE4JXvJGqS/?comment_id=18225957289313638,scraping_instagram,rifiani_zemi,rakyat kecil gimana itu pak? kena dampak semua kebutuhan serba mahal. enak yg pengusaha gede😢
18215552569325374,2026-05-09T00:30:05+00:00,0,https://www.instagram.com/reel/DYE4JXvJGqS/,https://www.instagram.com/reel/DYE4JXvJGqS/?comment_id=18215552569325374,scraping_instagram,lailiyatulhikma_,Malaikat geleng² ga ngatasi
18199023805361717,2026-05-09T00:28:02+00:00,0,https://www.instagram.com/reel/DYE4JXvJGqS/,https://www.instagram.com/reel/DYE4JXvJGqS/?comment_id=18199023805361717,scraping_instagram,amy.dina1984,Info loker buzzer pak 🔥🔥🔥
18122151301632857,2026-05-08T23:47:47+00:00,0,https://www.instagram.com/reel/DYE4JXvJGqS/,https://www.instagram.com/reel/DYE4JXvJGqS/?comment_id=18122151301632857,scraping_instagram,dimaskurniaa24,Program tolol
17905453662244950,2026-05-08T22:33:39+00:00,0,https://www.instagram.com/reel/DYE4JXvJGqS/,https://www.instagram.com/reel/DYE4JXvJGqS/?comment_id=17905453662244950,scraping_instagram,kurn.iawan9369,"Dannon , ni ko president diemdiem aja si dadan di biarin"
17934452427247391,2026-05-08T19:06:13+00:00,0,https://www.instagram.com/reel/DYE4JXvJGqS/,https://www.instagram.com/reel/DYE4JXvJGqS/?comment_id=17934452427247391,scraping_instagram,boundemz_,MBG LADANG KORUPSI
18091355654218979,2026-05-08T17:09:02+00:00,0,https://www.instagram.com/reel/DYE4JXvJGqS/,https://www.instagram.com/reel/DYE4JXvJGqS/?comment_id=18091355654218979,scraping_instagram,arsipfotovideoo,TAU GAK KERACUNAN MBG DI CIANJUR????? @badangizinasional.ri
18095864972156869,2026-05-08T16:44:08+00:00,0,https://www.instagram.com/reel/DYE4JXvJGqS/,https://www.instagram.com/reel/DYE4JXvJGqS/?comment_id=18095864972156869,scraping_instagram,mfadilas,Info pengelola opini publik 🙏
18008020334889034,2026-05-08T16:31:36+00:00,0,https://www.instagram.com/reel/DYE4JXvJGqS/,https://www.instagram.com/reel/DYE4JXvJGqS/?comment_id=18008020334889034,scraping_instagram,daisuddin,❤️❤️❤️🔥🔥🔥
17899023663287862,2026-05-08T16:09:03+00:00,11,https://www.instagram.com/reel/DYE4JXvJGqS/,https://www.instagram.com/reel/DYE4JXvJGqS/?comment_id=17899023663287862,scraping_instagram,gnwnhryna,"Tiap hari muncul berita kocak mulu dah, ga bosen apa?😂"
17945428746180534,2026-05-08T16:04:45+00:00,0,https://www.instagram.com/reel/DYE4JXvJGqS/,https://www.instagram.com/reel/DYE4JXvJGqS/?comment_id=17945428746180534,scraping_instagram,raffa9457,"NANTI KEDEPANNYA PARA TAHANAN PARA ODGJ PARA ANAK PUNK PARA ORMAS JUGA KAYANYA DAPAT MBG DARI SI BOTAK SIALAN ITU, KARNA TUJUAN DIA HARUS MAKIN BANYAK PENERIMA MBG KARNA SEMAKIN BANYAK PENERIMA MAKA SEMAKIN BANYAK YANG BISA DI KORUPSI DAN BISA MARKUP HARGA DARI BARANG BARANG YANG DI BELI, BUKANNYA LEBIH EFISIENSI MALAH MAKIN MENJADI JADI SI BOTAK INI"
18093725639265966,2026-05-08T16:04:43+00:00,0,https://www.instagram.com/reel/DYE4JXvJGqS/,https://www.instagram.com/reel/DYE4JXvJGqS/?comment_id=18093725639265966,scraping_instagram,raffa9457,"NANTI KEDEPANNYA PARA TAHANAN PARA ODGJ PARA ANAK PUNK PARA ORMAS JUGA KAYANYA DAPAT MBG DARI SI BOTAK SIALAN ITU, KARNA TUJUAN DIA HARUS MAKIN BANYAK PENERIMA MBG KARNA SEMAKIN BANYAK PENERIMA MAKA SEMAKIN BANYAK YANG BISA DI KORUPSI DAN BISA MARKUP HARGA DARI BARANG BARANG YANG DI BELI, BUKANNYA LEBIH EFISIENSI MALAH MAKIN MENJADI JADI SI BOTAK INI"
18127129915590731,2026-05-08T15:54:06+00:00,0,https://www.instagram.com/reel/DYE4JXvJGqS/,https://www.instagram.com/reel/DYE4JXvJGqS/?comment_id=18127129915590731,scraping_instagram,agung_satria45,menghidupkan ekonomi vendor besar?
18110915287877789,2026-05-08T15:12:43+00:00,0,https://www.instagram.com/reel/DYE4JXvJGqS/,https://www.instagram.com/reel/DYE4JXvJGqS/?comment_id=18110915287877789,scraping_instagram,febriadip04,Info loker buzzer Dan @d_hindayana
18046432472781227,2026-05-08T14:19:55+00:00,0,https://www.instagram.com/reel/DYE4JXvJGqS/,https://www.instagram.com/reel/DYE4JXvJGqS/?comment_id=18046432472781227,scraping_instagram,mars.mars89,Mohon info loker pak 😢
18076226522218748,2026-05-08T13:58:44+00:00,0,https://www.instagram.com/reel/DYE4JXvJGqS/,https://www.instagram.com/reel/DYE4JXvJGqS/?comment_id=18076226522218748,scraping_instagram,danuabdulmuhyi,https://beritaone.id/news/detail/14247/tak-ada-satu-pun-tersangka-meski-marak-keracunan-mbg
18081823499577235,2026-05-08T13:53:33+00:00,0,https://www.instagram.com/reel/DYE4JXvJGqS/,https://www.instagram.com/reel/DYE4JXvJGqS/?comment_id=18081823499577235,scraping_instagram,erick_office1,"@iguana.kulon Bang, info masuk agency buzzer mn yg bayarannya lumayan"
18079711721552410,2026-05-08T13:51:01+00:00,4,https://www.instagram.com/reel/DYE4JXvJGqS/,https://www.instagram.com/reel/DYE4JXvJGqS/?comment_id=18079711721552410,scraping_instagram,ranggaadetiyasundawa,INFO LOKER BUZZER COKK
18318984979282904,2026-05-08T13:45:04+00:00,3,https://www.instagram.com/reel/DYE4JXvJGqS/,https://www.instagram.com/reel/DYE4JXvJGqS/?comment_id=18318984979282904,scraping_instagram,antonkurnia12,"Mbg jaya jaya jaya, bismillah menang tender 800jt"
18582738643033517,2026-05-08T13:32:38+00:00,1,https://www.instagram.com/reel/DYE4JXvJGqS/,https://www.instagram.com/reel/DYE4JXvJGqS/?comment_id=18582738643033517,scraping_instagram,syafrul_fa,TAI
18095425997143176,2026-05-08T13:06:32+00:00,8,https://www.instagram.com/reel/DYE4JXvJGqS/,https://www.instagram.com/reel/DYE4JXvJGqS/?comment_id=18095425997143176,scraping_instagram,yudidharmawn,pak ada loker jadi buzzer?
17998087550942040,2026-05-08T12:57:17+00:00,8,https://www.instagram.com/reel/DYE4JXvJGqS/,https://www.instagram.com/reel/DYE4JXvJGqS/?comment_id=17998087550942040,scraping_instagram,iyayaannn,cok 800jt gawe buzzer wkwk
17884619625552312,2026-05-08T12:56:57+00:00,0,https://www.instagram.com/reel/DYE4JXvJGqS/,https://www.instagram.com/reel/DYE4JXvJGqS/?comment_id=17884619625552312,scraping_instagram,dally_syofari,Info loker buzzer
18214986943322920,2026-05-08T12:48:09+00:00,0,https://www.instagram.com/reel/DYE4JXvJGqS/,https://www.instagram.com/reel/DYE4JXvJGqS/?comment_id=18214986943322920,scraping_instagram,manaeksimbolon_,Mau dong jadi buzzer😂
18098635751095628,2026-05-08T12:42:48+00:00,0,https://www.instagram.com/reel/DYE4JXvJGqS/,https://www.instagram.com/reel/DYE4JXvJGqS/?comment_id=18098635751095628,scraping_instagram,laaeellaa_shiidqyy,Bubarkan MBG asuuuuuu
18388393345084269,2026-05-08T12:32:17+00:00,3,https://www.instagram.com/reel/DYE4JXvJGqS/,https://www.instagram.com/reel/DYE4JXvJGqS/?comment_id=18388393345084269,scraping_instagram,iguana.kulon,Maju terus MBG SUKSES SELALU
18137569903534324,2026-05-08T12:30:36+00:00,0,https://www.instagram.com/reel/DYE4JXvJGqS/,https://www.instagram.com/reel/DYE4JXvJGqS/?comment_id=18137569903534324,scraping_instagram,arrahman135,Buat bayar buzzer duit pajak gw  asw
18329177113269051,2026-05-08T12:05:46+00:00,0,https://www.instagram.com/reel/DYE4JXvJGqS/,https://www.instagram.com/reel/DYE4JXvJGqS/?comment_id=18329177113269051,scraping_instagram,bang._naga,STOP MBG
18012622340701004,2026-05-08T11:59:01+00:00,0,https://www.instagram.com/reel/DYE4JXvJGqS/,https://www.instagram.com/reel/DYE4JXvJGqS/?comment_id=18012622340701004,scraping_instagram,amalludin10,Info dadi buzzer pak😂
18097440226890436,2026-05-08T11:57:31+00:00,0,https://www.instagram.com/reel/DYE4JXvJGqS/,https://www.instagram.com/reel/DYE4JXvJGqS/?comment_id=18097440226890436,scraping_instagram,k0rupt0rtaik,ramai di @dinasruwet_kotasemarang sengketa pemilu 2024 dan dugaan ijon yg di terima bawaslu berupa dapur MBG/SPPG
18106243127301316,2026-05-08T11:55:47+00:00,0,https://www.instagram.com/reel/DYE4JXvJGqS/,https://www.instagram.com/reel/DYE4JXvJGqS/?comment_id=18106243127301316,scraping_instagram,ibnufth_17,Botaakk botakkkkkkk
18580361086006139,2026-05-08T11:50:49+00:00,0,https://www.instagram.com/reel/DYE4JXvJGqS/,https://www.instagram.com/reel/DYE4JXvJGqS/?comment_id=18580361086006139,scraping_instagram,billyfockinberis,lu buka DM ga min ? kwkw buka dah pasti hujatan lebih banyak dari gaji lo
18111082906862540,2026-05-08T11:46:36+00:00,0,https://www.instagram.com/reel/DYE4JXvJGqS/,https://www.instagram.com/reel/DYE4JXvJGqS/?comment_id=18111082906862540,scraping_instagram,happyfamily2607,"☀️ Uga Wangsit Siliwangi tentang kebangkitan kembali kejayaan Pajajaran (Pajajaran Anyar/Baru) di masa depan, yang ditandai dengan berakhirnya masa kegelapan. Kebangkitan ini diprediksi terjadi setelah kurun waktu kemunculan akan pemimpin Adil di wilayah Selatan, khususnya dikaitkan dengan daerah Lebak Cawene. Bersama terbukanya Harta Amanah Nusantara 🌏"
18083037653529617,2026-05-08T11:46:31+00:00,78,https://www.instagram.com/reel/DYE4JXvJGqS/,https://www.instagram.com/reel/DYE4JXvJGqS/?comment_id=18083037653529617,scraping_instagram,emfa_jri,"Info jadi buzer dong,, udah ada anggaran 800 jt untuk 2026 kan pak.."
18107807875736880,2026-05-08T11:41:50+00:00,1,https://www.instagram.com/reel/DYE4JXvJGqS/,https://www.instagram.com/reel/DYE4JXvJGqS/?comment_id=18107807875736880,scraping_instagram,mbgcenter.id,❤️❤️❤️
