id,timestamp,likesCount,postUrl,commentUrl,source_file,ownerUsername,text
18415432231126989,2026-03-29T05:43:05+00:00,41,https://www.instagram.com/p/DWYrb4PEwZ-/,https://www.instagram.com/p/DWYrb4PEwZ-/?comment_id=18415432231126989,scraping_instagram,blackbea_t2r,Pertanyaannya satu : knp yg program DJP dulu gk diupgrade ? Knp hrs bikin baru ??
17895502233428072,2026-03-28T01:35:21+00:00,33,https://www.instagram.com/p/DWYrb4PEwZ-/,https://www.instagram.com/p/DWYrb4PEwZ-/?comment_id=17895502233428072,scraping_instagram,lianasdwp,Sri mulyani kapan diperiksa nih karena merugikan coretax
18071383430247212,2026-03-31T04:31:07+00:00,4,https://www.instagram.com/p/DWYrb4PEwZ-/,https://www.instagram.com/p/DWYrb4PEwZ-/?comment_id=18071383430247212,scraping_instagram,silviteo,Lapor SPT lebih bayar terus tp jumlahnya beda2 😂 gw ikhlas duit gw gak dikembaliin tp bs ga petugas pajak ga usah tlpn2 mempersulit hidup gw??
18175089538387749,2026-03-28T14:25:08+00:00,3,https://www.instagram.com/p/DWYrb4PEwZ-/,https://www.instagram.com/p/DWYrb4PEwZ-/?comment_id=18175089538387749,scraping_instagram,aiiluv8,Parahnya sekarang kalo salah ga bisa pemindah bukuan musti restitusi
17904686706225409,2026-03-31T03:06:28+00:00,2,https://www.instagram.com/p/DWYrb4PEwZ-/,https://www.instagram.com/p/DWYrb4PEwZ-/?comment_id=17904686706225409,scraping_instagram,donnyds,emang sich kita juga bingung
18103009666928594,2026-03-29T01:23:17+00:00,14,https://www.instagram.com/p/DWYrb4PEwZ-/,https://www.instagram.com/p/DWYrb4PEwZ-/?comment_id=18103009666928594,scraping_instagram,shandy555555,Karyanya srimul dengan anggaran triliunan 😂😂
18096615197105578,2026-03-30T00:17:47+00:00,3,https://www.instagram.com/p/DWYrb4PEwZ-/,https://www.instagram.com/p/DWYrb4PEwZ-/?comment_id=18096615197105578,scraping_instagram,indiati0206,Yg spt dulu malah gampang pak. Yg skrg ribet bikin bingung
18094476145879459,2026-04-03T02:03:09+00:00,1,https://www.instagram.com/p/DWYrb4PEwZ-/,https://www.instagram.com/p/DWYrb4PEwZ-/?comment_id=18094476145879459,scraping_instagram,hartojo_moestiko,Kalau bisa di persulit masak di permudah. Kalau sudah sulit akhirnya tidak terlapor dan DENDA. Lumayan dapat tambahan biaya untuk di gelapin lagi. Kerena kan?😂😂😂
17989809677954356,2026-04-02T12:24:32+00:00,1,https://www.instagram.com/p/DWYrb4PEwZ-/,https://www.instagram.com/p/DWYrb4PEwZ-/?comment_id=17989809677954356,scraping_instagram,h4n1994,BCA dengan mudahnya membuat 2 versi mobile banking masing2 beda target pengguna.. semua hanya soal mindset
17941915710157539,2026-03-28T12:08:38+00:00,5,https://www.instagram.com/p/DWYrb4PEwZ-/,https://www.instagram.com/p/DWYrb4PEwZ-/?comment_id=17941915710157539,scraping_instagram,xadhel,Pak periksa proyek tapping box yang dipasang di restoran itu juga proyek akal²an... Katanya buat lacak transaksi terkait pajak PB1.... Alat tapping box dipasang tapi dispenda minta akses POS restoran... 😂
18113670718670604,2026-04-03T12:50:37+00:00,1,https://www.instagram.com/p/DWYrb4PEwZ-/,https://www.instagram.com/p/DWYrb4PEwZ-/?comment_id=18113670718670604,scraping_instagram,elva_zhuang,Akhirnya tau juga rasa nya jd wp
18100700471304676,2026-03-30T05:12:34+00:00,3,https://www.instagram.com/p/DWYrb4PEwZ-/,https://www.instagram.com/p/DWYrb4PEwZ-/?comment_id=18100700471304676,scraping_instagram,rustonochon,Tahu gak kenapa ? SYSTEM PAJAK YG DULU DI GANTI DENGAN Coretax ? Tahu Dong knapa ? 😂 Banyak orang yg terlibat di perpajakan yg ditutupi 😮
18023124170815962,2026-03-30T03:49:48+00:00,13,https://www.instagram.com/p/DWYrb4PEwZ-/,https://www.instagram.com/p/DWYrb4PEwZ-/?comment_id=18023124170815962,scraping_instagram,gunawanmoses,Sudah bayar pajak masih suruh ribet laporan dan kl tdk lapor kena denda 😢😢😢
18263503717295254,2026-03-31T15:28:19+00:00,4,https://www.instagram.com/p/DWYrb4PEwZ-/,https://www.instagram.com/p/DWYrb4PEwZ-/?comment_id=18263503717295254,scraping_instagram,sunny_tsuyoshi,"Lbh mudah yg seblm coretax. Yg ini dibuat macam rakyat paham dgn perpajakan dan bahasa2 pajaknya. Krn tdk paham salah mengerti ujungnya salah isi dan jd dipermasalahkan, kacau deh. Mau lapor di bikin puyeng, ribet, nyusahin rakyat aja."
17865120429666437,2026-04-01T07:55:24+00:00,10,https://www.instagram.com/p/DWYrb4PEwZ-/,https://www.instagram.com/p/DWYrb4PEwZ-/?comment_id=17865120429666437,scraping_instagram,buyexro,"Kalo blh berpendapat mah NPWP jd ""Jebakan Batman""  bagi rakyat.  Saat rakyat sulit mencari kerja/usaha dibiarkan berfikir sendir, tp ... Stlh rakyat memiliki pekerjaan/usaha negara masuk utk memeras.  Dimana match nya dgn konsep mensejahterakan rakyat???......."
18047291132556148,2026-04-04T12:03:34+00:00,2,https://www.instagram.com/p/DWYrb4PEwZ-/,https://www.instagram.com/p/DWYrb4PEwZ-/?comment_id=18047291132556148,scraping_instagram,fatinafm_213,"Jika blm sempurna knp harus di publikasikan pak???? Udah fix jelas n benar baru luncurkan, gimana seh, sistem. Nya error, sementara WP di paksa laporkan, giliran salah karena sistem eh kena denda dll"
18586740223020343,2026-04-10T00:29:01+00:00,1,https://www.instagram.com/p/DWYrb4PEwZ-/,https://www.instagram.com/p/DWYrb4PEwZ-/?comment_id=18586740223020343,scraping_instagram,beamtax_consulting,Matikan saja pak....balik ke djponline dan kembangkan fitur2 nya ..coretax cocok untuk tahun 3000 kali ya?
17863596900614181,2026-03-31T04:05:46+00:00,2,https://www.instagram.com/p/DWYrb4PEwZ-/,https://www.instagram.com/p/DWYrb4PEwZ-/?comment_id=17863596900614181,scraping_instagram,rztgg77,Setuju …menyusahkan wajib pajak
17957512902100185,2026-03-30T02:35:07+00:00,4,https://www.instagram.com/p/DWYrb4PEwZ-/,https://www.instagram.com/p/DWYrb4PEwZ-/?comment_id=17957512902100185,scraping_instagram,adi_jusit,Katanya 3 bulan beres 😂. Ini udah berapa bulan
17984450678797966,2026-04-02T02:58:59+00:00,1,https://www.instagram.com/p/DWYrb4PEwZ-/,https://www.instagram.com/p/DWYrb4PEwZ-/?comment_id=17984450678797966,scraping_instagram,fruity_cool,Asli. Bnr
17969826398881622,2026-04-02T06:23:10+00:00,1,https://www.instagram.com/p/DWYrb4PEwZ-/,https://www.instagram.com/p/DWYrb4PEwZ-/?comment_id=17969826398881622,scraping_instagram,dedisudradjat,Kock disain disalahkan....kocak amat. Dulu yg minta dan kasih order gimana?
18087631223462851,2026-04-05T06:28:43+00:00,2,https://www.instagram.com/p/DWYrb4PEwZ-/,https://www.instagram.com/p/DWYrb4PEwZ-/?comment_id=18087631223462851,scraping_instagram,hendrea_tan,Bolak balik isi 3 hr  ngak clear... Dah ikutin tutor youtube dan web. Sampe skrg binggung g... Login aja 3 jam baru masuk.. Hadehh...
17910266367184603,2026-04-02T04:29:44+00:00,1,https://www.instagram.com/p/DWYrb4PEwZ-/,https://www.instagram.com/p/DWYrb4PEwZ-/?comment_id=17910266367184603,scraping_instagram,rohityo1309,"Iya nih, bikin pusing, katanya serba online , tapi banyak kendalanya, dan ujung2nya ke KPP lagi, eh pas sampe KPP tetep aja Online , kita yang mau ngasih duit buat pajak kok ribet amat ya,"
18077481002415320,2026-04-03T06:32:47+00:00,1,https://www.instagram.com/p/DWYrb4PEwZ-/,https://www.instagram.com/p/DWYrb4PEwZ-/?comment_id=18077481002415320,scraping_instagram,jokosamudra123,"Usut dong pak pasti dikorupsi itu, Periksa Dirjen dan SM"
18387294184083269,2026-04-04T01:56:55+00:00,1,https://www.instagram.com/p/DWYrb4PEwZ-/,https://www.instagram.com/p/DWYrb4PEwZ-/?comment_id=18387294184083269,scraping_instagram,rahmadhrp24,Udah gak bagus mahal pula lagi….usut dan investigasi….buatnya pake uang rakyat itu
18094378772031418,2026-03-30T00:32:37+00:00,3,https://www.instagram.com/p/DWYrb4PEwZ-/,https://www.instagram.com/p/DWYrb4PEwZ-/?comment_id=18094378772031418,scraping_instagram,rizkibachtiar08gm,"Aneh² aja negeri ini, ganti sorex aja"
18076196099432365,2026-03-29T03:34:16+00:00,6,https://www.instagram.com/p/DWYrb4PEwZ-/,https://www.instagram.com/p/DWYrb4PEwZ-/?comment_id=18076196099432365,scraping_instagram,maman_arbi,"Bukan salah desain,  tapi kemungkinan besar memang didesain seperti itu supaya hasilnya salah. Karena memang sepertinya tidak ingin ketahuan alur proses masuk dan keluar uangnya."
17857085508683453,2026-03-31T03:36:15+00:00,2,https://www.instagram.com/p/DWYrb4PEwZ-/,https://www.instagram.com/p/DWYrb4PEwZ-/?comment_id=17857085508683453,scraping_instagram,honggosetyawan,"Bukna salah design pak. Emang ga kapable yg bikinnya, kebnayakan data yg diminta bikin pusing. Mahal lagi bikinnya sampai T. Harus diusut nih coretax ini"
18095121425120258,2026-04-03T07:25:22+00:00,1,https://www.instagram.com/p/DWYrb4PEwZ-/,https://www.instagram.com/p/DWYrb4PEwZ-/?comment_id=18095121425120258,scraping_instagram,aika_sukamanja,gimana habis rausan milyar
18111173278625883,2026-03-29T02:48:10+00:00,4,https://www.instagram.com/p/DWYrb4PEwZ-/,https://www.instagram.com/p/DWYrb4PEwZ-/?comment_id=18111173278625883,scraping_instagram,ade.prn,"Ga cm br ini saja,.tanya aja orang pajak dikantor kantor . .mereka dl kl mau bayar pajak, ribetnya mnt ampun,.sampe ada sekolah perpajakan.,sampe ada divisi khusus pajak disetiap perusahaan ..logika nya dibalik ,mempersulit orang /badan mau bayar .,bayar loh ..bukan mnt duit. .bayar ,.setor , tp sulitnya bukan main.,.jaman serba auto bgni..Robot itu ga cm perangkat besi dan motor. tp software pun bisa dibuat robot,artinya system automatisasi software ...inovasi itu perlu, ga cm bisa beli produk dari asing, tp bingung makenya gmn ,ganti rezim ganti system ,iya kl lebih simple.,hadeuh .."
18206471917334265,2026-04-03T07:48:05+00:00,1,https://www.instagram.com/p/DWYrb4PEwZ-/,https://www.instagram.com/p/DWYrb4PEwZ-/?comment_id=18206471917334265,scraping_instagram,ratnarafaella8,"Mau bayarcpajak aha , DIPERSULIT."
18097481137839596,2026-04-05T20:56:54+00:00,1,https://www.instagram.com/p/DWYrb4PEwZ-/,https://www.instagram.com/p/DWYrb4PEwZ-/?comment_id=18097481137839596,scraping_instagram,arkan3227,Suatu mitigasi yg keliru donk Pak
18097085321090530,2026-04-05T10:43:40+00:00,1,https://www.instagram.com/p/DWYrb4PEwZ-/,https://www.instagram.com/p/DWYrb4PEwZ-/?comment_id=18097085321090530,scraping_instagram,irwanhidayat946,"Pak Purbaya, kembalikan saja ke system lama..."
18089827589330524,2026-03-28T19:58:01+00:00,27,https://www.instagram.com/p/DWYrb4PEwZ-/,https://www.instagram.com/p/DWYrb4PEwZ-/?comment_id=18089827589330524,scraping_instagram,tuank6999,🔥🔥🔥 udah bayar pajak tapi kita selalu dibuat repot oleh mereka
18107682115851577,2026-03-30T09:09:43+00:00,6,https://www.instagram.com/p/DWYrb4PEwZ-/,https://www.instagram.com/p/DWYrb4PEwZ-/?comment_id=18107682115851577,scraping_instagram,rivalzulyana,mau lapor pajak aja pusing itu website😂
18094476800471334,2026-04-02T04:00:55+00:00,1,https://www.instagram.com/p/DWYrb4PEwZ-/,https://www.instagram.com/p/DWYrb4PEwZ-/?comment_id=18094476800471334,scraping_instagram,sekarwigati_,"bukan salah design pak, jujur saya sebagai wp ini cretax merasa tidak berguna , kembalikan djp-kuh."
18088254623594066,2026-04-03T12:35:18+00:00,1,https://www.instagram.com/p/DWYrb4PEwZ-/,https://www.instagram.com/p/DWYrb4PEwZ-/?comment_id=18088254623594066,scraping_instagram,wwayulo,"500 jt melayang msh di kejar juga,  gue tutup usahanya,  biar mereka engga dapat duit"
18094144661135497,2026-04-08T16:39:39+00:00,1,https://www.instagram.com/p/DWYrb4PEwZ-/,https://www.instagram.com/p/DWYrb4PEwZ-/?comment_id=18094144661135497,scraping_instagram,ennywatirobert,Konsultan aja bingung... Saya aja bingung... Apalagi org gaptek org awam... Ganti model djp online aja kek dulu mendingan
18022651472642447,2026-03-30T02:27:45+00:00,10,https://www.instagram.com/p/DWYrb4PEwZ-/,https://www.instagram.com/p/DWYrb4PEwZ-/?comment_id=18022651472642447,scraping_instagram,ch0c0_chiz,Inikah profesionalisme DJP yg tukinnya terbesar se Indonesia..?? 1.3T tapi zonkkk @ditjenpajakri
18097750366989067,2026-04-01T00:32:22+00:00,1,https://www.instagram.com/p/DWYrb4PEwZ-/,https://www.instagram.com/p/DWYrb4PEwZ-/?comment_id=18097750366989067,scraping_instagram,aant_theman,Kirain saya yg ngga ngerti 😂
18077590601428619,2026-04-01T08:24:28+00:00,1,https://www.instagram.com/p/DWYrb4PEwZ-/,https://www.instagram.com/p/DWYrb4PEwZ-/?comment_id=18077590601428619,scraping_instagram,alextanusenjaya,Memang ribet
18332340988223397,2026-03-29T12:26:17+00:00,2,https://www.instagram.com/p/DWYrb4PEwZ-/,https://www.instagram.com/p/DWYrb4PEwZ-/?comment_id=18332340988223397,scraping_instagram,budimanh777,"Belum waktunya pakai coretax ngak semua org ngerti dan ngak semua ngerti aplikasi jg, pertanyaannya membingungkan, penjelasannya pakai pasal diluar kemampuan org awam"
18072791699219629,2026-04-01T07:31:16+00:00,1,https://www.instagram.com/p/DWYrb4PEwZ-/,https://www.instagram.com/p/DWYrb4PEwZ-/?comment_id=18072791699219629,scraping_instagram,rudy.salim.3760,"Kalo gak layak pakai, jgn diteruskan. Ini kerjaan oknum yg mau nyari untung sendiri."
17990316860952535,2026-03-31T12:41:59+00:00,1,https://www.instagram.com/p/DWYrb4PEwZ-/,https://www.instagram.com/p/DWYrb4PEwZ-/?comment_id=17990316860952535,scraping_instagram,gamalthaib,"Coretax menyusahkan, menjebak, gak 100% connect ke data WP yg tersedia di DJPonline... lebih mudah DJPOnline ..... WP jadi susah mau lapor SPT @purbayayudhi.official . Balik ke DJP online saja"
18083498336605270,2026-03-30T05:45:33+00:00,1,https://www.instagram.com/p/DWYrb4PEwZ-/,https://www.instagram.com/p/DWYrb4PEwZ-/?comment_id=18083498336605270,scraping_instagram,novalinagloria,"Wkwkwk UI/UX nya memang perlu ditingkatkan, ya ga @mr.adepermana"
18042433124546729,2026-03-30T06:02:36+00:00,2,https://www.instagram.com/p/DWYrb4PEwZ-/,https://www.instagram.com/p/DWYrb4PEwZ-/?comment_id=18042433124546729,scraping_instagram,harset2013,🤣🤣🤣.
18148288684477470,2026-03-28T10:32:42+00:00,1,https://www.instagram.com/p/DWYrb4PEwZ-/,https://www.instagram.com/p/DWYrb4PEwZ-/?comment_id=18148288684477470,scraping_instagram,aurorakalopsia,mbuhhh wessssss 🔥
18057425225463623,2026-03-28T12:52:04+00:00,11,https://www.instagram.com/p/DWYrb4PEwZ-/,https://www.instagram.com/p/DWYrb4PEwZ-/?comment_id=18057425225463623,scraping_instagram,mesinkopi.second,Memang dibuat bingung supaya main belakang 😂😂😂
18102569326938778,2026-03-28T06:43:37+00:00,2,https://www.instagram.com/p/DWYrb4PEwZ-/,https://www.instagram.com/p/DWYrb4PEwZ-/?comment_id=18102569326938778,scraping_instagram,quality.insights,"Rombak total saja. Ngacooo emang isinya. Gado gado isinya, yang gak butuh sesuai urusan semuanya dijadikan 1. Minimal dipisahkan antara feature khusus PPN, PPh badan yg hubungannya urusan corporate dengan pajak pribadi PPh."
18082373810589235,2026-03-29T11:32:05+00:00,2,https://www.instagram.com/p/DWYrb4PEwZ-/,https://www.instagram.com/p/DWYrb4PEwZ-/?comment_id=18082373810589235,scraping_instagram,arabhasta,Maka jangan salah kan jika banyak WP yang salah isi laporan bukan nya malah di kenai denda...jangan salah kan WP jika yang merancang coretax hanya bisa di mengerti kalangan pajak saja...buat lah rancangan yang bisa di pahami bahkan oleh lansia sekalipun...
18189344086369509,2026-03-29T10:51:34+00:00,2,https://www.instagram.com/p/DWYrb4PEwZ-/,https://www.instagram.com/p/DWYrb4PEwZ-/?comment_id=18189344086369509,scraping_instagram,alex_gunners,"Makanya kembalikan ke sistem sebelumnya, tinggalkan coretax,  usut tuntas pemberi ijin pakai sistem tsb"
18076796231542677,2026-03-29T05:45:17+00:00,3,https://www.instagram.com/p/DWYrb4PEwZ-/,https://www.instagram.com/p/DWYrb4PEwZ-/?comment_id=18076796231542677,scraping_instagram,iikaventura,Dari dulu pemerintah kalau buat web atau aplikasi ga pernah ada yg bener. Sering error gampang di hack dan desainnya jelek padahal anggaran triyunan.
18044324354746191,2026-03-30T11:57:34+00:00,1,https://www.instagram.com/p/DWYrb4PEwZ-/,https://www.instagram.com/p/DWYrb4PEwZ-/?comment_id=18044324354746191,scraping_instagram,rakyat_jelata1374,"Kuncinya : ada tim, akan diperbaiki, tanpa dateline, dan standar. Tapi WP jelass ada dateline dan denda siyap membayangi setiap bulan 👏👏"
17924243544274226,2026-03-30T12:05:16+00:00,1,https://www.instagram.com/p/DWYrb4PEwZ-/,https://www.instagram.com/p/DWYrb4PEwZ-/?comment_id=17924243544274226,scraping_instagram,jlmendrofa2015,kalo berhasil isi dgn benar mgkn semua warga coretax jd akuntan pajak deh
18097155854068247,2026-03-30T06:17:20+00:00,1,https://www.instagram.com/p/DWYrb4PEwZ-/,https://www.instagram.com/p/DWYrb4PEwZ-/?comment_id=18097155854068247,scraping_instagram,jasa.akuntansi.umkm,Hehe bener apa bener👏
17942396274154933,2026-03-30T05:00:35+00:00,1,https://www.instagram.com/p/DWYrb4PEwZ-/,https://www.instagram.com/p/DWYrb4PEwZ-/?comment_id=17942396274154933,scraping_instagram,mjhrf,🤣🤣🤣
17921902275282176,2026-03-30T03:42:14+00:00,1,https://www.instagram.com/p/DWYrb4PEwZ-/,https://www.instagram.com/p/DWYrb4PEwZ-/?comment_id=17921902275282176,scraping_instagram,willy.gonzales2,"Coretax blm siap benar sudah di launching, dan ternyata byk kendala....😂😂😂"
18186003058368863,2026-03-29T11:05:05+00:00,1,https://www.instagram.com/p/DWYrb4PEwZ-/,https://www.instagram.com/p/DWYrb4PEwZ-/?comment_id=18186003058368863,scraping_instagram,pubu29,Bukannya mmg dibuat bingung kan😂 tujuannya kan cm biar bisa ngelink ke transaksi & intip saldo WP tohhh😂
17924308998259438,2026-03-29T11:06:55+00:00,1,https://www.instagram.com/p/DWYrb4PEwZ-/,https://www.instagram.com/p/DWYrb4PEwZ-/?comment_id=17924308998259438,scraping_instagram,lindus_78,"Kalau spt itu, kenapa diteruskan pak"
18151991671407823,2026-03-29T11:48:53+00:00,2,https://www.instagram.com/p/DWYrb4PEwZ-/,https://www.instagram.com/p/DWYrb4PEwZ-/?comment_id=18151991671407823,scraping_instagram,budi2000cc,No comment.
18062457278367608,2026-03-29T08:37:49+00:00,1,https://www.instagram.com/p/DWYrb4PEwZ-/,https://www.instagram.com/p/DWYrb4PEwZ-/?comment_id=18062457278367608,scraping_instagram,anggorosus,Karya Srimulyani yg menambah sejarah panjang ruwetnya lapor pajak😢
17867735769505369,2026-03-29T08:25:40+00:00,1,https://www.instagram.com/p/DWYrb4PEwZ-/,https://www.instagram.com/p/DWYrb4PEwZ-/?comment_id=17867735769505369,scraping_instagram,tj_budi,Vendor aman?
18098375498295864,2026-03-29T06:14:56+00:00,1,https://www.instagram.com/p/DWYrb4PEwZ-/,https://www.instagram.com/p/DWYrb4PEwZ-/?comment_id=18098375498295864,scraping_instagram,putuwahyudi755,😂😂😂😂kocak
17892634176305940,2026-03-29T06:41:44+00:00,1,https://www.instagram.com/p/DWYrb4PEwZ-/,https://www.instagram.com/p/DWYrb4PEwZ-/?comment_id=17892634176305940,scraping_instagram,setiawan09692023,Kepinteran sama sok pinter . Manual aj biar pada kerj aparat pajak jng ttima beres aj lapoaran pajak
17850940749661210,2026-03-29T06:34:35+00:00,1,https://www.instagram.com/p/DWYrb4PEwZ-/,https://www.instagram.com/p/DWYrb4PEwZ-/?comment_id=17850940749661210,scraping_instagram,tonysantoso13,naga2nya si boyo mau nyalahin org lain lagi pdhl semua itu dibawah kewenangan dia sbg menteri 😃😃😃
17951882067113482,2026-03-28T00:50:34+00:00,1,https://www.instagram.com/p/DWYrb4PEwZ-/,https://www.instagram.com/p/DWYrb4PEwZ-/?comment_id=17951882067113482,scraping_instagram,f4rjikun50,Wah Udah untung besar para supliernya termasuk fee untuk bos dirjennya 👏👏👏
17992908488941356,2026-03-29T04:56:58+00:00,1,https://www.instagram.com/p/DWYrb4PEwZ-/,https://www.instagram.com/p/DWYrb4PEwZ-/?comment_id=17992908488941356,scraping_instagram,defyud7,😂😂😂😂
18023009390813795,2026-03-29T04:57:28+00:00,1,https://www.instagram.com/p/DWYrb4PEwZ-/,https://www.instagram.com/p/DWYrb4PEwZ-/?comment_id=18023009390813795,scraping_instagram,mochsufaat27,Waspada mafia di coretax pak
17979807329826713,2026-03-27T22:15:03+00:00,5,https://www.instagram.com/p/DWYrb4PEwZ-/,https://www.instagram.com/p/DWYrb4PEwZ-/?comment_id=17979807329826713,scraping_instagram,j75757575,😂 system blm mumpuni blm sepenuhnya bisa terintegrasi lebih sering down gitu aza macam layangan putus !! ending² tetap ada celah dong buat going back door .. 😂 simple nya gitu .. !
18122982022611924,2026-03-29T01:07:11+00:00,1,https://www.instagram.com/p/DWYrb4PEwZ-/,https://www.instagram.com/p/DWYrb4PEwZ-/?comment_id=18122982022611924,scraping_instagram,loislistiari,Wkwkwkwk semoga enggak salah aja.. meskipun lapor nya ke KPP langsung
18038429012774248,2026-03-29T01:21:49+00:00,1,https://www.instagram.com/p/DWYrb4PEwZ-/,https://www.instagram.com/p/DWYrb4PEwZ-/?comment_id=18038429012774248,scraping_instagram,ariesiswanto76,"Sudah bayar pajak, di buat mumet ruwet pula."
18062487755379493,2026-03-29T02:51:39+00:00,1,https://www.instagram.com/p/DWYrb4PEwZ-/,https://www.instagram.com/p/DWYrb4PEwZ-/?comment_id=18062487755379493,scraping_instagram,fl_life,R.i.b...t
18100178971756210,2026-03-28T09:25:22+00:00,2,https://www.instagram.com/p/DWYrb4PEwZ-/,https://www.instagram.com/p/DWYrb4PEwZ-/?comment_id=18100178971756210,scraping_instagram,winarsarudju,Menyusahkan rakyat
17947722825072959,2026-03-28T22:11:31+00:00,1,https://www.instagram.com/p/DWYrb4PEwZ-/,https://www.instagram.com/p/DWYrb4PEwZ-/?comment_id=17947722825072959,scraping_instagram,budi_waluyo_bwo,semua akan MUMET pada waktunya🤭🤭
18092408738321995,2026-03-28T22:51:18+00:00,1,https://www.instagram.com/p/DWYrb4PEwZ-/,https://www.instagram.com/p/DWYrb4PEwZ-/?comment_id=18092408738321995,scraping_instagram,puniman_srg,"Saya pakai hotspot HP buat buka Cortex di laptop, cepet banget habis kuota...."
18105641189507575,2026-03-29T00:23:21+00:00,1,https://www.instagram.com/p/DWYrb4PEwZ-/,https://www.instagram.com/p/DWYrb4PEwZ-/?comment_id=18105641189507575,scraping_instagram,noerrrid,"daripada puyeng, yg bikin link aje yg suruh ngisi."
17858409372681399,2026-03-28T23:36:05+00:00,1,https://www.instagram.com/p/DWYrb4PEwZ-/,https://www.instagram.com/p/DWYrb4PEwZ-/?comment_id=17858409372681399,scraping_instagram,ange1ika82,Ya itulah cuma abis2in uang doang padahal sistem gak bagus
18111002107825779,2026-03-28T12:08:40+00:00,3,https://www.instagram.com/p/DWYrb4PEwZ-/,https://www.instagram.com/p/DWYrb4PEwZ-/?comment_id=18111002107825779,scraping_instagram,masmart9999,Haram isinya🔥
17915202846340576,2026-03-28T12:16:03+00:00,1,https://www.instagram.com/p/DWYrb4PEwZ-/,https://www.instagram.com/p/DWYrb4PEwZ-/?comment_id=17915202846340576,scraping_instagram,diannoveta,Iya kurang simple...bikin mumet...
18084542738364265,2026-03-28T10:21:14+00:00,1,https://www.instagram.com/p/DWYrb4PEwZ-/,https://www.instagram.com/p/DWYrb4PEwZ-/?comment_id=18084542738364265,scraping_instagram,t3uingpuyeng,"Gw gak hoax kan...karna hampir 95% pgawai dikantor gw tuh cuma kerja di 1 tempat, tapi kurang bayar semua dan kurangnya gede diatas 3 juta 😮😮😢😢😪"
18086069116996611,2026-03-28T02:09:41+00:00,1,https://www.instagram.com/p/DWYrb4PEwZ-/,https://www.instagram.com/p/DWYrb4PEwZ-/?comment_id=18086069116996611,scraping_instagram,yudindra11,KOMISI sdh terima duluan mrk
18110270806695902,2026-03-28T03:33:46+00:00,3,https://www.instagram.com/p/DWYrb4PEwZ-/,https://www.instagram.com/p/DWYrb4PEwZ-/?comment_id=18110270806695902,scraping_instagram,ssvtneuhnga,Kek gni mau kuasai e-commerce 😂
18097430945049437,2026-03-28T01:58:34+00:00,1,https://www.instagram.com/p/DWYrb4PEwZ-/,https://www.instagram.com/p/DWYrb4PEwZ-/?comment_id=18097430945049437,scraping_instagram,sinoopy06,Anggarannya berapa T sih buat coretax??
18094894414859403,2026-03-28T04:20:32+00:00,2,https://www.instagram.com/p/DWYrb4PEwZ-/,https://www.instagram.com/p/DWYrb4PEwZ-/?comment_id=18094894414859403,scraping_instagram,lisa_celine19,benerin lagi uang lagi?
18090720826918454,2026-03-27T23:04:41+00:00,1,https://www.instagram.com/p/DWYrb4PEwZ-/,https://www.instagram.com/p/DWYrb4PEwZ-/?comment_id=18090720826918454,scraping_instagram,de.arie466,Ruet harus bolak balik menu...
18096578200831760,2026-03-28T06:48:07+00:00,1,https://www.instagram.com/p/DWYrb4PEwZ-/,https://www.instagram.com/p/DWYrb4PEwZ-/?comment_id=18096578200831760,scraping_instagram,hi_nonawulan,Kangen E Faktur 😓
18089970730916996,2026-03-27T11:21:40+00:00,2,https://www.instagram.com/p/DWYrb4PEwZ-/,https://www.instagram.com/p/DWYrb4PEwZ-/?comment_id=18089970730916996,scraping_instagram,thio1047,DJP bilang lancar jandan aman😂😂😂...gam sinkron boss ama jajaran ???
18114623614737297,2026-03-28T01:34:53+00:00,1,https://www.instagram.com/p/DWYrb4PEwZ-/,https://www.instagram.com/p/DWYrb4PEwZ-/?comment_id=18114623614737297,scraping_instagram,budiono.prayogo.98,"Terimakasih Bapak PURBAYA,atas pengakuan Bapak, ini sudah cukup bagi kita WP yg stress,merasa ada yang mau memahami masalah kita.❤️❤️❤️❤️❤️"
18104492353968130,2026-05-07T05:14:52+00:00,0,https://www.instagram.com/p/DWYrb4PEwZ-/,https://www.instagram.com/p/DWYrb4PEwZ-/?comment_id=18104492353968130,scraping_instagram,aiiriia99,Perpindahan data dari DJP ke coretax aja seberantakan itu
18358822234225757,2026-04-24T07:11:13+00:00,0,https://www.instagram.com/p/DWYrb4PEwZ-/,https://www.instagram.com/p/DWYrb4PEwZ-/?comment_id=18358822234225757,scraping_instagram,afunggd,"Lapor spt tahunan malah kena tagih susulan 1jutaan,,daripada ribet,,lgsung bayar aj,,,malah ribet nanti kalo dimasalahin"
18120996316652013,2026-04-24T00:57:09+00:00,0,https://www.instagram.com/p/DWYrb4PEwZ-/,https://www.instagram.com/p/DWYrb4PEwZ-/?comment_id=18120996316652013,scraping_instagram,dewapalingngetop,Salah di kemenkeu kok rakyat yg dikorbankan ?
18214360381322125,2026-04-19T06:45:00+00:00,0,https://www.instagram.com/p/DWYrb4PEwZ-/,https://www.instagram.com/p/DWYrb4PEwZ-/?comment_id=18214360381322125,scraping_instagram,fauzisrf,KORUPSI.
18148183363466788,2026-04-18T09:24:09+00:00,0,https://www.instagram.com/p/DWYrb4PEwZ-/,https://www.instagram.com/p/DWYrb4PEwZ-/?comment_id=18148183363466788,scraping_instagram,rumah_kitanya,"Memang bingung anying.. bingung napa nyusahin rakyat, bingung napa hal Haraam dilaksanakan.. udah dzolim, disuruh lapor pulak.."
18079237358434393,2026-04-18T04:52:22+00:00,0,https://www.instagram.com/p/DWYrb4PEwZ-/,https://www.instagram.com/p/DWYrb4PEwZ-/?comment_id=18079237358434393,scraping_instagram,opirigasi_oopakisgdginfo,Betul sangat bingung kalau bisa ada buku panduan bagi yg awam pak
17947059368991604,2026-04-17T14:01:48+00:00,0,https://www.instagram.com/p/DWYrb4PEwZ-/,https://www.instagram.com/p/DWYrb4PEwZ-/?comment_id=17947059368991604,scraping_instagram,dan.strs,"Mau tanya dong, bukti potong gua kok ada pph21 ditanggung pemerintah... Mohon jawaban 😂"
17999251244876333,2026-04-16T16:59:43+00:00,0,https://www.instagram.com/p/DWYrb4PEwZ-/,https://www.instagram.com/p/DWYrb4PEwZ-/?comment_id=17999251244876333,scraping_instagram,irvan.simorangkir,Buat WP bingung Pak
18093355333924339,2026-04-16T11:06:25+00:00,0,https://www.instagram.com/p/DWYrb4PEwZ-/,https://www.instagram.com/p/DWYrb4PEwZ-/?comment_id=18093355333924339,scraping_instagram,kurniawansarianna,Pak bikin yg mdh dipahami jd byk yg lapor pajak nanti
18081390500149897,2026-04-16T08:46:18+00:00,0,https://www.instagram.com/p/DWYrb4PEwZ-/,https://www.instagram.com/p/DWYrb4PEwZ-/?comment_id=18081390500149897,scraping_instagram,y.h0n6,Jangan ganti lagi pak. Saya sdh familiar dgn coretax skg
18078339434152774,2026-04-16T08:25:32+00:00,0,https://www.instagram.com/p/DWYrb4PEwZ-/,https://www.instagram.com/p/DWYrb4PEwZ-/?comment_id=18078339434152774,scraping_instagram,ekanandariko,"Biar kembali manual,, untung nya kan di situ hehe"
18119024179568824,2026-04-16T05:42:39+00:00,0,https://www.instagram.com/p/DWYrb4PEwZ-/,https://www.instagram.com/p/DWYrb4PEwZ-/?comment_id=18119024179568824,scraping_instagram,nathael310,udah bayar pajak tinggi  di persulittt..udah itu engak ada fasilitas hari tuaaa......memang orang bilang negara kita terkorup nomor1
18578361643061629,2026-04-15T18:56:57+00:00,0,https://www.instagram.com/p/DWYrb4PEwZ-/,https://www.instagram.com/p/DWYrb4PEwZ-/?comment_id=18578361643061629,scraping_instagram,jayarahmadady,Coretax bikin Coreteks kita mumet
18433049602185603,2026-04-14T11:16:09+00:00,0,https://www.instagram.com/p/DWYrb4PEwZ-/,https://www.instagram.com/p/DWYrb4PEwZ-/?comment_id=18433049602185603,scraping_instagram,nathania_fan,Yg ptg jgn bolak balik ganti..kl ga beres perbaiki. Buat yg orang awam biasa pegang hp jg paham caranya.
17910922851369860,2026-04-14T10:04:56+00:00,0,https://www.instagram.com/p/DWYrb4PEwZ-/,https://www.instagram.com/p/DWYrb4PEwZ-/?comment_id=17910922851369860,scraping_instagram,kamaratih__kamajaya,🔥 DAN KURANG BAYARNYA BERLIPAT2 WAJIB PAJAK BUKAN ROMUSA NEGARA PAK... KAMI PUNYA KEBUTUHAN HIDUP... DAN KLRGA... 🔥
18294453463304410,2026-04-12T10:14:36+00:00,0,https://www.instagram.com/p/DWYrb4PEwZ-/,https://www.instagram.com/p/DWYrb4PEwZ-/?comment_id=18294453463304410,scraping_instagram,rambeomar,"Cuma utk menindas rakyat, mau diteruskan potensi masalah, stabilitas terganggu"
18095851504845522,2026-04-10T14:05:01+00:00,0,https://www.instagram.com/p/DWYrb4PEwZ-/,https://www.instagram.com/p/DWYrb4PEwZ-/?comment_id=18095851504845522,scraping_instagram,hary.haryarya,Gajelas makany gw blm lapor spt  biasanya hari pertama lsg lapor gapake lama
17942316249170841,2026-04-10T09:59:32+00:00,0,https://www.instagram.com/p/DWYrb4PEwZ-/,https://www.instagram.com/p/DWYrb4PEwZ-/?comment_id=17942316249170841,scraping_instagram,aryodharmakirty,Salah Total
18586740223020343,2026-04-10T00:29:01+00:00,1,https://www.instagram.com/p/DWYrb4PEwZ-/,https://www.instagram.com/p/DWYrb4PEwZ-/?comment_id=18586740223020343,scraping_instagram,beamtax_consulting,Matikan saja pak....balik ke djponline dan kembangkan fitur2 nya ..coretax cocok untuk tahun 3000 kali ya?
18371380219160151,2026-04-08T23:10:48+00:00,0,https://www.instagram.com/p/DWYrb4PEwZ-/,https://www.instagram.com/p/DWYrb4PEwZ-/?comment_id=18371380219160151,scraping_instagram,ris1259wan,Ptoyek aplikasi
18137924056509689,2026-04-08T16:40:47+00:00,0,https://www.instagram.com/p/DWYrb4PEwZ-/,https://www.instagram.com/p/DWYrb4PEwZ-/?comment_id=18137924056509689,scraping_instagram,ennywatirobert,"Mau hidup dijakarta uda susah kompetisi, ekonomi mundur, eh dijebak pake coretax lagi dan perijinan yg banyak siluman ya... Baiknya emang pindah  alam aja"
18094144661135497,2026-04-08T16:39:39+00:00,1,https://www.instagram.com/p/DWYrb4PEwZ-/,https://www.instagram.com/p/DWYrb4PEwZ-/?comment_id=18094144661135497,scraping_instagram,ennywatirobert,Konsultan aja bingung... Saya aja bingung... Apalagi org gaptek org awam... Ganti model djp online aja kek dulu mendingan
17954578293116034,2026-04-07T13:50:57+00:00,0,https://www.instagram.com/p/DWYrb4PEwZ-/,https://www.instagram.com/p/DWYrb4PEwZ-/?comment_id=17954578293116034,scraping_instagram,foemargaretha,"Coretax pusing 7keliling, bikin stress , bikin kagak beres semua"
18097481137839596,2026-04-05T20:56:54+00:00,1,https://www.instagram.com/p/DWYrb4PEwZ-/,https://www.instagram.com/p/DWYrb4PEwZ-/?comment_id=18097481137839596,scraping_instagram,arkan3227,Suatu mitigasi yg keliru donk Pak
18097085321090530,2026-04-05T10:43:40+00:00,1,https://www.instagram.com/p/DWYrb4PEwZ-/,https://www.instagram.com/p/DWYrb4PEwZ-/?comment_id=18097085321090530,scraping_instagram,irwanhidayat946,"Pak Purbaya, kembalikan saja ke system lama..."
18087631223462851,2026-04-05T06:28:43+00:00,2,https://www.instagram.com/p/DWYrb4PEwZ-/,https://www.instagram.com/p/DWYrb4PEwZ-/?comment_id=18087631223462851,scraping_instagram,hendrea_tan,Bolak balik isi 3 hr  ngak clear... Dah ikutin tutor youtube dan web. Sampe skrg binggung g... Login aja 3 jam baru masuk.. Hadehh...
18047291132556148,2026-04-04T12:03:34+00:00,2,https://www.instagram.com/p/DWYrb4PEwZ-/,https://www.instagram.com/p/DWYrb4PEwZ-/?comment_id=18047291132556148,scraping_instagram,fatinafm_213,"Jika blm sempurna knp harus di publikasikan pak???? Udah fix jelas n benar baru luncurkan, gimana seh, sistem. Nya error, sementara WP di paksa laporkan, giliran salah karena sistem eh kena denda dll"
18387294184083269,2026-04-04T01:56:55+00:00,1,https://www.instagram.com/p/DWYrb4PEwZ-/,https://www.instagram.com/p/DWYrb4PEwZ-/?comment_id=18387294184083269,scraping_instagram,rahmadhrp24,Udah gak bagus mahal pula lagi….usut dan investigasi….buatnya pake uang rakyat itu
18113670718670604,2026-04-03T12:50:37+00:00,1,https://www.instagram.com/p/DWYrb4PEwZ-/,https://www.instagram.com/p/DWYrb4PEwZ-/?comment_id=18113670718670604,scraping_instagram,elva_zhuang,Akhirnya tau juga rasa nya jd wp
18088254623594066,2026-04-03T12:35:18+00:00,1,https://www.instagram.com/p/DWYrb4PEwZ-/,https://www.instagram.com/p/DWYrb4PEwZ-/?comment_id=18088254623594066,scraping_instagram,wwayulo,"500 jt melayang msh di kejar juga,  gue tutup usahanya,  biar mereka engga dapat duit"
18206471917334265,2026-04-03T07:48:05+00:00,1,https://www.instagram.com/p/DWYrb4PEwZ-/,https://www.instagram.com/p/DWYrb4PEwZ-/?comment_id=18206471917334265,scraping_instagram,ratnarafaella8,"Mau bayarcpajak aha , DIPERSULIT."
18095121425120258,2026-04-03T07:25:22+00:00,1,https://www.instagram.com/p/DWYrb4PEwZ-/,https://www.instagram.com/p/DWYrb4PEwZ-/?comment_id=18095121425120258,scraping_instagram,aika_sukamanja,gimana habis rausan milyar
18077481002415320,2026-04-03T06:32:47+00:00,1,https://www.instagram.com/p/DWYrb4PEwZ-/,https://www.instagram.com/p/DWYrb4PEwZ-/?comment_id=18077481002415320,scraping_instagram,jokosamudra123,"Usut dong pak pasti dikorupsi itu, Periksa Dirjen dan SM"
18001710656876328,2026-04-03T04:03:46+00:00,0,https://www.instagram.com/p/DWYrb4PEwZ-/,https://www.instagram.com/p/DWYrb4PEwZ-/?comment_id=18001710656876328,scraping_instagram,iman_asali,"Kalau cuman upgrade DJP terlalu murah ,sustem pemerintah harus mahal tidak seperti warung di kampung 🤭🤭😁"
18094476145879459,2026-04-03T02:03:09+00:00,1,https://www.instagram.com/p/DWYrb4PEwZ-/,https://www.instagram.com/p/DWYrb4PEwZ-/?comment_id=18094476145879459,scraping_instagram,hartojo_moestiko,Kalau bisa di persulit masak di permudah. Kalau sudah sulit akhirnya tidak terlapor dan DENDA. Lumayan dapat tambahan biaya untuk di gelapin lagi. Kerena kan?😂😂😂
18094395368324042,2026-04-02T15:26:12+00:00,0,https://www.instagram.com/p/DWYrb4PEwZ-/,https://www.instagram.com/p/DWYrb4PEwZ-/?comment_id=18094395368324042,scraping_instagram,handoyo5434,"Laah di awal sudah salah design, terus kenapa masih di pakai"
18060011756422475,2026-04-02T14:15:26+00:00,0,https://www.instagram.com/p/DWYrb4PEwZ-/,https://www.instagram.com/p/DWYrb4PEwZ-/?comment_id=18060011756422475,scraping_instagram,rejaart,"hari ini tgl 02 april terpantau error, spt badan : bukti potong pph tidak bisa memilih jenis pajak: hanya ada opsi nilao LB😂"
18176175988386756,2026-04-02T13:31:09+00:00,0,https://www.instagram.com/p/DWYrb4PEwZ-/,https://www.instagram.com/p/DWYrb4PEwZ-/?comment_id=18176175988386756,scraping_instagram,oensugiharto,"Hahahha... Kalian yg salah, kita yg tanggung pajaknya klu diperiksa"
17989809677954356,2026-04-02T12:24:32+00:00,1,https://www.instagram.com/p/DWYrb4PEwZ-/,https://www.instagram.com/p/DWYrb4PEwZ-/?comment_id=17989809677954356,scraping_instagram,h4n1994,BCA dengan mudahnya membuat 2 versi mobile banking masing2 beda target pengguna.. semua hanya soal mindset
18092666861275218,2026-04-02T12:07:52+00:00,0,https://www.instagram.com/p/DWYrb4PEwZ-/,https://www.instagram.com/p/DWYrb4PEwZ-/?comment_id=18092666861275218,scraping_instagram,tmynugro,@kejaksaan.ri ini tolong dibantu pak purbaya ya.
18084815672600514,2026-04-02T10:09:45+00:00,0,https://www.instagram.com/p/DWYrb4PEwZ-/,https://www.instagram.com/p/DWYrb4PEwZ-/?comment_id=18084815672600514,scraping_instagram,tampubolonrosline,Yg lama sdh bagus diganti mana mahal biayanya eror pula ....cek siapa penggahasnya
18108637360867932,2026-04-02T10:06:26+00:00,0,https://www.instagram.com/p/DWYrb4PEwZ-/,https://www.instagram.com/p/DWYrb4PEwZ-/?comment_id=18108637360867932,scraping_instagram,mtan719,"Bukan salah desain memang di sengaja in , harus di pecat semua sampai atasan ( good job purbaya )"
17969826398881622,2026-04-02T06:23:10+00:00,1,https://www.instagram.com/p/DWYrb4PEwZ-/,https://www.instagram.com/p/DWYrb4PEwZ-/?comment_id=17969826398881622,scraping_instagram,dedisudradjat,Kock disain disalahkan....kocak amat. Dulu yg minta dan kasih order gimana?
17910266367184603,2026-04-02T04:29:44+00:00,1,https://www.instagram.com/p/DWYrb4PEwZ-/,https://www.instagram.com/p/DWYrb4PEwZ-/?comment_id=17910266367184603,scraping_instagram,rohityo1309,"Iya nih, bikin pusing, katanya serba online , tapi banyak kendalanya, dan ujung2nya ke KPP lagi, eh pas sampe KPP tetep aja Online , kita yang mau ngasih duit buat pajak kok ribet amat ya,"
18094476800471334,2026-04-02T04:00:55+00:00,1,https://www.instagram.com/p/DWYrb4PEwZ-/,https://www.instagram.com/p/DWYrb4PEwZ-/?comment_id=18094476800471334,scraping_instagram,sekarwigati_,"bukan salah design pak, jujur saya sebagai wp ini cretax merasa tidak berguna , kembalikan djp-kuh."
17984450678797966,2026-04-02T02:58:59+00:00,1,https://www.instagram.com/p/DWYrb4PEwZ-/,https://www.instagram.com/p/DWYrb4PEwZ-/?comment_id=17984450678797966,scraping_instagram,fruity_cool,Asli. Bnr
18070289354281906,2026-04-02T00:51:23+00:00,0,https://www.instagram.com/p/DWYrb4PEwZ-/,https://www.instagram.com/p/DWYrb4PEwZ-/?comment_id=18070289354281906,scraping_instagram,oely_az,"Lah baru sadar pak?dah opsi pilihan ribet. . . Sering freeze/stuck and sering force log out. . . . User friendly ""0"". ."
18117234208658085,2026-04-01T22:57:20+00:00,0,https://www.instagram.com/p/DWYrb4PEwZ-/,https://www.instagram.com/p/DWYrb4PEwZ-/?comment_id=18117234208658085,scraping_instagram,sahrumberu,"Coretax sdh bagus semua data bisa input.saya curiga ada pesaing coretax yang menjadi penyeimbang,ujung ujungnya sedikit potongan,pemalakan pajak rakyat meningkat, siapa pelakunya? Jawabanya ada di keputusan pak Purbaya."
17919603672318061,2026-04-01T21:52:07+00:00,0,https://www.instagram.com/p/DWYrb4PEwZ-/,https://www.instagram.com/p/DWYrb4PEwZ-/?comment_id=17919603672318061,scraping_instagram,gedesukarta,Sangat bingung kok ada tagihan dari nama orang itu dan statusnya PBs dan di BjS di banyak wajib pajak  Sontoloyi
18078255626572998,2026-04-01T16:34:29+00:00,0,https://www.instagram.com/p/DWYrb4PEwZ-/,https://www.instagram.com/p/DWYrb4PEwZ-/?comment_id=18078255626572998,scraping_instagram,herawatihusein,Batalkan aja Pa aplikasi nyusahin rakyat
18049917659713991,2026-04-01T16:33:10+00:00,0,https://www.instagram.com/p/DWYrb4PEwZ-/,https://www.instagram.com/p/DWYrb4PEwZ-/?comment_id=18049917659713991,scraping_instagram,herawatihusein,Betul Pa ini Dzalim terhadap .. Periksa Mulyani dan Mulyono Pa
18078088457148567,2026-04-01T14:55:47+00:00,0,https://www.instagram.com/p/DWYrb4PEwZ-/,https://www.instagram.com/p/DWYrb4PEwZ-/?comment_id=18078088457148567,scraping_instagram,yoga_gnjoters,"kita bayar, DJP yang harus lapor harusnya"
18200314444337216,2026-04-01T13:49:00+00:00,0,https://www.instagram.com/p/DWYrb4PEwZ-/,https://www.instagram.com/p/DWYrb4PEwZ-/?comment_id=18200314444337216,scraping_instagram,silvyshaliana,"Indonesia itu rajin bikin web dan aplikasi..Tahun deoan ganti lagi karena ganti pimpinan. Yang kelimpungan bukan hanya rakyat, pegawainya juga . Tapi ada orang -orang yang diuntungkan dengan gonta-gantinya aplikasi dan sistem. Karena membuatnya nggak murah. Millyaran..."
17978611901832716,2026-04-01T12:41:30+00:00,0,https://www.instagram.com/p/DWYrb4PEwZ-/,https://www.instagram.com/p/DWYrb4PEwZ-/?comment_id=17978611901832716,scraping_instagram,janti735,Bukan sengaja bikin wp salah isi? Bikin jebakan?
17890170378329274,2026-04-01T09:38:53+00:00,0,https://www.instagram.com/p/DWYrb4PEwZ-/,https://www.instagram.com/p/DWYrb4PEwZ-/?comment_id=17890170378329274,scraping_instagram,bethseptisia,Mknya pak….kl blm siap jgnlah kita yg dipaksa utk menggunakan….kocak
18001997498884383,2026-04-01T09:17:17+00:00,0,https://www.instagram.com/p/DWYrb4PEwZ-/,https://www.instagram.com/p/DWYrb4PEwZ-/?comment_id=18001997498884383,scraping_instagram,yudisarjono,Lah petugas pajaknya aja bingung kadang...jawabannya cuma iti dr pusat pak..😂😂
18077590601428619,2026-04-01T08:24:28+00:00,1,https://www.instagram.com/p/DWYrb4PEwZ-/,https://www.instagram.com/p/DWYrb4PEwZ-/?comment_id=18077590601428619,scraping_instagram,alextanusenjaya,Memang ribet
17865120429666437,2026-04-01T07:55:24+00:00,10,https://www.instagram.com/p/DWYrb4PEwZ-/,https://www.instagram.com/p/DWYrb4PEwZ-/?comment_id=17865120429666437,scraping_instagram,buyexro,"Kalo blh berpendapat mah NPWP jd ""Jebakan Batman""  bagi rakyat.  Saat rakyat sulit mencari kerja/usaha dibiarkan berfikir sendir, tp ... Stlh rakyat memiliki pekerjaan/usaha negara masuk utk memeras.  Dimana match nya dgn konsep mensejahterakan rakyat???......."
18072791699219629,2026-04-01T07:31:16+00:00,1,https://www.instagram.com/p/DWYrb4PEwZ-/,https://www.instagram.com/p/DWYrb4PEwZ-/?comment_id=18072791699219629,scraping_instagram,rudy.salim.3760,"Kalo gak layak pakai, jgn diteruskan. Ini kerjaan oknum yg mau nyari untung sendiri."
18432484669188177,2026-04-01T06:32:59+00:00,0,https://www.instagram.com/p/DWYrb4PEwZ-/,https://www.instagram.com/p/DWYrb4PEwZ-/?comment_id=18432484669188177,scraping_instagram,dotiex,Lagi² rakyat yg imbas repot.. padahal kita yg bayar² segala macam yaa...
18009064418696557,2026-04-01T05:33:33+00:00,0,https://www.instagram.com/p/DWYrb4PEwZ-/,https://www.instagram.com/p/DWYrb4PEwZ-/?comment_id=18009064418696557,scraping_instagram,alizenal.abidin.5,"Baru aja selesai dr kpp pas ksana d bantu baru bisa g sampe 10 menit,knp kmren kmren gagal terus padahal udah sesuai tutorial nya"
18119117665730087,2026-04-01T03:22:34+00:00,0,https://www.instagram.com/p/DWYrb4PEwZ-/,https://www.instagram.com/p/DWYrb4PEwZ-/?comment_id=18119117665730087,scraping_instagram,arisjogya24,Tanbah bingung
18153876556456683,2026-04-01T02:20:48+00:00,0,https://www.instagram.com/p/DWYrb4PEwZ-/,https://www.instagram.com/p/DWYrb4PEwZ-/?comment_id=18153876556456683,scraping_instagram,bit.wahyu.d,Masyarakat pusing. Developer makin pusing😂😂😂
18114100852676512,2026-04-01T01:46:20+00:00,0,https://www.instagram.com/p/DWYrb4PEwZ-/,https://www.instagram.com/p/DWYrb4PEwZ-/?comment_id=18114100852676512,scraping_instagram,noceng,Terus lapor spt-nya gimana kalau program / sistemnya belum mature?
18097750366989067,2026-04-01T00:32:22+00:00,1,https://www.instagram.com/p/DWYrb4PEwZ-/,https://www.instagram.com/p/DWYrb4PEwZ-/?comment_id=18097750366989067,scraping_instagram,aant_theman,Kirain saya yg ngga ngerti 😂
17873529528457892,2026-04-01T00:00:45+00:00,0,https://www.instagram.com/p/DWYrb4PEwZ-/,https://www.instagram.com/p/DWYrb4PEwZ-/?comment_id=17873529528457892,scraping_instagram,theresia_pramesthy,ga usah lapor aja pak wkwkwkwk bpak bingung apalgi saya wkwkwk
18070531676271390,2026-03-31T23:59:31+00:00,0,https://www.instagram.com/p/DWYrb4PEwZ-/,https://www.instagram.com/p/DWYrb4PEwZ-/?comment_id=18070531676271390,scraping_instagram,sigit.b.prabowo.3,User experience berdasarkan keluhan yang ditampung akan menyempurnakan user interface dan coding yang dibutuhkan @purbayayudhi.official
18085726076017967,2026-03-31T23:39:56+00:00,0,https://www.instagram.com/p/DWYrb4PEwZ-/,https://www.instagram.com/p/DWYrb4PEwZ-/?comment_id=18085726076017967,scraping_instagram,widoyoyok,Coretax sebenarnya sudah sukses kok... sukses bikin pusing WP😂😂
17956308588092919,2026-03-31T22:13:19+00:00,0,https://www.instagram.com/p/DWYrb4PEwZ-/,https://www.instagram.com/p/DWYrb4PEwZ-/?comment_id=17956308588092919,scraping_instagram,sumari254,Ya sieh sdh bayar pajak kok. Disuruh lapor fg macam2.
18121544851720904,2026-03-31T21:07:50+00:00,0,https://www.instagram.com/p/DWYrb4PEwZ-/,https://www.instagram.com/p/DWYrb4PEwZ-/?comment_id=18121544851720904,scraping_instagram,nayu62287,Jangan ngomong Pak Menteri  Anda punya kewenangan membenahi
18098481415957804,2026-03-31T16:14:44+00:00,0,https://www.instagram.com/p/DWYrb4PEwZ-/,https://www.instagram.com/p/DWYrb4PEwZ-/?comment_id=18098481415957804,scraping_instagram,gbrl_allen,Tanggung jawab yg katanya si paling ekonom kelas dunia
18263503717295254,2026-03-31T15:28:19+00:00,4,https://www.instagram.com/p/DWYrb4PEwZ-/,https://www.instagram.com/p/DWYrb4PEwZ-/?comment_id=18263503717295254,scraping_instagram,sunny_tsuyoshi,"Lbh mudah yg seblm coretax. Yg ini dibuat macam rakyat paham dgn perpajakan dan bahasa2 pajaknya. Krn tdk paham salah mengerti ujungnya salah isi dan jd dipermasalahkan, kacau deh. Mau lapor di bikin puyeng, ribet, nyusahin rakyat aja."
18343143181244509,2026-03-31T13:03:51+00:00,0,https://www.instagram.com/p/DWYrb4PEwZ-/,https://www.instagram.com/p/DWYrb4PEwZ-/?comment_id=18343143181244509,scraping_instagram,emistamto,Mau menertipkan orang besar yg kecil k imbas..klu d hitung2 kekayaan oramg kecil gak myampai 500.jt..klu d total..mau nya ada tingkatan la sekelas eselon..pengusaha
17990316860952535,2026-03-31T12:41:59+00:00,1,https://www.instagram.com/p/DWYrb4PEwZ-/,https://www.instagram.com/p/DWYrb4PEwZ-/?comment_id=17990316860952535,scraping_instagram,gamalthaib,"Coretax menyusahkan, menjebak, gak 100% connect ke data WP yg tersedia di DJPonline... lebih mudah DJPOnline ..... WP jadi susah mau lapor SPT @purbayayudhi.official . Balik ke DJP online saja"
18093420971156828,2026-03-31T11:53:33+00:00,0,https://www.instagram.com/p/DWYrb4PEwZ-/,https://www.instagram.com/p/DWYrb4PEwZ-/?comment_id=18093420971156828,scraping_instagram,foentoro,"Menurut keyakinan saya, kalau sudah Salah buat. Lebih baik buat baru sekalian dengan program E-KTP dengan sistem chip advance"
17887423428349454,2026-03-31T11:23:08+00:00,0,https://www.instagram.com/p/DWYrb4PEwZ-/,https://www.instagram.com/p/DWYrb4PEwZ-/?comment_id=17887423428349454,scraping_instagram,rafaelros05,Better DJP daripada cortax
18108505273832340,2026-03-31T10:32:23+00:00,0,https://www.instagram.com/p/DWYrb4PEwZ-/,https://www.instagram.com/p/DWYrb4PEwZ-/?comment_id=18108505273832340,scraping_instagram,agus_widiya,"Budget 2T, ga diperiksa yg buat sistem? Nadiem ajah langsung di tangkep"
18086829443360653,2026-03-31T10:30:33+00:00,0,https://www.instagram.com/p/DWYrb4PEwZ-/,https://www.instagram.com/p/DWYrb4PEwZ-/?comment_id=18086829443360653,scraping_instagram,sugiartojoyodhiko,Sudah ada yang mengeluh tentang copetex
18081190433414493,2026-03-31T10:12:00+00:00,0,https://www.instagram.com/p/DWYrb4PEwZ-/,https://www.instagram.com/p/DWYrb4PEwZ-/?comment_id=18081190433414493,scraping_instagram,akhwan,"bikin format excel aj, membagongkan semua app pajak"
17867823960599673,2026-03-31T09:47:53+00:00,0,https://www.instagram.com/p/DWYrb4PEwZ-/,https://www.instagram.com/p/DWYrb4PEwZ-/?comment_id=17867823960599673,scraping_instagram,shockhermawan,"Iya pak Corefak, eh.. Coretax selalu membingungkan dr dulu"
17859995337654026,2026-03-31T09:38:56+00:00,0,https://www.instagram.com/p/DWYrb4PEwZ-/,https://www.instagram.com/p/DWYrb4PEwZ-/?comment_id=17859995337654026,scraping_instagram,edi_susanto1990,Harusnya diuji dulu tingkat efektivitas dan praktikalitasnya. Setelah itu baru diimplementasikan.
18101983624742089,2026-03-31T09:11:54+00:00,0,https://www.instagram.com/p/DWYrb4PEwZ-/,https://www.instagram.com/p/DWYrb4PEwZ-/?comment_id=18101983624742089,scraping_instagram,wiwienwinarto,Membuat bingung rakyat
18345284740244046,2026-03-31T06:37:12+00:00,0,https://www.instagram.com/p/DWYrb4PEwZ-/,https://www.instagram.com/p/DWYrb4PEwZ-/?comment_id=18345284740244046,scraping_instagram,d.irw,Harusnya setiap perubahan apliasi juga di dukung dengan pembebasan denda dan bunga  selagi aplikasi menyusahkan wajib pajak dalam pemakaiannya. Jangan tutup mata.
18068379332663558,2026-03-31T06:26:39+00:00,0,https://www.instagram.com/p/DWYrb4PEwZ-/,https://www.instagram.com/p/DWYrb4PEwZ-/?comment_id=18068379332663558,scraping_instagram,d.irw,"Coretax dibuat oleh orang2 pintar, yg. memakai orang2 awam. dipaksa untuk mengikuti orang pintar.jadi yg. bodoh siapa?"
18071383430247212,2026-03-31T04:31:07+00:00,4,https://www.instagram.com/p/DWYrb4PEwZ-/,https://www.instagram.com/p/DWYrb4PEwZ-/?comment_id=18071383430247212,scraping_instagram,silviteo,Lapor SPT lebih bayar terus tp jumlahnya beda2 😂 gw ikhlas duit gw gak dikembaliin tp bs ga petugas pajak ga usah tlpn2 mempersulit hidup gw??
17863596900614181,2026-03-31T04:05:46+00:00,2,https://www.instagram.com/p/DWYrb4PEwZ-/,https://www.instagram.com/p/DWYrb4PEwZ-/?comment_id=17863596900614181,scraping_instagram,rztgg77,Setuju …menyusahkan wajib pajak
17947448069982136,2026-03-31T04:01:00+00:00,1,https://www.instagram.com/p/DWYrb4PEwZ-/,https://www.instagram.com/p/DWYrb4PEwZ-/?comment_id=17947448069982136,scraping_instagram,kosasihantony,"Sebaiknya di desain ulang , kemudian setelah benar br diaplikasi secara luas ......Kemudian ketahuan klo ada vendor²/ oknum² nakal ....."
17857085508683453,2026-03-31T03:36:15+00:00,2,https://www.instagram.com/p/DWYrb4PEwZ-/,https://www.instagram.com/p/DWYrb4PEwZ-/?comment_id=17857085508683453,scraping_instagram,honggosetyawan,"Bukna salah design pak. Emang ga kapable yg bikinnya, kebnayakan data yg diminta bikin pusing. Mahal lagi bikinnya sampai T. Harus diusut nih coretax ini"
17904686706225409,2026-03-31T03:06:28+00:00,2,https://www.instagram.com/p/DWYrb4PEwZ-/,https://www.instagram.com/p/DWYrb4PEwZ-/?comment_id=17904686706225409,scraping_instagram,donnyds,emang sich kita juga bingung
18101406530292785,2026-03-31T02:19:50+00:00,0,https://www.instagram.com/p/DWYrb4PEwZ-/,https://www.instagram.com/p/DWYrb4PEwZ-/?comment_id=18101406530292785,scraping_instagram,___fsblllha___,Orang2 dipajakin kalau nanya uangnya kemana jawabnya cuman pokoknyak adak
17852638839642410,2026-03-31T02:01:30+00:00,0,https://www.instagram.com/p/DWYrb4PEwZ-/,https://www.instagram.com/p/DWYrb4PEwZ-/?comment_id=17852638839642410,scraping_instagram,m.shtg23,"dari awal juga kan rame2 udah pada curhat kalo coretax itu gak friendly user, tapi curhatannya cuma dianggap angin lewat aja,, padahal udah enak pake e-form..."
18105636766718739,2026-03-31T00:55:57+00:00,0,https://www.instagram.com/p/DWYrb4PEwZ-/,https://www.instagram.com/p/DWYrb4PEwZ-/?comment_id=18105636766718739,scraping_instagram,nini_6539,Di samsat juga dibikin bingung jika tak bayar lebih
17907136059382216,2026-03-31T00:10:14+00:00,0,https://www.instagram.com/p/DWYrb4PEwZ-/,https://www.instagram.com/p/DWYrb4PEwZ-/?comment_id=17907136059382216,scraping_instagram,rama06_ramcexz,Bukan aplikasinya yang perlu disempurnakan...... tapi staf kemenkeu yg perlu di *REHAB TOTAL......*
18112785565705972,2026-03-31T00:09:16+00:00,0,https://www.instagram.com/p/DWYrb4PEwZ-/,https://www.instagram.com/p/DWYrb4PEwZ-/?comment_id=18112785565705972,scraping_instagram,sonni_hasyan,Ribetnya mau inilah gannn
18441215764117889,2026-03-30T23:56:17+00:00,0,https://www.instagram.com/p/DWYrb4PEwZ-/,https://www.instagram.com/p/DWYrb4PEwZ-/?comment_id=18441215764117889,scraping_instagram,damianusdinta,gunakan bahasa dan ilustrasi yang mudah dipahami oleh wajib pajak.. ui nya juga dibuat menarik lah.
18579214129001372,2026-03-30T18:28:40+00:00,0,https://www.instagram.com/p/DWYrb4PEwZ-/,https://www.instagram.com/p/DWYrb4PEwZ-/?comment_id=18579214129001372,scraping_instagram,boiraquaman,Ribet jadi males lapor pajak
17865246171663583,2026-03-30T17:07:00+00:00,0,https://www.instagram.com/p/DWYrb4PEwZ-/,https://www.instagram.com/p/DWYrb4PEwZ-/?comment_id=17865246171663583,scraping_instagram,_ode.ahmad_,"Data WNI diserahkan ke Amerika, aplikasinya dungu lagi.."
18146588155473775,2026-03-30T16:57:15+00:00,0,https://www.instagram.com/p/DWYrb4PEwZ-/,https://www.instagram.com/p/DWYrb4PEwZ-/?comment_id=18146588155473775,scraping_instagram,weldysuluh,"Pak @purbayayudhi.official tolong dong dibuat kebijakan. Pemerintah ini kita ini kan Banci, kalah sama kebijakan pengusaha. Yg kerja jd pegawai swasta bapak tau sendiri capenya kaya apa? Kita ini mesin ekonomi negara pak, tp setidaknya kita jgn diberatin, udah potong pph, perusahaan lapor pajak, kita juga harus lapor... Masa iya kudu dobel², terus anak buah bapak kerjanya ngapain???"
18001096328860516,2026-03-30T16:46:00+00:00,0,https://www.instagram.com/p/DWYrb4PEwZ-/,https://www.instagram.com/p/DWYrb4PEwZ-/?comment_id=18001096328860516,scraping_instagram,abizarajadeh,mau tau cara cepatnya ? hapus pajak jadi ga perlu hitung isi lapor bayar upload. terus anggaran dibebankan pakai tarif listrik dan bensin berlipat. dirjen pajak dihapus deh.
18111605842763646,2026-03-30T15:56:23+00:00,0,https://www.instagram.com/p/DWYrb4PEwZ-/,https://www.instagram.com/p/DWYrb4PEwZ-/?comment_id=18111605842763646,scraping_instagram,achmadali1398,"Kalau sdh gini g mn pak...bukanya sistemnya tambah gampang ribet buat rakyat, ujung2nya main DENDA, pajak bikin pusing..pusingg"
18102852106904335,2026-03-30T15:55:09+00:00,0,https://www.instagram.com/p/DWYrb4PEwZ-/,https://www.instagram.com/p/DWYrb4PEwZ-/?comment_id=18102852106904335,scraping_instagram,machmoud73,Blm juga bisa laporan udah dipotong aja dari gaji🔥🔥
17941344588161065,2026-03-30T15:43:36+00:00,0,https://www.instagram.com/p/DWYrb4PEwZ-/,https://www.instagram.com/p/DWYrb4PEwZ-/?comment_id=17941344588161065,scraping_instagram,hasjuardi.tenard,Buang buang anggaran...berapa T itu buat coretax...panggil Sri mulyani
18433951369136722,2026-03-30T15:26:52+00:00,0,https://www.instagram.com/p/DWYrb4PEwZ-/,https://www.instagram.com/p/DWYrb4PEwZ-/?comment_id=18433951369136722,scraping_instagram,asef_alishahbana,TRILIUNAN ini loh 🔥
18006398231896486,2026-03-30T15:08:24+00:00,0,https://www.instagram.com/p/DWYrb4PEwZ-/,https://www.instagram.com/p/DWYrb4PEwZ-/?comment_id=18006398231896486,scraping_instagram,n790l_4n0n1m3,Nga usah lapor aja ngga sih kan udh di Potong tiap bulanya
18118006225632457,2026-03-30T15:07:07+00:00,0,https://www.instagram.com/p/DWYrb4PEwZ-/,https://www.instagram.com/p/DWYrb4PEwZ-/?comment_id=18118006225632457,scraping_instagram,ystiti96,Aturannya 1 tp begitu turun kebawah penjelasannya beda2. KPP aja bingung apalagi kita. 😢
18071191121265733,2026-03-30T15:05:23+00:00,0,https://www.instagram.com/p/DWYrb4PEwZ-/,https://www.instagram.com/p/DWYrb4PEwZ-/?comment_id=18071191121265733,scraping_instagram,iskw121,Bikin pusing pak. ...mau masuk aja password salah Mulu padahal sudah tekan yg bener Coretaxnya yg error
18063513710361393,2026-03-30T14:45:07+00:00,0,https://www.instagram.com/p/DWYrb4PEwZ-/,https://www.instagram.com/p/DWYrb4PEwZ-/?comment_id=18063513710361393,scraping_instagram,29.9569,"7 th selalu lapor pajak, gapernah kesusahan, baru tahun ini aja"
18144679342488788,2026-03-30T14:39:04+00:00,0,https://www.instagram.com/p/DWYrb4PEwZ-/,https://www.instagram.com/p/DWYrb4PEwZ-/?comment_id=18144679342488788,scraping_instagram,tunas_mitra_mart,"Dan di coretax, konsep Dan isian SPT sudah lengkap, tetapi tidak ada tombol untuk submit laporan, sehingga gagal mendapatkan kode billing pembayaran. Sementara pembina di DJP kurang menguasai trouble shooting yg tetjadi. Jadi sama2 bingung."
18124626481600872,2026-03-30T14:37:10+00:00,0,https://www.instagram.com/p/DWYrb4PEwZ-/,https://www.instagram.com/p/DWYrb4PEwZ-/?comment_id=18124626481600872,scraping_instagram,tunas_mitra_mart,Ada kalimat: returnsheet. Coba artikan! Membingungkan.
17976813749841031,2026-03-30T14:36:29+00:00,0,https://www.instagram.com/p/DWYrb4PEwZ-/,https://www.instagram.com/p/DWYrb4PEwZ-/?comment_id=17976813749841031,scraping_instagram,tunas_mitra_mart,"Bahasa, kata, singkatan dan kalimatnya tingkat tinggi, sehingga sulit untuk dipahami."
17857648326628274,2026-03-30T14:24:20+00:00,0,https://www.instagram.com/p/DWYrb4PEwZ-/,https://www.instagram.com/p/DWYrb4PEwZ-/?comment_id=17857648326628274,scraping_instagram,abbasygarage88,Saya gk jadi lapor..bikin konsep nihil..malah kurang bayar..
18316363558283039,2026-03-30T14:18:19+00:00,0,https://www.instagram.com/p/DWYrb4PEwZ-/,https://www.instagram.com/p/DWYrb4PEwZ-/?comment_id=18316363558283039,scraping_instagram,agusbudipranata,"Saya yg sarjana aja pusing bacanya 😂, apalagi ortu yg tamat esde, bingung saya yg goblok atau pemerintah yg sengja rumit🔥"
18093237547882579,2026-03-30T14:15:35+00:00,0,https://www.instagram.com/p/DWYrb4PEwZ-/,https://www.instagram.com/p/DWYrb4PEwZ-/?comment_id=18093237547882579,scraping_instagram,imam.fdh,"1,3 Triliun itu angka yg fantastis untuk sebuah 'error' yg konsisten. Rakyat disuruh tertib pajak, tapi sistemnya malah hobi 'maintenance'. Bayar mahal buat kemudahan, kok malah dapet kerumitan? Akuntabilitasnya jangan ikut2an loading dong! 🤡💸 
#Coretax 
#PajakKita 
#AuditAnggaran"
17950008507116143,2026-03-30T14:08:35+00:00,0,https://www.instagram.com/p/DWYrb4PEwZ-/,https://www.instagram.com/p/DWYrb4PEwZ-/?comment_id=17950008507116143,scraping_instagram,liyaelihu,Haaaaa 😮salah design????? Apaan sih????🔥
18038894720603239,2026-03-30T13:55:35+00:00,0,https://www.instagram.com/p/DWYrb4PEwZ-/,https://www.instagram.com/p/DWYrb4PEwZ-/?comment_id=18038894720603239,scraping_instagram,ujebdrd,Tukinnya besar... efeknya juga besar
18355587544227520,2026-03-30T13:27:20+00:00,0,https://www.instagram.com/p/DWYrb4PEwZ-/,https://www.instagram.com/p/DWYrb4PEwZ-/?comment_id=18355587544227520,scraping_instagram,nopijoe58,Mau buat laporan spt aja gak bisa masuk web site nya. Nggak lebih baik pakai dpj online yang lama dulu aja.
18078368627121208,2026-03-30T13:16:08+00:00,0,https://www.instagram.com/p/DWYrb4PEwZ-/,https://www.instagram.com/p/DWYrb4PEwZ-/?comment_id=18078368627121208,scraping_instagram,aqualynx_id,"Dulu teman saya yang kuliah di desain diberi nasehat gini sama dosennya, ""Kalau kalian bikin desain atau sistem desain dan masih harus bikin video untuk menerangkan desain atau sistemmu berarti kamu GAGAL."" Saya rasa sama halnya dengan web dan sejenisnya, karena zaman sekarang banyak orang tua yang tidak bisa mengoperasikannya sendiri"
18092875817169839,2026-03-30T13:16:07+00:00,0,https://www.instagram.com/p/DWYrb4PEwZ-/,https://www.instagram.com/p/DWYrb4PEwZ-/?comment_id=18092875817169839,scraping_instagram,mimie_maniz,"Termasuk saya pak. Ribeeetttt. Segala harus ke dukcapil revisi KK segala, hadehh."
17887033743354220,2026-03-30T12:55:34+00:00,0,https://www.instagram.com/p/DWYrb4PEwZ-/,https://www.instagram.com/p/DWYrb4PEwZ-/?comment_id=17887033743354220,scraping_instagram,amigo22.garage,"Susah mau masuk nya juga ,ribet mau lapor pajak ,knp ngga org pajak sensus langsung ke rumah2"
18440393227115096,2026-03-30T12:24:44+00:00,0,https://www.instagram.com/p/DWYrb4PEwZ-/,https://www.instagram.com/p/DWYrb4PEwZ-/?comment_id=18440393227115096,scraping_instagram,resva,anda punya wewenang.....perbaikilah jgn ngeluh.......ingat ngeluh itu untuk kmi rakyat kecil😂😂😂😂
17924243544274226,2026-03-30T12:05:16+00:00,1,https://www.instagram.com/p/DWYrb4PEwZ-/,https://www.instagram.com/p/DWYrb4PEwZ-/?comment_id=17924243544274226,scraping_instagram,jlmendrofa2015,kalo berhasil isi dgn benar mgkn semua warga coretax jd akuntan pajak deh
17979710963831016,2026-03-30T12:02:46+00:00,8,https://www.instagram.com/p/DWYrb4PEwZ-/,https://www.instagram.com/p/DWYrb4PEwZ-/?comment_id=17979710963831016,scraping_instagram,roderickerick,dalang nya bingung masyarakat lebih bingung😂
18044324354746191,2026-03-30T11:57:34+00:00,1,https://www.instagram.com/p/DWYrb4PEwZ-/,https://www.instagram.com/p/DWYrb4PEwZ-/?comment_id=18044324354746191,scraping_instagram,rakyat_jelata1374,"Kuncinya : ada tim, akan diperbaiki, tanpa dateline, dan standar. Tapi WP jelass ada dateline dan denda siyap membayangi setiap bulan 👏👏"
17932201422057930,2026-03-30T11:47:00+00:00,0,https://www.instagram.com/p/DWYrb4PEwZ-/,https://www.instagram.com/p/DWYrb4PEwZ-/?comment_id=17932201422057930,scraping_instagram,marcomiracle,Vendor bagus ga ada yg mau kerja sama dengan pemerintah... 😂
17855877552632379,2026-03-30T11:31:08+00:00,0,https://www.instagram.com/p/DWYrb4PEwZ-/,https://www.instagram.com/p/DWYrb4PEwZ-/?comment_id=17855877552632379,scraping_instagram,slametriyadi7556,😂😂memang di sengaja 😂otak para pelakunya saja di Adili 🔥🔥
18077644199414113,2026-03-30T11:25:04+00:00,0,https://www.instagram.com/p/DWYrb4PEwZ-/,https://www.instagram.com/p/DWYrb4PEwZ-/?comment_id=18077644199414113,scraping_instagram,tjwantotamsir,Gak lapor tahun ini apakah ada sanksi?
18313624477279275,2026-03-30T11:14:09+00:00,0,https://www.instagram.com/p/DWYrb4PEwZ-/,https://www.instagram.com/p/DWYrb4PEwZ-/?comment_id=18313624477279275,scraping_instagram,soi_rejo_genjik,"𝕓𝕚𝕟𝕘𝕦𝕟𝕘 𝕡𝕠𝕝𝕝 𝕡𝕒𝕜 , 𝕒𝕡𝕒 𝕝𝕘𝕚 𝕜𝕒𝕞𝕚 𝕥𝕕𝕜 𝕤𝕖𝕜𝕠𝕝𝕒𝕙 𝕕𝕒𝕟 𝕥𝕕𝕜 𝕡𝕒𝕙𝕒𝕞 𝕕𝕘𝕟 𝕔𝕣𝕒 𝕞𝕖𝕟𝕘𝕙𝕚𝕥𝕦𝕟𝕘 𝕟𝕪𝕒"
17887903533461297,2026-03-30T11:09:52+00:00,0,https://www.instagram.com/p/DWYrb4PEwZ-/,https://www.instagram.com/p/DWYrb4PEwZ-/?comment_id=17887903533461297,scraping_instagram,leakbali16,Relawan pajak yang notabene pegawai pajak aja juga bingung.. 😢
17943921075150672,2026-03-30T10:55:07+00:00,0,https://www.instagram.com/p/DWYrb4PEwZ-/,https://www.instagram.com/p/DWYrb4PEwZ-/?comment_id=17943921075150672,scraping_instagram,amzseak,Wp uda paham djp ganti coretax wp uda paham nanti pastiganti lagi krna ada peluang korup disana program yg katanya abis 2T 😂
18519458824076141,2026-03-30T10:51:04+00:00,0,https://www.instagram.com/p/DWYrb4PEwZ-/,https://www.instagram.com/p/DWYrb4PEwZ-/?comment_id=18519458824076141,scraping_instagram,dionbinjalil,Ku wes aktivasi tp mbuh laporan e piye😂
17992771589930227,2026-03-30T09:33:45+00:00,0,https://www.instagram.com/p/DWYrb4PEwZ-/,https://www.instagram.com/p/DWYrb4PEwZ-/?comment_id=17992771589930227,scraping_instagram,benkbenk2017,"coretax bukan di desain utk wajib pajak sebetulnya. Tapi krn kuatir ada kerugian negara, maka proyeknya dialihkan menjadi sistem utk wajib pajak. Parah banget memang."
17929373925071700,2026-03-30T09:15:41+00:00,0,https://www.instagram.com/p/DWYrb4PEwZ-/,https://www.instagram.com/p/DWYrb4PEwZ-/?comment_id=17929373925071700,scraping_instagram,boedhisizeonetwo,knp nggak pakai bahasa inds saja .. coretax banyak orang yg gak tau bhs inggris itu buat apa juga ..
18107682115851577,2026-03-30T09:09:43+00:00,6,https://www.instagram.com/p/DWYrb4PEwZ-/,https://www.instagram.com/p/DWYrb4PEwZ-/?comment_id=18107682115851577,scraping_instagram,rivalzulyana,mau lapor pajak aja pusing itu website😂
18118253899653498,2026-03-30T08:36:57+00:00,0,https://www.instagram.com/p/DWYrb4PEwZ-/,https://www.instagram.com/p/DWYrb4PEwZ-/?comment_id=18118253899653498,scraping_instagram,farieda_maniez,Batalin aja Dulu cortex bikinan Sri Mulyani
18117264148656663,2026-03-30T08:32:56+00:00,0,https://www.instagram.com/p/DWYrb4PEwZ-/,https://www.instagram.com/p/DWYrb4PEwZ-/?comment_id=18117264148656663,scraping_instagram,elknia_,Pak klo NPWP dan NIK sudah di sync.. knp mesti kita yg lapor lagi.. toh semua lini sudah di pajakin dan terdata
17930103528245745,2026-03-30T08:28:33+00:00,0,https://www.instagram.com/p/DWYrb4PEwZ-/,https://www.instagram.com/p/DWYrb4PEwZ-/?comment_id=17930103528245745,scraping_instagram,ibm.mojo,produk SMI
17906710209382025,2026-03-30T08:01:25+00:00,0,https://www.instagram.com/p/DWYrb4PEwZ-/,https://www.instagram.com/p/DWYrb4PEwZ-/?comment_id=17906710209382025,scraping_instagram,opirigasi_oopakisgdginfo,Tul kadangkala memang dibingungkan
18092197151141497,2026-03-30T07:21:30+00:00,0,https://www.instagram.com/p/DWYrb4PEwZ-/,https://www.instagram.com/p/DWYrb4PEwZ-/?comment_id=18092197151141497,scraping_instagram,sjariefjkt,Proyek kacau
18085583660262530,2026-03-30T06:51:53+00:00,0,https://www.instagram.com/p/DWYrb4PEwZ-/,https://www.instagram.com/p/DWYrb4PEwZ-/?comment_id=18085583660262530,scraping_instagram,who_r_u_f_i,"Edukasi? Sory ye pur, mening nyari duit drpd pusing lapor² pajak. Mening ktr pajak aja yg lapor ke masyrakat lbh simple kn?"
17890474125326086,2026-03-30T06:35:54+00:00,0,https://www.instagram.com/p/DWYrb4PEwZ-/,https://www.instagram.com/p/DWYrb4PEwZ-/?comment_id=17890474125326086,scraping_instagram,giok.mei,Mending gak usah pak 😢😢😢Napa gak petugas pajaknya yg bikinin pajak2 kita lah pak 😂😂😂diluar hanya cukup bayar aje kg ada bikin2 laporan2 🤦🏻‍♀️🤦🏻‍♀️🤦🏻‍♀️
18574090504048298,2026-03-30T06:27:13+00:00,0,https://www.instagram.com/p/DWYrb4PEwZ-/,https://www.instagram.com/p/DWYrb4PEwZ-/?comment_id=18574090504048298,scraping_instagram,devinurainisanti,Batalkan coretax
18101935324941144,2026-03-30T06:21:11+00:00,0,https://www.instagram.com/p/DWYrb4PEwZ-/,https://www.instagram.com/p/DWYrb4PEwZ-/?comment_id=18101935324941144,scraping_instagram,heriantobong,Binggung Pak udah laporan pembelian asset dr thn 2011 skrg masih disuruh input data lagi padahal udah AJB udah balik nama dan bertele tele
18097155854068247,2026-03-30T06:17:20+00:00,1,https://www.instagram.com/p/DWYrb4PEwZ-/,https://www.instagram.com/p/DWYrb4PEwZ-/?comment_id=18097155854068247,scraping_instagram,jasa.akuntansi.umkm,Hehe bener apa bener👏
18042433124546729,2026-03-30T06:02:36+00:00,2,https://www.instagram.com/p/DWYrb4PEwZ-/,https://www.instagram.com/p/DWYrb4PEwZ-/?comment_id=18042433124546729,scraping_instagram,harset2013,🤣🤣🤣.
18083498336605270,2026-03-30T05:45:33+00:00,1,https://www.instagram.com/p/DWYrb4PEwZ-/,https://www.instagram.com/p/DWYrb4PEwZ-/?comment_id=18083498336605270,scraping_instagram,novalinagloria,"Wkwkwk UI/UX nya memang perlu ditingkatkan, ya ga @mr.adepermana"
18100700471304676,2026-03-30T05:12:34+00:00,3,https://www.instagram.com/p/DWYrb4PEwZ-/,https://www.instagram.com/p/DWYrb4PEwZ-/?comment_id=18100700471304676,scraping_instagram,rustonochon,Tahu gak kenapa ? SYSTEM PAJAK YG DULU DI GANTI DENGAN Coretax ? Tahu Dong knapa ? 😂 Banyak orang yg terlibat di perpajakan yg ditutupi 😮
17942396274154933,2026-03-30T05:00:35+00:00,1,https://www.instagram.com/p/DWYrb4PEwZ-/,https://www.instagram.com/p/DWYrb4PEwZ-/?comment_id=17942396274154933,scraping_instagram,mjhrf,🤣🤣🤣
18023124170815962,2026-03-30T03:49:48+00:00,13,https://www.instagram.com/p/DWYrb4PEwZ-/,https://www.instagram.com/p/DWYrb4PEwZ-/?comment_id=18023124170815962,scraping_instagram,gunawanmoses,Sudah bayar pajak masih suruh ribet laporan dan kl tdk lapor kena denda 😢😢😢
17921902275282176,2026-03-30T03:42:14+00:00,1,https://www.instagram.com/p/DWYrb4PEwZ-/,https://www.instagram.com/p/DWYrb4PEwZ-/?comment_id=17921902275282176,scraping_instagram,willy.gonzales2,"Coretax blm siap benar sudah di launching, dan ternyata byk kendala....😂😂😂"
17864257119611504,2026-03-30T03:27:56+00:00,0,https://www.instagram.com/p/DWYrb4PEwZ-/,https://www.instagram.com/p/DWYrb4PEwZ-/?comment_id=17864257119611504,scraping_instagram,rntjlwn,Daripada bingung gue bawa aja ke kantornya lgsung yg ngerjain staffnya😂 males repot pls
18072068126305383,2026-03-30T03:24:19+00:00,0,https://www.instagram.com/p/DWYrb4PEwZ-/,https://www.instagram.com/p/DWYrb4PEwZ-/?comment_id=18072068126305383,scraping_instagram,nieltulak,Emg website gajelas menyusahkan pdhl kita yg bayar kita yg dbikin susah anggaran miliaran tp website busuk😂
17905932132385204,2026-03-30T03:15:32+00:00,0,https://www.instagram.com/p/DWYrb4PEwZ-/,https://www.instagram.com/p/DWYrb4PEwZ-/?comment_id=17905932132385204,scraping_instagram,zulfikar8228,Baru sadar pak mentri
18003997343887641,2026-03-30T03:13:44+00:00,0,https://www.instagram.com/p/DWYrb4PEwZ-/,https://www.instagram.com/p/DWYrb4PEwZ-/?comment_id=18003997343887641,scraping_instagram,kuyak88,Padahal  djp dulu udah  bikin bingung  yang bodoh.  Bikin coretax  makin bingung.  Niat emang  kasih jebakan  lalu  di datangin  gitu  nego2 pura2  jadi penyelamat Padahal  hantu nyamar 😂
18073405664544400,2026-03-30T02:51:22+00:00,0,https://www.instagram.com/p/DWYrb4PEwZ-/,https://www.instagram.com/p/DWYrb4PEwZ-/?comment_id=18073405664544400,scraping_instagram,bettynurbaety21,dulu pake DJP ngga seribet coretad🔥
17957512902100185,2026-03-30T02:35:07+00:00,4,https://www.instagram.com/p/DWYrb4PEwZ-/,https://www.instagram.com/p/DWYrb4PEwZ-/?comment_id=17957512902100185,scraping_instagram,adi_jusit,Katanya 3 bulan beres 😂. Ini udah berapa bulan
18022651472642447,2026-03-30T02:27:45+00:00,10,https://www.instagram.com/p/DWYrb4PEwZ-/,https://www.instagram.com/p/DWYrb4PEwZ-/?comment_id=18022651472642447,scraping_instagram,ch0c0_chiz,Inikah profesionalisme DJP yg tukinnya terbesar se Indonesia..?? 1.3T tapi zonkkk @ditjenpajakri
18074074400194751,2026-03-30T02:08:27+00:00,0,https://www.instagram.com/p/DWYrb4PEwZ-/,https://www.instagram.com/p/DWYrb4PEwZ-/?comment_id=18074074400194751,scraping_instagram,bennysan_88,hahahahha kenapa baru sekarang pak
17863208439668707,2026-03-30T02:02:36+00:00,0,https://www.instagram.com/p/DWYrb4PEwZ-/,https://www.instagram.com/p/DWYrb4PEwZ-/?comment_id=17863208439668707,scraping_instagram,dennyirawanrm,"Sudah bayar pajak, harus lapor, dibuat repot pula.... 😢😂"
18584035978048608,2026-03-30T01:38:07+00:00,0,https://www.instagram.com/p/DWYrb4PEwZ-/,https://www.instagram.com/p/DWYrb4PEwZ-/?comment_id=18584035978048608,scraping_instagram,coankie,Pantesan curiga mesti ada hanky pangky ini.... pecat itu ketua nya Pak...bener2 yaa...kurang ajar
18084404960048693,2026-03-30T01:26:26+00:00,0,https://www.instagram.com/p/DWYrb4PEwZ-/,https://www.instagram.com/p/DWYrb4PEwZ-/?comment_id=18084404960048693,scraping_instagram,reygian_f_chevalda,Cuma utk lapor aja ribet 😏😏😏
18098186137965692,2026-03-30T00:57:50+00:00,0,https://www.instagram.com/p/DWYrb4PEwZ-/,https://www.instagram.com/p/DWYrb4PEwZ-/?comment_id=18098186137965692,scraping_instagram,sapto0416,Software sekelas Pajak negara koq bs salah design sdh direlease...😢
18094378772031418,2026-03-30T00:32:37+00:00,3,https://www.instagram.com/p/DWYrb4PEwZ-/,https://www.instagram.com/p/DWYrb4PEwZ-/?comment_id=18094378772031418,scraping_instagram,rizkibachtiar08gm,"Aneh² aja negeri ini, ganti sorex aja"
18096615197105578,2026-03-30T00:17:47+00:00,3,https://www.instagram.com/p/DWYrb4PEwZ-/,https://www.instagram.com/p/DWYrb4PEwZ-/?comment_id=18096615197105578,scraping_instagram,indiati0206,Yg spt dulu malah gampang pak. Yg skrg ribet bikin bingung
17997006716925500,2026-03-29T23:25:21+00:00,0,https://www.instagram.com/p/DWYrb4PEwZ-/,https://www.instagram.com/p/DWYrb4PEwZ-/?comment_id=17997006716925500,scraping_instagram,arissueyakanta,"Jangan hanya buat narik uang rakyat ,tariklah uang pejabat koruptor utk rakyat ."
17883435147473977,2026-03-29T21:46:22+00:00,0,https://www.instagram.com/p/DWYrb4PEwZ-/,https://www.instagram.com/p/DWYrb4PEwZ-/?comment_id=17883435147473977,scraping_instagram,oktansyahsyarif,Pajakkk warisan Raja Namroodz laknatullah
18088594399965623,2026-03-29T19:09:01+00:00,0,https://www.instagram.com/p/DWYrb4PEwZ-/,https://www.instagram.com/p/DWYrb4PEwZ-/?comment_id=18088594399965623,scraping_instagram,sherleyoctaviani,Sekelas menteri cuma bisa ngomong gitu. anak SD lebih berbobot kalau ngomong.🙌 hidup indonesia👏
17895534846284702,2026-03-29T16:47:32+00:00,0,https://www.instagram.com/p/DWYrb4PEwZ-/,https://www.instagram.com/p/DWYrb4PEwZ-/?comment_id=17895534846284702,scraping_instagram,storeoffic,Iya masak saya buat NPWP online saja datanya tidak ditemukan noticenya
18110880334695248,2026-03-29T15:35:55+00:00,0,https://www.instagram.com/p/DWYrb4PEwZ-/,https://www.instagram.com/p/DWYrb4PEwZ-/?comment_id=18110880334695248,scraping_instagram,a_dree.sign,Biasalah cuma buang² anggaran dan bagi² kue itu
18159983800429454,2026-03-29T14:43:31+00:00,0,https://www.instagram.com/p/DWYrb4PEwZ-/,https://www.instagram.com/p/DWYrb4PEwZ-/?comment_id=18159983800429454,scraping_instagram,fandyrialifka,Tdk bisa menggunakan device yang berbeda saat pembuatan  laporan spt😓
18080527106087991,2026-03-29T14:03:51+00:00,0,https://www.instagram.com/p/DWYrb4PEwZ-/,https://www.instagram.com/p/DWYrb4PEwZ-/?comment_id=18080527106087991,scraping_instagram,bettynurbaety21,dulu pake DJP ngga seribet coretad🔥
18065806343326502,2026-03-29T13:49:14+00:00,0,https://www.instagram.com/p/DWYrb4PEwZ-/,https://www.instagram.com/p/DWYrb4PEwZ-/?comment_id=18065806343326502,scraping_instagram,ashariakbar,"Malu proyek 1.3T itu loh, upetinya kegedean jd aja gini"
17871355467591221,2026-03-29T13:44:44+00:00,0,https://www.instagram.com/p/DWYrb4PEwZ-/,https://www.instagram.com/p/DWYrb4PEwZ-/?comment_id=17871355467591221,scraping_instagram,smileyduck45,Nie sekelas MenKeu aja bingung apalagi kita lurrrr ... Blm lg yg gaptek suru lapor cortex ya kelelep lah
18332340988223397,2026-03-29T12:26:17+00:00,2,https://www.instagram.com/p/DWYrb4PEwZ-/,https://www.instagram.com/p/DWYrb4PEwZ-/?comment_id=18332340988223397,scraping_instagram,budimanh777,"Belum waktunya pakai coretax ngak semua org ngerti dan ngak semua ngerti aplikasi jg, pertanyaannya membingungkan, penjelasannya pakai pasal diluar kemampuan org awam"
18151991671407823,2026-03-29T11:48:53+00:00,2,https://www.instagram.com/p/DWYrb4PEwZ-/,https://www.instagram.com/p/DWYrb4PEwZ-/?comment_id=18151991671407823,scraping_instagram,budi2000cc,No comment.
18082373810589235,2026-03-29T11:32:05+00:00,2,https://www.instagram.com/p/DWYrb4PEwZ-/,https://www.instagram.com/p/DWYrb4PEwZ-/?comment_id=18082373810589235,scraping_instagram,arabhasta,Maka jangan salah kan jika banyak WP yang salah isi laporan bukan nya malah di kenai denda...jangan salah kan WP jika yang merancang coretax hanya bisa di mengerti kalangan pajak saja...buat lah rancangan yang bisa di pahami bahkan oleh lansia sekalipun...
17924308998259438,2026-03-29T11:06:55+00:00,1,https://www.instagram.com/p/DWYrb4PEwZ-/,https://www.instagram.com/p/DWYrb4PEwZ-/?comment_id=17924308998259438,scraping_instagram,lindus_78,"Kalau spt itu, kenapa diteruskan pak"
18186003058368863,2026-03-29T11:05:05+00:00,1,https://www.instagram.com/p/DWYrb4PEwZ-/,https://www.instagram.com/p/DWYrb4PEwZ-/?comment_id=18186003058368863,scraping_instagram,pubu29,Bukannya mmg dibuat bingung kan😂 tujuannya kan cm biar bisa ngelink ke transaksi & intip saldo WP tohhh😂
18189344086369509,2026-03-29T10:51:34+00:00,2,https://www.instagram.com/p/DWYrb4PEwZ-/,https://www.instagram.com/p/DWYrb4PEwZ-/?comment_id=18189344086369509,scraping_instagram,alex_gunners,"Makanya kembalikan ke sistem sebelumnya, tinggalkan coretax,  usut tuntas pemberi ijin pakai sistem tsb"
18461078146103173,2026-03-29T10:31:05+00:00,0,https://www.instagram.com/p/DWYrb4PEwZ-/,https://www.instagram.com/p/DWYrb4PEwZ-/?comment_id=18461078146103173,scraping_instagram,e12naku,"Dibatalin aja pak Pur coretax , untuk pajak pribadi dikategorikan aja seperti kita byr PBB atau pajak kendaraan pak,simple dan ga bikin pusing wp nya 😂"
18046375043754604,2026-03-29T10:11:44+00:00,0,https://www.instagram.com/p/DWYrb4PEwZ-/,https://www.instagram.com/p/DWYrb4PEwZ-/?comment_id=18046375043754604,scraping_instagram,herman.saputra.737,Aplikasinya bikin mumed....3x nyoba gagal terus...
18076975964151796,2026-03-29T09:57:13+00:00,0,https://www.instagram.com/p/DWYrb4PEwZ-/,https://www.instagram.com/p/DWYrb4PEwZ-/?comment_id=18076975964151796,scraping_instagram,f.darhamsyah.230279,Yg desain siapa pak
17984279807806680,2026-03-29T09:29:37+00:00,0,https://www.instagram.com/p/DWYrb4PEwZ-/,https://www.instagram.com/p/DWYrb4PEwZ-/?comment_id=17984279807806680,scraping_instagram,davidsaferagic,Cb Gandeng @davidalfasunarna
18042761306761929,2026-03-29T09:24:39+00:00,0,https://www.instagram.com/p/DWYrb4PEwZ-/,https://www.instagram.com/p/DWYrb4PEwZ-/?comment_id=18042761306761929,scraping_instagram,adani_fauzan,"@purbayayudhi.official pak pur saya mau lapor spt sulit amat pak, semua sudah beres mau nambah rekening aja kenapa harus di persulit sih pak.. kolom rekening coba di isi biasa aja pak.. udah dari tanggal 17 sampe sekarang gada response apapun dah.. udah bayar di potong, telat lapor mau di denda ehh sekarang ribet amat tuh aplikasi..😂😂"
17883429465496764,2026-03-29T08:50:11+00:00,0,https://www.instagram.com/p/DWYrb4PEwZ-/,https://www.instagram.com/p/DWYrb4PEwZ-/?comment_id=17883429465496764,scraping_instagram,lidyas7777,Ga perlu lapor kalau hanya karyawan
18062457278367608,2026-03-29T08:37:49+00:00,1,https://www.instagram.com/p/DWYrb4PEwZ-/,https://www.instagram.com/p/DWYrb4PEwZ-/?comment_id=18062457278367608,scraping_instagram,anggorosus,Karya Srimulyani yg menambah sejarah panjang ruwetnya lapor pajak😢
17867735769505369,2026-03-29T08:25:40+00:00,1,https://www.instagram.com/p/DWYrb4PEwZ-/,https://www.instagram.com/p/DWYrb4PEwZ-/?comment_id=17867735769505369,scraping_instagram,tj_budi,Vendor aman?
18092570069467254,2026-03-29T07:01:00+00:00,0,https://www.instagram.com/p/DWYrb4PEwZ-/,https://www.instagram.com/p/DWYrb4PEwZ-/?comment_id=18092570069467254,scraping_instagram,papoy_sh,😂😂😂😂
18096759041012497,2026-03-29T06:52:53+00:00,0,https://www.instagram.com/p/DWYrb4PEwZ-/,https://www.instagram.com/p/DWYrb4PEwZ-/?comment_id=18096759041012497,scraping_instagram,ridoradiansyah,Dah pernah di review @davidalfasunarna  dikonfirmasi menterinya langsung 😂
17892634176305940,2026-03-29T06:41:44+00:00,1,https://www.instagram.com/p/DWYrb4PEwZ-/,https://www.instagram.com/p/DWYrb4PEwZ-/?comment_id=17892634176305940,scraping_instagram,setiawan09692023,Kepinteran sama sok pinter . Manual aj biar pada kerj aparat pajak jng ttima beres aj lapoaran pajak
17850940749661210,2026-03-29T06:34:35+00:00,1,https://www.instagram.com/p/DWYrb4PEwZ-/,https://www.instagram.com/p/DWYrb4PEwZ-/?comment_id=17850940749661210,scraping_instagram,tonysantoso13,naga2nya si boyo mau nyalahin org lain lagi pdhl semua itu dibawah kewenangan dia sbg menteri 😃😃😃
18098375498295864,2026-03-29T06:14:56+00:00,1,https://www.instagram.com/p/DWYrb4PEwZ-/,https://www.instagram.com/p/DWYrb4PEwZ-/?comment_id=18098375498295864,scraping_instagram,putuwahyudi755,😂😂😂😂kocak
18076796231542677,2026-03-29T05:45:17+00:00,3,https://www.instagram.com/p/DWYrb4PEwZ-/,https://www.instagram.com/p/DWYrb4PEwZ-/?comment_id=18076796231542677,scraping_instagram,iikaventura,Dari dulu pemerintah kalau buat web atau aplikasi ga pernah ada yg bener. Sering error gampang di hack dan desainnya jelek padahal anggaran triyunan.
18415432231126989,2026-03-29T05:43:05+00:00,41,https://www.instagram.com/p/DWYrb4PEwZ-/,https://www.instagram.com/p/DWYrb4PEwZ-/?comment_id=18415432231126989,scraping_instagram,blackbea_t2r,Pertanyaannya satu : knp yg program DJP dulu gk diupgrade ? Knp hrs bikin baru ??
18023009390813795,2026-03-29T04:57:28+00:00,1,https://www.instagram.com/p/DWYrb4PEwZ-/,https://www.instagram.com/p/DWYrb4PEwZ-/?comment_id=18023009390813795,scraping_instagram,mochsufaat27,Waspada mafia di coretax pak
17992908488941356,2026-03-29T04:56:58+00:00,1,https://www.instagram.com/p/DWYrb4PEwZ-/,https://www.instagram.com/p/DWYrb4PEwZ-/?comment_id=17992908488941356,scraping_instagram,defyud7,😂😂😂😂
17858057190583395,2026-03-29T04:07:55+00:00,0,https://www.instagram.com/p/DWYrb4PEwZ-/,https://www.instagram.com/p/DWYrb4PEwZ-/?comment_id=17858057190583395,scraping_instagram,fajar_bibit,"Mau laporan pajak kok dibikin ribet😂, kocak"
18442157761119182,2026-03-29T03:39:15+00:00,0,https://www.instagram.com/p/DWYrb4PEwZ-/,https://www.instagram.com/p/DWYrb4PEwZ-/?comment_id=18442157761119182,scraping_instagram,keziaarianto,Empret dari awal bilang nya ngecek isi coretax. Lambe mu
18076196099432365,2026-03-29T03:34:16+00:00,6,https://www.instagram.com/p/DWYrb4PEwZ-/,https://www.instagram.com/p/DWYrb4PEwZ-/?comment_id=18076196099432365,scraping_instagram,maman_arbi,"Bukan salah desain,  tapi kemungkinan besar memang didesain seperti itu supaya hasilnya salah. Karena memang sepertinya tidak ingin ketahuan alur proses masuk dan keluar uangnya."
18089013092234071,2026-03-29T03:08:45+00:00,0,https://www.instagram.com/p/DWYrb4PEwZ-/,https://www.instagram.com/p/DWYrb4PEwZ-/?comment_id=18089013092234071,scraping_instagram,yanto43212025,Mudah yg lama😢
18100647155489459,2026-03-29T03:03:58+00:00,0,https://www.instagram.com/p/DWYrb4PEwZ-/,https://www.instagram.com/p/DWYrb4PEwZ-/?comment_id=18100647155489459,scraping_instagram,darmasurya_march,Jgnkan WP pak...petugas pajak aja kebingungan
18062487755379493,2026-03-29T02:51:39+00:00,1,https://www.instagram.com/p/DWYrb4PEwZ-/,https://www.instagram.com/p/DWYrb4PEwZ-/?comment_id=18062487755379493,scraping_instagram,fl_life,R.i.b...t
18111173278625883,2026-03-29T02:48:10+00:00,4,https://www.instagram.com/p/DWYrb4PEwZ-/,https://www.instagram.com/p/DWYrb4PEwZ-/?comment_id=18111173278625883,scraping_instagram,ade.prn,"Ga cm br ini saja,.tanya aja orang pajak dikantor kantor . .mereka dl kl mau bayar pajak, ribetnya mnt ampun,.sampe ada sekolah perpajakan.,sampe ada divisi khusus pajak disetiap perusahaan ..logika nya dibalik ,mempersulit orang /badan mau bayar .,bayar loh ..bukan mnt duit. .bayar ,.setor , tp sulitnya bukan main.,.jaman serba auto bgni..Robot itu ga cm perangkat besi dan motor. tp software pun bisa dibuat robot,artinya system automatisasi software ...inovasi itu perlu, ga cm bisa beli produk dari asing, tp bingung makenya gmn ,ganti rezim ganti system ,iya kl lebih simple.,hadeuh .."
18103009666928594,2026-03-29T01:23:17+00:00,14,https://www.instagram.com/p/DWYrb4PEwZ-/,https://www.instagram.com/p/DWYrb4PEwZ-/?comment_id=18103009666928594,scraping_instagram,shandy555555,Karyanya srimul dengan anggaran triliunan 😂😂
18038429012774248,2026-03-29T01:21:49+00:00,1,https://www.instagram.com/p/DWYrb4PEwZ-/,https://www.instagram.com/p/DWYrb4PEwZ-/?comment_id=18038429012774248,scraping_instagram,ariesiswanto76,"Sudah bayar pajak, di buat mumet ruwet pula."
18122982022611924,2026-03-29T01:07:11+00:00,1,https://www.instagram.com/p/DWYrb4PEwZ-/,https://www.instagram.com/p/DWYrb4PEwZ-/?comment_id=18122982022611924,scraping_instagram,loislistiari,Wkwkwkwk semoga enggak salah aja.. meskipun lapor nya ke KPP langsung
18062321345376003,2026-03-29T00:35:05+00:00,0,https://www.instagram.com/p/DWYrb4PEwZ-/,https://www.instagram.com/p/DWYrb4PEwZ-/?comment_id=18062321345376003,scraping_instagram,nooraini.enny,"Mumet, petugas di kkp jg mumet dan blm paham betul pengisiannya, salah isi, bs kurang bayar"
18105641189507575,2026-03-29T00:23:21+00:00,1,https://www.instagram.com/p/DWYrb4PEwZ-/,https://www.instagram.com/p/DWYrb4PEwZ-/?comment_id=18105641189507575,scraping_instagram,noerrrid,"daripada puyeng, yg bikin link aje yg suruh ngisi."
17858409372681399,2026-03-28T23:36:05+00:00,1,https://www.instagram.com/p/DWYrb4PEwZ-/,https://www.instagram.com/p/DWYrb4PEwZ-/?comment_id=17858409372681399,scraping_instagram,ange1ika82,Ya itulah cuma abis2in uang doang padahal sistem gak bagus
18092408738321995,2026-03-28T22:51:18+00:00,1,https://www.instagram.com/p/DWYrb4PEwZ-/,https://www.instagram.com/p/DWYrb4PEwZ-/?comment_id=18092408738321995,scraping_instagram,puniman_srg,"Saya pakai hotspot HP buat buka Cortex di laptop, cepet banget habis kuota...."
17947722825072959,2026-03-28T22:11:31+00:00,1,https://www.instagram.com/p/DWYrb4PEwZ-/,https://www.instagram.com/p/DWYrb4PEwZ-/?comment_id=17947722825072959,scraping_instagram,budi_waluyo_bwo,semua akan MUMET pada waktunya🤭🤭
18089827589330524,2026-03-28T19:58:01+00:00,27,https://www.instagram.com/p/DWYrb4PEwZ-/,https://www.instagram.com/p/DWYrb4PEwZ-/?comment_id=18089827589330524,scraping_instagram,tuank6999,🔥🔥🔥 udah bayar pajak tapi kita selalu dibuat repot oleh mereka
18111368362773261,2026-03-28T14:53:19+00:00,0,https://www.instagram.com/p/DWYrb4PEwZ-/,https://www.instagram.com/p/DWYrb4PEwZ-/?comment_id=18111368362773261,scraping_instagram,saimonsafril,Benah dulu pak kami ikut perintah bapak tuhan berkahti bapak
18175089538387749,2026-03-28T14:25:08+00:00,3,https://www.instagram.com/p/DWYrb4PEwZ-/,https://www.instagram.com/p/DWYrb4PEwZ-/?comment_id=18175089538387749,scraping_instagram,aiiluv8,Parahnya sekarang kalo salah ga bisa pemindah bukuan musti restitusi
18057425225463623,2026-03-28T12:52:04+00:00,11,https://www.instagram.com/p/DWYrb4PEwZ-/,https://www.instagram.com/p/DWYrb4PEwZ-/?comment_id=18057425225463623,scraping_instagram,mesinkopi.second,Memang dibuat bingung supaya main belakang 😂😂😂
17915202846340576,2026-03-28T12:16:03+00:00,1,https://www.instagram.com/p/DWYrb4PEwZ-/,https://www.instagram.com/p/DWYrb4PEwZ-/?comment_id=17915202846340576,scraping_instagram,diannoveta,Iya kurang simple...bikin mumet...
18111002107825779,2026-03-28T12:08:40+00:00,3,https://www.instagram.com/p/DWYrb4PEwZ-/,https://www.instagram.com/p/DWYrb4PEwZ-/?comment_id=18111002107825779,scraping_instagram,masmart9999,Haram isinya🔥
17941915710157539,2026-03-28T12:08:38+00:00,5,https://www.instagram.com/p/DWYrb4PEwZ-/,https://www.instagram.com/p/DWYrb4PEwZ-/?comment_id=17941915710157539,scraping_instagram,xadhel,Pak periksa proyek tapping box yang dipasang di restoran itu juga proyek akal²an... Katanya buat lacak transaksi terkait pajak PB1.... Alat tapping box dipasang tapi dispenda minta akses POS restoran... 😂
18148288684477470,2026-03-28T10:32:42+00:00,1,https://www.instagram.com/p/DWYrb4PEwZ-/,https://www.instagram.com/p/DWYrb4PEwZ-/?comment_id=18148288684477470,scraping_instagram,aurorakalopsia,mbuhhh wessssss 🔥
18084542738364265,2026-03-28T10:21:14+00:00,1,https://www.instagram.com/p/DWYrb4PEwZ-/,https://www.instagram.com/p/DWYrb4PEwZ-/?comment_id=18084542738364265,scraping_instagram,t3uingpuyeng,"Gw gak hoax kan...karna hampir 95% pgawai dikantor gw tuh cuma kerja di 1 tempat, tapi kurang bayar semua dan kurangnya gede diatas 3 juta 😮😮😢😢😪"
18100178971756210,2026-03-28T09:25:22+00:00,2,https://www.instagram.com/p/DWYrb4PEwZ-/,https://www.instagram.com/p/DWYrb4PEwZ-/?comment_id=18100178971756210,scraping_instagram,winarsarudju,Menyusahkan rakyat
18096578200831760,2026-03-28T06:48:07+00:00,1,https://www.instagram.com/p/DWYrb4PEwZ-/,https://www.instagram.com/p/DWYrb4PEwZ-/?comment_id=18096578200831760,scraping_instagram,hi_nonawulan,Kangen E Faktur 😓
18102569326938778,2026-03-28T06:43:37+00:00,2,https://www.instagram.com/p/DWYrb4PEwZ-/,https://www.instagram.com/p/DWYrb4PEwZ-/?comment_id=18102569326938778,scraping_instagram,quality.insights,"Rombak total saja. Ngacooo emang isinya. Gado gado isinya, yang gak butuh sesuai urusan semuanya dijadikan 1. Minimal dipisahkan antara feature khusus PPN, PPh badan yg hubungannya urusan corporate dengan pajak pribadi PPh."
18077769059127690,2026-03-28T04:30:10+00:00,1,https://www.instagram.com/p/DWYrb4PEwZ-/,https://www.instagram.com/p/DWYrb4PEwZ-/?comment_id=18077769059127690,scraping_instagram,jelly.caty,"Pertama yg salah pimpinan dirjen pajak, rusak moral."
18094894414859403,2026-03-28T04:20:32+00:00,2,https://www.instagram.com/p/DWYrb4PEwZ-/,https://www.instagram.com/p/DWYrb4PEwZ-/?comment_id=18094894414859403,scraping_instagram,lisa_celine19,benerin lagi uang lagi?
18110270806695902,2026-03-28T03:33:46+00:00,3,https://www.instagram.com/p/DWYrb4PEwZ-/,https://www.instagram.com/p/DWYrb4PEwZ-/?comment_id=18110270806695902,scraping_instagram,ssvtneuhnga,Kek gni mau kuasai e-commerce 😂
18086069116996611,2026-03-28T02:09:41+00:00,1,https://www.instagram.com/p/DWYrb4PEwZ-/,https://www.instagram.com/p/DWYrb4PEwZ-/?comment_id=18086069116996611,scraping_instagram,yudindra11,KOMISI sdh terima duluan mrk
18097430945049437,2026-03-28T01:58:34+00:00,1,https://www.instagram.com/p/DWYrb4PEwZ-/,https://www.instagram.com/p/DWYrb4PEwZ-/?comment_id=18097430945049437,scraping_instagram,sinoopy06,Anggarannya berapa T sih buat coretax??
17895502233428072,2026-03-28T01:35:21+00:00,33,https://www.instagram.com/p/DWYrb4PEwZ-/,https://www.instagram.com/p/DWYrb4PEwZ-/?comment_id=17895502233428072,scraping_instagram,lianasdwp,Sri mulyani kapan diperiksa nih karena merugikan coretax
18114623614737297,2026-03-28T01:34:53+00:00,1,https://www.instagram.com/p/DWYrb4PEwZ-/,https://www.instagram.com/p/DWYrb4PEwZ-/?comment_id=18114623614737297,scraping_instagram,budiono.prayogo.98,"Terimakasih Bapak PURBAYA,atas pengakuan Bapak, ini sudah cukup bagi kita WP yg stress,merasa ada yang mau memahami masalah kita.❤️❤️❤️❤️❤️"
17951882067113482,2026-03-28T00:50:34+00:00,1,https://www.instagram.com/p/DWYrb4PEwZ-/,https://www.instagram.com/p/DWYrb4PEwZ-/?comment_id=17951882067113482,scraping_instagram,f4rjikun50,Wah Udah untung besar para supliernya termasuk fee untuk bos dirjennya 👏👏👏
18090720826918454,2026-03-27T23:04:41+00:00,1,https://www.instagram.com/p/DWYrb4PEwZ-/,https://www.instagram.com/p/DWYrb4PEwZ-/?comment_id=18090720826918454,scraping_instagram,de.arie466,Ruet harus bolak balik menu...
17979807329826713,2026-03-27T22:15:03+00:00,5,https://www.instagram.com/p/DWYrb4PEwZ-/,https://www.instagram.com/p/DWYrb4PEwZ-/?comment_id=17979807329826713,scraping_instagram,j75757575,😂 system blm mumpuni blm sepenuhnya bisa terintegrasi lebih sering down gitu aza macam layangan putus !! ending² tetap ada celah dong buat going back door .. 😂 simple nya gitu .. !
18089970730916996,2026-03-27T11:21:40+00:00,2,https://www.instagram.com/p/DWYrb4PEwZ-/,https://www.instagram.com/p/DWYrb4PEwZ-/?comment_id=18089970730916996,scraping_instagram,thio1047,DJP bilang lancar jandan aman😂😂😂...gam sinkron boss ama jajaran ???
18127196125608095,2026-05-01T21:07:08+00:00,0,https://www.instagram.com/reel/DV2kPF7kg__/,https://www.instagram.com/reel/DV2kPF7kg__/?comment_id=18127196125608095,scraping_instagram,momski_2el,"Kalo yg pada ikutan afiliate, dll gtu, ada pajak kecil2, jadinya bikin jadi kurang bayar, nah itu sbnernya diapain si?"
18112663819832563,2026-05-01T09:44:20+00:00,0,https://www.instagram.com/reel/DV2kPF7kg__/,https://www.instagram.com/reel/DV2kPF7kg__/?comment_id=18112663819832563,scraping_instagram,artdraw_cyyy,"Kak,kenapa ya saya selalu gagal di bagian login padahal nomor NPWP dan sandi sudan sesuai ?"
18007843550715118,2026-05-01T18:01:55+00:00,0,https://www.instagram.com/reel/DV2kPF7kg__/,https://www.instagram.com/reel/DV2kPF7kg__/?comment_id=18007843550715118,scraping_instagram,irmaw298,"Sudah lapor belum terima bukti potongnya, gimana ya kak?"
18338346736171409,2026-05-01T19:43:55+00:00,0,https://www.instagram.com/reel/DV2kPF7kg__/,https://www.instagram.com/reel/DV2kPF7kg__/?comment_id=18338346736171409,scraping_instagram,ahmaddarul18,Mudah kalau sudah login coba kalau ga bisa login ribet banget
18078512702442197,2026-04-29T05:28:35+00:00,0,https://www.instagram.com/reel/DV2kPF7kg__/,https://www.instagram.com/reel/DV2kPF7kg__/?comment_id=18078512702442197,scraping_instagram,adityabeyonce,"Ka @lusiasilaban_ saya thn lalu online dpj aplikasi. Klo cortex, sy langsung login atau hrs klik yg bacaa n aktivasi akun wajib pajak ka. Mhn bantuanny ka"
17881546377496156,2026-03-16T04:53:30+00:00,3,https://www.instagram.com/reel/DV2kPF7kg__/,https://www.instagram.com/reel/DV2kPF7kg__/?comment_id=17881546377496156,scraping_instagram,novianzah_andika,Yg poin F sampai J nya mana kak?
17930494803226767,2026-03-16T20:04:30+00:00,3,https://www.instagram.com/reel/DV2kPF7kg__/,https://www.instagram.com/reel/DV2kPF7kg__/?comment_id=17930494803226767,scraping_instagram,suciamalia_fm,"kak spt suami saya ada 2 perusahaan, karena resign ganti perusahaan, nah perusahaan yg baru ini bupot nya gk bisa di download, dan jadi pajak penghasilannya double 2 perusahaan dijadiin 1, jdi kurang bayar nya gede bgt sampai 2jutaan, ada saran gk gimana kak ?? @lusiasilaban_"
18074032172170091,2026-03-17T17:04:25+00:00,7,https://www.instagram.com/reel/DV2kPF7kg__/,https://www.instagram.com/reel/DV2kPF7kg__/?comment_id=18074032172170091,scraping_instagram,springkyblue_,Aku masih takut ntar dataku makin bocooorrr dijuaaal ke luar negri ke dark web.. skrg aja sering bgt nomor gaje nelpon².. tkut ntar email aku di retas.. gaaalaauuu.. 🥺🥺
17921641896272708,2026-03-16T15:36:50+00:00,2,https://www.instagram.com/reel/DV2kPF7kg__/,https://www.instagram.com/reel/DV2kPF7kg__/?comment_id=17921641896272708,scraping_instagram,annyaask_,"kak spt aku lebih bayar, terus di minta data rekening bank. tapi pas aku klik gabisa kak"
18121529320720128,2026-04-01T14:57:57+00:00,0,https://www.instagram.com/reel/DV2kPF7kg__/,https://www.instagram.com/reel/DV2kPF7kg__/?comment_id=18121529320720128,scraping_instagram,dewaputrajayantika,"Lebih bayar, tapi tidak bisa isikan rekening bank, gimana itu kak @lusiasilaban_"
18079259636098825,2026-03-16T21:29:25+00:00,26,https://www.instagram.com/reel/DV2kPF7kg__/,https://www.instagram.com/reel/DV2kPF7kg__/?comment_id=18079259636098825,scraping_instagram,galihsnpt,"Saya ikut tutor di yutup, berhasil kok. Nihil 🙌 akhirnya bimbing temen2 yg lain, mereka bukan gabisa, cuma gamau baca. Apalagi banyak konten2 kontra pajak, makin males 😂"
17887783713460663,2026-03-30T11:21:21+00:00,0,https://www.instagram.com/reel/DV2kPF7kg__/,https://www.instagram.com/reel/DV2kPF7kg__/?comment_id=17887783713460663,scraping_instagram,abdullahhanif10,"Susah bgt nihil nya, bingung salahnya dimana 😢"
18111367648622409,2026-03-30T14:38:46+00:00,0,https://www.instagram.com/reel/DV2kPF7kg__/,https://www.instagram.com/reel/DV2kPF7kg__/?comment_id=18111367648622409,scraping_instagram,veronicanovii,"Kak, PTKP yang sesuai itu gimana ya?"
18071747027540521,2026-03-15T00:52:25+00:00,6,https://www.instagram.com/reel/DV2kPF7kg__/,https://www.instagram.com/reel/DV2kPF7kg__/?comment_id=18071747027540521,scraping_instagram,yohanes5786,"Hebat, apakah kuliah jurusan perpajakkan??"
18097993852981523,2026-03-17T10:23:39+00:00,7,https://www.instagram.com/reel/DV2kPF7kg__/,https://www.instagram.com/reel/DV2kPF7kg__/?comment_id=18097993852981523,scraping_instagram,arx.trag,"kalo kurang bayar karena tahun lalu ada di 2 perusahaan, berarti nominal kurang bayarnya itu wajib di bayar ya atau gimana?"
17918074149329518,2026-04-01T12:23:52+00:00,1,https://www.instagram.com/reel/DV2kPF7kg__/,https://www.instagram.com/reel/DV2kPF7kg__/?comment_id=17918074149329518,scraping_instagram,yuli_irsanto8,Kak klau saya telat bagaimana ya ?
18084346319351276,2026-03-16T12:04:54+00:00,29,https://www.instagram.com/reel/DV2kPF7kg__/,https://www.instagram.com/reel/DV2kPF7kg__/?comment_id=18084346319351276,scraping_instagram,anita09021992,"Nahhh gini sippp banget,. Ngasih tau urutannya,, kalo yg lain udah buka kelas 😂😂😂😂"
18309025207272933,2026-03-31T01:04:39+00:00,0,https://www.instagram.com/reel/DV2kPF7kg__/,https://www.instagram.com/reel/DV2kPF7kg__/?comment_id=18309025207272933,scraping_instagram,buatbayarsks,"T/0 T/1 T/2 K/0 K/1 K/2 itu gimana kak isiannya? Sudah menikah, tapi bukti potong masih T/0 sehingga yang keluar tetap lebih bayar. Padahal bagusnya kurang bayar...."
17938684179176833,2026-03-25T09:32:55+00:00,0,https://www.instagram.com/reel/DV2kPF7kg__/,https://www.instagram.com/reel/DV2kPF7kg__/?comment_id=17938684179176833,scraping_instagram,cincau.cendol_,Tim yg Dr login udh gakbisa😢
18015377459667773,2026-03-16T15:22:37+00:00,6,https://www.instagram.com/reel/DV2kPF7kg__/,https://www.instagram.com/reel/DV2kPF7kg__/?comment_id=18015377459667773,scraping_instagram,tamsar_pur,"Makin ribet. Bisa2nya ada terutang. Di spt TK0, di coretax nya hrus ngisi L5."
17979329519990008,2026-03-30T11:19:34+00:00,0,https://www.instagram.com/reel/DV2kPF7kg__/,https://www.instagram.com/reel/DV2kPF7kg__/?comment_id=17979329519990008,scraping_instagram,utarinoerpratiwi.amd.kep,Kak jika saya pindah kerja apa NPWP yang tempat kerja sebelumnya harus di nonaktifkan
18116409139641738,2026-03-28T13:17:15+00:00,0,https://www.instagram.com/reel/DV2kPF7kg__/,https://www.instagram.com/reel/DV2kPF7kg__/?comment_id=18116409139641738,scraping_instagram,ikha.nurhayatii,Kak klo suami istri masih pisah npwp nya cara nya sama aja atau gmn ya 🙏🏻
17866612929504297,2026-03-17T20:12:58+00:00,0,https://www.instagram.com/reel/DV2kPF7kg__/,https://www.instagram.com/reel/DV2kPF7kg__/?comment_id=17866612929504297,scraping_instagram,snydp_,Saya selalu gagal terus kak
18018701279812892,2026-03-16T04:07:50+00:00,260,https://www.instagram.com/reel/DV2kPF7kg__/,https://www.instagram.com/reel/DV2kPF7kg__/?comment_id=18018701279812892,scraping_instagram,sdk95_,"Gk mau, orang pajak aja yg urus, udh potong gaji, kita pula yg repot"
17982349793985893,2026-03-26T16:11:23+00:00,0,https://www.instagram.com/reel/DV2kPF7kg__/,https://www.instagram.com/reel/DV2kPF7kg__/?comment_id=17982349793985893,scraping_instagram,eka_rosiana,Klo yg NPWP nyatu sama suami sama y kk langkah nya?
17864396271529847,2026-03-18T06:07:16+00:00,2,https://www.instagram.com/reel/DV2kPF7kg__/,https://www.instagram.com/reel/DV2kPF7kg__/?comment_id=17864396271529847,scraping_instagram,ranitafbr,save dulu @noraysim takutnya nanti tiba2 berubah pikiran WKWKW
18132936616557135,2026-03-31T07:48:34+00:00,0,https://www.instagram.com/reel/DV2kPF7kg__/,https://www.instagram.com/reel/DV2kPF7kg__/?comment_id=18132936616557135,scraping_instagram,sigittt93,saya tidak muncul pilihan pph org pribadi gmna ya?
18393720826155362,2026-03-31T00:15:28+00:00,0,https://www.instagram.com/reel/DV2kPF7kg__/,https://www.instagram.com/reel/DV2kPF7kg__/?comment_id=18393720826155362,scraping_instagram,dhewi_anang,"Masih mentok di poin 6, selalu minta reset, pakai no hp tapi ga ada notif masuk."
18581012677049638,2026-04-08T03:09:08+00:00,0,https://www.instagram.com/reel/DV2kPF7kg__/,https://www.instagram.com/reel/DV2kPF7kg__/?comment_id=18581012677049638,scraping_instagram,souleherman,Hari sabtu buka ngga
18154932841443282,2026-03-30T11:03:05+00:00,0,https://www.instagram.com/reel/DV2kPF7kg__/,https://www.instagram.com/reel/DV2kPF7kg__/?comment_id=18154932841443282,scraping_instagram,apriyes,"Kalo lebih bayar, gimana tuh?"
18572231251017901,2026-03-17T22:28:27+00:00,40,https://www.instagram.com/reel/DV2kPF7kg__/,https://www.instagram.com/reel/DV2kPF7kg__/?comment_id=18572231251017901,scraping_instagram,i3_2003_,"tetep ae ribet wkwk, udah dia yg mungut pajak kita juga yg lapor aneh aneh"
17944865106160211,2026-04-01T07:56:31+00:00,0,https://www.instagram.com/reel/DV2kPF7kg__/,https://www.instagram.com/reel/DV2kPF7kg__/?comment_id=17944865106160211,scraping_instagram,itsriaeksa,"kak kalo aku uda keluar dr kerjaan lama trus sekarang  lg ga kerja tp mau kerja lagi ntar blm tahu kapan nya, itu perlu lapor apa mending nonaktifkan? statusku uda nikahh ini rest kerja karna ada anak"
18084871499010861,2026-03-31T14:25:03+00:00,0,https://www.instagram.com/reel/DV2kPF7kg__/,https://www.instagram.com/reel/DV2kPF7kg__/?comment_id=18084871499010861,scraping_instagram,yulianaaasn,Masih bisa gak yah ka ? Kemarin tgl 29 pilihan tahun pajak nya tidak muncul terus
18081143975086702,2026-03-31T07:48:08+00:00,0,https://www.instagram.com/reel/DV2kPF7kg__/,https://www.instagram.com/reel/DV2kPF7kg__/?comment_id=18081143975086702,scraping_instagram,rizkyarifhanafi,"PTKP tidak bisa dipilih, error kah kak?"
18085393463353393,2026-04-02T15:59:37+00:00,0,https://www.instagram.com/reel/DV2kPF7kg__/,https://www.instagram.com/reel/DV2kPF7kg__/?comment_id=18085393463353393,scraping_instagram,sitinurhayatiputri_,@sabiladinard semoga membantu kita
18083037020360547,2026-03-30T05:06:55+00:00,1,https://www.instagram.com/reel/DV2kPF7kg__/,https://www.instagram.com/reel/DV2kPF7kg__/?comment_id=18083037020360547,scraping_instagram,rynn.25,Terakhir lapor pajak tgl brp ya
18071939603228547,2026-03-16T20:12:15+00:00,90,https://www.instagram.com/reel/DV2kPF7kg__/,https://www.instagram.com/reel/DV2kPF7kg__/?comment_id=18071939603228547,scraping_instagram,azwardine_unde,"😂😂😂😂😂 sdh kita yg bayar, eh malah suruh lapor sendiri, kan 💩💩💩 trus di korup beli pajero lagi🤦🤦🤦"
18106283461890822,2026-03-30T12:31:33+00:00,1,https://www.instagram.com/reel/DV2kPF7kg__/,https://www.instagram.com/reel/DV2kPF7kg__/?comment_id=18106283461890822,scraping_instagram,duy.yudiana,"Perubahan itu kirain makin mudah tau nya makin rumit, error, data tidak sesuai. 😢"
18160269280432255,2026-04-03T12:42:31+00:00,0,https://www.instagram.com/reel/DV2kPF7kg__/,https://www.instagram.com/reel/DV2kPF7kg__/?comment_id=18160269280432255,scraping_instagram,heserthw,Baru dftr gagal trs
18080013188611815,2026-03-16T18:35:27+00:00,1,https://www.instagram.com/reel/DV2kPF7kg__/,https://www.instagram.com/reel/DV2kPF7kg__/?comment_id=18080013188611815,scraping_instagram,prilliwww,"tampung dulu, besok kerjain"
18095971730008432,2026-03-25T05:20:56+00:00,0,https://www.instagram.com/reel/DV2kPF7kg__/,https://www.instagram.com/reel/DV2kPF7kg__/?comment_id=18095971730008432,scraping_instagram,rullsrmdn,"Ribettt, lsg ke kantor pajak auto beres"
18081435599074625,2026-03-26T16:38:00+00:00,0,https://www.instagram.com/reel/DV2kPF7kg__/,https://www.instagram.com/reel/DV2kPF7kg__/?comment_id=18081435599074625,scraping_instagram,vanriz_zio,"Kak klo aku baru kerja bulan ini, dan baru terima gaji pertama ku akhir bulan apa tetep harus lapor ya?"
18060647849700951,2026-03-26T11:15:04+00:00,1,https://www.instagram.com/reel/DV2kPF7kg__/,https://www.instagram.com/reel/DV2kPF7kg__/?comment_id=18060647849700951,scraping_instagram,rinirhyndirahastuti,"Ka klo data e bupot selalu muncul pas mau lapor dan bayar kenapa yaa?
Status spt udah nihil"
17876600034537907,2026-03-16T05:30:18+00:00,1,https://www.instagram.com/reel/DV2kPF7kg__/,https://www.instagram.com/reel/DV2kPF7kg__/?comment_id=17876600034537907,scraping_instagram,itisitta,Kalau ada harta hibah tuh gimane kak? 😢
18091011965163656,2026-03-26T12:11:30+00:00,0,https://www.instagram.com/reel/DV2kPF7kg__/,https://www.instagram.com/reel/DV2kPF7kg__/?comment_id=18091011965163656,scraping_instagram,widyapratama17,"baru mau lapor spt, malah ada info kurang bayar, ini mksd ya gmn ka ?"
18064405010667020,2026-03-26T11:59:52+00:00,0,https://www.instagram.com/reel/DV2kPF7kg__/,https://www.instagram.com/reel/DV2kPF7kg__/?comment_id=18064405010667020,scraping_instagram,gbrltfndty,"Login aja gabisa 🤣 klik lupa password masukin NIK gak ditemukan, coba daftar NIK udah kedaftar. Rempomg bet dah, padahal email sama pw dari djp udah kesimpen dilog password akun 🤣🤣🤣 tetep gabisa login"
18125778781514336,2026-03-26T11:19:35+00:00,0,https://www.instagram.com/reel/DV2kPF7kg__/,https://www.instagram.com/reel/DV2kPF7kg__/?comment_id=18125778781514336,scraping_instagram,hafizhroihan99,Aku mau bikin konsep spt di langkah pertama ga ada pilihan PPH PRIBADI nya
18096905996050789,2026-03-26T06:27:32+00:00,1,https://www.instagram.com/reel/DV2kPF7kg__/,https://www.instagram.com/reel/DV2kPF7kg__/?comment_id=18096905996050789,scraping_instagram,alfiansepts,keren edukasinya
18165030304412988,2026-03-26T07:33:40+00:00,0,https://www.instagram.com/reel/DV2kPF7kg__/,https://www.instagram.com/reel/DV2kPF7kg__/?comment_id=18165030304412988,scraping_instagram,riantykd,Ah aku capek dr kemarin kurang bayar terus padahal udah bayar koook bingung ah click click nya pusing kebanyak nge click 😂😂😂😂
18110189458806751,2026-03-25T10:36:26+00:00,0,https://www.instagram.com/reel/DV2kPF7kg__/,https://www.instagram.com/reel/DV2kPF7kg__/?comment_id=18110189458806751,scraping_instagram,meythanugraha,kalo uda kirim masuk ke email tapi file pdf gabisa klik (abu2) gimana kak?
18453285901105056,2026-03-26T05:36:09+00:00,0,https://www.instagram.com/reel/DV2kPF7kg__/,https://www.instagram.com/reel/DV2kPF7kg__/?comment_id=18453285901105056,scraping_instagram,linadwns93,Kak bukti potong tdk muncul gimna ?
18101872241303492,2026-03-25T03:23:37+00:00,0,https://www.instagram.com/reel/DV2kPF7kg__/,https://www.instagram.com/reel/DV2kPF7kg__/?comment_id=18101872241303492,scraping_instagram,yuniardhastuti,"kak mau tanya dong, kalo pengurus yang jadi penanggung jawab coretax (perusahaan) udah pindah, cara ganti ke pengurus yang baru gimana ya ka? mungkin kakak tau caranya, terima kasih sebelumnya ka"
18062216261342872,2026-03-26T03:45:32+00:00,0,https://www.instagram.com/reel/DV2kPF7kg__/,https://www.instagram.com/reel/DV2kPF7kg__/?comment_id=18062216261342872,scraping_instagram,gricess_craft,"Sdh verifikasi akun, disuruh login dengan lupa sandi, tapi selalu gagal itu knp y?"
17880065139396394,2026-03-25T14:31:43+00:00,0,https://www.instagram.com/reel/DV2kPF7kg__/,https://www.instagram.com/reel/DV2kPF7kg__/?comment_id=17880065139396394,scraping_instagram,avilia_cy,"Kalau irt, lapor cortex jg ga kak?"
18081866399358468,2026-03-17T07:21:37+00:00,2,https://www.instagram.com/reel/DV2kPF7kg__/,https://www.instagram.com/reel/DV2kPF7kg__/?comment_id=18081866399358468,scraping_instagram,halokulonuwun_,Yang L-1 kok harus di isi ya kak? Di isi gimana
18105373463505153,2026-03-25T14:30:07+00:00,0,https://www.instagram.com/reel/DV2kPF7kg__/,https://www.instagram.com/reel/DV2kPF7kg__/?comment_id=18105373463505153,scraping_instagram,mr.syihabuddin,"Min, jika lupa email dan no hp untuk log in. Apakah bisa diganti by online atau harus offline terkait penggantian tersebut ?"
17853593868636975,2026-03-25T12:21:11+00:00,0,https://www.instagram.com/reel/DV2kPF7kg__/,https://www.instagram.com/reel/DV2kPF7kg__/?comment_id=17853593868636975,scraping_instagram,naonweatuhahlieur,Pajak motor?
17863745658609768,2026-03-25T03:46:02+00:00,0,https://www.instagram.com/reel/DV2kPF7kg__/,https://www.instagram.com/reel/DV2kPF7kg__/?comment_id=17863745658609768,scraping_instagram,jecks_23,"G susah sebenanrya yang susah itu mau akses webnya, lambatnya minta ampun"
17948127519072685,2026-03-25T00:24:33+00:00,0,https://www.instagram.com/reel/DV2kPF7kg__/,https://www.instagram.com/reel/DV2kPF7kg__/?comment_id=17948127519072685,scraping_instagram,erick_heintje_kaligis,"Saya kurang bayar kak, tapi opsi bayar cm mandiri sm BRI, smntara saya gak punya 2 bank itu"
17855164299684720,2026-03-25T00:38:53+00:00,0,https://www.instagram.com/reel/DV2kPF7kg__/,https://www.instagram.com/reel/DV2kPF7kg__/?comment_id=17855164299684720,scraping_instagram,awan.1892,Emang klo kita gak lapor konsekuensi nya apa
18116551882728697,2026-03-24T11:46:52+00:00,0,https://www.instagram.com/reel/DV2kPF7kg__/,https://www.instagram.com/reel/DV2kPF7kg__/?comment_id=18116551882728697,scraping_instagram,nonsense_0990,Kak mau tanya..kmrn saya nulis masa pajaknya per bulan saya mulai kerja..saya pilih masa pajaknya juni 2025-desember 2025..itu ngaruh ga kak ?? Krna saya mulai kerja di bulan juni kak
17880876156509823,2026-03-24T13:31:24+00:00,0,https://www.instagram.com/reel/DV2kPF7kg__/,https://www.instagram.com/reel/DV2kPF7kg__/?comment_id=17880876156509823,scraping_instagram,ashtor_7_honeystar,"mau tny, kalao karyawan, SPT itu dpt terima jadi dari PT / Cek & input mandiri sih ?"
18159708673432373,2026-03-24T02:31:31+00:00,0,https://www.instagram.com/reel/DV2kPF7kg__/,https://www.instagram.com/reel/DV2kPF7kg__/?comment_id=18159708673432373,scraping_instagram,vindaelf,Kata sandi di coretax itu udah dikasih apa buat sendiri kak? Kertasku yg dr pendaftaran hilang
18104027521727977,2026-03-23T07:47:03+00:00,1,https://www.instagram.com/reel/DV2kPF7kg__/,https://www.instagram.com/reel/DV2kPF7kg__/?comment_id=18104027521727977,scraping_instagram,zulianbeo,Saya sengaja gak lapor biar kena denda 100rb. Secara otomatis saya menambah kas negara😎
18023787089807839,2026-03-16T12:36:15+00:00,0,https://www.instagram.com/reel/DV2kPF7kg__/,https://www.instagram.com/reel/DV2kPF7kg__/?comment_id=18023787089807839,scraping_instagram,riskierdp,Daftar coretax dulu yah di kantor pajak yah
18307196521273184,2026-03-17T15:14:19+00:00,1,https://www.instagram.com/reel/DV2kPF7kg__/,https://www.instagram.com/reel/DV2kPF7kg__/?comment_id=18307196521273184,scraping_instagram,_2026_ry,"Padahal dulu relawan pajak, tapi lupa cara lapor SPT untuk pribadinsendiri😢"
18177865252382514,2026-03-23T08:48:35+00:00,0,https://www.instagram.com/reel/DV2kPF7kg__/,https://www.instagram.com/reel/DV2kPF7kg__/?comment_id=18177865252382514,scraping_instagram,seravinus17,"Kak jika di kantor sblmnya tk/0 dan di kantor baru k/0 di tahun yang sama,apakah tidak berpengaruh? Karena status lebih bayar terus 😢"
18093077294032968,2026-03-23T11:24:52+00:00,0,https://www.instagram.com/reel/DV2kPF7kg__/,https://www.instagram.com/reel/DV2kPF7kg__/?comment_id=18093077294032968,scraping_instagram,zidanehernandya,Inimah jebakan supaya lapor LB
18061766846341086,2026-03-22T04:20:44+00:00,0,https://www.instagram.com/reel/DV2kPF7kg__/,https://www.instagram.com/reel/DV2kPF7kg__/?comment_id=18061766846341086,scraping_instagram,hieronimusdaniyuda,Kak ini kalau kita mau lapor yg bukti pemotong dikasih dari pt. Konsepnya di isi pph orang pribadi atau pph pasal 21 ya.?
18035944148581149,2026-03-16T14:51:07+00:00,1,https://www.instagram.com/reel/DV2kPF7kg__/,https://www.instagram.com/reel/DV2kPF7kg__/?comment_id=18035944148581149,scraping_instagram,irenacyntya,Hi kak. kalau pernah ganti tempat kerja apakah ada bagian yang diisinya berbeda supaya tidak kurang bayar?
18083852129352098,2026-03-20T06:38:52+00:00,0,https://www.instagram.com/reel/DV2kPF7kg__/,https://www.instagram.com/reel/DV2kPF7kg__/?comment_id=18083852129352098,scraping_instagram,thisismoyz,"Wkwk nyoba ngisi sendiri gak mudeng takut salah, alhasil ke kantor pajak pagi2 dpt antrian nomor 1 dan gak sampe 10 menit selesai hahahaha"
18039829490778035,2026-03-17T19:39:08+00:00,1,https://www.instagram.com/reel/DV2kPF7kg__/,https://www.instagram.com/reel/DV2kPF7kg__/?comment_id=18039829490778035,scraping_instagram,lembayungsenja97_,"kalo aku udah dtg langsung ke kpp aja, di arahin dan udh deh beres 🤣"
18097104679952947,2026-03-17T14:15:19+00:00,1,https://www.instagram.com/reel/DV2kPF7kg__/,https://www.instagram.com/reel/DV2kPF7kg__/?comment_id=18097104679952947,scraping_instagram,adhi90s_,Lewat hp bisa ga kak ?
18074709131451776,2026-03-17T14:37:31+00:00,0,https://www.instagram.com/reel/DV2kPF7kg__/,https://www.instagram.com/reel/DV2kPF7kg__/?comment_id=18074709131451776,scraping_instagram,rahmahs4ri,KLO lebih bayar gimana ka? Krna affiliate ka
18305430970274330,2026-03-18T09:01:54+00:00,0,https://www.instagram.com/reel/DV2kPF7kg__/,https://www.instagram.com/reel/DV2kPF7kg__/?comment_id=18305430970274330,scraping_instagram,nindasuryanni,Aku kurang bayar 239rb ga rela bgt
17847140664678614,2026-03-18T02:30:27+00:00,0,https://www.instagram.com/reel/DV2kPF7kg__/,https://www.instagram.com/reel/DV2kPF7kg__/?comment_id=17847140664678614,scraping_instagram,akang_moes23,Cara ambil arsip lampiran pajak nya gimana?
18055202921466741,2026-03-16T15:46:44+00:00,0,https://www.instagram.com/reel/DV2kPF7kg__/,https://www.instagram.com/reel/DV2kPF7kg__/?comment_id=18055202921466741,scraping_instagram,eatgoandlife,"Ka tutorial isi spt tahunan wp pribadi pekerja bebas dong kak, sama kalo isi harta tabungan tahun perolehan diisi tahun pas kapan kak? Dan kali punya LM lama tahun sebelumnya gak di laporin trus kalo tahun ini baru dilaporkan apa gak pa2?"
18570236110029268,2026-03-17T15:09:15+00:00,0,https://www.instagram.com/reel/DV2kPF7kg__/,https://www.instagram.com/reel/DV2kPF7kg__/?comment_id=18570236110029268,scraping_instagram,rudinrudinan,"Log in aja ngk bisa"" 😂"
18086595692191891,2026-03-18T00:03:58+00:00,0,https://www.instagram.com/reel/DV2kPF7kg__/,https://www.instagram.com/reel/DV2kPF7kg__/?comment_id=18086595692191891,scraping_instagram,adistyyy,"Ka aku ada kurang bayar, udh di cek di L1 tp isinya cuma dari tmpt kerja ku aja ngga ada data yg lain. Itu gmn ya ka?"
18105147073849799,2026-03-17T16:34:12+00:00,0,https://www.instagram.com/reel/DV2kPF7kg__/,https://www.instagram.com/reel/DV2kPF7kg__/?comment_id=18105147073849799,scraping_instagram,andicool522,Tetep susah Kaka
18166934590410565,2026-03-16T12:41:33+00:00,1,https://www.instagram.com/reel/DV2kPF7kg__/,https://www.instagram.com/reel/DV2kPF7kg__/?comment_id=18166934590410565,scraping_instagram,silvia.silviiaa,"finally!!! tengkyuu ka, akan kucoba nanti"
17977722263997483,2026-03-17T22:35:02+00:00,0,https://www.instagram.com/reel/DV2kPF7kg__/,https://www.instagram.com/reel/DV2kPF7kg__/?comment_id=17977722263997483,scraping_instagram,itsme.auwdepp,Makasihh
18065334767327336,2026-03-18T01:13:14+00:00,0,https://www.instagram.com/reel/DV2kPF7kg__/,https://www.instagram.com/reel/DV2kPF7kg__/?comment_id=18065334767327336,scraping_instagram,alif_sun,Kenapa punya saya ga muncul tahun pajaknya yaaa kaa
17858706870619560,2026-03-18T01:46:15+00:00,0,https://www.instagram.com/reel/DV2kPF7kg__/,https://www.instagram.com/reel/DV2kPF7kg__/?comment_id=17858706870619560,scraping_instagram,iramaniik,Kak kalo gak balance sm BPA1 gimana ?
17861451123545133,2026-03-18T01:54:00+00:00,0,https://www.instagram.com/reel/DV2kPF7kg__/,https://www.instagram.com/reel/DV2kPF7kg__/?comment_id=17861451123545133,scraping_instagram,onky_pramana,Tutorial aktivasi dulu lah mbak..krn itu yg paling susah..sdh habis plsa 50 rb buat kode di sms tp blm bs juga...
17859733749617924,2026-03-18T04:07:50+00:00,0,https://www.instagram.com/reel/DV2kPF7kg__/,https://www.instagram.com/reel/DV2kPF7kg__/?comment_id=17859733749617924,scraping_instagram,terlitasimangunsong,"lucu sih, udah ngerjain coretax terhutang 9 juta, pas tau ternyata gak real begitu. udin langsung kita buat nihil😌"
17922486450101541,2026-03-16T13:34:09+00:00,0,https://www.instagram.com/reel/DV2kPF7kg__/,https://www.instagram.com/reel/DV2kPF7kg__/?comment_id=17922486450101541,scraping_instagram,riezkyoktorawaty,"Saya ada pajak shopee affiliate, jadinya lebih bayar, gimana caranya biar Nihil ya"
17994612626924224,2026-03-16T03:36:04+00:00,1,https://www.instagram.com/reel/DV2kPF7kg__/,https://www.instagram.com/reel/DV2kPF7kg__/?comment_id=17994612626924224,scraping_instagram,yulianti_bernadet,Kalau kita pekerja lepas (freelance) apakah sama kak pengisiannya?
17856934878582742,2026-03-17T01:34:02+00:00,1,https://www.instagram.com/reel/DV2kPF7kg__/,https://www.instagram.com/reel/DV2kPF7kg__/?comment_id=17856934878582742,scraping_instagram,elsandre77,Kalau lupa EFIN wktu DJP gmna
18339280858245041,2026-03-16T02:49:29+00:00,1,https://www.instagram.com/reel/DV2kPF7kg__/,https://www.instagram.com/reel/DV2kPF7kg__/?comment_id=18339280858245041,scraping_instagram,deta_d_prayitno,Sulit
17949391905117552,2026-03-16T10:17:12+00:00,0,https://www.instagram.com/reel/DV2kPF7kg__/,https://www.instagram.com/reel/DV2kPF7kg__/?comment_id=17949391905117552,scraping_instagram,thynylongo,"Kakk kenapa pas baru mo download bukti potong kan lewat ebupot -> bukti potong saya -> pilih yg bp a1-> tahunnya desember 2025, tpi g muncul bukti potongnya kaa?"
18406218370183948,2026-03-17T07:52:38+00:00,0,https://www.instagram.com/reel/DV2kPF7kg__/,https://www.instagram.com/reel/DV2kPF7kg__/?comment_id=18406218370183948,scraping_instagram,ika.alviah,"aku ko kurang bayar terus ya, udah di coba semua ganti penghasilan tidak kena pajak tp ga ada yg 0 hasilnya ka"
18151663393453059,2026-03-16T14:41:10+00:00,1,https://www.instagram.com/reel/DV2kPF7kg__/,https://www.instagram.com/reel/DV2kPF7kg__/?comment_id=18151663393453059,scraping_instagram,fatchnurk_,"Izin tanya ka, untuk efin dari thn 2022 masih berlaku ga ya klo buat lapor di coretax? Atau harus bikin baru?"
18333478309247514,2026-03-17T06:48:38+00:00,0,https://www.instagram.com/reel/DV2kPF7kg__/,https://www.instagram.com/reel/DV2kPF7kg__/?comment_id=18333478309247514,scraping_instagram,andhikazeros,"Kak, klo yg spt tahunan not found kenapa tuh😮"
18070335545635832,2026-03-16T17:07:47+00:00,0,https://www.instagram.com/reel/DV2kPF7kg__/,https://www.instagram.com/reel/DV2kPF7kg__/?comment_id=18070335545635832,scraping_instagram,nabeelaptr_,"Aku nyoba login, tapi munculnya disuruh ganti kata sandi terus. Udah berulang kali. Nyoba daftar baru lagi, ya gak bisa karena nik nya udah terdaftar.. gmna ya kak 🥹"
18155639182446659,2026-03-16T16:56:31+00:00,0,https://www.instagram.com/reel/DV2kPF7kg__/,https://www.instagram.com/reel/DV2kPF7kg__/?comment_id=18155639182446659,scraping_instagram,novalfad,"Mau tanya dong kalo bukti potongnya gak ada keterangan K/3 dll itu gmn ya? Masa saya ada kurang bayar, apa karna harus isi L-1 dulu?"
18094542602078274,2026-03-16T09:54:35+00:00,0,https://www.instagram.com/reel/DV2kPF7kg__/,https://www.instagram.com/reel/DV2kPF7kg__/?comment_id=18094542602078274,scraping_instagram,hariutama_id,Kl NITKU pajaknya hanya muncul nama suami jd TKU an suami udah input NITKU istri tp tidak muncul2 saat di dropdown gimna cara munculin nya?
18119375209621640,2026-03-16T21:27:31+00:00,1,https://www.instagram.com/reel/DV2kPF7kg__/,https://www.instagram.com/reel/DV2kPF7kg__/?comment_id=18119375209621640,scraping_instagram,feebs.ana,Kaa finalnya itu di fitur spt dilaporkan kan abis itu selesai
18137009272534498,2026-05-14T11:05:08+00:00,0,https://www.instagram.com/reel/DV2kPF7kg__/,https://www.instagram.com/reel/DV2kPF7kg__/?comment_id=18137009272534498,scraping_instagram,paprikachanss,Halo kakak-kakak disini apakah ada pelaku e-commerce yg sudah menggunakan coretax belum ya? Kebetulan aku lagi penelitian untuk TA dan membutuhkan responden dengan kriteria tersebut🙏
18127196125608095,2026-05-01T21:07:08+00:00,0,https://www.instagram.com/reel/DV2kPF7kg__/,https://www.instagram.com/reel/DV2kPF7kg__/?comment_id=18127196125608095,scraping_instagram,momski_2el,"Kalo yg pada ikutan afiliate, dll gtu, ada pajak kecil2, jadinya bikin jadi kurang bayar, nah itu sbnernya diapain si?"
18338346736171409,2026-05-01T19:43:55+00:00,0,https://www.instagram.com/reel/DV2kPF7kg__/,https://www.instagram.com/reel/DV2kPF7kg__/?comment_id=18338346736171409,scraping_instagram,ahmaddarul18,Mudah kalau sudah login coba kalau ga bisa login ribet banget
18007843550715118,2026-05-01T18:01:55+00:00,0,https://www.instagram.com/reel/DV2kPF7kg__/,https://www.instagram.com/reel/DV2kPF7kg__/?comment_id=18007843550715118,scraping_instagram,irmaw298,"Sudah lapor belum terima bukti potongnya, gimana ya kak?"
17892452982464748,2026-05-01T12:05:16+00:00,0,https://www.instagram.com/reel/DV2kPF7kg__/,https://www.instagram.com/reel/DV2kPF7kg__/?comment_id=17892452982464748,scraping_instagram,afiyah_usman92,Kak aku boleh dm gaa
18112663819832563,2026-05-01T09:44:20+00:00,0,https://www.instagram.com/reel/DV2kPF7kg__/,https://www.instagram.com/reel/DV2kPF7kg__/?comment_id=18112663819832563,scraping_instagram,artdraw_cyyy,"Kak,kenapa ya saya selalu gagal di bagian login padahal nomor NPWP dan sandi sudan sesuai ?"
17850844659678275,2026-05-01T00:14:34+00:00,0,https://www.instagram.com/reel/DV2kPF7kg__/,https://www.instagram.com/reel/DV2kPF7kg__/?comment_id=17850844659678275,scraping_instagram,_riskytha,"Tahun2 kemarin sangat2 terbantu dengan adanya kaka² pojok pajak yg ada dibeberapa titik per wilayah nya, sy gak pusing2 lagi setelah hampir 10kali mencoba tapi gagal semua saat itu, akhirnya ngantri di salah satu pojok pajak yg ada di satu lokasi... Kita tinggal ngasih bukti slip gaji/keterangan pajak yg kita dapat di email, trus kaka² pojok pajak yg bantu isikan, ternyata ada yg tidak perlu di isi, ada yg harus di isi & maka dari itu hampir 10kali isi sendiri gagal😂. Dan tanya²... Ternyata sinyal juga salah satu faktor penting nya, eh tahun ini kaka² pojok pajak gak ada dong... Sedih lah pokok nya😢"
18101008949285514,2026-04-30T22:57:25+00:00,0,https://www.instagram.com/reel/DV2kPF7kg__/,https://www.instagram.com/reel/DV2kPF7kg__/?comment_id=18101008949285514,scraping_instagram,its.me3412,Ka kalau punya proyek subsidi perumahan gimana ya?
18109038923509495,2026-04-29T15:45:43+00:00,0,https://www.instagram.com/reel/DV2kPF7kg__/,https://www.instagram.com/reel/DV2kPF7kg__/?comment_id=18109038923509495,scraping_instagram,ekaa_md,"Emailku masa aneh tau2 jadi email alay 😭 ada yg tau gak ya kenapa, jd pas lupa passoword minta email diisi emailku ga mau, trs aku isi no.hp nah pas udh dpt link reset, keterangan emailnya bukan emailku."
18078512702442197,2026-04-29T05:28:35+00:00,0,https://www.instagram.com/reel/DV2kPF7kg__/,https://www.instagram.com/reel/DV2kPF7kg__/?comment_id=18078512702442197,scraping_instagram,adityabeyonce,"Ka @lusiasilaban_ saya thn lalu online dpj aplikasi. Klo cortex, sy langsung login atau hrs klik yg bacaa n aktivasi akun wajib pajak ka. Mhn bantuanny ka"
18088367954612009,2026-04-23T03:04:21+00:00,0,https://www.instagram.com/reel/DV2kPF7kg__/,https://www.instagram.com/reel/DV2kPF7kg__/?comment_id=18088367954612009,scraping_instagram,r_mdiii,Bagian H-J di isi apa?
18581012677049638,2026-04-08T03:09:08+00:00,0,https://www.instagram.com/reel/DV2kPF7kg__/,https://www.instagram.com/reel/DV2kPF7kg__/?comment_id=18581012677049638,scraping_instagram,souleherman,Hari sabtu buka ngga
18160269280432255,2026-04-03T12:42:31+00:00,0,https://www.instagram.com/reel/DV2kPF7kg__/,https://www.instagram.com/reel/DV2kPF7kg__/?comment_id=18160269280432255,scraping_instagram,heserthw,Baru dftr gagal trs
18083532962371000,2026-04-03T03:29:55+00:00,0,https://www.instagram.com/reel/DV2kPF7kg__/,https://www.instagram.com/reel/DV2kPF7kg__/?comment_id=18083532962371000,scraping_instagram,meos.ams,Bikin akun dlu ya kak ??
18085393463353393,2026-04-02T15:59:37+00:00,0,https://www.instagram.com/reel/DV2kPF7kg__/,https://www.instagram.com/reel/DV2kPF7kg__/?comment_id=18085393463353393,scraping_instagram,sitinurhayatiputri_,@sabiladinard semoga membantu kita
18121529320720128,2026-04-01T14:57:57+00:00,0,https://www.instagram.com/reel/DV2kPF7kg__/,https://www.instagram.com/reel/DV2kPF7kg__/?comment_id=18121529320720128,scraping_instagram,dewaputrajayantika,"Lebih bayar, tapi tidak bisa isikan rekening bank, gimana itu kak @lusiasilaban_"
17992123199955326,2026-04-01T12:47:18+00:00,0,https://www.instagram.com/reel/DV2kPF7kg__/,https://www.instagram.com/reel/DV2kPF7kg__/?comment_id=17992123199955326,scraping_instagram,arifyulianto368,"Log in aja gk bisa², sistem gk jelas emang, nungguin emal buat ganti pasword aja gk masuk², payah, ngribetin"
17918074149329518,2026-04-01T12:23:52+00:00,1,https://www.instagram.com/reel/DV2kPF7kg__/,https://www.instagram.com/reel/DV2kPF7kg__/?comment_id=17918074149329518,scraping_instagram,yuli_irsanto8,Kak klau saya telat bagaimana ya ?
17944865106160211,2026-04-01T07:56:31+00:00,0,https://www.instagram.com/reel/DV2kPF7kg__/,https://www.instagram.com/reel/DV2kPF7kg__/?comment_id=17944865106160211,scraping_instagram,itsriaeksa,"kak kalo aku uda keluar dr kerjaan lama trus sekarang  lg ga kerja tp mau kerja lagi ntar blm tahu kapan nya, itu perlu lapor apa mending nonaktifkan? statusku uda nikahh ini rest kerja karna ada anak"
18100100221786855,2026-04-01T05:10:49+00:00,0,https://www.instagram.com/reel/DV2kPF7kg__/,https://www.instagram.com/reel/DV2kPF7kg__/?comment_id=18100100221786855,scraping_instagram,kristo_berto,Yang susah itu ngisi L-1 😢😢
18113419300739114,2026-03-31T23:47:16+00:00,0,https://www.instagram.com/reel/DV2kPF7kg__/,https://www.instagram.com/reel/DV2kPF7kg__/?comment_id=18113419300739114,scraping_instagram,graha21,Kalau periode Juli-Desember apakah tetap lapor?
17933840898215705,2026-03-31T22:33:20+00:00,0,https://www.instagram.com/reel/DV2kPF7kg__/,https://www.instagram.com/reel/DV2kPF7kg__/?comment_id=17933840898215705,scraping_instagram,evamarthak,"Setelah isi harus nya NIHIL ya,kok aku kurang bayar😂"
18058669370450414,2026-03-31T16:23:16+00:00,0,https://www.instagram.com/reel/DV2kPF7kg__/,https://www.instagram.com/reel/DV2kPF7kg__/?comment_id=18058669370450414,scraping_instagram,onyenkonyenk_,"Kak, sebelumnya kan belum pake coretax ya.. Ini harus registasi ulang kah?"
18196342879346847,2026-03-31T16:13:44+00:00,0,https://www.instagram.com/reel/DV2kPF7kg__/,https://www.instagram.com/reel/DV2kPF7kg__/?comment_id=18196342879346847,scraping_instagram,yulianaaasn,Poin D penghasilan Neto dalam Negeri dan pejerjaan itu nik/NPWP atasan kita ka ?
18107138302850741,2026-03-31T16:09:32+00:00,0,https://www.instagram.com/reel/DV2kPF7kg__/,https://www.instagram.com/reel/DV2kPF7kg__/?comment_id=18107138302850741,scraping_instagram,warisoen40,😢
18084871499010861,2026-03-31T14:25:03+00:00,0,https://www.instagram.com/reel/DV2kPF7kg__/,https://www.instagram.com/reel/DV2kPF7kg__/?comment_id=18084871499010861,scraping_instagram,yulianaaasn,Masih bisa gak yah ka ? Kemarin tgl 29 pilihan tahun pajak nya tidak muncul terus
18097326362111691,2026-03-31T11:37:22+00:00,0,https://www.instagram.com/reel/DV2kPF7kg__/,https://www.instagram.com/reel/DV2kPF7kg__/?comment_id=18097326362111691,scraping_instagram,shahrulm.xbt,Klo status npwp tidak aktif apa harus me gaktofkan dulu dikantor pajak
18132936616557135,2026-03-31T07:48:34+00:00,0,https://www.instagram.com/reel/DV2kPF7kg__/,https://www.instagram.com/reel/DV2kPF7kg__/?comment_id=18132936616557135,scraping_instagram,sigittt93,saya tidak muncul pilihan pph org pribadi gmna ya?
18081143975086702,2026-03-31T07:48:08+00:00,0,https://www.instagram.com/reel/DV2kPF7kg__/,https://www.instagram.com/reel/DV2kPF7kg__/?comment_id=18081143975086702,scraping_instagram,rizkyarifhanafi,"PTKP tidak bisa dipilih, error kah kak?"
17939884932177714,2026-03-31T06:12:29+00:00,0,https://www.instagram.com/reel/DV2kPF7kg__/,https://www.instagram.com/reel/DV2kPF7kg__/?comment_id=17939884932177714,scraping_instagram,anotherday1919,Kak di  induk status nihil. L-1 dan L-4 nya diisi lagi ga??
18098929405956448,2026-03-31T04:59:57+00:00,0,https://www.instagram.com/reel/DV2kPF7kg__/,https://www.instagram.com/reel/DV2kPF7kg__/?comment_id=18098929405956448,scraping_instagram,herlambang.growth,"Ijin bertanya, perbedaan pisah Harta, sama memilih terpisah apa ya?🙌🏻"
18524716312078639,2026-03-31T04:31:18+00:00,0,https://www.instagram.com/reel/DV2kPF7kg__/,https://www.instagram.com/reel/DV2kPF7kg__/?comment_id=18524716312078639,scraping_instagram,paullyaelahhhh,"Situsnya kadang kiding, mau masuk lag bgt sialan"
18309025207272933,2026-03-31T01:04:39+00:00,0,https://www.instagram.com/reel/DV2kPF7kg__/,https://www.instagram.com/reel/DV2kPF7kg__/?comment_id=18309025207272933,scraping_instagram,buatbayarsks,"T/0 T/1 T/2 K/0 K/1 K/2 itu gimana kak isiannya? Sudah menikah, tapi bukti potong masih T/0 sehingga yang keluar tetap lebih bayar. Padahal bagusnya kurang bayar...."
18393720826155362,2026-03-31T00:15:28+00:00,0,https://www.instagram.com/reel/DV2kPF7kg__/,https://www.instagram.com/reel/DV2kPF7kg__/?comment_id=18393720826155362,scraping_instagram,dhewi_anang,"Masih mentok di poin 6, selalu minta reset, pakai no hp tapi ga ada notif masuk."
18111367648622409,2026-03-30T14:38:46+00:00,0,https://www.instagram.com/reel/DV2kPF7kg__/,https://www.instagram.com/reel/DV2kPF7kg__/?comment_id=18111367648622409,scraping_instagram,veronicanovii,"Kak, PTKP yang sesuai itu gimana ya?"
17867921400600073,2026-03-30T12:44:02+00:00,0,https://www.instagram.com/reel/DV2kPF7kg__/,https://www.instagram.com/reel/DV2kPF7kg__/?comment_id=17867921400600073,scraping_instagram,afifaaahda,"Kak, punya ku ko gabisa login yaa😢"
18106283461890822,2026-03-30T12:31:33+00:00,1,https://www.instagram.com/reel/DV2kPF7kg__/,https://www.instagram.com/reel/DV2kPF7kg__/?comment_id=18106283461890822,scraping_instagram,duy.yudiana,"Perubahan itu kirain makin mudah tau nya makin rumit, error, data tidak sesuai. 😢"
17887783713460663,2026-03-30T11:21:21+00:00,0,https://www.instagram.com/reel/DV2kPF7kg__/,https://www.instagram.com/reel/DV2kPF7kg__/?comment_id=17887783713460663,scraping_instagram,abdullahhanif10,"Susah bgt nihil nya, bingung salahnya dimana 😢"
17979329519990008,2026-03-30T11:19:34+00:00,0,https://www.instagram.com/reel/DV2kPF7kg__/,https://www.instagram.com/reel/DV2kPF7kg__/?comment_id=17979329519990008,scraping_instagram,utarinoerpratiwi.amd.kep,Kak jika saya pindah kerja apa NPWP yang tempat kerja sebelumnya harus di nonaktifkan
18154932841443282,2026-03-30T11:03:05+00:00,0,https://www.instagram.com/reel/DV2kPF7kg__/,https://www.instagram.com/reel/DV2kPF7kg__/?comment_id=18154932841443282,scraping_instagram,apriyes,"Kalo lebih bayar, gimana tuh?"
18083037020360547,2026-03-30T05:06:55+00:00,1,https://www.instagram.com/reel/DV2kPF7kg__/,https://www.instagram.com/reel/DV2kPF7kg__/?comment_id=18083037020360547,scraping_instagram,rynn.25,Terakhir lapor pajak tgl brp ya
17879967636540486,2026-03-30T04:45:28+00:00,0,https://www.instagram.com/reel/DV2kPF7kg__/,https://www.instagram.com/reel/DV2kPF7kg__/?comment_id=17879967636540486,scraping_instagram,rntjlwn,Tetap aja pusing bacanya😭 dah gue urus ke kantornya lgsung.Yg ngerjain staffnya
18111161239693726,2026-03-30T02:07:37+00:00,0,https://www.instagram.com/reel/DV2kPF7kg__/,https://www.instagram.com/reel/DV2kPF7kg__/?comment_id=18111161239693726,scraping_instagram,lukaszinsigne,Halo kak Boleh tanyak untuk pengisin form yang L-5 itu gimana ya bingung dari kemarin
18141993265494829,2026-03-30T01:34:14+00:00,0,https://www.instagram.com/reel/DV2kPF7kg__/,https://www.instagram.com/reel/DV2kPF7kg__/?comment_id=18141993265494829,scraping_instagram,novieta9,Masih belum paham untuk isi sendiri di rumah 😒😒😒 Toloong pusing dan males ngantri di kantor pajak padahal udah bayar pajak dan tiap barang pun di pajak kin tapi kenapa harus repot untuk lapor juga
17967438600043765,2026-03-29T23:13:15+00:00,0,https://www.instagram.com/reel/DV2kPF7kg__/,https://www.instagram.com/reel/DV2kPF7kg__/?comment_id=17967438600043765,scraping_instagram,alkarawanjie,"Kak, PTKP itu apa ya, kak? K/1, K/2, dst. Itu maksudnya apa?"
18080908235610510,2026-03-29T13:55:42+00:00,0,https://www.instagram.com/reel/DV2kPF7kg__/,https://www.instagram.com/reel/DV2kPF7kg__/?comment_id=18080908235610510,scraping_instagram,my_wakandha,Yg jdi masalah itu kudu gnti pasword dlu sedangkan kita login untuk minta pasword ajj udh susahhe mnta ampun/kdang mlah gk di kirim²..😮
18112097794683248,2026-03-29T09:38:12+00:00,0,https://www.instagram.com/reel/DV2kPF7kg__/,https://www.instagram.com/reel/DV2kPF7kg__/?comment_id=18112097794683248,scraping_instagram,fara_barra,Gunanya apaan?
18124305385580450,2026-03-29T06:36:13+00:00,0,https://www.instagram.com/reel/DV2kPF7kg__/,https://www.instagram.com/reel/DV2kPF7kg__/?comment_id=18124305385580450,scraping_instagram,subargaw,"Kak kalau nomor telponya tidak aktif bagaimana ya,karena activasi nomor telpon sama email"
18170790901404991,2026-03-29T04:50:43+00:00,0,https://www.instagram.com/reel/DV2kPF7kg__/,https://www.instagram.com/reel/DV2kPF7kg__/?comment_id=18170790901404991,scraping_instagram,supriantomanalu_,Kata sandi buat sendiri kah?
18116409139641738,2026-03-28T13:17:15+00:00,0,https://www.instagram.com/reel/DV2kPF7kg__/,https://www.instagram.com/reel/DV2kPF7kg__/?comment_id=18116409139641738,scraping_instagram,ikha.nurhayatii,Kak klo suami istri masih pisah npwp nya cara nya sama aja atau gmn ya 🙏🏻
17886925074354275,2026-03-28T12:06:40+00:00,0,https://www.instagram.com/reel/DV2kPF7kg__/,https://www.instagram.com/reel/DV2kPF7kg__/?comment_id=17886925074354275,scraping_instagram,nero.storeid,Bisa dibantu spt badan cv umkm
18096666800071028,2026-03-28T07:42:01+00:00,0,https://www.instagram.com/reel/DV2kPF7kg__/,https://www.instagram.com/reel/DV2kPF7kg__/?comment_id=18096666800071028,scraping_instagram,edomenoq,Ribet 😂
18097878868823301,2026-03-28T04:13:31+00:00,0,https://www.instagram.com/reel/DV2kPF7kg__/,https://www.instagram.com/reel/DV2kPF7kg__/?comment_id=18097878868823301,scraping_instagram,agussusanto.as68,"Ga ngerti ngisi L-1 nya,, enakan yg kemarin pake e-filling"
18089203279957347,2026-03-28T02:20:34+00:00,0,https://www.instagram.com/reel/DV2kPF7kg__/,https://www.instagram.com/reel/DV2kPF7kg__/?comment_id=18089203279957347,scraping_instagram,agunghead,Sekarang keterangan nya Normal ya bukan nihil
18106644865683524,2026-03-28T01:59:57+00:00,0,https://www.instagram.com/reel/DV2kPF7kg__/,https://www.instagram.com/reel/DV2kPF7kg__/?comment_id=18106644865683524,scraping_instagram,setiadipitoyo,"Pilih periode dan tahun tidak muncul bulan, mohon solusinya bro sis?"
18002673311885868,2026-03-28T01:51:35+00:00,0,https://www.instagram.com/reel/DV2kPF7kg__/,https://www.instagram.com/reel/DV2kPF7kg__/?comment_id=18002673311885868,scraping_instagram,opqrsanss,"Jangan dibiasain, orang udh bayar malah diribet suruh lapor 😂"
17951738306960008,2026-03-27T14:57:42+00:00,0,https://www.instagram.com/reel/DV2kPF7kg__/,https://www.instagram.com/reel/DV2kPF7kg__/?comment_id=17951738306960008,scraping_instagram,ikhwanulkirom15,"Kak mau tanya, kalo “kurang bayar” itu apa yg salah secara kan gue kerja di pabrik atau mungkin karna affiliate ya?"
18535451779071239,2026-03-27T14:44:14+00:00,0,https://www.instagram.com/reel/DV2kPF7kg__/,https://www.instagram.com/reel/DV2kPF7kg__/?comment_id=18535451779071239,scraping_instagram,ayniaf,"Ngisiin punya atasan iyaa emg gampang, giliran punya gue usernamenya ga ditemukan muluuuu😭😭😭👎🏻👎🏻👎🏻👎🏻"
18576266878021724,2026-03-27T12:07:46+00:00,0,https://www.instagram.com/reel/DV2kPF7kg__/,https://www.instagram.com/reel/DV2kPF7kg__/?comment_id=18576266878021724,scraping_instagram,dwimmanoban,Udah sampe L1 terus gatau lagi
17944072086149945,2026-03-27T09:29:41+00:00,0,https://www.instagram.com/reel/DV2kPF7kg__/,https://www.instagram.com/reel/DV2kPF7kg__/?comment_id=17944072086149945,scraping_instagram,satyadharmaaaaa,Kak cara daftar ke cortax perlu ke kantor pajak dulu kah?
18078012824565870,2026-03-27T08:10:54+00:00,0,https://www.instagram.com/reel/DV2kPF7kg__/,https://www.instagram.com/reel/DV2kPF7kg__/?comment_id=18078012824565870,scraping_instagram,_homo_homini_lupus_1,Kalau pajak badan gimana kak?
18145620442485751,2026-03-27T06:35:03+00:00,0,https://www.instagram.com/reel/DV2kPF7kg__/,https://www.instagram.com/reel/DV2kPF7kg__/?comment_id=18145620442485751,scraping_instagram,moris12353,Klo udh 1 tahun/tidak bekerja apa tetap harus lapor pajak?
18119826775626094,2026-03-27T05:40:43+00:00,0,https://www.instagram.com/reel/DV2kPF7kg__/,https://www.instagram.com/reel/DV2kPF7kg__/?comment_id=18119826775626094,scraping_instagram,mama_dikry,"Mau tanya kak, aku kan kena lay off terus belum dapat bukti potong dari HRD/payroll, mau lapor SPT tahunannya gimana ya kak...?? Dan misal klo harus ke kpp terdekat apa aja yang harus disiapin"
17872921581457557,2026-03-27T05:34:21+00:00,0,https://www.instagram.com/reel/DV2kPF7kg__/,https://www.instagram.com/reel/DV2kPF7kg__/?comment_id=17872921581457557,scraping_instagram,drg_miibancin,"Mau tanya kak, kalo yang istri sudah lapor pajaknya, terus yag suami suruh isi L-4 alhasil gailji istri juga tergabung dan jadinya kurang bayar itu gimn ya kak?"
17955098862107215,2026-03-27T05:31:11+00:00,0,https://www.instagram.com/reel/DV2kPF7kg__/,https://www.instagram.com/reel/DV2kPF7kg__/?comment_id=17955098862107215,scraping_instagram,sufitno_s,"Gak semudah itu mengisi SPT tahunan di coretax, sering eror aplikasi web nya."
17901739770242197,2026-03-27T03:59:10+00:00,0,https://www.instagram.com/reel/DV2kPF7kg__/,https://www.instagram.com/reel/DV2kPF7kg__/?comment_id=17901739770242197,scraping_instagram,egagustinas,"Kalau emailnya berubah sendiri harus gimana ya? Mau log in susah terus, ubah kata sandipun gabisa krn harus ada email"
18097470980076774,2026-03-27T03:21:43+00:00,0,https://www.instagram.com/reel/DV2kPF7kg__/,https://www.instagram.com/reel/DV2kPF7kg__/?comment_id=18097470980076774,scraping_instagram,riana8031,Masuk nya aja engga bisa aq gimana ini.. 😫
18166761562412472,2026-03-27T02:37:57+00:00,0,https://www.instagram.com/reel/DV2kPF7kg__/,https://www.instagram.com/reel/DV2kPF7kg__/?comment_id=18166761562412472,scraping_instagram,risanurdzanah,"Ka, aku ada lebih bayar, kalau pengen di nol kan gimana, biar gak ribet"
18122732737579933,2026-03-27T02:16:18+00:00,0,https://www.instagram.com/reel/DV2kPF7kg__/,https://www.instagram.com/reel/DV2kPF7kg__/?comment_id=18122732737579933,scraping_instagram,mschimmy_,kalau SPTnya ngak ada dilist itu gimana ya? di menu dokumen/pun di ebupot
18062378564347972,2026-03-27T02:11:08+00:00,0,https://www.instagram.com/reel/DV2kPF7kg__/,https://www.instagram.com/reel/DV2kPF7kg__/?comment_id=18062378564347972,scraping_instagram,yk1106_,Kalo status npwp non aktif apa perlu lapor spt pribadi? Tapi punya bupot nya?
18097805287996370,2026-03-27T01:16:42+00:00,0,https://www.instagram.com/reel/DV2kPF7kg__/,https://www.instagram.com/reel/DV2kPF7kg__/?comment_id=18097805287996370,scraping_instagram,erinriamardani,"Ka aku baru mau isi spt hr ini, jika ada kesulitan bisa ku dm kah?"
18317316604254992,2026-03-26T17:21:29+00:00,0,https://www.instagram.com/reel/DV2kPF7kg__/,https://www.instagram.com/reel/DV2kPF7kg__/?comment_id=18317316604254992,scraping_instagram,aryanda_danatama,Kalau suami gabung dengan istri dan istri dalam 1 tahun ada 2 tempat kerja itu bagaimana ya ka?
18081435599074625,2026-03-26T16:38:00+00:00,0,https://www.instagram.com/reel/DV2kPF7kg__/,https://www.instagram.com/reel/DV2kPF7kg__/?comment_id=18081435599074625,scraping_instagram,vanriz_zio,"Kak klo aku baru kerja bulan ini, dan baru terima gaji pertama ku akhir bulan apa tetep harus lapor ya?"
17982349793985893,2026-03-26T16:11:23+00:00,0,https://www.instagram.com/reel/DV2kPF7kg__/,https://www.instagram.com/reel/DV2kPF7kg__/?comment_id=17982349793985893,scraping_instagram,eka_rosiana,Klo yg NPWP nyatu sama suami sama y kk langkah nya?
18114690403600009,2026-03-26T14:40:47+00:00,0,https://www.instagram.com/reel/DV2kPF7kg__/,https://www.instagram.com/reel/DV2kPF7kg__/?comment_id=18114690403600009,scraping_instagram,rizam212,Nuhuuunnn
17877017337551995,2026-03-26T14:34:32+00:00,0,https://www.instagram.com/reel/DV2kPF7kg__/,https://www.instagram.com/reel/DV2kPF7kg__/?comment_id=17877017337551995,scraping_instagram,ayumantrani,Aku masih stuck di aktivasi. Heraan gagal muluu 😢
17994173720931092,2026-03-26T13:15:46+00:00,0,https://www.instagram.com/reel/DV2kPF7kg__/,https://www.instagram.com/reel/DV2kPF7kg__/?comment_id=17994173720931092,scraping_instagram,che_gembox,@ditjenpajakri @kemenkeuri biar meraka yg kerjakan.. Kita tinggal bayar... Jangan bayar juga suruh ngerjain jg... Terus merek ngapain
18368370169202163,2026-03-26T12:18:56+00:00,0,https://www.instagram.com/reel/DV2kPF7kg__/,https://www.instagram.com/reel/DV2kPF7kg__/?comment_id=18368370169202163,scraping_instagram,marceu_gram,br beres tadi lapor... muahahahahha
18091011965163656,2026-03-26T12:11:30+00:00,0,https://www.instagram.com/reel/DV2kPF7kg__/,https://www.instagram.com/reel/DV2kPF7kg__/?comment_id=18091011965163656,scraping_instagram,widyapratama17,"baru mau lapor spt, malah ada info kurang bayar, ini mksd ya gmn ka ?"
18064405010667020,2026-03-26T11:59:52+00:00,0,https://www.instagram.com/reel/DV2kPF7kg__/,https://www.instagram.com/reel/DV2kPF7kg__/?comment_id=18064405010667020,scraping_instagram,gbrltfndty,"Login aja gabisa 🤣 klik lupa password masukin NIK gak ditemukan, coba daftar NIK udah kedaftar. Rempomg bet dah, padahal email sama pw dari djp udah kesimpen dilog password akun 🤣🤣🤣 tetep gabisa login"
18125778781514336,2026-03-26T11:19:35+00:00,0,https://www.instagram.com/reel/DV2kPF7kg__/,https://www.instagram.com/reel/DV2kPF7kg__/?comment_id=18125778781514336,scraping_instagram,hafizhroihan99,Aku mau bikin konsep spt di langkah pertama ga ada pilihan PPH PRIBADI nya
18060647849700951,2026-03-26T11:15:04+00:00,1,https://www.instagram.com/reel/DV2kPF7kg__/,https://www.instagram.com/reel/DV2kPF7kg__/?comment_id=18060647849700951,scraping_instagram,rinirhyndirahastuti,"Ka klo data e bupot selalu muncul pas mau lapor dan bayar kenapa yaa?
Status spt udah nihil"
17908782729364039,2026-03-26T10:49:30+00:00,0,https://www.instagram.com/reel/DV2kPF7kg__/,https://www.instagram.com/reel/DV2kPF7kg__/?comment_id=17908782729364039,scraping_instagram,pay.thrash,NYUSAHIN
17875589877438026,2026-03-26T10:30:25+00:00,0,https://www.instagram.com/reel/DV2kPF7kg__/,https://www.instagram.com/reel/DV2kPF7kg__/?comment_id=17875589877438026,scraping_instagram,shyntako,"Ribet, mau ubah/update data aja lama bgt diresponnya di coretax, byk error"
18110340340695207,2026-03-26T08:10:31+00:00,0,https://www.instagram.com/reel/DV2kPF7kg__/,https://www.instagram.com/reel/DV2kPF7kg__/?comment_id=18110340340695207,scraping_instagram,citrahardita,aku sudah nihil tapi malah ada tulisan ada update e-bupot dan harus isi ulang. udah isi ulag tapi tetep begitu terus
18165030304412988,2026-03-26T07:33:40+00:00,0,https://www.instagram.com/reel/DV2kPF7kg__/,https://www.instagram.com/reel/DV2kPF7kg__/?comment_id=18165030304412988,scraping_instagram,riantykd,Ah aku capek dr kemarin kurang bayar terus padahal udah bayar koook bingung ah click click nya pusing kebanyak nge click 😂😂😂😂
18096905996050789,2026-03-26T06:27:32+00:00,1,https://www.instagram.com/reel/DV2kPF7kg__/,https://www.instagram.com/reel/DV2kPF7kg__/?comment_id=18096905996050789,scraping_instagram,alfiansepts,keren edukasinya
17983928681808272,2026-03-26T06:22:03+00:00,0,https://www.instagram.com/reel/DV2kPF7kg__/,https://www.instagram.com/reel/DV2kPF7kg__/?comment_id=17983928681808272,scraping_instagram,ariscoolman,"Mudah kak kalo yg sudh terbiasa,kita kesulitan krna msh bingung kok bisa kurang bayar trus😆❤️🔥"
18039096716569807,2026-03-26T05:57:37+00:00,0,https://www.instagram.com/reel/DV2kPF7kg__/,https://www.instagram.com/reel/DV2kPF7kg__/?comment_id=18039096716569807,scraping_instagram,bellaart28_,Diundur utk spt pribadi.. ada pernyataan pak Purbaya di kompas. Trakhir di akhir april
18110912797776957,2026-03-26T05:56:27+00:00,0,https://www.instagram.com/reel/DV2kPF7kg__/,https://www.instagram.com/reel/DV2kPF7kg__/?comment_id=18110912797776957,scraping_instagram,zulfahendri1997,Apa yg terjadi klw udah 2 tahun gak lapor SPT?
18453285901105056,2026-03-26T05:36:09+00:00,0,https://www.instagram.com/reel/DV2kPF7kg__/,https://www.instagram.com/reel/DV2kPF7kg__/?comment_id=18453285901105056,scraping_instagram,linadwns93,Kak bukti potong tdk muncul gimna ?
18062216261342872,2026-03-26T03:45:32+00:00,0,https://www.instagram.com/reel/DV2kPF7kg__/,https://www.instagram.com/reel/DV2kPF7kg__/?comment_id=18062216261342872,scraping_instagram,gricess_craft,"Sdh verifikasi akun, disuruh login dengan lupa sandi, tapi selalu gagal itu knp y?"
18075032711182544,2026-03-26T01:13:01+00:00,0,https://www.instagram.com/reel/DV2kPF7kg__/,https://www.instagram.com/reel/DV2kPF7kg__/?comment_id=18075032711182544,scraping_instagram,gbsputri,kalo SPT non PerOrangan gimana kak caranya?
18016265738665709,2026-03-26T00:00:10+00:00,0,https://www.instagram.com/reel/DV2kPF7kg__/,https://www.instagram.com/reel/DV2kPF7kg__/?comment_id=18016265738665709,scraping_instagram,dyah.a.pitaloka,ayoo di isi @aishah_annisaa
18067543322306254,2026-03-25T23:04:23+00:00,0,https://www.instagram.com/reel/DV2kPF7kg__/,https://www.instagram.com/reel/DV2kPF7kg__/?comment_id=18067543322306254,scraping_instagram,biya_grandma,Tks yaa atas infonya ...
17890070025448974,2026-03-25T16:51:38+00:00,0,https://www.instagram.com/reel/DV2kPF7kg__/,https://www.instagram.com/reel/DV2kPF7kg__/?comment_id=17890070025448974,scraping_instagram,tmalasari03,Ka..aq lebih bayar terus..untuk kolom L1 bagian E apa harus dihapus bupot yang dari leasing (kebetulan ada kredit kendaraan)agar nihil?
17865404103607000,2026-03-25T15:08:14+00:00,0,https://www.instagram.com/reel/DV2kPF7kg__/,https://www.instagram.com/reel/DV2kPF7kg__/?comment_id=17865404103607000,scraping_instagram,els.anita,Ga bisaaaaa😢😢 poseng
17880065139396394,2026-03-25T14:31:43+00:00,0,https://www.instagram.com/reel/DV2kPF7kg__/,https://www.instagram.com/reel/DV2kPF7kg__/?comment_id=17880065139396394,scraping_instagram,avilia_cy,"Kalau irt, lapor cortex jg ga kak?"
18105373463505153,2026-03-25T14:30:07+00:00,0,https://www.instagram.com/reel/DV2kPF7kg__/,https://www.instagram.com/reel/DV2kPF7kg__/?comment_id=18105373463505153,scraping_instagram,mr.syihabuddin,"Min, jika lupa email dan no hp untuk log in. Apakah bisa diganti by online atau harus offline terkait penggantian tersebut ?"
18145753477471014,2026-03-25T13:59:51+00:00,0,https://www.instagram.com/reel/DV2kPF7kg__/,https://www.instagram.com/reel/DV2kPF7kg__/?comment_id=18145753477471014,scraping_instagram,childa_kholidah,Kalo lebih bayar gimana?
18416400922123432,2026-03-25T12:45:17+00:00,0,https://www.instagram.com/reel/DV2kPF7kg__/,https://www.instagram.com/reel/DV2kPF7kg__/?comment_id=18416400922123432,scraping_instagram,rskyamaliaa,Yg gatau kenapa bisa kurang bayar 5jt+ dan akhirnya gajadi lapor wkwk🙋🏻‍♀️🙋🏻‍♀️
17853593868636975,2026-03-25T12:21:11+00:00,0,https://www.instagram.com/reel/DV2kPF7kg__/,https://www.instagram.com/reel/DV2kPF7kg__/?comment_id=17853593868636975,scraping_instagram,naonweatuhahlieur,Pajak motor?
18093114833029538,2026-03-25T11:05:23+00:00,0,https://www.instagram.com/reel/DV2kPF7kg__/,https://www.instagram.com/reel/DV2kPF7kg__/?comment_id=18093114833029538,scraping_instagram,4d1_s4put124,Gagal total kak.. 😂😂
18110189458806751,2026-03-25T10:36:26+00:00,0,https://www.instagram.com/reel/DV2kPF7kg__/,https://www.instagram.com/reel/DV2kPF7kg__/?comment_id=18110189458806751,scraping_instagram,meythanugraha,kalo uda kirim masuk ke email tapi file pdf gabisa klik (abu2) gimana kak?
17938684179176833,2026-03-25T09:32:55+00:00,0,https://www.instagram.com/reel/DV2kPF7kg__/,https://www.instagram.com/reel/DV2kPF7kg__/?comment_id=17938684179176833,scraping_instagram,cincau.cendol_,Tim yg Dr login udh gakbisa😢
18095971730008432,2026-03-25T05:20:56+00:00,0,https://www.instagram.com/reel/DV2kPF7kg__/,https://www.instagram.com/reel/DV2kPF7kg__/?comment_id=18095971730008432,scraping_instagram,rullsrmdn,"Ribettt, lsg ke kantor pajak auto beres"
17863745658609768,2026-03-25T03:46:02+00:00,0,https://www.instagram.com/reel/DV2kPF7kg__/,https://www.instagram.com/reel/DV2kPF7kg__/?comment_id=17863745658609768,scraping_instagram,jecks_23,"G susah sebenanrya yang susah itu mau akses webnya, lambatnya minta ampun"
18101872241303492,2026-03-25T03:23:37+00:00,0,https://www.instagram.com/reel/DV2kPF7kg__/,https://www.instagram.com/reel/DV2kPF7kg__/?comment_id=18101872241303492,scraping_instagram,yuniardhastuti,"kak mau tanya dong, kalo pengurus yang jadi penanggung jawab coretax (perusahaan) udah pindah, cara ganti ke pengurus yang baru gimana ya ka? mungkin kakak tau caranya, terima kasih sebelumnya ka"
18389461075158395,2026-03-25T02:59:47+00:00,0,https://www.instagram.com/reel/DV2kPF7kg__/,https://www.instagram.com/reel/DV2kPF7kg__/?comment_id=18389461075158395,scraping_instagram,utamisyah22,Kalo untuk pekerjaan bebas tutorial nu gmn kak?
17976215372840054,2026-03-25T02:29:00+00:00,0,https://www.instagram.com/reel/DV2kPF7kg__/,https://www.instagram.com/reel/DV2kPF7kg__/?comment_id=17976215372840054,scraping_instagram,ika_pakarti1,Kak gak ada upload2 pdf peredaran bruto kan ya?
17855164299684720,2026-03-25T00:38:53+00:00,0,https://www.instagram.com/reel/DV2kPF7kg__/,https://www.instagram.com/reel/DV2kPF7kg__/?comment_id=17855164299684720,scraping_instagram,awan.1892,Emang klo kita gak lapor konsekuensi nya apa
17948127519072685,2026-03-25T00:24:33+00:00,0,https://www.instagram.com/reel/DV2kPF7kg__/,https://www.instagram.com/reel/DV2kPF7kg__/?comment_id=17948127519072685,scraping_instagram,erick_heintje_kaligis,"Saya kurang bayar kak, tapi opsi bayar cm mandiri sm BRI, smntara saya gak punya 2 bank itu"
18111084607616245,2026-03-24T22:15:27+00:00,0,https://www.instagram.com/reel/DV2kPF7kg__/,https://www.instagram.com/reel/DV2kPF7kg__/?comment_id=18111084607616245,scraping_instagram,delamrnurdin02,"Masih belum pahan soal pajak, aku mau nanya misalnya ada kasus npwp ga aktif, apakah tetap lapor pajak?."
18109862434699312,2026-03-24T19:37:54+00:00,0,https://www.instagram.com/reel/DV2kPF7kg__/,https://www.instagram.com/reel/DV2kPF7kg__/?comment_id=18109862434699312,scraping_instagram,deby_gita5,"Wah terimakasih banyak kak, berkat tutorial ini akhirnya bisa input dan gak bingung lagi👏"
18314203255251294,2026-03-24T18:33:34+00:00,0,https://www.instagram.com/reel/DV2kPF7kg__/,https://www.instagram.com/reel/DV2kPF7kg__/?comment_id=18314203255251294,scraping_instagram,selvirahardianti,Cara lapor pajak yg gabung dengan suami dong kak
18367749628204192,2026-03-24T15:53:03+00:00,0,https://www.instagram.com/reel/DV2kPF7kg__/,https://www.instagram.com/reel/DV2kPF7kg__/?comment_id=18367749628204192,scraping_instagram,pramana.indra77,"Lebih mudah lapor spt pakek coretax, bukti potong sdh otomatis di sistem SPT coretaxnya."
18112387237703510,2026-03-24T15:46:36+00:00,0,https://www.instagram.com/reel/DV2kPF7kg__/,https://www.instagram.com/reel/DV2kPF7kg__/?comment_id=18112387237703510,scraping_instagram,anggia.ss,"Hallo ka penghasilan neto saya kenapa ga otomatis ya kak? Salah nya dimana kak kira"""
18159634318426309,2026-03-24T14:47:00+00:00,0,https://www.instagram.com/reel/DV2kPF7kg__/,https://www.instagram.com/reel/DV2kPF7kg__/?comment_id=18159634318426309,scraping_instagram,candra_gomezh,Kak kenapa saya selalu gagal ya pas mau lapor spt
18042721943754523,2026-03-24T13:53:02+00:00,0,https://www.instagram.com/reel/DV2kPF7kg__/,https://www.instagram.com/reel/DV2kPF7kg__/?comment_id=18042721943754523,scraping_instagram,doris_boi,"Kak @lusiasilaban_ 
Ini knp L1 hanya muncul nama istri saja dan tanggungan anak ga muncul pdhl sudah diupdate di Data Unit Keluarga? Kalau di Induk uda isi K/1 
Tp ttp aja muncul hny nama istri saja 
Nama anak tidak muncul"
17880876156509823,2026-03-24T13:31:24+00:00,0,https://www.instagram.com/reel/DV2kPF7kg__/,https://www.instagram.com/reel/DV2kPF7kg__/?comment_id=17880876156509823,scraping_instagram,ashtor_7_honeystar,"mau tny, kalao karyawan, SPT itu dpt terima jadi dari PT / Cek & input mandiri sih ?"
18116551882728697,2026-03-24T11:46:52+00:00,0,https://www.instagram.com/reel/DV2kPF7kg__/,https://www.instagram.com/reel/DV2kPF7kg__/?comment_id=18116551882728697,scraping_instagram,nonsense_0990,Kak mau tanya..kmrn saya nulis masa pajaknya per bulan saya mulai kerja..saya pilih masa pajaknya juni 2025-desember 2025..itu ngaruh ga kak ?? Krna saya mulai kerja di bulan juni kak
18395694559147386,2026-03-24T08:15:36+00:00,0,https://www.instagram.com/reel/DV2kPF7kg__/,https://www.instagram.com/reel/DV2kPF7kg__/?comment_id=18395694559147386,scraping_instagram,coachbizpro.va,sulit 🔥 . ngajukan nppn sdh dapet bpe nnp tapi gak bisa buka utk laporan nppn.. payah ..
18441053941119070,2026-03-24T07:40:30+00:00,0,https://www.instagram.com/reel/DV2kPF7kg__/,https://www.instagram.com/reel/DV2kPF7kg__/?comment_id=18441053941119070,scraping_instagram,resafebriana29,Kalo udah lama ga laporan pajak sekitar 7 tahunan gimana ka?
18084599519011683,2026-03-24T06:39:34+00:00,0,https://www.instagram.com/reel/DV2kPF7kg__/,https://www.instagram.com/reel/DV2kPF7kg__/?comment_id=18084599519011683,scraping_instagram,rusmantoari,"Thanks kak, akhirnya setelah puluhan kali gagal, sekarang udah beres 🙌🙌"
18159708673432373,2026-03-24T02:31:31+00:00,0,https://www.instagram.com/reel/DV2kPF7kg__/,https://www.instagram.com/reel/DV2kPF7kg__/?comment_id=18159708673432373,scraping_instagram,vindaelf,Kata sandi di coretax itu udah dikasih apa buat sendiri kak? Kertasku yg dr pendaftaran hilang
17976638768889331,2026-03-23T11:39:16+00:00,0,https://www.instagram.com/reel/DV2kPF7kg__/,https://www.instagram.com/reel/DV2kPF7kg__/?comment_id=17976638768889331,scraping_instagram,abudoke,Bagaimana setting national address ya?
18093077294032968,2026-03-23T11:24:52+00:00,0,https://www.instagram.com/reel/DV2kPF7kg__/,https://www.instagram.com/reel/DV2kPF7kg__/?comment_id=18093077294032968,scraping_instagram,zidanehernandya,Inimah jebakan supaya lapor LB
18177865252382514,2026-03-23T08:48:35+00:00,0,https://www.instagram.com/reel/DV2kPF7kg__/,https://www.instagram.com/reel/DV2kPF7kg__/?comment_id=18177865252382514,scraping_instagram,seravinus17,"Kak jika di kantor sblmnya tk/0 dan di kantor baru k/0 di tahun yang sama,apakah tidak berpengaruh? Karena status lebih bayar terus 😢"
18104027521727977,2026-03-23T07:47:03+00:00,1,https://www.instagram.com/reel/DV2kPF7kg__/,https://www.instagram.com/reel/DV2kPF7kg__/?comment_id=18104027521727977,scraping_instagram,zulianbeo,Saya sengaja gak lapor biar kena denda 100rb. Secara otomatis saya menambah kas negara😎
17954567880099389,2026-03-23T06:08:02+00:00,0,https://www.instagram.com/reel/DV2kPF7kg__/,https://www.instagram.com/reel/DV2kPF7kg__/?comment_id=17954567880099389,scraping_instagram,jtssiba,dari tgl 21 maret 2026 coretax tidak bisa di akses kenapa ya...? saya sudah selesai draft tinggal kirim saja nih tapi susahnya minta ampun
18088156651963929,2026-03-23T04:00:57+00:00,0,https://www.instagram.com/reel/DV2kPF7kg__/,https://www.instagram.com/reel/DV2kPF7kg__/?comment_id=18088156651963929,scraping_instagram,fch.rbpt,"Gaji blm dipake udh bayar pajak, beli produk apapun bayar pajak, kendaraan bayar pajak tahunan, lewat tol bayar pajak, laporan spt harus ribet"
18085118711260795,2026-03-23T01:27:36+00:00,0,https://www.instagram.com/reel/DV2kPF7kg__/,https://www.instagram.com/reel/DV2kPF7kg__/?comment_id=18085118711260795,scraping_instagram,mawpeach,Kak kalo punya npwp tp posisi lg gk bekerja apa tetep wajib lapor?
18440327206118779,2026-03-22T23:50:43+00:00,0,https://www.instagram.com/reel/DV2kPF7kg__/,https://www.instagram.com/reel/DV2kPF7kg__/?comment_id=18440327206118779,scraping_instagram,octv.ad,Makasih ka pdhl hrsnya yg bayar pajak tinggal terima jadi ya 😂
18078465962426712,2026-03-22T13:39:03+00:00,0,https://www.instagram.com/reel/DV2kPF7kg__/,https://www.instagram.com/reel/DV2kPF7kg__/?comment_id=18078465962426712,scraping_instagram,agus_hendrawan31,Klo kurang bayar gimana ya
18084273470023490,2026-03-22T12:58:23+00:00,0,https://www.instagram.com/reel/DV2kPF7kg__/,https://www.instagram.com/reel/DV2kPF7kg__/?comment_id=18084273470023490,scraping_instagram,taandari26,Klo keterangan sudah nihil ?udh oke ya tinggal klik buat dan lapor spt?
17931761487210627,2026-03-22T09:57:03+00:00,0,https://www.instagram.com/reel/DV2kPF7kg__/,https://www.instagram.com/reel/DV2kPF7kg__/?comment_id=17931761487210627,scraping_instagram,aarshaviin,bisa aje marketinginnye 😂🤣
18061766846341086,2026-03-22T04:20:44+00:00,0,https://www.instagram.com/reel/DV2kPF7kg__/,https://www.instagram.com/reel/DV2kPF7kg__/?comment_id=18061766846341086,scraping_instagram,hieronimusdaniyuda,Kak ini kalau kita mau lapor yg bukti pemotong dikasih dari pt. Konsepnya di isi pph orang pribadi atau pph pasal 21 ya.?
18418619491121489,2026-03-22T03:10:54+00:00,0,https://www.instagram.com/reel/DV2kPF7kg__/,https://www.instagram.com/reel/DV2kPF7kg__/?comment_id=18418619491121489,scraping_instagram,happiesgit,Bagian L-1 itu wajib  diisi semuanya kah kak?
18090202486925957,2026-03-22T02:19:09+00:00,0,https://www.instagram.com/reel/DV2kPF7kg__/,https://www.instagram.com/reel/DV2kPF7kg__/?comment_id=18090202486925957,scraping_instagram,shaviradna,Makasi kak bantuannya🙏🏻
18090642745899457,2026-03-21T20:14:44+00:00,0,https://www.instagram.com/reel/DV2kPF7kg__/,https://www.instagram.com/reel/DV2kPF7kg__/?comment_id=18090642745899457,scraping_instagram,dompetlowprofile,njirt buzzer kah ini? udh 3 akun dengan konten yg sama 😭
17983342751809068,2026-03-21T16:34:28+00:00,0,https://www.instagram.com/reel/DV2kPF7kg__/,https://www.instagram.com/reel/DV2kPF7kg__/?comment_id=17983342751809068,scraping_instagram,alyya4a,yg belum lapor pajak dan mau dibantu bisa dm aku yaa
17929645773249130,2026-03-21T00:05:40+00:00,0,https://www.instagram.com/reel/DV2kPF7kg__/,https://www.instagram.com/reel/DV2kPF7kg__/?comment_id=17929645773249130,scraping_instagram,bar_ito080,Ribet 😢
18057797993443559,2026-03-20T13:06:36+00:00,0,https://www.instagram.com/reel/DV2kPF7kg__/,https://www.instagram.com/reel/DV2kPF7kg__/?comment_id=18057797993443559,scraping_instagram,cecebibiselinazaida,MUDAH.  MUDAH2AN GAK VERTIGO ABIS NGISI INI😂
18083852129352098,2026-03-20T06:38:52+00:00,0,https://www.instagram.com/reel/DV2kPF7kg__/,https://www.instagram.com/reel/DV2kPF7kg__/?comment_id=18083852129352098,scraping_instagram,thisismoyz,"Wkwk nyoba ngisi sendiri gak mudeng takut salah, alhasil ke kantor pajak pagi2 dpt antrian nomor 1 dan gak sampe 10 menit selesai hahahaha"
18567252301030008,2026-03-20T04:57:18+00:00,0,https://www.instagram.com/reel/DV2kPF7kg__/,https://www.instagram.com/reel/DV2kPF7kg__/?comment_id=18567252301030008,scraping_instagram,muz_resky,"Mudah nya dari mana, ampunggg"
18171709021401778,2026-03-20T03:32:06+00:00,0,https://www.instagram.com/reel/DV2kPF7kg__/,https://www.instagram.com/reel/DV2kPF7kg__/?comment_id=18171709021401778,scraping_instagram,mpramadhan,perlu efin ga sih ka?
18134302303539472,2026-03-20T02:48:30+00:00,0,https://www.instagram.com/reel/DV2kPF7kg__/,https://www.instagram.com/reel/DV2kPF7kg__/?comment_id=18134302303539472,scraping_instagram,toko__converse,Bayar pajak tapi masih lapor 😢
17979271697950959,2026-03-19T06:03:58+00:00,0,https://www.instagram.com/reel/DV2kPF7kg__/,https://www.instagram.com/reel/DV2kPF7kg__/?comment_id=17979271697950959,scraping_instagram,nikenvalleryhuang,"Kak, punten mau tanya. Klo penghasilan neto nya ga otomatis keisi pas di cek 0, udh bikin pembetulan sih cmn masih 0, step apa yang kurang ya kira2? Thank u"
17858041320622170,2026-03-19T05:55:41+00:00,0,https://www.instagram.com/reel/DV2kPF7kg__/,https://www.instagram.com/reel/DV2kPF7kg__/?comment_id=17858041320622170,scraping_instagram,hardi.united,Ptkp tidak muncul gmn ya ?
18396158617194469,2026-03-19T04:13:40+00:00,0,https://www.instagram.com/reel/DV2kPF7kg__/,https://www.instagram.com/reel/DV2kPF7kg__/?comment_id=18396158617194469,scraping_instagram,iciks13,Cuman bisa nyusahin orang pajak
17858338791620399,2026-03-19T03:03:39+00:00,0,https://www.instagram.com/reel/DV2kPF7kg__/,https://www.instagram.com/reel/DV2kPF7kg__/?comment_id=17858338791620399,scraping_instagram,nellyutamii,"kak, kalo ada kurang/lebih bayar itu gmna yaa ? harus di hapus atau gimana yaa ? trs apakah pelaporan itu wajib nihil ?"
18090250229152413,2026-03-19T02:58:51+00:00,0,https://www.instagram.com/reel/DV2kPF7kg__/,https://www.instagram.com/reel/DV2kPF7kg__/?comment_id=18090250229152413,scraping_instagram,aplily5,"Aga kesel kmrn lemot suruh ngulang trus bbrp x . jd sampe skrg blm deh
nnt deh tgl 25 pas masuk baru lapor cortex 😂"
17845005648694387,2026-03-19T02:51:22+00:00,0,https://www.instagram.com/reel/DV2kPF7kg__/,https://www.instagram.com/reel/DV2kPF7kg__/?comment_id=17845005648694387,scraping_instagram,br.patherboy,masih ada kolom F sampek K
17916080580337160,2026-03-19T02:28:05+00:00,0,https://www.instagram.com/reel/DV2kPF7kg__/,https://www.instagram.com/reel/DV2kPF7kg__/?comment_id=17916080580337160,scraping_instagram,agungsan53,Paling lambat tgl brpa ya kak lapornya.kemarin sudah nyoba cuma blom berhasil😢
18111988006688751,2026-03-18T22:41:02+00:00,0,https://www.instagram.com/reel/DV2kPF7kg__/,https://www.instagram.com/reel/DV2kPF7kg__/?comment_id=18111988006688751,scraping_instagram,yuna_k185,"Aplikasi ribet, UI kek apps murahan"
18112518061738741,2026-03-18T21:00:59+00:00,0,https://www.instagram.com/reel/DV2kPF7kg__/,https://www.instagram.com/reel/DV2kPF7kg__/?comment_id=18112518061738741,scraping_instagram,triajaaaaaa,Huhhh 😢 ribett aseli😢😢😢
18075902159531510,2026-03-18T16:43:53+00:00,0,https://www.instagram.com/reel/DV2kPF7kg__/,https://www.instagram.com/reel/DV2kPF7kg__/?comment_id=18075902159531510,scraping_instagram,mhd.quaisal14,Ogah amat bayar pajak. Masa kita lapor buat bayar pajak. Lucu babik
17859801126668602,2026-03-18T15:02:29+00:00,0,https://www.instagram.com/reel/DV2kPF7kg__/,https://www.instagram.com/reel/DV2kPF7kg__/?comment_id=17859801126668602,scraping_instagram,zetbe,"Sy udh setor pph final 2025 pake kode ebilling djp online dan ada bukti byr ny, skrg lapor spt dgn coretax gimana cara upload bukti bayar nya?"
18104811736845417,2026-03-18T13:03:25+00:00,0,https://www.instagram.com/reel/DV2kPF7kg__/,https://www.instagram.com/reel/DV2kPF7kg__/?comment_id=18104811736845417,scraping_instagram,sa_songko___22,jadi sekarang buka nya bukan di chrome kah kyk dulu..? buka chrome terus ketik DJP online gitu...? mohon tutorial nya.....🙏🏾🤲🏾🤲🏾
18173264386388417,2026-03-18T09:59:52+00:00,0,https://www.instagram.com/reel/DV2kPF7kg__/,https://www.instagram.com/reel/DV2kPF7kg__/?comment_id=18173264386388417,scraping_instagram,ade_juliaputri17,"Mudah si, cuma ga ngerti bahasa nya aja"
18305430970274330,2026-03-18T09:01:54+00:00,0,https://www.instagram.com/reel/DV2kPF7kg__/,https://www.instagram.com/reel/DV2kPF7kg__/?comment_id=18305430970274330,scraping_instagram,nindasuryanni,Aku kurang bayar 239rb ga rela bgt
18086383439591180,2026-03-18T06:55:15+00:00,0,https://www.instagram.com/reel/DV2kPF7kg__/,https://www.instagram.com/reel/DV2kPF7kg__/?comment_id=18086383439591180,scraping_instagram,ichawildan_,Kalau statusnya lebih bayar gimana?
18056192273700390,2026-03-18T06:36:56+00:00,0,https://www.instagram.com/reel/DV2kPF7kg__/,https://www.instagram.com/reel/DV2kPF7kg__/?comment_id=18056192273700390,scraping_instagram,waryokkk,Kalo butuh bantuan kemana ya kak mau lapor spt untuk usaha
17864396271529847,2026-03-18T06:07:16+00:00,2,https://www.instagram.com/reel/DV2kPF7kg__/,https://www.instagram.com/reel/DV2kPF7kg__/?comment_id=17864396271529847,scraping_instagram,ranitafbr,save dulu @noraysim takutnya nanti tiba2 berubah pikiran WKWKW
18129916591479481,2026-03-18T05:44:51+00:00,0,https://www.instagram.com/reel/DV2kPF7kg__/,https://www.instagram.com/reel/DV2kPF7kg__/?comment_id=18129916591479481,scraping_instagram,rizqi_sinaga9,Kak penghasilan neto nya ga muncul otomatis gimana ya kak
18058487885412869,2026-03-18T04:45:10+00:00,0,https://www.instagram.com/reel/DV2kPF7kg__/,https://www.instagram.com/reel/DV2kPF7kg__/?comment_id=18058487885412869,scraping_instagram,pria.aryo,"Udah pendapatan di potong,giliran lapor ribetnya minta ampun"
17859733749617924,2026-03-18T04:07:50+00:00,0,https://www.instagram.com/reel/DV2kPF7kg__/,https://www.instagram.com/reel/DV2kPF7kg__/?comment_id=17859733749617924,scraping_instagram,terlitasimangunsong,"lucu sih, udah ngerjain coretax terhutang 9 juta, pas tau ternyata gak real begitu. udin langsung kita buat nihil😌"
17847140664678614,2026-03-18T02:30:27+00:00,0,https://www.instagram.com/reel/DV2kPF7kg__/,https://www.instagram.com/reel/DV2kPF7kg__/?comment_id=17847140664678614,scraping_instagram,akang_moes23,Cara ambil arsip lampiran pajak nya gimana?
17861451123545133,2026-03-18T01:54:00+00:00,0,https://www.instagram.com/reel/DV2kPF7kg__/,https://www.instagram.com/reel/DV2kPF7kg__/?comment_id=17861451123545133,scraping_instagram,onky_pramana,Tutorial aktivasi dulu lah mbak..krn itu yg paling susah..sdh habis plsa 50 rb buat kode di sms tp blm bs juga...
17858706870619560,2026-03-18T01:46:15+00:00,0,https://www.instagram.com/reel/DV2kPF7kg__/,https://www.instagram.com/reel/DV2kPF7kg__/?comment_id=17858706870619560,scraping_instagram,iramaniik,Kak kalo gak balance sm BPA1 gimana ?
18065334767327336,2026-03-18T01:13:14+00:00,0,https://www.instagram.com/reel/DV2kPF7kg__/,https://www.instagram.com/reel/DV2kPF7kg__/?comment_id=18065334767327336,scraping_instagram,alif_sun,Kenapa punya saya ga muncul tahun pajaknya yaaa kaa
18100019183487740,2026-03-18T00:09:02+00:00,0,https://www.instagram.com/reel/DV2kPF7kg__/,https://www.instagram.com/reel/DV2kPF7kg__/?comment_id=18100019183487740,scraping_instagram,mynameismame,@three_arynty
18086595692191891,2026-03-18T00:03:58+00:00,0,https://www.instagram.com/reel/DV2kPF7kg__/,https://www.instagram.com/reel/DV2kPF7kg__/?comment_id=18086595692191891,scraping_instagram,adistyyy,"Ka aku ada kurang bayar, udh di cek di L1 tp isinya cuma dari tmpt kerja ku aja ngga ada data yg lain. Itu gmn ya ka?"
18096246064996226,2026-03-17T23:32:02+00:00,0,https://www.instagram.com/reel/DV2kPF7kg__/,https://www.instagram.com/reel/DV2kPF7kg__/?comment_id=18096246064996226,scraping_instagram,shinta_munyil,"Yang saya ada tulisan sudah regist, tapi saya lupa kapan saya pernah regist. Jadi sampe hari ini belum bisa kebuka"
17977722263997483,2026-03-17T22:35:02+00:00,0,https://www.instagram.com/reel/DV2kPF7kg__/,https://www.instagram.com/reel/DV2kPF7kg__/?comment_id=17977722263997483,scraping_instagram,itsme.auwdepp,Makasihh
18572231251017901,2026-03-17T22:28:27+00:00,40,https://www.instagram.com/reel/DV2kPF7kg__/,https://www.instagram.com/reel/DV2kPF7kg__/?comment_id=18572231251017901,scraping_instagram,i3_2003_,"tetep ae ribet wkwk, udah dia yg mungut pajak kita juga yg lapor aneh aneh"
18122773255579512,2026-03-17T21:26:15+00:00,0,https://www.instagram.com/reel/DV2kPF7kg__/,https://www.instagram.com/reel/DV2kPF7kg__/?comment_id=18122773255579512,scraping_instagram,juwaeriahdj,Klo bagian H nya bgmn?
17866612929504297,2026-03-17T20:12:58+00:00,0,https://www.instagram.com/reel/DV2kPF7kg__/,https://www.instagram.com/reel/DV2kPF7kg__/?comment_id=17866612929504297,scraping_instagram,snydp_,Saya selalu gagal terus kak
18039829490778035,2026-03-17T19:39:08+00:00,1,https://www.instagram.com/reel/DV2kPF7kg__/,https://www.instagram.com/reel/DV2kPF7kg__/?comment_id=18039829490778035,scraping_instagram,lembayungsenja97_,"kalo aku udah dtg langsung ke kpp aja, di arahin dan udh deh beres 🤣"
18074032172170091,2026-03-17T17:04:25+00:00,7,https://www.instagram.com/reel/DV2kPF7kg__/,https://www.instagram.com/reel/DV2kPF7kg__/?comment_id=18074032172170091,scraping_instagram,springkyblue_,Aku masih takut ntar dataku makin bocooorrr dijuaaal ke luar negri ke dark web.. skrg aja sering bgt nomor gaje nelpon².. tkut ntar email aku di retas.. gaaalaauuu.. 🥺🥺
18105147073849799,2026-03-17T16:34:12+00:00,0,https://www.instagram.com/reel/DV2kPF7kg__/,https://www.instagram.com/reel/DV2kPF7kg__/?comment_id=18105147073849799,scraping_instagram,andicool522,Tetep susah Kaka
18059895662427580,2026-03-17T15:29:12+00:00,0,https://www.instagram.com/reel/DV2kPF7kg__/,https://www.instagram.com/reel/DV2kPF7kg__/?comment_id=18059895662427580,scraping_instagram,pitaloka_ummu_rafif,"Udah coba ngisi tapi di kolom pendapatnya isinya ""0"" akhirnya aku #nyerah"
18307196521273184,2026-03-17T15:14:19+00:00,1,https://www.instagram.com/reel/DV2kPF7kg__/,https://www.instagram.com/reel/DV2kPF7kg__/?comment_id=18307196521273184,scraping_instagram,_2026_ry,"Padahal dulu relawan pajak, tapi lupa cara lapor SPT untuk pribadinsendiri😢"
18570236110029268,2026-03-17T15:09:15+00:00,0,https://www.instagram.com/reel/DV2kPF7kg__/,https://www.instagram.com/reel/DV2kPF7kg__/?comment_id=18570236110029268,scraping_instagram,rudinrudinan,"Log in aja ngk bisa"" 😂"
18074709131451776,2026-03-17T14:37:31+00:00,0,https://www.instagram.com/reel/DV2kPF7kg__/,https://www.instagram.com/reel/DV2kPF7kg__/?comment_id=18074709131451776,scraping_instagram,rahmahs4ri,KLO lebih bayar gimana ka? Krna affiliate ka
18097104679952947,2026-03-17T14:15:19+00:00,1,https://www.instagram.com/reel/DV2kPF7kg__/,https://www.instagram.com/reel/DV2kPF7kg__/?comment_id=18097104679952947,scraping_instagram,adhi90s_,Lewat hp bisa ga kak ?
17856900264623526,2026-03-17T13:14:12+00:00,0,https://www.instagram.com/reel/DV2kPF7kg__/,https://www.instagram.com/reel/DV2kPF7kg__/?comment_id=17856900264623526,scraping_instagram,dellapusmiyati,Gaperna lapor pajak tahunan ga paham 😭😭
18060724517392377,2026-03-17T12:27:34+00:00,0,https://www.instagram.com/reel/DV2kPF7kg__/,https://www.instagram.com/reel/DV2kPF7kg__/?comment_id=18060724517392377,scraping_instagram,udien_coow,Lupa pin piye kak😂😂
17930765352217979,2026-03-17T10:53:23+00:00,0,https://www.instagram.com/reel/DV2kPF7kg__/,https://www.instagram.com/reel/DV2kPF7kg__/?comment_id=17930765352217979,scraping_instagram,hi.karin,"Ogah banget deh lapor2, ngerepotin diri sendiri. Trus orang pajak ngapain kalo rakyat sendiri yg mesti lapor pajak. Orang mah dia yg make duitnya jadi dia yg mesti lapor. Dasar pemerintah aneh"
17928298344068849,2026-03-17T10:37:29+00:00,0,https://www.instagram.com/reel/DV2kPF7kg__/,https://www.instagram.com/reel/DV2kPF7kg__/?comment_id=17928298344068849,scraping_instagram,hamdanatete_new2023,Td ny mau ngisi tp stlah gajian + thran dikenakan pajak ny Masha Allah jd g prlu lg lah buat ngisi udah dipotongin suruh laporin sndri
18097993852981523,2026-03-17T10:23:39+00:00,7,https://www.instagram.com/reel/DV2kPF7kg__/,https://www.instagram.com/reel/DV2kPF7kg__/?comment_id=18097993852981523,scraping_instagram,arx.trag,"kalo kurang bayar karena tahun lalu ada di 2 perusahaan, berarti nominal kurang bayarnya itu wajib di bayar ya atau gimana?"
18391381468154964,2026-03-17T09:22:33+00:00,0,https://www.instagram.com/reel/DV2kPF7kg__/,https://www.instagram.com/reel/DV2kPF7kg__/?comment_id=18391381468154964,scraping_instagram,amiehere,"Kk klo kurang bayar apakah kita harus bayar ke negara, karena sebelum2 nya setiap lapor selalu nihil, knp tahun ini jadi kurang ya ?"
18196138531347076,2026-03-17T08:55:26+00:00,0,https://www.instagram.com/reel/DV2kPF7kg__/,https://www.instagram.com/reel/DV2kPF7kg__/?comment_id=18196138531347076,scraping_instagram,ayyutarii,Kalau kurang bayar gmn kk ?
18380780110093748,2026-03-17T08:44:27+00:00,0,https://www.instagram.com/reel/DV2kPF7kg__/,https://www.instagram.com/reel/DV2kPF7kg__/?comment_id=18380780110093748,scraping_instagram,nick_kusriyadi,Susah euy
17886161841459119,2026-03-17T08:00:52+00:00,0,https://www.instagram.com/reel/DV2kPF7kg__/,https://www.instagram.com/reel/DV2kPF7kg__/?comment_id=17886161841459119,scraping_instagram,restaly_ch3n,Kak ...cuman punya 1 penghasilan saja dari kantor . Status pekerjaan adalah Karyawan swasta. Tapi kenapa bisa kurang bayar ya kak? Heran 😬
18406218370183948,2026-03-17T07:52:38+00:00,0,https://www.instagram.com/reel/DV2kPF7kg__/,https://www.instagram.com/reel/DV2kPF7kg__/?comment_id=18406218370183948,scraping_instagram,ika.alviah,"aku ko kurang bayar terus ya, udah di coba semua ganti penghasilan tidak kena pajak tp ga ada yg 0 hasilnya ka"
18081866399358468,2026-03-17T07:21:37+00:00,2,https://www.instagram.com/reel/DV2kPF7kg__/,https://www.instagram.com/reel/DV2kPF7kg__/?comment_id=18081866399358468,scraping_instagram,halokulonuwun_,Yang L-1 kok harus di isi ya kak? Di isi gimana
18333478309247514,2026-03-17T06:48:38+00:00,0,https://www.instagram.com/reel/DV2kPF7kg__/,https://www.instagram.com/reel/DV2kPF7kg__/?comment_id=18333478309247514,scraping_instagram,andhikazeros,"Kak, klo yg spt tahunan not found kenapa tuh😮"
18076608521576826,2026-03-17T06:40:30+00:00,0,https://www.instagram.com/reel/DV2kPF7kg__/,https://www.instagram.com/reel/DV2kPF7kg__/?comment_id=18076608521576826,scraping_instagram,ariii.riii,Operasi gagal. Please input at least one asset on L1 form! Itu apaan mbaaaa
17917716909300406,2026-03-17T06:30:47+00:00,0,https://www.instagram.com/reel/DV2kPF7kg__/,https://www.instagram.com/reel/DV2kPF7kg__/?comment_id=17917716909300406,scraping_instagram,ariebarker023,Kak pajak istri jadi satu sama suami itu gmn maksdnya..?
18164514616410719,2026-03-17T06:21:14+00:00,0,https://www.instagram.com/reel/DV2kPF7kg__/,https://www.instagram.com/reel/DV2kPF7kg__/?comment_id=18164514616410719,scraping_instagram,ichwandorodjatun,"Kalau bagian C 2, 4 ,6 yg otomatis terisi sistem nya 0 gimana ya?"
17935099299190451,2026-03-17T05:15:22+00:00,0,https://www.instagram.com/reel/DV2kPF7kg__/,https://www.instagram.com/reel/DV2kPF7kg__/?comment_id=17935099299190451,scraping_instagram,ariwyo,Yang istri juga punya NPWP apa harus input bareng kak?
17991653303929493,2026-03-17T05:11:37+00:00,0,https://www.instagram.com/reel/DV2kPF7kg__/,https://www.instagram.com/reel/DV2kPF7kg__/?comment_id=17991653303929493,scraping_instagram,dhrooo_,Aku ga bsa login padahal sandi sudah bener
18062398661369465,2026-03-17T04:42:44+00:00,0,https://www.instagram.com/reel/DV2kPF7kg__/,https://www.instagram.com/reel/DV2kPF7kg__/?comment_id=18062398661369465,scraping_instagram,adeindah215,"Mau simpel, langsung dateng k kantor pajak. Dibantu sama abang2 dan mbak2 di konter. Mereka yg ngerjain, kita tinggal ngasih berkas dan cek email 😁"
17895815322421856,2026-03-17T03:23:34+00:00,0,https://www.instagram.com/reel/DV2kPF7kg__/,https://www.instagram.com/reel/DV2kPF7kg__/?comment_id=17895815322421856,scraping_instagram,famimaulida,Data bupot baru ditemukan. Trus itu gagal kenapa ya ka? Makasih🙏
18361081006206398,2026-03-17T03:02:01+00:00,0,https://www.instagram.com/reel/DV2kPF7kg__/,https://www.instagram.com/reel/DV2kPF7kg__/?comment_id=18361081006206398,scraping_instagram,dharmala02,"Coretax ku mengapa tidak begitu.. kurang bayar mulu, padahal uda sesuai bukti potong"
18075758072422539,2026-03-17T02:49:59+00:00,0,https://www.instagram.com/reel/DV2kPF7kg__/,https://www.instagram.com/reel/DV2kPF7kg__/?comment_id=18075758072422539,scraping_instagram,yuniarkhai,"Kak, kalau bagian L-1 yg isinya ada harta pada akhir tahun pajak, dll harus diisi kah? Kalau engga, aman ga ya?"
18542991991071294,2026-03-17T02:15:14+00:00,0,https://www.instagram.com/reel/DV2kPF7kg__/,https://www.instagram.com/reel/DV2kPF7kg__/?comment_id=18542991991071294,scraping_instagram,rezaprrr_,Kalian yg dilaporin semuanya apa isi 1 aja yg L1-nya?
18183534826374770,2026-03-17T01:45:33+00:00,0,https://www.instagram.com/reel/DV2kPF7kg__/,https://www.instagram.com/reel/DV2kPF7kg__/?comment_id=18183534826374770,scraping_instagram,lusiasilaban_,Barti kk harus minta bukti potong dari hrd kantor lama
17856934878582742,2026-03-17T01:34:02+00:00,1,https://www.instagram.com/reel/DV2kPF7kg__/,https://www.instagram.com/reel/DV2kPF7kg__/?comment_id=17856934878582742,scraping_instagram,elsandre77,Kalau lupa EFIN wktu DJP gmna
18217133188321199,2026-03-17T00:45:45+00:00,0,https://www.instagram.com/reel/DV2kPF7kg__/,https://www.instagram.com/reel/DV2kPF7kg__/?comment_id=18217133188321199,scraping_instagram,trisyant15_,"Izin tanya kak, saya sudah lama gk kerja dan baru mulai kerja lg tahun kemarin dgn gaji tanpa potong pph cara lapornya gmn ya? Sudah coba ikutin tutor dari yutub masih blm bisa² jg malah dpt keterangan data tidak valid😢"
18088796017916818,2026-03-16T23:57:34+00:00,1,https://www.instagram.com/reel/DV2kPF7kg__/,https://www.instagram.com/reel/DV2kPF7kg__/?comment_id=18088796017916818,scraping_instagram,tyo_c.s,2 penghasilan lebih kerjaan tetap + bebas masih ribet 🙃
18035730245789269,2026-03-16T23:27:39+00:00,0,https://www.instagram.com/reel/DV2kPF7kg__/,https://www.instagram.com/reel/DV2kPF7kg__/?comment_id=18035730245789269,scraping_instagram,padmo__nugroho,Baru tahun ini aku nggak laporan ribet banget
17871960006564074,2026-03-16T21:52:04+00:00,0,https://www.instagram.com/reel/DV2kPF7kg__/,https://www.instagram.com/reel/DV2kPF7kg__/?comment_id=17871960006564074,scraping_instagram,arch.rda_,"Kak kalau saya ada affiliate kan jadi lebih bayar, itu mending hapus saja kah bupot yg di L1 E? Sudah cari tutor sana sini, katanya tidak disarankan di hapus, dan pindahkan ke L 3A-4 tp ga ngaruh. Itu gimana ya? Lebih bayarnya 4000 tp katanya kalau engga ke nihil bakal ribet"
18037996997596919,2026-03-16T21:29:39+00:00,0,https://www.instagram.com/reel/DV2kPF7kg__/,https://www.instagram.com/reel/DV2kPF7kg__/?comment_id=18037996997596919,scraping_instagram,javaccino81,"Bukan ga mau lapor Kak, ini buka lamannya aja muter terus ga kebuka². Boro² bisa edit. Gtau apa karena komputerku memang masih Win7 tow gmn."
18079259636098825,2026-03-16T21:29:25+00:00,26,https://www.instagram.com/reel/DV2kPF7kg__/,https://www.instagram.com/reel/DV2kPF7kg__/?comment_id=18079259636098825,scraping_instagram,galihsnpt,"Saya ikut tutor di yutup, berhasil kok. Nihil 🙌 akhirnya bimbing temen2 yg lain, mereka bukan gabisa, cuma gamau baca. Apalagi banyak konten2 kontra pajak, makin males 😂"
18119375209621640,2026-03-16T21:27:31+00:00,1,https://www.instagram.com/reel/DV2kPF7kg__/,https://www.instagram.com/reel/DV2kPF7kg__/?comment_id=18119375209621640,scraping_instagram,feebs.ana,Kaa finalnya itu di fitur spt dilaporkan kan abis itu selesai
17979002591995301,2026-03-16T21:23:04+00:00,0,https://www.instagram.com/reel/DV2kPF7kg__/,https://www.instagram.com/reel/DV2kPF7kg__/?comment_id=17979002591995301,scraping_instagram,hanisitimulyani149,Aku coba daftar akun nya katanya udah daftar padahal belum pernah di coba lupa kata sandi sampai sekarang gak ada yang ngirim link nya
18124861987568637,2026-03-16T21:21:49+00:00,0,https://www.instagram.com/reel/DV2kPF7kg__/,https://www.instagram.com/reel/DV2kPF7kg__/?comment_id=18124861987568637,scraping_instagram,hauwen210710,"Ini kalau 800 juta per tahun, benar 300 JT ya kena 0,5% kan kak? Terimakasih"
18092451455030725,2026-03-16T20:54:36+00:00,0,https://www.instagram.com/reel/DV2kPF7kg__/,https://www.instagram.com/reel/DV2kPF7kg__/?comment_id=18092451455030725,scraping_instagram,syauqyqy,Intinya ribet
17994069692919544,2026-03-16T20:53:02+00:00,0,https://www.instagram.com/reel/DV2kPF7kg__/,https://www.instagram.com/reel/DV2kPF7kg__/?comment_id=17994069692919544,scraping_instagram,abbeth_76,"Saya kerja di PT. A. Selama ini saya urus spt saya sendiri. Kenapa sekarang di laporan spt saya ada juga PT tempat istri saya kerja, PT. B yg bergerak di bidang kecantikan/Salon dan selama ini istri saya belum pernah urus, belum pernah punya npwp. Sama petugas pajak coretax, saya di minta gabungkan hasil rekap spt saya PT. A dengan PT. B/Salon tadi. Kalo mau urus terpisah saya dan istri diminta buat surat pernyataan permintaan spt terpisah di bag. Coretax yg lain. Karena daripada ribet urusannya, akhirnya saya setuju, spt istri saya PT. B/Salon tadi masuk dalam spt/npwp saya. Hasil akhir nihil. Pertanyaan saya: 1. Apa memang spt saya dan istri saya harus di gabungkan? Alasannya, karena spt istri saya masuk dalam kartu KK saya? 2. Apakah kalau digabungkan spt saya PT. A dan spt istri saya PT. B/Salon membuat potongan pajak 21 saya akan lebih besar? Terima kasih sebelumnya🙏"
17939071494014820,2026-03-16T20:38:58+00:00,1,https://www.instagram.com/reel/DV2kPF7kg__/,https://www.instagram.com/reel/DV2kPF7kg__/?comment_id=17939071494014820,scraping_instagram,ulfatunhasanah90,Kak kalo bukti pot g muncul gmn?di my document ndak ada.trs cb lwt ebupot juga g muncul
17869315401586289,2026-03-16T20:25:24+00:00,0,https://www.instagram.com/reel/DV2kPF7kg__/,https://www.instagram.com/reel/DV2kPF7kg__/?comment_id=17869315401586289,scraping_instagram,mslzzzy,"kak saya affiliate, dari tahun lalu gaperna lapor. tapi affiliate masi berjalan kira kira aman ga ya? soalnya lupa password efin dan sangat susah buat login ke coretax"
18071939603228547,2026-03-16T20:12:15+00:00,90,https://www.instagram.com/reel/DV2kPF7kg__/,https://www.instagram.com/reel/DV2kPF7kg__/?comment_id=18071939603228547,scraping_instagram,azwardine_unde,"😂😂😂😂😂 sdh kita yg bayar, eh malah suruh lapor sendiri, kan 💩💩💩 trus di korup beli pajero lagi🤦🤦🤦"
17930494803226767,2026-03-16T20:04:30+00:00,3,https://www.instagram.com/reel/DV2kPF7kg__/,https://www.instagram.com/reel/DV2kPF7kg__/?comment_id=17930494803226767,scraping_instagram,suciamalia_fm,"kak spt suami saya ada 2 perusahaan, karena resign ganti perusahaan, nah perusahaan yg baru ini bupot nya gk bisa di download, dan jadi pajak penghasilannya double 2 perusahaan dijadiin 1, jdi kurang bayar nya gede bgt sampai 2jutaan, ada saran gk gimana kak ?? @lusiasilaban_"
17978397291004137,2026-03-16T19:16:14+00:00,0,https://www.instagram.com/reel/DV2kPF7kg__/,https://www.instagram.com/reel/DV2kPF7kg__/?comment_id=17978397291004137,scraping_instagram,ayusekarn,Share yg buat PT perorangan kak
17979949436999397,2026-03-16T19:14:09+00:00,0,https://www.instagram.com/reel/DV2kPF7kg__/,https://www.instagram.com/reel/DV2kPF7kg__/?comment_id=17979949436999397,scraping_instagram,irawandra_,Ka pas pilih konsep ada keterangan periode spt beririsan dengan spt yang sudah ada itu gimana ya
18080013188611815,2026-03-16T18:35:27+00:00,1,https://www.instagram.com/reel/DV2kPF7kg__/,https://www.instagram.com/reel/DV2kPF7kg__/?comment_id=18080013188611815,scraping_instagram,prilliwww,"tampung dulu, besok kerjain"
17940640452168054,2026-03-16T18:23:55+00:00,0,https://www.instagram.com/reel/DV2kPF7kg__/,https://www.instagram.com/reel/DV2kPF7kg__/?comment_id=17940640452168054,scraping_instagram,pipiluuug,Kak kalau atur ulang sandi atau email tidak cocok terus itu kenapa
17977015340834856,2026-03-16T18:06:02+00:00,0,https://www.instagram.com/reel/DV2kPF7kg__/,https://www.instagram.com/reel/DV2kPF7kg__/?comment_id=17977015340834856,scraping_instagram,ajigrmmjw,Info tgl Terakhir lapor pajak kapan ya?
18352885873231048,2026-03-16T17:24:13+00:00,0,https://www.instagram.com/reel/DV2kPF7kg__/,https://www.instagram.com/reel/DV2kPF7kg__/?comment_id=18352885873231048,scraping_instagram,simuetzz,Kalo lupa email dan pasword nya gimana ka?
18070335545635832,2026-03-16T17:07:47+00:00,0,https://www.instagram.com/reel/DV2kPF7kg__/,https://www.instagram.com/reel/DV2kPF7kg__/?comment_id=18070335545635832,scraping_instagram,nabeelaptr_,"Aku nyoba login, tapi munculnya disuruh ganti kata sandi terus. Udah berulang kali. Nyoba daftar baru lagi, ya gak bisa karena nik nya udah terdaftar.. gmna ya kak 🥹"
18155639182446659,2026-03-16T16:56:31+00:00,0,https://www.instagram.com/reel/DV2kPF7kg__/,https://www.instagram.com/reel/DV2kPF7kg__/?comment_id=18155639182446659,scraping_instagram,novalfad,"Mau tanya dong kalo bukti potongnya gak ada keterangan K/3 dll itu gmn ya? Masa saya ada kurang bayar, apa karna harus isi L-1 dulu?"
18082522268583820,2026-03-16T16:09:49+00:00,0,https://www.instagram.com/reel/DV2kPF7kg__/,https://www.instagram.com/reel/DV2kPF7kg__/?comment_id=18082522268583820,scraping_instagram,roykepol,Tidak Sulit - Tidak Mudah - Tapi Ribet
18067648547288575,2026-03-16T16:02:14+00:00,6,https://www.instagram.com/reel/DV2kPF7kg__/,https://www.instagram.com/reel/DV2kPF7kg__/?comment_id=18067648547288575,scraping_instagram,sutanzikodamanik08,"Kita yg buat laporan, kita bayar, kita yg isi datanya. Lalu taat bayar pajak, Yg nikmati uang korupnya malah oknum pajak ""Gayus tambunan. 😂"
17955934289940324,2026-03-16T15:57:01+00:00,0,https://www.instagram.com/reel/DV2kPF7kg__/,https://www.instagram.com/reel/DV2kPF7kg__/?comment_id=17955934289940324,scraping_instagram,raikudola,"d'bagian daftar hrga knpa thun perolehan sma hrga'y ga bsa d'input, tpi nongol otomatis....???"
18055202921466741,2026-03-16T15:46:44+00:00,0,https://www.instagram.com/reel/DV2kPF7kg__/,https://www.instagram.com/reel/DV2kPF7kg__/?comment_id=18055202921466741,scraping_instagram,eatgoandlife,"Ka tutorial isi spt tahunan wp pribadi pekerja bebas dong kak, sama kalo isi harta tabungan tahun perolehan diisi tahun pas kapan kak? Dan kali punya LM lama tahun sebelumnya gak di laporin trus kalo tahun ini baru dilaporkan apa gak pa2?"
17921641896272708,2026-03-16T15:36:50+00:00,2,https://www.instagram.com/reel/DV2kPF7kg__/,https://www.instagram.com/reel/DV2kPF7kg__/?comment_id=17921641896272708,scraping_instagram,annyaask_,"kak spt aku lebih bayar, terus di minta data rekening bank. tapi pas aku klik gabisa kak"
18015377459667773,2026-03-16T15:22:37+00:00,6,https://www.instagram.com/reel/DV2kPF7kg__/,https://www.instagram.com/reel/DV2kPF7kg__/?comment_id=18015377459667773,scraping_instagram,tamsar_pur,"Makin ribet. Bisa2nya ada terutang. Di spt TK0, di coretax nya hrus ngisi L5."
18035944148581149,2026-03-16T14:51:07+00:00,1,https://www.instagram.com/reel/DV2kPF7kg__/,https://www.instagram.com/reel/DV2kPF7kg__/?comment_id=18035944148581149,scraping_instagram,irenacyntya,Hi kak. kalau pernah ganti tempat kerja apakah ada bagian yang diisinya berbeda supaya tidak kurang bayar?
17927029479246578,2026-03-16T14:50:05+00:00,0,https://www.instagram.com/reel/DV2kPF7kg__/,https://www.instagram.com/reel/DV2kPF7kg__/?comment_id=17927029479246578,scraping_instagram,nicofadilahh,Padahal  Hall Yang Midah tapi DiBuat Ribet😂
18151663393453059,2026-03-16T14:41:10+00:00,1,https://www.instagram.com/reel/DV2kPF7kg__/,https://www.instagram.com/reel/DV2kPF7kg__/?comment_id=18151663393453059,scraping_instagram,fatchnurk_,"Izin tanya ka, untuk efin dari thn 2022 masih berlaku ga ya klo buat lapor di coretax? Atau harus bikin baru?"
18068911061278539,2026-03-16T14:03:42+00:00,0,https://www.instagram.com/reel/DV2kPF7kg__/,https://www.instagram.com/reel/DV2kPF7kg__/?comment_id=18068911061278539,scraping_instagram,lusiasilaban_,"Terus kalo kk udh klik di my dicumen, klik tanda refres nanti bupot nya akan muncul"
18020735420664303,2026-03-16T13:53:11+00:00,0,https://www.instagram.com/reel/DV2kPF7kg__/,https://www.instagram.com/reel/DV2kPF7kg__/?comment_id=18020735420664303,scraping_instagram,deva_agus17,alhamdulillah udah lapor
18145769851462033,2026-03-16T13:46:29+00:00,0,https://www.instagram.com/reel/DV2kPF7kg__/,https://www.instagram.com/reel/DV2kPF7kg__/?comment_id=18145769851462033,scraping_instagram,rikahandayani75,bs bantu laporin SPT ga mbk 😊
18148572421462796,2026-03-16T13:44:37+00:00,0,https://www.instagram.com/reel/DV2kPF7kg__/,https://www.instagram.com/reel/DV2kPF7kg__/?comment_id=18148572421462796,scraping_instagram,amiepucinoo,Ga ada format lampiran cara laporan harta dan piutang
17903507952225653,2026-03-16T13:42:59+00:00,2,https://www.instagram.com/reel/DV2kPF7kg__/,https://www.instagram.com/reel/DV2kPF7kg__/?comment_id=17903507952225653,scraping_instagram,andita.cs,Email saya kok g valid terus ya kak. Padahal udh bener.
17922486450101541,2026-03-16T13:34:09+00:00,0,https://www.instagram.com/reel/DV2kPF7kg__/,https://www.instagram.com/reel/DV2kPF7kg__/?comment_id=17922486450101541,scraping_instagram,riezkyoktorawaty,"Saya ada pajak shopee affiliate, jadinya lebih bayar, gimana caranya biar Nihil ya"
18166934590410565,2026-03-16T12:41:33+00:00,1,https://www.instagram.com/reel/DV2kPF7kg__/,https://www.instagram.com/reel/DV2kPF7kg__/?comment_id=18166934590410565,scraping_instagram,silvia.silviiaa,"finally!!! tengkyuu ka, akan kucoba nanti"
18023787089807839,2026-03-16T12:36:15+00:00,0,https://www.instagram.com/reel/DV2kPF7kg__/,https://www.instagram.com/reel/DV2kPF7kg__/?comment_id=18023787089807839,scraping_instagram,riskierdp,Daftar coretax dulu yah di kantor pajak yah
18088633387935572,2026-03-16T12:25:56+00:00,0,https://www.instagram.com/reel/DV2kPF7kg__/,https://www.instagram.com/reel/DV2kPF7kg__/?comment_id=18088633387935572,scraping_instagram,maminayraaryan,Ajarin kak
18074200649172192,2026-03-16T12:13:04+00:00,0,https://www.instagram.com/reel/DV2kPF7kg__/,https://www.instagram.com/reel/DV2kPF7kg__/?comment_id=18074200649172192,scraping_instagram,ozzy_baddas04,Byr gue...yg lapor gue...lah pegawai pajak ngapain aja...
18567382291015768,2026-03-16T12:07:27+00:00,0,https://www.instagram.com/reel/DV2kPF7kg__/,https://www.instagram.com/reel/DV2kPF7kg__/?comment_id=18567382291015768,scraping_instagram,ayufiqy,Ada tutorial nya gk ya?
18084346319351276,2026-03-16T12:04:54+00:00,29,https://www.instagram.com/reel/DV2kPF7kg__/,https://www.instagram.com/reel/DV2kPF7kg__/?comment_id=18084346319351276,scraping_instagram,anita09021992,"Nahhh gini sippp banget,. Ngasih tau urutannya,, kalo yg lain udah buka kelas 😂😂😂😂"
18098121224477267,2026-03-16T11:43:23+00:00,0,https://www.instagram.com/reel/DV2kPF7kg__/,https://www.instagram.com/reel/DV2kPF7kg__/?comment_id=18098121224477267,scraping_instagram,faisall.permadii,Tulungggg ini begimana ada kurang bayar rp. 1.360 perak😭🙏
18100266893494793,2026-03-16T11:37:27+00:00,0,https://www.instagram.com/reel/DV2kPF7kg__/,https://www.instagram.com/reel/DV2kPF7kg__/?comment_id=18100266893494793,scraping_instagram,liana_tan88,Kl bagian E 11a minus sekian ..itu artinya kurang byr y? @lusiasilaban_
18085614359266667,2026-03-16T11:14:54+00:00,0,https://www.instagram.com/reel/DV2kPF7kg__/,https://www.instagram.com/reel/DV2kPF7kg__/?comment_id=18085614359266667,scraping_instagram,rudihadi3008,Kalo blm punya epin gmn?
18057490994427742,2026-03-16T11:08:06+00:00,0,https://www.instagram.com/reel/DV2kPF7kg__/,https://www.instagram.com/reel/DV2kPF7kg__/?comment_id=18057490994427742,scraping_instagram,dianapak4han,Kak.. aku kurang bayar krn ada shopee afiliate.. nah untuk daftr e-billing caranya gmn y kak.. makasih kak
18184648972367413,2026-03-16T11:05:35+00:00,0,https://www.instagram.com/reel/DV2kPF7kg__/,https://www.instagram.com/reel/DV2kPF7kg__/?comment_id=18184648972367413,scraping_instagram,nila.k.dewi.9803,Ad npwp tp penganguran terus bagaimana kak.
18121988908588497,2026-03-16T10:38:16+00:00,0,https://www.instagram.com/reel/DV2kPF7kg__/,https://www.instagram.com/reel/DV2kPF7kg__/?comment_id=18121988908588497,scraping_instagram,dhenyarifp_,"Orang pajak emang bego tolol menyusahkan,mampus aja udah"
18108059158835780,2026-03-16T10:36:25+00:00,0,https://www.instagram.com/reel/DV2kPF7kg__/,https://www.instagram.com/reel/DV2kPF7kg__/?comment_id=18108059158835780,scraping_instagram,greenalam1357,"Kalo yg SPT badan gimana caranya? Aku pernah coba"" tapi kyknya gagal 😂😂"
18219324511314789,2026-03-16T10:23:24+00:00,0,https://www.instagram.com/reel/DV2kPF7kg__/,https://www.instagram.com/reel/DV2kPF7kg__/?comment_id=18219324511314789,scraping_instagram,rejeki_17,Klo lupa password login gmn ka @lusiasilaban_ ?
17949391905117552,2026-03-16T10:17:12+00:00,0,https://www.instagram.com/reel/DV2kPF7kg__/,https://www.instagram.com/reel/DV2kPF7kg__/?comment_id=17949391905117552,scraping_instagram,thynylongo,"Kakk kenapa pas baru mo download bukti potong kan lewat ebupot -> bukti potong saya -> pilih yg bp a1-> tahunnya desember 2025, tpi g muncul bukti potongnya kaa?"
18105922816846440,2026-03-16T10:17:04+00:00,0,https://www.instagram.com/reel/DV2kPF7kg__/,https://www.instagram.com/reel/DV2kPF7kg__/?comment_id=18105922816846440,scraping_instagram,a.ramadhan2547,Ntar dicoba deh
18094542602078274,2026-03-16T09:54:35+00:00,0,https://www.instagram.com/reel/DV2kPF7kg__/,https://www.instagram.com/reel/DV2kPF7kg__/?comment_id=18094542602078274,scraping_instagram,hariutama_id,Kl NITKU pajaknya hanya muncul nama suami jd TKU an suami udah input NITKU istri tp tidak muncul2 saat di dropdown gimna cara munculin nya?
18306304009277829,2026-03-16T09:51:04+00:00,0,https://www.instagram.com/reel/DV2kPF7kg__/,https://www.instagram.com/reel/DV2kPF7kg__/?comment_id=18306304009277829,scraping_instagram,tuty.lestari30,"Oke besok aku coba, udah dari februari mintol yg bagian pajak sampe mau libur lebaran blm juga, saya simpan videonya, besok aku coba 🙏"
17919355053287904,2026-03-16T08:39:56+00:00,0,https://www.instagram.com/reel/DV2kPF7kg__/,https://www.instagram.com/reel/DV2kPF7kg__/?comment_id=17919355053287904,scraping_instagram,andysuwandito,Itu pasword nya apa? Kan baru masuk coretax
18045393641517832,2026-03-16T08:36:16+00:00,0,https://www.instagram.com/reel/DV2kPF7kg__/,https://www.instagram.com/reel/DV2kPF7kg__/?comment_id=18045393641517832,scraping_instagram,apriyantoharun,Kalo kurang bayar gmn kk??
18005183903893240,2026-03-16T08:21:50+00:00,0,https://www.instagram.com/reel/DV2kPF7kg__/,https://www.instagram.com/reel/DV2kPF7kg__/?comment_id=18005183903893240,scraping_instagram,_baskaralibra,Akun coretax aja belum bikin 😂
17874112281556430,2026-03-16T08:18:05+00:00,0,https://www.instagram.com/reel/DV2kPF7kg__/,https://www.instagram.com/reel/DV2kPF7kg__/?comment_id=17874112281556430,scraping_instagram,madebyydc,Knp ya invalid Mulu setiap login :) sedangkan datannya sama ?
17884301460466355,2026-03-16T08:05:29+00:00,0,https://www.instagram.com/reel/DV2kPF7kg__/,https://www.instagram.com/reel/DV2kPF7kg__/?comment_id=17884301460466355,scraping_instagram,ada_dimsum_kia,Cara ngecek NPWP aktif nggak nya bagaimana ya ..
18067610786296040,2026-03-16T07:37:08+00:00,0,https://www.instagram.com/reel/DV2kPF7kg__/,https://www.instagram.com/reel/DV2kPF7kg__/?comment_id=18067610786296040,scraping_instagram,2881.jess,"Kak ada yg tau ga kl mis.mau kursus pajak di mana? Mohon infonya ya, thanks 🙏🏼"
17891191653307017,2026-03-16T05:55:54+00:00,2,https://www.instagram.com/reel/DV2kPF7kg__/,https://www.instagram.com/reel/DV2kPF7kg__/?comment_id=17891191653307017,scraping_instagram,julilestari.p,"Kak,  caption mya sampai E aja? Lanjut dong kak.heheh"
17876600034537907,2026-03-16T05:30:18+00:00,1,https://www.instagram.com/reel/DV2kPF7kg__/,https://www.instagram.com/reel/DV2kPF7kg__/?comment_id=17876600034537907,scraping_instagram,itisitta,Kalau ada harta hibah tuh gimane kak? 😢
18072921662637317,2026-03-16T05:23:12+00:00,0,https://www.instagram.com/reel/DV2kPF7kg__/,https://www.instagram.com/reel/DV2kPF7kg__/?comment_id=18072921662637317,scraping_instagram,adhityadiki,"Bukan soal sulit atau mudah, lebih ke harusnya ada evaluasi soal begini… duit2 kita tiba2 diambil orang pajak, terus kami2 ini korban pungutan juga yg harus lapor… harusnya sistemnya diubah…"
18106034437860760,2026-03-16T05:17:59+00:00,0,https://www.instagram.com/reel/DV2kPF7kg__/,https://www.instagram.com/reel/DV2kPF7kg__/?comment_id=18106034437860760,scraping_instagram,yokkkk_traveling,"Sulitnya minta ampun, lama, lelet, sering eror, di arahin ke kantor pajak satu org bisa 1 jam lebih nunggunya 😂😂😂 Next beli apa2 cash aja 😂😂😂😂"
18105965284877252,2026-03-16T05:02:26+00:00,0,https://www.instagram.com/reel/DV2kPF7kg__/,https://www.instagram.com/reel/DV2kPF7kg__/?comment_id=18105965284877252,scraping_instagram,prascientist,Kak kalo sudah simpan konsep atau pergi dan bayar?
18310977682260001,2026-03-16T04:55:50+00:00,0,https://www.instagram.com/reel/DV2kPF7kg__/,https://www.instagram.com/reel/DV2kPF7kg__/?comment_id=18310977682260001,scraping_instagram,kresnatambunan,"Kalo belum ada kata sandi, daftar dulu berarti ya kak.."
17881546377496156,2026-03-16T04:53:30+00:00,3,https://www.instagram.com/reel/DV2kPF7kg__/,https://www.instagram.com/reel/DV2kPF7kg__/?comment_id=17881546377496156,scraping_instagram,novianzah_andika,Yg poin F sampai J nya mana kak?
18125936473560160,2026-03-16T04:48:18+00:00,0,https://www.instagram.com/reel/DV2kPF7kg__/,https://www.instagram.com/reel/DV2kPF7kg__/?comment_id=18125936473560160,scraping_instagram,destiwartijah,"Sudah coba berkali², gagal terus"
18088757434932991,2026-03-16T04:32:24+00:00,0,https://www.instagram.com/reel/DV2kPF7kg__/,https://www.instagram.com/reel/DV2kPF7kg__/?comment_id=18088757434932991,scraping_instagram,dinnuyyy,kalau dia lebih bayar gimana ya kakk
17891253150313131,2026-03-16T04:30:55+00:00,0,https://www.instagram.com/reel/DV2kPF7kg__/,https://www.instagram.com/reel/DV2kPF7kg__/?comment_id=17891253150313131,scraping_instagram,alimismail74,Kalao wp op umkm dapet bupot gimana kak ?
18082771625367911,2026-03-16T04:21:26+00:00,0,https://www.instagram.com/reel/DV2kPF7kg__/,https://www.instagram.com/reel/DV2kPF7kg__/?comment_id=18082771625367911,scraping_instagram,agusputrah,@kostradfiya
18058606466412700,2026-03-16T04:19:40+00:00,0,https://www.instagram.com/reel/DV2kPF7kg__/,https://www.instagram.com/reel/DV2kPF7kg__/?comment_id=18058606466412700,scraping_instagram,esronsaragih69,"Bukan nya masih ada lanjutannya nya kak setelah Bagian E, masih ada Bagian H dan i bagian Lampiran dan Transaksi"
18018701279812892,2026-03-16T04:07:50+00:00,260,https://www.instagram.com/reel/DV2kPF7kg__/,https://www.instagram.com/reel/DV2kPF7kg__/?comment_id=18018701279812892,scraping_instagram,sdk95_,"Gk mau, orang pajak aja yg urus, udh potong gaji, kita pula yg repot"
18115263178641007,2026-03-16T04:02:53+00:00,0,https://www.instagram.com/reel/DV2kPF7kg__/,https://www.instagram.com/reel/DV2kPF7kg__/?comment_id=18115263178641007,scraping_instagram,mfransisca089,Kl karyawan haruskah menunggu bukti potong(A1) baru bisa melapor?
17994612626924224,2026-03-16T03:36:04+00:00,1,https://www.instagram.com/reel/DV2kPF7kg__/,https://www.instagram.com/reel/DV2kPF7kg__/?comment_id=17994612626924224,scraping_instagram,yulianti_bernadet,Kalau kita pekerja lepas (freelance) apakah sama kak pengisiannya?
17978178206828823,2026-03-16T03:13:25+00:00,0,https://www.instagram.com/reel/DV2kPF7kg__/,https://www.instagram.com/reel/DV2kPF7kg__/?comment_id=17978178206828823,scraping_instagram,reallyrezty,Buat kode otorisasi nga dl dek?
18339280858245041,2026-03-16T02:49:29+00:00,1,https://www.instagram.com/reel/DV2kPF7kg__/,https://www.instagram.com/reel/DV2kPF7kg__/?comment_id=18339280858245041,scraping_instagram,deta_d_prayitno,Sulit
18092766017329885,2026-03-16T02:24:49+00:00,0,https://www.instagram.com/reel/DV2kPF7kg__/,https://www.instagram.com/reel/DV2kPF7kg__/?comment_id=18092766017329885,scraping_instagram,tyasulies,Kak izin tanya..saya sdh ikutin caption nya..kok tertulis gagal ya
18305580136273802,2026-03-16T01:32:08+00:00,0,https://www.instagram.com/reel/DV2kPF7kg__/,https://www.instagram.com/reel/DV2kPF7kg__/?comment_id=18305580136273802,scraping_instagram,iiqbalramdan,Kalo yang tidak aktif gimana kak? Apa perlu di aktifin??
17982953168796052,2026-03-15T23:54:15+00:00,0,https://www.instagram.com/reel/DV2kPF7kg__/,https://www.instagram.com/reel/DV2kPF7kg__/?comment_id=17982953168796052,scraping_instagram,saharyuzarsif9,Apa resikonya klw tdk lapor SPT kak?
18383200789091435,2026-03-15T23:18:13+00:00,0,https://www.instagram.com/reel/DV2kPF7kg__/,https://www.instagram.com/reel/DV2kPF7kg__/?comment_id=18383200789091435,scraping_instagram,bks1103261,@lusiasilaban_ klo umkm gmn kak..jawaban setiap bagian nya?
18393904426149769,2026-03-15T22:09:42+00:00,1,https://www.instagram.com/reel/DV2kPF7kg__/,https://www.instagram.com/reel/DV2kPF7kg__/?comment_id=18393904426149769,scraping_instagram,multiyardi,Mengisi coretax susah ga ya
18084346985264743,2026-03-15T06:46:13+00:00,3,https://www.instagram.com/reel/DV2kPF7kg__/,https://www.instagram.com/reel/DV2kPF7kg__/?comment_id=18084346985264743,scraping_instagram,mustikasari.b,Tdk ada npwp ku sy wkwk
18092555621033719,2026-03-15T06:12:22+00:00,4,https://www.instagram.com/reel/DV2kPF7kg__/,https://www.instagram.com/reel/DV2kPF7kg__/?comment_id=18092555621033719,scraping_instagram,bembenkwahyu,Edukasi yg baik
18071747027540521,2026-03-15T00:52:25+00:00,6,https://www.instagram.com/reel/DV2kPF7kg__/,https://www.instagram.com/reel/DV2kPF7kg__/?comment_id=18071747027540521,scraping_instagram,yohanes5786,"Hebat, apakah kuliah jurusan perpajakkan??"
18348354772237994,2026-03-14T06:56:58+00:00,5,https://www.instagram.com/reel/DV2kPF7kg__/,https://www.instagram.com/reel/DV2kPF7kg__/?comment_id=18348354772237994,scraping_instagram,mf.azees,Apa kepanjangan dari coretax?
18108353443755590,2026-03-14T06:17:18+00:00,13,https://www.instagram.com/reel/DV2kPF7kg__/,https://www.instagram.com/reel/DV2kPF7kg__/?comment_id=18108353443755590,scraping_instagram,rickyhendrapanjaitan91,"Hati-hati menyebarluaskan informasi tentang data diri dan identitas milik pribadi ke media sosial,Mbak! Segera hapus tentang informasi data pribadi milik mbak tersebut,Mbak.  Takutnya,ada orang-orang yang tidak bertanggungjawab yang memakai data pribadi mbak tersebut untuk melakukan tindakan hukum kriminalitas(seperti: pencurian data all mobile m-banking,akun olshop, penipuan,pinjol dan sebagainya),Mbak."
17859941136548991,2026-02-28T04:29:26+00:00,196,https://www.instagram.com/reel/DVScFc0k7sm/,https://www.instagram.com/reel/DVScFc0k7sm/?comment_id=17859941136548991,scraping_instagram,nurullitana,"*LANJUTAN*
Bagian E. Pph kurang/lebih bayar
11. a. Terisi oleh sistem
11.b. Terisi Oleh Sistem
11.c Terisi oleh sistem 

Bagian F. Pembetulan
■Akan terisi jika status SPT Tahunan Pajak Kurang/lebih bayar

Bagian G. Permohonan Pengembalian Pph Lebih bayar.
■Akan terisi jika status SPT Tahunan Wajib Pajak Lebih bayar mengajukan pengembalian pph lebih bayar.

Bagian H. Angsuran Pph pasal 25 Tahun Pajak Berikutnya
13.a. pilih Tidak
13.b. pilih Tidak
13.c. Pilih Tidak

Bagian I. Pernyataan Transaksi Lainnya
14. a. Isi lampiran bagian A lalu ke pertanyaan selanjutnya
14. b. Pilih Tidak
14. c. Pilih Tidak
14. d. Pikih Tidak
14. e. Terisi oleh sistem
14. f. Terisi oleh sistem
14.g. Pilih Tidak
14.h. Terisi oleh sistem

Bagian J. Lampiran Tambahan
a,b,c,d,e pilih Tidak

MENU LAMPIRAN 1 (L-1) melengkapi data berikut : 
A. harta pada akhir tahun *wajib di isi""
B.Utang pada akhir tahun
C. Daftar Anggota Keluarga.
D. Penghasilan dalam negeri dari pekerjaan 
E. Daftar Bukti pemotongan/pemungutan pph

KEMBALI KE MENU INDUK
Bagian K. Pernyataan
■Status SPT : Nihil
■Centang pernyataan
■Klik "" Bayar dan Lapor""
■Penyedia penandatangan "" Kode Otorisasi DJP""
■Masukan Passphrase
■Klik ""simpan""
■Klik ""konfirmasi tanda tangan""
■SPT telah berhasil di laporkan
■Bukti dapat di unduh pada menu SPT dilaporkan atau telah di kirim anda email anda.

SEMOGA BERMANFAAT🔥"
18090095285166321,2026-03-01T10:31:52+00:00,4,https://www.instagram.com/reel/DVScFc0k7sm/,https://www.instagram.com/reel/DVScFc0k7sm/?comment_id=18090095285166321,scraping_instagram,ernapur_,"Kenapa yaa ada lebih dan kurang bayar, apakah krna ikut affiliate?"
18086632984951094,2026-03-06T02:59:46+00:00,25,https://www.instagram.com/reel/DVScFc0k7sm/,https://www.instagram.com/reel/DVScFc0k7sm/?comment_id=18086632984951094,scraping_instagram,ditjenpajakri,"Terima kasih #KawanPajak sudah lapor SPT Tahunan di CoretaxDJP ya Kak, bukan Coratex 😂🙏🏻"
18080221028603597,2026-03-01T12:02:01+00:00,398,https://www.instagram.com/reel/DVScFc0k7sm/,https://www.instagram.com/reel/DVScFc0k7sm/?comment_id=18080221028603597,scraping_instagram,fz_aziz_m,Kita yg bayar knp kita jg yg lapor😢
18072217238168269,2026-02-28T10:35:07+00:00,7,https://www.instagram.com/reel/DVScFc0k7sm/,https://www.instagram.com/reel/DVScFc0k7sm/?comment_id=18072217238168269,scraping_instagram,ani.wulandari.395,Beda pisah harta (PH) atau memilih terpisah (MT)apa bu??
17998682147736720,2026-03-08T16:00:18+00:00,3,https://www.instagram.com/reel/DVScFc0k7sm/,https://www.instagram.com/reel/DVScFc0k7sm/?comment_id=17998682147736720,scraping_instagram,vijeee.riani,Kalo gaji di bawah UMR apa tetep lapor pajak ?
18085257353185971,2026-03-01T06:30:09+00:00,5,https://www.instagram.com/reel/DVScFc0k7sm/,https://www.instagram.com/reel/DVScFc0k7sm/?comment_id=18085257353185971,scraping_instagram,wanda.henna,Masukkan Passphrase maksud y apa kak ??
18076266053621898,2026-03-10T04:42:43+00:00,2,https://www.instagram.com/reel/DVScFc0k7sm/,https://www.instagram.com/reel/DVScFc0k7sm/?comment_id=18076266053621898,scraping_instagram,rif_atulmq,Udh ikutin petunjuk di captionblm bisa lapor/bayar suruh ngisi form L - 1 nya dl ada tutor nya lg
17933357145194671,2026-02-28T16:58:38+00:00,1,https://www.instagram.com/reel/DVScFc0k7sm/,https://www.instagram.com/reel/DVScFc0k7sm/?comment_id=17933357145194671,scraping_instagram,irmahermalia96,Maaf mau tanya kalo bukti potong pph21 blm ada itu gimana ya ?
18125137726563496,2026-03-11T17:03:32+00:00,0,https://www.instagram.com/reel/DVScFc0k7sm/,https://www.instagram.com/reel/DVScFc0k7sm/?comment_id=18125137726563496,scraping_instagram,ucimdewi,"Makasih bu saya berhasil,,,, sehat terus ibuuu 😍"
18104880541855279,2026-03-03T03:53:14+00:00,4,https://www.instagram.com/reel/DVScFc0k7sm/,https://www.instagram.com/reel/DVScFc0k7sm/?comment_id=18104880541855279,scraping_instagram,nuningbyo,Tanya kak..utk pisah harta atau memilih terpisah maksudnya gimana?
18007794041845786,2026-03-02T06:48:12+00:00,2,https://www.instagram.com/reel/DVScFc0k7sm/,https://www.instagram.com/reel/DVScFc0k7sm/?comment_id=18007794041845786,scraping_instagram,erlin_tania,Bu kalau ASN + Affiliate shopee. Dan statusnya Lebih bayar gimana ya? Pusing saya
17996872922873248,2026-03-04T00:16:36+00:00,3,https://www.instagram.com/reel/DVScFc0k7sm/,https://www.instagram.com/reel/DVScFc0k7sm/?comment_id=17996872922873248,scraping_instagram,rfliihsnfzi,"kak mau nanya misalnya di dokumen saya cuma ada bukti potong PPh pasal 21 (BP21) aja gmn? apa tetap perlu buat laporan tahunan? soalnya saya liat di yt yt pada (BPA2), sedangkan saya gaada dokumen BPA2"
18105286669633181,2026-02-28T22:01:49+00:00,3,https://www.instagram.com/reel/DVScFc0k7sm/,https://www.instagram.com/reel/DVScFc0k7sm/?comment_id=18105286669633181,scraping_instagram,asrylesta,ini terakhir kapan ya kak?
17937870726014506,2026-03-01T18:16:13+00:00,190,https://www.instagram.com/reel/DVScFc0k7sm/,https://www.instagram.com/reel/DVScFc0k7sm/?comment_id=17937870726014506,scraping_instagram,_arif_wibowo_,Aneh. Kita udah d potong pajak otomatis dari kantor / perusahaan kok kita harus lapor? Sementara yg pakai dana pajak aja ga ada transparansi nya atau laporan ke masyarakat atau ke yg di pungut pajaknya 😢
18059272052680073,2026-03-04T20:39:13+00:00,37,https://www.instagram.com/reel/DVScFc0k7sm/,https://www.instagram.com/reel/DVScFc0k7sm/?comment_id=18059272052680073,scraping_instagram,jerinapriyanto,Negara RIBET udh dipotong tetep LAPOR juga..
18074205803420396,2026-03-08T05:17:04+00:00,1,https://www.instagram.com/reel/DVScFc0k7sm/,https://www.instagram.com/reel/DVScFc0k7sm/?comment_id=18074205803420396,scraping_instagram,gofur1362,Kalau lebih bayar
17962343214054820,2026-03-06T00:03:40+00:00,41,https://www.instagram.com/reel/DVScFc0k7sm/,https://www.instagram.com/reel/DVScFc0k7sm/?comment_id=17962343214054820,scraping_instagram,kartikaardhi,"Kenapa yg lapor kita, kan yg di potong kita, yg bayar kita, harusnya ente yg ngasih report bukan bikin repot"
18406954351133505,2026-03-01T01:19:26+00:00,1,https://www.instagram.com/reel/DVScFc0k7sm/,https://www.instagram.com/reel/DVScFc0k7sm/?comment_id=18406954351133505,scraping_instagram,waryuti12,"Punya saya lebih bayar kak, ikut arahan kk, gmn"
17923087317258760,2026-03-10T12:12:29+00:00,17,https://www.instagram.com/reel/DVScFc0k7sm/,https://www.instagram.com/reel/DVScFc0k7sm/?comment_id=17923087317258760,scraping_instagram,mas_bayu.real,sudah dipotong malah suruh lapor sendiri. pejabat pajaknya ngapain? bukankah setiap potongan ada nota/bukti pemotongannya ya.. dari situ saja kan bisa kalian rekap sendiri... negara apa iniiiii
18083555750353503,2026-03-01T11:38:40+00:00,1,https://www.instagram.com/reel/DVScFc0k7sm/,https://www.instagram.com/reel/DVScFc0k7sm/?comment_id=18083555750353503,scraping_instagram,pudjiastutimartini,mbak...klo di  harta bergerak  ada pilihan harta pps dan  investasi pps apa maksudnya yaa... setelah diisi tombol simpannya gak berfungsi kenapa
18446222431128797,2026-03-14T09:41:16+00:00,0,https://www.instagram.com/reel/DVScFc0k7sm/,https://www.instagram.com/reel/DVScFc0k7sm/?comment_id=18446222431128797,scraping_instagram,abdurrohman_almukhdlor,Kalau aktivasi cortex terus email yang digunakan sebelumnya udah gak aktif gimana
18380427625090925,2026-03-02T07:35:46+00:00,0,https://www.instagram.com/reel/DVScFc0k7sm/,https://www.instagram.com/reel/DVScFc0k7sm/?comment_id=18380427625090925,scraping_instagram,ejaaja86,kak kalau lupa Passphrase gmn ya?
17929086426203721,2026-03-01T15:41:47+00:00,2,https://www.instagram.com/reel/DVScFc0k7sm/,https://www.instagram.com/reel/DVScFc0k7sm/?comment_id=17929086426203721,scraping_instagram,risajumadilputri,"saya dibagian kredit pajak ketika jawab pertanyaan kedua ""tidak"" tapi keluar pernyataan ""ada bukti pemotongan dari pemberi kerja yg terbaca di sistem"" dan nnti ada jumlah nilainya disamping kolom/tidak 0,,jadi harus pilih ya,,it knp ya kk? tpi spt cha tetap nihil"
17877584502528426,2026-03-09T10:12:36+00:00,1,https://www.instagram.com/reel/DVScFc0k7sm/,https://www.instagram.com/reel/DVScFc0k7sm/?comment_id=17877584502528426,scraping_instagram,roykepol,"Bukan masalah sulit atau Mudah ,Tapi ribet ,kita yang bayar pajak,kita yang melapor"
18137982361498391,2026-03-09T03:45:13+00:00,138,https://www.instagram.com/reel/DVScFc0k7sm/,https://www.instagram.com/reel/DVScFc0k7sm/?comment_id=18137982361498391,scraping_instagram,mhriefky,"saya gen z, ga gaptek, excel mengerti sedikit, tpi klo disuruh bikin spt nyerahh, ribett males! gua udh bayar dipotongnya kegedean, masa harus lapor sendiri? SENDIRI? terus tugas situ ngapain pak? @ditjenpajakri enak amat idup"
18060378986675835,2026-03-04T04:26:19+00:00,0,https://www.instagram.com/reel/DVScFc0k7sm/,https://www.instagram.com/reel/DVScFc0k7sm/?comment_id=18060378986675835,scraping_instagram,pangaeaf,"Malaz, kita yg bayar kita juga yang lapor"
18085334912346057,2026-03-16T04:44:34+00:00,1,https://www.instagram.com/reel/DVScFc0k7sm/,https://www.instagram.com/reel/DVScFc0k7sm/?comment_id=18085334912346057,scraping_instagram,mysm16_,"Mudah banget mba, sampe itung ulang ada brapa tahap itu yg di tulis 🤣😂"
18120691147623238,2026-04-01T05:13:50+00:00,1,https://www.instagram.com/reel/DVScFc0k7sm/,https://www.instagram.com/reel/DVScFc0k7sm/?comment_id=18120691147623238,scraping_instagram,ismailmb46,Pusing isi L-1 nya
18107895598832551,2026-03-16T23:16:43+00:00,0,https://www.instagram.com/reel/DVScFc0k7sm/,https://www.instagram.com/reel/DVScFc0k7sm/?comment_id=18107895598832551,scraping_instagram,wirs.abd.fatah,Wkwk influencer pajak !!! 😂
17997127352746756,2026-03-16T01:26:59+00:00,7,https://www.instagram.com/reel/DVScFc0k7sm/,https://www.instagram.com/reel/DVScFc0k7sm/?comment_id=17997127352746756,scraping_instagram,sulton_mubarok,Bahkan step pertama aja udah gagal login salah pasword salah. Lupa password email salah nomor telpon salah bangke emang nambahi pikiran aja
18098971451490739,2026-03-18T09:58:34+00:00,1,https://www.instagram.com/reel/DVScFc0k7sm/,https://www.instagram.com/reel/DVScFc0k7sm/?comment_id=18098971451490739,scraping_instagram,lannn7712,Berarti lapor SPT gak perlu pakai bukti potong yah?? Soalnya di akun coretax ku gak ada bukti potong BPA2
17942238042159893,2026-03-31T22:58:27+00:00,2,https://www.instagram.com/reel/DVScFc0k7sm/,https://www.instagram.com/reel/DVScFc0k7sm/?comment_id=17942238042159893,scraping_instagram,riiykun_o,"Aktivasi akun wajib pajaknya yang susah, unggah foto aja kadang ngga valid2 giliran udah valid udah masukin email sama no.hp disimpan malah error dll 😵‍💫"
17875991142427501,2026-03-16T16:07:13+00:00,1,https://www.instagram.com/reel/DVScFc0k7sm/,https://www.instagram.com/reel/DVScFc0k7sm/?comment_id=17875991142427501,scraping_instagram,ssandman27,Punya aku kurang bayar ka...gmana cara editnya ka yaa😢😢😢
18041235083758755,2026-03-26T02:58:50+00:00,2,https://www.instagram.com/reel/DVScFc0k7sm/,https://www.instagram.com/reel/DVScFc0k7sm/?comment_id=18041235083758755,scraping_instagram,simon_lw00,"Mudah kok, yok yang mau dibantu lapor SPT OPnya murah saja. Wkwkwk promosi😂"
18451040674097527,2026-03-09T07:56:57+00:00,2,https://www.instagram.com/reel/DVScFc0k7sm/,https://www.instagram.com/reel/DVScFc0k7sm/?comment_id=18451040674097527,scraping_instagram,larry_marcelino,Kak kalau kita udah dapat bukti penerimaan elektronik melalu email itu artinya pelaporan pajaknya sudah sukses kan ?
18045385889516115,2026-03-02T06:57:59+00:00,2,https://www.instagram.com/reel/DVScFc0k7sm/,https://www.instagram.com/reel/DVScFc0k7sm/?comment_id=18045385889516115,scraping_instagram,syahrazmaghribi,Sudah seminggu nyoba belasan tutorial isi coretax tapi 100% zonk semua. Masih kurang bayar juga. Entahlah..
17930851089050750,2026-03-04T05:20:17+00:00,1,https://www.instagram.com/reel/DVScFc0k7sm/,https://www.instagram.com/reel/DVScFc0k7sm/?comment_id=17930851089050750,scraping_instagram,ponimanhui,"Baru cek, isi perabot rumah pun musti di isi 😂"
18016449965837579,2026-04-03T08:25:31+00:00,2,https://www.instagram.com/reel/DVScFc0k7sm/,https://www.instagram.com/reel/DVScFc0k7sm/?comment_id=18016449965837579,scraping_instagram,taxivo.id,Sinii yang mau mimin bantu lapor SPT di coretax😊mau aktivasi sama bikin npwp jugaa bisaa nih
18091510873895038,2026-03-15T14:25:22+00:00,0,https://www.instagram.com/reel/DVScFc0k7sm/,https://www.instagram.com/reel/DVScFc0k7sm/?comment_id=18091510873895038,scraping_instagram,fira_sakha,@vianf_
18091997378024203,2026-03-04T14:33:10+00:00,0,https://www.instagram.com/reel/DVScFc0k7sm/,https://www.instagram.com/reel/DVScFc0k7sm/?comment_id=18091997378024203,scraping_instagram,calin_mayat,"Maaf mau tanya kalau ketika mau lapor spt muncul keterangan anda tidak wajib menyampaikan spt tahunan, baiknya lapor spt atau ga usah ?"
17871027384566325,2026-03-12T11:02:11+00:00,0,https://www.instagram.com/reel/DVScFc0k7sm/,https://www.instagram.com/reel/DVScFc0k7sm/?comment_id=17871027384566325,scraping_instagram,aghniagaleri,Alhamdulillah udah lapor dan berhasil di tengah malam 😢
18096260143986397,2026-03-08T02:46:11+00:00,0,https://www.instagram.com/reel/DVScFc0k7sm/,https://www.instagram.com/reel/DVScFc0k7sm/?comment_id=18096260143986397,scraping_instagram,indriya__wati,"Min mau tanya, kalo udh dapet BPE by email apakah sudah selesai? Atau harus downloaf bukti potong terbarunya setelah lapor?"
18072815546165745,2026-03-06T13:47:50+00:00,0,https://www.instagram.com/reel/DVScFc0k7sm/,https://www.instagram.com/reel/DVScFc0k7sm/?comment_id=18072815546165745,scraping_instagram,paulusyanuri11,"Kocak yaa kita bayar pajak,,,, tiap bulan gaji kita bayar tp tiap tahun wajib laporan SPT padahal kerja cari Sendiri, kocak kali pak  @purbayayudhi.official  pak benahin dong soal perpajakan d KONOHA INI"
18088408793151340,2026-03-02T05:34:15+00:00,6,https://www.instagram.com/reel/DVScFc0k7sm/,https://www.instagram.com/reel/DVScFc0k7sm/?comment_id=18088408793151340,scraping_instagram,bangkitpra,"Status lebih bayar untuk istri,"
18080005166614810,2026-03-11T03:53:04+00:00,0,https://www.instagram.com/reel/DVScFc0k7sm/,https://www.instagram.com/reel/DVScFc0k7sm/?comment_id=18080005166614810,scraping_instagram,irmahermalia96,Maaf mau tanya lagi misal status spt nya lebih bayar itu gimana ya ?
18094644892989862,2026-03-01T11:08:45+00:00,3,https://www.instagram.com/reel/DVScFc0k7sm/,https://www.instagram.com/reel/DVScFc0k7sm/?comment_id=18094644892989862,scraping_instagram,riyan.3200,Kalo lupa password gimana..? lupa juga nomor Evin
18123821971562277,2026-02-28T20:39:12+00:00,1,https://www.instagram.com/reel/DVScFc0k7sm/,https://www.instagram.com/reel/DVScFc0k7sm/?comment_id=18123821971562277,scraping_instagram,khanifaaa_,Makasih🙏🏻
17853677499652912,2026-02-28T21:36:03+00:00,1,https://www.instagram.com/reel/DVScFc0k7sm/,https://www.instagram.com/reel/DVScFc0k7sm/?comment_id=17853677499652912,scraping_instagram,allfridaintan,Kak pada menu lampiran 1 kan ada B Utang pada akhit tahun itu utang apa ya kak ?
18403047253178595,2026-03-04T10:37:41+00:00,1,https://www.instagram.com/reel/DVScFc0k7sm/,https://www.instagram.com/reel/DVScFc0k7sm/?comment_id=18403047253178595,scraping_instagram,tyasiulil,@meksbgr ini udah semua blm tadi?
17990637230770358,2026-02-28T21:20:01+00:00,3,https://www.instagram.com/reel/DVScFc0k7sm/,https://www.instagram.com/reel/DVScFc0k7sm/?comment_id=17990637230770358,scraping_instagram,syaini.a,Sulit
18184962136366467,2026-03-06T02:45:58+00:00,1,https://www.instagram.com/reel/DVScFc0k7sm/,https://www.instagram.com/reel/DVScFc0k7sm/?comment_id=18184962136366467,scraping_instagram,ginashita,"Kalau ngisi ginian di kantor pajak gmna kk? Aku kalo ngisi pribadi bingung ih , mau tanya siapa juga bingung"
18084578159264541,2026-02-28T22:15:14+00:00,1,https://www.instagram.com/reel/DVScFc0k7sm/,https://www.instagram.com/reel/DVScFc0k7sm/?comment_id=18084578159264541,scraping_instagram,tiararahm21,@megacfde
17928712407235220,2026-03-05T06:06:32+00:00,0,https://www.instagram.com/reel/DVScFc0k7sm/,https://www.instagram.com/reel/DVScFc0k7sm/?comment_id=17928712407235220,scraping_instagram,yantiwidiyowati,Saya bukti potongnya belum keluar bu
18121297282595290,2026-03-02T03:13:09+00:00,0,https://www.instagram.com/reel/DVScFc0k7sm/,https://www.instagram.com/reel/DVScFc0k7sm/?comment_id=18121297282595290,scraping_instagram,rif_batavia,Kalo pegawai PJLP yg mana ka
17995153904870519,2026-03-02T12:53:11+00:00,0,https://www.instagram.com/reel/DVScFc0k7sm/,https://www.instagram.com/reel/DVScFc0k7sm/?comment_id=17995153904870519,scraping_instagram,amel5539,Maaf kk mau tanya klo bukti potongnya pph 21 nya blm ada gimana ya padahal sdh di refred didokumen saya tdk ada
18196369660340915,2026-02-28T19:54:24+00:00,1,https://www.instagram.com/reel/DVScFc0k7sm/,https://www.instagram.com/reel/DVScFc0k7sm/?comment_id=18196369660340915,scraping_instagram,jeanyppp,"ko saat pilih periodenyaa gabisa ya, gamuncul"
18039238787772070,2026-03-01T21:05:17+00:00,1,https://www.instagram.com/reel/DVScFc0k7sm/,https://www.instagram.com/reel/DVScFc0k7sm/?comment_id=18039238787772070,scraping_instagram,tiaradewisukma,@yupi_sy
17890964811427015,2026-03-01T15:43:44+00:00,0,https://www.instagram.com/reel/DVScFc0k7sm/,https://www.instagram.com/reel/DVScFc0k7sm/?comment_id=17890964811427015,scraping_instagram,gedhoni,Registrasi qortex masih bisa Bu?
18112045453655494,2026-03-01T03:45:21+00:00,4,https://www.instagram.com/reel/DVScFc0k7sm/,https://www.instagram.com/reel/DVScFc0k7sm/?comment_id=18112045453655494,scraping_instagram,dedi.setiadii,Lapor sampe bulan apa Bu terakhir?
17962539888046308,2026-02-28T15:42:26+00:00,1,https://www.instagram.com/reel/DVScFc0k7sm/,https://www.instagram.com/reel/DVScFc0k7sm/?comment_id=17962539888046308,scraping_instagram,nanasuryana12,Bpa1 belum muncul
18055898564452355,2026-03-01T14:12:15+00:00,0,https://www.instagram.com/reel/DVScFc0k7sm/,https://www.instagram.com/reel/DVScFc0k7sm/?comment_id=18055898564452355,scraping_instagram,likeurfine,"kalo mau aktivasi akun coretax error trs, solusinya gmn kak"
18096488491780874,2026-02-28T13:48:54+00:00,0,https://www.instagram.com/reel/DVScFc0k7sm/,https://www.instagram.com/reel/DVScFc0k7sm/?comment_id=18096488491780874,scraping_instagram,yustikaaaaa__,"hihi betul bukkk, aku kemarin juga sat set josjissss😭😭"
18106131046763885,2026-03-01T02:39:01+00:00,0,https://www.instagram.com/reel/DVScFc0k7sm/,https://www.instagram.com/reel/DVScFc0k7sm/?comment_id=18106131046763885,scraping_instagram,diyawilya,"Kk kok punya aku Kurang bayar hampir 21jt, itu hasil dari mana ya kk ? Padahal pajak selalu di potong setiap tahun nya"
18340516666219135,2026-05-09T01:51:04+00:00,0,https://www.instagram.com/reel/DVScFc0k7sm/,https://www.instagram.com/reel/DVScFc0k7sm/?comment_id=18340516666219135,scraping_instagram,nurr88,
17930242407262145,2026-05-04T06:44:56+00:00,0,https://www.instagram.com/reel/DVScFc0k7sm/,https://www.instagram.com/reel/DVScFc0k7sm/?comment_id=17930242407262145,scraping_instagram,sugeng_ariyadi007,Udah bs tp belum dpt email
18082630733411689,2026-05-01T03:58:13+00:00,0,https://www.instagram.com/reel/DVScFc0k7sm/,https://www.instagram.com/reel/DVScFc0k7sm/?comment_id=18082630733411689,scraping_instagram,muhammad_dhitya,Mntap. Bu
17907547308219984,2026-04-29T04:46:50+00:00,0,https://www.instagram.com/reel/DVScFc0k7sm/,https://www.instagram.com/reel/DVScFc0k7sm/?comment_id=17907547308219984,scraping_instagram,nita7viona,Jika sudh ada bukti sperti di foto itu berarti sudh berhasil ya Bu?
18075846416216001,2026-04-28T03:42:00+00:00,0,https://www.instagram.com/reel/DVScFc0k7sm/,https://www.instagram.com/reel/DVScFc0k7sm/?comment_id=18075846416216001,scraping_instagram,hraras_,"pahala selalu bt kakak, terima kasih sdh bantu isi dgn kisi” 🫶🏼"
18090652922231904,2026-04-23T18:42:51+00:00,0,https://www.instagram.com/reel/DVScFc0k7sm/,https://www.instagram.com/reel/DVScFc0k7sm/?comment_id=18090652922231904,scraping_instagram,didi.supardi,"Kita yg bayar kita yg lapor ,, aseeeem..."
17934323220212329,2026-04-15T02:49:00+00:00,0,https://www.instagram.com/reel/DVScFc0k7sm/,https://www.instagram.com/reel/DVScFc0k7sm/?comment_id=17934323220212329,scraping_instagram,g.gio88,Ngapain lapor penting udah bayar pajak biar tugas mereka buat input kok mau enaknya udah dibiayai kerjanya lewat pajak rakyat😂
17934566604225603,2026-04-13T00:15:46+00:00,0,https://www.instagram.com/reel/DVScFc0k7sm/,https://www.instagram.com/reel/DVScFc0k7sm/?comment_id=17934566604225603,scraping_instagram,muftorik,Yg pusing itu klo ada selisih
18001757237739202,2026-04-12T18:22:55+00:00,0,https://www.instagram.com/reel/DVScFc0k7sm/,https://www.instagram.com/reel/DVScFc0k7sm/?comment_id=18001757237739202,scraping_instagram,tarwa_doank72,login nya aja ausah min
18094617929025633,2026-04-08T00:11:41+00:00,0,https://www.instagram.com/reel/DVScFc0k7sm/,https://www.instagram.com/reel/DVScFc0k7sm/?comment_id=18094617929025633,scraping_instagram,zaenal_anosmia,tombol ❤️ untuk yang ndak bisa log in di coretax tapi di dpj bisa 👉
18524721412073349,2026-04-06T16:57:07+00:00,0,https://www.instagram.com/reel/DVScFc0k7sm/,https://www.instagram.com/reel/DVScFc0k7sm/?comment_id=18524721412073349,scraping_instagram,periintis_96,Caranya kak
17867492583511080,2026-04-05T02:09:40+00:00,0,https://www.instagram.com/reel/DVScFc0k7sm/,https://www.instagram.com/reel/DVScFc0k7sm/?comment_id=17867492583511080,scraping_instagram,doni_herdian.syah,Ribet lah anjing 🤪🤮
18016449965837579,2026-04-03T08:25:31+00:00,2,https://www.instagram.com/reel/DVScFc0k7sm/,https://www.instagram.com/reel/DVScFc0k7sm/?comment_id=18016449965837579,scraping_instagram,taxivo.id,Sinii yang mau mimin bantu lapor SPT di coretax😊mau aktivasi sama bikin npwp jugaa bisaa nih
18131284597553607,2026-04-02T07:34:47+00:00,0,https://www.instagram.com/reel/DVScFc0k7sm/,https://www.instagram.com/reel/DVScFc0k7sm/?comment_id=18131284597553607,scraping_instagram,dianarafff,login nya gaisa bunda gimana dong😭
17945439390146447,2026-04-02T04:03:26+00:00,0,https://www.instagram.com/reel/DVScFc0k7sm/,https://www.instagram.com/reel/DVScFc0k7sm/?comment_id=17945439390146447,scraping_instagram,nom_noma,PTKP diisinya apa? Kalo karyawan
18075623492186198,2026-04-01T14:26:58+00:00,0,https://www.instagram.com/reel/DVScFc0k7sm/,https://www.instagram.com/reel/DVScFc0k7sm/?comment_id=18075623492186198,scraping_instagram,lanting_21,Siap² antri ke KPP
18075550343406436,2026-04-01T09:09:05+00:00,0,https://www.instagram.com/reel/DVScFc0k7sm/,https://www.instagram.com/reel/DVScFc0k7sm/?comment_id=18075550343406436,scraping_instagram,ariefrahman_23,Aneh2 lawak 😂😂
18120691147623238,2026-04-01T05:13:50+00:00,1,https://www.instagram.com/reel/DVScFc0k7sm/,https://www.instagram.com/reel/DVScFc0k7sm/?comment_id=18120691147623238,scraping_instagram,ismailmb46,Pusing isi L-1 nya
17862630732548206,2026-04-01T05:09:14+00:00,0,https://www.instagram.com/reel/DVScFc0k7sm/,https://www.instagram.com/reel/DVScFc0k7sm/?comment_id=17862630732548206,scraping_instagram,farizone_jr,"Waduh, lupa lapor pajak , udah lewat 31 maret. Mana udah ga kerja di indo …. Dibiarin aja ga kenapa napa kan yaa"
18005527673891165,2026-04-01T02:28:54+00:00,0,https://www.instagram.com/reel/DVScFc0k7sm/,https://www.instagram.com/reel/DVScFc0k7sm/?comment_id=18005527673891165,scraping_instagram,rizkisaputra_1992,"Lagian ngapain yg bayar yg lapor, logikanya Dimna,padahal udah tau pajak itu haram HARAM"
17936321250081205,2026-04-01T01:50:44+00:00,0,https://www.instagram.com/reel/DVScFc0k7sm/,https://www.instagram.com/reel/DVScFc0k7sm/?comment_id=17936321250081205,scraping_instagram,graha21,Jika hanya 5 bulan..Juli-Desember 2025 wajib di laporkan juga?
18107009638880539,2026-04-01T00:50:48+00:00,0,https://www.instagram.com/reel/DVScFc0k7sm/,https://www.instagram.com/reel/DVScFc0k7sm/?comment_id=18107009638880539,scraping_instagram,m_alhaadi_b_,Kemarin error 😂 sampai kerja kelompok nanti coba lagi lah 😂
18107176603858144,2026-03-31T23:32:28+00:00,0,https://www.instagram.com/reel/DVScFc0k7sm/,https://www.instagram.com/reel/DVScFc0k7sm/?comment_id=18107176603858144,scraping_instagram,gelldjeniov,Udah coba berulang kali lapor pajak di coretax sulit verifikasinya trims
17942238042159893,2026-03-31T22:58:27+00:00,2,https://www.instagram.com/reel/DVScFc0k7sm/,https://www.instagram.com/reel/DVScFc0k7sm/?comment_id=17942238042159893,scraping_instagram,riiykun_o,"Aktivasi akun wajib pajaknya yang susah, unggah foto aja kadang ngga valid2 giliran udah valid udah masukin email sama no.hp disimpan malah error dll 😵‍💫"
18113363023741306,2026-03-31T17:12:52+00:00,0,https://www.instagram.com/reel/DVScFc0k7sm/,https://www.instagram.com/reel/DVScFc0k7sm/?comment_id=18113363023741306,scraping_instagram,syamfalah22,Error Mulu mau lapor juga
18048362576715690,2026-03-31T16:30:33+00:00,0,https://www.instagram.com/reel/DVScFc0k7sm/,https://www.instagram.com/reel/DVScFc0k7sm/?comment_id=18048362576715690,scraping_instagram,lianasdwp,Kalau boleh jujur. Memang mudah sambil lihat tutor YT aku😂
18090981538930587,2026-03-31T15:19:19+00:00,0,https://www.instagram.com/reel/DVScFc0k7sm/,https://www.instagram.com/reel/DVScFc0k7sm/?comment_id=18090981538930587,scraping_instagram,alkaprabu,Ribet
18087498983237181,2026-03-31T14:37:11+00:00,0,https://www.instagram.com/reel/DVScFc0k7sm/,https://www.instagram.com/reel/DVScFc0k7sm/?comment_id=18087498983237181,scraping_instagram,adrianwibw,"Guys lapor SPT itu jangan asal yaaa 3-4 tahun bisa saja kita dapat surat cinta, jadi isi laa dengan benar, jelas dan lengkap, jangan mentang"" ada A1 tapi lupa mencocokan dengan harta, kemudian banyak skrg ini muncul BP21 itu harus di tambahkan ke penghasilan"
17872996059577675,2026-03-31T13:10:30+00:00,0,https://www.instagram.com/reel/DVScFc0k7sm/,https://www.instagram.com/reel/DVScFc0k7sm/?comment_id=17872996059577675,scraping_instagram,raaaaaff__,hah. bukan soal mudah atau sulit. tapi soal kenapa kita? bukannya anda yg harusnya laporan telah motong pajak kita?
18126427981569472,2026-03-31T11:19:57+00:00,0,https://www.instagram.com/reel/DVScFc0k7sm/,https://www.instagram.com/reel/DVScFc0k7sm/?comment_id=18126427981569472,scraping_instagram,z_pluviophile,tanda terimanya gabisa di download ada yg sama gasih?
17897258937422616,2026-03-31T10:02:19+00:00,0,https://www.instagram.com/reel/DVScFc0k7sm/,https://www.instagram.com/reel/DVScFc0k7sm/?comment_id=17897258937422616,scraping_instagram,randhira23,Tetep mauales wkwk kita bayar masa kita lapor
18097135517047728,2026-03-31T09:40:40+00:00,0,https://www.instagram.com/reel/DVScFc0k7sm/,https://www.instagram.com/reel/DVScFc0k7sm/?comment_id=18097135517047728,scraping_instagram,nathan_1_2_4,ni serius flow nya panjang banget? udah kaya lagi UN aja
18099461404785119,2026-03-31T08:16:32+00:00,0,https://www.instagram.com/reel/DVScFc0k7sm/,https://www.instagram.com/reel/DVScFc0k7sm/?comment_id=18099461404785119,scraping_instagram,yuliarahman,"Kak, aku coba spt info kakak, hasilnya kurang bayar.. lanjut atau ada yg salah kah?"
18084451199523971,2026-03-31T06:57:28+00:00,0,https://www.instagram.com/reel/DVScFc0k7sm/,https://www.instagram.com/reel/DVScFc0k7sm/?comment_id=18084451199523971,scraping_instagram,emisatemi8,Kalau ada yg sulit ngapain harus di permudah cemwww
17861752578554990,2026-03-31T05:59:58+00:00,0,https://www.instagram.com/reel/DVScFc0k7sm/,https://www.instagram.com/reel/DVScFc0k7sm/?comment_id=17861752578554990,scraping_instagram,rezqy_ananda,Kalau ada lebih bayar gimana ya?
18070231445277459,2026-03-31T02:15:14+00:00,0,https://www.instagram.com/reel/DVScFc0k7sm/,https://www.instagram.com/reel/DVScFc0k7sm/?comment_id=18070231445277459,scraping_instagram,yonniesya,"Berkat postingan anda dr kmrn2 kurang bayar terus, hari ini ikuti langkah2 dr anda saya berhasil...makasi admin🔥🔥😍😍❤️❤️"
18025607546684679,2026-03-31T00:27:37+00:00,0,https://www.instagram.com/reel/DVScFc0k7sm/,https://www.instagram.com/reel/DVScFc0k7sm/?comment_id=18025607546684679,scraping_instagram,siregar1989,Membantu.. Tp masih lebih bayar kenapa yaaa 😥😥
17884555686496902,2026-03-30T23:38:54+00:00,0,https://www.instagram.com/reel/DVScFc0k7sm/,https://www.instagram.com/reel/DVScFc0k7sm/?comment_id=17884555686496902,scraping_instagram,hanlipasulu,Mudah tapi BPE setelah lapor tdk masuk2 ke email
17906980767380765,2026-03-30T22:33:52+00:00,0,https://www.instagram.com/reel/DVScFc0k7sm/,https://www.instagram.com/reel/DVScFc0k7sm/?comment_id=17906980767380765,scraping_instagram,kohweee_,Punya saya kenapa ga masuk terus ke email nya ya buat bukti penerimaan nya😢
18077110367413270,2026-03-30T16:48:54+00:00,0,https://www.instagram.com/reel/DVScFc0k7sm/,https://www.instagram.com/reel/DVScFc0k7sm/?comment_id=18077110367413270,scraping_instagram,ahjussi_24,Kita yg bayar.. Kita yg lapor... Kontollll. Nagara apaa inii😂😂😂
17895631599287963,2026-03-30T15:52:18+00:00,0,https://www.instagram.com/reel/DVScFc0k7sm/,https://www.instagram.com/reel/DVScFc0k7sm/?comment_id=17895631599287963,scraping_instagram,yulianaaasn,Bu kemarin saya mau isi kenapa isi priode tahun nya tidak muncul yah 🙁
17969147294881613,2026-03-30T15:39:31+00:00,0,https://www.instagram.com/reel/DVScFc0k7sm/,https://www.instagram.com/reel/DVScFc0k7sm/?comment_id=17969147294881613,scraping_instagram,atrismochaa,"Bu, maaf. Saya tiap login coretax knp selalu beralih ke atur password padahal sudah betul semuanya sampai susah sekali untuk login? Lebih enak yg tahun kemarin, untuk login nya mudah tidak ribet dan tidak banyak verifikasi lainnya"
18057096110468634,2026-03-30T15:11:33+00:00,0,https://www.instagram.com/reel/DVScFc0k7sm/,https://www.instagram.com/reel/DVScFc0k7sm/?comment_id=18057096110468634,scraping_instagram,pisan915,Mudah beungeut sia hurung
17990755406950409,2026-03-30T15:11:27+00:00,0,https://www.instagram.com/reel/DVScFc0k7sm/,https://www.instagram.com/reel/DVScFc0k7sm/?comment_id=17990755406950409,scraping_instagram,kawe_widi678,"Mudah apanya, nyatanya purbaya ndak bisa ngisi😂"
18195814915354656,2026-03-30T10:11:35+00:00,0,https://www.instagram.com/reel/DVScFc0k7sm/,https://www.instagram.com/reel/DVScFc0k7sm/?comment_id=18195814915354656,scraping_instagram,aditya_h04real,800rb pajak gw 😢 di potong suruh lapor pulak 😂 aneh ni gak transparan sama masyarakat uang pajak di pake apa aja wkwkwkw
17995302548760206,2026-03-30T07:36:38+00:00,0,https://www.instagram.com/reel/DVScFc0k7sm/,https://www.instagram.com/reel/DVScFc0k7sm/?comment_id=17995302548760206,scraping_instagram,dwisetyaari,Coba aktivasi pakai foto masih gabisa...huhu gmn yaaa
17937470592192910,2026-03-30T05:31:48+00:00,0,https://www.instagram.com/reel/DVScFc0k7sm/,https://www.instagram.com/reel/DVScFc0k7sm/?comment_id=17937470592192910,scraping_instagram,andreasleonat,ANEH EMANG SI ORANG PAJAK. KENAPA SEMUANYA KUDU KITA YG LAPOR TERUS MEREKA KERJA NYA NGAPAIN AJA NGAB?
18076440959417048,2026-03-30T05:17:33+00:00,0,https://www.instagram.com/reel/DVScFc0k7sm/,https://www.instagram.com/reel/DVScFc0k7sm/?comment_id=18076440959417048,scraping_instagram,arcbossman,CORATEX ? 😂
18072596099645155,2026-03-30T00:42:00+00:00,0,https://www.instagram.com/reel/DVScFc0k7sm/,https://www.instagram.com/reel/DVScFc0k7sm/?comment_id=18072596099645155,scraping_instagram,hudiat26,Masalahnya gk oenah daftar dan pas daftar di minta efin. Efin sekarang harus ke kantor pajaknya
18085392614461293,2026-03-29T23:28:04+00:00,0,https://www.instagram.com/reel/DVScFc0k7sm/,https://www.instagram.com/reel/DVScFc0k7sm/?comment_id=18085392614461293,scraping_instagram,dimasadjiip,Alah 🙃
18105671182697710,2026-03-29T21:49:00+00:00,0,https://www.instagram.com/reel/DVScFc0k7sm/,https://www.instagram.com/reel/DVScFc0k7sm/?comment_id=18105671182697710,scraping_instagram,_mrafi,PREETTTT
17957979591074397,2026-03-29T15:44:10+00:00,0,https://www.instagram.com/reel/DVScFc0k7sm/,https://www.instagram.com/reel/DVScFc0k7sm/?comment_id=17957979591074397,scraping_instagram,doot_santoss,"Kita yg bayar kita yg ribet , aneh"
17917111314320166,2026-03-29T10:49:57+00:00,0,https://www.instagram.com/reel/DVScFc0k7sm/,https://www.instagram.com/reel/DVScFc0k7sm/?comment_id=17917111314320166,scraping_instagram,ardinarindi,Kak kl Uda punya NPWP tapi lupa sandi dn email gimana cara loginnya plis
17845903953694192,2026-03-29T09:07:18+00:00,0,https://www.instagram.com/reel/DVScFc0k7sm/,https://www.instagram.com/reel/DVScFc0k7sm/?comment_id=17845903953694192,scraping_instagram,nero.storeid,Boleh dibantu untuk sPT badan cV Umkm pleasw 🙏
17882683851480615,2026-03-29T00:02:45+00:00,0,https://www.instagram.com/reel/DVScFc0k7sm/,https://www.instagram.com/reel/DVScFc0k7sm/?comment_id=17882683851480615,scraping_instagram,reza_adrian34,Lebih bayar masukkan nomer rekening gagal mulu... Gimana trusss.. Repotinn kalian tuh 🤨
18125416612598412,2026-03-28T16:29:08+00:00,0,https://www.instagram.com/reel/DVScFc0k7sm/,https://www.instagram.com/reel/DVScFc0k7sm/?comment_id=18125416612598412,scraping_instagram,mano.naraa,@nurullitana akun cortex suamiku sudah d aktifasi(mau ke kantor pajaknya juga susah) apakah bisa lapor SPT tahunan pakai akun istri ? Apakah pelaporannya pakai dpt Priadi atau digabung?
18125182402516306,2026-03-28T14:48:10+00:00,0,https://www.instagram.com/reel/DVScFc0k7sm/,https://www.instagram.com/reel/DVScFc0k7sm/?comment_id=18125182402516306,scraping_instagram,mr_aprasetya,"Dulu mudah aja status nya nihil, sekarang malah lebih bayar terus. Sudah diubah dan dicek malah gitu terus 😂"
18389476027158809,2026-03-28T14:03:02+00:00,0,https://www.instagram.com/reel/DVScFc0k7sm/,https://www.instagram.com/reel/DVScFc0k7sm/?comment_id=18389476027158809,scraping_instagram,serba_serbi_cetakan,Klo lupa password email gimana yah? Krn SPT tahun lalu beda emaik
18259270483291611,2026-03-27T23:55:07+00:00,0,https://www.instagram.com/reel/DVScFc0k7sm/,https://www.instagram.com/reel/DVScFc0k7sm/?comment_id=18259270483291611,scraping_instagram,dany.biasa,Gampang bgt..tp ribet nauzubillah...karyawan pajak ngapain aja ya kalo orang2 lapor pajak sendiri..scroll tik tok?
18114401371655332,2026-03-27T16:58:59+00:00,0,https://www.instagram.com/reel/DVScFc0k7sm/,https://www.instagram.com/reel/DVScFc0k7sm/?comment_id=18114401371655332,scraping_instagram,ayu_agustin94,emg gampang tapi yg udah tua itu gimana kan ga ngerti udh diajarin juga tahun depannya ga bisa ngisi sendiri
18092550647161904,2026-03-27T13:01:04+00:00,0,https://www.instagram.com/reel/DVScFc0k7sm/,https://www.instagram.com/reel/DVScFc0k7sm/?comment_id=18092550647161904,scraping_instagram,muhctar_yusuf,Lanjutannya dimana ya
17929591545246833,2026-03-27T06:12:38+00:00,0,https://www.instagram.com/reel/DVScFc0k7sm/,https://www.instagram.com/reel/DVScFc0k7sm/?comment_id=17929591545246833,scraping_instagram,frrhhhf_,Saya kok pas login ngeblank putih itu kenapa ya😢
18100744168942825,2026-03-26T22:21:40+00:00,0,https://www.instagram.com/reel/DVScFc0k7sm/,https://www.instagram.com/reel/DVScFc0k7sm/?comment_id=18100744168942825,scraping_instagram,seillarahma,Kalo statusnya lebih bayar gimana ya kak? Padahal cuma masukkin sumber penghasilan 1 aja
18098303603077696,2026-03-26T12:08:28+00:00,0,https://www.instagram.com/reel/DVScFc0k7sm/,https://www.instagram.com/reel/DVScFc0k7sm/?comment_id=18098303603077696,scraping_instagram,bagus.chanz,Erorrrrrr teruuussssss 😏
18098552683961857,2026-03-26T08:58:44+00:00,0,https://www.instagram.com/reel/DVScFc0k7sm/,https://www.instagram.com/reel/DVScFc0k7sm/?comment_id=18098552683961857,scraping_instagram,naflahhh_,Bingung kok mau masukin rekeningg gaada listnya dan gabisa nambahin ya :'
18088681723955014,2026-03-26T08:09:03+00:00,0,https://www.instagram.com/reel/DVScFc0k7sm/,https://www.instagram.com/reel/DVScFc0k7sm/?comment_id=18088681723955014,scraping_instagram,mithaholic11,"Sulit bu, buka web nya aja bisa setengah hari loding terooss"
18041235083758755,2026-03-26T02:58:50+00:00,2,https://www.instagram.com/reel/DVScFc0k7sm/,https://www.instagram.com/reel/DVScFc0k7sm/?comment_id=18041235083758755,scraping_instagram,simon_lw00,"Mudah kok, yok yang mau dibantu lapor SPT OPnya murah saja. Wkwkwk promosi😂"
18073378172210011,2026-03-25T22:26:34+00:00,0,https://www.instagram.com/reel/DVScFc0k7sm/,https://www.instagram.com/reel/DVScFc0k7sm/?comment_id=18073378172210011,scraping_instagram,hadi_fnn,saya pontang panting sendirian bangun usaha pemerintah bantu apa? support aja kagak. giliran ada hasil kalian minta jatah pajak? dah kayak preman anjir
18431205889136865,2026-03-25T20:33:38+00:00,0,https://www.instagram.com/reel/DVScFc0k7sm/,https://www.instagram.com/reel/DVScFc0k7sm/?comment_id=18431205889136865,scraping_instagram,dimas_f_abimanyu,Trs tugas kalian apa ? Klw msih sya yng hrus lpor pajak scra mandiri ?
18102980488901487,2026-03-25T20:12:56+00:00,0,https://www.instagram.com/reel/DVScFc0k7sm/,https://www.instagram.com/reel/DVScFc0k7sm/?comment_id=18102980488901487,scraping_instagram,fachrul.mv,L4 gmnaa
17935880208038967,2026-03-25T10:05:59+00:00,0,https://www.instagram.com/reel/DVScFc0k7sm/,https://www.instagram.com/reel/DVScFc0k7sm/?comment_id=17935880208038967,scraping_instagram,free.dhoo,"Kak, tanya dong. Ini saya Lebih Bayar, dan disuruh pilih data di bagian G. Permohonan pengembalian pph, tapi klik isinya ga bisa Nana data alias kosong. Itu gimana cara harus ngelampirin nya ya ?? Makasii 🙏🏼"
18094305257328033,2026-03-25T08:42:57+00:00,0,https://www.instagram.com/reel/DVScFc0k7sm/,https://www.instagram.com/reel/DVScFc0k7sm/?comment_id=18094305257328033,scraping_instagram,4d1_s4put124,Ehbkapan negara buat laporan pemakain uang pajak?
18092071922327663,2026-03-24T19:13:12+00:00,0,https://www.instagram.com/reel/DVScFc0k7sm/,https://www.instagram.com/reel/DVScFc0k7sm/?comment_id=18092071922327663,scraping_instagram,daniaputeri6,"Bgamana kalo lupa efin , pin dan password ya ? Utk bisa masuk coretac? Help ya"
18076423604549803,2026-03-24T15:30:56+00:00,0,https://www.instagram.com/reel/DVScFc0k7sm/,https://www.instagram.com/reel/DVScFc0k7sm/?comment_id=18076423604549803,scraping_instagram,pramana.indra77,"Alhamdulillah aman, cuma kasian yg temen"" yg gaptek butuh bimbingan lapor spt lewat coretax. Memang ribet ngisinya."
17942112732144236,2026-03-24T15:09:18+00:00,0,https://www.instagram.com/reel/DVScFc0k7sm/,https://www.instagram.com/reel/DVScFc0k7sm/?comment_id=17942112732144236,scraping_instagram,luqman76122,Terima kasih bu. Sangat membantu untuk perpajakan yang sangat membebani. Benar. Kita yang bayar pajak harusnya perpajakan yang melapor ke kita2. Bukan sebaliknya. Mudah2an mereka hisab buruknya semakin berat.
18148956271419613,2026-03-24T13:55:21+00:00,0,https://www.instagram.com/reel/DVScFc0k7sm/,https://www.instagram.com/reel/DVScFc0k7sm/?comment_id=18148956271419613,scraping_instagram,itsmearini_,"Jumlah tanggungan apakah harus 1 kk? Misal saya dan orang tua kk sendiri2 walaupun saya belum menikah, tapi masih 1 rumah dan kebutuhan keluarga ada di saya"
18094184153032176,2026-03-24T11:21:42+00:00,0,https://www.instagram.com/reel/DVScFc0k7sm/,https://www.instagram.com/reel/DVScFc0k7sm/?comment_id=18094184153032176,scraping_instagram,fatamorgana.95,Ribet ah mba. Mereka yg dikantor pajak itu kita yg gaji mereka. Kenapa juga kita yg dibikin ribet
17893351623438049,2026-03-24T04:09:57+00:00,0,https://www.instagram.com/reel/DVScFc0k7sm/,https://www.instagram.com/reel/DVScFc0k7sm/?comment_id=17893351623438049,scraping_instagram,_neoreulunkimchi,Aku stuckd pilih pekerjaan tp gbs d submit 😭😭 itu knp ya
17879733549521080,2026-03-24T01:30:19+00:00,0,https://www.instagram.com/reel/DVScFc0k7sm/,https://www.instagram.com/reel/DVScFc0k7sm/?comment_id=17879733549521080,scraping_instagram,davidssatrio8,Webnya pagi ini gabis adiakses.. pdhl lagi niat ngerjain 😢😢
18101765743939326,2026-03-23T09:00:35+00:00,0,https://www.instagram.com/reel/DVScFc0k7sm/,https://www.instagram.com/reel/DVScFc0k7sm/?comment_id=18101765743939326,scraping_instagram,tyossoelis,Apa harus daftar dlu di coratex ?
18583940935043965,2026-03-23T01:10:20+00:00,0,https://www.instagram.com/reel/DVScFc0k7sm/,https://www.instagram.com/reel/DVScFc0k7sm/?comment_id=18583940935043965,scraping_instagram,amien_rois,Ribet
17901242760241265,2026-03-22T12:58:52+00:00,0,https://www.instagram.com/reel/DVScFc0k7sm/,https://www.instagram.com/reel/DVScFc0k7sm/?comment_id=17901242760241265,scraping_instagram,ida_nuyani,Liat bukti potong elektronik dimana ka? Saya cari ko data ditemukan ya. Sedangkan pas klik bayar dan lapor ada notifikasi bupot terlah terbit mohon isi ulang kembali
18076732841632304,2026-03-22T10:14:48+00:00,0,https://www.instagram.com/reel/DVScFc0k7sm/,https://www.instagram.com/reel/DVScFc0k7sm/?comment_id=18076732841632304,scraping_instagram,hen_hen77,"kalau di lampiran L1 bagian E ada pph23 bisa dihapus saja kah, karena membuat lebih bayar 200 rupiah, dan ini dari asuransi dimana L1 bagian D hanya pemberi kerja saja"
18176543032387025,2026-03-22T05:40:54+00:00,0,https://www.instagram.com/reel/DVScFc0k7sm/,https://www.instagram.com/reel/DVScFc0k7sm/?comment_id=18176543032387025,scraping_instagram,www_awant,"Gada. Ribet pokoknya, nyesel bet jdi wni"
18067181522662134,2026-03-22T05:39:30+00:00,0,https://www.instagram.com/reel/DVScFc0k7sm/,https://www.instagram.com/reel/DVScFc0k7sm/?comment_id=18067181522662134,scraping_instagram,niky_affrizal,Kita yg bayar pajak kita yg kyk jd babu ribet bikin laporan
17979325817826174,2026-03-21T04:19:35+00:00,0,https://www.instagram.com/reel/DVScFc0k7sm/,https://www.instagram.com/reel/DVScFc0k7sm/?comment_id=17979325817826174,scraping_instagram,jhansi_atreya,Mudah si menurut ku d bandingin yg sebelumnya
18354636523227453,2026-03-21T03:29:34+00:00,0,https://www.instagram.com/reel/DVScFc0k7sm/,https://www.instagram.com/reel/DVScFc0k7sm/?comment_id=18354636523227453,scraping_instagram,corner.kick_all,👏 trims
17983336004806412,2026-03-19T21:00:04+00:00,0,https://www.instagram.com/reel/DVScFc0k7sm/,https://www.instagram.com/reel/DVScFc0k7sm/?comment_id=17983336004806412,scraping_instagram,yuvi_oh,Iyah karena lu PNS kocak😂
18095955095060566,2026-03-19T18:29:50+00:00,0,https://www.instagram.com/reel/DVScFc0k7sm/,https://www.instagram.com/reel/DVScFc0k7sm/?comment_id=18095955095060566,scraping_instagram,budi_mazzzbud,Login aja gak bisa2 😂 dahlah penting bayar pajak aja
18074469701170074,2026-03-19T15:11:29+00:00,0,https://www.instagram.com/reel/DVScFc0k7sm/,https://www.instagram.com/reel/DVScFc0k7sm/?comment_id=18074469701170074,scraping_instagram,novitamugni,No 11 nya ga ada pilihannya gimana ka? Setelah klik tahunan ga muncul terus bulannya🥲
17906903754367918,2026-03-19T14:50:02+00:00,0,https://www.instagram.com/reel/DVScFc0k7sm/,https://www.instagram.com/reel/DVScFc0k7sm/?comment_id=17906903754367918,scraping_instagram,che_gembox,@kemenkeuri @ditjenpajakri udah di potong gaji gua.. Masih suruh lapor... Goblok.. Kerja lu apa
18003139613903201,2026-03-19T10:55:54+00:00,0,https://www.instagram.com/reel/DVScFc0k7sm/,https://www.instagram.com/reel/DVScFc0k7sm/?comment_id=18003139613903201,scraping_instagram,lulunapriyadi,Yg kena pajak urus pajak sendiri nikmat bener
18002039507888361,2026-03-18T21:54:03+00:00,0,https://www.instagram.com/reel/DVScFc0k7sm/,https://www.instagram.com/reel/DVScFc0k7sm/?comment_id=18002039507888361,scraping_instagram,iciks13,Nyusahin emang orang pajak
17946886719135234,2026-03-18T12:08:13+00:00,0,https://www.instagram.com/reel/DVScFc0k7sm/,https://www.instagram.com/reel/DVScFc0k7sm/?comment_id=17946886719135234,scraping_instagram,rynzaalf,Ribet amat kita yang bayar kita yang lapor
18098971451490739,2026-03-18T09:58:34+00:00,1,https://www.instagram.com/reel/DVScFc0k7sm/,https://www.instagram.com/reel/DVScFc0k7sm/?comment_id=18098971451490739,scraping_instagram,lannn7712,Berarti lapor SPT gak perlu pakai bukti potong yah?? Soalnya di akun coretax ku gak ada bukti potong BPA2
18109929391753446,2026-03-18T04:36:26+00:00,0,https://www.instagram.com/reel/DVScFc0k7sm/,https://www.instagram.com/reel/DVScFc0k7sm/?comment_id=18109929391753446,scraping_instagram,ghilmanxdc,Kenapa kok harus laporan
17950675262962159,2026-03-18T00:01:18+00:00,0,https://www.instagram.com/reel/DVScFc0k7sm/,https://www.instagram.com/reel/DVScFc0k7sm/?comment_id=17950675262962159,scraping_instagram,rubenwijayaand_,"Saran dong kak, untuk menihilkan kondisi Kurang Bayar karena sempat pindah pekerjaan di tahun yg sama sehingga memiliki Bupot dari 2 PT"
17933753589197187,2026-03-17T22:17:11+00:00,0,https://www.instagram.com/reel/DVScFc0k7sm/,https://www.instagram.com/reel/DVScFc0k7sm/?comment_id=17933753589197187,scraping_instagram,nfsigit,Kata sandiya dptnya dr.mana
18102773863901195,2026-03-17T19:06:57+00:00,0,https://www.instagram.com/reel/DVScFc0k7sm/,https://www.instagram.com/reel/DVScFc0k7sm/?comment_id=18102773863901195,scraping_instagram,zukyzukho87,"Mudah mudahan orang pajaknya baca,gw ga iklas duit gajian gw tiap bulan di potong ga ada kejelasannya,blom lagi potongan THR yg gede bngt sampe setengah juta lebih,Bae Bae ya nanti di akhirat"
18076558238413806,2026-03-17T15:22:29+00:00,0,https://www.instagram.com/reel/DVScFc0k7sm/,https://www.instagram.com/reel/DVScFc0k7sm/?comment_id=18076558238413806,scraping_instagram,ilisjulia,Kalau pajaknya bersatu dengan suami bagaimana? Apakah lapor juga?
18146032450477331,2026-03-17T14:30:55+00:00,0,https://www.instagram.com/reel/DVScFc0k7sm/,https://www.instagram.com/reel/DVScFc0k7sm/?comment_id=18146032450477331,scraping_instagram,ariefefendi89,"Hoak klo mudah, eror mlulu.."
18021199868815565,2026-03-17T09:07:31+00:00,0,https://www.instagram.com/reel/DVScFc0k7sm/,https://www.instagram.com/reel/DVScFc0k7sm/?comment_id=18021199868815565,scraping_instagram,novatulong,Kak tanya agar hasil nya nihil kita klik apa ya
17880459129490232,2026-03-17T07:35:44+00:00,0,https://www.instagram.com/reel/DVScFc0k7sm/,https://www.instagram.com/reel/DVScFc0k7sm/?comment_id=17880459129490232,scraping_instagram,andhikazeros,Kalau kurang bayar gimana bu
18073707626561785,2026-03-17T06:23:23+00:00,0,https://www.instagram.com/reel/DVScFc0k7sm/,https://www.instagram.com/reel/DVScFc0k7sm/?comment_id=18073707626561785,scraping_instagram,muz_resky,"Semakin hari semakin ribet , lapornya susah banget, mending ga usah lapor aja"
18077688326110996,2026-03-17T03:48:36+00:00,0,https://www.instagram.com/reel/DVScFc0k7sm/,https://www.instagram.com/reel/DVScFc0k7sm/?comment_id=18077688326110996,scraping_instagram,giegot_,"@ditjenpajakri harusnya kalian  yg kasi laporan ke masyarakat , kampret,"
18095324150085439,2026-03-17T01:51:54+00:00,0,https://www.instagram.com/reel/DVScFc0k7sm/,https://www.instagram.com/reel/DVScFc0k7sm/?comment_id=18095324150085439,scraping_instagram,riezkyoktorawaty,Kalo punya BP dari shopee afiliate gimana ya bu
18107895598832551,2026-03-16T23:16:43+00:00,0,https://www.instagram.com/reel/DVScFc0k7sm/,https://www.instagram.com/reel/DVScFc0k7sm/?comment_id=18107895598832551,scraping_instagram,wirs.abd.fatah,Wkwk influencer pajak !!! 😂
17875991142427501,2026-03-16T16:07:13+00:00,1,https://www.instagram.com/reel/DVScFc0k7sm/,https://www.instagram.com/reel/DVScFc0k7sm/?comment_id=17875991142427501,scraping_instagram,ssandman27,Punya aku kurang bayar ka...gmana cara editnya ka yaa😢😢😢
18073794878446930,2026-03-16T15:32:32+00:00,0,https://www.instagram.com/reel/DVScFc0k7sm/,https://www.instagram.com/reel/DVScFc0k7sm/?comment_id=18073794878446930,scraping_instagram,idamalore_85,Gmn klo salah ngisi status ptkp ( misal harusnya K/0 tp terisi K/1)nya bun. Dan sudah selesai laporan sampai akhir ( sudah ada BPE nya)
18044192000545955,2026-03-16T13:14:08+00:00,0,https://www.instagram.com/reel/DVScFc0k7sm/,https://www.instagram.com/reel/DVScFc0k7sm/?comment_id=18044192000545955,scraping_instagram,abdurahmanbinabdurahman,"Ada yg bisa jawab, bayar pajak tujuannya buat apa sih,selain buat gaji pejabat? Jawabannya yg jujur ya"
18093857423017473,2026-03-16T12:23:32+00:00,0,https://www.instagram.com/reel/DVScFc0k7sm/,https://www.instagram.com/reel/DVScFc0k7sm/?comment_id=18093857423017473,scraping_instagram,bapackwendraaja,"Lu makan di resto pas mau bayar kasirnya nyuruh lu ngitung sndiri yg lu makan, klo salah ngitung kena denda😂😂😂😂"
18045904394727157,2026-03-16T08:11:57+00:00,0,https://www.instagram.com/reel/DVScFc0k7sm/,https://www.instagram.com/reel/DVScFc0k7sm/?comment_id=18045904394727157,scraping_instagram,fitri_dwahyuni,Ini harus  posting dl ya? Krn ga muncul  penghasilan netonya
17906134920382131,2026-03-16T07:51:00+00:00,0,https://www.instagram.com/reel/DVScFc0k7sm/,https://www.instagram.com/reel/DVScFc0k7sm/?comment_id=17906134920382131,scraping_instagram,aldhiraaa,"Faktanya ga smdh postingan ya, Mudah kaalu sistemnya gak lambat & gak error, lah ini baru aktivasi aja tiba2 ke logout, gagal login terus, chat kringpajak CS nya malah bingung, akhirnya dteng lgsg ke KPP br bs dibenerin, ini mw urus lg msh males, tiap ada kendala mesti dtg lgsg ke KPP, yg dateng ke kpp krn maslaah coretax ini bejibun"
18084739325249316,2026-03-16T07:11:32+00:00,0,https://www.instagram.com/reel/DVScFc0k7sm/,https://www.instagram.com/reel/DVScFc0k7sm/?comment_id=18084739325249316,scraping_instagram,ririlula_,Klo irt cm gaji suami pajaknya gmn si istri
18085334912346057,2026-03-16T04:44:34+00:00,1,https://www.instagram.com/reel/DVScFc0k7sm/,https://www.instagram.com/reel/DVScFc0k7sm/?comment_id=18085334912346057,scraping_instagram,mysm16_,"Mudah banget mba, sampe itung ulang ada brapa tahap itu yg di tulis 🤣😂"
17997127352746756,2026-03-16T01:26:59+00:00,7,https://www.instagram.com/reel/DVScFc0k7sm/,https://www.instagram.com/reel/DVScFc0k7sm/?comment_id=17997127352746756,scraping_instagram,sulton_mubarok,Bahkan step pertama aja udah gagal login salah pasword salah. Lupa password email salah nomor telpon salah bangke emang nambahi pikiran aja
17914761546302873,2026-03-16T01:11:17+00:00,0,https://www.instagram.com/reel/DVScFc0k7sm/,https://www.instagram.com/reel/DVScFc0k7sm/?comment_id=17914761546302873,scraping_instagram,rachmat_alffarizhy,Gajian tiap bulan dipotong buat pajak tapi masih suruh lapor sendiri. Ini negara konsepnya gimana ya😢😂
17869462725580959,2026-03-16T00:52:29+00:00,0,https://www.instagram.com/reel/DVScFc0k7sm/,https://www.instagram.com/reel/DVScFc0k7sm/?comment_id=17869462725580959,scraping_instagram,iiqbalramdan,Ini teh buat semua usia? Dari mulai berapa taun? Kewajibannya buat siapa aja
18183836869370004,2026-03-15T21:30:31+00:00,0,https://www.instagram.com/reel/DVScFc0k7sm/,https://www.instagram.com/reel/DVScFc0k7sm/?comment_id=18183836869370004,scraping_instagram,jxxurbae,Kakk mau tanya. Knapa pas mau aktivasi coretax gagal trus dibagian nomer ya? Cape bgt mana dah mau akhir maret tp gagal mulu hadeh
17881833768496004,2026-03-15T20:11:46+00:00,0,https://www.instagram.com/reel/DVScFc0k7sm/,https://www.instagram.com/reel/DVScFc0k7sm/?comment_id=17881833768496004,scraping_instagram,om_jackk,Kita yang nganggur ini beneran dicuekin?
18043080914746061,2026-03-15T18:28:43+00:00,0,https://www.instagram.com/reel/DVScFc0k7sm/,https://www.instagram.com/reel/DVScFc0k7sm/?comment_id=18043080914746061,scraping_instagram,ryancassavani,Kalo sandinya salah mulu gimana ya
18395702527180458,2026-03-15T16:26:58+00:00,0,https://www.instagram.com/reel/DVScFc0k7sm/,https://www.instagram.com/reel/DVScFc0k7sm/?comment_id=18395702527180458,scraping_instagram,kurniawananggi14,"Seringngya tdk bisa masuk. ""Capca tidak valid"" pdhl smua udah benar. Bagaimanakah cara mengatasinya. @nurullitana @ditjenpajakri"
18081331421343288,2026-03-15T15:35:53+00:00,0,https://www.instagram.com/reel/DVScFc0k7sm/,https://www.instagram.com/reel/DVScFc0k7sm/?comment_id=18081331421343288,scraping_instagram,andicool522,Tetep ribet buk
18091510873895038,2026-03-15T14:25:22+00:00,0,https://www.instagram.com/reel/DVScFc0k7sm/,https://www.instagram.com/reel/DVScFc0k7sm/?comment_id=18091510873895038,scraping_instagram,fira_sakha,@vianf_
18431844709141510,2026-03-15T13:42:12+00:00,0,https://www.instagram.com/reel/DVScFc0k7sm/,https://www.instagram.com/reel/DVScFc0k7sm/?comment_id=18431844709141510,scraping_instagram,muhammad_imam_fauzimzi,Makin sulit perasaan ngisinya wkwkw
17864289408524239,2026-03-15T12:10:15+00:00,0,https://www.instagram.com/reel/DVScFc0k7sm/,https://www.instagram.com/reel/DVScFc0k7sm/?comment_id=17864289408524239,scraping_instagram,gilangsasongko,Mudah tapi tidak efisien
18084797354001366,2026-03-15T12:09:24+00:00,0,https://www.instagram.com/reel/DVScFc0k7sm/,https://www.instagram.com/reel/DVScFc0k7sm/?comment_id=18084797354001366,scraping_instagram,cahyadirangga_,"udahlah di potong kita pula suruh lapor. sekali kali gantian dong negara laporan ke kita pajaknya di pake apa aja, #buatgajigibran"
18042844175748200,2026-03-15T07:40:35+00:00,0,https://www.instagram.com/reel/DVScFc0k7sm/,https://www.instagram.com/reel/DVScFc0k7sm/?comment_id=18042844175748200,scraping_instagram,rusdiantoro1234,Pegawai pajak apa buzzer
18565997728006412,2026-03-15T07:03:18+00:00,0,https://www.instagram.com/reel/DVScFc0k7sm/,https://www.instagram.com/reel/DVScFc0k7sm/?comment_id=18565997728006412,scraping_instagram,abbiah.insyirah,mudah kalo gk krg bayar😢😢
18060685562373363,2026-03-15T04:32:35+00:00,0,https://www.instagram.com/reel/DVScFc0k7sm/,https://www.instagram.com/reel/DVScFc0k7sm/?comment_id=18060685562373363,scraping_instagram,ryzdanii,GUA YG BAYAR PAJAK ! GUA YG LAPOR HAHAHAH ! HARUSNYA TU ORANG PAJAK YG LAPOR KE GUA DUIT GUA DIPAKE BUAT APAAN AJA !
18116574346644960,2026-03-15T04:07:40+00:00,0,https://www.instagram.com/reel/DVScFc0k7sm/,https://www.instagram.com/reel/DVScFc0k7sm/?comment_id=18116574346644960,scraping_instagram,aensweety,Sebelumnya udah paham pake djb udah bisa lapor sendiri eh malah ganti aplikasi lagi
18038872757752591,2026-03-15T00:35:52+00:00,0,https://www.instagram.com/reel/DVScFc0k7sm/,https://www.instagram.com/reel/DVScFc0k7sm/?comment_id=18038872757752591,scraping_instagram,marni.marzuki,kalo potongan pajak istri muncul di coretax suami gmn
18074868578432539,2026-03-14T22:53:41+00:00,0,https://www.instagram.com/reel/DVScFc0k7sm/,https://www.instagram.com/reel/DVScFc0k7sm/?comment_id=18074868578432539,scraping_instagram,deka_xyz17,Ka kok saya bagian lampiran 1 L-1 gk ada ya. Dan gk bisa bayar dan lapor karena harus ngisi L1. Ada solusi kah?
18088500658923480,2026-03-14T20:19:08+00:00,0,https://www.instagram.com/reel/DVScFc0k7sm/,https://www.instagram.com/reel/DVScFc0k7sm/?comment_id=18088500658923480,scraping_instagram,iam.lail,Kata sandi dapat nya dari mana ?
18567954475001815,2026-03-14T19:04:45+00:00,0,https://www.instagram.com/reel/DVScFc0k7sm/,https://www.instagram.com/reel/DVScFc0k7sm/?comment_id=18567954475001815,scraping_instagram,nda.e.torres,
18153145615449707,2026-03-14T16:53:22+00:00,0,https://www.instagram.com/reel/DVScFc0k7sm/,https://www.instagram.com/reel/DVScFc0k7sm/?comment_id=18153145615449707,scraping_instagram,ekapermanabintang,Bagaimana bu kalo blm bisa login karna email masih yahoo?
18386877043153477,2026-03-14T15:22:25+00:00,0,https://www.instagram.com/reel/DVScFc0k7sm/,https://www.instagram.com/reel/DVScFc0k7sm/?comment_id=18386877043153477,scraping_instagram,itha_sulasthree,Kak kalau kita punya npwp non aktif.. dan blm pernah lapor.. itu harus gimana ?
18333152941170538,2026-03-14T15:16:03+00:00,0,https://www.instagram.com/reel/DVScFc0k7sm/,https://www.instagram.com/reel/DVScFc0k7sm/?comment_id=18333152941170538,scraping_instagram,kyri1109,"Udah lapor, rada ribet sihhh"
18446222431128797,2026-03-14T09:41:16+00:00,0,https://www.instagram.com/reel/DVScFc0k7sm/,https://www.instagram.com/reel/DVScFc0k7sm/?comment_id=18446222431128797,scraping_instagram,abdurrohman_almukhdlor,Kalau aktivasi cortex terus email yang digunakan sebelumnya udah gak aktif gimana
18118871224536554,2026-03-14T06:19:48+00:00,0,https://www.instagram.com/reel/DVScFc0k7sm/,https://www.instagram.com/reel/DVScFc0k7sm/?comment_id=18118871224536554,scraping_instagram,rbima274,"Mudah??? tapi kok saya masuk tertulis"". kesalahan saat permintaan Askes digital"" ngimana ini ya"
17943985556991604,2026-03-14T05:26:03+00:00,0,https://www.instagram.com/reel/DVScFc0k7sm/,https://www.instagram.com/reel/DVScFc0k7sm/?comment_id=17943985556991604,scraping_instagram,saljumonas,sumpah iya coretax aww bgt gampang
18042161210729565,2026-03-14T02:56:08+00:00,0,https://www.instagram.com/reel/DVScFc0k7sm/,https://www.instagram.com/reel/DVScFc0k7sm/?comment_id=18042161210729565,scraping_instagram,san.sandewi,Kak saya saat input penghasilan tidak kena pajak kode itu tidak mau keluar angka sesuai bukti potong itu gmna ya?
17999480525911879,2026-03-13T18:39:43+00:00,0,https://www.instagram.com/reel/DVScFc0k7sm/,https://www.instagram.com/reel/DVScFc0k7sm/?comment_id=17999480525911879,scraping_instagram,bobbyhanggono,Kalau di bupot status TK0 harusnya K2 gmn kak? Selisih jg brutonya😢
17964428808029576,2026-03-13T14:42:39+00:00,0,https://www.instagram.com/reel/DVScFc0k7sm/,https://www.instagram.com/reel/DVScFc0k7sm/?comment_id=17964428808029576,scraping_instagram,hafiyyarr,Kalau lebih bayar gmn yaa kak supaya nihil?
17859821673615781,2026-03-13T12:04:17+00:00,0,https://www.instagram.com/reel/DVScFc0k7sm/,https://www.instagram.com/reel/DVScFc0k7sm/?comment_id=17859821673615781,scraping_instagram,adi_settsett,Mbulet n ruwet😢
18162157639419863,2026-03-13T09:01:34+00:00,0,https://www.instagram.com/reel/DVScFc0k7sm/,https://www.instagram.com/reel/DVScFc0k7sm/?comment_id=18162157639419863,scraping_instagram,male.mh,Lanjutannya mana kak?
18169134196363133,2026-03-13T08:09:28+00:00,0,https://www.instagram.com/reel/DVScFc0k7sm/,https://www.instagram.com/reel/DVScFc0k7sm/?comment_id=18169134196363133,scraping_instagram,whdmlvn,Pendapatan pajak dipakai apa aja ga ada laporannya ke masyarakat
18194917258342709,2026-03-13T08:00:25+00:00,0,https://www.instagram.com/reel/DVScFc0k7sm/,https://www.instagram.com/reel/DVScFc0k7sm/?comment_id=18194917258342709,scraping_instagram,hanifhanifah,"klo ada minus itu knp ya min, saya ga paham dan bingung, mana lg hamil besar🥹"
18000111311728854,2026-03-13T07:57:47+00:00,0,https://www.instagram.com/reel/DVScFc0k7sm/,https://www.instagram.com/reel/DVScFc0k7sm/?comment_id=18000111311728854,scraping_instagram,sunshinesprojects,Kalo ad pemberitahuan NPWP non aktif kenapa ya
18033585668591120,2026-03-13T04:02:43+00:00,0,https://www.instagram.com/reel/DVScFc0k7sm/,https://www.instagram.com/reel/DVScFc0k7sm/?comment_id=18033585668591120,scraping_instagram,aini.s27,Memilih terpisah sama memilih pisah harta apa beda nya ya?
18186603019365531,2026-03-13T03:39:53+00:00,0,https://www.instagram.com/reel/DVScFc0k7sm/,https://www.instagram.com/reel/DVScFc0k7sm/?comment_id=18186603019365531,scraping_instagram,ariefrief49,Apakah tahun depan ganti aplikasi lagi?
18068591180253726,2026-03-12T13:57:28+00:00,0,https://www.instagram.com/reel/DVScFc0k7sm/,https://www.instagram.com/reel/DVScFc0k7sm/?comment_id=18068591180253726,scraping_instagram,hamidahpolem,Saya udah isi semua dan status nihil saat buat bukti
17871027384566325,2026-03-12T11:02:11+00:00,0,https://www.instagram.com/reel/DVScFc0k7sm/,https://www.instagram.com/reel/DVScFc0k7sm/?comment_id=17871027384566325,scraping_instagram,aghniagaleri,Alhamdulillah udah lapor dan berhasil di tengah malam 😢
18089180300139211,2026-03-12T10:06:01+00:00,0,https://www.instagram.com/reel/DVScFc0k7sm/,https://www.instagram.com/reel/DVScFc0k7sm/?comment_id=18089180300139211,scraping_instagram,triantoro.31,Ini setelah submit Bayar dan Lapor muncul notifikasi untuk tanda tangan dokumen  yang sebelumnya harus sudah didaftarkan.. Gimana yaaak
17915815494313220,2026-03-12T01:30:22+00:00,0,https://www.instagram.com/reel/DVScFc0k7sm/,https://www.instagram.com/reel/DVScFc0k7sm/?comment_id=17915815494313220,scraping_instagram,maskuriafiq,"Nganggur Pegawai pajak,sdh di bayar gede lagi,itu harusnya kan kerjaan pegawai pajak !!"
18072994199187635,2026-03-12T00:18:13+00:00,0,https://www.instagram.com/reel/DVScFc0k7sm/,https://www.instagram.com/reel/DVScFc0k7sm/?comment_id=18072994199187635,scraping_instagram,nandankazmi,Sudah
18011231972836223,2026-03-11T23:25:11+00:00,0,https://www.instagram.com/reel/DVScFc0k7sm/,https://www.instagram.com/reel/DVScFc0k7sm/?comment_id=18011231972836223,scraping_instagram,widiarti.esti,Lanjut
18123466354509649,2026-03-11T18:36:06+00:00,0,https://www.instagram.com/reel/DVScFc0k7sm/,https://www.instagram.com/reel/DVScFc0k7sm/?comment_id=18123466354509649,scraping_instagram,bibio31_,@arif1231_
18125137726563496,2026-03-11T17:03:32+00:00,0,https://www.instagram.com/reel/DVScFc0k7sm/,https://www.instagram.com/reel/DVScFc0k7sm/?comment_id=18125137726563496,scraping_instagram,ucimdewi,"Makasih bu saya berhasil,,,, sehat terus ibuuu 😍"
17996836778747783,2026-03-11T15:36:54+00:00,0,https://www.instagram.com/reel/DVScFc0k7sm/,https://www.instagram.com/reel/DVScFc0k7sm/?comment_id=17996836778747783,scraping_instagram,cioshin21,"Permisi tanya kalau istri tidak bekerja , jadi ibu rumah tangga tapi masih memiliki npwp meskipun tidak bisa pisah harta . Bagaimana cara pelaporan nya agar jadi 1 dengan saya ? Terima kasih"
18108289828776333,2026-03-11T13:00:09+00:00,0,https://www.instagram.com/reel/DVScFc0k7sm/,https://www.instagram.com/reel/DVScFc0k7sm/?comment_id=18108289828776333,scraping_instagram,itsmekokulu,"Izin bertanya barangkali teman² ada yg punya jawaban, saya tahun kemarin daftar npwp karena syarat melamar kerja namun pada akhirnya tidak saya gunakan, sebaiknya saya biarkan saja atau daftar coretax? Sebelumnya saya hanya karyawan swasta dengan gaji umr belum ada kendaraan atau rumah atas nama saya, pekerjaan lama saya juga tidak meminta npwp karyawannya. Bagaimana kira² solusinya?"
18080005166614810,2026-03-11T03:53:04+00:00,0,https://www.instagram.com/reel/DVScFc0k7sm/,https://www.instagram.com/reel/DVScFc0k7sm/?comment_id=18080005166614810,scraping_instagram,irmahermalia96,Maaf mau tanya lagi misal status spt nya lebih bayar itu gimana ya ?
18096966364979527,2026-03-10T23:14:31+00:00,0,https://www.instagram.com/reel/DVScFc0k7sm/,https://www.instagram.com/reel/DVScFc0k7sm/?comment_id=18096966364979527,scraping_instagram,susantiaraa,Harusnya pemerintah yg laporan uangnya dipake apa aja 😭
17890841982486346,2026-03-10T14:16:14+00:00,0,https://www.instagram.com/reel/DVScFc0k7sm/,https://www.instagram.com/reel/DVScFc0k7sm/?comment_id=17890841982486346,scraping_instagram,dewipujisulistyani,Kalo suami tidak punya npwb...istri yang punya dengan tanggungan anak dua status PTKP nya harusnya apa kak..soalnya kalo diisi TK/0 hasil status kurang bayar tapi kalo dirubah K/I/2 status Nihil..tetapi di BA1 nya status TK/0..ini gimana kak
18123278815515981,2026-03-10T13:34:00+00:00,0,https://www.instagram.com/reel/DVScFc0k7sm/,https://www.instagram.com/reel/DVScFc0k7sm/?comment_id=18123278815515981,scraping_instagram,webe_an,Kalo suku pedaleman. Dia bekerja dia kena pajak. Dia tua. Dia gak bisa pake gadget. Dia rabun dia tidak mengenal banyak tetang internet. Apa dia harus lapor juga? 😍
17923087317258760,2026-03-10T12:12:29+00:00,17,https://www.instagram.com/reel/DVScFc0k7sm/,https://www.instagram.com/reel/DVScFc0k7sm/?comment_id=17923087317258760,scraping_instagram,mas_bayu.real,sudah dipotong malah suruh lapor sendiri. pejabat pajaknya ngapain? bukankah setiap potongan ada nota/bukti pemotongannya ya.. dari situ saja kan bisa kalian rekap sendiri... negara apa iniiiii
18084987881186924,2026-03-10T11:51:55+00:00,0,https://www.instagram.com/reel/DVScFc0k7sm/,https://www.instagram.com/reel/DVScFc0k7sm/?comment_id=18084987881186924,scraping_instagram,ulfakhry,mudah emosi maksudnya. udah lebih bayar pajak malah harus ngurus lagi. instansi ga jelas
18080519924360373,2026-03-10T10:57:43+00:00,0,https://www.instagram.com/reel/DVScFc0k7sm/,https://www.instagram.com/reel/DVScFc0k7sm/?comment_id=18080519924360373,scraping_instagram,muthiakhairan,Untuk suami istri bekerja baiknya digabung atau pisah ya? Supaya nihil dan tidak kena pajak progresif?
18220990357312900,2026-03-10T10:29:12+00:00,0,https://www.instagram.com/reel/DVScFc0k7sm/,https://www.instagram.com/reel/DVScFc0k7sm/?comment_id=18220990357312900,scraping_instagram,rahmasarii81,Ini buat affiliate harus juga ga kak?
18073909769544411,2026-03-10T10:15:29+00:00,0,https://www.instagram.com/reel/DVScFc0k7sm/,https://www.instagram.com/reel/DVScFc0k7sm/?comment_id=18073909769544411,scraping_instagram,aadrongi,"Langkah no 11, tidak ada pilihannya/ksong. Gmna coba?"
18076266053621898,2026-03-10T04:42:43+00:00,2,https://www.instagram.com/reel/DVScFc0k7sm/,https://www.instagram.com/reel/DVScFc0k7sm/?comment_id=18076266053621898,scraping_instagram,rif_atulmq,Udh ikutin petunjuk di captionblm bisa lapor/bayar suruh ngisi form L - 1 nya dl ada tutor nya lg
17925488556248466,2026-03-10T04:24:24+00:00,0,https://www.instagram.com/reel/DVScFc0k7sm/,https://www.instagram.com/reel/DVScFc0k7sm/?comment_id=17925488556248466,scraping_instagram,mulyasmiamy,boro boro mau ngisi log in aj nggak bisa bisa trus
18087920285151308,2026-03-09T18:12:19+00:00,0,https://www.instagram.com/reel/DVScFc0k7sm/,https://www.instagram.com/reel/DVScFc0k7sm/?comment_id=18087920285151308,scraping_instagram,vipbbgf,Coretax ku gabisa log in kenapa ya kira²
17877584502528426,2026-03-09T10:12:36+00:00,1,https://www.instagram.com/reel/DVScFc0k7sm/,https://www.instagram.com/reel/DVScFc0k7sm/?comment_id=17877584502528426,scraping_instagram,roykepol,"Bukan masalah sulit atau Mudah ,Tapi ribet ,kita yang bayar pajak,kita yang melapor"
18451040674097527,2026-03-09T07:56:57+00:00,2,https://www.instagram.com/reel/DVScFc0k7sm/,https://www.instagram.com/reel/DVScFc0k7sm/?comment_id=18451040674097527,scraping_instagram,larry_marcelino,Kak kalau kita udah dapat bukti penerimaan elektronik melalu email itu artinya pelaporan pajaknya sudah sukses kan ?
18137982361498391,2026-03-09T03:45:13+00:00,138,https://www.instagram.com/reel/DVScFc0k7sm/,https://www.instagram.com/reel/DVScFc0k7sm/?comment_id=18137982361498391,scraping_instagram,mhriefky,"saya gen z, ga gaptek, excel mengerti sedikit, tpi klo disuruh bikin spt nyerahh, ribett males! gua udh bayar dipotongnya kegedean, masa harus lapor sendiri? SENDIRI? terus tugas situ ngapain pak? @ditjenpajakri enak amat idup"
18096103672815485,2026-03-09T02:19:42+00:00,0,https://www.instagram.com/reel/DVScFc0k7sm/,https://www.instagram.com/reel/DVScFc0k7sm/?comment_id=18096103672815485,scraping_instagram,fandi_4j4,"Ijin save mba, masih bingung lapor spt di coretax"
18086459672225826,2026-03-09T00:59:01+00:00,0,https://www.instagram.com/reel/DVScFc0k7sm/,https://www.instagram.com/reel/DVScFc0k7sm/?comment_id=18086459672225826,scraping_instagram,yon12_s,😮
18102385195917752,2026-03-09T00:48:33+00:00,0,https://www.instagram.com/reel/DVScFc0k7sm/,https://www.instagram.com/reel/DVScFc0k7sm/?comment_id=18102385195917752,scraping_instagram,nadhiffullah,"Mau tanya kak, saya bantu ngisi pajak punya bapak saya tapi kok masih ada tagihan padahal semua sudah di bayar perusahaan, data semua sama seperti pajak sebelumnyaa tapi status pajak masih ada tagihan"
18099917669508762,2026-03-09T00:25:52+00:00,0,https://www.instagram.com/reel/DVScFc0k7sm/,https://www.instagram.com/reel/DVScFc0k7sm/?comment_id=18099917669508762,scraping_instagram,iwansuryanto77,Kenapa pembukuan ya pencatatan ya. Padahal kita hanya terima gaji saja ya
17854001559652381,2026-03-08T19:33:31+00:00,0,https://www.instagram.com/reel/DVScFc0k7sm/,https://www.instagram.com/reel/DVScFc0k7sm/?comment_id=17854001559652381,scraping_instagram,kyrie_natalie,klo pembetulan spt tahunan op tu gimana ya caranya kak? trs ad batas waktuny ga ya utk pembetulan?
17998682147736720,2026-03-08T16:00:18+00:00,3,https://www.instagram.com/reel/DVScFc0k7sm/,https://www.instagram.com/reel/DVScFc0k7sm/?comment_id=17998682147736720,scraping_instagram,vijeee.riani,Kalo gaji di bawah UMR apa tetep lapor pajak ?
17888479776327211,2026-03-08T12:48:04+00:00,0,https://www.instagram.com/reel/DVScFc0k7sm/,https://www.instagram.com/reel/DVScFc0k7sm/?comment_id=17888479776327211,scraping_instagram,nflfthn20,Bagian Enya mana ka?
18185613859366874,2026-03-08T12:22:39+00:00,0,https://www.instagram.com/reel/DVScFc0k7sm/,https://www.instagram.com/reel/DVScFc0k7sm/?comment_id=18185613859366874,scraping_instagram,aries_tik,"Mudah tai, kau tolol kita yg bayar kita pula yg input sampah"
18098076694748737,2026-03-08T12:14:54+00:00,0,https://www.instagram.com/reel/DVScFc0k7sm/,https://www.instagram.com/reel/DVScFc0k7sm/?comment_id=18098076694748737,scraping_instagram,nurhiidaayati,padahal saya belm nikah tp harus ngisi menu pisah harta atau apalah satunya aneh
18074205803420396,2026-03-08T05:17:04+00:00,1,https://www.instagram.com/reel/DVScFc0k7sm/,https://www.instagram.com/reel/DVScFc0k7sm/?comment_id=18074205803420396,scraping_instagram,gofur1362,Kalau lebih bayar
18087077267239633,2026-03-08T05:09:21+00:00,0,https://www.instagram.com/reel/DVScFc0k7sm/,https://www.instagram.com/reel/DVScFc0k7sm/?comment_id=18087077267239633,scraping_instagram,erina402,"Kk yg lampiran harta, hutang kl tdk ada sama sekali itu gmn? Aku kosongin klik selesai tetep ga bisa"
18073393220627105,2026-03-08T03:20:32+00:00,0,https://www.instagram.com/reel/DVScFc0k7sm/,https://www.instagram.com/reel/DVScFc0k7sm/?comment_id=18073393220627105,scraping_instagram,winindyaaw,Lebih mudah pakai coretax daripada e-filling webnya djp tahun lalu
18096260143986397,2026-03-08T02:46:11+00:00,0,https://www.instagram.com/reel/DVScFc0k7sm/,https://www.instagram.com/reel/DVScFc0k7sm/?comment_id=18096260143986397,scraping_instagram,indriya__wati,"Min mau tanya, kalo udh dapet BPE by email apakah sudah selesai? Atau harus downloaf bukti potong terbarunya setelah lapor?"
18085613548976808,2026-03-08T02:08:07+00:00,0,https://www.instagram.com/reel/DVScFc0k7sm/,https://www.instagram.com/reel/DVScFc0k7sm/?comment_id=18085613548976808,scraping_instagram,vidaoftadyah,cara ganti alamat email di coretax gimana ya bu ?
17860546410547797,2026-03-07T23:11:45+00:00,0,https://www.instagram.com/reel/DVScFc0k7sm/,https://www.instagram.com/reel/DVScFc0k7sm/?comment_id=17860546410547797,scraping_instagram,maminayraaryan,@hartono.c70
18058813028394122,2026-03-07T23:00:33+00:00,0,https://www.instagram.com/reel/DVScFc0k7sm/,https://www.instagram.com/reel/DVScFc0k7sm/?comment_id=18058813028394122,scraping_instagram,sunarjo888,Sulit
18041194847755043,2026-03-07T22:48:40+00:00,0,https://www.instagram.com/reel/DVScFc0k7sm/,https://www.instagram.com/reel/DVScFc0k7sm/?comment_id=18041194847755043,scraping_instagram,mr__elang01,Sandinya kaga nyahoooooooooooo
17919431301269684,2026-03-07T21:35:40+00:00,0,https://www.instagram.com/reel/DVScFc0k7sm/,https://www.instagram.com/reel/DVScFc0k7sm/?comment_id=17919431301269684,scraping_instagram,vitless_,"Coretax itu lebih mudah kalau kita ta caranya, sebelum buka coretax aku nonton youtube dulu tutorial nya jd begitu login aku ga kebingungan...ga ada 5 menit langsung berhasil"
18143853307483054,2026-03-07T18:07:09+00:00,0,https://www.instagram.com/reel/DVScFc0k7sm/,https://www.instagram.com/reel/DVScFc0k7sm/?comment_id=18143853307483054,scraping_instagram,dinisyifa_disyah,"ka punya kenapa ya pas udh klik bayar & lapor, penyedia penandatangannya ga muncul, itu gmna ya ka?"
18082792871206442,2026-03-07T15:59:18+00:00,0,https://www.instagram.com/reel/DVScFc0k7sm/,https://www.instagram.com/reel/DVScFc0k7sm/?comment_id=18082792871206442,scraping_instagram,diamondjunggle,Suami Istri gabung NPWP dan istri bekerja dg tanggungan 2anak PTKPnya K/3 atau K/I/3?
18155791663434286,2026-03-07T06:45:17+00:00,0,https://www.instagram.com/reel/DVScFc0k7sm/,https://www.instagram.com/reel/DVScFc0k7sm/?comment_id=18155791663434286,scraping_instagram,kakanamii,"Kak tanya dong, kenapa saat pilih sumber penghasilan sudah ceklist pekerjaan lalu lanjut klik posting spt malah ngulang ke halaman yg sama terus dan ada warning di kolom sumber penghasilan wajib diisi. Padahal sudah saya ceklist pekerjaan. Siapa tau ada yg mirip jg kendalanya"
18113268202638425,2026-03-07T06:21:41+00:00,0,https://www.instagram.com/reel/DVScFc0k7sm/,https://www.instagram.com/reel/DVScFc0k7sm/?comment_id=18113268202638425,scraping_instagram,er.de.tee,yang ngelapor malah yang dipotong harusnya kita yang nerima laporan dong kita udah dipotong untuk bayar pajak
18069226709257645,2026-03-07T05:25:22+00:00,0,https://www.instagram.com/reel/DVScFc0k7sm/,https://www.instagram.com/reel/DVScFc0k7sm/?comment_id=18069226709257645,scraping_instagram,dewinurmamet,Kalo golongan dari K2 mw jadi K3 nambah identitasnya gmn kak?? Mw nambahin nomor NIK anak.. makasih
17879220153479847,2026-03-06T21:54:16+00:00,0,https://www.instagram.com/reel/DVScFc0k7sm/,https://www.instagram.com/reel/DVScFc0k7sm/?comment_id=17879220153479847,scraping_instagram,heriawankoffa,Kenapa jadi kurang bayar di coretax nya ya?
18569122612058500,2026-03-06T21:37:32+00:00,0,https://www.instagram.com/reel/DVScFc0k7sm/,https://www.instagram.com/reel/DVScFc0k7sm/?comment_id=18569122612058500,scraping_instagram,tri__a2,"ga bisa login sandi salah,mau ganti sandi katanya dikirim email tapi ga ada tuh emailnya,gimana nih caranya?"
18072815546165745,2026-03-06T13:47:50+00:00,0,https://www.instagram.com/reel/DVScFc0k7sm/,https://www.instagram.com/reel/DVScFc0k7sm/?comment_id=18072815546165745,scraping_instagram,paulusyanuri11,"Kocak yaa kita bayar pajak,,,, tiap bulan gaji kita bayar tp tiap tahun wajib laporan SPT padahal kerja cari Sendiri, kocak kali pak  @purbayayudhi.official  pak benahin dong soal perpajakan d KONOHA INI"
18095819369006315,2026-03-06T05:02:53+00:00,0,https://www.instagram.com/reel/DVScFc0k7sm/,https://www.instagram.com/reel/DVScFc0k7sm/?comment_id=18095819369006315,scraping_instagram,tryscaaa_wen,Neto Otomatis klo di lapor PPH 21😂 klo ga di laporin ribet dah skrg 😂
18086632984951094,2026-03-06T02:59:46+00:00,25,https://www.instagram.com/reel/DVScFc0k7sm/,https://www.instagram.com/reel/DVScFc0k7sm/?comment_id=18086632984951094,scraping_instagram,ditjenpajakri,"Terima kasih #KawanPajak sudah lapor SPT Tahunan di CoretaxDJP ya Kak, bukan Coratex 😂🙏🏻"
18184962136366467,2026-03-06T02:45:58+00:00,1,https://www.instagram.com/reel/DVScFc0k7sm/,https://www.instagram.com/reel/DVScFc0k7sm/?comment_id=18184962136366467,scraping_instagram,ginashita,"Kalau ngisi ginian di kantor pajak gmna kk? Aku kalo ngisi pribadi bingung ih , mau tanya siapa juga bingung"
18050326619711847,2026-03-06T01:54:36+00:00,0,https://www.instagram.com/reel/DVScFc0k7sm/,https://www.instagram.com/reel/DVScFc0k7sm/?comment_id=18050326619711847,scraping_instagram,urdell.aa,@jatunurul ini kak aku liat sini
18118659691623909,2026-03-06T01:05:30+00:00,0,https://www.instagram.com/reel/DVScFc0k7sm/,https://www.instagram.com/reel/DVScFc0k7sm/?comment_id=18118659691623909,scraping_instagram,fritz130506,Kalian makhluk2 Laknatulloh
17962343214054820,2026-03-06T00:03:40+00:00,41,https://www.instagram.com/reel/DVScFc0k7sm/,https://www.instagram.com/reel/DVScFc0k7sm/?comment_id=17962343214054820,scraping_instagram,kartikaardhi,"Kenapa yg lapor kita, kan yg di potong kita, yg bayar kita, harusnya ente yg ngasih report bukan bikin repot"
17959066899058730,2026-03-05T15:31:37+00:00,0,https://www.instagram.com/reel/DVScFc0k7sm/,https://www.instagram.com/reel/DVScFc0k7sm/?comment_id=17959066899058730,scraping_instagram,mt.firzana,"Ini saya Lebih bayar, gimana ya?"
18050245823496312,2026-03-05T08:04:00+00:00,0,https://www.instagram.com/reel/DVScFc0k7sm/,https://www.instagram.com/reel/DVScFc0k7sm/?comment_id=18050245823496312,scraping_instagram,meilinrosephaa,Kalo gabisa verif upload foto gimana bu?
17928712407235220,2026-03-05T06:06:32+00:00,0,https://www.instagram.com/reel/DVScFc0k7sm/,https://www.instagram.com/reel/DVScFc0k7sm/?comment_id=17928712407235220,scraping_instagram,yantiwidiyowati,Saya bukti potongnya belum keluar bu
18016362908655264,2026-03-05T02:41:21+00:00,0,https://www.instagram.com/reel/DVScFc0k7sm/,https://www.instagram.com/reel/DVScFc0k7sm/?comment_id=18016362908655264,scraping_instagram,kristiyanidoi,Belum bisa bikin akun nya 😢
17874271659539788,2026-03-05T02:32:42+00:00,0,https://www.instagram.com/reel/DVScFc0k7sm/,https://www.instagram.com/reel/DVScFc0k7sm/?comment_id=17874271659539788,scraping_instagram,estyas801,Kalau ada yg 2 SPT dari 2 pemberi kerja gimana ya ?
17939140317159552,2026-03-05T01:18:45+00:00,0,https://www.instagram.com/reel/DVScFc0k7sm/,https://www.instagram.com/reel/DVScFc0k7sm/?comment_id=17939140317159552,scraping_instagram,miyuriorchid,"Kita sudah bayar pajak rumah, sepeda, penghasilan di potong pajak lucu kita masih lapor ke tukang pajak.....masih lebih bayar bagaimana ini caranya info sdm tgl 13 hrs meng up load spt ...aneh2"
18016803623820063,2026-03-05T00:56:13+00:00,0,https://www.instagram.com/reel/DVScFc0k7sm/,https://www.instagram.com/reel/DVScFc0k7sm/?comment_id=18016803623820063,scraping_instagram,dream_andjourney,ka.. kalau tulisannya@lebih bayar gmn?
18059272052680073,2026-03-04T20:39:13+00:00,37,https://www.instagram.com/reel/DVScFc0k7sm/,https://www.instagram.com/reel/DVScFc0k7sm/?comment_id=18059272052680073,scraping_instagram,jerinapriyanto,Negara RIBET udh dipotong tetep LAPOR juga..
18091997378024203,2026-03-04T14:33:10+00:00,0,https://www.instagram.com/reel/DVScFc0k7sm/,https://www.instagram.com/reel/DVScFc0k7sm/?comment_id=18091997378024203,scraping_instagram,calin_mayat,"Maaf mau tanya kalau ketika mau lapor spt muncul keterangan anda tidak wajib menyampaikan spt tahunan, baiknya lapor spt atau ga usah ?"
18403047253178595,2026-03-04T10:37:41+00:00,1,https://www.instagram.com/reel/DVScFc0k7sm/,https://www.instagram.com/reel/DVScFc0k7sm/?comment_id=18403047253178595,scraping_instagram,tyasiulil,@meksbgr ini udah semua blm tadi?
18180888670335318,2026-03-04T09:16:02+00:00,0,https://www.instagram.com/reel/DVScFc0k7sm/,https://www.instagram.com/reel/DVScFc0k7sm/?comment_id=18180888670335318,scraping_instagram,namikaze_firm,Ruwet
18572631976061362,2026-03-04T06:59:08+00:00,0,https://www.instagram.com/reel/DVScFc0k7sm/,https://www.instagram.com/reel/DVScFc0k7sm/?comment_id=18572631976061362,scraping_instagram,ibu_madame,"Sy lapor ke kantor pajak, yg handle freelancer. 90 menit saja untuk hal yg sy ga paham, sdh bayar, tp wajib lapor."
17930851089050750,2026-03-04T05:20:17+00:00,1,https://www.instagram.com/reel/DVScFc0k7sm/,https://www.instagram.com/reel/DVScFc0k7sm/?comment_id=17930851089050750,scraping_instagram,ponimanhui,"Baru cek, isi perabot rumah pun musti di isi 😂"
18067046354279115,2026-03-04T04:45:10+00:00,0,https://www.instagram.com/reel/DVScFc0k7sm/,https://www.instagram.com/reel/DVScFc0k7sm/?comment_id=18067046354279115,scraping_instagram,pemmynp,Kak kalo saya asn tp gabung npwp suami gimana?
18060378986675835,2026-03-04T04:26:19+00:00,0,https://www.instagram.com/reel/DVScFc0k7sm/,https://www.instagram.com/reel/DVScFc0k7sm/?comment_id=18060378986675835,scraping_instagram,pangaeaf,"Malaz, kita yg bayar kita juga yang lapor"
18562470391024596,2026-03-04T03:19:39+00:00,0,https://www.instagram.com/reel/DVScFc0k7sm/,https://www.instagram.com/reel/DVScFc0k7sm/?comment_id=18562470391024596,scraping_instagram,arisgkusuma,🔥
17887830894330143,2026-03-04T01:16:46+00:00,0,https://www.instagram.com/reel/DVScFc0k7sm/,https://www.instagram.com/reel/DVScFc0k7sm/?comment_id=17887830894330143,scraping_instagram,litasulistya,14 f isi ya atau tidak Ka?
17996872922873248,2026-03-04T00:16:36+00:00,3,https://www.instagram.com/reel/DVScFc0k7sm/,https://www.instagram.com/reel/DVScFc0k7sm/?comment_id=17996872922873248,scraping_instagram,rfliihsnfzi,"kak mau nanya misalnya di dokumen saya cuma ada bukti potong PPh pasal 21 (BP21) aja gmn? apa tetap perlu buat laporan tahunan? soalnya saya liat di yt yt pada (BPA2), sedangkan saya gaada dokumen BPA2"
18093884618289837,2026-03-03T12:40:22+00:00,0,https://www.instagram.com/reel/DVScFc0k7sm/,https://www.instagram.com/reel/DVScFc0k7sm/?comment_id=18093884618289837,scraping_instagram,rhzzmakarov,Kalo yg pake coretax form setelah selesai mengisi dikirim kemana??
18108355090819059,2026-03-03T10:12:05+00:00,0,https://www.instagram.com/reel/DVScFc0k7sm/,https://www.instagram.com/reel/DVScFc0k7sm/?comment_id=18108355090819059,scraping_instagram,nick_kusriyadi,Ribet euy 😵
17995813514875387,2026-03-03T09:26:34+00:00,0,https://www.instagram.com/reel/DVScFc0k7sm/,https://www.instagram.com/reel/DVScFc0k7sm/?comment_id=17995813514875387,scraping_instagram,hasansetiawan63,"Operasi Gagal notif nya ,date e-bukot baru ditemukan ,,, gimana ini"
17879803404494819,2026-03-03T08:24:17+00:00,0,https://www.instagram.com/reel/DVScFc0k7sm/,https://www.instagram.com/reel/DVScFc0k7sm/?comment_id=17879803404494819,scraping_instagram,reilei4605,Mudah apaan😂😂
18062926451661986,2026-03-03T07:16:06+00:00,0,https://www.instagram.com/reel/DVScFc0k7sm/,https://www.instagram.com/reel/DVScFc0k7sm/?comment_id=18062926451661986,scraping_instagram,gorengan_tahubulat99,"Kurang kerjaan aja ,udah bayar malah suruh ngelapor ,,+ belum juga di korupsi .mwkwkwk"
17874088077538255,2026-03-03T05:43:12+00:00,0,https://www.instagram.com/reel/DVScFc0k7sm/,https://www.instagram.com/reel/DVScFc0k7sm/?comment_id=17874088077538255,scraping_instagram,sipengkhayal,Ini pakai bukti potong pajak yg dari kantor juga kan ya?
18104880541855279,2026-03-03T03:53:14+00:00,4,https://www.instagram.com/reel/DVScFc0k7sm/,https://www.instagram.com/reel/DVScFc0k7sm/?comment_id=18104880541855279,scraping_instagram,nuningbyo,Tanya kak..utk pisah harta atau memilih terpisah maksudnya gimana?
18128162647546582,2026-03-02T21:31:23+00:00,0,https://www.instagram.com/reel/DVScFc0k7sm/,https://www.instagram.com/reel/DVScFc0k7sm/?comment_id=18128162647546582,scraping_instagram,yudi3za,Ada jasa pelaporan spt gasih..
18356108110207681,2026-03-02T15:08:59+00:00,0,https://www.instagram.com/reel/DVScFc0k7sm/,https://www.instagram.com/reel/DVScFc0k7sm/?comment_id=18356108110207681,scraping_instagram,syarifoedinn,😂😂 kerja kampret gw lu palak masih diribetin
17995153904870519,2026-03-02T12:53:11+00:00,0,https://www.instagram.com/reel/DVScFc0k7sm/,https://www.instagram.com/reel/DVScFc0k7sm/?comment_id=17995153904870519,scraping_instagram,amel5539,Maaf kk mau tanya klo bukti potongnya pph 21 nya blm ada gimana ya padahal sdh di refred didokumen saya tdk ada
18073484192628670,2026-03-02T11:00:27+00:00,0,https://www.instagram.com/reel/DVScFc0k7sm/,https://www.instagram.com/reel/DVScFc0k7sm/?comment_id=18073484192628670,scraping_instagram,fransiskaliza,Bu kalau misalkan nettonya ga terisi secara otomatis salah dimana ya?
18386411782158058,2026-03-02T09:29:02+00:00,0,https://www.instagram.com/reel/DVScFc0k7sm/,https://www.instagram.com/reel/DVScFc0k7sm/?comment_id=18386411782158058,scraping_instagram,nabilanft,Terima kasiih sudah lewat reels aku 🫶
18106350217826280,2026-03-02T08:51:30+00:00,0,https://www.instagram.com/reel/DVScFc0k7sm/,https://www.instagram.com/reel/DVScFc0k7sm/?comment_id=18106350217826280,scraping_instagram,2020umma,"Kalau gaji istri masuk ke npwp suami gmna ya bu, pdhal gaji istri tidak ada potongan pph, tp dr akunting ada bukti potong NIHIL"
18106078699836140,2026-03-02T08:11:00+00:00,0,https://www.instagram.com/reel/DVScFc0k7sm/,https://www.instagram.com/reel/DVScFc0k7sm/?comment_id=18106078699836140,scraping_instagram,danisuherman7___,"Lu yg kaya,kita yg ribet!!!"
18380427625090925,2026-03-02T07:35:46+00:00,0,https://www.instagram.com/reel/DVScFc0k7sm/,https://www.instagram.com/reel/DVScFc0k7sm/?comment_id=18380427625090925,scraping_instagram,ejaaja86,kak kalau lupa Passphrase gmn ya?
18082278476359945,2026-03-02T07:06:20+00:00,0,https://www.instagram.com/reel/DVScFc0k7sm/,https://www.instagram.com/reel/DVScFc0k7sm/?comment_id=18082278476359945,scraping_instagram,huswatunmd,Keren skli Bun sdh bs lapor SPT ❤️❤️
18106260781825413,2026-03-02T07:02:31+00:00,0,https://www.instagram.com/reel/DVScFc0k7sm/,https://www.instagram.com/reel/DVScFc0k7sm/?comment_id=18106260781825413,scraping_instagram,carrie_agus,Kalau yg utk tdk bekerja dan tdk gabung NPWPnya dgn sumai apakah konsepnya sama ya? k'? izin nanya🙏🏼😊
18045385889516115,2026-03-02T06:57:59+00:00,2,https://www.instagram.com/reel/DVScFc0k7sm/,https://www.instagram.com/reel/DVScFc0k7sm/?comment_id=18045385889516115,scraping_instagram,syahrazmaghribi,Sudah seminggu nyoba belasan tutorial isi coretax tapi 100% zonk semua. Masih kurang bayar juga. Entahlah..
18007794041845786,2026-03-02T06:48:12+00:00,2,https://www.instagram.com/reel/DVScFc0k7sm/,https://www.instagram.com/reel/DVScFc0k7sm/?comment_id=18007794041845786,scraping_instagram,erlin_tania,Bu kalau ASN + Affiliate shopee. Dan statusnya Lebih bayar gimana ya? Pusing saya
18088408793151340,2026-03-02T05:34:15+00:00,6,https://www.instagram.com/reel/DVScFc0k7sm/,https://www.instagram.com/reel/DVScFc0k7sm/?comment_id=18088408793151340,scraping_instagram,bangkitpra,"Status lebih bayar untuk istri,"
18104244772868688,2026-03-02T04:15:08+00:00,0,https://www.instagram.com/reel/DVScFc0k7sm/,https://www.instagram.com/reel/DVScFc0k7sm/?comment_id=18104244772868688,scraping_instagram,ferha_ags,Kalo lebih bayar gmna bu
18098426053936079,2026-03-02T03:19:10+00:00,0,https://www.instagram.com/reel/DVScFc0k7sm/,https://www.instagram.com/reel/DVScFc0k7sm/?comment_id=18098426053936079,scraping_instagram,soniasoihin,kalau guru honor perlu tidak bu
18121297282595290,2026-03-02T03:13:09+00:00,0,https://www.instagram.com/reel/DVScFc0k7sm/,https://www.instagram.com/reel/DVScFc0k7sm/?comment_id=18121297282595290,scraping_instagram,rif_batavia,Kalo pegawai PJLP yg mana ka
18114245065635695,2026-03-02T03:00:36+00:00,0,https://www.instagram.com/reel/DVScFc0k7sm/,https://www.instagram.com/reel/DVScFc0k7sm/?comment_id=18114245065635695,scraping_instagram,bhoomi_an,"Siang kak, kalau Pegawai tapi tdk memiliki Bupot dan baru usaha Dropshiper. Sebaiknya pilih kategori apa ya Jenis Pekerjaannya?"
18155646868431998,2026-03-01T21:44:37+00:00,0,https://www.instagram.com/reel/DVScFc0k7sm/,https://www.instagram.com/reel/DVScFc0k7sm/?comment_id=18155646868431998,scraping_instagram,azharedywiranata,lelet server nya
18039238787772070,2026-03-01T21:05:17+00:00,1,https://www.instagram.com/reel/DVScFc0k7sm/,https://www.instagram.com/reel/DVScFc0k7sm/?comment_id=18039238787772070,scraping_instagram,tiaradewisukma,@yupi_sy
17849936001641902,2026-03-01T21:00:19+00:00,0,https://www.instagram.com/reel/DVScFc0k7sm/,https://www.instagram.com/reel/DVScFc0k7sm/?comment_id=17849936001641902,scraping_instagram,gastrofundamental,❤️
18077217245081393,2026-03-01T20:47:49+00:00,0,https://www.instagram.com/reel/DVScFc0k7sm/,https://www.instagram.com/reel/DVScFc0k7sm/?comment_id=18077217245081393,scraping_instagram,rizal_syaeful,🔥
17864749224596764,2026-03-01T20:16:46+00:00,0,https://www.instagram.com/reel/DVScFc0k7sm/,https://www.instagram.com/reel/DVScFc0k7sm/?comment_id=17864749224596764,scraping_instagram,nurul.lc,Bisa privat gk
17937870726014506,2026-03-01T18:16:13+00:00,190,https://www.instagram.com/reel/DVScFc0k7sm/,https://www.instagram.com/reel/DVScFc0k7sm/?comment_id=17937870726014506,scraping_instagram,_arif_wibowo_,Aneh. Kita udah d potong pajak otomatis dari kantor / perusahaan kok kita harus lapor? Sementara yg pakai dana pajak aja ga ada transparansi nya atau laporan ke masyarakat atau ke yg di pungut pajaknya 😢
18099807926499046,2026-03-01T17:54:40+00:00,0,https://www.instagram.com/reel/DVScFc0k7sm/,https://www.instagram.com/reel/DVScFc0k7sm/?comment_id=18099807926499046,scraping_instagram,bangzac_florist,Status spt kurang bayar gimna bu
17934825336080362,2026-03-01T17:15:52+00:00,0,https://www.instagram.com/reel/DVScFc0k7sm/,https://www.instagram.com/reel/DVScFc0k7sm/?comment_id=17934825336080362,scraping_instagram,ika.candra26,Kk kalo muncul satatus spt lebih bayar gmn
18092149573858747,2026-03-01T16:41:41+00:00,0,https://www.instagram.com/reel/DVScFc0k7sm/,https://www.instagram.com/reel/DVScFc0k7sm/?comment_id=18092149573858747,scraping_instagram,desinurlindasari_,Saya tidak muncul pilihan setelah klik “konsep spt” solusinya dong kak
18089426873157620,2026-03-01T15:59:58+00:00,0,https://www.instagram.com/reel/DVScFc0k7sm/,https://www.instagram.com/reel/DVScFc0k7sm/?comment_id=18089426873157620,scraping_instagram,rintokoaris,TAMBAH RIBET LAPOR PAJAK KOQ YG BAYAR JUGA
17890964811427015,2026-03-01T15:43:44+00:00,0,https://www.instagram.com/reel/DVScFc0k7sm/,https://www.instagram.com/reel/DVScFc0k7sm/?comment_id=17890964811427015,scraping_instagram,gedhoni,Registrasi qortex masih bisa Bu?
17929086426203721,2026-03-01T15:41:47+00:00,2,https://www.instagram.com/reel/DVScFc0k7sm/,https://www.instagram.com/reel/DVScFc0k7sm/?comment_id=17929086426203721,scraping_instagram,risajumadilputri,"saya dibagian kredit pajak ketika jawab pertanyaan kedua ""tidak"" tapi keluar pernyataan ""ada bukti pemotongan dari pemberi kerja yg terbaca di sistem"" dan nnti ada jumlah nilainya disamping kolom/tidak 0,,jadi harus pilih ya,,it knp ya kk? tpi spt cha tetap nihil"
18055898564452355,2026-03-01T14:12:15+00:00,0,https://www.instagram.com/reel/DVScFc0k7sm/,https://www.instagram.com/reel/DVScFc0k7sm/?comment_id=18055898564452355,scraping_instagram,likeurfine,"kalo mau aktivasi akun coretax error trs, solusinya gmn kak"
17905630023363311,2026-03-01T12:56:11+00:00,0,https://www.instagram.com/reel/DVScFc0k7sm/,https://www.instagram.com/reel/DVScFc0k7sm/?comment_id=17905630023363311,scraping_instagram,handayani.nikendwi,Alhamdulillah sudah lapor dong. Keroyokan ngerjainnya sama guru-guru yang lain. 😀
18094781437959579,2026-03-01T12:28:29+00:00,0,https://www.instagram.com/reel/DVScFc0k7sm/,https://www.instagram.com/reel/DVScFc0k7sm/?comment_id=18094781437959579,scraping_instagram,adi.pro.1466,Otw lapor Guys
18080221028603597,2026-03-01T12:02:01+00:00,398,https://www.instagram.com/reel/DVScFc0k7sm/,https://www.instagram.com/reel/DVScFc0k7sm/?comment_id=18080221028603597,scraping_instagram,fz_aziz_m,Kita yg bayar knp kita jg yg lapor😢
18083555750353503,2026-03-01T11:38:40+00:00,1,https://www.instagram.com/reel/DVScFc0k7sm/,https://www.instagram.com/reel/DVScFc0k7sm/?comment_id=18083555750353503,scraping_instagram,pudjiastutimartini,mbak...klo di  harta bergerak  ada pilihan harta pps dan  investasi pps apa maksudnya yaa... setelah diisi tombol simpannya gak berfungsi kenapa
18094644892989862,2026-03-01T11:08:45+00:00,3,https://www.instagram.com/reel/DVScFc0k7sm/,https://www.instagram.com/reel/DVScFc0k7sm/?comment_id=18094644892989862,scraping_instagram,riyan.3200,Kalo lupa password gimana..? lupa juga nomor Evin
18090095285166321,2026-03-01T10:31:52+00:00,4,https://www.instagram.com/reel/DVScFc0k7sm/,https://www.instagram.com/reel/DVScFc0k7sm/?comment_id=18090095285166321,scraping_instagram,ernapur_,"Kenapa yaa ada lebih dan kurang bayar, apakah krna ikut affiliate?"
18041101706752639,2026-03-01T10:15:38+00:00,0,https://www.instagram.com/reel/DVScFc0k7sm/,https://www.instagram.com/reel/DVScFc0k7sm/?comment_id=18041101706752639,scraping_instagram,ayufiqy,Jejak
18075695408610222,2026-03-01T09:47:40+00:00,0,https://www.instagram.com/reel/DVScFc0k7sm/,https://www.instagram.com/reel/DVScFc0k7sm/?comment_id=18075695408610222,scraping_instagram,avengerjaya,Kredit pajak tuh yg gmn ka?
17962396076901368,2026-03-01T09:47:18+00:00,0,https://www.instagram.com/reel/DVScFc0k7sm/,https://www.instagram.com/reel/DVScFc0k7sm/?comment_id=17962396076901368,scraping_instagram,hii_wiid,"Ka kl gk lebih bayar gmn solusinya plisss, udah nyoba berulang kali dari bulan lalu gk berhasil2😢"
18107211469699226,2026-03-01T09:39:59+00:00,0,https://www.instagram.com/reel/DVScFc0k7sm/,https://www.instagram.com/reel/DVScFc0k7sm/?comment_id=18107211469699226,scraping_instagram,hernandajiwi_nst,Mantab turorialnya 👍
17875720770531399,2026-03-01T09:24:57+00:00,0,https://www.instagram.com/reel/DVScFc0k7sm/,https://www.instagram.com/reel/DVScFc0k7sm/?comment_id=17875720770531399,scraping_instagram,fulvian_zhafira_yulianto,Kalo L1 D & E ga sinkron pasti lebih bayar (buat karyawan)
18223068403309806,2026-03-01T08:02:09+00:00,0,https://www.instagram.com/reel/DVScFc0k7sm/,https://www.instagram.com/reel/DVScFc0k7sm/?comment_id=18223068403309806,scraping_instagram,simo_kuma,Sulittttt bu😭😭
18122248978510546,2026-03-01T07:35:27+00:00,0,https://www.instagram.com/reel/DVScFc0k7sm/,https://www.instagram.com/reel/DVScFc0k7sm/?comment_id=18122248978510546,scraping_instagram,dimassaputrra07,Ngga paham sama hasil perhitungan pph terutang di coretax pilih pasal pasal perhitungan sesuai yang sudah di perhitungkan tapi hasilnya pasal lain🔥
18382818370095182,2026-03-01T07:01:21+00:00,0,https://www.instagram.com/reel/DVScFc0k7sm/,https://www.instagram.com/reel/DVScFc0k7sm/?comment_id=18382818370095182,scraping_instagram,poilyarn,Lebih mudah jauh lebih mudah pakai coretax drpd djponline
18085257353185971,2026-03-01T06:30:09+00:00,5,https://www.instagram.com/reel/DVScFc0k7sm/,https://www.instagram.com/reel/DVScFc0k7sm/?comment_id=18085257353185971,scraping_instagram,wanda.henna,Masukkan Passphrase maksud y apa kak ??
18093668660021945,2026-03-01T06:05:49+00:00,0,https://www.instagram.com/reel/DVScFc0k7sm/,https://www.instagram.com/reel/DVScFc0k7sm/?comment_id=18093668660021945,scraping_instagram,sigitprasetyoa,"Alur kasusnya blm ya? Kalo blm diisi juga, karna wajib, kalo blm diisi, blm valid. Googling aja alur kasus"
17944906592981936,2026-03-01T05:42:15+00:00,0,https://www.instagram.com/reel/DVScFc0k7sm/,https://www.instagram.com/reel/DVScFc0k7sm/?comment_id=17944906592981936,scraping_instagram,vidyadwio,Harus punya e-filing ya Bu?
17955291246074171,2026-03-01T05:35:46+00:00,0,https://www.instagram.com/reel/DVScFc0k7sm/,https://www.instagram.com/reel/DVScFc0k7sm/?comment_id=17955291246074171,scraping_instagram,karyawanreceh,"Maaf bu mau tanya saya, org kena phk dan blm dapat kerja, sekarang bantu usaha ukm org kerja serabutan gmn ya krna gak ada bukti potong. Cara isinya gmn ya bu?"
18398479231177267,2026-03-01T05:35:40+00:00,0,https://www.instagram.com/reel/DVScFc0k7sm/,https://www.instagram.com/reel/DVScFc0k7sm/?comment_id=18398479231177267,scraping_instagram,tokohijaudaun,"Kalau umkm omzet kurang dari 500 juta setahun, bagaimana cara nya?"
18066401711653595,2026-03-01T03:55:05+00:00,0,https://www.instagram.com/reel/DVScFc0k7sm/,https://www.instagram.com/reel/DVScFc0k7sm/?comment_id=18066401711653595,scraping_instagram,lsetiawaty,"Bu, bag B yg no 1A diisi ya, angka netonya perlu isi atau bgm, tp kalo mau diisi ga bisa"
18112045453655494,2026-03-01T03:45:21+00:00,4,https://www.instagram.com/reel/DVScFc0k7sm/,https://www.instagram.com/reel/DVScFc0k7sm/?comment_id=18112045453655494,scraping_instagram,dedi.setiadii,Lapor sampe bulan apa Bu terakhir?
18106131046763885,2026-03-01T02:39:01+00:00,0,https://www.instagram.com/reel/DVScFc0k7sm/,https://www.instagram.com/reel/DVScFc0k7sm/?comment_id=18106131046763885,scraping_instagram,diyawilya,"Kk kok punya aku Kurang bayar hampir 21jt, itu hasil dari mana ya kk ? Padahal pajak selalu di potong setiap tahun nya"
18406954351133505,2026-03-01T01:19:26+00:00,1,https://www.instagram.com/reel/DVScFc0k7sm/,https://www.instagram.com/reel/DVScFc0k7sm/?comment_id=18406954351133505,scraping_instagram,waryuti12,"Punya saya lebih bayar kak, ikut arahan kk, gmn"
18084578159264541,2026-02-28T22:15:14+00:00,1,https://www.instagram.com/reel/DVScFc0k7sm/,https://www.instagram.com/reel/DVScFc0k7sm/?comment_id=18084578159264541,scraping_instagram,tiararahm21,@megacfde
18105286669633181,2026-02-28T22:01:49+00:00,3,https://www.instagram.com/reel/DVScFc0k7sm/,https://www.instagram.com/reel/DVScFc0k7sm/?comment_id=18105286669633181,scraping_instagram,asrylesta,ini terakhir kapan ya kak?
17853677499652912,2026-02-28T21:36:03+00:00,1,https://www.instagram.com/reel/DVScFc0k7sm/,https://www.instagram.com/reel/DVScFc0k7sm/?comment_id=17853677499652912,scraping_instagram,allfridaintan,Kak pada menu lampiran 1 kan ada B Utang pada akhit tahun itu utang apa ya kak ?
17990637230770358,2026-02-28T21:20:01+00:00,3,https://www.instagram.com/reel/DVScFc0k7sm/,https://www.instagram.com/reel/DVScFc0k7sm/?comment_id=17990637230770358,scraping_instagram,syaini.a,Sulit
18123821971562277,2026-02-28T20:39:12+00:00,1,https://www.instagram.com/reel/DVScFc0k7sm/,https://www.instagram.com/reel/DVScFc0k7sm/?comment_id=18123821971562277,scraping_instagram,khanifaaa_,Makasih🙏🏻
18196369660340915,2026-02-28T19:54:24+00:00,1,https://www.instagram.com/reel/DVScFc0k7sm/,https://www.instagram.com/reel/DVScFc0k7sm/?comment_id=18196369660340915,scraping_instagram,jeanyppp,"ko saat pilih periodenyaa gabisa ya, gamuncul"
17933357145194671,2026-02-28T16:58:38+00:00,1,https://www.instagram.com/reel/DVScFc0k7sm/,https://www.instagram.com/reel/DVScFc0k7sm/?comment_id=17933357145194671,scraping_instagram,irmahermalia96,Maaf mau tanya kalo bukti potong pph21 blm ada itu gimana ya ?
17962539888046308,2026-02-28T15:42:26+00:00,1,https://www.instagram.com/reel/DVScFc0k7sm/,https://www.instagram.com/reel/DVScFc0k7sm/?comment_id=17962539888046308,scraping_instagram,nanasuryana12,Bpa1 belum muncul
18096488491780874,2026-02-28T13:48:54+00:00,0,https://www.instagram.com/reel/DVScFc0k7sm/,https://www.instagram.com/reel/DVScFc0k7sm/?comment_id=18096488491780874,scraping_instagram,yustikaaaaa__,"hihi betul bukkk, aku kemarin juga sat set josjissss😭😭"
18072217238168269,2026-02-28T10:35:07+00:00,7,https://www.instagram.com/reel/DVScFc0k7sm/,https://www.instagram.com/reel/DVScFc0k7sm/?comment_id=18072217238168269,scraping_instagram,ani.wulandari.395,Beda pisah harta (PH) atau memilih terpisah (MT)apa bu??
17850774774478660,2025-08-05T10:35:58+00:00,18,https://www.instagram.com/p/DM7H6ToJOLM/,https://www.instagram.com/p/DM7H6ToJOLM/?comment_id=17850774774478660,scraping_instagram,agussadeli,Gw juga pernah. Yang gw bingung. Dia bisa tau data2 gw. Modusnya dia minta kita untuk daftarin perusahaan kita di coretax. Dan di suruh install aplikasi pajak yang nantinya dia kasih lewat wa. Untungnya waktu itu gw sadar. 😂
18035961980431957,2025-08-07T13:16:23+00:00,172,https://www.instagram.com/p/DM7H6ToJOLM/,https://www.instagram.com/p/DM7H6ToJOLM/?comment_id=18035961980431957,scraping_instagram,lilihsulistyaa,"tipikal telfon penipuan adalah ngeburu2 harus sekarang, harus hari ini, paling lambat hari ini dll, soalnya kalo kelamaan keburu kita sadar, jadi gak dikasih waktu buat mikir"
18049048019620224,2025-08-04T07:50:54+00:00,1156,https://www.instagram.com/p/DM7H6ToJOLM/,https://www.instagram.com/p/DM7H6ToJOLM/?comment_id=18049048019620224,scraping_instagram,dilterameradil,Harus nya lacak nya mudah gak sih.. Kmn hilang nya.. Rek nya ngirim kemana.. Ketauan kan nama alamat bank apa.. Bukan kah yg kemarin blokir blokir rek orang  lempeng bener.. Dr situ kan bisa diliat
17942839245013517,2025-08-04T07:23:43+00:00,26,https://www.instagram.com/p/DM7H6ToJOLM/,https://www.instagram.com/p/DM7H6ToJOLM/?comment_id=17942839245013517,scraping_instagram,richardc2905,Awalnya pasti dapet telp dari oknum yg ngaku2 dari KPP pusat jakarta ya...
18148439323392035,2025-08-09T11:53:04+00:00,5,https://www.instagram.com/p/DM7H6ToJOLM/,https://www.instagram.com/p/DM7H6ToJOLM/?comment_id=18148439323392035,scraping_instagram,annur_agt2k16,Aku aja yg ilang 900k di shopeepay aja Uda panikk abiss ga ada solusi dr pihak shopee 😭
18068166437135059,2025-08-06T04:47:06+00:00,924,https://www.instagram.com/p/DM7H6ToJOLM/,https://www.instagram.com/p/DM7H6ToJOLM/?comment_id=18068166437135059,scraping_instagram,natto.1973,Seharusnya PPATK berfungsi dengan baik 😍
18281444716275003,2025-08-07T12:16:51+00:00,417,https://www.instagram.com/p/DM7H6ToJOLM/,https://www.instagram.com/p/DM7H6ToJOLM/?comment_id=18281444716275003,scraping_instagram,yuliyuli6765,tim yang gk pernah angkat telfon dari nomor baru.. 🙋‍♀️
18038276084398518,2025-08-04T07:22:51+00:00,300,https://www.instagram.com/p/DM7H6ToJOLM/,https://www.instagram.com/p/DM7H6ToJOLM/?comment_id=18038276084398518,scraping_instagram,arifze66,"Gw kalo ada panggilan telepon gw angkat bentar siapa tau kenal, kalo langsung disautin ""halo selamat siang, dengan bapak Arif"" langsung gw tutup wkwk, meminimalisir resiko."
18076267577296376,2025-08-10T15:29:09+00:00,6,https://www.instagram.com/p/DM7H6ToJOLM/,https://www.instagram.com/p/DM7H6ToJOLM/?comment_id=18076267577296376,scraping_instagram,weilyzhan,"Cortax mana ad app? Hanya ad web, kurangnya pemahaman akhrnya tidak paham dan ditipu"
18034347908466420,2025-08-07T13:07:37+00:00,1,https://www.instagram.com/p/DM7H6ToJOLM/,https://www.instagram.com/p/DM7H6ToJOLM/?comment_id=18034347908466420,scraping_instagram,hikmahnlrs,Semoga yg kehilangan dikasih kesabaran dan dilipat gandain rejekinya smpai tujuh turunan🙌
18036674678422820,2025-08-05T05:10:43+00:00,9,https://www.instagram.com/p/DM7H6ToJOLM/,https://www.instagram.com/p/DM7H6ToJOLM/?comment_id=18036674678422820,scraping_instagram,n12slm,Kemaren baru dapet email dari DJP isinya himbauan buat unduh cortax App. entah itu email resmi atau spam. Daripada kenapa2 akhirnya tak skip
18332979430200444,2025-08-05T13:11:51+00:00,15,https://www.instagram.com/p/DM7H6ToJOLM/,https://www.instagram.com/p/DM7H6ToJOLM/?comment_id=18332979430200444,scraping_instagram,indrakenam,Sekelas peduli lindungi aja bisa jadi judi slot 😂
17945984223010027,2025-08-04T07:11:13+00:00,3,https://www.instagram.com/p/DM7H6ToJOLM/,https://www.instagram.com/p/DM7H6ToJOLM/?comment_id=17945984223010027,scraping_instagram,nanang_automotive,"Hampir kena saya ,,, ujung2 nya disuru instal apk dari wa oknum, lalu isi usrname pass yg aneh tampilan nya"
18072887528087474,2025-08-10T08:30:21+00:00,1,https://www.instagram.com/p/DM7H6ToJOLM/,https://www.instagram.com/p/DM7H6ToJOLM/?comment_id=18072887528087474,scraping_instagram,ddwslvr,Coretax ada aplikasinya? Aku biasa lewat web aja
17967141050947045,2025-08-22T11:49:33+00:00,1,https://www.instagram.com/p/DM7H6ToJOLM/,https://www.instagram.com/p/DM7H6ToJOLM/?comment_id=17967141050947045,scraping_instagram,annisafitriy,Emangnya coretax ada versi yg bisa didownload nya?
17978823329896133,2025-08-09T15:38:45+00:00,1,https://www.instagram.com/p/DM7H6ToJOLM/,https://www.instagram.com/p/DM7H6ToJOLM/?comment_id=17978823329896133,scraping_instagram,frsdn_,Harusnya kalian urusin begini ya @ppatk_indonesia
18100641331587915,2025-08-06T09:10:26+00:00,2,https://www.instagram.com/p/DM7H6ToJOLM/,https://www.instagram.com/p/DM7H6ToJOLM/?comment_id=18100641331587915,scraping_instagram,me_jess999,"Awal tahun saya dapat tlp lewat panggilan nomor, ngaku dari kantor pajak, lalu doi bilang ada WA tidak, klo ada pindah ke WA saja, setelah pindah ke WA  ngomong halo kemudian minta buka Video /VC lalu tak tolak, lalu doi bilang klo mau kasih unjuk layar computernta cara2 mendownload aplikasi mpajak, saya kekeh tidak mau vc 😂 lalu dia bilang mau kasih tau caranya lewat WA saja, setelah tlp putus tak blokir"
18037512443418141,2025-08-08T18:59:02+00:00,3,https://www.instagram.com/p/DM7H6ToJOLM/,https://www.instagram.com/p/DM7H6ToJOLM/?comment_id=18037512443418141,scraping_instagram,lululemommy,Pertanyaannya itu guru dapet dari mana uang 69 jt ? Pasti pencucian uang kepala sekolah dana BOS
18054280238152028,2025-08-05T22:37:38+00:00,1,https://www.instagram.com/p/DM7H6ToJOLM/,https://www.instagram.com/p/DM7H6ToJOLM/?comment_id=18054280238152028,scraping_instagram,rama.pijar,Prisip :  klo telpon yg ngk kenal jangan diangkat
18051739265531994,2025-08-09T22:24:42+00:00,0,https://www.instagram.com/p/DM7H6ToJOLM/,https://www.instagram.com/p/DM7H6ToJOLM/?comment_id=18051739265531994,scraping_instagram,im___dela,Ah emang kerja sama kali 😂
18058660475370961,2025-08-04T07:09:29+00:00,62,https://www.instagram.com/p/DM7H6ToJOLM/,https://www.instagram.com/p/DM7H6ToJOLM/?comment_id=18058660475370961,scraping_instagram,igoy1610,Emng prh skrg klo ga d tipu org ya d tipu pejabat negara 😂😂😂
18108849859530189,2025-08-22T12:15:02+00:00,1,https://www.instagram.com/p/DM7H6ToJOLM/,https://www.instagram.com/p/DM7H6ToJOLM/?comment_id=18108849859530189,scraping_instagram,custominterus.id,Ppat harusnya mantau saldo pelaku kek gini
18082132393884529,2025-08-04T08:01:29+00:00,81,https://www.instagram.com/p/DM7H6ToJOLM/,https://www.instagram.com/p/DM7H6ToJOLM/?comment_id=18082132393884529,scraping_instagram,arvanirv2107,"Saya mah hpnya di setting blokir otomatis kalau nomernya baru belum kita save,telpon biasa atau wa saya setting begitu... Klw misalakn penting atau itu sodara kita pasti ntar juga Chat.."
18390582196191692,2025-08-12T17:52:35+00:00,1,https://www.instagram.com/p/DM7H6ToJOLM/,https://www.instagram.com/p/DM7H6ToJOLM/?comment_id=18390582196191692,scraping_instagram,adwipangga8084,"Pengakuan petugas pajak dan aplikasi cortax, itu hanya kamuflase...!!! yg sebenarnya itu adalah pihak bank dimana uangnya disimpan...!!!"
18067746094902455,2025-08-05T05:01:49+00:00,5,https://www.instagram.com/p/DM7H6ToJOLM/,https://www.instagram.com/p/DM7H6ToJOLM/?comment_id=18067746094902455,scraping_instagram,yk_kmara,Ini sialnya tadi siapa min saya lupa🙌
18103252720585206,2025-08-21T02:34:25+00:00,0,https://www.instagram.com/p/DM7H6ToJOLM/,https://www.instagram.com/p/DM7H6ToJOLM/?comment_id=18103252720585206,scraping_instagram,ayya_irham,@raraayayaaaa
18280487137282021,2025-08-06T13:37:24+00:00,1,https://www.instagram.com/p/DM7H6ToJOLM/,https://www.instagram.com/p/DM7H6ToJOLM/?comment_id=18280487137282021,scraping_instagram,gendon.harianto,"Aq pernah ngantar kejadian serupa tapi bukan coretax,  lapor ke polsek diminta lapor ke Bank dari  bank di balikan lagi katanya polisi yg punya akses melacak nomor+ rekening balik lagi ke polsek terus di minta ke Polda setelah itu selesai sudah kasus,  selesai dgn kata iklaskan 37jt  Iklas ga ada solusi👏👏👏"
17981096915853992,2025-08-06T07:17:22+00:00,1,https://www.instagram.com/p/DM7H6ToJOLM/,https://www.instagram.com/p/DM7H6ToJOLM/?comment_id=17981096915853992,scraping_instagram,idanus,Hati2 ini modus sudah berjalan lama dan seolah2 merajalela. Biasanya akan minta transfer biaya meterai ke rek pribadi.
18067940359921239,2025-08-04T23:09:01+00:00,1,https://www.instagram.com/p/DM7H6ToJOLM/,https://www.instagram.com/p/DM7H6ToJOLM/?comment_id=18067940359921239,scraping_instagram,rizqonymous,Sudah bagus pke DJP gak ad leletnya
18523843609027123,2025-08-04T17:38:18+00:00,1,https://www.instagram.com/p/DM7H6ToJOLM/,https://www.instagram.com/p/DM7H6ToJOLM/?comment_id=18523843609027123,scraping_instagram,netizen_stress,App 1 T😂
18067071089515366,2025-08-05T12:00:52+00:00,1,https://www.instagram.com/p/DM7H6ToJOLM/,https://www.instagram.com/p/DM7H6ToJOLM/?comment_id=18067071089515366,scraping_instagram,fachrulrozisen,Aplikasi yang lebih mahal dari chatgpt wkwk
18075050275823520,2025-08-05T11:31:23+00:00,1,https://www.instagram.com/p/DM7H6ToJOLM/,https://www.instagram.com/p/DM7H6ToJOLM/?comment_id=18075050275823520,scraping_instagram,inirofikkk,"gw juga pernah hilang tanpa jejak,mana uang hasil susah payah"
17946301602008888,2025-08-06T01:50:58+00:00,1,https://www.instagram.com/p/DM7H6ToJOLM/,https://www.instagram.com/p/DM7H6ToJOLM/?comment_id=17946301602008888,scraping_instagram,fadilzeinok,Kok bisa aplikasi begini ada di playstore?
17922058959273054,2026-03-31T08:54:33+00:00,0,https://www.instagram.com/p/DM7H6ToJOLM/,https://www.instagram.com/p/DM7H6ToJOLM/?comment_id=17922058959273054,scraping_instagram,ervanda,Gmna warga bisa hidup damai dan percaya pemerintah. Yang kaya gni2an aja pemerintah gk  bisa nindak lanjuti
18109459423544894,2025-09-04T04:17:50+00:00,0,https://www.instagram.com/p/DM7H6ToJOLM/,https://www.instagram.com/p/DM7H6ToJOLM/?comment_id=18109459423544894,scraping_instagram,wends471,"Saya pernah ditelpon yang ngakunya cs pinjol kredit pintar dulu tapi dia pura-pura mau membantu sy untuk menghapus akun pinjol sy karena saat itu duit sy salah transfer ke rekening penipu dan tidak tercatat dlm sistem pinjol, lalu ditelponlah sy sy juga tidak curiga tapi setelah beberapa kali percakapan tiba tiba ,  dana tab one clink bca sy habis , lalu sy tersadar mereka adalah komplotan penipu , ya saya menjadikan ini sebagai pelajaran dikemudian hari harus lebih waspada dlm menerima panggilan  nomor telepon yg gk dikenal, lalu setelah sy cek lokasi mereka ternyata mereka di provinsi kalteng di daerah katingan, ya para komplotan penipu itu sungguh profesional, dari cara bicaranya, kita sebagai orang yang tertipu harus melihat ini sebagai pelajaran hidup  lalu biarlah berlalu"
17855923344501932,2025-08-28T17:19:33+00:00,0,https://www.instagram.com/p/DM7H6ToJOLM/,https://www.instagram.com/p/DM7H6ToJOLM/?comment_id=17855923344501932,scraping_instagram,madame_atri,"Kok bisa tau targetnya...datanya sudah bocor...dan akhirnya tidak ada yang mau tanggungjawab....semua dalam koordinasi mafia dari hulu ke hilir, dan bagi2 bagian"
18488259097069283,2025-08-27T02:19:40+00:00,1,https://www.instagram.com/p/DM7H6ToJOLM/,https://www.instagram.com/p/DM7H6ToJOLM/?comment_id=18488259097069283,scraping_instagram,rokim_cahbantul07,Tak sekalipun angkat telp dan sms dr nomer gk kenal..hbs itu ku blokir.
18407093794114654,2025-08-27T00:54:48+00:00,0,https://www.instagram.com/p/DM7H6ToJOLM/,https://www.instagram.com/p/DM7H6ToJOLM/?comment_id=18407093794114654,scraping_instagram,ryn97.id,Kapan sadarnya para penipu ini ya Allah.... 😢
18051879542222379,2025-08-26T14:05:48+00:00,0,https://www.instagram.com/p/DM7H6ToJOLM/,https://www.instagram.com/p/DM7H6ToJOLM/?comment_id=18051879542222379,scraping_instagram,koh_jing,"😮😮 Ibu saya pernah ketipu sampai 80jt...langsung lemes...soalnya uang Taspen bapak juga ikut hilang.. 😮 Sebenarnya bisa melacak larinya ke rekening mana & diambil di ATM mana (lewat kerabat yg bekerja di bank)... 😮 Tapi tidak punya kemampuan buat nangkap, lapor polisi pun cuma menampun aduan saja.. 😮😮😮"
17956962326987801,2025-08-26T03:53:40+00:00,0,https://www.instagram.com/p/DM7H6ToJOLM/,https://www.instagram.com/p/DM7H6ToJOLM/?comment_id=17956962326987801,scraping_instagram,ridwankupo,apa itu keamanan .. ga ada aman2nya negara ini
17928443816985256,2025-08-26T01:25:44+00:00,0,https://www.instagram.com/p/DM7H6ToJOLM/,https://www.instagram.com/p/DM7H6ToJOLM/?comment_id=17928443816985256,scraping_instagram,adm_jurnal,Gak ada keamanan di Indonesia
17907066735210700,2025-08-26T00:35:04+00:00,0,https://www.instagram.com/p/DM7H6ToJOLM/,https://www.instagram.com/p/DM7H6ToJOLM/?comment_id=17907066735210700,scraping_instagram,ernadtama,Aplikasi coretax d hp tuh yg gmn ya... dn gmn bs nyedot duitny?
17993068697824188,2025-08-25T23:44:38+00:00,0,https://www.instagram.com/p/DM7H6ToJOLM/,https://www.instagram.com/p/DM7H6ToJOLM/?comment_id=17993068697824188,scraping_instagram,zulfianzah_1210,knp sih yg dibobol penipu bukan para pejabat?
17927687064099194,2025-08-25T13:37:41+00:00,0,https://www.instagram.com/p/DM7H6ToJOLM/,https://www.instagram.com/p/DM7H6ToJOLM/?comment_id=17927687064099194,scraping_instagram,imam_34115,logatnya medan?
18105513481562998,2025-08-25T13:31:55+00:00,0,https://www.instagram.com/p/DM7H6ToJOLM/,https://www.instagram.com/p/DM7H6ToJOLM/?comment_id=18105513481562998,scraping_instagram,aliefnorrasaputri,"Unduh aplikasi truecaller biar ga ada spam telfon, tadi ada yg komen karena akhir akhir ini bnyk yg nelfonin aku , kyk org sibuk aja padahal bnyk yg mau nipu😂"
18073402790047211,2025-08-25T11:03:16+00:00,0,https://www.instagram.com/p/DM7H6ToJOLM/,https://www.instagram.com/p/DM7H6ToJOLM/?comment_id=18073402790047211,scraping_instagram,ethan_ratu,CoreTax itu berbasis web. Saya pakai tiap kali dengan browser Chrome. Tidak perlu unduh aplikasi.
18290631964280561,2025-08-25T10:39:57+00:00,0,https://www.instagram.com/p/DM7H6ToJOLM/,https://www.instagram.com/p/DM7H6ToJOLM/?comment_id=18290631964280561,scraping_instagram,aldysunjayasugli,Oh jadi itu fungsi Coretax. 😂
17888896452204590,2025-08-24T06:58:56+00:00,0,https://www.instagram.com/p/DM7H6ToJOLM/,https://www.instagram.com/p/DM7H6ToJOLM/?comment_id=17888896452204590,scraping_instagram,ani_saja_1234,Up
18115941094511247,2025-08-24T05:47:52+00:00,0,https://www.instagram.com/p/DM7H6ToJOLM/,https://www.instagram.com/p/DM7H6ToJOLM/?comment_id=18115941094511247,scraping_instagram,gowther06,Ibu bapa jgn dibiasakan gampang percaya undah unduh aplikasi karena suruhan orang apalagi bia telepon bahkan kalo bisa jgn biasain nerima telepon yang va kita save deh
17895973857276178,2025-08-24T00:27:35+00:00,0,https://www.instagram.com/p/DM7H6ToJOLM/,https://www.instagram.com/p/DM7H6ToJOLM/?comment_id=17895973857276178,scraping_instagram,akrominmuhammad,"Sekarang ma banyak penipuan atas nama pajak, dan anehnya tau semua data, utulah bobroknya sistem di indonesia"
18122909173486309,2025-08-23T16:06:59+00:00,0,https://www.instagram.com/p/DM7H6ToJOLM/,https://www.instagram.com/p/DM7H6ToJOLM/?comment_id=18122909173486309,scraping_instagram,israr.insta,"Aplikasi t0l0l sampah, harusnya bs digugat"
17894319486165507,2025-08-23T12:47:53+00:00,0,https://www.instagram.com/p/DM7H6ToJOLM/,https://www.instagram.com/p/DM7H6ToJOLM/?comment_id=17894319486165507,scraping_instagram,ckaryanto,Sama sama menguras duit rakyat
18412250692106818,2025-08-23T11:55:08+00:00,0,https://www.instagram.com/p/DM7H6ToJOLM/,https://www.instagram.com/p/DM7H6ToJOLM/?comment_id=18412250692106818,scraping_instagram,kiki_dhana,Coretax???????? yg benar CORATEX......
17894788167291142,2025-08-23T08:24:53+00:00,0,https://www.instagram.com/p/DM7H6ToJOLM/,https://www.instagram.com/p/DM7H6ToJOLM/?comment_id=17894788167291142,scraping_instagram,hulselabebe80,Jd skrg apa yg bs kt percaya coba
18052280888627364,2025-08-23T07:07:06+00:00,0,https://www.instagram.com/p/DM7H6ToJOLM/,https://www.instagram.com/p/DM7H6ToJOLM/?comment_id=18052280888627364,scraping_instagram,hasdianaandi,@prabowo  @pajaksamarindailir  @smindrawati
18090704908707403,2025-08-23T05:53:38+00:00,0,https://www.instagram.com/p/DM7H6ToJOLM/,https://www.instagram.com/p/DM7H6ToJOLM/?comment_id=18090704908707403,scraping_instagram,sri.kuntari.45,Baru juga mau unduh..... Ngeri a m at aplikasi nih
17978850089859912,2025-08-23T02:49:48+00:00,0,https://www.instagram.com/p/DM7H6ToJOLM/,https://www.instagram.com/p/DM7H6ToJOLM/?comment_id=17978850089859912,scraping_instagram,bhascomlark,Admin nyari engagement jgn rendsh bgt caranya… itu bukan coretax pasti aplikasi palsu buat penipuan.
17857479846434713,2025-08-23T01:02:30+00:00,0,https://www.instagram.com/p/DM7H6ToJOLM/,https://www.instagram.com/p/DM7H6ToJOLM/?comment_id=17857479846434713,scraping_instagram,yunannoxs,"Ini kasusnya sama percis dgn yg aku alami 😢😢😢 komplen ke bank minta dilacak juga ga ada hasil, malah srh lapor polisi nanti polisinya yg lapor ke bank !!!, SDH ketebak kan endingnya ????"
18089175895691809,2025-08-22T23:22:32+00:00,0,https://www.instagram.com/p/DM7H6ToJOLM/,https://www.instagram.com/p/DM7H6ToJOLM/?comment_id=18089175895691809,scraping_instagram,heni_bulat,"Aku tiap hari ada 5/6 panggilan dgn no baru, terganggu ya awalnya d angkat GK ada yg jawab, trus ku blokir otomatis no yg gak tersimpan"
18153771682381193,2025-08-22T14:28:12+00:00,0,https://www.instagram.com/p/DM7H6ToJOLM/,https://www.instagram.com/p/DM7H6ToJOLM/?comment_id=18153771682381193,scraping_instagram,azhari_al_saifudin,Paling lepas tanggung jawab
18108849859530189,2025-08-22T12:15:02+00:00,1,https://www.instagram.com/p/DM7H6ToJOLM/,https://www.instagram.com/p/DM7H6ToJOLM/?comment_id=18108849859530189,scraping_instagram,custominterus.id,Ppat harusnya mantau saldo pelaku kek gini
17967141050947045,2025-08-22T11:49:33+00:00,1,https://www.instagram.com/p/DM7H6ToJOLM/,https://www.instagram.com/p/DM7H6ToJOLM/?comment_id=17967141050947045,scraping_instagram,annisafitriy,Emangnya coretax ada versi yg bisa didownload nya?
17985207902850259,2025-08-22T11:29:35+00:00,0,https://www.instagram.com/p/DM7H6ToJOLM/,https://www.instagram.com/p/DM7H6ToJOLM/?comment_id=17985207902850259,scraping_instagram,heeynee,Nahhhhhh
17857525221483575,2025-08-22T09:33:42+00:00,0,https://www.instagram.com/p/DM7H6ToJOLM/,https://www.instagram.com/p/DM7H6ToJOLM/?comment_id=17857525221483575,scraping_instagram,hastitintendri,Pertanyaan saya kenapa mereka tau klo korban punya uang di bank
18042020009343016,2025-08-22T09:19:21+00:00,0,https://www.instagram.com/p/DM7H6ToJOLM/,https://www.instagram.com/p/DM7H6ToJOLM/?comment_id=18042020009343016,scraping_instagram,bayutrisnu,"Heran bgt di indo masi banyak penipuan ato semacamnya padahal kita uda e KTP, beli no jg uda pake KK"
17874063162304921,2025-08-22T05:00:48+00:00,0,https://www.instagram.com/p/DM7H6ToJOLM/,https://www.instagram.com/p/DM7H6ToJOLM/?comment_id=17874063162304921,scraping_instagram,hi.maa310,negoro ngawur
17944158221908056,2025-08-22T04:39:03+00:00,0,https://www.instagram.com/p/DM7H6ToJOLM/,https://www.instagram.com/p/DM7H6ToJOLM/?comment_id=17944158221908056,scraping_instagram,jongun_reborn,PPATK kalo masalah ginian disfungsi ereksi njir tapi kalo ngenlokirin rekening orang random jago dia😂
18097005013616542,2025-08-22T04:35:56+00:00,0,https://www.instagram.com/p/DM7H6ToJOLM/,https://www.instagram.com/p/DM7H6ToJOLM/?comment_id=18097005013616542,scraping_instagram,ropigpicks_,"nomor baru dan nomor ga dikenal, pantang buat angkat telfon, apalagi dijam jam rawan 🙌"
18058869062599921,2025-08-22T03:52:16+00:00,0,https://www.instagram.com/p/DM7H6ToJOLM/,https://www.instagram.com/p/DM7H6ToJOLM/?comment_id=18058869062599921,scraping_instagram,linggaexor,Valid gak niiih !
18317834410208547,2025-08-22T03:45:56+00:00,0,https://www.instagram.com/p/DM7H6ToJOLM/,https://www.instagram.com/p/DM7H6ToJOLM/?comment_id=18317834410208547,scraping_instagram,rianfern715,🤣 buatnya ngerugiin negara jadinya ngerugiin masyarakat ada ada aja corehack ini mah
18049291595270334,2025-08-22T02:26:30+00:00,0,https://www.instagram.com/p/DM7H6ToJOLM/,https://www.instagram.com/p/DM7H6ToJOLM/?comment_id=18049291595270334,scraping_instagram,teguh.budi.528316,"Saya dapat email dari yg ngaku djp,suruh unduh aplikasi ini, setelah tanya temen2,auruh abaikan saja,katannya banyak penipuan..hati2"
18104352019577310,2025-08-22T00:12:58+00:00,0,https://www.instagram.com/p/DM7H6ToJOLM/,https://www.instagram.com/p/DM7H6ToJOLM/?comment_id=18104352019577310,scraping_instagram,dzakamalikafkarazka,😂
18084083845893331,2025-08-21T23:31:22+00:00,0,https://www.instagram.com/p/DM7H6ToJOLM/,https://www.instagram.com/p/DM7H6ToJOLM/?comment_id=18084083845893331,scraping_instagram,tole.ransi,"Dikumpulkan sedikit demi sedikit, hilang dalam hitungan menit 😢. Seaman apa sih menyimpan uang di bank 😑"
18039532550655432,2025-08-21T23:13:30+00:00,0,https://www.instagram.com/p/DM7H6ToJOLM/,https://www.instagram.com/p/DM7H6ToJOLM/?comment_id=18039532550655432,scraping_instagram,irsyad.ridwany,"Hati” ges skr bnyak scam lewat tlp, klo sekiranya no tidak di kenal jng lngsng di angkat"
18076627214073019,2025-08-21T21:32:40+00:00,0,https://www.instagram.com/p/DM7H6ToJOLM/,https://www.instagram.com/p/DM7H6ToJOLM/?comment_id=18076627214073019,scraping_instagram,donnyrahman80,Tebak logat penipunya
18077638042782167,2025-08-21T17:57:18+00:00,0,https://www.instagram.com/p/DM7H6ToJOLM/,https://www.instagram.com/p/DM7H6ToJOLM/?comment_id=18077638042782167,scraping_instagram,mohammadakhdin,"Aplikasi gagal... Dana 1,2 ... Entah duitnya kemana dan tanggung jawabnya kemana 🤦"
18122070013433879,2025-08-21T16:56:32+00:00,0,https://www.instagram.com/p/DM7H6ToJOLM/,https://www.instagram.com/p/DM7H6ToJOLM/?comment_id=18122070013433879,scraping_instagram,cholis030,"@nur_govinda_maulana29 hati"""
18068567545939657,2025-08-21T15:38:37+00:00,0,https://www.instagram.com/p/DM7H6ToJOLM/,https://www.instagram.com/p/DM7H6ToJOLM/?comment_id=18068567545939657,scraping_instagram,elenpardede,Orang pajak gak akan pernah telpon kita. Lah gw lebih bayar aja cuma dikirimin surat panggilan 😂😂😂
18074482130017130,2025-08-21T15:33:09+00:00,0,https://www.instagram.com/p/DM7H6ToJOLM/,https://www.instagram.com/p/DM7H6ToJOLM/?comment_id=18074482130017130,scraping_instagram,tejasanjaya,Aku pake xiaomi auto block spamm call
18080445745913919,2025-08-21T14:39:33+00:00,0,https://www.instagram.com/p/DM7H6ToJOLM/,https://www.instagram.com/p/DM7H6ToJOLM/?comment_id=18080445745913919,scraping_instagram,wulansaragih,@intanwildanysaragih @novahardiantisaragih hati hati
17911721607190273,2025-08-21T13:25:37+00:00,0,https://www.instagram.com/p/DM7H6ToJOLM/,https://www.instagram.com/p/DM7H6ToJOLM/?comment_id=17911721607190273,scraping_instagram,ramadhandaniswara,Omaga
18065777240224176,2025-08-21T09:46:50+00:00,0,https://www.instagram.com/p/DM7H6ToJOLM/,https://www.instagram.com/p/DM7H6ToJOLM/?comment_id=18065777240224176,scraping_instagram,by_tiiih,Waw
18104862733564205,2025-08-21T09:24:36+00:00,1,https://www.instagram.com/p/DM7H6ToJOLM/,https://www.instagram.com/p/DM7H6ToJOLM/?comment_id=18104862733564205,scraping_instagram,dhianitha_12,"Petugas pajak aslinya sama penipu nggak ada bedanya, sama-sama merugikan"
18094396654638834,2025-08-21T09:19:03+00:00,1,https://www.instagram.com/p/DM7H6ToJOLM/,https://www.instagram.com/p/DM7H6ToJOLM/?comment_id=18094396654638834,scraping_instagram,uul1976,"Saya juga dapat wa dan telp dari seseorang yang mengaku petugas pajak, untungnya hp saya ipho** jd gak bisa kelihatan aplikasi yg di suruh unduh. Orang tsb ngeyel minta saya ganti andr***, dari situ saya curiga dan saya bilang saya ke KPP saja & orangnya marah2 krn saya laporkan penipuan ini ke KPP"
18094596169643266,2025-08-21T08:17:23+00:00,0,https://www.instagram.com/p/DM7H6ToJOLM/,https://www.instagram.com/p/DM7H6ToJOLM/?comment_id=18094596169643266,scraping_instagram,arintapurwanti,"Sy pernah menerima telepon seperti itu, lgsg sy bilang kamu pembohong. Trus sy tanya ke KPP pajak, katanya gak bener"
18078513748937628,2025-08-21T07:40:46+00:00,0,https://www.instagram.com/p/DM7H6ToJOLM/,https://www.instagram.com/p/DM7H6ToJOLM/?comment_id=18078513748937628,scraping_instagram,awaliamflhti,"Nah, udah paling bener miskin udeee 😭"
18094575334640421,2025-08-21T07:07:16+00:00,0,https://www.instagram.com/p/DM7H6ToJOLM/,https://www.instagram.com/p/DM7H6ToJOLM/?comment_id=18094575334640421,scraping_instagram,_bunga_pertiwi,@ppatk_indonesia
18518655478040290,2025-08-21T07:06:56+00:00,0,https://www.instagram.com/p/DM7H6ToJOLM/,https://www.instagram.com/p/DM7H6ToJOLM/?comment_id=18518655478040290,scraping_instagram,_bunga_pertiwi,@smindrawati
17857384404483385,2025-08-21T05:46:19+00:00,0,https://www.instagram.com/p/DM7H6ToJOLM/,https://www.instagram.com/p/DM7H6ToJOLM/?comment_id=17857384404483385,scraping_instagram,ismiyulianiii,"Guys coretax itu gak ada aplikasinya ya, berbasis web. Jangan sampe ketipu disuruh download2"
17894131884164753,2025-08-21T05:40:08+00:00,0,https://www.instagram.com/p/DM7H6ToJOLM/,https://www.instagram.com/p/DM7H6ToJOLM/?comment_id=17894131884164753,scraping_instagram,kopitubruk1970,Yg diakses situs cortex aball2 😂😂😂
18103252720585206,2025-08-21T02:34:25+00:00,0,https://www.instagram.com/p/DM7H6ToJOLM/,https://www.instagram.com/p/DM7H6ToJOLM/?comment_id=18103252720585206,scraping_instagram,ayya_irham,@raraayayaaaa
18073146095026563,2025-08-20T21:51:09+00:00,0,https://www.instagram.com/p/DM7H6ToJOLM/,https://www.instagram.com/p/DM7H6ToJOLM/?comment_id=18073146095026563,scraping_instagram,murti_75,Guru tapi... ah sudahlah....
18109013974546644,2025-08-20T07:11:44+00:00,0,https://www.instagram.com/p/DM7H6ToJOLM/,https://www.instagram.com/p/DM7H6ToJOLM/?comment_id=18109013974546644,scraping_instagram,avianseptiawan,petugas pajak = PENIPU
18052900292187594,2025-08-19T23:09:38+00:00,1,https://www.instagram.com/p/DM7H6ToJOLM/,https://www.instagram.com/p/DM7H6ToJOLM/?comment_id=18052900292187594,scraping_instagram,rick_tii,Korban penipuan MELAPOR ke salah satu sumber biang masalah PUNGLI. 🗿🪦
18107666128547047,2025-08-14T14:18:26+00:00,0,https://www.instagram.com/p/DM7H6ToJOLM/,https://www.instagram.com/p/DM7H6ToJOLM/?comment_id=18107666128547047,scraping_instagram,aarrrriiiiieeeeee,👏👏👏👏👏🔥
17950306218006708,2025-08-14T14:06:50+00:00,1,https://www.instagram.com/p/DM7H6ToJOLM/,https://www.instagram.com/p/DM7H6ToJOLM/?comment_id=17950306218006708,scraping_instagram,bryan_marselino,Mana PANTEK eh salah maksudnya PPATK yang gak berguna itu ?😂
18279606961275758,2025-08-14T05:27:19+00:00,0,https://www.instagram.com/p/DM7H6ToJOLM/,https://www.instagram.com/p/DM7H6ToJOLM/?comment_id=18279606961275758,scraping_instagram,xxgprst,@annisanurrsftr nisss bener penipuan yg kmrn kamu buat status😮
18318605131215290,2025-08-14T00:58:53+00:00,0,https://www.instagram.com/p/DM7H6ToJOLM/,https://www.instagram.com/p/DM7H6ToJOLM/?comment_id=18318605131215290,scraping_instagram,icecream.lover03,"Hampir tiap hari dapat tlp dari nomor yg tidak dikenal, nomornya mirip2 lagi...terus sehari bisa lebih dari 3x. Ya ga diangkat 😂😂 emngnya saya beg*"
18053480078390440,2025-08-13T14:25:00+00:00,0,https://www.instagram.com/p/DM7H6ToJOLM/,https://www.instagram.com/p/DM7H6ToJOLM/?comment_id=18053480078390440,scraping_instagram,so.p.hi,ini coretax harusnya diusut tuntas. bau amisnya menyengat sekali.
18065595358976677,2025-08-13T10:11:02+00:00,0,https://www.instagram.com/p/DM7H6ToJOLM/,https://www.instagram.com/p/DM7H6ToJOLM/?comment_id=18065595358976677,scraping_instagram,welike2party.planner,"Sad banget dengernya 😔… ini reminder keras buat kita semua: jangan pernah asal klik atau install aplikasi cuma karena di-call ‘petugas’. In this digital era, scammer makin pintar, tapi kita juga harus lebih smart & critical. Protect your data, protect your money, protect your peace. 💪📱 Kalau ragu, better tanya langsung ke pihak resmi daripada menyesal belakangan. Stay safe, guys!"
18390582196191692,2025-08-12T17:52:35+00:00,1,https://www.instagram.com/p/DM7H6ToJOLM/,https://www.instagram.com/p/DM7H6ToJOLM/?comment_id=18390582196191692,scraping_instagram,adwipangga8084,"Pengakuan petugas pajak dan aplikasi cortax, itu hanya kamuflase...!!! yg sebenarnya itu adalah pihak bank dimana uangnya disimpan...!!!"
18023549639721455,2025-08-12T17:41:52+00:00,0,https://www.instagram.com/p/DM7H6ToJOLM/,https://www.instagram.com/p/DM7H6ToJOLM/?comment_id=18023549639721455,scraping_instagram,devkadevka19,Lugu amat
17890135815326562,2025-08-12T09:04:46+00:00,0,https://www.instagram.com/p/DM7H6ToJOLM/,https://www.instagram.com/p/DM7H6ToJOLM/?comment_id=17890135815326562,scraping_instagram,omboidarmawan,Gilakkkkkk negara isinya maling neh? 😮
17929814490086872,2025-08-12T08:26:39+00:00,0,https://www.instagram.com/p/DM7H6ToJOLM/,https://www.instagram.com/p/DM7H6ToJOLM/?comment_id=17929814490086872,scraping_instagram,wient_hwiwin,Coretax ga perlu d unduh
17908309134207209,2025-08-11T15:09:13+00:00,0,https://www.instagram.com/p/DM7H6ToJOLM/,https://www.instagram.com/p/DM7H6ToJOLM/?comment_id=17908309134207209,scraping_instagram,dinalm,nih nomor penipu juga 081298214270
17893717125274267,2025-08-11T14:18:23+00:00,0,https://www.instagram.com/p/DM7H6ToJOLM/,https://www.instagram.com/p/DM7H6ToJOLM/?comment_id=17893717125274267,scraping_instagram,haishofwa,"DANAku tiba-tiba mentransfer sendiri ke Maxtohub, padahal aku gak pernah langganan Maxtohub dan tau aplikasinya jg enggak😢. Sampe sekarang blm ada solusi😢"
17880591738364824,2025-08-11T09:46:09+00:00,0,https://www.instagram.com/p/DM7H6ToJOLM/,https://www.instagram.com/p/DM7H6ToJOLM/?comment_id=17880591738364824,scraping_instagram,shinetary_,+62 822-3402-0669 baru kejadian kemaren ini nomornya langsung gak bisa dihubungi
18083001628894905,2025-08-11T09:12:39+00:00,0,https://www.instagram.com/p/DM7H6ToJOLM/,https://www.instagram.com/p/DM7H6ToJOLM/?comment_id=18083001628894905,scraping_instagram,amaldzuhri,Sudah tau begini kenapa tidak diblokir lerja cepat .. pemerintah
18093252517642851,2025-08-11T08:05:20+00:00,0,https://www.instagram.com/p/DM7H6ToJOLM/,https://www.instagram.com/p/DM7H6ToJOLM/?comment_id=18093252517642851,scraping_instagram,berkah_dalem888,Kalau emang bener. Giliran gini. Bisa jawab gak pemt
17853026727510221,2025-08-11T04:31:57+00:00,0,https://www.instagram.com/p/DM7H6ToJOLM/,https://www.instagram.com/p/DM7H6ToJOLM/?comment_id=17853026727510221,scraping_instagram,eka_mamichila,😢
18065130100982986,2025-08-11T03:49:43+00:00,0,https://www.instagram.com/p/DM7H6ToJOLM/,https://www.instagram.com/p/DM7H6ToJOLM/?comment_id=18065130100982986,scraping_instagram,abdrhmnhanif,Beginian aja diem lo @ppatk_indonesia
18093295033646614,2025-08-11T02:52:55+00:00,0,https://www.instagram.com/p/DM7H6ToJOLM/,https://www.instagram.com/p/DM7H6ToJOLM/?comment_id=18093295033646614,scraping_instagram,cutintanmaulida13,Tim angkat telpon klo di WA dluuu 🙌🙌
18405076789113976,2025-08-11T01:49:46+00:00,0,https://www.instagram.com/p/DM7H6ToJOLM/,https://www.instagram.com/p/DM7H6ToJOLM/?comment_id=18405076789113976,scraping_instagram,ramadhandevin,Hadehh coretax asli apa palsu itu😂 kok bisa2nya mau disuruh download link scam
18051159929203102,2025-08-11T01:09:26+00:00,0,https://www.instagram.com/p/DM7H6ToJOLM/,https://www.instagram.com/p/DM7H6ToJOLM/?comment_id=18051159929203102,scraping_instagram,yuliant5i,"Harusnya kerja lacak beginian. Bukannya bekuin rekening2 rakyat. Lu gatau lansia2 yg dapet bantuan 3 bulan sekali cuma dapet pemasukan aja tanpa ada transaksi2 apapun @ppatk_indonesia bahkan kemarin viral ada yg mau operasi, mau ambil uang 20jt ga bisa karna udah lu bekuin akhirnya doi nya meninggal. Kan goblok blok. Mending bekuin rekening2 DPR2 ga guna. Gaji udah gedhe jg. Gaji DPR samain sama Gaji guru kalo bisa, kalo lebih bisa dibalik aja. Gaji DPR buat guru. Gaji guru skrg buat DPR seterusnya. @prabowo @gibran_rakabuming"
18043432913335411,2025-08-11T00:09:23+00:00,0,https://www.instagram.com/p/DM7H6ToJOLM/,https://www.instagram.com/p/DM7H6ToJOLM/?comment_id=18043432913335411,scraping_instagram,yunadwiarlanny,Nah harusnya yg dengan mudahnya diblokir tuh rekening penipu
18066983762173295,2025-08-10T17:52:55+00:00,0,https://www.instagram.com/p/DM7H6ToJOLM/,https://www.instagram.com/p/DM7H6ToJOLM/?comment_id=18066983762173295,scraping_instagram,adiputra_ryou,"Oh, ini kasus Coretax palsu di PlayStore, resiko emg."
18080947888731021,2025-08-10T16:46:24+00:00,0,https://www.instagram.com/p/DM7H6ToJOLM/,https://www.instagram.com/p/DM7H6ToJOLM/?comment_id=18080947888731021,scraping_instagram,egpdita,😮😮😮😮
18076267577296376,2025-08-10T15:29:09+00:00,6,https://www.instagram.com/p/DM7H6ToJOLM/,https://www.instagram.com/p/DM7H6ToJOLM/?comment_id=18076267577296376,scraping_instagram,weilyzhan,"Cortax mana ad app? Hanya ad web, kurangnya pemahaman akhrnya tidak paham dan ditipu"
18047178644294728,2025-08-10T14:13:17+00:00,0,https://www.instagram.com/p/DM7H6ToJOLM/,https://www.instagram.com/p/DM7H6ToJOLM/?comment_id=18047178644294728,scraping_instagram,marwa_safa28,Kortek
18075302123296262,2025-08-10T13:47:18+00:00,0,https://www.instagram.com/p/DM7H6ToJOLM/,https://www.instagram.com/p/DM7H6ToJOLM/?comment_id=18075302123296262,scraping_instagram,dwiyunsitepu,Aku dapat email dari DJP katanya segera alihkan NPWP ini dan dia tulis no NPWP ku ke coretax katanya. Trus aku tanya team tax kantor aku yg dikantor pusat apakah kalian smua dapat email yg sama aku gituin. Katanya gada. Org kantor jg gada yg dpt. Jd aku abaikan deh emailnya.
18063644801246199,2025-08-10T13:24:30+00:00,0,https://www.instagram.com/p/DM7H6ToJOLM/,https://www.instagram.com/p/DM7H6ToJOLM/?comment_id=18063644801246199,scraping_instagram,sa.nti390,"Aq yang 0 saldo liat berita kaya gini gaada resah"" nya😭"
18072887528087474,2025-08-10T08:30:21+00:00,1,https://www.instagram.com/p/DM7H6ToJOLM/,https://www.instagram.com/p/DM7H6ToJOLM/?comment_id=18072887528087474,scraping_instagram,ddwslvr,Coretax ada aplikasinya? Aku biasa lewat web aja
18085821814631093,2025-08-10T08:20:49+00:00,0,https://www.instagram.com/p/DM7H6ToJOLM/,https://www.instagram.com/p/DM7H6ToJOLM/?comment_id=18085821814631093,scraping_instagram,firstymaharani,Core sekali
18050370089536815,2025-08-10T05:58:34+00:00,0,https://www.instagram.com/p/DM7H6ToJOLM/,https://www.instagram.com/p/DM7H6ToJOLM/?comment_id=18050370089536815,scraping_instagram,airennikka97,"Tips klo di telpon sama no yg gak di knal + ngaku2 dri instansi.. jngan bnyak bicara.. biarkan dia yg bicara.. cukup jwab ""hmm"" "" ""trus"" ""hoo"" ntar lama2 dia bingung sendiri... jngan meng iyakan atau menjabarkan identitas kita"
18059289995364981,2025-08-10T05:08:05+00:00,0,https://www.instagram.com/p/DM7H6ToJOLM/,https://www.instagram.com/p/DM7H6ToJOLM/?comment_id=18059289995364981,scraping_instagram,caishenyecaishenye,"Wkwkwkwkwkwkk Data kita sudah mulai di obrak abrik , taruh uang di bank ataupun dompet digital sudah tidak efisien , pemerintah gampang menonaktifkan dan meng aktifasi rekening kita secara sepihak , sudah makin parah negara ini"
18064447645994536,2025-08-10T04:42:01+00:00,0,https://www.instagram.com/p/DM7H6ToJOLM/,https://www.instagram.com/p/DM7H6ToJOLM/?comment_id=18064447645994536,scraping_instagram,liza_ajjaaa,Gak aman jadi WNI
18045861407304487,2025-08-10T04:18:15+00:00,9,https://www.instagram.com/p/DM7H6ToJOLM/,https://www.instagram.com/p/DM7H6ToJOLM/?comment_id=18045861407304487,scraping_instagram,tirzathea,"Titip pesen jgn gampang unduh aplikasi, apalagi yg meminta data pribadi seperti otp cvv pin. Skip aja klo ada yg minta kyk org ga dikenal minta kunci rumah, mau apalagi kalo bukan maling🤫."
17905977942218646,2025-08-10T02:08:00+00:00,0,https://www.instagram.com/p/DM7H6ToJOLM/,https://www.instagram.com/p/DM7H6ToJOLM/?comment_id=17905977942218646,scraping_instagram,dewianggraeniputriii,@danursyah22
17988949745692073,2025-08-10T01:23:52+00:00,0,https://www.instagram.com/p/DM7H6ToJOLM/,https://www.instagram.com/p/DM7H6ToJOLM/?comment_id=17988949745692073,scraping_instagram,hunilooka_,Nah yang kek gini bisa gak ketangkep...
17874805443296141,2025-08-10T00:57:21+00:00,0,https://www.instagram.com/p/DM7H6ToJOLM/,https://www.instagram.com/p/DM7H6ToJOLM/?comment_id=17874805443296141,scraping_instagram,sophielabata,Hati @bdlyman_ @itsamoiizy @rendy.tri27
18051739265531994,2025-08-09T22:24:42+00:00,0,https://www.instagram.com/p/DM7H6ToJOLM/,https://www.instagram.com/p/DM7H6ToJOLM/?comment_id=18051739265531994,scraping_instagram,im___dela,Ah emang kerja sama kali 😂
18061978616251307,2025-08-09T22:09:16+00:00,0,https://www.instagram.com/p/DM7H6ToJOLM/,https://www.instagram.com/p/DM7H6ToJOLM/?comment_id=18061978616251307,scraping_instagram,elizaind.8,persis kasus ayah mertuamu ga se? @hai.octa
17978823329896133,2025-08-09T15:38:45+00:00,1,https://www.instagram.com/p/DM7H6ToJOLM/,https://www.instagram.com/p/DM7H6ToJOLM/?comment_id=17978823329896133,scraping_instagram,frsdn_,Harusnya kalian urusin begini ya @ppatk_indonesia
18075586441986592,2025-08-09T15:03:32+00:00,0,https://www.instagram.com/p/DM7H6ToJOLM/,https://www.instagram.com/p/DM7H6ToJOLM/?comment_id=18075586441986592,scraping_instagram,sugih1592,😢😢
17872994460309715,2025-08-09T14:47:35+00:00,0,https://www.instagram.com/p/DM7H6ToJOLM/,https://www.instagram.com/p/DM7H6ToJOLM/?comment_id=17872994460309715,scraping_instagram,shasadiarani,Biasanya dari web or situs2 yg gak aman
18398194612138619,2025-08-09T13:43:04+00:00,0,https://www.instagram.com/p/DM7H6ToJOLM/,https://www.instagram.com/p/DM7H6ToJOLM/?comment_id=18398194612138619,scraping_instagram,prista_desfia,😢😢😢
18105604966494406,2025-08-09T13:08:43+00:00,0,https://www.instagram.com/p/DM7H6ToJOLM/,https://www.instagram.com/p/DM7H6ToJOLM/?comment_id=18105604966494406,scraping_instagram,fidanr._,"hpku ku setting auto blokir panggilan masuk, kalo butuh wa aja text dulu, tlpn wa pun ga asal angkat"
18148439323392035,2025-08-09T11:53:04+00:00,5,https://www.instagram.com/p/DM7H6ToJOLM/,https://www.instagram.com/p/DM7H6ToJOLM/?comment_id=18148439323392035,scraping_instagram,annur_agt2k16,Aku aja yg ilang 900k di shopeepay aja Uda panikk abiss ga ada solusi dr pihak shopee 😭
18076790218783696,2025-08-09T10:23:56+00:00,10,https://www.instagram.com/p/DM7H6ToJOLM/,https://www.instagram.com/p/DM7H6ToJOLM/?comment_id=18076790218783696,scraping_instagram,nana__sabina,untuk yg ngambil uang...ambil lah uang pejabat korup..knp yg receh2 di paling
18349427509094963,2025-08-09T10:02:23+00:00,0,https://www.instagram.com/p/DM7H6ToJOLM/,https://www.instagram.com/p/DM7H6ToJOLM/?comment_id=18349427509094963,scraping_instagram,ayuvindaa,@diianafaa
17942943393029286,2025-08-09T09:30:56+00:00,0,https://www.instagram.com/p/DM7H6ToJOLM/,https://www.instagram.com/p/DM7H6ToJOLM/?comment_id=17942943393029286,scraping_instagram,mantan_insinyur,"Itulah salah satu kenapa rekening harus diblokir, yaitu untuk melindungi nasabah dari kejahatan bank"
17917401348149027,2025-08-09T08:50:43+00:00,0,https://www.instagram.com/p/DM7H6ToJOLM/,https://www.instagram.com/p/DM7H6ToJOLM/?comment_id=17917401348149027,scraping_instagram,nimangduwi,Selalu berhati2 dg telepon yg urusannya dg uang dan data rahasia diri itu wajib.. dg siapapun pihak
17893118859162534,2025-08-09T08:49:49+00:00,1,https://www.instagram.com/p/DM7H6ToJOLM/,https://www.instagram.com/p/DM7H6ToJOLM/?comment_id=17893118859162534,scraping_instagram,gennosukenokoga,Ibu saya dikuras rekeningnya 400jt sama si penipu berkedok coretax ini 😂 sudah tentu ludes tidak bisa dilacak 😂 disebar kemana2 uangnya. Kebanyakan ke Seabank
18085900381838432,2025-08-09T06:53:55+00:00,0,https://www.instagram.com/p/DM7H6ToJOLM/,https://www.instagram.com/p/DM7H6ToJOLM/?comment_id=18085900381838432,scraping_instagram,sulican37,@ppatk_indonesia 🔥
18088016908826729,2025-08-09T05:29:50+00:00,0,https://www.instagram.com/p/DM7H6ToJOLM/,https://www.instagram.com/p/DM7H6ToJOLM/?comment_id=18088016908826729,scraping_instagram,tiohoku_04,Aku pernah angkat tlpn trus tiba-tiba aja di hapeku ter-install aplikasi aneh
18357221521156889,2025-08-09T05:12:09+00:00,0,https://www.instagram.com/p/DM7H6ToJOLM/,https://www.instagram.com/p/DM7H6ToJOLM/?comment_id=18357221521156889,scraping_instagram,chek_1234,"Maling yg Keren, dan sopan.. lanjutkan"
18054943580140308,2025-08-09T05:00:19+00:00,0,https://www.instagram.com/p/DM7H6ToJOLM/,https://www.instagram.com/p/DM7H6ToJOLM/?comment_id=18054943580140308,scraping_instagram,mario_ahmad41,nomer kalau asing wjib sms dulu kalau langsung tlvn gak usah di angkat
18066992948331277,2025-08-09T04:13:10+00:00,0,https://www.instagram.com/p/DM7H6ToJOLM/,https://www.instagram.com/p/DM7H6ToJOLM/?comment_id=18066992948331277,scraping_instagram,marihot050685,😮😮
17898336336256658,2025-08-09T03:50:31+00:00,0,https://www.instagram.com/p/DM7H6ToJOLM/,https://www.instagram.com/p/DM7H6ToJOLM/?comment_id=17898336336256658,scraping_instagram,boyrialdino,"Gue juga korban, trus hp gue instal ulang pabrik tetep hp gue masih ke hack dan semua akun di aplikasi gue kesebar jadi tuh hp abis kena scam ini gue saranin di jual atau jangan dipakai lagi"
18037512443418141,2025-08-08T18:59:02+00:00,3,https://www.instagram.com/p/DM7H6ToJOLM/,https://www.instagram.com/p/DM7H6ToJOLM/?comment_id=18037512443418141,scraping_instagram,lululemommy,Pertanyaannya itu guru dapet dari mana uang 69 jt ? Pasti pencucian uang kepala sekolah dana BOS
18088111411700114,2025-08-08T18:52:27+00:00,0,https://www.instagram.com/p/DM7H6ToJOLM/,https://www.instagram.com/p/DM7H6ToJOLM/?comment_id=18088111411700114,scraping_instagram,alianohanjaya,7
18284122603259771,2025-08-08T16:10:59+00:00,0,https://www.instagram.com/p/DM7H6ToJOLM/,https://www.instagram.com/p/DM7H6ToJOLM/?comment_id=18284122603259771,scraping_instagram,nurkhalifahistii,Ya allah😢😢😢
17976845393899606,2025-08-08T11:22:43+00:00,0,https://www.instagram.com/p/DM7H6ToJOLM/,https://www.instagram.com/p/DM7H6ToJOLM/?comment_id=17976845393899606,scraping_instagram,larasylnt,"Tim yg gk angkat tlp, chat aja kalo perlu😂"
17881872123241172,2025-08-07T15:31:40+00:00,0,https://www.instagram.com/p/DM7H6ToJOLM/,https://www.instagram.com/p/DM7H6ToJOLM/?comment_id=17881872123241172,scraping_instagram,prasetyodwib3900x,"Kayak gini di eranya bpk @prabowo dan mas @gibran_rakabuming , hallo Bu @smindrawati , sistem pajak anda rumit dan sulit, bntr"" bermasalah,"
18035961980431957,2025-08-07T13:16:23+00:00,172,https://www.instagram.com/p/DM7H6ToJOLM/,https://www.instagram.com/p/DM7H6ToJOLM/?comment_id=18035961980431957,scraping_instagram,lilihsulistyaa,"tipikal telfon penipuan adalah ngeburu2 harus sekarang, harus hari ini, paling lambat hari ini dll, soalnya kalo kelamaan keburu kita sadar, jadi gak dikasih waktu buat mikir"
18034347908466420,2025-08-07T13:07:37+00:00,1,https://www.instagram.com/p/DM7H6ToJOLM/,https://www.instagram.com/p/DM7H6ToJOLM/?comment_id=18034347908466420,scraping_instagram,hikmahnlrs,Semoga yg kehilangan dikasih kesabaran dan dilipat gandain rejekinya smpai tujuh turunan🙌
18281444716275003,2025-08-07T12:16:51+00:00,417,https://www.instagram.com/p/DM7H6ToJOLM/,https://www.instagram.com/p/DM7H6ToJOLM/?comment_id=18281444716275003,scraping_instagram,yuliyuli6765,tim yang gk pernah angkat telfon dari nomor baru.. 🙋‍♀️
18073436849092432,2025-08-07T12:09:41+00:00,0,https://www.instagram.com/p/DM7H6ToJOLM/,https://www.instagram.com/p/DM7H6ToJOLM/?comment_id=18073436849092432,scraping_instagram,accessinditziolicious,"Sejatinya klo ada pihak atau oknum yg mengatasnamakan dari Orang Pajak/DJP/ Core Tax menghubungi lewat telpon, itu sudah dipastikan FAKE/SCAMMING/Crimes… biasanya petugas pajak mengirimkan notice atau informasi seputar pajak lewat SUREL akun resmi DIREKTORAT JENDERAL PAJAK… lalu ada NAMA WAJIP PAJAK dan NIK yg sudah diakui sbg NPWP per 1 Maret 2025"
18059441465063472,2025-08-07T04:34:25+00:00,0,https://www.instagram.com/p/DM7H6ToJOLM/,https://www.instagram.com/p/DM7H6ToJOLM/?comment_id=18059441465063472,scraping_instagram,niniknurarifah1234,Panggilan tilp meski klo no tdk di knl jgn di angkat meski dr pajak ... Tu penipu .! Waspadakrn tmn sy da jg yg bgtu ... Dlm beberapa detik amblas duit di rek .
17866973418428331,2025-08-07T01:17:07+00:00,0,https://www.instagram.com/p/DM7H6ToJOLM/,https://www.instagram.com/p/DM7H6ToJOLM/?comment_id=17866973418428331,scraping_instagram,gally_agam,Gua masih heran.. orang2 yg punya duit kok mudah amat d tipu orang y..
18118964521491166,2025-08-07T00:17:22+00:00,0,https://www.instagram.com/p/DM7H6ToJOLM/,https://www.instagram.com/p/DM7H6ToJOLM/?comment_id=18118964521491166,scraping_instagram,andrew_ivan,"anjir, ini kasus persis banget kayak gw. bahkan mereka sampai tahu gw lagi ada urusan pajak yang sifatnya confidential. alhamdulillah waktu itu gw ngeh karena aplikasinya nggak dari playstore, katanya masih uji coba. dari situ gw udah mulai curiga dan minta waktu sebentar, padahal mereka maksa banget, katanya paling telat harus hari ini (waktu itu ditelepon siang). gw langsung telpon sana sini ke konsultan pajak, balik lagi ke chat-nya, eh semua pesannya udah dihapus wkwk."
18073458305080737,2025-08-06T23:25:09+00:00,0,https://www.instagram.com/p/DM7H6ToJOLM/,https://www.instagram.com/p/DM7H6ToJOLM/?comment_id=18073458305080737,scraping_instagram,ninditamaharanii_,"@anisaroondeng @raniifadla_ konoha aplikasi pajak buat bobol duit, data😢😢"
18520847266020747,2025-08-06T15:10:06+00:00,0,https://www.instagram.com/p/DM7H6ToJOLM/,https://www.instagram.com/p/DM7H6ToJOLM/?comment_id=18520847266020747,scraping_instagram,nl_012026,Banyaka banget penipuan model begini.... Hati2...
18280487137282021,2025-08-06T13:37:24+00:00,1,https://www.instagram.com/p/DM7H6ToJOLM/,https://www.instagram.com/p/DM7H6ToJOLM/?comment_id=18280487137282021,scraping_instagram,gendon.harianto,"Aq pernah ngantar kejadian serupa tapi bukan coretax,  lapor ke polsek diminta lapor ke Bank dari  bank di balikan lagi katanya polisi yg punya akses melacak nomor+ rekening balik lagi ke polsek terus di minta ke Polda setelah itu selesai sudah kasus,  selesai dgn kata iklaskan 37jt  Iklas ga ada solusi👏👏👏"
18080569090919041,2025-08-06T12:47:29+00:00,0,https://www.instagram.com/p/DM7H6ToJOLM/,https://www.instagram.com/p/DM7H6ToJOLM/?comment_id=18080569090919041,scraping_instagram,ihsanjourdhan,Si luhut kemren ngotot2 aplikasi terbagus 😂
18394617793191959,2025-08-06T12:33:29+00:00,0,https://www.instagram.com/p/DM7H6ToJOLM/,https://www.instagram.com/p/DM7H6ToJOLM/?comment_id=18394617793191959,scraping_instagram,agus_sugianto17,Njir
18031453268495280,2025-08-06T12:21:15+00:00,0,https://www.instagram.com/p/DM7H6ToJOLM/,https://www.instagram.com/p/DM7H6ToJOLM/?comment_id=18031453268495280,scraping_instagram,rrsriutami,"Saya ga angkat kalau telfon cuma nomer tanpa nama,toh kalau emg penting pasti wa plus bilang dari siapa .."
17939984508025047,2025-08-06T12:14:51+00:00,0,https://www.instagram.com/p/DM7H6ToJOLM/,https://www.instagram.com/p/DM7H6ToJOLM/?comment_id=17939984508025047,scraping_instagram,ahmad_baihaqy_03,Cortax Ternyata Ilegal
17977355273880276,2025-08-06T11:40:13+00:00,0,https://www.instagram.com/p/DM7H6ToJOLM/,https://www.instagram.com/p/DM7H6ToJOLM/?comment_id=17977355273880276,scraping_instagram,apaajaakuudahhampahahahaha,Untung blokir nomor tidak dikenal secara otomatis
18121544617486232,2025-08-06T11:38:40+00:00,0,https://www.instagram.com/p/DM7H6ToJOLM/,https://www.instagram.com/p/DM7H6ToJOLM/?comment_id=18121544617486232,scraping_instagram,whinaaash,"Kemaren suami jg gitu tp ga bisa kelacak .. Karena infonya atas kesadaran diri transfer,  pdhl harusnya tau ya pihak bank itu transferan kemana,, tapii ya gitu ga bisa , assudahlah ..."
17989427693692556,2025-08-06T10:56:57+00:00,0,https://www.instagram.com/p/DM7H6ToJOLM/,https://www.instagram.com/p/DM7H6ToJOLM/?comment_id=17989427693692556,scraping_instagram,murtiariwardhani,Makanya jgn biasakan mengangkat tlp tanpa adanya identitas jelas
17871701493409003,2025-08-06T10:52:44+00:00,0,https://www.instagram.com/p/DM7H6ToJOLM/,https://www.instagram.com/p/DM7H6ToJOLM/?comment_id=17871701493409003,scraping_instagram,noppirahmawati,Udah paling bener buat jajan aja ngga punya tabungan😂🫣
18364548844144979,2025-08-06T09:59:34+00:00,0,https://www.instagram.com/p/DM7H6ToJOLM/,https://www.instagram.com/p/DM7H6ToJOLM/?comment_id=18364548844144979,scraping_instagram,oktansyahsyarif,Nasib Rakyat Kecil Kalau Jadi Korban Perampasan bgini Hukum  pasti sulit dtegakkan  diAkhir zaman bgini.🔥🔥🔥🔥🔥
18100641331587915,2025-08-06T09:10:26+00:00,2,https://www.instagram.com/p/DM7H6ToJOLM/,https://www.instagram.com/p/DM7H6ToJOLM/?comment_id=18100641331587915,scraping_instagram,me_jess999,"Awal tahun saya dapat tlp lewat panggilan nomor, ngaku dari kantor pajak, lalu doi bilang ada WA tidak, klo ada pindah ke WA saja, setelah pindah ke WA  ngomong halo kemudian minta buka Video /VC lalu tak tolak, lalu doi bilang klo mau kasih unjuk layar computernta cara2 mendownload aplikasi mpajak, saya kekeh tidak mau vc 😂 lalu dia bilang mau kasih tau caranya lewat WA saja, setelah tlp putus tak blokir"
17981096915853992,2025-08-06T07:17:22+00:00,1,https://www.instagram.com/p/DM7H6ToJOLM/,https://www.instagram.com/p/DM7H6ToJOLM/?comment_id=17981096915853992,scraping_instagram,idanus,Hati2 ini modus sudah berjalan lama dan seolah2 merajalela. Biasanya akan minta transfer biaya meterai ke rek pribadi.
18302083579217833,2025-08-06T06:52:21+00:00,1,https://www.instagram.com/p/DM7H6ToJOLM/,https://www.instagram.com/p/DM7H6ToJOLM/?comment_id=18302083579217833,scraping_instagram,jarniahniah,"Aq kemaren ada juga yg tlp,blngx dari Dukcapil,tp tlpx senja hari,aq pikir kantor kan batasx kerja jam 4 sore,jd aq matikan aja.sekalix itu penipuan ."
18170547688356277,2025-08-06T06:43:20+00:00,0,https://www.instagram.com/p/DM7H6ToJOLM/,https://www.instagram.com/p/DM7H6ToJOLM/?comment_id=18170547688356277,scraping_instagram,catharinawidyasrini,"Tips ini penting:
Jangan pernah terima telpon dari no name/anonim"
18366569941198783,2025-08-06T05:48:02+00:00,1,https://www.instagram.com/p/DM7H6ToJOLM/,https://www.instagram.com/p/DM7H6ToJOLM/?comment_id=18366569941198783,scraping_instagram,fandi.rest,inilah pentingnya punya anak/cucu yng paham teknologi jdi minta tolong aja tanyain gimana2 pasti mereka paham buat meninimalisir scammer ginian
18002106425798819,2025-08-06T05:38:54+00:00,0,https://www.instagram.com/p/DM7H6ToJOLM/,https://www.instagram.com/p/DM7H6ToJOLM/?comment_id=18002106425798819,scraping_instagram,fahrulyani7,"Bukan coretax yg salah, knp ada panggilan di jawab, gk mungkin uang hilang begitu saja emang di bawah tuyul 😂"
18068166437135059,2025-08-06T04:47:06+00:00,924,https://www.instagram.com/p/DM7H6ToJOLM/,https://www.instagram.com/p/DM7H6ToJOLM/?comment_id=18068166437135059,scraping_instagram,natto.1973,Seharusnya PPATK berfungsi dengan baik 😍
18077478283757849,2025-08-06T03:41:29+00:00,0,https://www.instagram.com/p/DM7H6ToJOLM/,https://www.instagram.com/p/DM7H6ToJOLM/?comment_id=18077478283757849,scraping_instagram,muminsmartsmart,Coba klu d sumbangan ke panti asuhan atau bgi2 rezeki m anak yatim sedikitnya insyallah duit bertambah rezeki pun berkah mana ikut2 aplikasi yg g jls gitu akhir k tipu
17946301602008888,2025-08-06T01:50:58+00:00,1,https://www.instagram.com/p/DM7H6ToJOLM/,https://www.instagram.com/p/DM7H6ToJOLM/?comment_id=17946301602008888,scraping_instagram,fadilzeinok,Kok bisa aplikasi begini ada di playstore?
18085066282828611,2025-08-06T00:31:54+00:00,0,https://www.instagram.com/p/DM7H6ToJOLM/,https://www.instagram.com/p/DM7H6ToJOLM/?comment_id=18085066282828611,scraping_instagram,etika_er,😢😢
18053719205155283,2025-08-06T00:04:40+00:00,0,https://www.instagram.com/p/DM7H6ToJOLM/,https://www.instagram.com/p/DM7H6ToJOLM/?comment_id=18053719205155283,scraping_instagram,akusopo93_,Gak jadi lah buat coretax kalau gitu
18054280238152028,2025-08-05T22:37:38+00:00,1,https://www.instagram.com/p/DM7H6ToJOLM/,https://www.instagram.com/p/DM7H6ToJOLM/?comment_id=18054280238152028,scraping_instagram,rama.pijar,Prisip :  klo telpon yg ngk kenal jangan diangkat
18013301369591444,2025-08-05T19:17:56+00:00,0,https://www.instagram.com/p/DM7H6ToJOLM/,https://www.instagram.com/p/DM7H6ToJOLM/?comment_id=18013301369591444,scraping_instagram,rinkasa_,sudah banyaak yg kenaaa tetapi belom ad yang ditangkaap
17954802011991754,2025-08-05T13:22:00+00:00,1,https://www.instagram.com/p/DM7H6ToJOLM/,https://www.instagram.com/p/DM7H6ToJOLM/?comment_id=17954802011991754,scraping_instagram,pagar1bintang,"Pelajaran klo ad telpon or WA yg ngaku2 dr instansi,kantor pajak lah,dukcapil lah,bank,kantor polisi,shopee dll pake no.hp biasa jgn direspon...pasti Penipuan!!"
18332979430200444,2025-08-05T13:11:51+00:00,15,https://www.instagram.com/p/DM7H6ToJOLM/,https://www.instagram.com/p/DM7H6ToJOLM/?comment_id=18332979430200444,scraping_instagram,indrakenam,Sekelas peduli lindungi aja bisa jadi judi slot 😂
17959003472823402,2025-08-05T12:31:34+00:00,1,https://www.instagram.com/p/DM7H6ToJOLM/,https://www.instagram.com/p/DM7H6ToJOLM/?comment_id=17959003472823402,scraping_instagram,abern_evnxx,Kok bisa guru kena tipu
17842655223544636,2025-08-05T12:12:07+00:00,0,https://www.instagram.com/p/DM7H6ToJOLM/,https://www.instagram.com/p/DM7H6ToJOLM/?comment_id=17842655223544636,scraping_instagram,dodi.hari.mulyono,Anjir gue juga baru update ini via email lgi 😢
18067071089515366,2025-08-05T12:00:52+00:00,1,https://www.instagram.com/p/DM7H6ToJOLM/,https://www.instagram.com/p/DM7H6ToJOLM/?comment_id=18067071089515366,scraping_instagram,fachrulrozisen,Aplikasi yang lebih mahal dari chatgpt wkwk
18075050275823520,2025-08-05T11:31:23+00:00,1,https://www.instagram.com/p/DM7H6ToJOLM/,https://www.instagram.com/p/DM7H6ToJOLM/?comment_id=18075050275823520,scraping_instagram,inirofikkk,"gw juga pernah hilang tanpa jejak,mana uang hasil susah payah"
17951466767859428,2025-08-05T11:05:29+00:00,1,https://www.instagram.com/p/DM7H6ToJOLM/,https://www.instagram.com/p/DM7H6ToJOLM/?comment_id=17951466767859428,scraping_instagram,bags.twnty2,Serius nanya polisi bisa ngk sih ngurus penipuan lewat hp begini soalnya kasus udah bnyakl bngttt
17850774774478660,2025-08-05T10:35:58+00:00,18,https://www.instagram.com/p/DM7H6ToJOLM/,https://www.instagram.com/p/DM7H6ToJOLM/?comment_id=17850774774478660,scraping_instagram,agussadeli,Gw juga pernah. Yang gw bingung. Dia bisa tau data2 gw. Modusnya dia minta kita untuk daftarin perusahaan kita di coretax. Dan di suruh install aplikasi pajak yang nantinya dia kasih lewat wa. Untungnya waktu itu gw sadar. 😂
18036674678422820,2025-08-05T05:10:43+00:00,9,https://www.instagram.com/p/DM7H6ToJOLM/,https://www.instagram.com/p/DM7H6ToJOLM/?comment_id=18036674678422820,scraping_instagram,n12slm,Kemaren baru dapet email dari DJP isinya himbauan buat unduh cortax App. entah itu email resmi atau spam. Daripada kenapa2 akhirnya tak skip
18067746094902455,2025-08-05T05:01:49+00:00,5,https://www.instagram.com/p/DM7H6ToJOLM/,https://www.instagram.com/p/DM7H6ToJOLM/?comment_id=18067746094902455,scraping_instagram,yk_kmara,Ini sialnya tadi siapa min saya lupa🙌
18067940359921239,2025-08-04T23:09:01+00:00,1,https://www.instagram.com/p/DM7H6ToJOLM/,https://www.instagram.com/p/DM7H6ToJOLM/?comment_id=18067940359921239,scraping_instagram,rizqonymous,Sudah bagus pke DJP gak ad leletnya
18523843609027123,2025-08-04T17:38:18+00:00,1,https://www.instagram.com/p/DM7H6ToJOLM/,https://www.instagram.com/p/DM7H6ToJOLM/?comment_id=18523843609027123,scraping_instagram,netizen_stress,App 1 T😂
17852887284507701,2025-08-04T16:30:40+00:00,0,https://www.instagram.com/p/DM7H6ToJOLM/,https://www.instagram.com/p/DM7H6ToJOLM/?comment_id=17852887284507701,scraping_instagram,ekacitta_,@hestiefrianisiregar
18082132393884529,2025-08-04T08:01:29+00:00,81,https://www.instagram.com/p/DM7H6ToJOLM/,https://www.instagram.com/p/DM7H6ToJOLM/?comment_id=18082132393884529,scraping_instagram,arvanirv2107,"Saya mah hpnya di setting blokir otomatis kalau nomernya baru belum kita save,telpon biasa atau wa saya setting begitu... Klw misalakn penting atau itu sodara kita pasti ntar juga Chat.."
18049048019620224,2025-08-04T07:50:54+00:00,1156,https://www.instagram.com/p/DM7H6ToJOLM/,https://www.instagram.com/p/DM7H6ToJOLM/?comment_id=18049048019620224,scraping_instagram,dilterameradil,Harus nya lacak nya mudah gak sih.. Kmn hilang nya.. Rek nya ngirim kemana.. Ketauan kan nama alamat bank apa.. Bukan kah yg kemarin blokir blokir rek orang  lempeng bener.. Dr situ kan bisa diliat
17942839245013517,2025-08-04T07:23:43+00:00,26,https://www.instagram.com/p/DM7H6ToJOLM/,https://www.instagram.com/p/DM7H6ToJOLM/?comment_id=17942839245013517,scraping_instagram,richardc2905,Awalnya pasti dapet telp dari oknum yg ngaku2 dari KPP pusat jakarta ya...
18038276084398518,2025-08-04T07:22:51+00:00,300,https://www.instagram.com/p/DM7H6ToJOLM/,https://www.instagram.com/p/DM7H6ToJOLM/?comment_id=18038276084398518,scraping_instagram,arifze66,"Gw kalo ada panggilan telepon gw angkat bentar siapa tau kenal, kalo langsung disautin ""halo selamat siang, dengan bapak Arif"" langsung gw tutup wkwk, meminimalisir resiko."
17945984223010027,2025-08-04T07:11:13+00:00,3,https://www.instagram.com/p/DM7H6ToJOLM/,https://www.instagram.com/p/DM7H6ToJOLM/?comment_id=17945984223010027,scraping_instagram,nanang_automotive,"Hampir kena saya ,,, ujung2 nya disuru instal apk dari wa oknum, lalu isi usrname pass yg aneh tampilan nya"
18058660475370961,2025-08-04T07:09:29+00:00,62,https://www.instagram.com/p/DM7H6ToJOLM/,https://www.instagram.com/p/DM7H6ToJOLM/?comment_id=18058660475370961,scraping_instagram,igoy1610,Emng prh skrg klo ga d tipu org ya d tipu pejabat negara 😂😂😂
18524690578002447,2025-08-04T06:58:01+00:00,93,https://www.instagram.com/p/DM7H6ToJOLM/,https://www.instagram.com/p/DM7H6ToJOLM/?comment_id=18524690578002447,scraping_instagram,teguh2208,Kena penipuan 100%itu
18084657065410175,2026-05-06T16:17:25+00:00,46,https://www.instagram.com/p/DX6bTT-kT18,https://www.instagram.com/p/DX6bTT-kT18?comment_id=18084657065410175,scraping_instagram,linuxhackingid_official,"""Sudah biasa"""
18336699037216490,2026-05-07T07:33:40+00:00,1,https://www.instagram.com/p/DX6bTT-kT18,https://www.instagram.com/p/DX6bTT-kT18?comment_id=18336699037216490,scraping_instagram,ik.yong,Namanya juga produk indonesia 😂
18329948485149033,2026-05-05T11:44:19+00:00,16,https://www.instagram.com/p/DX6bTT-kT18,https://www.instagram.com/p/DX6bTT-kT18?comment_id=18329948485149033,scraping_instagram,rheza_w,"Coba gue tebak, backend pakai node js tiba-tiba load server 100% sampai harus di restart berkali-kali 😂"
18102492764062740,2026-05-04T11:33:34+00:00,0,https://www.instagram.com/p/DX6bTT-kT18,https://www.instagram.com/p/DX6bTT-kT18?comment_id=18102492764062740,scraping_instagram,mekaraflorent,Cek linkin bang amri udah dikulitin🔥
18029946719632729,2026-05-06T00:58:02+00:00,24,https://www.instagram.com/p/DX6bTT-kT18,https://www.instagram.com/p/DX6bTT-kT18?comment_id=18029946719632729,scraping_instagram,sleeperce11,Polisi siber hrs nya ngurus beginian bukan postingan medsos.
17855510862647437,2026-05-05T03:06:14+00:00,14,https://www.instagram.com/p/DX6bTT-kT18,https://www.instagram.com/p/DX6bTT-kT18?comment_id=17855510862647437,scraping_instagram,lukmannhk14,Kok panik sekarang? Bukannya dari dulu ya data kita bocor😂
18062176202441375,2026-05-06T11:27:13+00:00,17,https://www.instagram.com/p/DX6bTT-kT18,https://www.instagram.com/p/DX6bTT-kT18?comment_id=18062176202441375,scraping_instagram,tintonardhie,"Didenda klo ga lapor, udah lapor data di bocorin 😂"
18135540346527721,2026-05-06T10:06:38+00:00,23,https://www.instagram.com/p/DX6bTT-kT18,https://www.instagram.com/p/DX6bTT-kT18?comment_id=18135540346527721,scraping_instagram,sujono.el,Satu satunya di republik ini yg dijaga ketat itu cuma keberadaan ijazah jokowi
18073571948284852,2026-05-05T16:01:26+00:00,111,https://www.instagram.com/p/DX6bTT-kT18,https://www.instagram.com/p/DX6bTT-kT18?comment_id=18073571948284852,scraping_instagram,hary.fineart22,"Gak kaget, KAN DATA RAKYAT DI SERAHIN PRABOWO KE TRUMP 😂😂 GOBLOKKKK"
18360751159226310,2026-05-05T10:42:19+00:00,10,https://www.instagram.com/p/DX6bTT-kT18,https://www.instagram.com/p/DX6bTT-kT18?comment_id=18360751159226310,scraping_instagram,imam.tajhin,"Udah bocor duluan, tmn saya sehari masukin nomor WA dan Email baru ke coretax. Keesokan harinya langsung di hubungi OTK mengatasnamakan pajak. Payah payah @cacakpraspicisan ."
18077708198193565,2026-05-05T22:28:34+00:00,28,https://www.instagram.com/p/DX6bTT-kT18,https://www.instagram.com/p/DX6bTT-kT18?comment_id=18077708198193565,scraping_instagram,tx.blu,"Hayo lho.. pak @purbayayudhi marahin dirjen pajag nya pak. Klo gk bs kerja ganti aj sama saya pak, saya mau"
18319899181251256,2026-05-05T10:17:02+00:00,84,https://www.instagram.com/p/DX6bTT-kT18,https://www.instagram.com/p/DX6bTT-kT18?comment_id=18319899181251256,scraping_instagram,ariefrachman691,"Giliran data ijazah Jokowi bisa privacy ga boleh dilihat sembarangan , data rakyatnya semua sektor kebocoran Mulu , negara macam apa ini 😂"
18137627137521635,2026-05-04T11:33:17+00:00,9,https://www.instagram.com/p/DX6bTT-kT18,https://www.instagram.com/p/DX6bTT-kT18?comment_id=18137627137521635,scraping_instagram,gruu_ment,"Sudah duluan gw bongkar djp pajak ini, kemarin gak sampe deep banget dan udah gw duga ini bakal terjadi karna jujur aja, sistemnya itu emang lumayan mudah untuk dibobol...."
17997432218768469,2026-05-04T14:15:03+00:00,15,https://www.instagram.com/p/DX6bTT-kT18,https://www.instagram.com/p/DX6bTT-kT18?comment_id=17997432218768469,scraping_instagram,rzzz_sf,"proyek yg abisin triliunan buat app aja hasilnya kyk begini, mbg mau ikut*an tuh 😂😂"
18175702939393003,2026-05-06T06:01:32+00:00,1,https://www.instagram.com/p/DX6bTT-kT18,https://www.instagram.com/p/DX6bTT-kT18?comment_id=18175702939393003,scraping_instagram,hagemonz,Wajarlah sistem milyaran
18135081535477096,2026-05-05T16:58:19+00:00,2,https://www.instagram.com/p/DX6bTT-kT18,https://www.instagram.com/p/DX6bTT-kT18?comment_id=18135081535477096,scraping_instagram,nikson_hutasoit,Real open source ah
17939689008038197,2026-05-04T10:57:38+00:00,1,https://www.instagram.com/p/DX6bTT-kT18,https://www.instagram.com/p/DX6bTT-kT18?comment_id=17939689008038197,scraping_instagram,sigit_allatif7,Yg buat kan hacker 😂
18101222069069107,2026-05-06T04:37:37+00:00,4,https://www.instagram.com/p/DX6bTT-kT18,https://www.instagram.com/p/DX6bTT-kT18?comment_id=18101222069069107,scraping_instagram,haryahehe,"Sudah biasa bocor. Udah gak ngaruh lagi di kehidupan kita. Ngurusin Teddy dibilang gey aja lsg gercep, urusan ginian diem aja"
18199346644352824,2026-05-06T10:07:00+00:00,8,https://www.instagram.com/p/DX6bTT-kT18,https://www.instagram.com/p/DX6bTT-kT18?comment_id=18199346644352824,scraping_instagram,adrianusaryatman,"Cb bayangin, hacker jebol server DJP, lalu data2 WP & SPTnya yg telah diisi lengkap, didownload & dijual di dark web, lalu ormas oknum beli data tsb, lalu ormas oknum mendatangi rumah WP dan menjarah habis2an harta milik WP, sesuai dg SPT yg lengkap itu..."
18151334620479935,2026-05-06T06:06:54+00:00,1,https://www.instagram.com/p/DX6bTT-kT18,https://www.instagram.com/p/DX6bTT-kT18?comment_id=18151334620479935,scraping_instagram,bennysienz,Alasannya dibobol rupanya dijual...
18122051824732849,2026-05-06T04:42:48+00:00,0,https://www.instagram.com/p/DX6bTT-kT18,https://www.instagram.com/p/DX6bTT-kT18?comment_id=18122051824732849,scraping_instagram,novi8757,Sudah ku duga. Sllu aja tdk bs dicegah
18226661908314203,2026-05-06T09:12:12+00:00,1,https://www.instagram.com/p/DX6bTT-kT18,https://www.instagram.com/p/DX6bTT-kT18?comment_id=18226661908314203,scraping_instagram,gregorius_bong,Jadi sudah bjsa blm ni barang? Ga lapor kena denda. Dilapor data bocor.
17863544037683784,2026-05-06T14:20:55+00:00,2,https://www.instagram.com/p/DX6bTT-kT18,https://www.instagram.com/p/DX6bTT-kT18?comment_id=17863544037683784,scraping_instagram,budi2000cc,Emang ada yang beres? Semua data juga bocor.
18076415450196563,2026-05-05T23:04:23+00:00,4,https://www.instagram.com/p/DX6bTT-kT18,https://www.instagram.com/p/DX6bTT-kT18?comment_id=18076415450196563,scraping_instagram,voidyagami10,@ditjenpajakri  apaaann neeeehhhhhhh?
18108876082902394,2026-05-06T11:01:40+00:00,1,https://www.instagram.com/p/DX6bTT-kT18,https://www.instagram.com/p/DX6bTT-kT18?comment_id=18108876082902394,scraping_instagram,d_ny_papahironbian,"Fakkkk....tau gtu kmren kaga lapor pajak, 😒"
18126679795614745,2026-05-04T23:54:21+00:00,13,https://www.instagram.com/p/DX6bTT-kT18,https://www.instagram.com/p/DX6bTT-kT18?comment_id=18126679795614745,scraping_instagram,molaviarmandottop,"Katanya biaya buat ini 1T lebih, kualitas buruk. Tapi gak pernah diusut."
18098576231125618,2026-05-05T23:19:47+00:00,9,https://www.instagram.com/p/DX6bTT-kT18,https://www.instagram.com/p/DX6bTT-kT18?comment_id=18098576231125618,scraping_instagram,tradersonthebeach,"Lah, sistem digital malah berbahaya! Mending balik ke manual pak. Meski gak terlihat canggih tapi relatif lebih aman."
18079213667395714,2026-05-06T04:33:48+00:00,0,https://www.instagram.com/p/DX6bTT-kT18,https://www.instagram.com/p/DX6bTT-kT18?comment_id=18079213667395714,scraping_instagram,josephkriz13,@hendycahyadi
18079836893301128,2026-05-04T10:14:44+00:00,4,https://www.instagram.com/p/DX6bTT-kT18,https://www.instagram.com/p/DX6bTT-kT18?comment_id=18079836893301128,scraping_instagram,dragonsecurity76,vendor nya tanggung jawab vendor kok gaptek
18615011443040265,2026-05-06T08:01:35+00:00,1,https://www.instagram.com/p/DX6bTT-kT18,https://www.instagram.com/p/DX6bTT-kT18?comment_id=18615011443040265,scraping_instagram,know_xz7,"Alasan bocor, pdhl emg sampahh"
18104924960480823,2026-05-06T14:19:55+00:00,0,https://www.instagram.com/p/DX6bTT-kT18,https://www.instagram.com/p/DX6bTT-kT18?comment_id=18104924960480823,scraping_instagram,mxrydz,pegawe kontol @taufiqallf
18054379025759549,2026-05-23T15:35:31+00:00,0,https://www.instagram.com/p/DX6bTT-kT18,https://www.instagram.com/p/DX6bTT-kT18?comment_id=18054379025759549,scraping_instagram,eddysung1888,"Program coretax 1,6 triliun, security systemnya pake software seharga 1,6juta 😂"
17929270323279687,2026-05-23T04:28:13+00:00,0,https://www.instagram.com/p/DX6bTT-kT18,https://www.instagram.com/p/DX6bTT-kT18?comment_id=17929270323279687,scraping_instagram,aloysiuschrismawan,nah looo.. katany BCA kebobolan data😂 apalagi program punya pemrrintah 😂 hacker: eazy 🔥😂
18082288571138796,2026-05-22T12:42:32+00:00,0,https://www.instagram.com/p/DX6bTT-kT18,https://www.instagram.com/p/DX6bTT-kT18?comment_id=18082288571138796,scraping_instagram,raganrox,"Karyawan sabaran abrak, ngurusin itu aja ampunn😂😂😂, ganti aja itu semua ama ai"
17885118051396596,2026-05-22T08:43:38+00:00,0,https://www.instagram.com/p/DX6bTT-kT18,https://www.instagram.com/p/DX6bTT-kT18?comment_id=17885118051396596,scraping_instagram,tempat_berbahagia,Bisa digugat dong
18083218643392072,2026-05-21T10:09:42+00:00,0,https://www.instagram.com/p/DX6bTT-kT18,https://www.instagram.com/p/DX6bTT-kT18?comment_id=18083218643392072,scraping_instagram,yoyosoebrata,Wakakkaa proyek triliunan boss
17981896683007565,2026-05-20T07:10:48+00:00,0,https://www.instagram.com/p/DX6bTT-kT18,https://www.instagram.com/p/DX6bTT-kT18?comment_id=17981896683007565,scraping_instagram,encaeinnobuddy,😮😮😮😮😮
18060604607719679,2026-05-18T05:37:06+00:00,0,https://www.instagram.com/p/DX6bTT-kT18,https://www.instagram.com/p/DX6bTT-kT18?comment_id=18060604607719679,scraping_instagram,p__________man,Ni orang Indonesia kga ada yg ngerti IT apa ya?
17877273759604146,2026-05-16T13:08:48+00:00,0,https://www.instagram.com/p/DX6bTT-kT18,https://www.instagram.com/p/DX6bTT-kT18?comment_id=17877273759604146,scraping_instagram,pertagraaam,Popodolan
17926901448335817,2026-05-14T08:10:34+00:00,0,https://www.instagram.com/p/DX6bTT-kT18,https://www.instagram.com/p/DX6bTT-kT18?comment_id=17926901448335817,scraping_instagram,trisliangnetherland,Negara TOLOL..!
18090601340199552,2026-05-13T12:43:46+00:00,0,https://www.instagram.com/p/DX6bTT-kT18,https://www.instagram.com/p/DX6bTT-kT18?comment_id=18090601340199552,scraping_instagram,marcellandries,
18164155372429648,2026-05-13T07:00:34+00:00,0,https://www.instagram.com/p/DX6bTT-kT18,https://www.instagram.com/p/DX6bTT-kT18?comment_id=18164155372429648,scraping_instagram,hendra.anthony81,Udh masukinnya ribet eeh bocor... kampret kan
18081448478634822,2026-05-12T21:26:50+00:00,0,https://www.instagram.com/p/DX6bTT-kT18,https://www.instagram.com/p/DX6bTT-kT18?comment_id=18081448478634822,scraping_instagram,awanze11,udah hal biasa lah
18326745565248683,2026-05-12T14:14:13+00:00,0,https://www.instagram.com/p/DX6bTT-kT18,https://www.instagram.com/p/DX6bTT-kT18?comment_id=18326745565248683,scraping_instagram,ezarelian,"Gpp... acak2 aja data pajaknya, biar MBG stop g ada duit 😂"
17994027017952282,2026-05-11T10:44:30+00:00,0,https://www.instagram.com/p/DX6bTT-kT18,https://www.instagram.com/p/DX6bTT-kT18?comment_id=17994027017952282,scraping_instagram,fiqi.andreawan,Uang pajak kita segitu gedenya dipake untuk membuat sebuah sistem yang awalnya ditujukan untuk mem*ras kita lebih kering lagi. Lalu setelahnya tidak cuma dip*ras tapi datanya juga bocor. Kenapa gak kalian bubar aja sih?
18030430433806347,2026-05-11T09:28:03+00:00,0,https://www.instagram.com/p/DX6bTT-kT18,https://www.instagram.com/p/DX6bTT-kT18?comment_id=18030430433806347,scraping_instagram,ekkyrez,"Kek wow aja, udah biasalah ini"
18085265681180824,2026-05-11T05:55:18+00:00,0,https://www.instagram.com/p/DX6bTT-kT18,https://www.instagram.com/p/DX6bTT-kT18?comment_id=18085265681180824,scraping_instagram,jefei_pratama,Apakah mungkin dijual sbg salah satu negosiasi negara lain?
17986594385989517,2026-05-09T16:33:30+00:00,0,https://www.instagram.com/p/DX6bTT-kT18,https://www.instagram.com/p/DX6bTT-kT18?comment_id=17986594385989517,scraping_instagram,wendahuank,Udah ga heran
18096900004981038,2026-05-09T14:02:47+00:00,0,https://www.instagram.com/p/DX6bTT-kT18,https://www.instagram.com/p/DX6bTT-kT18?comment_id=18096900004981038,scraping_instagram,ro21id,KLO baca berita gini tu harus di gedein tulisan DIDUGA.. sifat nya belum pasti 😂
18391829935088599,2026-05-09T10:48:10+00:00,0,https://www.instagram.com/p/DX6bTT-kT18,https://www.instagram.com/p/DX6bTT-kT18?comment_id=18391829935088599,scraping_instagram,emiro.id,akhhhhh
17994180863959715,2026-05-09T10:46:10+00:00,0,https://www.instagram.com/p/DX6bTT-kT18,https://www.instagram.com/p/DX6bTT-kT18?comment_id=17994180863959715,scraping_instagram,sy.sikumbang,"Kalo gua yang dapet bakalan gua drop databasenya 😂, kalian pasti suka kan?"
18076595159221904,2026-05-09T07:35:00+00:00,0,https://www.instagram.com/p/DX6bTT-kT18,https://www.instagram.com/p/DX6bTT-kT18?comment_id=18076595159221904,scraping_instagram,pan_03.0408,"baru juga beberapa waktu lalu aku mention negara open source, eh ada lagi yang ke leak🤣"
18008680046883073,2026-05-09T06:30:09+00:00,0,https://www.instagram.com/p/DX6bTT-kT18,https://www.instagram.com/p/DX6bTT-kT18?comment_id=18008680046883073,scraping_instagram,sieh_fang,Dagelan e sri mulet...sengaja d bikin gt lah
18318108157274508,2026-05-09T03:10:11+00:00,0,https://www.instagram.com/p/DX6bTT-kT18,https://www.instagram.com/p/DX6bTT-kT18?comment_id=18318108157274508,scraping_instagram,nich_10,Hahahaha negara kacauu kan 🔥🔥🔥🔥
17860988847688659,2026-05-08T13:42:46+00:00,0,https://www.instagram.com/p/DX6bTT-kT18,https://www.instagram.com/p/DX6bTT-kT18?comment_id=17860988847688659,scraping_instagram,yoorena2980,Ra kaget.. Ben byar datane bank/simcard/dll kabeh yo bocor
18128462080605760,2026-05-08T11:15:21+00:00,0,https://www.instagram.com/p/DX6bTT-kT18,https://www.instagram.com/p/DX6bTT-kT18?comment_id=18128462080605760,scraping_instagram,iranibras,Pantesan hari ini buka coretax disuruh ganti password
17887172613509803,2026-05-08T09:50:02+00:00,0,https://www.instagram.com/p/DX6bTT-kT18,https://www.instagram.com/p/DX6bTT-kT18?comment_id=17887172613509803,scraping_instagram,hrntyd,"Emang konyol. Bayar ribet setengah mampus, tp gampang bocor. Buka loket aja lah jgn pale web2 sekalian wkwkkw"
18440533015136597,2026-05-08T07:26:03+00:00,0,https://www.instagram.com/p/DX6bTT-kT18,https://www.instagram.com/p/DX6bTT-kT18?comment_id=18440533015136597,scraping_instagram,fernandovifer,"Nanti pembayaran pajak kita dan laporan spt harus dibukukan, jangan simpan online lagi, nanti tiba2 pemerintah bilang kita belum bayar, padahal udah dan datanya hilang aja,  kita bisa kasih bukti lisannya"
18128657941608143,2026-05-08T06:36:35+00:00,0,https://www.instagram.com/p/DX6bTT-kT18,https://www.instagram.com/p/DX6bTT-kT18?comment_id=18128657941608143,scraping_instagram,notrynanymore,"Bocorpun ga bikin status KB jadi nihil, utang pajak jadi auto lunas malah makin parah"
18115880860776506,2026-05-08T04:32:55+00:00,0,https://www.instagram.com/p/DX6bTT-kT18,https://www.instagram.com/p/DX6bTT-kT18?comment_id=18115880860776506,scraping_instagram,windikarlina.b,Udh muak bgt sampe gak bisa berkata-kata apaapa lagi 🙂
18093509942188380,2026-05-08T04:06:39+00:00,0,https://www.instagram.com/p/DX6bTT-kT18,https://www.instagram.com/p/DX6bTT-kT18?comment_id=18093509942188380,scraping_instagram,saepuloh_epul,Bocor dan di bocorkan itu kadang agak susah membedakannya 😂
18145658962492021,2026-05-08T02:03:09+00:00,0,https://www.instagram.com/p/DX6bTT-kT18,https://www.instagram.com/p/DX6bTT-kT18?comment_id=18145658962492021,scraping_instagram,ngurahputraaa_,"data sensistif banyak lo di coretax, hadeehh"
17893436544334205,2026-05-07T22:54:13+00:00,0,https://www.instagram.com/p/DX6bTT-kT18,https://www.instagram.com/p/DX6bTT-kT18?comment_id=17893436544334205,scraping_instagram,bombomdamas,"Sudah biasa... Mau kaget, tapi ini di konoha"
18063711518701723,2026-05-07T22:49:23+00:00,0,https://www.instagram.com/p/DX6bTT-kT18,https://www.instagram.com/p/DX6bTT-kT18?comment_id=18063711518701723,scraping_instagram,kimchyps,'pokoknya ada' ajaaaa berita tah apa apa dari negeri ini~
18358457536238404,2026-05-07T18:51:30+00:00,0,https://www.instagram.com/p/DX6bTT-kT18,https://www.instagram.com/p/DX6bTT-kT18?comment_id=18358457536238404,scraping_instagram,asalngomong.official,"Ini yg aplikasi 1,5 trilyun itu?"
18080295371295258,2026-05-07T17:41:21+00:00,0,https://www.instagram.com/p/DX6bTT-kT18,https://www.instagram.com/p/DX6bTT-kT18?comment_id=18080295371295258,scraping_instagram,brielkitchen,Bukan bocor tp dijual.
18584634310022680,2026-05-07T17:10:27+00:00,0,https://www.instagram.com/p/DX6bTT-kT18,https://www.instagram.com/p/DX6bTT-kT18?comment_id=18584634310022680,scraping_instagram,li_wu32,Dah biasa
17947004943180622,2026-05-07T16:38:27+00:00,0,https://www.instagram.com/p/DX6bTT-kT18,https://www.instagram.com/p/DX6bTT-kT18?comment_id=17947004943180622,scraping_instagram,jhrmrf,Literly negara open source bjir
18359291176230242,2026-05-07T15:52:12+00:00,0,https://www.instagram.com/p/DX6bTT-kT18,https://www.instagram.com/p/DX6bTT-kT18?comment_id=18359291176230242,scraping_instagram,kng.en,"upload di repo github aja, kan negara open source"
17998922198933045,2026-05-07T15:37:33+00:00,0,https://www.instagram.com/p/DX6bTT-kT18,https://www.instagram.com/p/DX6bTT-kT18?comment_id=17998922198933045,scraping_instagram,trisnazahara,Mau kaget tapi ga kaget
18175527442404723,2026-05-07T14:19:50+00:00,0,https://www.instagram.com/p/DX6bTT-kT18,https://www.instagram.com/p/DX6bTT-kT18?comment_id=18175527442404723,scraping_instagram,romi.afrinaldo,Negara diurus sama orang yg kagak kompeten. Ga selesai2 penderitaan pembayar pajak.
18119189077733374,2026-05-07T14:05:45+00:00,0,https://www.instagram.com/p/DX6bTT-kT18,https://www.instagram.com/p/DX6bTT-kT18?comment_id=18119189077733374,scraping_instagram,v4spsuper,Lebay ah
18369390544164765,2026-05-07T13:37:49+00:00,0,https://www.instagram.com/p/DX6bTT-kT18,https://www.instagram.com/p/DX6bTT-kT18?comment_id=18369390544164765,scraping_instagram,nk_xx91xx,Hadeh hadeehh
17949266358170426,2026-05-07T13:34:30+00:00,0,https://www.instagram.com/p/DX6bTT-kT18,https://www.instagram.com/p/DX6bTT-kT18?comment_id=17949266358170426,scraping_instagram,masemukhlis,Memang tujuannya dijual ... Bukan bocor mungkin tp mmg hemmmm
18102534970803660,2026-05-07T13:31:51+00:00,0,https://www.instagram.com/p/DX6bTT-kT18,https://www.instagram.com/p/DX6bTT-kT18?comment_id=18102534970803660,scraping_instagram,leafinwonderland,You only have one job. Make your citizen safe. And you FAIL
18064411958398194,2026-05-07T12:54:53+00:00,0,https://www.instagram.com/p/DX6bTT-kT18,https://www.instagram.com/p/DX6bTT-kT18?comment_id=18064411958398194,scraping_instagram,paolinazarra,Basi banget. Kayak rakyat tuh isinya suudzon mulu sm pemerintah
17863410348565752,2026-05-07T12:19:15+00:00,0,https://www.instagram.com/p/DX6bTT-kT18,https://www.instagram.com/p/DX6bTT-kT18?comment_id=17863410348565752,scraping_instagram,ardlila,Sepertinya memang di setting begini biar data nya bisa dijual bebas😂
18582730837054383,2026-05-07T12:02:51+00:00,0,https://www.instagram.com/p/DX6bTT-kT18,https://www.instagram.com/p/DX6bTT-kT18?comment_id=18582730837054383,scraping_instagram,rizalvixion0,Pesan kalau mau bocorin pajak penjabat dan harta kekayaan ke kita ga mempan ga punya apa apa😢
18166929178425120,2026-05-07T11:37:12+00:00,0,https://www.instagram.com/p/DX6bTT-kT18,https://www.instagram.com/p/DX6bTT-kT18?comment_id=18166929178425120,scraping_instagram,xianniken,"Semoga hackernya baik sama rakyat, curi data pejabat aja dah"
18230329858311764,2026-05-07T09:42:36+00:00,0,https://www.instagram.com/p/DX6bTT-kT18,https://www.instagram.com/p/DX6bTT-kT18?comment_id=18230329858311764,scraping_instagram,ynov24,Mang pernah ga bocor?
17964271575112473,2026-05-07T08:02:42+00:00,0,https://www.instagram.com/p/DX6bTT-kT18,https://www.instagram.com/p/DX6bTT-kT18?comment_id=17964271575112473,scraping_instagram,kucing.s.kom,Bismillah besok aset gw dicoretax tiba2 jd 2M
18336699037216490,2026-05-07T07:33:40+00:00,1,https://www.instagram.com/p/DX6bTT-kT18,https://www.instagram.com/p/DX6bTT-kT18?comment_id=18336699037216490,scraping_instagram,ik.yong,Namanya juga produk indonesia 😂
18085052390369548,2026-05-07T06:52:19+00:00,0,https://www.instagram.com/p/DX6bTT-kT18,https://www.instagram.com/p/DX6bTT-kT18?comment_id=18085052390369548,scraping_instagram,ainilathif_,"Giliran lapor malah datanya bocor, wah ga amanah kah ini namanya"
17877882000448114,2026-05-07T06:38:21+00:00,0,https://www.instagram.com/p/DX6bTT-kT18,https://www.instagram.com/p/DX6bTT-kT18?comment_id=17877882000448114,scraping_instagram,mechviator14,Anggaran setara 1.16 hari MBG kualitas setara app gratisan gaje 🤣
17896122108306337,2026-05-07T06:24:26+00:00,0,https://www.instagram.com/p/DX6bTT-kT18,https://www.instagram.com/p/DX6bTT-kT18?comment_id=17896122108306337,scraping_instagram,suartha_91,Aplikasi pemerintah mna ada yg bner 😆
18118543336680148,2026-05-07T05:56:20+00:00,0,https://www.instagram.com/p/DX6bTT-kT18,https://www.instagram.com/p/DX6bTT-kT18?comment_id=18118543336680148,scraping_instagram,ikubosu,passwordnya admin@1234
17976008156861775,2026-05-07T05:36:25+00:00,0,https://www.instagram.com/p/DX6bTT-kT18,https://www.instagram.com/p/DX6bTT-kT18?comment_id=17976008156861775,scraping_instagram,reyfoxhound,Maap polisi siber lagi sibuk ngelist akun orang² yg menghina MBG
18252507547305906,2026-05-07T05:32:24+00:00,0,https://www.instagram.com/p/DX6bTT-kT18,https://www.instagram.com/p/DX6bTT-kT18?comment_id=18252507547305906,scraping_instagram,bramapratistha,Gak heran
18101966806958184,2026-05-07T05:16:32+00:00,0,https://www.instagram.com/p/DX6bTT-kT18,https://www.instagram.com/p/DX6bTT-kT18?comment_id=18101966806958184,scraping_instagram,luklukaha,Belum belum ws bocorre
17946926556160482,2026-05-07T05:03:02+00:00,0,https://www.instagram.com/p/DX6bTT-kT18,https://www.instagram.com/p/DX6bTT-kT18?comment_id=17946926556160482,scraping_instagram,aiiriia99,Sistem perpindahan data dari DJP ke coretax aja seberantakan itu 😂
18094244293918733,2026-05-07T03:35:21+00:00,0,https://www.instagram.com/p/DX6bTT-kT18,https://www.instagram.com/p/DX6bTT-kT18?comment_id=18094244293918733,scraping_instagram,ulie_kadek,"Ga kaget sih, wong data kita udah di kasi ke negara lain kok😂😂"
18066303404700738,2026-05-07T02:23:41+00:00,0,https://www.instagram.com/p/DX6bTT-kT18,https://www.instagram.com/p/DX6bTT-kT18?comment_id=18066303404700738,scraping_instagram,nick.setyawan,"Orang lu juga yg buka celah, vendor sendiri ya harus ikut proyek, soalnya kata2 cashback yg menggiurkan 😂😂"
17932387182270830,2026-05-07T02:22:31+00:00,0,https://www.instagram.com/p/DX6bTT-kT18,https://www.instagram.com/p/DX6bTT-kT18?comment_id=17932387182270830,scraping_instagram,kennymrcs,"Pantes akhir"" ni banyak scammer yang nelpon masuk"
17994442277779141,2026-05-07T02:14:24+00:00,0,https://www.instagram.com/p/DX6bTT-kT18,https://www.instagram.com/p/DX6bTT-kT18?comment_id=17994442277779141,scraping_instagram,wied71,Normal beud...sangad endonesah
18336765598217782,2026-05-07T02:10:43+00:00,0,https://www.instagram.com/p/DX6bTT-kT18,https://www.instagram.com/p/DX6bTT-kT18?comment_id=18336765598217782,scraping_instagram,intheairtonight,😂😂😂😂😂😂😂😂😂
18084445283191294,2026-05-07T02:01:36+00:00,0,https://www.instagram.com/p/DX6bTT-kT18,https://www.instagram.com/p/DX6bTT-kT18?comment_id=18084445283191294,scraping_instagram,cherryflower08,"Gila benar deh, data apa aja bocor di konoha. Di teror spam call dr pinjol, entah apalagi lah ga bocor di konoha"
18082859810108395,2026-05-07T01:38:21+00:00,0,https://www.instagram.com/p/DX6bTT-kT18,https://www.instagram.com/p/DX6bTT-kT18?comment_id=18082859810108395,scraping_instagram,konyolcendol,"Uang untuk membangun sistemnya abis buat dikorupsi, hasilnya sistem yang dibuat cuma sistem asal-asalan."
18068363612679460,2026-05-07T00:57:15+00:00,0,https://www.instagram.com/p/DX6bTT-kT18,https://www.instagram.com/p/DX6bTT-kT18?comment_id=18068363612679460,scraping_instagram,yilirili,Setan alas pancen
18052577489557651,2026-05-07T00:56:10+00:00,0,https://www.instagram.com/p/DX6bTT-kT18,https://www.instagram.com/p/DX6bTT-kT18?comment_id=18052577489557651,scraping_instagram,mujairlele21,Halah janco
18076375682197425,2026-05-06T23:38:54+00:00,0,https://www.instagram.com/p/DX6bTT-kT18,https://www.instagram.com/p/DX6bTT-kT18?comment_id=18076375682197425,scraping_instagram,angrypandaqwerty,Gotta love this country. Ktp digital aja difotokopi kok
18143180434451811,2026-05-06T23:30:19+00:00,0,https://www.instagram.com/p/DX6bTT-kT18,https://www.instagram.com/p/DX6bTT-kT18?comment_id=18143180434451811,scraping_instagram,ming_herry,DISAAT RAKYAT DISURUH TAAT BAYAR PAJAK.. PEMERINTAH PEJABAT INDO KORUPSI HASIL UANG RAKYAT.. PEMERINTAH = MALING UANG RAKYAT!! 👎
18070985192655367,2026-05-06T22:26:15+00:00,0,https://www.instagram.com/p/DX6bTT-kT18,https://www.instagram.com/p/DX6bTT-kT18?comment_id=18070985192655367,scraping_instagram,colozer_,Udah biarin aja palingan juga memang di jual tu data data😂
17912529177391129,2026-05-06T19:09:23+00:00,0,https://www.instagram.com/p/DX6bTT-kT18,https://www.instagram.com/p/DX6bTT-kT18?comment_id=17912529177391129,scraping_instagram,eggierlangga,Boleh gak request jadi nihil buat tahun depan?. 😁😁
18449974672116572,2026-05-06T18:43:39+00:00,0,https://www.instagram.com/p/DX6bTT-kT18,https://www.instagram.com/p/DX6bTT-kT18?comment_id=18449974672116572,scraping_instagram,hariyonojoe,Di kasih tau sapa2 aja yg punya duit banyak buat di hack account banknya 😂. 🤦🤦
17907667845405361,2026-05-06T16:57:19+00:00,0,https://www.instagram.com/p/DX6bTT-kT18,https://www.instagram.com/p/DX6bTT-kT18?comment_id=17907667845405361,scraping_instagram,dragonsecurity76,coretax diganti aja coreleak
18107563733507092,2026-05-06T16:06:18+00:00,0,https://www.instagram.com/p/DX6bTT-kT18,https://www.instagram.com/p/DX6bTT-kT18?comment_id=18107563733507092,scraping_instagram,rifanhabibi,Bisa digugat gk ini?
17886283128518884,2026-05-06T15:58:19+00:00,0,https://www.instagram.com/p/DX6bTT-kT18,https://www.instagram.com/p/DX6bTT-kT18?comment_id=17886283128518884,scraping_instagram,mamiicaca1234,Selaluuuu... ada aja
18089177477362943,2026-05-06T15:50:31+00:00,0,https://www.instagram.com/p/DX6bTT-kT18,https://www.instagram.com/p/DX6bTT-kT18?comment_id=18089177477362943,scraping_instagram,mhmmd.ctr,Budget 2T dpt aplikasi SAMPAH... bahhahahahahah
18102447637984972,2026-05-06T15:47:03+00:00,0,https://www.instagram.com/p/DX6bTT-kT18,https://www.instagram.com/p/DX6bTT-kT18?comment_id=18102447637984972,scraping_instagram,wahyudisoen,Saya kaget.. Wuhhhh sambil lompat kecil..
18391550470095409,2026-05-06T15:32:49+00:00,0,https://www.instagram.com/p/DX6bTT-kT18,https://www.instagram.com/p/DX6bTT-kT18?comment_id=18391550470095409,scraping_instagram,_agung.3whyd,Udh susah percaya lagi sama website pemerintah. Semua gampang di bobol
18103446391780206,2026-05-06T15:25:00+00:00,0,https://www.instagram.com/p/DX6bTT-kT18,https://www.instagram.com/p/DX6bTT-kT18?comment_id=18103446391780206,scraping_instagram,evan.lee93,"Semua data pajak bocor. Semua data KTP bocor. Semua semua bocor. Komdigi kerja ga si? Selain Judol, ini lho, perlindungan data rakyat yg harus dilindungi spy gak bocor. Bukannya malah urusin hal2 yg gak penting. Ini data krusial. Gmn si kerjanya?"
17876407632458904,2026-05-06T15:15:52+00:00,0,https://www.instagram.com/p/DX6bTT-kT18,https://www.instagram.com/p/DX6bTT-kT18?comment_id=17876407632458904,scraping_instagram,makaci010101,lagi jualan mungkin
18115727935690855,2026-05-06T15:00:44+00:00,0,https://www.instagram.com/p/DX6bTT-kT18,https://www.instagram.com/p/DX6bTT-kT18?comment_id=18115727935690855,scraping_instagram,ciwit.widya,"Gimana bisa percaya sama pemerentah?? Rakyat diburu2 ngisi, sistem buruk, akhirnya data bocor. Ya Allah gini amat jadi WNI😭"
17939533488038750,2026-05-06T14:47:53+00:00,0,https://www.instagram.com/p/DX6bTT-kT18,https://www.instagram.com/p/DX6bTT-kT18?comment_id=17939533488038750,scraping_instagram,prd0000,Wkwkwkwk. Kan. Gue liat traffic nya aja gue tahu kalau ini bakal bocor. Semua cuman lips service
17872731798656698,2026-05-06T14:41:41+00:00,0,https://www.instagram.com/p/DX6bTT-kT18,https://www.instagram.com/p/DX6bTT-kT18?comment_id=17872731798656698,scraping_instagram,iconplus211,stop bayar pajak
18584963815023514,2026-05-06T14:41:40+00:00,0,https://www.instagram.com/p/DX6bTT-kT18,https://www.instagram.com/p/DX6bTT-kT18?comment_id=18584963815023514,scraping_instagram,ujuan.manurung,Negeri rusak … manusua ssh pada sakit jiwa …
18069465746331695,2026-05-06T14:31:49+00:00,0,https://www.instagram.com/p/DX6bTT-kT18,https://www.instagram.com/p/DX6bTT-kT18?comment_id=18069465746331695,scraping_instagram,riaradityazka,Wancuuuur....wancuuuuur
18100452764066775,2026-05-06T14:26:44+00:00,0,https://www.instagram.com/p/DX6bTT-kT18,https://www.instagram.com/p/DX6bTT-kT18?comment_id=18100452764066775,scraping_instagram,_megapowerrr_,"Semua data rekening, sertifikat tanah, rumah, emas, kendaraan, lengkap. Wes, bablas dah dikulitin"
17863544037683784,2026-05-06T14:20:55+00:00,2,https://www.instagram.com/p/DX6bTT-kT18,https://www.instagram.com/p/DX6bTT-kT18?comment_id=17863544037683784,scraping_instagram,budi2000cc,Emang ada yang beres? Semua data juga bocor.
18104924960480823,2026-05-06T14:19:55+00:00,0,https://www.instagram.com/p/DX6bTT-kT18,https://www.instagram.com/p/DX6bTT-kT18?comment_id=18104924960480823,scraping_instagram,mxrydz,pegawe kontol @taufiqallf
18102210347066881,2026-05-06T14:15:57+00:00,0,https://www.instagram.com/p/DX6bTT-kT18,https://www.instagram.com/p/DX6bTT-kT18?comment_id=18102210347066881,scraping_instagram,harum_aphrodite,Lailahailallaaaah
17976196289861049,2026-05-06T14:09:09+00:00,0,https://www.instagram.com/p/DX6bTT-kT18,https://www.instagram.com/p/DX6bTT-kT18?comment_id=17976196289861049,scraping_instagram,ab.farhsybil,"Komdigi mana ni data bocor, apa dia mau pasang badan buat laporin orang yg bobol data pajak kita ? Apa hanya laporin Pidato amin rais aja 😂"
17866242147681091,2026-05-06T13:51:55+00:00,0,https://www.instagram.com/p/DX6bTT-kT18,https://www.instagram.com/p/DX6bTT-kT18?comment_id=17866242147681091,scraping_instagram,abrahampanjaitan_,Udah ga kaget
18206263750338264,2026-05-06T13:51:35+00:00,0,https://www.instagram.com/p/DX6bTT-kT18,https://www.instagram.com/p/DX6bTT-kT18?comment_id=18206263750338264,scraping_instagram,sakya_nengjiu,Bocor lagi bocor lagi 😂😂😂
18200027014354965,2026-05-06T13:43:16+00:00,0,https://www.instagram.com/p/DX6bTT-kT18,https://www.instagram.com/p/DX6bTT-kT18?comment_id=18200027014354965,scraping_instagram,ms.sintaaa,"Hacker tolong jual data anggota dpr sama mentri aja, data kita rakyat jelata ga ada apa2 nya. Pph aja lapor nihil 😢"
18110799275503298,2026-05-06T13:21:58+00:00,0,https://www.instagram.com/p/DX6bTT-kT18,https://www.instagram.com/p/DX6bTT-kT18?comment_id=18110799275503298,scraping_instagram,feyys2022_md,"Keamanan data dan identitas saja, tidak ada. Bagaimana mau melakukan integrasi sistem ?"
18021111776661020,2026-05-06T13:11:55+00:00,0,https://www.instagram.com/p/DX6bTT-kT18,https://www.instagram.com/p/DX6bTT-kT18?comment_id=18021111776661020,scraping_instagram,grgsgy,Ga jelasss lu kortek....
18097057670276396,2026-05-06T13:11:25+00:00,0,https://www.instagram.com/p/DX6bTT-kT18,https://www.instagram.com/p/DX6bTT-kT18?comment_id=18097057670276396,scraping_instagram,den_reza_permana,Indonesia kok data bisa bocor terus ya.. Cuuukkkk jancok @dinianan
18112048480879139,2026-05-06T13:09:32+00:00,0,https://www.instagram.com/p/DX6bTT-kT18,https://www.instagram.com/p/DX6bTT-kT18?comment_id=18112048480879139,scraping_instagram,wiendarko,Apalagi hayo apalagi.
18128785795517463,2026-05-06T13:01:02+00:00,0,https://www.instagram.com/p/DX6bTT-kT18,https://www.instagram.com/p/DX6bTT-kT18?comment_id=18128785795517463,scraping_instagram,kaori.drawing.semarang,Tuh kan Pak... @purbayasadewa.official 😭😭😭😭
18083332556621410,2026-05-06T12:57:13+00:00,0,https://www.instagram.com/p/DX6bTT-kT18,https://www.instagram.com/p/DX6bTT-kT18?comment_id=18083332556621410,scraping_instagram,lio666kharisma,Pejabat GAK GUNA SEMUA
18104107577316947,2026-05-06T12:48:23+00:00,0,https://www.instagram.com/p/DX6bTT-kT18,https://www.instagram.com/p/DX6bTT-kT18?comment_id=18104107577316947,scraping_instagram,safetydecode,Kaget ah...eh ga jadi kaget
17892825105463705,2026-05-06T12:30:09+00:00,0,https://www.instagram.com/p/DX6bTT-kT18,https://www.instagram.com/p/DX6bTT-kT18?comment_id=17892825105463705,scraping_instagram,deepsnow85,@ditjenpajakri mingkem pasti.. Taunya cuma menuhin target setoran pajak 😂😂😂
17973960471029286,2026-05-06T12:28:51+00:00,0,https://www.instagram.com/p/DX6bTT-kT18,https://www.instagram.com/p/DX6bTT-kT18?comment_id=17973960471029286,scraping_instagram,hendradarmanto,Bayangin aja kalau ini server sertifikat digital rumah...Bisa2 di jual tanpa sepengetahuan pemiliknya
17858207469636285,2026-05-06T12:26:10+00:00,0,https://www.instagram.com/p/DX6bTT-kT18,https://www.instagram.com/p/DX6bTT-kT18?comment_id=17858207469636285,scraping_instagram,maureeen1212,"Ini bener lho kmrn staff saya di telepon ngaku orng DJP aneh nya dia tau staff saya kerja di PT apa , gila sih 😢😢"
18050721209721706,2026-05-06T12:25:13+00:00,0,https://www.instagram.com/p/DX6bTT-kT18,https://www.instagram.com/p/DX6bTT-kT18?comment_id=18050721209721706,scraping_instagram,foreman.ge2025,Bocor...udah dari dulu..bocor jamaahhh..bocor bocor
18070401779673807,2026-05-06T12:07:05+00:00,0,https://www.instagram.com/p/DX6bTT-kT18,https://www.instagram.com/p/DX6bTT-kT18?comment_id=18070401779673807,scraping_instagram,scabadushh,"👏👏👏 bocor bocor bocor, jangan-jangan beneran bubar 2030."
18104407703510698,2026-05-06T11:57:48+00:00,0,https://www.instagram.com/p/DX6bTT-kT18,https://www.instagram.com/p/DX6bTT-kT18?comment_id=18104407703510698,scraping_instagram,vinamy,"Ohhh pantesan mendadak mau masuk ga bisa, disuruh ganti password 😂😂😂😂😂"
18102427558792634,2026-05-06T11:55:51+00:00,0,https://www.instagram.com/p/DX6bTT-kT18,https://www.instagram.com/p/DX6bTT-kT18?comment_id=18102427558792634,scraping_instagram,joshualouis00,"Kalo mnurut gw wajar sih, orang mereka naro log history dengan parameter userId berupa NIK di url 😅.. Kalo si hackernya sudah punya data NIK gw rasa bisa aj kebobolan.. 😅😅"
17892602055464094,2026-05-06T11:46:49+00:00,0,https://www.instagram.com/p/DX6bTT-kT18,https://www.instagram.com/p/DX6bTT-kT18?comment_id=17892602055464094,scraping_instagram,albertjofficial,😂😂😂
17887619034531708,2026-05-06T11:46:10+00:00,0,https://www.instagram.com/p/DX6bTT-kT18,https://www.instagram.com/p/DX6bTT-kT18?comment_id=17887619034531708,scraping_instagram,trinuza,"Software busuk, sistem busuk. Mana kpk coba beresin ini. Jangan cuma urus chromebook. Coretax lebih penting"
18020819525828179,2026-05-06T11:36:16+00:00,0,https://www.instagram.com/p/DX6bTT-kT18,https://www.instagram.com/p/DX6bTT-kT18?comment_id=18020819525828179,scraping_instagram,sofia_chasas,Hadeuuuu
17961394364934424,2026-05-06T11:35:51+00:00,0,https://www.instagram.com/p/DX6bTT-kT18,https://www.instagram.com/p/DX6bTT-kT18?comment_id=17961394364934424,scraping_instagram,ristii.anii,Ah elah 😐
18062676641509331,2026-05-06T11:33:55+00:00,0,https://www.instagram.com/p/DX6bTT-kT18,https://www.instagram.com/p/DX6bTT-kT18?comment_id=18062676641509331,scraping_instagram,joyce.marulam,"Jadi menteri grasa grusu, nggaggep ‘ enteng’ semua ."
18062176202441375,2026-05-06T11:27:13+00:00,17,https://www.instagram.com/p/DX6bTT-kT18,https://www.instagram.com/p/DX6bTT-kT18?comment_id=18062176202441375,scraping_instagram,tintonardhie,"Didenda klo ga lapor, udah lapor data di bocorin 😂"
18071749553421073,2026-05-06T11:14:36+00:00,0,https://www.instagram.com/p/DX6bTT-kT18,https://www.instagram.com/p/DX6bTT-kT18?comment_id=18071749553421073,scraping_instagram,wuhermanko,"@realmrbert Bocorr., koh..😢"
17934006033250055,2026-05-06T11:12:07+00:00,0,https://www.instagram.com/p/DX6bTT-kT18,https://www.instagram.com/p/DX6bTT-kT18?comment_id=17934006033250055,scraping_instagram,irman_sam01,Tai² emang enggak punya modal apa buat bikin sistem keamanan yg berlapis edan kebobolan terus pie iki bung😂
17909615595396058,2026-05-06T11:10:13+00:00,0,https://www.instagram.com/p/DX6bTT-kT18,https://www.instagram.com/p/DX6bTT-kT18?comment_id=17909615595396058,scraping_instagram,annisafikris,Lucu banget 😂
18181311469389286,2026-05-06T11:09:34+00:00,0,https://www.instagram.com/p/DX6bTT-kT18,https://www.instagram.com/p/DX6bTT-kT18?comment_id=18181311469389286,scraping_instagram,aliarslip,Wondering gimana ya rasanya cosplay jadi warga negara yang bangga dengan negaranya dan bisa percaya dengan administrasi dan kinerja pejabatnya. Gak relate sih...
18108876082902394,2026-05-06T11:01:40+00:00,1,https://www.instagram.com/p/DX6bTT-kT18,https://www.instagram.com/p/DX6bTT-kT18?comment_id=18108876082902394,scraping_instagram,d_ny_papahironbian,"Fakkkk....tau gtu kmren kaga lapor pajak, 😒"
18392856043082334,2026-05-06T10:40:05+00:00,0,https://www.instagram.com/p/DX6bTT-kT18,https://www.instagram.com/p/DX6bTT-kT18?comment_id=18392856043082334,scraping_instagram,kiya.is.here,Purapura kaget
18016795568681655,2026-05-06T10:31:42+00:00,0,https://www.instagram.com/p/DX6bTT-kT18,https://www.instagram.com/p/DX6bTT-kT18?comment_id=18016795568681655,scraping_instagram,fxdjeffry,Ky gini bisa dituntut gak sih
18121425514726616,2026-05-06T10:27:55+00:00,0,https://www.instagram.com/p/DX6bTT-kT18,https://www.instagram.com/p/DX6bTT-kT18?comment_id=18121425514726616,scraping_instagram,add_niar,Nah kan
18085694453628634,2026-05-06T10:23:59+00:00,0,https://www.instagram.com/p/DX6bTT-kT18,https://www.instagram.com/p/DX6bTT-kT18?comment_id=18085694453628634,scraping_instagram,mulaniari,
18081184145290918,2026-05-06T10:08:35+00:00,0,https://www.instagram.com/p/DX6bTT-kT18,https://www.instagram.com/p/DX6bTT-kT18?comment_id=18081184145290918,scraping_instagram,aralazmus,"Semua data pribadi dan privasi warga Indonesia dibobol dan itu di ulang-ulang. Jadi apa yg Dipertahanin dari negeri dengan penuh kekacauan ini, apa yang dipertahanin dari pemimpin negeri yang gak punya harga diri dan ilang dari rasa aman. Bubarin sekalian ganti sistem kerajaan seperti zaman Indonesia dibbentuk dulu. Keadilan akan lebih merata"
18199346644352824,2026-05-06T10:07:00+00:00,8,https://www.instagram.com/p/DX6bTT-kT18,https://www.instagram.com/p/DX6bTT-kT18?comment_id=18199346644352824,scraping_instagram,adrianusaryatman,"Cb bayangin, hacker jebol server DJP, lalu data2 WP & SPTnya yg telah diisi lengkap, didownload & dijual di dark web, lalu ormas oknum beli data tsb, lalu ormas oknum mendatangi rumah WP dan menjarah habis2an harta milik WP, sesuai dg SPT yg lengkap itu..."
18135540346527721,2026-05-06T10:06:38+00:00,23,https://www.instagram.com/p/DX6bTT-kT18,https://www.instagram.com/p/DX6bTT-kT18?comment_id=18135540346527721,scraping_instagram,sujono.el,Satu satunya di republik ini yg dijaga ketat itu cuma keberadaan ijazah jokowi
18091125206600884,2026-05-06T10:02:47+00:00,0,https://www.instagram.com/p/DX6bTT-kT18,https://www.instagram.com/p/DX6bTT-kT18?comment_id=18091125206600884,scraping_instagram,helenasiregar.hs,Hutang luar negeri konoha bisa dibebankan ke npwp pendd
18435020671191148,2026-05-06T09:56:25+00:00,0,https://www.instagram.com/p/DX6bTT-kT18,https://www.instagram.com/p/DX6bTT-kT18?comment_id=18435020671191148,scraping_instagram,dennisprast,pea
17903278611421818,2026-05-06T09:50:17+00:00,0,https://www.instagram.com/p/DX6bTT-kT18,https://www.instagram.com/p/DX6bTT-kT18?comment_id=17903278611421818,scraping_instagram,ayadamaii,Uda biasa kan ???
18100934314824804,2026-05-06T09:48:36+00:00,0,https://www.instagram.com/p/DX6bTT-kT18,https://www.instagram.com/p/DX6bTT-kT18?comment_id=18100934314824804,scraping_instagram,noceng,Sebagai warga indonesia harus gimana? Lapor pajak = data pribadi kesebar. Nggak lapor pajak = bisa lebih panjang lagi urusannya
18105107563786174,2026-05-06T09:26:29+00:00,0,https://www.instagram.com/p/DX6bTT-kT18,https://www.instagram.com/p/DX6bTT-kT18?comment_id=18105107563786174,scraping_instagram,andreas_powerrangers,@djed.komdigi ENGGAK GUNA cuma piara sampah aja
18226661908314203,2026-05-06T09:12:12+00:00,1,https://www.instagram.com/p/DX6bTT-kT18,https://www.instagram.com/p/DX6bTT-kT18?comment_id=18226661908314203,scraping_instagram,gregorius_bong,Jadi sudah bjsa blm ni barang? Ga lapor kena denda. Dilapor data bocor.
17905260819239984,2026-05-06T09:06:44+00:00,0,https://www.instagram.com/p/DX6bTT-kT18,https://www.instagram.com/p/DX6bTT-kT18?comment_id=17905260819239984,scraping_instagram,ozzhypra,"Negara paling ""monggoh"" didunia"
18142400884507350,2026-05-06T09:00:28+00:00,0,https://www.instagram.com/p/DX6bTT-kT18,https://www.instagram.com/p/DX6bTT-kT18?comment_id=18142400884507350,scraping_instagram,7jadeinterior,Open source😂
18117288646740287,2026-05-06T08:24:33+00:00,0,https://www.instagram.com/p/DX6bTT-kT18,https://www.instagram.com/p/DX6bTT-kT18?comment_id=18117288646740287,scraping_instagram,midori_otoko_14,Well well well. What else is new
18236474137308322,2026-05-06T08:12:44+00:00,0,https://www.instagram.com/p/DX6bTT-kT18,https://www.instagram.com/p/DX6bTT-kT18?comment_id=18236474137308322,scraping_instagram,deniebat,Tunggu purbaya ngomong salahin siapa lagi 😂
18375368290166356,2026-05-06T08:09:19+00:00,0,https://www.instagram.com/p/DX6bTT-kT18,https://www.instagram.com/p/DX6bTT-kT18?comment_id=18375368290166356,scraping_instagram,gorgeousi_am,"SATU DATA,, TAIIIII"
17916743457163358,2026-05-06T08:07:18+00:00,0,https://www.instagram.com/p/DX6bTT-kT18,https://www.instagram.com/p/DX6bTT-kT18?comment_id=17916743457163358,scraping_instagram,sieloe15,Woo seal
18615011443040265,2026-05-06T08:01:35+00:00,1,https://www.instagram.com/p/DX6bTT-kT18,https://www.instagram.com/p/DX6bTT-kT18?comment_id=18615011443040265,scraping_instagram,know_xz7,"Alasan bocor, pdhl emg sampahh"
18103707251296603,2026-05-06T07:50:40+00:00,0,https://www.instagram.com/p/DX6bTT-kT18,https://www.instagram.com/p/DX6bTT-kT18?comment_id=18103707251296603,scraping_instagram,iwanb17ak,"one day, one bad news 😢"
17991709025791017,2026-05-06T07:49:14+00:00,0,https://www.instagram.com/p/DX6bTT-kT18,https://www.instagram.com/p/DX6bTT-kT18?comment_id=17991709025791017,scraping_instagram,abdulrohman1st,"""bocor"" tanda kutip"
18590161213006786,2026-05-06T07:33:47+00:00,0,https://www.instagram.com/p/DX6bTT-kT18,https://www.instagram.com/p/DX6bTT-kT18?comment_id=18590161213006786,scraping_instagram,teddyanr,Keren
18586850386046291,2026-05-06T07:29:50+00:00,0,https://www.instagram.com/p/DX6bTT-kT18,https://www.instagram.com/p/DX6bTT-kT18?comment_id=18586850386046291,scraping_instagram,agungarifr_,Ini karena modal login doang udh bisa nampilin semua data dan gak di masking sama sekaliiiiiiiiiiiiii
17999833226920331,2026-05-06T07:08:50+00:00,0,https://www.instagram.com/p/DX6bTT-kT18,https://www.instagram.com/p/DX6bTT-kT18?comment_id=17999833226920331,scraping_instagram,dreamimaginator,Mampus lo semua 🤣
18114441526784301,2026-05-06T07:06:44+00:00,0,https://www.instagram.com/p/DX6bTT-kT18,https://www.instagram.com/p/DX6bTT-kT18?comment_id=18114441526784301,scraping_instagram,tomtomtomoran,Apa sih yg ga bocor di konoha?
17889481674498173,2026-05-06T07:02:56+00:00,0,https://www.instagram.com/p/DX6bTT-kT18,https://www.instagram.com/p/DX6bTT-kT18?comment_id=17889481674498173,scraping_instagram,bk541nt99,👏👏👏
17963218785081895,2026-05-06T06:39:46+00:00,0,https://www.instagram.com/p/DX6bTT-kT18,https://www.instagram.com/p/DX6bTT-kT18?comment_id=17963218785081895,scraping_instagram,virendakh,Negara open source kntl
17965490406067402,2026-05-06T06:23:47+00:00,0,https://www.instagram.com/p/DX6bTT-kT18,https://www.instagram.com/p/DX6bTT-kT18?comment_id=17965490406067402,scraping_instagram,andi_atthira,Lagi dimainin Amerika kayaknya 😂😂
17882201988558394,2026-05-06T06:16:18+00:00,0,https://www.instagram.com/p/DX6bTT-kT18,https://www.instagram.com/p/DX6bTT-kT18?comment_id=17882201988558394,scraping_instagram,joelai_1979,Kacauuiu😂😂😂
18076995794559353,2026-05-06T06:14:11+00:00,0,https://www.instagram.com/p/DX6bTT-kT18,https://www.instagram.com/p/DX6bTT-kT18?comment_id=18076995794559353,scraping_instagram,__rpman__,Ya ya ya...
18151334620479935,2026-05-06T06:06:54+00:00,1,https://www.instagram.com/p/DX6bTT-kT18,https://www.instagram.com/p/DX6bTT-kT18?comment_id=18151334620479935,scraping_instagram,bennysienz,Alasannya dibobol rupanya dijual...
18175702939393003,2026-05-06T06:01:32+00:00,1,https://www.instagram.com/p/DX6bTT-kT18,https://www.instagram.com/p/DX6bTT-kT18?comment_id=18175702939393003,scraping_instagram,hagemonz,Wajarlah sistem milyaran
18117079420665334,2026-05-06T05:48:26+00:00,0,https://www.instagram.com/p/DX6bTT-kT18,https://www.instagram.com/p/DX6bTT-kT18?comment_id=18117079420665334,scraping_instagram,bennysan_88,hakah bukanbocor emang .... ah sudah lah
18103995763979832,2026-05-06T05:21:26+00:00,0,https://www.instagram.com/p/DX6bTT-kT18,https://www.instagram.com/p/DX6bTT-kT18?comment_id=18103995763979832,scraping_instagram,merdina_kusuma,Apa sih yg bener dari pemerintah ini
18106797919936836,2026-05-06T05:10:15+00:00,0,https://www.instagram.com/p/DX6bTT-kT18,https://www.instagram.com/p/DX6bTT-kT18?comment_id=18106797919936836,scraping_instagram,sabriadek,"Jika masih menggunakan ""www"" apapun application bisa bocor... kecuali menggunakan data center local"
18107933945504005,2026-05-06T04:59:45+00:00,0,https://www.instagram.com/p/DX6bTT-kT18,https://www.instagram.com/p/DX6bTT-kT18?comment_id=18107933945504005,scraping_instagram,yudhiro,pake server gratisan wajar bocor pasti dan sepertinya firewall ngandelin smadav gratisan😂
17962074228117699,2026-05-06T04:43:06+00:00,0,https://www.instagram.com/p/DX6bTT-kT18,https://www.instagram.com/p/DX6bTT-kT18?comment_id=17962074228117699,scraping_instagram,dmsrhd,Seharga chatgpt. Tpi ga pernah dgr chatgpt bocor
18122051824732849,2026-05-06T04:42:48+00:00,0,https://www.instagram.com/p/DX6bTT-kT18,https://www.instagram.com/p/DX6bTT-kT18?comment_id=18122051824732849,scraping_instagram,novi8757,Sudah ku duga. Sllu aja tdk bs dicegah
18128606920574177,2026-05-06T04:41:42+00:00,0,https://www.instagram.com/p/DX6bTT-kT18,https://www.instagram.com/p/DX6bTT-kT18?comment_id=18128606920574177,scraping_instagram,adi_daloe,"Harus distop jng  wajib pajak yg jadi korban ,betulkan dulu cortax , atau kembalikan ke awal yg sudah jalan cukup baik audit ulang aplikasi cortax segera 😂😂😂😂😂😂😂"
18101222069069107,2026-05-06T04:37:37+00:00,4,https://www.instagram.com/p/DX6bTT-kT18,https://www.instagram.com/p/DX6bTT-kT18?comment_id=18101222069069107,scraping_instagram,haryahehe,"Sudah biasa bocor. Udah gak ngaruh lagi di kehidupan kita. Ngurusin Teddy dibilang gey aja lsg gercep, urusan ginian diem aja"
17929568922276971,2026-05-06T04:35:06+00:00,0,https://www.instagram.com/p/DX6bTT-kT18,https://www.instagram.com/p/DX6bTT-kT18?comment_id=17929568922276971,scraping_instagram,notforluck_,
18079213667395714,2026-05-06T04:33:48+00:00,0,https://www.instagram.com/p/DX6bTT-kT18,https://www.instagram.com/p/DX6bTT-kT18?comment_id=18079213667395714,scraping_instagram,josephkriz13,@hendycahyadi
18079725527430016,2026-05-06T04:22:26+00:00,0,https://www.instagram.com/p/DX6bTT-kT18,https://www.instagram.com/p/DX6bTT-kT18?comment_id=18079725527430016,scraping_instagram,wildani3676,Pajak dihapuskan krn haram bagi rakyat pribumi yg sdh memberikan kemerdekaan negara ini dari penjajahan..
17993987888947580,2026-05-06T04:16:56+00:00,0,https://www.instagram.com/p/DX6bTT-kT18,https://www.instagram.com/p/DX6bTT-kT18?comment_id=17993987888947580,scraping_instagram,angga.im,Buat mereka yg penting warga bayar pajak 😂
17874804201603128,2026-05-06T04:10:32+00:00,0,https://www.instagram.com/p/DX6bTT-kT18,https://www.instagram.com/p/DX6bTT-kT18?comment_id=17874804201603128,scraping_instagram,jempolvas,gimana ga pak Purbaya makin stress ya ...hadeh
18069078500693744,2026-05-06T03:58:12+00:00,0,https://www.instagram.com/p/DX6bTT-kT18,https://www.instagram.com/p/DX6bTT-kT18?comment_id=18069078500693744,scraping_instagram,sia_paaku2020,Kalian kaget? Biasa aja keles
18016492601836998,2026-05-06T03:45:47+00:00,0,https://www.instagram.com/p/DX6bTT-kT18,https://www.instagram.com/p/DX6bTT-kT18?comment_id=18016492601836998,scraping_instagram,vina.hua,Naruh di server mana lah itu coba? Jgn ky situng laah jabingan semua di kpu
18122761558626756,2026-05-06T03:45:19+00:00,0,https://www.instagram.com/p/DX6bTT-kT18,https://www.instagram.com/p/DX6bTT-kT18?comment_id=18122761558626756,scraping_instagram,arya_marsono,"Terlalu banyak korupsi, tidak ada kualitas"
17905376796244110,2026-05-06T03:44:35+00:00,0,https://www.instagram.com/p/DX6bTT-kT18,https://www.instagram.com/p/DX6bTT-kT18?comment_id=17905376796244110,scraping_instagram,ryojwr,Apakah kita kaget?? Oh tentu tidakk 😂😂😂
18089030384203304,2026-05-06T03:39:59+00:00,0,https://www.instagram.com/p/DX6bTT-kT18,https://www.instagram.com/p/DX6bTT-kT18?comment_id=18089030384203304,scraping_instagram,lizaariani52,kontraktornya yg bermslh?
17887053888516006,2026-05-06T03:34:41+00:00,0,https://www.instagram.com/p/DX6bTT-kT18,https://www.instagram.com/p/DX6bTT-kT18?comment_id=17887053888516006,scraping_instagram,johanarefine,"AwhwhaAhahahahaAHWHWHAWHAHAA KONTL, ANGGARAN BESAR BUAT APP KEK TAEK, GITU MAKSA2 ORANG TAAT BAYAR PAJAK"
17926930416276973,2026-05-06T03:28:26+00:00,0,https://www.instagram.com/p/DX6bTT-kT18,https://www.instagram.com/p/DX6bTT-kT18?comment_id=17926930416276973,scraping_instagram,ch4n.24,Bocor sebocornya???
17865730284547046,2026-05-06T03:22:45+00:00,0,https://www.instagram.com/p/DX6bTT-kT18,https://www.instagram.com/p/DX6bTT-kT18?comment_id=17865730284547046,scraping_instagram,bitra_gd3vividblue,Negara ini tidak kekurangan orang pintar....Hanya kekurangan orang jujur.
18092365676224253,2026-05-06T03:20:24+00:00,0,https://www.instagram.com/p/DX6bTT-kT18,https://www.instagram.com/p/DX6bTT-kT18?comment_id=18092365676224253,scraping_instagram,viatmojo_fam,menkeu kan yg buat ini?jgn²
17939858241038178,2026-05-06T03:11:04+00:00,0,https://www.instagram.com/p/DX6bTT-kT18,https://www.instagram.com/p/DX6bTT-kT18?comment_id=17939858241038178,scraping_instagram,y_pranoto,Duh... Terima kasih negara q...
17888410512472955,2026-05-06T03:02:44+00:00,0,https://www.instagram.com/p/DX6bTT-kT18,https://www.instagram.com/p/DX6bTT-kT18?comment_id=17888410512472955,scraping_instagram,kennynotz,"Gue di kirimin 2 wa di hari yg sama, no yg berbeda, di infokan AR udah di ganti .. lucunya AR nya beda nama .. trus ada wa lagi satu masuk nanya ijin usaha meng atas namakan dr DJP .. wkwkwkwk …. Negri dagelan, disuruh bayar pajak tapi data WP bocor dimana2 … 😂😂😂"
18009179975884952,2026-05-06T03:02:17+00:00,0,https://www.instagram.com/p/DX6bTT-kT18,https://www.instagram.com/p/DX6bTT-kT18?comment_id=18009179975884952,scraping_instagram,custintr,Cuihhhhhhh apa yg gak bochor😒
18318826762257271,2026-05-06T02:59:07+00:00,0,https://www.instagram.com/p/DX6bTT-kT18,https://www.instagram.com/p/DX6bTT-kT18?comment_id=18318826762257271,scraping_instagram,anggamaulanasandra,Pantesan gak bisa dibuka linknya
18098131238030807,2026-05-06T02:47:01+00:00,0,https://www.instagram.com/p/DX6bTT-kT18,https://www.instagram.com/p/DX6bTT-kT18?comment_id=18098131238030807,scraping_instagram,alvinadjie,kalo data masuk ke pemerintah dah siap2 ikhlasin aja
18080688251623252,2026-05-06T02:44:55+00:00,0,https://www.instagram.com/p/DX6bTT-kT18,https://www.instagram.com/p/DX6bTT-kT18?comment_id=18080688251623252,scraping_instagram,adi_daloe,"Harus distop jng  wajib pajak yg jadi korban ,betulkan dulu cortax , atau kembalikan ke awal yg sudah jalan cukup baik audit ulang aplikasi cortax segera 😂😂😂😂😂😂😂"
18374330221161818,2026-05-06T02:37:16+00:00,0,https://www.instagram.com/p/DX6bTT-kT18,https://www.instagram.com/p/DX6bTT-kT18?comment_id=18374330221161818,scraping_instagram,oesni,"Data presiden dan pejabat seharga $10000 , data wapres semisal NiK dibobol buat apa ya, pinjol kah..awok awok"
18100879838044483,2026-05-06T02:23:23+00:00,0,https://www.instagram.com/p/DX6bTT-kT18,https://www.instagram.com/p/DX6bTT-kT18?comment_id=18100879838044483,scraping_instagram,christinaariretna,Penjahatnya siapa ?
18142337899450669,2026-05-06T02:20:42+00:00,0,https://www.instagram.com/p/DX6bTT-kT18,https://www.instagram.com/p/DX6bTT-kT18?comment_id=18142337899450669,scraping_instagram,yudindra11,Sudah bisa diduga keamanan sistemnya akan mudah di curi
17974744512032480,2026-05-06T02:16:52+00:00,0,https://www.instagram.com/p/DX6bTT-kT18,https://www.instagram.com/p/DX6bTT-kT18?comment_id=17974744512032480,scraping_instagram,hadi_wido,Pecat Dirjen Pajaknya!
17968436717901520,2026-05-06T02:10:55+00:00,0,https://www.instagram.com/p/DX6bTT-kT18,https://www.instagram.com/p/DX6bTT-kT18?comment_id=17968436717901520,scraping_instagram,andreamijaya,"Makane aku di telp ,ngaku dr kpp yg 3mang bener kpp asal ,parah negara ,kl masyaarakat yg bocorin ada pasal yg berat,kl instansi negara,gimana hukumnya"
17935244778239580,2026-05-06T02:09:14+00:00,0,https://www.instagram.com/p/DX6bTT-kT18,https://www.instagram.com/p/DX6bTT-kT18?comment_id=17935244778239580,scraping_instagram,aweadiwinoto,Sudah biasa
18005652575911271,2026-05-06T01:59:00+00:00,0,https://www.instagram.com/p/DX6bTT-kT18,https://www.instagram.com/p/DX6bTT-kT18?comment_id=18005652575911271,scraping_instagram,tputri13,Hari hari gebrakan bodoh ..sungguh 😂😂😂
17937330345214372,2026-05-06T01:55:19+00:00,0,https://www.instagram.com/p/DX6bTT-kT18,https://www.instagram.com/p/DX6bTT-kT18?comment_id=17937330345214372,scraping_instagram,malvhariyanto,😢😢😢
18109201382509347,2026-05-06T01:52:31+00:00,0,https://www.instagram.com/p/DX6bTT-kT18,https://www.instagram.com/p/DX6bTT-kT18?comment_id=18109201382509347,scraping_instagram,rio_blackdevil_446,Bukan di bobol tapi emang dijual Ama mereka sendiri..
18012747509852515,2026-05-06T01:51:30+00:00,0,https://www.instagram.com/p/DX6bTT-kT18,https://www.instagram.com/p/DX6bTT-kT18?comment_id=18012747509852515,scraping_instagram,antoniljas03,Tenang kata P Pur.  Saya kenalllll banyak Hacker yg jago jagoooo
18068981546660159,2026-05-06T01:46:27+00:00,0,https://www.instagram.com/p/DX6bTT-kT18,https://www.instagram.com/p/DX6bTT-kT18?comment_id=18068981546660159,scraping_instagram,aryows,"Mungkin data kita dijual buat nutup kekurangan APBN, jangan suudzon dulu 🙌"
18316887205274500,2026-05-06T01:44:16+00:00,0,https://www.instagram.com/p/DX6bTT-kT18,https://www.instagram.com/p/DX6bTT-kT18?comment_id=18316887205274500,scraping_instagram,freedom99palestine,😂 perpajakan isinya mayoritas rampok semua
18205655071340961,2026-05-06T01:40:25+00:00,0,https://www.instagram.com/p/DX6bTT-kT18,https://www.instagram.com/p/DX6bTT-kT18?comment_id=18205655071340961,scraping_instagram,meiky_endra,Capek dehhhh
18147875584491953,2026-05-06T01:32:31+00:00,0,https://www.instagram.com/p/DX6bTT-kT18,https://www.instagram.com/p/DX6bTT-kT18?comment_id=18147875584491953,scraping_instagram,vitzveron,ngenes
18070830506657548,2026-05-06T01:23:48+00:00,0,https://www.instagram.com/p/DX6bTT-kT18,https://www.instagram.com/p/DX6bTT-kT18?comment_id=18070830506657548,scraping_instagram,mekururuhanae,Nah kn tolol
18216333769320426,2026-05-06T01:02:53+00:00,0,https://www.instagram.com/p/DX6bTT-kT18,https://www.instagram.com/p/DX6bTT-kT18?comment_id=18216333769320426,scraping_instagram,papoy_sh,"gpp, org data laporannya byk palsunya juga 😂😂😂"
18001112984750821,2026-05-06T01:01:27+00:00,0,https://www.instagram.com/p/DX6bTT-kT18,https://www.instagram.com/p/DX6bTT-kT18?comment_id=18001112984750821,scraping_instagram,mbahkaset,Anggaran gede??
18029946719632729,2026-05-06T00:58:02+00:00,24,https://www.instagram.com/p/DX6bTT-kT18,https://www.instagram.com/p/DX6bTT-kT18?comment_id=18029946719632729,scraping_instagram,sleeperce11,Polisi siber hrs nya ngurus beginian bukan postingan medsos.
18089295050196695,2026-05-06T00:46:20+00:00,0,https://www.instagram.com/p/DX6bTT-kT18,https://www.instagram.com/p/DX6bTT-kT18?comment_id=18089295050196695,scraping_instagram,okky.yupp,Lha?
18137126074538871,2026-05-06T00:45:04+00:00,0,https://www.instagram.com/p/DX6bTT-kT18,https://www.instagram.com/p/DX6bTT-kT18?comment_id=18137126074538871,scraping_instagram,yuniemha,😢😢
17972586953881954,2026-05-06T00:16:34+00:00,0,https://www.instagram.com/p/DX6bTT-kT18,https://www.instagram.com/p/DX6bTT-kT18?comment_id=17972586953881954,scraping_instagram,altaira_27,Harusnya ada hukuman buat pemerintah yg lalai ngejaga rakyat nya.
17887084422530460,2026-05-06T00:12:09+00:00,0,https://www.instagram.com/p/DX6bTT-kT18,https://www.instagram.com/p/DX6bTT-kT18?comment_id=17887084422530460,scraping_instagram,_toro.07,Normal ini mah
18104088536293566,2026-05-06T00:11:55+00:00,0,https://www.instagram.com/p/DX6bTT-kT18,https://www.instagram.com/p/DX6bTT-kT18?comment_id=18104088536293566,scraping_instagram,andibqp,Sudah biasa...
17881628943416677,2026-05-06T00:02:44+00:00,0,https://www.instagram.com/p/DX6bTT-kT18,https://www.instagram.com/p/DX6bTT-kT18?comment_id=17881628943416677,scraping_instagram,arifin.poh,Laporan ke KPK sejak tahun 2025 kok ga diproses. Jelas2 ini aplikasi bermasalah dan ga beres juga. Sementara wp dirugikan dgn komplikasi masalah coretax dan berimbas pada menurun nya angka pelaporan SPT OP dan badan.
18098576231125618,2026-05-05T23:19:47+00:00,9,https://www.instagram.com/p/DX6bTT-kT18,https://www.instagram.com/p/DX6bTT-kT18?comment_id=18098576231125618,scraping_instagram,tradersonthebeach,"Lah, sistem digital malah berbahaya! Mending balik ke manual pak. Meski gak terlihat canggih tapi relatif lebih aman."
18421260895121087,2026-05-05T23:12:15+00:00,0,https://www.instagram.com/p/DX6bTT-kT18,https://www.instagram.com/p/DX6bTT-kT18?comment_id=18421260895121087,scraping_instagram,salute1428lz,
18076415450196563,2026-05-05T23:04:23+00:00,4,https://www.instagram.com/p/DX6bTT-kT18,https://www.instagram.com/p/DX6bTT-kT18?comment_id=18076415450196563,scraping_instagram,voidyagami10,@ditjenpajakri  apaaann neeeehhhhhhh?
17930960631254635,2026-05-05T22:56:51+00:00,0,https://www.instagram.com/p/DX6bTT-kT18,https://www.instagram.com/p/DX6bTT-kT18?comment_id=17930960631254635,scraping_instagram,diptaerlangga,🔥🔥
18114431788695793,2026-05-05T22:31:21+00:00,0,https://www.instagram.com/p/DX6bTT-kT18,https://www.instagram.com/p/DX6bTT-kT18?comment_id=18114431788695793,scraping_instagram,orsola.id,Sebelum ini juga udh bocor...sebelum ini sudah banyak scam pakai nama DJP.. scammer bisa tau data WP dengan akurat yg menimbulkan kebingungan beneran DJP atau bukan.. sehingga banyak korban.. terutama bagi yg tidak terbiasa handle perpajakan..😢😢
17968652508053633,2026-05-05T22:30:21+00:00,0,https://www.instagram.com/p/DX6bTT-kT18,https://www.instagram.com/p/DX6bTT-kT18?comment_id=17968652508053633,scraping_instagram,iwankenrianto,😂😂😂😂
18077708198193565,2026-05-05T22:28:34+00:00,28,https://www.instagram.com/p/DX6bTT-kT18,https://www.instagram.com/p/DX6bTT-kT18?comment_id=18077708198193565,scraping_instagram,tx.blu,"Hayo lho.. pak @purbayayudhi marahin dirjen pajag nya pak. Klo gk bs kerja ganti aj sama saya pak, saya mau"
17936290275226966,2026-05-05T21:30:42+00:00,0,https://www.instagram.com/p/DX6bTT-kT18,https://www.instagram.com/p/DX6bTT-kT18?comment_id=17936290275226966,scraping_instagram,deni.kusuma271,😂😂😂😂
18359742382225260,2026-05-05T21:22:28+00:00,0,https://www.instagram.com/p/DX6bTT-kT18,https://www.instagram.com/p/DX6bTT-kT18?comment_id=18359742382225260,scraping_instagram,shinmayuyuyuzu,"Contoh konkrit monyet berusaha jadi manusia, secanggih apapun tetap monyet"
18089003936258512,2026-05-05T20:16:06+00:00,0,https://www.instagram.com/p/DX6bTT-kT18,https://www.instagram.com/p/DX6bTT-kT18?comment_id=18089003936258512,scraping_instagram,ingrid_skylight,"1,3 T ujung2nya cm jadi taik…. Smua gara2 SMI antek2 satanik global …. Pantesan tadi si coretax nyuruh ganti password…"
18104300522485284,2026-05-05T19:27:47+00:00,0,https://www.instagram.com/p/DX6bTT-kT18,https://www.instagram.com/p/DX6bTT-kT18?comment_id=18104300522485284,scraping_instagram,3007_4869,Keren emang 👏👏👏
18061884383705570,2026-05-05T17:19:08+00:00,0,https://www.instagram.com/p/DX6bTT-kT18,https://www.instagram.com/p/DX6bTT-kT18?comment_id=18061884383705570,scraping_instagram,anarofiaah,Kicau kicau mania 🔥🔥🔥
18135081535477096,2026-05-05T16:58:19+00:00,2,https://www.instagram.com/p/DX6bTT-kT18,https://www.instagram.com/p/DX6bTT-kT18?comment_id=18135081535477096,scraping_instagram,nikson_hutasoit,Real open source ah
17986163492994211,2026-05-05T16:46:41+00:00,68,https://www.instagram.com/p/DX6bTT-kT18,https://www.instagram.com/p/DX6bTT-kT18?comment_id=17986163492994211,scraping_instagram,rian.elf,"udah kenyang ama berita ginian, negara ini cuma pengen canggih biar keliatan maju tapi ogah modalin SDM berkualitas buat sistem infrastruktur mereka, pantesan aja beberapa hari ini kena spam telpon mulu ama nomer penipuan yang mengatasnamakan pihak pajak😂"
17867087100674027,2026-05-05T16:41:25+00:00,0,https://www.instagram.com/p/DX6bTT-kT18,https://www.instagram.com/p/DX6bTT-kT18?comment_id=17867087100674027,scraping_instagram,arxiverse,admin123🗿
18080309798452830,2026-05-05T16:17:31+00:00,0,https://www.instagram.com/p/DX6bTT-kT18,https://www.instagram.com/p/DX6bTT-kT18?comment_id=18080309798452830,scraping_instagram,bearcubx,WTF banget deh ini
18039839849788970,2026-05-05T16:03:34+00:00,0,https://www.instagram.com/p/DX6bTT-kT18,https://www.instagram.com/p/DX6bTT-kT18?comment_id=18039839849788970,scraping_instagram,wiryawansaid,KPK mana ?
18073571948284852,2026-05-05T16:01:26+00:00,111,https://www.instagram.com/p/DX6bTT-kT18,https://www.instagram.com/p/DX6bTT-kT18?comment_id=18073571948284852,scraping_instagram,hary.fineart22,"Gak kaget, KAN DATA RAKYAT DI SERAHIN PRABOWO KE TRUMP 😂😂 GOBLOKKKK"
18098054720025868,2026-05-05T15:56:06+00:00,0,https://www.instagram.com/p/DX6bTT-kT18,https://www.instagram.com/p/DX6bTT-kT18?comment_id=18098054720025868,scraping_instagram,herry84,Yes yes yes
17911493145384735,2026-05-05T15:18:44+00:00,0,https://www.instagram.com/p/DX6bTT-kT18,https://www.instagram.com/p/DX6bTT-kT18?comment_id=17911493145384735,scraping_instagram,mathin.mochammad,Hadeuh negara open source
18461198977105777,2026-05-05T15:06:33+00:00,0,https://www.instagram.com/p/DX6bTT-kT18,https://www.instagram.com/p/DX6bTT-kT18?comment_id=18461198977105777,scraping_instagram,therealkartika8,Hahahaaa
18061866158449737,2026-05-05T14:28:25+00:00,0,https://www.instagram.com/p/DX6bTT-kT18,https://www.instagram.com/p/DX6bTT-kT18?comment_id=18061866158449737,scraping_instagram,anrse06,Innalillahi
18087791279580340,2026-05-05T13:48:02+00:00,0,https://www.instagram.com/p/DX6bTT-kT18,https://www.instagram.com/p/DX6bTT-kT18?comment_id=18087791279580340,scraping_instagram,snbnjbbrj,sistem GOBLOK dijalani sama pemerintah TOLOL @ditjenpajakri
17857041411636924,2026-05-05T12:49:40+00:00,0,https://www.instagram.com/p/DX6bTT-kT18,https://www.instagram.com/p/DX6bTT-kT18?comment_id=17857041411636924,scraping_instagram,adaapadenganendus,💩
18100151951319477,2026-05-05T12:32:34+00:00,0,https://www.instagram.com/p/DX6bTT-kT18,https://www.instagram.com/p/DX6bTT-kT18?comment_id=18100151951319477,scraping_instagram,ariprabowo.official,😂😂😂
17973445236031122,2026-05-05T11:50:54+00:00,0,https://www.instagram.com/p/DX6bTT-kT18,https://www.instagram.com/p/DX6bTT-kT18?comment_id=17973445236031122,scraping_instagram,zekie_07,Mantul
18329948485149033,2026-05-05T11:44:19+00:00,16,https://www.instagram.com/p/DX6bTT-kT18,https://www.instagram.com/p/DX6bTT-kT18?comment_id=18329948485149033,scraping_instagram,rheza_w,"Coba gue tebak, backend pakai node js tiba-tiba load server 100% sampai harus di restart berkali-kali 😂"
18360751159226310,2026-05-05T10:42:19+00:00,10,https://www.instagram.com/p/DX6bTT-kT18,https://www.instagram.com/p/DX6bTT-kT18?comment_id=18360751159226310,scraping_instagram,imam.tajhin,"Udah bocor duluan, tmn saya sehari masukin nomor WA dan Email baru ke coretax. Keesokan harinya langsung di hubungi OTK mengatasnamakan pajak. Payah payah @cacakpraspicisan ."
18319899181251256,2026-05-05T10:17:02+00:00,84,https://www.instagram.com/p/DX6bTT-kT18,https://www.instagram.com/p/DX6bTT-kT18?comment_id=18319899181251256,scraping_instagram,ariefrachman691,"Giliran data ijazah Jokowi bisa privacy ga boleh dilihat sembarangan , data rakyatnya semua sektor kebocoran Mulu , negara macam apa ini 😂"
17989378904975387,2026-05-05T03:45:25+00:00,0,https://www.instagram.com/p/DX6bTT-kT18,https://www.instagram.com/p/DX6bTT-kT18?comment_id=17989378904975387,scraping_instagram,keziaarianto,Dibobol dihack tanpa ada yang sudah mengetahui membuat program tersebut?
18120669958633319,2026-05-05T03:30:02+00:00,0,https://www.instagram.com/p/DX6bTT-kT18,https://www.instagram.com/p/DX6bTT-kT18?comment_id=18120669958633319,scraping_instagram,uwillxlz,Nahkan😂
17867743536534753,2026-05-05T03:27:50+00:00,0,https://www.instagram.com/p/DX6bTT-kT18,https://www.instagram.com/p/DX6bTT-kT18?comment_id=17867743536534753,scraping_instagram,cpitz777,Udah biasa 😂😂😂😂
18108241948918081,2026-05-05T03:23:02+00:00,0,https://www.instagram.com/p/DX6bTT-kT18,https://www.instagram.com/p/DX6bTT-kT18?comment_id=18108241948918081,scraping_instagram,laatiiffff,negara kita open source 😂
17855510862647437,2026-05-05T03:06:14+00:00,14,https://www.instagram.com/p/DX6bTT-kT18,https://www.instagram.com/p/DX6bTT-kT18?comment_id=17855510862647437,scraping_instagram,lukmannhk14,Kok panik sekarang? Bukannya dari dulu ya data kita bocor😂
18113184226879824,2026-05-05T00:58:59+00:00,0,https://www.instagram.com/p/DX6bTT-kT18,https://www.instagram.com/p/DX6bTT-kT18?comment_id=18113184226879824,scraping_instagram,harisaidhinrmdhan_,Hemmm😢
17947634169180540,2026-05-04T23:59:58+00:00,0,https://www.instagram.com/p/DX6bTT-kT18,https://www.instagram.com/p/DX6bTT-kT18?comment_id=17947634169180540,scraping_instagram,mbingsdk,"Web gajelas, registrasi dibilang udah terdaftar, reset password katanya id tidak terdaftar, gajelas emang coretax"
18126679795614745,2026-05-04T23:54:21+00:00,13,https://www.instagram.com/p/DX6bTT-kT18,https://www.instagram.com/p/DX6bTT-kT18?comment_id=18126679795614745,scraping_instagram,molaviarmandottop,"Katanya biaya buat ini 1T lebih, kualitas buruk. Tapi gak pernah diusut."
17919216756143021,2026-05-04T23:53:21+00:00,0,https://www.instagram.com/p/DX6bTT-kT18,https://www.instagram.com/p/DX6bTT-kT18?comment_id=17919216756143021,scraping_instagram,rslnbdmn,"data kita itu gak ada harga dirinya, coba aja tulis di google ktp kk orang indo"
18096748763146634,2026-05-04T23:49:42+00:00,0,https://www.instagram.com/p/DX6bTT-kT18,https://www.instagram.com/p/DX6bTT-kT18?comment_id=18096748763146634,scraping_instagram,m.zulkhaidird,Perasaan pak purbaya udh gandeng hacker indo masa masih tembus
18070885490444708,2026-05-04T14:56:40+00:00,0,https://www.instagram.com/p/DX6bTT-kT18,https://www.instagram.com/p/DX6bTT-kT18?comment_id=18070885490444708,scraping_instagram,gs130021,Dirjen pajak nya g0blok & maling anggaran aplikasi coretax
17997432218768469,2026-05-04T14:15:03+00:00,15,https://www.instagram.com/p/DX6bTT-kT18,https://www.instagram.com/p/DX6bTT-kT18?comment_id=17997432218768469,scraping_instagram,rzzz_sf,"proyek yg abisin triliunan buat app aja hasilnya kyk begini, mbg mau ikut*an tuh 😂😂"
17878464579587247,2026-05-04T13:49:03+00:00,0,https://www.instagram.com/p/DX6bTT-kT18,https://www.instagram.com/p/DX6bTT-kT18?comment_id=17878464579587247,scraping_instagram,aghna.base.eth,baru juga bikin ajg2
17968813602056191,2026-05-04T12:23:48+00:00,0,https://www.instagram.com/p/DX6bTT-kT18,https://www.instagram.com/p/DX6bTT-kT18?comment_id=17968813602056191,scraping_instagram,ach.sirodjudin,"Satu sistem tapi ada yang belum terintegrasi, misal bikin billing deposit itu, kocak banget deh"
18102492764062740,2026-05-04T11:33:34+00:00,0,https://www.instagram.com/p/DX6bTT-kT18,https://www.instagram.com/p/DX6bTT-kT18?comment_id=18102492764062740,scraping_instagram,mekaraflorent,Cek linkin bang amri udah dikulitin🔥
18137627137521635,2026-05-04T11:33:17+00:00,9,https://www.instagram.com/p/DX6bTT-kT18,https://www.instagram.com/p/DX6bTT-kT18?comment_id=18137627137521635,scraping_instagram,gruu_ment,"Sudah duluan gw bongkar djp pajak ini, kemarin gak sampe deep banget dan udah gw duga ini bakal terjadi karna jujur aja, sistemnya itu emang lumayan mudah untuk dibobol...."
17939689008038197,2026-05-04T10:57:38+00:00,1,https://www.instagram.com/p/DX6bTT-kT18,https://www.instagram.com/p/DX6bTT-kT18?comment_id=17939689008038197,scraping_instagram,sigit_allatif7,Yg buat kan hacker 😂
18079836893301128,2026-05-04T10:14:44+00:00,4,https://www.instagram.com/p/DX6bTT-kT18,https://www.instagram.com/p/DX6bTT-kT18?comment_id=18079836893301128,scraping_instagram,dragonsecurity76,vendor nya tanggung jawab vendor kok gaptek
