id,timestamp,likesCount,postUrl,commentUrl,source_file,ownerUsername,text
18118319026702869,2026-05-22T10:43:12+00:00,319,https://www.instagram.com/reel/DYmu1e6PyWi/,https://www.instagram.com/reel/DYmu1e6PyWi/?comment_id=18118319026702869,scraping_instagram,_inilesthy,Please kalian cari tau baiknya jangan gampang di pecah belah negara kita udah mau bergerak mandiri memperbanyak ekspor negara kita masih bisa di selamatkan ga bakalan kiamat
17881167756589200,2026-05-22T14:32:16+00:00,11,https://www.instagram.com/reel/DYmu1e6PyWi/,https://www.instagram.com/reel/DYmu1e6PyWi/?comment_id=17881167756589200,scraping_instagram,maria.ani.9678,Jangan termakan berita nggak bener ya... Utamakan persatuan bangsa.....
17979650855849050,2026-05-22T02:16:38+00:00,3658,https://www.instagram.com/reel/DYmu1e6PyWi/,https://www.instagram.com/reel/DYmu1e6PyWi/?comment_id=17979650855849050,scraping_instagram,abdul_rachman_81.47658,"Pak Habibie rela menutup PT. Dirgantara Indonesia yang sudah memproduksi pesawat terbang karya beliau, demi mengurangi krisis ekonomi yang besar, dan demi stabilitas Negara, padahal itu adalah cita cita pak Habibie dan aset besar bangsa dimasa depan. Al Fatihah untuk Pak Habibie...! Dan Innaalillah untuk pemimpin saat ini....!"
18102713552071138,2026-05-22T01:50:09+00:00,1996,https://www.instagram.com/reel/DYmu1e6PyWi/,https://www.instagram.com/reel/DYmu1e6PyWi/?comment_id=18102713552071138,scraping_instagram,fajarandi12,"Presiden yang selalu di hujat , lebih parah dari sebelumnyaa .."
18084208145455031,2026-05-22T05:28:23+00:00,3378,https://www.instagram.com/reel/DYmu1e6PyWi/,https://www.instagram.com/reel/DYmu1e6PyWi/?comment_id=18084208145455031,scraping_instagram,farhan_saputtra,ini serius negara Segede ini di pimpin lansia sama balita?😢
18101035667105670,2026-05-21T23:50:08+00:00,1582,https://www.instagram.com/reel/DYmu1e6PyWi/,https://www.instagram.com/reel/DYmu1e6PyWi/?comment_id=18101035667105670,scraping_instagram,adra1105,MBG DAN KOPDES PROGRAM DILAKNAT ALLAH
17891752542355954,2026-05-22T01:07:14+00:00,206,https://www.instagram.com/reel/DYmu1e6PyWi/,https://www.instagram.com/reel/DYmu1e6PyWi/?comment_id=17891752542355954,scraping_instagram,chairijah5216,"Lebih baik wo dan wakilnya mundur dan mengakui kalau Anis pemenang sesungguhnya.Insyaallah wo dikenang sebagai pahlawan kebenaran.
Insyaallah dg kun fayakun maka jadilah Anis RI 1 tanpa tunggu 2029."
18190082836375271,2026-05-23T17:27:53+00:00,1,https://www.instagram.com/reel/DYmu1e6PyWi/,https://www.instagram.com/reel/DYmu1e6PyWi/?comment_id=18190082836375271,scraping_instagram,amelyarahmadanii,"Lagu apaan ni, kocak bgt😭"
18101594338910969,2026-05-22T11:16:21+00:00,4,https://www.instagram.com/reel/DYmu1e6PyWi/,https://www.instagram.com/reel/DYmu1e6PyWi/?comment_id=18101594338910969,scraping_instagram,reno_ii09,@prabowo  gimana perasaan nya pak😂😂
17861445576691620,2026-05-22T00:05:24+00:00,2213,https://www.instagram.com/reel/DYmu1e6PyWi/,https://www.instagram.com/reel/DYmu1e6PyWi/?comment_id=17861445576691620,scraping_instagram,iniasad,Kekuasaan hanya untuk berbisnis..miris sekali cuih
18122623438631360,2026-05-22T01:30:52+00:00,101,https://www.instagram.com/reel/DYmu1e6PyWi/,https://www.instagram.com/reel/DYmu1e6PyWi/?comment_id=18122623438631360,scraping_instagram,habibgasimalkaff,"Istidroj, artinya Allah biarken dgn kejayaan dan ke dholiman"
18025123367823908,2026-05-22T04:15:22+00:00,29,https://www.instagram.com/reel/DYmu1e6PyWi/,https://www.instagram.com/reel/DYmu1e6PyWi/?comment_id=18025123367823908,scraping_instagram,ndcwiz,@gibran_rakabuming bilang ke @prabowo soal video ini karena program MBG ini bikin nilai rupiah jadi 17500 lebih. Tolong hentikan program MBG ini.
18004633283868417,2026-05-22T02:40:31+00:00,321,https://www.instagram.com/reel/DYmu1e6PyWi/,https://www.instagram.com/reel/DYmu1e6PyWi/?comment_id=18004633283868417,scraping_instagram,arifbudiwurianto,"MashaAllah..,pemimpin yg dimurkai Allah."
17870128527673791,2026-05-22T06:32:07+00:00,12,https://www.instagram.com/reel/DYmu1e6PyWi/,https://www.instagram.com/reel/DYmu1e6PyWi/?comment_id=17870128527673791,scraping_instagram,see_henky777,"apapun masalahnya...., KOPDES dan MBG adalah Solusinya 🤣😂👍👍👍👍👍👍👍👍👍👍👍👍👍👍👍👍👍"
17895779388460071,2026-05-21T22:42:46+00:00,338,https://www.instagram.com/reel/DYmu1e6PyWi/,https://www.instagram.com/reel/DYmu1e6PyWi/?comment_id=17895779388460071,scraping_instagram,aries_21367,"Lanjutkan kreatifitas ky gini , makin banyak mskin mantapppp"
17996196455775662,2026-05-22T02:37:22+00:00,357,https://www.instagram.com/reel/DYmu1e6PyWi/,https://www.instagram.com/reel/DYmu1e6PyWi/?comment_id=17996196455775662,scraping_instagram,robb.ie9909,Revolusi rakyat turunkan rezim ini
18106056817766861,2026-05-23T07:35:22+00:00,1,https://www.instagram.com/reel/DYmu1e6PyWi/,https://www.instagram.com/reel/DYmu1e6PyWi/?comment_id=18106056817766861,scraping_instagram,at.un7026,Pokoknya hidup Jokowi 🥰
18065197400415473,2026-05-21T22:33:00+00:00,90,https://www.instagram.com/reel/DYmu1e6PyWi/,https://www.instagram.com/reel/DYmu1e6PyWi/?comment_id=18065197400415473,scraping_instagram,ikinzaenalmuttaqien,Sadarlah... sadarlah...!
18033857789801915,2026-05-22T01:44:55+00:00,921,https://www.instagram.com/reel/DYmu1e6PyWi/,https://www.instagram.com/reel/DYmu1e6PyWi/?comment_id=18033857789801915,scraping_instagram,fatur_roman09,negara semakin suram di pimpin wowo
18063456515686498,2026-05-23T07:48:07+00:00,1,https://www.instagram.com/reel/DYmu1e6PyWi/,https://www.instagram.com/reel/DYmu1e6PyWi/?comment_id=18063456515686498,scraping_instagram,didah6504,"Aku yaqin prabowo nggak liat  medsos ini  klo bener"" liat pastilah  mmbara  kritikan pedes"" .cm para ajudan nya liat ."
18003495257873025,2026-05-24T02:29:15+00:00,2,https://www.instagram.com/reel/DYmu1e6PyWi/,https://www.instagram.com/reel/DYmu1e6PyWi/?comment_id=18003495257873025,scraping_instagram,herryrhd_,@prabowo hebat kali dut
18094193623963707,2026-05-23T13:27:01+00:00,2,https://www.instagram.com/reel/DYmu1e6PyWi/,https://www.instagram.com/reel/DYmu1e6PyWi/?comment_id=18094193623963707,scraping_instagram,ana_mc_acara,Begini terang benderang...masak RI 1 nggak tahu...nggak ngelihat kondisi negri.. sebegitu ketat filter sampai bapak kita nggak tahu...
18164228866438132,2026-05-22T06:49:25+00:00,40,https://www.instagram.com/reel/DYmu1e6PyWi/,https://www.instagram.com/reel/DYmu1e6PyWi/?comment_id=18164228866438132,scraping_instagram,t_gunadi,Menyesal 😢😢😢😢😢😢
17897591694304412,2026-05-22T02:21:20+00:00,620,https://www.instagram.com/reel/DYmu1e6PyWi/,https://www.instagram.com/reel/DYmu1e6PyWi/?comment_id=17897591694304412,scraping_instagram,dedisuhendi719,inilah presiden yg melecehkan rakyatnya sendiri bro
18203166658356433,2026-05-23T07:42:25+00:00,1,https://www.instagram.com/reel/DYmu1e6PyWi/,https://www.instagram.com/reel/DYmu1e6PyWi/?comment_id=18203166658356433,scraping_instagram,vickylisendraputra,@prabowo @presidenrepublikindonesia @gibran_rakabuming 😂😂😂
18326291734266798,2026-05-22T05:34:21+00:00,400,https://www.instagram.com/reel/DYmu1e6PyWi/,https://www.instagram.com/reel/DYmu1e6PyWi/?comment_id=18326291734266798,scraping_instagram,ferri_g_,Tak ikut milih dia tapi ikut MALU punya presiden kyk dia @prabowo
18533660392073393,2026-05-24T14:59:44+00:00,0,https://www.instagram.com/reel/DYmu1e6PyWi/,https://www.instagram.com/reel/DYmu1e6PyWi/?comment_id=18533660392073393,scraping_instagram,sannwong07,@elis_jeo 🤭🤭🤭🤭
18582749089015570,2026-05-23T07:39:13+00:00,1,https://www.instagram.com/reel/DYmu1e6PyWi/,https://www.instagram.com/reel/DYmu1e6PyWi/?comment_id=18582749089015570,scraping_instagram,wulandari_1072,👍👍
18429941377125562,2026-05-21T22:44:51+00:00,15,https://www.instagram.com/reel/DYmu1e6PyWi/,https://www.instagram.com/reel/DYmu1e6PyWi/?comment_id=18429941377125562,scraping_instagram,sugengledeng,Keren
18165760726437815,2026-05-23T07:46:20+00:00,1,https://www.instagram.com/reel/DYmu1e6PyWi/,https://www.instagram.com/reel/DYmu1e6PyWi/?comment_id=18165760726437815,scraping_instagram,wijaya4715,@sawomature
17988166848004237,2026-05-22T06:35:03+00:00,7,https://www.instagram.com/reel/DYmu1e6PyWi/,https://www.instagram.com/reel/DYmu1e6PyWi/?comment_id=17988166848004237,scraping_instagram,taufiq_315,#stopMbg
17871575532522832,2026-05-23T08:57:58+00:00,2,https://www.instagram.com/reel/DYmu1e6PyWi/,https://www.instagram.com/reel/DYmu1e6PyWi/?comment_id=17871575532522832,scraping_instagram,askeladd_artorius7,
17943835185199055,2026-05-23T08:06:31+00:00,1,https://www.instagram.com/reel/DYmu1e6PyWi/,https://www.instagram.com/reel/DYmu1e6PyWi/?comment_id=17943835185199055,scraping_instagram,gregetz6,"Visi Misi sebuah PARTAI dlm membesarkan Nama PARTAI'nya,,,"
18119515615602594,2026-05-23T08:12:25+00:00,1,https://www.instagram.com/reel/DYmu1e6PyWi/,https://www.instagram.com/reel/DYmu1e6PyWi/?comment_id=18119515615602594,scraping_instagram,ajeg_nusantaradika,Pas Sound Track Upacara 17 Agustus wajib di putar ini 👍
18088870001035487,2026-05-23T08:14:00+00:00,1,https://www.instagram.com/reel/DYmu1e6PyWi/,https://www.instagram.com/reel/DYmu1e6PyWi/?comment_id=18088870001035487,scraping_instagram,ibilss8,Jokowi dan prabowo cari.mkaan dan ngemia diindonesia g tau trimakasih
18373643353160132,2026-05-23T08:16:36+00:00,1,https://www.instagram.com/reel/DYmu1e6PyWi/,https://www.instagram.com/reel/DYmu1e6PyWi/?comment_id=18373643353160132,scraping_instagram,rahmatnovyardi,😂😂😂😂😂😂😂
18102830131823833,2026-05-23T08:31:33+00:00,1,https://www.instagram.com/reel/DYmu1e6PyWi/,https://www.instagram.com/reel/DYmu1e6PyWi/?comment_id=18102830131823833,scraping_instagram,raisyazahr,@yolanirwana27
18092447567248085,2026-05-23T08:30:19+00:00,1,https://www.instagram.com/reel/DYmu1e6PyWi/,https://www.instagram.com/reel/DYmu1e6PyWi/?comment_id=18092447567248085,scraping_instagram,nusantarawisnu,terwakili
17881481601585494,2026-05-23T08:24:58+00:00,1,https://www.instagram.com/reel/DYmu1e6PyWi/,https://www.instagram.com/reel/DYmu1e6PyWi/?comment_id=17881481601585494,scraping_instagram,erna_erdot5,"Programny mgkin bagus tp org org dibelakang yg memanfaatkan utk memperkaya diri . Heranny apa betul pak Prabowo tdk paham samsek yg pd punya ""dapur dapur itu"" org kaya semua"
18100676222324539,2026-05-23T08:36:44+00:00,1,https://www.instagram.com/reel/DYmu1e6PyWi/,https://www.instagram.com/reel/DYmu1e6PyWi/?comment_id=18100676222324539,scraping_instagram,lionie_ekky_sanjaya,Up
18078072215241533,2026-05-23T08:41:44+00:00,1,https://www.instagram.com/reel/DYmu1e6PyWi/,https://www.instagram.com/reel/DYmu1e6PyWi/?comment_id=18078072215241533,scraping_instagram,elfyafya,Keren banget lagu nya mau dong😍😍
18183056638378609,2026-05-23T08:50:34+00:00,1,https://www.instagram.com/reel/DYmu1e6PyWi/,https://www.instagram.com/reel/DYmu1e6PyWi/?comment_id=18183056638378609,scraping_instagram,youcanbe_real,Presiden malu maluin sepanjang sejarah
17998724408768255,2026-05-23T08:42:41+00:00,1,https://www.instagram.com/reel/DYmu1e6PyWi/,https://www.instagram.com/reel/DYmu1e6PyWi/?comment_id=17998724408768255,scraping_instagram,tian.tian203,Pemimpin gak berkualitas
17974653855020600,2026-05-23T09:03:42+00:00,1,https://www.instagram.com/reel/DYmu1e6PyWi/,https://www.instagram.com/reel/DYmu1e6PyWi/?comment_id=17974653855020600,scraping_instagram,roseida780,"Tuhan , kasihani lah kami....😭"
18411997267177476,2026-05-23T09:04:03+00:00,1,https://www.instagram.com/reel/DYmu1e6PyWi/,https://www.instagram.com/reel/DYmu1e6PyWi/?comment_id=18411997267177476,scraping_instagram,roseida780,"Tuhan, tolonglah bangsa kami..."
18012202460902584,2026-05-23T09:04:55+00:00,1,https://www.instagram.com/reel/DYmu1e6PyWi/,https://www.instagram.com/reel/DYmu1e6PyWi/?comment_id=18012202460902584,scraping_instagram,roseida780,"Kami tak mampu , hanya kau yg mampu, Tuhan ....berbelas kasihan lah kepada kami... Tolong Tuhan ....😢😢😢😢😢😢"
18374109187162247,2026-05-23T09:05:32+00:00,1,https://www.instagram.com/reel/DYmu1e6PyWi/,https://www.instagram.com/reel/DYmu1e6PyWi/?comment_id=18374109187162247,scraping_instagram,agatha.tatoto,😢
18537205807077643,2026-05-23T09:09:57+00:00,1,https://www.instagram.com/reel/DYmu1e6PyWi/,https://www.instagram.com/reel/DYmu1e6PyWi/?comment_id=18537205807077643,scraping_instagram,wahyukrisnabulan,Bener banget pemimpin tdk perduli 😂😂😂
17931891177280920,2026-05-23T09:07:19+00:00,1,https://www.instagram.com/reel/DYmu1e6PyWi/,https://www.instagram.com/reel/DYmu1e6PyWi/?comment_id=17931891177280920,scraping_instagram,i48214,Begini amat punya Presiden  hai kaum 58% puas  dg kondisi sekarang.👎👎👎
18058399628496330,2026-05-23T09:24:38+00:00,1,https://www.instagram.com/reel/DYmu1e6PyWi/,https://www.instagram.com/reel/DYmu1e6PyWi/?comment_id=18058399628496330,scraping_instagram,rama.dhanputra11,@_inilesthy
17855902221662635,2026-05-23T09:24:36+00:00,1,https://www.instagram.com/reel/DYmu1e6PyWi/,https://www.instagram.com/reel/DYmu1e6PyWi/?comment_id=17855902221662635,scraping_instagram,rama.dhanputra11,@_inilesthy @_inilesthy
18072331640324486,2026-05-23T09:24:40+00:00,1,https://www.instagram.com/reel/DYmu1e6PyWi/,https://www.instagram.com/reel/DYmu1e6PyWi/?comment_id=18072331640324486,scraping_instagram,rama.dhanputra11,@_inilesthy
17963648196093749,2026-05-23T09:43:47+00:00,1,https://www.instagram.com/reel/DYmu1e6PyWi/,https://www.instagram.com/reel/DYmu1e6PyWi/?comment_id=17963648196093749,scraping_instagram,26elfin,Kenapa sih kalian terlalu bergantung terhadap dolar andai pemerintah mau ancam balik itu negara negara lain dengan mengandalkan sumber daya alam kita pasti bisa naik lagi nilai rupiah
18170994547416705,2026-05-23T09:45:04+00:00,1,https://www.instagram.com/reel/DYmu1e6PyWi/,https://www.instagram.com/reel/DYmu1e6PyWi/?comment_id=18170994547416705,scraping_instagram,haloinioniii07,Asu
18196005211363307,2026-05-23T10:00:29+00:00,1,https://www.instagram.com/reel/DYmu1e6PyWi/,https://www.instagram.com/reel/DYmu1e6PyWi/?comment_id=18196005211363307,scraping_instagram,santosodjuanto,Dahsyat BJ Habibie menjadi presiden hanya 18 bulan dolar dari Rp.17.500; turun menjadi Rp.6.500; yang dampaknya langsung terhadap semua kebutuhan pokok rakyat turun drastis dan saya sangat merasakan saat itu
18136426417563448,2026-05-23T10:02:31+00:00,1,https://www.instagram.com/reel/DYmu1e6PyWi/,https://www.instagram.com/reel/DYmu1e6PyWi/?comment_id=18136426417563448,scraping_instagram,aurelardianautami,😂😂😂😂😂
18030137855684686,2026-05-23T10:02:32+00:00,1,https://www.instagram.com/reel/DYmu1e6PyWi/,https://www.instagram.com/reel/DYmu1e6PyWi/?comment_id=18030137855684686,scraping_instagram,ir.pan.16718,Sdh dikepung sm Bazer² Rupiah yg siap hipnotis presiden dg laporan palsunya
18005687912860624,2026-05-23T10:05:31+00:00,1,https://www.instagram.com/reel/DYmu1e6PyWi/,https://www.instagram.com/reel/DYmu1e6PyWi/?comment_id=18005687912860624,scraping_instagram,awan_cakrabuana,Ini adalah fakta kondisi Indonesia saat ini 🔥🔥🔥🔥🔥😭😭😭
17891296740473053,2026-05-23T10:13:35+00:00,1,https://www.instagram.com/reel/DYmu1e6PyWi/,https://www.instagram.com/reel/DYmu1e6PyWi/?comment_id=17891296740473053,scraping_instagram,anaalhany,Astgfirulloh
18594472261015156,2026-05-23T10:26:57+00:00,1,https://www.instagram.com/reel/DYmu1e6PyWi/,https://www.instagram.com/reel/DYmu1e6PyWi/?comment_id=18594472261015156,scraping_instagram,luthpi_67,Nih pak @prabowo
18105389470763180,2026-05-23T10:37:06+00:00,1,https://www.instagram.com/reel/DYmu1e6PyWi/,https://www.instagram.com/reel/DYmu1e6PyWi/?comment_id=18105389470763180,scraping_instagram,boneto_dye,😂😂😂😂
18104591765486124,2026-05-23T10:55:59+00:00,1,https://www.instagram.com/reel/DYmu1e6PyWi/,https://www.instagram.com/reel/DYmu1e6PyWi/?comment_id=18104591765486124,scraping_instagram,bethlehemfamily.wlk,🔥🔥🔥🔥🔥🔥🔥🔥
17995325372782030,2026-05-23T10:52:50+00:00,1,https://www.instagram.com/reel/DYmu1e6PyWi/,https://www.instagram.com/reel/DYmu1e6PyWi/?comment_id=17995325372782030,scraping_instagram,to__pekurehua,..?.?.?.?
18103751759063248,2026-05-23T11:02:12+00:00,1,https://www.instagram.com/reel/DYmu1e6PyWi/,https://www.instagram.com/reel/DYmu1e6PyWi/?comment_id=18103751759063248,scraping_instagram,dafsmith_jr_10,😮
18009386147722266,2026-05-23T11:11:42+00:00,1,https://www.instagram.com/reel/DYmu1e6PyWi/,https://www.instagram.com/reel/DYmu1e6PyWi/?comment_id=18009386147722266,scraping_instagram,ratnadewi.2,Good song ☺
17869768443674596,2026-05-23T11:09:23+00:00,1,https://www.instagram.com/reel/DYmu1e6PyWi/,https://www.instagram.com/reel/DYmu1e6PyWi/?comment_id=17869768443674596,scraping_instagram,komangsawitri087,Vidio tdk bermutu..
18111175957710004,2026-05-23T11:13:21+00:00,1,https://www.instagram.com/reel/DYmu1e6PyWi/,https://www.instagram.com/reel/DYmu1e6PyWi/?comment_id=18111175957710004,scraping_instagram,muslimbayu,Berat kelak hisabmu jendral !!
18526290709076394,2026-05-23T11:27:03+00:00,1,https://www.instagram.com/reel/DYmu1e6PyWi/,https://www.instagram.com/reel/DYmu1e6PyWi/?comment_id=18526290709076394,scraping_instagram,pandangoesty,Menyesal pilih beliau.😭
17930880099090300,2026-05-23T11:14:39+00:00,1,https://www.instagram.com/reel/DYmu1e6PyWi/,https://www.instagram.com/reel/DYmu1e6PyWi/?comment_id=17930880099090300,scraping_instagram,j_alfandi20,Anjiiir nyesel batt mana nyoblos 2 kali lagi
18056204417718701,2026-05-23T11:33:11+00:00,1,https://www.instagram.com/reel/DYmu1e6PyWi/,https://www.instagram.com/reel/DYmu1e6PyWi/?comment_id=18056204417718701,scraping_instagram,ummichan26,Gini pemerintah ngak sadar ya kebangeten😭
17926731960335426,2026-05-23T11:37:35+00:00,1,https://www.instagram.com/reel/DYmu1e6PyWi/,https://www.instagram.com/reel/DYmu1e6PyWi/?comment_id=17926731960335426,scraping_instagram,budiutomo8956,"#apa yang akan terjadi negara Indonesia,jika dolar dengan rupiah tidak terkendali ,mana suara mahasiswa UGM yang dulu sering vokal, bersuara untuk  negara,dan tokoh pakar ekonomi bersuara,untuk beri nama keluar,@😭😭"
17860717791634382,2026-05-23T11:37:29+00:00,1,https://www.instagram.com/reel/DYmu1e6PyWi/,https://www.instagram.com/reel/DYmu1e6PyWi/?comment_id=17860717791634382,scraping_instagram,mami_keket,Bener lagi 😂😂😂
18006905498728335,2026-05-23T11:39:40+00:00,1,https://www.instagram.com/reel/DYmu1e6PyWi/,https://www.instagram.com/reel/DYmu1e6PyWi/?comment_id=18006905498728335,scraping_instagram,mg_iif,Ges muak ka si kolot eta aing mah
18097625228129610,2026-05-23T11:47:20+00:00,1,https://www.instagram.com/reel/DYmu1e6PyWi/,https://www.instagram.com/reel/DYmu1e6PyWi/?comment_id=18097625228129610,scraping_instagram,dzakiianarkana,Aku harap akun ini gak di serang akun buzzer
18079417292556689,2026-05-23T12:06:15+00:00,1,https://www.instagram.com/reel/DYmu1e6PyWi/,https://www.instagram.com/reel/DYmu1e6PyWi/?comment_id=18079417292556689,scraping_instagram,muthia.khz,lu buzzer ya
18427694845124494,2026-05-23T12:09:50+00:00,1,https://www.instagram.com/reel/DYmu1e6PyWi/,https://www.instagram.com/reel/DYmu1e6PyWi/?comment_id=18427694845124494,scraping_instagram,rpertiwi25,Dikira negara kecil😭
18117432121814242,2026-05-23T12:16:40+00:00,1,https://www.instagram.com/reel/DYmu1e6PyWi/,https://www.instagram.com/reel/DYmu1e6PyWi/?comment_id=18117432121814242,scraping_instagram,denysaoktariaii,😂
18096532142520904,2026-05-23T12:20:39+00:00,1,https://www.instagram.com/reel/DYmu1e6PyWi/,https://www.instagram.com/reel/DYmu1e6PyWi/?comment_id=18096532142520904,scraping_instagram,nsaishaa,👍
18082963904308297,2026-05-23T12:21:38+00:00,1,https://www.instagram.com/reel/DYmu1e6PyWi/,https://www.instagram.com/reel/DYmu1e6PyWi/?comment_id=18082963904308297,scraping_instagram,su.ryana8004,😂😂
18103730959974393,2026-05-23T12:22:55+00:00,1,https://www.instagram.com/reel/DYmu1e6PyWi/,https://www.instagram.com/reel/DYmu1e6PyWi/?comment_id=18103730959974393,scraping_instagram,lailaasyahla_,@prabowo @presidenrepublikindonesia @gerindra
17891772228477068,2026-05-23T12:25:34+00:00,1,https://www.instagram.com/reel/DYmu1e6PyWi/,https://www.instagram.com/reel/DYmu1e6PyWi/?comment_id=17891772228477068,scraping_instagram,rismaaanurf03,😢😭
18131301037591716,2026-05-23T12:29:43+00:00,1,https://www.instagram.com/reel/DYmu1e6PyWi/,https://www.instagram.com/reel/DYmu1e6PyWi/?comment_id=18131301037591716,scraping_instagram,miftaa_hudda,"Udah kebaca sejak tarif ekspor import, As ke indonesia 0% tp kita ke AS dikenai pajak lebih dr 50% udah kebaca pengen mata uang indonesia runtuh perlahan, makanya china gak mau ikut permainan trump"
18070350800694942,2026-05-23T12:34:43+00:00,1,https://www.instagram.com/reel/DYmu1e6PyWi/,https://www.instagram.com/reel/DYmu1e6PyWi/?comment_id=18070350800694942,scraping_instagram,bayu99200,@yulina_tanjung777 😂
18451790752116784,2026-05-23T12:44:28+00:00,1,https://www.instagram.com/reel/DYmu1e6PyWi/,https://www.instagram.com/reel/DYmu1e6PyWi/?comment_id=18451790752116784,scraping_instagram,putridatiwi.0303,jangan sampai terprovokasi🔥🔥
18116100142624518,2026-05-23T12:53:21+00:00,1,https://www.instagram.com/reel/DYmu1e6PyWi/,https://www.instagram.com/reel/DYmu1e6PyWi/?comment_id=18116100142624518,scraping_instagram,dewii.cahyani,Betul
17870367624528512,2026-05-23T12:51:38+00:00,1,https://www.instagram.com/reel/DYmu1e6PyWi/,https://www.instagram.com/reel/DYmu1e6PyWi/?comment_id=17870367624528512,scraping_instagram,elsagita_pratiwi,😢😢😢
17937982878053656,2026-05-23T12:54:03+00:00,1,https://www.instagram.com/reel/DYmu1e6PyWi/,https://www.instagram.com/reel/DYmu1e6PyWi/?comment_id=17937982878053656,scraping_instagram,kapt.morgan11,_inilesthy Jawaban komen kmu semua terlalu diplomatis byk mengandung unsur² kepentingan 😭😂
17850626493696634,2026-05-23T13:01:36+00:00,1,https://www.instagram.com/reel/DYmu1e6PyWi/,https://www.instagram.com/reel/DYmu1e6PyWi/?comment_id=17850626493696634,scraping_instagram,afiyah.shop17,jangan cuman konten realisasikan...bersatu gulingkan
18116519851703395,2026-05-23T13:12:54+00:00,1,https://www.instagram.com/reel/DYmu1e6PyWi/,https://www.instagram.com/reel/DYmu1e6PyWi/?comment_id=18116519851703395,scraping_instagram,pramoslaconte,@prabowo
17908587903411217,2026-05-23T13:03:53+00:00,1,https://www.instagram.com/reel/DYmu1e6PyWi/,https://www.instagram.com/reel/DYmu1e6PyWi/?comment_id=17908587903411217,scraping_instagram,darrelx_31,@prabowo
18082186607145775,2026-05-25T06:34:12+00:00,0,https://www.instagram.com/reel/DYmu1e6PyWi/,https://www.instagram.com/reel/DYmu1e6PyWi/?comment_id=18082186607145775,scraping_instagram,h_santoso99,Yg upload buzer 🤣🤣
17874104790670510,2026-05-25T06:03:35+00:00,0,https://www.instagram.com/reel/DYmu1e6PyWi/,https://www.instagram.com/reel/DYmu1e6PyWi/?comment_id=17874104790670510,scraping_instagram,harisatul_m,@alfi_masruroh 😭
18151980085485942,2026-05-25T05:50:47+00:00,0,https://www.instagram.com/reel/DYmu1e6PyWi/,https://www.instagram.com/reel/DYmu1e6PyWi/?comment_id=18151980085485942,scraping_instagram,fuaddarmawan,Katanya kerja untuk rakyat
17945709357014495,2026-05-25T05:42:48+00:00,0,https://www.instagram.com/reel/DYmu1e6PyWi/,https://www.instagram.com/reel/DYmu1e6PyWi/?comment_id=17945709357014495,scraping_instagram,yogi_amonius,"""Buzzer buzzers bayar lagi"" 🤣"
18140034520521262,2026-05-25T05:33:17+00:00,0,https://www.instagram.com/reel/DYmu1e6PyWi/,https://www.instagram.com/reel/DYmu1e6PyWi/?comment_id=18140034520521262,scraping_instagram,langitduatiga,Apa sih alasannya menghancurkan negri ini?? Sumpah jahat² bgt org yg menjabat di negeri ini
17889861798484900,2026-05-25T05:28:48+00:00,0,https://www.instagram.com/reel/DYmu1e6PyWi/,https://www.instagram.com/reel/DYmu1e6PyWi/?comment_id=17889861798484900,scraping_instagram,shysilamarsyad,Aku suka lagunya🔥
18109556461902198,2026-05-25T05:21:19+00:00,0,https://www.instagram.com/reel/DYmu1e6PyWi/,https://www.instagram.com/reel/DYmu1e6PyWi/?comment_id=18109556461902198,scraping_instagram,sariah.fithri,😂😂😂
18099483265877069,2026-05-25T05:21:02+00:00,0,https://www.instagram.com/reel/DYmu1e6PyWi/,https://www.instagram.com/reel/DYmu1e6PyWi/?comment_id=18099483265877069,scraping_instagram,pawonmbah_wo,kopdes saja sudah menunjukkan kalau ga ada niatan hanya sekedar bangun karena intruksi atasan tp mau di bawa kemana masih nggambyar kalau harga di kopdes merah putih hanya selisih 1000-2000 per itemnya mending kita beli di tetangga secara bisa membantu mereka utk sekedar putar modal dan utk bertahan hidup kalau kopdes NNT ujung2nya di jadikan ajang korupsi pejabat .... ini pemikiran saya tp yg saya rasa rasional dari pada memaksakan adanya kopdes tiap desa padahal UMKM di sekitar bnyk sekali tp Ndak di openi daripada anggaran buat bangun kopdes tiap desa alangkah baiknya dulu di jadikan tambahan modal utk UMKM yg SDH berjalan
18403195432150971,2026-05-25T04:45:58+00:00,0,https://www.instagram.com/reel/DYmu1e6PyWi/,https://www.instagram.com/reel/DYmu1e6PyWi/?comment_id=18403195432150971,scraping_instagram,deny_dharmawan08,HEY ANTEK2 ASENG
18105118337296264,2026-05-25T04:34:48+00:00,0,https://www.instagram.com/reel/DYmu1e6PyWi/,https://www.instagram.com/reel/DYmu1e6PyWi/?comment_id=18105118337296264,scraping_instagram,makcikrendang,Nepalkan rezim drakula laknattullah
17850784392694963,2026-05-25T04:14:04+00:00,0,https://www.instagram.com/reel/DYmu1e6PyWi/,https://www.instagram.com/reel/DYmu1e6PyWi/?comment_id=17850784392694963,scraping_instagram,desniefendi,😮😮😮😮😮😮😮😮😮😮😮
18112512529885803,2026-05-25T04:09:23+00:00,0,https://www.instagram.com/reel/DYmu1e6PyWi/,https://www.instagram.com/reel/DYmu1e6PyWi/?comment_id=18112512529885803,scraping_instagram,aisyahjihan2025,Peninglhhhh🤦
17927126985323509,2026-05-25T03:52:36+00:00,0,https://www.instagram.com/reel/DYmu1e6PyWi/,https://www.instagram.com/reel/DYmu1e6PyWi/?comment_id=17927126985323509,scraping_instagram,jannatulhasanah42,Astaghfirullah 😮
17903157057426473,2026-05-25T03:43:51+00:00,0,https://www.instagram.com/reel/DYmu1e6PyWi/,https://www.instagram.com/reel/DYmu1e6PyWi/?comment_id=17903157057426473,scraping_instagram,susilawaty583,"Jgn byk2 tertawa lg d dunia ,krn kata nabi org yg byk tertawa wkt d dunia dia akn paling kuat menjeritny ..."
17971967787053840,2026-05-25T03:41:28+00:00,0,https://www.instagram.com/reel/DYmu1e6PyWi/,https://www.instagram.com/reel/DYmu1e6PyWi/?comment_id=17971967787053840,scraping_instagram,sumedisolgum,semakin memuakan lihat prabowo
18591777685034232,2026-05-25T03:28:18+00:00,0,https://www.instagram.com/reel/DYmu1e6PyWi/,https://www.instagram.com/reel/DYmu1e6PyWi/?comment_id=18591777685034232,scraping_instagram,nickinicland,PEJABAT KUNTUL
18095507336186058,2026-05-25T03:25:20+00:00,0,https://www.instagram.com/reel/DYmu1e6PyWi/,https://www.instagram.com/reel/DYmu1e6PyWi/?comment_id=18095507336186058,scraping_instagram,muhammadikhsanhabibie,@rafifzulfansa
18081821024156165,2026-05-25T03:01:17+00:00,0,https://www.instagram.com/reel/DYmu1e6PyWi/,https://www.instagram.com/reel/DYmu1e6PyWi/?comment_id=18081821024156165,scraping_instagram,azhar505069,Terbaik lagu ini....👍👍
18325044481284909,2026-05-25T02:25:56+00:00,0,https://www.instagram.com/reel/DYmu1e6PyWi/,https://www.instagram.com/reel/DYmu1e6PyWi/?comment_id=18325044481284909,scraping_instagram,januardi.didi,@prabowo
17968956597078760,2026-05-25T02:19:17+00:00,0,https://www.instagram.com/reel/DYmu1e6PyWi/,https://www.instagram.com/reel/DYmu1e6PyWi/?comment_id=17968956597078760,scraping_instagram,sriwahyunifenti,Kirang wareg
18166768018437059,2026-05-25T02:18:03+00:00,0,https://www.instagram.com/reel/DYmu1e6PyWi/,https://www.instagram.com/reel/DYmu1e6PyWi/?comment_id=18166768018437059,scraping_instagram,rizqivebby,@prabowo 😭
18110686036908869,2026-05-25T02:15:42+00:00,0,https://www.instagram.com/reel/DYmu1e6PyWi/,https://www.instagram.com/reel/DYmu1e6PyWi/?comment_id=18110686036908869,scraping_instagram,arrifhdyt_,
18086227637570989,2026-05-25T02:07:47+00:00,0,https://www.instagram.com/reel/DYmu1e6PyWi/,https://www.instagram.com/reel/DYmu1e6PyWi/?comment_id=18086227637570989,scraping_instagram,fatin.nabila24,Animasi yang dibungkam mirip najwa shihab 😮
17895497907325739,2026-05-25T01:39:39+00:00,0,https://www.instagram.com/reel/DYmu1e6PyWi/,https://www.instagram.com/reel/DYmu1e6PyWi/?comment_id=17895497907325739,scraping_instagram,partai.netizenindonesia,"Elit politik penguasa lembaga eksekutif dan legislatif, tni,polri bersatu memperkaya diri sendiri dan kroni2nya membuat indonesia tambah utang. Tiap hari utang indonesia tambah Rp. 2.26T dan rakyat dibayar murah. Pertanyaannya kapan rakyat bersatu untuk meciptakan indonesia yg lebih baik"
18112082494684612,2026-05-24T22:55:06+00:00,0,https://www.instagram.com/reel/DYmu1e6PyWi/,https://www.instagram.com/reel/DYmu1e6PyWi/?comment_id=18112082494684612,scraping_instagram,ahma_dsyaufi,Ancur udh semua
18074155199291377,2026-05-24T22:43:55+00:00,0,https://www.instagram.com/reel/DYmu1e6PyWi/,https://www.instagram.com/reel/DYmu1e6PyWi/?comment_id=18074155199291377,scraping_instagram,barniestory,SPPG🔥
18005418983876871,2026-05-24T22:29:52+00:00,0,https://www.instagram.com/reel/DYmu1e6PyWi/,https://www.instagram.com/reel/DYmu1e6PyWi/?comment_id=18005418983876871,scraping_instagram,goerillah,TERLALU ..... !!!
18120981742658940,2026-05-24T22:29:36+00:00,0,https://www.instagram.com/reel/DYmu1e6PyWi/,https://www.instagram.com/reel/DYmu1e6PyWi/?comment_id=18120981742658940,scraping_instagram,tutihajah_,@ratuifaw @iis_inara @hariniputrii_
17865665796624179,2026-05-24T18:03:10+00:00,0,https://www.instagram.com/reel/DYmu1e6PyWi/,https://www.instagram.com/reel/DYmu1e6PyWi/?comment_id=17865665796624179,scraping_instagram,zain528622,Presiden terparah
18089039780371996,2026-05-24T17:51:43+00:00,0,https://www.instagram.com/reel/DYmu1e6PyWi/,https://www.instagram.com/reel/DYmu1e6PyWi/?comment_id=18089039780371996,scraping_instagram,birwn,🔥
17890526769492057,2026-05-24T16:13:48+00:00,0,https://www.instagram.com/reel/DYmu1e6PyWi/,https://www.instagram.com/reel/DYmu1e6PyWi/?comment_id=17890526769492057,scraping_instagram,kezya_a26,Bangsat bangsat gemoy
18142934356518907,2026-05-24T15:31:37+00:00,0,https://www.instagram.com/reel/DYmu1e6PyWi/,https://www.instagram.com/reel/DYmu1e6PyWi/?comment_id=18142934356518907,scraping_instagram,winwin29147,"njirr, makin susah rakyat miskin"
18098943689324685,2026-05-24T15:24:27+00:00,0,https://www.instagram.com/reel/DYmu1e6PyWi/,https://www.instagram.com/reel/DYmu1e6PyWi/?comment_id=18098943689324685,scraping_instagram,dax_rock_on,😢😢😢😢
18082119353619319,2026-05-24T15:11:35+00:00,0,https://www.instagram.com/reel/DYmu1e6PyWi/,https://www.instagram.com/reel/DYmu1e6PyWi/?comment_id=18082119353619319,scraping_instagram,topan_vm,Bagus ai nya josss
18245070166307312,2026-05-24T15:05:14+00:00,0,https://www.instagram.com/reel/DYmu1e6PyWi/,https://www.instagram.com/reel/DYmu1e6PyWi/?comment_id=18245070166307312,scraping_instagram,daffaalghazy561,Prabroro😂
18533660392073393,2026-05-24T14:59:44+00:00,0,https://www.instagram.com/reel/DYmu1e6PyWi/,https://www.instagram.com/reel/DYmu1e6PyWi/?comment_id=18533660392073393,scraping_instagram,sannwong07,@elis_jeo 🤭🤭🤭🤭
17933359125255303,2026-05-24T14:50:11+00:00,0,https://www.instagram.com/reel/DYmu1e6PyWi/,https://www.instagram.com/reel/DYmu1e6PyWi/?comment_id=17933359125255303,scraping_instagram,rosmeryasyari,"Orang baik banyak musuhnya. itu sudah berlaku dari Zaman Rasulullaah. sebaik apapun presiden kita, tapi Kalau Para pejabat  yang dulu-dulu itu belum di ganti juga, ya tetap saja ada Pengkhianat negara."
18082034453573633,2026-05-24T14:49:24+00:00,0,https://www.instagram.com/reel/DYmu1e6PyWi/,https://www.instagram.com/reel/DYmu1e6PyWi/?comment_id=18082034453573633,scraping_instagram,made_.cb,
18092118581198889,2026-05-24T14:38:40+00:00,0,https://www.instagram.com/reel/DYmu1e6PyWi/,https://www.instagram.com/reel/DYmu1e6PyWi/?comment_id=18092118581198889,scraping_instagram,jk.empty,@micjok
17998220603949554,2026-05-24T14:26:59+00:00,0,https://www.instagram.com/reel/DYmu1e6PyWi/,https://www.instagram.com/reel/DYmu1e6PyWi/?comment_id=17998220603949554,scraping_instagram,meivan158,Kalian ga lelah dipimpin lansia yang mulai kembali jadi balita? Udah pernah nonton berita Nepal?
17862714252586030,2026-05-24T14:23:00+00:00,0,https://www.instagram.com/reel/DYmu1e6PyWi/,https://www.instagram.com/reel/DYmu1e6PyWi/?comment_id=17862714252586030,scraping_instagram,ciciles73,Yaa ALLAH hapuskan kezoliman di negara ini aamiin aamiin aamiin
18080920172552811,2026-05-24T14:20:28+00:00,0,https://www.instagram.com/reel/DYmu1e6PyWi/,https://www.instagram.com/reel/DYmu1e6PyWi/?comment_id=18080920172552811,scraping_instagram,evaanun12,"Yg dikira bisa membawa indonesia lebih baik,rakyat sejahtera,ternyata salah😭"
18116903236693107,2026-05-24T14:15:17+00:00,0,https://www.instagram.com/reel/DYmu1e6PyWi/,https://www.instagram.com/reel/DYmu1e6PyWi/?comment_id=18116903236693107,scraping_instagram,elsamonalisa,Menunggu komen buzzer yg bilang kalo indonesia sedang dalam proses menuju lebih baik🤣🤣🤣
18120942850735465,2026-05-24T13:34:16+00:00,1,https://www.instagram.com/reel/DYmu1e6PyWi/,https://www.instagram.com/reel/DYmu1e6PyWi/?comment_id=18120942850735465,scraping_instagram,subekti.ita,"Bikin malu,,KL di negeri cina,,ada hukuman,,""kek"""
18095784349919635,2026-05-24T13:15:52+00:00,1,https://www.instagram.com/reel/DYmu1e6PyWi/,https://www.instagram.com/reel/DYmu1e6PyWi/?comment_id=18095784349919635,scraping_instagram,notarisfelixthe,😢👏
18084954914433352,2026-05-24T12:54:26+00:00,1,https://www.instagram.com/reel/DYmu1e6PyWi/,https://www.instagram.com/reel/DYmu1e6PyWi/?comment_id=18084954914433352,scraping_instagram,magda_veronica_sihombing,"Ini perlu didukung,jgn berhenti berkarya"
18436619365190107,2026-05-24T12:36:24+00:00,1,https://www.instagram.com/reel/DYmu1e6PyWi/,https://www.instagram.com/reel/DYmu1e6PyWi/?comment_id=18436619365190107,scraping_instagram,angeliamuuuuu_,dah lah😭
18128810554525171,2026-05-24T12:25:58+00:00,1,https://www.instagram.com/reel/DYmu1e6PyWi/,https://www.instagram.com/reel/DYmu1e6PyWi/?comment_id=18128810554525171,scraping_instagram,putrisukmawijayanti,Lagu apa lagi ini😭
18085342871420578,2026-05-24T12:07:55+00:00,1,https://www.instagram.com/reel/DYmu1e6PyWi/,https://www.instagram.com/reel/DYmu1e6PyWi/?comment_id=18085342871420578,scraping_instagram,halidaqurotuayuni_,"bagus nih, cocok buat bahan ngajar besok👍"
17917066200384731,2026-05-24T12:06:43+00:00,1,https://www.instagram.com/reel/DYmu1e6PyWi/,https://www.instagram.com/reel/DYmu1e6PyWi/?comment_id=17917066200384731,scraping_instagram,ikangorenggn,
18109895014903497,2026-05-24T11:59:36+00:00,0,https://www.instagram.com/reel/DYmu1e6PyWi/,https://www.instagram.com/reel/DYmu1e6PyWi/?comment_id=18109895014903497,scraping_instagram,momonsuseno,Ya Tuhan segera jatuhkan pemerintah saat ini yang zalim pada rakyat nya
17895377313330852,2026-05-24T11:55:03+00:00,1,https://www.instagram.com/reel/DYmu1e6PyWi/,https://www.instagram.com/reel/DYmu1e6PyWi/?comment_id=17895377313330852,scraping_instagram,lingkunganasri,Semoga terlihat para pejabat dan menyadarkan cara berfikir dalam mengatur ekonomi
17885085339559368,2026-05-24T11:48:24+00:00,1,https://www.instagram.com/reel/DYmu1e6PyWi/,https://www.instagram.com/reel/DYmu1e6PyWi/?comment_id=17885085339559368,scraping_instagram,ekayunifa,"Program kesehatan semakin menyusut, bpjs tambah sulit.. px yg harusnya mendapat pelayanan kesehatan semakin dikurangin perlahan. Jumlah px periksa skg ada kuotanya helehhh"
17885528202393081,2026-05-24T11:45:12+00:00,1,https://www.instagram.com/reel/DYmu1e6PyWi/,https://www.instagram.com/reel/DYmu1e6PyWi/?comment_id=17885528202393081,scraping_instagram,joety73,President joget joget 💃💃
18052641980754161,2026-05-24T11:39:41+00:00,1,https://www.instagram.com/reel/DYmu1e6PyWi/,https://www.instagram.com/reel/DYmu1e6PyWi/?comment_id=18052641980754161,scraping_instagram,omruth7,😂😂😂
18117506632785056,2026-05-24T11:35:29+00:00,1,https://www.instagram.com/reel/DYmu1e6PyWi/,https://www.instagram.com/reel/DYmu1e6PyWi/?comment_id=18117506632785056,scraping_instagram,ns.apriliani,Paling hancur periode sekarang
18037866728604076,2026-05-24T11:24:46+00:00,0,https://www.instagram.com/reel/DYmu1e6PyWi/,https://www.instagram.com/reel/DYmu1e6PyWi/?comment_id=18037866728604076,scraping_instagram,dandun_prabowo13,Xxx777777777777777777777747777444
18093472402968003,2026-05-24T11:24:16+00:00,1,https://www.instagram.com/reel/DYmu1e6PyWi/,https://www.instagram.com/reel/DYmu1e6PyWi/?comment_id=18093472402968003,scraping_instagram,dede_rus_dede_rus,"Presiden rasa ,,,,"
18143358316520221,2026-05-24T11:24:05+00:00,1,https://www.instagram.com/reel/DYmu1e6PyWi/,https://www.instagram.com/reel/DYmu1e6PyWi/?comment_id=18143358316520221,scraping_instagram,rannydv,Baru kali ini punya presiden jd makanan content creator
17959061967067414,2026-05-24T11:08:18+00:00,1,https://www.instagram.com/reel/DYmu1e6PyWi/,https://www.instagram.com/reel/DYmu1e6PyWi/?comment_id=17959061967067414,scraping_instagram,sheptianna.drf,Presiden kont
18080121512443057,2026-05-24T11:01:06+00:00,0,https://www.instagram.com/reel/DYmu1e6PyWi/,https://www.instagram.com/reel/DYmu1e6PyWi/?comment_id=18080121512443057,scraping_instagram,arnis_saber,Pemimpin hasil pemilu curang
18107804236930254,2026-05-24T10:28:42+00:00,1,https://www.instagram.com/reel/DYmu1e6PyWi/,https://www.instagram.com/reel/DYmu1e6PyWi/?comment_id=18107804236930254,scraping_instagram,mgwttari,@prabowo @gibran_rakabuming
17926892301303934,2026-05-24T10:22:27+00:00,1,https://www.instagram.com/reel/DYmu1e6PyWi/,https://www.instagram.com/reel/DYmu1e6PyWi/?comment_id=17926892301303934,scraping_instagram,soep.ardji,🤔🤔🤔
17894843469463726,2026-05-24T10:21:04+00:00,1,https://www.instagram.com/reel/DYmu1e6PyWi/,https://www.instagram.com/reel/DYmu1e6PyWi/?comment_id=17894843469463726,scraping_instagram,alfakbrsyahptra,@_mrizkianggapermana apak kau Yo mbuang
18017515745683099,2026-05-24T10:20:52+00:00,1,https://www.instagram.com/reel/DYmu1e6PyWi/,https://www.instagram.com/reel/DYmu1e6PyWi/?comment_id=18017515745683099,scraping_instagram,nisahrp04,Kak izin share ya
17891100762473406,2026-05-24T10:17:39+00:00,1,https://www.instagram.com/reel/DYmu1e6PyWi/,https://www.instagram.com/reel/DYmu1e6PyWi/?comment_id=17891100762473406,scraping_instagram,ferryghina2310,Makan t warga 58% yg tolol
18058250066719494,2026-05-24T10:16:07+00:00,1,https://www.instagram.com/reel/DYmu1e6PyWi/,https://www.instagram.com/reel/DYmu1e6PyWi/?comment_id=18058250066719494,scraping_instagram,nyayu_khoirunnisa,🤣🤣 nk ngkak vidio y bener kreatif baget yak
17962478238092660,2026-05-24T10:09:18+00:00,1,https://www.instagram.com/reel/DYmu1e6PyWi/,https://www.instagram.com/reel/DYmu1e6PyWi/?comment_id=17962478238092660,scraping_instagram,davino__ak,@prabowo
18098204542884032,2026-05-24T10:02:00+00:00,1,https://www.instagram.com/reel/DYmu1e6PyWi/,https://www.instagram.com/reel/DYmu1e6PyWi/?comment_id=18098204542884032,scraping_instagram,phi_makeupartist,@prabowo 🔥
18088013945171032,2026-05-24T09:24:02+00:00,1,https://www.instagram.com/reel/DYmu1e6PyWi/,https://www.instagram.com/reel/DYmu1e6PyWi/?comment_id=18088013945171032,scraping_instagram,gustinaliana62,Wowo gilo
18591899803015387,2026-05-24T09:17:30+00:00,1,https://www.instagram.com/reel/DYmu1e6PyWi/,https://www.instagram.com/reel/DYmu1e6PyWi/?comment_id=18591899803015387,scraping_instagram,amar_alano,Setau saya semua tidak senang dengan pemerintah indo kecuali Buser
17891932974351999,2026-05-24T09:14:22+00:00,2,https://www.instagram.com/reel/DYmu1e6PyWi/,https://www.instagram.com/reel/DYmu1e6PyWi/?comment_id=17891932974351999,scraping_instagram,ilhammuttakinn,@alink.ofkors @ndanstrongboys
17899022265447543,2026-05-24T09:14:16+00:00,1,https://www.instagram.com/reel/DYmu1e6PyWi/,https://www.instagram.com/reel/DYmu1e6PyWi/?comment_id=17899022265447543,scraping_instagram,arisd4634,Kasar mainnya
18138293074555541,2026-05-24T09:01:11+00:00,1,https://www.instagram.com/reel/DYmu1e6PyWi/,https://www.instagram.com/reel/DYmu1e6PyWi/?comment_id=18138293074555541,scraping_instagram,tanto4618,Buzzer2 podo gerah niih....rakyat cerda g bs dikibulin zaman now klo emang smkin hari smkin ambyarrrr
18002666684920535,2026-05-24T09:00:33+00:00,0,https://www.instagram.com/reel/DYmu1e6PyWi/,https://www.instagram.com/reel/DYmu1e6PyWi/?comment_id=18002666684920535,scraping_instagram,kulsum3374,Alloh g tidur smg segera di jemput sama malaikat izroil penghianat2 negri dg segera Aamiin
18090130931345793,2026-05-24T08:39:42+00:00,1,https://www.instagram.com/reel/DYmu1e6PyWi/,https://www.instagram.com/reel/DYmu1e6PyWi/?comment_id=18090130931345793,scraping_instagram,biasa_di_panggil_rain,Akhirnya ga Nemu buzzer Wowo di sini
17976697668032593,2026-05-24T08:32:38+00:00,1,https://www.instagram.com/reel/DYmu1e6PyWi/,https://www.instagram.com/reel/DYmu1e6PyWi/?comment_id=17976697668032593,scraping_instagram,mp.andiismailhamzah,🤣🤣🤣🤣🤣🤣🤣🤣.
18085010372525673,2026-05-24T08:23:38+00:00,1,https://www.instagram.com/reel/DYmu1e6PyWi/,https://www.instagram.com/reel/DYmu1e6PyWi/?comment_id=18085010372525673,scraping_instagram,caturkurniawanb,Dapat bayaran berapa dari George Soros ???..belajar 1998
18102233806928086,2026-05-24T08:18:17+00:00,1,https://www.instagram.com/reel/DYmu1e6PyWi/,https://www.instagram.com/reel/DYmu1e6PyWi/?comment_id=18102233806928086,scraping_instagram,msyafdlla,@prabowo
17907074967421879,2026-05-24T07:56:50+00:00,1,https://www.instagram.com/reel/DYmu1e6PyWi/,https://www.instagram.com/reel/DYmu1e6PyWi/?comment_id=17907074967421879,scraping_instagram,mayya_sriramay31,Sdh ratusan artikel yg memberi masukan juga mengkritisi kebijakannya tapi GA MEMPAANNNNNNNNN
17945623296015817,2026-05-24T07:44:44+00:00,1,https://www.instagram.com/reel/DYmu1e6PyWi/,https://www.instagram.com/reel/DYmu1e6PyWi/?comment_id=17945623296015817,scraping_instagram,haikalalp_,@prabowo wok wokkkk
18077120780560823,2026-05-24T07:39:11+00:00,1,https://www.instagram.com/reel/DYmu1e6PyWi/,https://www.instagram.com/reel/DYmu1e6PyWi/?comment_id=18077120780560823,scraping_instagram,ayu.lestari37,"Dan itu kaga mungkin di hentikan, karena mungkin ya mungkin itu emang cara buat memperoleh suara pemilu nanti, buat org yg punya dapur yg duduk di kopdes harus hasilin suara buat onoh kalao nggak mungkin bakal di kena kasus korupsi😭"
18100390037320063,2026-05-24T07:32:50+00:00,1,https://www.instagram.com/reel/DYmu1e6PyWi/,https://www.instagram.com/reel/DYmu1e6PyWi/?comment_id=18100390037320063,scraping_instagram,mbb00_,Lu tau alasan dollar naik bang?
18593204464032385,2026-05-24T07:30:53+00:00,0,https://www.instagram.com/reel/DYmu1e6PyWi/,https://www.instagram.com/reel/DYmu1e6PyWi/?comment_id=18593204464032385,scraping_instagram,mohd_ridhoyyy,Dollar cuma kertas doank kok bego bnr si ni akun
18136996822481191,2026-05-24T07:06:55+00:00,1,https://www.instagram.com/reel/DYmu1e6PyWi/,https://www.instagram.com/reel/DYmu1e6PyWi/?comment_id=18136996822481191,scraping_instagram,jojon003_tripolyta,@b.netanyahu ...kamu punya temen😂😂🤣🤣
18003080870921733,2026-05-24T07:00:08+00:00,1,https://www.instagram.com/reel/DYmu1e6PyWi/,https://www.instagram.com/reel/DYmu1e6PyWi/?comment_id=18003080870921733,scraping_instagram,bali_dream_trip19,Most fuckin relate based on reality 🔥🔥🔥🔥🔥
18104878540878769,2026-05-24T06:45:31+00:00,1,https://www.instagram.com/reel/DYmu1e6PyWi/,https://www.instagram.com/reel/DYmu1e6PyWi/?comment_id=18104878540878769,scraping_instagram,fredilesmana94,Hadehh parahh jangan sampai 2 priode
18050701643741298,2026-05-24T06:42:06+00:00,1,https://www.instagram.com/reel/DYmu1e6PyWi/,https://www.instagram.com/reel/DYmu1e6PyWi/?comment_id=18050701643741298,scraping_instagram,hennnneessyyy,@handokochangg @tommylie39
18102043192899580,2026-05-24T06:38:07+00:00,0,https://www.instagram.com/reel/DYmu1e6PyWi/,https://www.instagram.com/reel/DYmu1e6PyWi/?comment_id=18102043192899580,scraping_instagram,djuariahdimjati,Mulai Edan wo wo
18083856560387487,2026-05-24T06:33:37+00:00,0,https://www.instagram.com/reel/DYmu1e6PyWi/,https://www.instagram.com/reel/DYmu1e6PyWi/?comment_id=18083856560387487,scraping_instagram,columbus_hsk,"Mau kalian bilang apapun, bapak itu pasti terpilih lagi 2029 nanti... Selama rakyatnya masih tollllllooooolllll, gampang ditipu dan masih ada yang nangis2in dia di tiktok... Wkwkwkwkwkwk..."
17940986532226529,2026-05-24T06:27:15+00:00,0,https://www.instagram.com/reel/DYmu1e6PyWi/,https://www.instagram.com/reel/DYmu1e6PyWi/?comment_id=17940986532226529,scraping_instagram,vexana_086,"@prabowo lebih suka bayar buzzer buat ngunggulin programnya,nutupin aib programnya,dr pada denger kritikan, akui saja wok program mu gak ada yang beres,semakin kamu pidato semakin keliatan bodohnya"
18075652640268892,2026-05-24T06:23:31+00:00,1,https://www.instagram.com/reel/DYmu1e6PyWi/,https://www.instagram.com/reel/DYmu1e6PyWi/?comment_id=18075652640268892,scraping_instagram,rhanitfy17,Nnti klo nyalon lagi dia berharap bgt karyawan2 MBG dan koprasi merah-putih  antek-anteknya pada nyolok dia tuhh.. kira kira apa bkl menang lagi.
17896894344459000,2026-05-24T06:17:33+00:00,1,https://www.instagram.com/reel/DYmu1e6PyWi/,https://www.instagram.com/reel/DYmu1e6PyWi/?comment_id=17896894344459000,scraping_instagram,putriz1107,@prabowo
18073439735669172,2026-05-24T06:17:23+00:00,0,https://www.instagram.com/reel/DYmu1e6PyWi/,https://www.instagram.com/reel/DYmu1e6PyWi/?comment_id=18073439735669172,scraping_instagram,yevinayazid,Manusia IBLIS telah menjajah bangsa dan negara REPUBLIK INDONESIA...ini sangat benar lho...
18076389947242953,2026-05-24T05:58:08+00:00,1,https://www.instagram.com/reel/DYmu1e6PyWi/,https://www.instagram.com/reel/DYmu1e6PyWi/?comment_id=18076389947242953,scraping_instagram,fauzanganteng902,🤣🤣🤣🤣😂😂😂
18076674044401280,2026-05-24T05:43:32+00:00,0,https://www.instagram.com/reel/DYmu1e6PyWi/,https://www.instagram.com/reel/DYmu1e6PyWi/?comment_id=18076674044401280,scraping_instagram,tetehdea12,"pantesan gak pernah nyerah nyalon jadi  presiden dengan moto mensejahterakan rakyat, tapi ini endingnya memperkaya Diri merampas hak rakyat mendzolimi rakyat memeras rakyat membodohi rakyat dengan embel"" MBG Ya Alloh pak sadar apa sadar udah umur berapa lama lagi sih hidup ,tuh harta segitu banyaknya buat siapa keturunan  juga gak berkembamg biak, jangan buru""ke rohmatulloh dulu pak ya please...seenggaknya ngerasain  ngencing bab di tempat tidur dulu lah  ya pak semoga🤲"
17876793405664744,2026-05-24T05:37:01+00:00,1,https://www.instagram.com/reel/DYmu1e6PyWi/,https://www.instagram.com/reel/DYmu1e6PyWi/?comment_id=17876793405664744,scraping_instagram,aplul_,@prabowo
18106613353747042,2026-05-24T05:14:38+00:00,1,https://www.instagram.com/reel/DYmu1e6PyWi/,https://www.instagram.com/reel/DYmu1e6PyWi/?comment_id=18106613353747042,scraping_instagram,goenagoni.id,Kereen bangeet
17941397262209610,2026-05-24T05:01:39+00:00,1,https://www.instagram.com/reel/DYmu1e6PyWi/,https://www.instagram.com/reel/DYmu1e6PyWi/?comment_id=17941397262209610,scraping_instagram,joyobroto388,😂😂😂😂😂😂😂😂😂😂😂 sesuai ucapan wowo negriku ini BUBARRRRR
18132200953576839,2026-05-24T04:27:29+00:00,0,https://www.instagram.com/reel/DYmu1e6PyWi/,https://www.instagram.com/reel/DYmu1e6PyWi/?comment_id=18132200953576839,scraping_instagram,samuel_nandri,Pemerintah paling gak becus
18100910249100537,2026-05-24T04:24:10+00:00,1,https://www.instagram.com/reel/DYmu1e6PyWi/,https://www.instagram.com/reel/DYmu1e6PyWi/?comment_id=18100910249100537,scraping_instagram,snsn_lyly25,
18112402435868760,2026-05-24T04:15:16+00:00,0,https://www.instagram.com/reel/DYmu1e6PyWi/,https://www.instagram.com/reel/DYmu1e6PyWi/?comment_id=18112402435868760,scraping_instagram,anita_septiana17,Yang penting MBG koprasi merah putih Merdeka untuk para gajah 😂😂
18097123058150971,2026-05-24T04:13:22+00:00,1,https://www.instagram.com/reel/DYmu1e6PyWi/,https://www.instagram.com/reel/DYmu1e6PyWi/?comment_id=18097123058150971,scraping_instagram,ariendrarahill,Tolong kasih tau pak Wowo lagu ini
17867665245653742,2026-05-24T04:07:29+00:00,0,https://www.instagram.com/reel/DYmu1e6PyWi/,https://www.instagram.com/reel/DYmu1e6PyWi/?comment_id=17867665245653742,scraping_instagram,a.suryapermana,"Gemoy Gemoy diktaktor, kesukaan masyarakat 58🖕🤡"
17952711479979749,2026-05-24T04:02:06+00:00,1,https://www.instagram.com/reel/DYmu1e6PyWi/,https://www.instagram.com/reel/DYmu1e6PyWi/?comment_id=17952711479979749,scraping_instagram,cutsyahriah,Nice song
18586899841034736,2026-05-24T03:59:01+00:00,1,https://www.instagram.com/reel/DYmu1e6PyWi/,https://www.instagram.com/reel/DYmu1e6PyWi/?comment_id=18586899841034736,scraping_instagram,viviannautami,😂😂😂
18081346943324926,2026-05-24T03:53:31+00:00,1,https://www.instagram.com/reel/DYmu1e6PyWi/,https://www.instagram.com/reel/DYmu1e6PyWi/?comment_id=18081346943324926,scraping_instagram,kristina_phiny,Wowowowowo GJ
18105219466875732,2026-05-24T03:50:07+00:00,1,https://www.instagram.com/reel/DYmu1e6PyWi/,https://www.instagram.com/reel/DYmu1e6PyWi/?comment_id=18105219466875732,scraping_instagram,tonysapt,Sek enak lagu iki gaes drpd lagu sebelah @iamrizaal @ramaedogawa @abee_uya
18363699094238659,2026-05-24T03:40:11+00:00,1,https://www.instagram.com/reel/DYmu1e6PyWi/,https://www.instagram.com/reel/DYmu1e6PyWi/?comment_id=18363699094238659,scraping_instagram,tuansejahtera,Racotindo 🔥🤣🤮
17939017038211895,2026-05-24T03:34:48+00:00,1,https://www.instagram.com/reel/DYmu1e6PyWi/,https://www.instagram.com/reel/DYmu1e6PyWi/?comment_id=17939017038211895,scraping_instagram,zivizha21,Bakalan jalan terus Itu proyek ngeruk Apbn buat modal kampanye 2029. Gilaaa Masa modal nya dari uang negara... Pelanggaran berat. Tapi pakai kedok Program MBG dan kopdes. Perlaksanaaannya juga amburadul.. yg penting cair...cair money laundry
18341124625175021,2026-05-24T03:27:32+00:00,1,https://www.instagram.com/reel/DYmu1e6PyWi/,https://www.instagram.com/reel/DYmu1e6PyWi/?comment_id=18341124625175021,scraping_instagram,arabicagayopremium1,"Tetap lanjut..ga ada yg boleh ganggu , demi Kursi ku...😂"
18011182496887769,2026-05-24T03:27:23+00:00,2,https://www.instagram.com/reel/DYmu1e6PyWi/,https://www.instagram.com/reel/DYmu1e6PyWi/?comment_id=18011182496887769,scraping_instagram,gling3,
18094198162957872,2026-05-24T03:26:04+00:00,1,https://www.instagram.com/reel/DYmu1e6PyWi/,https://www.instagram.com/reel/DYmu1e6PyWi/?comment_id=18094198162957872,scraping_instagram,capt.yunun,Plenger banget anj
18043176161577103,2026-05-24T03:25:26+00:00,1,https://www.instagram.com/reel/DYmu1e6PyWi/,https://www.instagram.com/reel/DYmu1e6PyWi/?comment_id=18043176161577103,scraping_instagram,dewiekhucshi,👏👍mantap
18074123651290698,2026-05-24T03:14:58+00:00,1,https://www.instagram.com/reel/DYmu1e6PyWi/,https://www.instagram.com/reel/DYmu1e6PyWi/?comment_id=18074123651290698,scraping_instagram,_smutiara27,Program yg buat indonesia bangkrut
18328130860270155,2026-05-24T03:06:48+00:00,0,https://www.instagram.com/reel/DYmu1e6PyWi/,https://www.instagram.com/reel/DYmu1e6PyWi/?comment_id=18328130860270155,scraping_instagram,wahyusahidun,Goblok goblok goblok rakyat Indonesia....GK isok milih wong pinter ... Kapok kapok kapok
18032233934662745,2026-05-24T03:02:14+00:00,1,https://www.instagram.com/reel/DYmu1e6PyWi/,https://www.instagram.com/reel/DYmu1e6PyWi/?comment_id=18032233934662745,scraping_instagram,nasibakarwareg,😂
17886890067549463,2026-05-24T02:57:53+00:00,1,https://www.instagram.com/reel/DYmu1e6PyWi/,https://www.instagram.com/reel/DYmu1e6PyWi/?comment_id=17886890067549463,scraping_instagram,ritasusana62,benarkah t4 kelahiran ku semengerikan ini?😢
18100204648861161,2026-05-24T02:57:14+00:00,1,https://www.instagram.com/reel/DYmu1e6PyWi/,https://www.instagram.com/reel/DYmu1e6PyWi/?comment_id=18100204648861161,scraping_instagram,xpipxp,Accurate 😭
18138902617539609,2026-05-24T02:50:55+00:00,1,https://www.instagram.com/reel/DYmu1e6PyWi/,https://www.instagram.com/reel/DYmu1e6PyWi/?comment_id=18138902617539609,scraping_instagram,rglvda,Di share aman gak. 😭
18426090895121215,2026-05-24T02:47:15+00:00,1,https://www.instagram.com/reel/DYmu1e6PyWi/,https://www.instagram.com/reel/DYmu1e6PyWi/?comment_id=18426090895121215,scraping_instagram,deakean,😢😢
18003495257873025,2026-05-24T02:29:15+00:00,2,https://www.instagram.com/reel/DYmu1e6PyWi/,https://www.instagram.com/reel/DYmu1e6PyWi/?comment_id=18003495257873025,scraping_instagram,herryrhd_,@prabowo hebat kali dut
18439279786187674,2026-05-24T02:25:32+00:00,1,https://www.instagram.com/reel/DYmu1e6PyWi/,https://www.instagram.com/reel/DYmu1e6PyWi/?comment_id=18439279786187674,scraping_instagram,auliaabdillah1,😂
17987930022001140,2026-05-24T02:19:16+00:00,0,https://www.instagram.com/reel/DYmu1e6PyWi/,https://www.instagram.com/reel/DYmu1e6PyWi/?comment_id=17987930022001140,scraping_instagram,pohanyusmawati,Kalau manusia dia punya malu.
18097919612138008,2026-05-24T02:17:48+00:00,1,https://www.instagram.com/reel/DYmu1e6PyWi/,https://www.instagram.com/reel/DYmu1e6PyWi/?comment_id=18097919612138008,scraping_instagram,rinaaling,Bagus sekali video nya
17861243247596932,2026-05-24T02:07:12+00:00,1,https://www.instagram.com/reel/DYmu1e6PyWi/,https://www.instagram.com/reel/DYmu1e6PyWi/?comment_id=17861243247596932,scraping_instagram,vinavi32,"Sebarnya ya negara kita itu kaya sekali,punya perkebunan sawit luas,punya pesawahan luar,punya perkebunan sayur dan buah luas Aya tambang minyak juga,peternakan juga,tp kenapa ya barang lokal di jual murah ke luar,sementara pembelian di negara sendiri begitu mahal,dan semakin banyak rakyat miskin,sama orang pengangguran,dulu uang 50rbu bisa beli minyak beras dan lain nya begitu banyak,sekarang uang 50 rbu cuma bisa buat beli beras dan lauk nya buat sehari,pengadaan program mbg itu pun hanya buat anak sekolah,bumil,dan balita,nah yang lain nya kaya ibu lansia,dan orang kurang mampu kan ga dapet ya,trs ada bantuan seperti PKH bpnt dan lain nya,orng miskin itu 20%nya kebagian dan 80%nya yang kebagian orng yang punya suami dan orng yang bisa di bilang desil 6(orng cukup mampu)bingung dehhh sama aturan pemerintah sekarang,di tambah ada mbg,Dateng ke kita nya itu ga sampe""target gitu,masa mbg yang singkatan nya dari Makan Bergizi Geratis,isi nya hanya daun singkong, rebus telor ,saus tomat sama nasi SE cuil,emng kaya gitu ya konsep mbg itu🤔"
18122574580629485,2026-05-24T01:56:52+00:00,1,https://www.instagram.com/reel/DYmu1e6PyWi/,https://www.instagram.com/reel/DYmu1e6PyWi/?comment_id=18122574580629485,scraping_instagram,_itsmeptrznrfn,Nyesel pilih dia😂
17946834369188303,2026-05-24T01:51:14+00:00,1,https://www.instagram.com/reel/DYmu1e6PyWi/,https://www.instagram.com/reel/DYmu1e6PyWi/?comment_id=17946834369188303,scraping_instagram,pertiwi2117,GK ada yg mau demo gitu ??
18547794616070526,2026-05-24T01:51:05+00:00,1,https://www.instagram.com/reel/DYmu1e6PyWi/,https://www.instagram.com/reel/DYmu1e6PyWi/?comment_id=18547794616070526,scraping_instagram,mitakirana74,🔥🔥🔥
18089426675524013,2026-05-24T01:45:13+00:00,1,https://www.instagram.com/reel/DYmu1e6PyWi/,https://www.instagram.com/reel/DYmu1e6PyWi/?comment_id=18089426675524013,scraping_instagram,id.bestdeals,Satu hal yang saya sukuri  Alhamdulillah saya ga nyoblos yang ini yuhuuuu 😭
18029421866808235,2026-05-24T01:41:06+00:00,1,https://www.instagram.com/reel/DYmu1e6PyWi/,https://www.instagram.com/reel/DYmu1e6PyWi/?comment_id=18029421866808235,scraping_instagram,aiya_shaffi,Zer buzer buzer buzer lagi👏
18001754441921927,2026-05-24T01:41:05+00:00,1,https://www.instagram.com/reel/DYmu1e6PyWi/,https://www.instagram.com/reel/DYmu1e6PyWi/?comment_id=18001754441921927,scraping_instagram,mengcien,😭😭😭
17892233472495746,2026-05-24T01:37:58+00:00,1,https://www.instagram.com/reel/DYmu1e6PyWi/,https://www.instagram.com/reel/DYmu1e6PyWi/?comment_id=17892233472495746,scraping_instagram,dpp.dharmamurti,Bikin malu saja @prabowo @gibran_rakabuming @menkeuri @badangizinasional.ri @dpr_ri @mprgoid menyedihkan sekali Prabowo Subianto. Rakyat bikin meme itu ada alasannya sebagai bentuk kritik thd pemerintahan. Parah!
18086912180615698,2026-05-24T01:23:42+00:00,1,https://www.instagram.com/reel/DYmu1e6PyWi/,https://www.instagram.com/reel/DYmu1e6PyWi/?comment_id=18086912180615698,scraping_instagram,wak_lis,Klau pemimpin Amanah tk akan di pilih...
17963798216936254,2026-05-24T01:09:51+00:00,1,https://www.instagram.com/reel/DYmu1e6PyWi/,https://www.instagram.com/reel/DYmu1e6PyWi/?comment_id=17963798216936254,scraping_instagram,lalaaa.o88,😭😭😭
18295708549303147,2026-05-24T00:43:10+00:00,1,https://www.instagram.com/reel/DYmu1e6PyWi/,https://www.instagram.com/reel/DYmu1e6PyWi/?comment_id=18295708549303147,scraping_instagram,cyberxmoonnblox,Almarhum B.j Habibie aja dibilang naif jadi presiden kata wowo
17924308512342166,2026-05-24T00:42:03+00:00,0,https://www.instagram.com/reel/DYmu1e6PyWi/,https://www.instagram.com/reel/DYmu1e6PyWi/?comment_id=17924308512342166,scraping_instagram,lombis2,kontol 😭😭😭
17950913976154957,2026-05-24T00:38:17+00:00,0,https://www.instagram.com/reel/DYmu1e6PyWi/,https://www.instagram.com/reel/DYmu1e6PyWi/?comment_id=17950913976154957,scraping_instagram,azzyyunn_,badut politik
18092646401214914,2026-05-24T00:32:30+00:00,1,https://www.instagram.com/reel/DYmu1e6PyWi/,https://www.instagram.com/reel/DYmu1e6PyWi/?comment_id=18092646401214914,scraping_instagram,paitcarol,"Tdk ada tanda2 baik ekonomi ku, daya beli sangat menurun,"
18103395680280673,2026-05-24T00:04:18+00:00,1,https://www.instagram.com/reel/DYmu1e6PyWi/,https://www.instagram.com/reel/DYmu1e6PyWi/?comment_id=18103395680280673,scraping_instagram,nadiyahros05,@prabowo @gibran_rakabuming @gerindra
18044480567790733,2026-05-23T23:57:13+00:00,0,https://www.instagram.com/reel/DYmu1e6PyWi/,https://www.instagram.com/reel/DYmu1e6PyWi/?comment_id=18044480567790733,scraping_instagram,fitriyanti2191,MANUSIA bajingan BIADAP
17934874299067110,2026-05-23T23:38:44+00:00,1,https://www.instagram.com/reel/DYmu1e6PyWi/,https://www.instagram.com/reel/DYmu1e6PyWi/?comment_id=17934874299067110,scraping_instagram,mayasoputan,"Pilpres saat itu sy pilih Ganjar & Mahfud MD, walaupun bnyak yg beralih krn Jokowi mendukung Prabowo semua jdi ikut dukung Prabowo, sy tetap rasional utk pilih yg memang bisa memajukan negara"
17996043296959667,2026-05-23T23:34:07+00:00,1,https://www.instagram.com/reel/DYmu1e6PyWi/,https://www.instagram.com/reel/DYmu1e6PyWi/?comment_id=17996043296959667,scraping_instagram,insaniwulansari,duuuuh takut apal lagu ini seperti yg udah 😢
18105263101957824,2026-05-23T23:34:00+00:00,0,https://www.instagram.com/reel/DYmu1e6PyWi/,https://www.instagram.com/reel/DYmu1e6PyWi/?comment_id=18105263101957824,scraping_instagram,hendro_yudianto,Presiden dobol
17860733655634780,2026-05-23T23:27:26+00:00,3,https://www.instagram.com/reel/DYmu1e6PyWi/,https://www.instagram.com/reel/DYmu1e6PyWi/?comment_id=17860733655634780,scraping_instagram,mas_pacul88,Pas emang itu kenyataan nya 😮😮😮
17900650872286594,2026-05-23T23:15:19+00:00,0,https://www.instagram.com/reel/DYmu1e6PyWi/,https://www.instagram.com/reel/DYmu1e6PyWi/?comment_id=17900650872286594,scraping_instagram,wartonopass3,"RUPIAH BAIK-BAIK SAJA, LAGIAN MASIH STABIL. KALAU MATA UANG HANCUR ITU SEPERTI ZIMBABWE. KITA HARUS BERTERIMAKASIH SAMA PEMERINTAH, TERUS BERJUANG DIANTARA KERUMUNAN ANJING-ANJING ASING"
18100941533100701,2026-05-23T23:02:06+00:00,1,https://www.instagram.com/reel/DYmu1e6PyWi/,https://www.instagram.com/reel/DYmu1e6PyWi/?comment_id=18100941533100701,scraping_instagram,sili_lamina09,aku sebagai rakya jelata sebenrnya ngga peduli sma progam presiden. tp kalau rupiah semakin melemah sperti ini rasanya pengin pindah negara saja. yg jd pimpinan ngga bisa mengatasi. 😢
18130692343578482,2026-05-23T22:32:17+00:00,0,https://www.instagram.com/reel/DYmu1e6PyWi/,https://www.instagram.com/reel/DYmu1e6PyWi/?comment_id=18130692343578482,scraping_instagram,rengencoenco,Prabowo dadan di neraka jahanam ketemu firaun
18174583141406268,2026-05-23T22:20:37+00:00,1,https://www.instagram.com/reel/DYmu1e6PyWi/,https://www.instagram.com/reel/DYmu1e6PyWi/?comment_id=18174583141406268,scraping_instagram,rahmakinzasyakila,Kacian
17927636610321816,2026-05-23T22:15:00+00:00,0,https://www.instagram.com/reel/DYmu1e6PyWi/,https://www.instagram.com/reel/DYmu1e6PyWi/?comment_id=17927636610321816,scraping_instagram,arifrahmat41217,GUDDAL
18102930989071780,2026-05-23T22:10:44+00:00,1,https://www.instagram.com/reel/DYmu1e6PyWi/,https://www.instagram.com/reel/DYmu1e6PyWi/?comment_id=18102930989071780,scraping_instagram,yusufhasyim75,Saya bangga dibilang barisan lowbat dengan 16% setelah melihat amburadul tata kelola negara sekarang ini
18093465095265461,2026-05-23T22:08:39+00:00,0,https://www.instagram.com/reel/DYmu1e6PyWi/,https://www.instagram.com/reel/DYmu1e6PyWi/?comment_id=18093465095265461,scraping_instagram,yusufhasyim75,Sangat jahat pemimpin sekarang ini
18105182473769531,2026-05-23T20:20:58+00:00,1,https://www.instagram.com/reel/DYmu1e6PyWi/,https://www.instagram.com/reel/DYmu1e6PyWi/?comment_id=18105182473769531,scraping_instagram,ithafirmann,Kesel bgt liatnya 😢
17912583420201412,2026-05-23T20:15:27+00:00,0,https://www.instagram.com/reel/DYmu1e6PyWi/,https://www.instagram.com/reel/DYmu1e6PyWi/?comment_id=17912583420201412,scraping_instagram,tikapbisono,BIADAAAAABBBB
17965535127080373,2026-05-23T20:04:40+00:00,1,https://www.instagram.com/reel/DYmu1e6PyWi/,https://www.instagram.com/reel/DYmu1e6PyWi/?comment_id=17965535127080373,scraping_instagram,lilyn12025,Please jgn lewat Bumn export y
18112976989675806,2026-05-23T19:49:02+00:00,1,https://www.instagram.com/reel/DYmu1e6PyWi/,https://www.instagram.com/reel/DYmu1e6PyWi/?comment_id=18112976989675806,scraping_instagram,suzytibblehutabarat,Kerennnn👍
17949988776161434,2026-05-23T19:43:57+00:00,0,https://www.instagram.com/reel/DYmu1e6PyWi/,https://www.instagram.com/reel/DYmu1e6PyWi/?comment_id=17949988776161434,scraping_instagram,rilzz_666,presiden kontol
17989234775798217,2026-05-23T18:51:36+00:00,2,https://www.instagram.com/reel/DYmu1e6PyWi/,https://www.instagram.com/reel/DYmu1e6PyWi/?comment_id=17989234775798217,scraping_instagram,mhmd.fikra,
18028635104816161,2026-05-23T18:46:09+00:00,1,https://www.instagram.com/reel/DYmu1e6PyWi/,https://www.instagram.com/reel/DYmu1e6PyWi/?comment_id=18028635104816161,scraping_instagram,edi.hermanto.1213,Itu yang didalam kereta kencana siapa ya... 😂 Aktor sok lugu otak culas kondisikan seolah prihatin... Padahal sedang menimbun ... Kok ada model manusia seperti itu... Lebih dari Fir'aun..
18107640245511251,2026-05-23T18:43:48+00:00,1,https://www.instagram.com/reel/DYmu1e6PyWi/,https://www.instagram.com/reel/DYmu1e6PyWi/?comment_id=18107640245511251,scraping_instagram,amalia_fiitrii,innalillahi
17996301749778970,2026-05-23T17:50:45+00:00,1,https://www.instagram.com/reel/DYmu1e6PyWi/,https://www.instagram.com/reel/DYmu1e6PyWi/?comment_id=17996301749778970,scraping_instagram,shinchan_jr,SPPG 🐷
18190082836375271,2026-05-23T17:27:53+00:00,1,https://www.instagram.com/reel/DYmu1e6PyWi/,https://www.instagram.com/reel/DYmu1e6PyWi/?comment_id=18190082836375271,scraping_instagram,amelyarahmadanii,"Lagu apaan ni, kocak bgt😭"
18374708641162948,2026-05-23T17:07:22+00:00,1,https://www.instagram.com/reel/DYmu1e6PyWi/,https://www.instagram.com/reel/DYmu1e6PyWi/?comment_id=18374708641162948,scraping_instagram,nengfitrialung,Pers***** p***
18122362528634662,2026-05-23T16:51:39+00:00,0,https://www.instagram.com/reel/DYmu1e6PyWi/,https://www.instagram.com/reel/DYmu1e6PyWi/?comment_id=18122362528634662,scraping_instagram,azhari_m.ali,"Goyang terus Prabowo gibran sampai dollar mencapai 22000, ini KPU harus bertanggung jawab, seharusnya rakyat harus menggantung semua anggota KPU di bundaran HI, dan dilempar oleh rakyat sampai mati"
17890766853482148,2026-05-23T16:47:59+00:00,1,https://www.instagram.com/reel/DYmu1e6PyWi/,https://www.instagram.com/reel/DYmu1e6PyWi/?comment_id=17890766853482148,scraping_instagram,rifrnn,😂😂😂😂
18099573319873786,2026-05-23T16:18:53+00:00,0,https://www.instagram.com/reel/DYmu1e6PyWi/,https://www.instagram.com/reel/DYmu1e6PyWi/?comment_id=18099573319873786,scraping_instagram,gunawan.buya.alamsyah.lbs_,semoga semua yg korupsi di indonesia dan yg ikut menikmati nya segera mendapat azab dan di tutup pntu taubat utk nya...aamiin yra
18116164846696138,2026-05-23T16:18:51+00:00,0,https://www.instagram.com/reel/DYmu1e6PyWi/,https://www.instagram.com/reel/DYmu1e6PyWi/?comment_id=18116164846696138,scraping_instagram,gunawan.buya.alamsyah.lbs_,"semoga semua pejabat,aparatatur negara,ASN  dan anggota Dewan yg Curang,korupsi dan tdk amanah di beri azab dari Tuhan sampai akhir usia, dipersulit ajal dan hisab nya..aamiin ya Rabb
."
18589760515045007,2026-05-23T16:18:50+00:00,0,https://www.instagram.com/reel/DYmu1e6PyWi/,https://www.instagram.com/reel/DYmu1e6PyWi/?comment_id=18589760515045007,scraping_instagram,gunawan.buya.alamsyah.lbs_,"semoga semua pejabat,aparatatur negara,ASN  dan anggota Dewan yg Curang,korupsi dan tdk amanah di beri azab dari Tuhan sampai akhir usia, dipersulit ajal dan hisab nya..aamiin ya Rabb
."
18071006711671137,2026-05-23T15:54:24+00:00,1,https://www.instagram.com/reel/DYmu1e6PyWi/,https://www.instagram.com/reel/DYmu1e6PyWi/?comment_id=18071006711671137,scraping_instagram,delimaristiqomah,"Ya Allah udah gak bisa berword2, tolong selamatkan kami warga Indonesia, kalau pemerintah tidak berpihak kepada rakyat semoga mereka segera dikasih hidayah kalau gak mempan juga tolong langsung digulingkan aja ya Allah."
18067044965704128,2026-05-23T15:36:03+00:00,1,https://www.instagram.com/reel/DYmu1e6PyWi/,https://www.instagram.com/reel/DYmu1e6PyWi/?comment_id=18067044965704128,scraping_instagram,mar_keren_banvet,
17973388662024513,2026-05-23T15:34:14+00:00,1,https://www.instagram.com/reel/DYmu1e6PyWi/,https://www.instagram.com/reel/DYmu1e6PyWi/?comment_id=17973388662024513,scraping_instagram,jeffreyagoes,Apakah harus STREET JUSTICE???
18103610560804024,2026-05-23T15:29:00+00:00,0,https://www.instagram.com/reel/DYmu1e6PyWi/,https://www.instagram.com/reel/DYmu1e6PyWi/?comment_id=18103610560804024,scraping_instagram,tirtamenujukurus,Najis
18100819895034366,2026-05-23T15:24:09+00:00,0,https://www.instagram.com/reel/DYmu1e6PyWi/,https://www.instagram.com/reel/DYmu1e6PyWi/?comment_id=18100819895034366,scraping_instagram,why.ningsihh,Cuma pengen Bapak Bapak ini cepet diadili di akhirat aja rasanya😭🔥
18118925113665458,2026-05-23T15:09:51+00:00,1,https://www.instagram.com/reel/DYmu1e6PyWi/,https://www.instagram.com/reel/DYmu1e6PyWi/?comment_id=18118925113665458,scraping_instagram,_mich419,Ga Ada di barisan no 2 udh bersyukur
18145544089508189,2026-05-23T15:08:25+00:00,1,https://www.instagram.com/reel/DYmu1e6PyWi/,https://www.instagram.com/reel/DYmu1e6PyWi/?comment_id=18145544089508189,scraping_instagram,eddy.purnomo,Buset najwa di bungkam..
17862615969690270,2026-05-23T15:02:12+00:00,1,https://www.instagram.com/reel/DYmu1e6PyWi/,https://www.instagram.com/reel/DYmu1e6PyWi/?comment_id=17862615969690270,scraping_instagram,realaeriemarie,@prabowo
18135346711489295,2026-05-23T15:00:50+00:00,1,https://www.instagram.com/reel/DYmu1e6PyWi/,https://www.instagram.com/reel/DYmu1e6PyWi/?comment_id=18135346711489295,scraping_instagram,freddy.song,Take #Wowo Down #ASAP!!
17939344812245763,2026-05-23T14:59:38+00:00,1,https://www.instagram.com/reel/DYmu1e6PyWi/,https://www.instagram.com/reel/DYmu1e6PyWi/?comment_id=17939344812245763,scraping_instagram,railfans20622_2.0,
18098750843515319,2026-05-23T14:56:14+00:00,1,https://www.instagram.com/reel/DYmu1e6PyWi/,https://www.instagram.com/reel/DYmu1e6PyWi/?comment_id=18098750843515319,scraping_instagram,lodyasilvany,Jogeddddd terusss
17902753608431120,2026-05-23T14:53:40+00:00,1,https://www.instagram.com/reel/DYmu1e6PyWi/,https://www.instagram.com/reel/DYmu1e6PyWi/?comment_id=17902753608431120,scraping_instagram,leonaldoyamaguchi,@prabowo @gerindra @fraksipartaigerindra @habiburokhmanjkttimur
18084399476106755,2026-05-23T14:52:35+00:00,2,https://www.instagram.com/reel/DYmu1e6PyWi/,https://www.instagram.com/reel/DYmu1e6PyWi/?comment_id=18084399476106755,scraping_instagram,bobbypratama07,"Lantai kamar mandi, please do your magic.😇"
18085730129216381,2026-05-23T14:29:30+00:00,1,https://www.instagram.com/reel/DYmu1e6PyWi/,https://www.instagram.com/reel/DYmu1e6PyWi/?comment_id=18085730129216381,scraping_instagram,dreassmbln,sawit turun
18155100454482420,2026-05-23T14:22:09+00:00,1,https://www.instagram.com/reel/DYmu1e6PyWi/,https://www.instagram.com/reel/DYmu1e6PyWi/?comment_id=18155100454482420,scraping_instagram,haiper37,YAA ALLAH TEGGAKKANLAH SYARIAT ISLAM D BUMI ALLAH INI PKE HUKUM & ATURAN ALLAH DEMI ALLAH SELURUH MASYARAKAT PASTI BAHAGIA SLAMAT DUNIA AKHERAT AAMIIN YAA ROBBAL ALAMIN YAA ALLAH YAA RABB AAMIIN 🤲
17889802296487806,2026-05-23T14:21:38+00:00,1,https://www.instagram.com/reel/DYmu1e6PyWi/,https://www.instagram.com/reel/DYmu1e6PyWi/?comment_id=17889802296487806,scraping_instagram,haiper37,YAA ALLAH SEGERAKANLAH AZAB UTK MEREKA PARA PEJABAT YG DZOLIM KPDA RAKYATNYA AAMIIN YAA ROBBAL ALAMIN YAA ALLAH YAA RABB AAMIIN 🤲
18101696918033273,2026-05-23T14:21:22+00:00,1,https://www.instagram.com/reel/DYmu1e6PyWi/,https://www.instagram.com/reel/DYmu1e6PyWi/?comment_id=18101696918033273,scraping_instagram,la_tifah234,Sudah tdk ada bisa diungkapkan untuk pemerintahan yang... Yang.. Yang.. Entahlah... 😢
18081016535562395,2026-05-23T14:13:59+00:00,1,https://www.instagram.com/reel/DYmu1e6PyWi/,https://www.instagram.com/reel/DYmu1e6PyWi/?comment_id=18081016535562395,scraping_instagram,khadizahija,Dolar melambung ke Antartika😁😁😁😵😵😵😵
18103716887473042,2026-05-23T14:05:25+00:00,0,https://www.instagram.com/reel/DYmu1e6PyWi/,https://www.instagram.com/reel/DYmu1e6PyWi/?comment_id=18103716887473042,scraping_instagram,sloow_boy,Orang gila dikasih jabatan presiden
18112370167895714,2026-05-23T14:04:49+00:00,2,https://www.instagram.com/reel/DYmu1e6PyWi/,https://www.instagram.com/reel/DYmu1e6PyWi/?comment_id=18112370167895714,scraping_instagram,jonobgsj_hjvcbnnjjg,Tombol sumpahin ____^>
18467108980103095,2026-05-23T14:02:09+00:00,1,https://www.instagram.com/reel/DYmu1e6PyWi/,https://www.instagram.com/reel/DYmu1e6PyWi/?comment_id=18467108980103095,scraping_instagram,purw.ati7733,bodo amat.....g makan dolar.mkny nadi tdk import
18168768766425742,2026-05-23T13:59:58+00:00,1,https://www.instagram.com/reel/DYmu1e6PyWi/,https://www.instagram.com/reel/DYmu1e6PyWi/?comment_id=18168768766425742,scraping_instagram,frida.pyg,@prabowo
18105078181995824,2026-05-23T13:59:43+00:00,1,https://www.instagram.com/reel/DYmu1e6PyWi/,https://www.instagram.com/reel/DYmu1e6PyWi/?comment_id=18105078181995824,scraping_instagram,frida.pyg,
17964192759119287,2026-05-23T13:59:07+00:00,1,https://www.instagram.com/reel/DYmu1e6PyWi/,https://www.instagram.com/reel/DYmu1e6PyWi/?comment_id=17964192759119287,scraping_instagram,frida.pyg,
18162168436452303,2026-05-23T13:52:01+00:00,1,https://www.instagram.com/reel/DYmu1e6PyWi/,https://www.instagram.com/reel/DYmu1e6PyWi/?comment_id=18162168436452303,scraping_instagram,indrabennyputera,"MBG habis 300T di bagiin 12 jt rakyat miskin setahun dpt 25 jt an , rata2 dpt 2 JT sebulan, rakyat sejahtera🔥"
18066747260372153,2026-05-23T13:50:39+00:00,0,https://www.instagram.com/reel/DYmu1e6PyWi/,https://www.instagram.com/reel/DYmu1e6PyWi/?comment_id=18066747260372153,scraping_instagram,adnara_123,Yang di butuhkan 19jt lapangan pekerjaan
18129585490597933,2026-05-23T13:34:43+00:00,1,https://www.instagram.com/reel/DYmu1e6PyWi/,https://www.instagram.com/reel/DYmu1e6PyWi/?comment_id=18129585490597933,scraping_instagram,bravo_markisa,😮😮😮😮😮
18414891628183503,2026-05-23T13:34:16+00:00,1,https://www.instagram.com/reel/DYmu1e6PyWi/,https://www.instagram.com/reel/DYmu1e6PyWi/?comment_id=18414891628183503,scraping_instagram,nancisimangunsongbrbro,"MANA MOBIL KACANYA..? 
SEKALIAN SEPATU KACA"
18094193623963707,2026-05-23T13:27:01+00:00,2,https://www.instagram.com/reel/DYmu1e6PyWi/,https://www.instagram.com/reel/DYmu1e6PyWi/?comment_id=18094193623963707,scraping_instagram,ana_mc_acara,Begini terang benderang...masak RI 1 nggak tahu...nggak ngelihat kondisi negri.. sebegitu ketat filter sampai bapak kita nggak tahu...
18077193545239742,2026-05-23T13:18:37+00:00,1,https://www.instagram.com/reel/DYmu1e6PyWi/,https://www.instagram.com/reel/DYmu1e6PyWi/?comment_id=18077193545239742,scraping_instagram,fitrotin197,Moga CEO MBG dan KDMP segera sadar... Bahwa negara kaya bukan yg banyak hutang. Jgn bungkam rakyat kecil dg MBG....
18116519851703395,2026-05-23T13:12:54+00:00,1,https://www.instagram.com/reel/DYmu1e6PyWi/,https://www.instagram.com/reel/DYmu1e6PyWi/?comment_id=18116519851703395,scraping_instagram,pramoslaconte,@prabowo
17908587903411217,2026-05-23T13:03:53+00:00,1,https://www.instagram.com/reel/DYmu1e6PyWi/,https://www.instagram.com/reel/DYmu1e6PyWi/?comment_id=17908587903411217,scraping_instagram,darrelx_31,@prabowo
17850626493696634,2026-05-23T13:01:36+00:00,1,https://www.instagram.com/reel/DYmu1e6PyWi/,https://www.instagram.com/reel/DYmu1e6PyWi/?comment_id=17850626493696634,scraping_instagram,afiyah.shop17,jangan cuman konten realisasikan...bersatu gulingkan
18117999445667021,2026-05-23T13:00:10+00:00,2,https://www.instagram.com/reel/DYmu1e6PyWi/,https://www.instagram.com/reel/DYmu1e6PyWi/?comment_id=18117999445667021,scraping_instagram,dhil.keddhilll,
17937982878053656,2026-05-23T12:54:03+00:00,1,https://www.instagram.com/reel/DYmu1e6PyWi/,https://www.instagram.com/reel/DYmu1e6PyWi/?comment_id=17937982878053656,scraping_instagram,kapt.morgan11,_inilesthy Jawaban komen kmu semua terlalu diplomatis byk mengandung unsur² kepentingan 😭😂
18116100142624518,2026-05-23T12:53:21+00:00,1,https://www.instagram.com/reel/DYmu1e6PyWi/,https://www.instagram.com/reel/DYmu1e6PyWi/?comment_id=18116100142624518,scraping_instagram,dewii.cahyani,Betul
17870367624528512,2026-05-23T12:51:38+00:00,1,https://www.instagram.com/reel/DYmu1e6PyWi/,https://www.instagram.com/reel/DYmu1e6PyWi/?comment_id=17870367624528512,scraping_instagram,elsagita_pratiwi,😢😢😢
18451790752116784,2026-05-23T12:44:28+00:00,1,https://www.instagram.com/reel/DYmu1e6PyWi/,https://www.instagram.com/reel/DYmu1e6PyWi/?comment_id=18451790752116784,scraping_instagram,putridatiwi.0303,jangan sampai terprovokasi🔥🔥
18070350800694942,2026-05-23T12:34:43+00:00,1,https://www.instagram.com/reel/DYmu1e6PyWi/,https://www.instagram.com/reel/DYmu1e6PyWi/?comment_id=18070350800694942,scraping_instagram,bayu99200,@yulina_tanjung777 😂
18131301037591716,2026-05-23T12:29:43+00:00,1,https://www.instagram.com/reel/DYmu1e6PyWi/,https://www.instagram.com/reel/DYmu1e6PyWi/?comment_id=18131301037591716,scraping_instagram,miftaa_hudda,"Udah kebaca sejak tarif ekspor import, As ke indonesia 0% tp kita ke AS dikenai pajak lebih dr 50% udah kebaca pengen mata uang indonesia runtuh perlahan, makanya china gak mau ikut permainan trump"
17891772228477068,2026-05-23T12:25:34+00:00,1,https://www.instagram.com/reel/DYmu1e6PyWi/,https://www.instagram.com/reel/DYmu1e6PyWi/?comment_id=17891772228477068,scraping_instagram,rismaaanurf03,😢😭
18103730959974393,2026-05-23T12:22:55+00:00,1,https://www.instagram.com/reel/DYmu1e6PyWi/,https://www.instagram.com/reel/DYmu1e6PyWi/?comment_id=18103730959974393,scraping_instagram,lailaasyahla_,@prabowo @presidenrepublikindonesia @gerindra
18082963904308297,2026-05-23T12:21:38+00:00,1,https://www.instagram.com/reel/DYmu1e6PyWi/,https://www.instagram.com/reel/DYmu1e6PyWi/?comment_id=18082963904308297,scraping_instagram,su.ryana8004,😂😂
18096532142520904,2026-05-23T12:20:39+00:00,1,https://www.instagram.com/reel/DYmu1e6PyWi/,https://www.instagram.com/reel/DYmu1e6PyWi/?comment_id=18096532142520904,scraping_instagram,nsaishaa,👍
18117432121814242,2026-05-23T12:16:40+00:00,1,https://www.instagram.com/reel/DYmu1e6PyWi/,https://www.instagram.com/reel/DYmu1e6PyWi/?comment_id=18117432121814242,scraping_instagram,denysaoktariaii,😂
18427694845124494,2026-05-23T12:09:50+00:00,1,https://www.instagram.com/reel/DYmu1e6PyWi/,https://www.instagram.com/reel/DYmu1e6PyWi/?comment_id=18427694845124494,scraping_instagram,rpertiwi25,Dikira negara kecil😭
18079417292556689,2026-05-23T12:06:15+00:00,1,https://www.instagram.com/reel/DYmu1e6PyWi/,https://www.instagram.com/reel/DYmu1e6PyWi/?comment_id=18079417292556689,scraping_instagram,muthia.khz,lu buzzer ya
17876754447657565,2026-05-23T11:57:52+00:00,0,https://www.instagram.com/reel/DYmu1e6PyWi/,https://www.instagram.com/reel/DYmu1e6PyWi/?comment_id=17876754447657565,scraping_instagram,20chord,"sekarang dollar 17.698 rupiah, kira kira Apa yang terjadi yaa jika Dollar tembus 20rb...."
18097625228129610,2026-05-23T11:47:20+00:00,1,https://www.instagram.com/reel/DYmu1e6PyWi/,https://www.instagram.com/reel/DYmu1e6PyWi/?comment_id=18097625228129610,scraping_instagram,dzakiianarkana,Aku harap akun ini gak di serang akun buzzer
18006905498728335,2026-05-23T11:39:40+00:00,1,https://www.instagram.com/reel/DYmu1e6PyWi/,https://www.instagram.com/reel/DYmu1e6PyWi/?comment_id=18006905498728335,scraping_instagram,mg_iif,Ges muak ka si kolot eta aing mah
17926731960335426,2026-05-23T11:37:35+00:00,1,https://www.instagram.com/reel/DYmu1e6PyWi/,https://www.instagram.com/reel/DYmu1e6PyWi/?comment_id=17926731960335426,scraping_instagram,budiutomo8956,"#apa yang akan terjadi negara Indonesia,jika dolar dengan rupiah tidak terkendali ,mana suara mahasiswa UGM yang dulu sering vokal, bersuara untuk  negara,dan tokoh pakar ekonomi bersuara,untuk beri nama keluar,@😭😭"
17860717791634382,2026-05-23T11:37:29+00:00,1,https://www.instagram.com/reel/DYmu1e6PyWi/,https://www.instagram.com/reel/DYmu1e6PyWi/?comment_id=17860717791634382,scraping_instagram,mami_keket,Bener lagi 😂😂😂
17940397995230292,2026-05-23T11:37:18+00:00,2,https://www.instagram.com/reel/DYmu1e6PyWi/,https://www.instagram.com/reel/DYmu1e6PyWi/?comment_id=17940397995230292,scraping_instagram,xzys_faa,Bangga banget pilih ganjar👏👍
18056204417718701,2026-05-23T11:33:11+00:00,1,https://www.instagram.com/reel/DYmu1e6PyWi/,https://www.instagram.com/reel/DYmu1e6PyWi/?comment_id=18056204417718701,scraping_instagram,ummichan26,Gini pemerintah ngak sadar ya kebangeten😭
18526290709076394,2026-05-23T11:27:03+00:00,1,https://www.instagram.com/reel/DYmu1e6PyWi/,https://www.instagram.com/reel/DYmu1e6PyWi/?comment_id=18526290709076394,scraping_instagram,pandangoesty,Menyesal pilih beliau.😭
17940525372222179,2026-05-23T11:23:45+00:00,0,https://www.instagram.com/reel/DYmu1e6PyWi/,https://www.instagram.com/reel/DYmu1e6PyWi/?comment_id=17940525372222179,scraping_instagram,ms903ig,Jahat dan busuk sekai orang ini
17891078940477843,2026-05-23T11:17:55+00:00,0,https://www.instagram.com/reel/DYmu1e6PyWi/,https://www.instagram.com/reel/DYmu1e6PyWi/?comment_id=17891078940477843,scraping_instagram,ochiakedai,Ada yg bisa nyant3t  dia gk?
17930880099090300,2026-05-23T11:14:39+00:00,1,https://www.instagram.com/reel/DYmu1e6PyWi/,https://www.instagram.com/reel/DYmu1e6PyWi/?comment_id=17930880099090300,scraping_instagram,j_alfandi20,Anjiiir nyesel batt mana nyoblos 2 kali lagi
18111175957710004,2026-05-23T11:13:21+00:00,1,https://www.instagram.com/reel/DYmu1e6PyWi/,https://www.instagram.com/reel/DYmu1e6PyWi/?comment_id=18111175957710004,scraping_instagram,muslimbayu,Berat kelak hisabmu jendral !!
18009386147722266,2026-05-23T11:11:42+00:00,1,https://www.instagram.com/reel/DYmu1e6PyWi/,https://www.instagram.com/reel/DYmu1e6PyWi/?comment_id=18009386147722266,scraping_instagram,ratnadewi.2,Good song ☺
17869768443674596,2026-05-23T11:09:23+00:00,1,https://www.instagram.com/reel/DYmu1e6PyWi/,https://www.instagram.com/reel/DYmu1e6PyWi/?comment_id=17869768443674596,scraping_instagram,komangsawitri087,Vidio tdk bermutu..
18103751759063248,2026-05-23T11:02:12+00:00,1,https://www.instagram.com/reel/DYmu1e6PyWi/,https://www.instagram.com/reel/DYmu1e6PyWi/?comment_id=18103751759063248,scraping_instagram,dafsmith_jr_10,😮
18104591765486124,2026-05-23T10:55:59+00:00,1,https://www.instagram.com/reel/DYmu1e6PyWi/,https://www.instagram.com/reel/DYmu1e6PyWi/?comment_id=18104591765486124,scraping_instagram,bethlehemfamily.wlk,🔥🔥🔥🔥🔥🔥🔥🔥
18109529774491924,2026-05-23T10:54:03+00:00,0,https://www.instagram.com/reel/DYmu1e6PyWi/,https://www.instagram.com/reel/DYmu1e6PyWi/?comment_id=18109529774491924,scraping_instagram,property.bakul,PEMIMPIN BODOH DIPILIH PEMILIH TOLOL DIBELA BUZZER BEGO
18063281228465246,2026-05-23T10:53:04+00:00,0,https://www.instagram.com/reel/DYmu1e6PyWi/,https://www.instagram.com/reel/DYmu1e6PyWi/?comment_id=18063281228465246,scraping_instagram,esternilamsari25,Gemoy bgst
17995325372782030,2026-05-23T10:52:50+00:00,1,https://www.instagram.com/reel/DYmu1e6PyWi/,https://www.instagram.com/reel/DYmu1e6PyWi/?comment_id=17995325372782030,scraping_instagram,to__pekurehua,..?.?.?.?
18105389470763180,2026-05-23T10:37:06+00:00,1,https://www.instagram.com/reel/DYmu1e6PyWi/,https://www.instagram.com/reel/DYmu1e6PyWi/?comment_id=18105389470763180,scraping_instagram,boneto_dye,😂😂😂😂
18594472261015156,2026-05-23T10:26:57+00:00,1,https://www.instagram.com/reel/DYmu1e6PyWi/,https://www.instagram.com/reel/DYmu1e6PyWi/?comment_id=18594472261015156,scraping_instagram,luthpi_67,Nih pak @prabowo
18137423761544387,2026-05-23T10:26:13+00:00,2,https://www.instagram.com/reel/DYmu1e6PyWi/,https://www.instagram.com/reel/DYmu1e6PyWi/?comment_id=18137423761544387,scraping_instagram,quennahathaway,@hoonketuaguild @lilbahlil__
17891296740473053,2026-05-23T10:13:35+00:00,1,https://www.instagram.com/reel/DYmu1e6PyWi/,https://www.instagram.com/reel/DYmu1e6PyWi/?comment_id=17891296740473053,scraping_instagram,anaalhany,Astgfirulloh
18005687912860624,2026-05-23T10:05:31+00:00,1,https://www.instagram.com/reel/DYmu1e6PyWi/,https://www.instagram.com/reel/DYmu1e6PyWi/?comment_id=18005687912860624,scraping_instagram,awan_cakrabuana,Ini adalah fakta kondisi Indonesia saat ini 🔥🔥🔥🔥🔥😭😭😭
18030137855684686,2026-05-23T10:02:32+00:00,1,https://www.instagram.com/reel/DYmu1e6PyWi/,https://www.instagram.com/reel/DYmu1e6PyWi/?comment_id=18030137855684686,scraping_instagram,ir.pan.16718,Sdh dikepung sm Bazer² Rupiah yg siap hipnotis presiden dg laporan palsunya
18136426417563448,2026-05-23T10:02:31+00:00,1,https://www.instagram.com/reel/DYmu1e6PyWi/,https://www.instagram.com/reel/DYmu1e6PyWi/?comment_id=18136426417563448,scraping_instagram,aurelardianautami,😂😂😂😂😂
18196005211363307,2026-05-23T10:00:29+00:00,1,https://www.instagram.com/reel/DYmu1e6PyWi/,https://www.instagram.com/reel/DYmu1e6PyWi/?comment_id=18196005211363307,scraping_instagram,santosodjuanto,Dahsyat BJ Habibie menjadi presiden hanya 18 bulan dolar dari Rp.17.500; turun menjadi Rp.6.500; yang dampaknya langsung terhadap semua kebutuhan pokok rakyat turun drastis dan saya sangat merasakan saat itu
18135673132546829,2026-05-23T09:51:53+00:00,1,https://www.instagram.com/reel/DYmu1e6PyWi/,https://www.instagram.com/reel/DYmu1e6PyWi/?comment_id=18135673132546829,scraping_instagram,iisiswiyanti,"Gampang bgt masyarakat kita d provokasi yaa,mo bilg yg baik2 ah malass yg koment pada ini semuaaa"
17934647520073739,2026-05-23T09:45:25+00:00,0,https://www.instagram.com/reel/DYmu1e6PyWi/,https://www.instagram.com/reel/DYmu1e6PyWi/?comment_id=17934647520073739,scraping_instagram,haerulakbarr,Tai lah
18170994547416705,2026-05-23T09:45:04+00:00,1,https://www.instagram.com/reel/DYmu1e6PyWi/,https://www.instagram.com/reel/DYmu1e6PyWi/?comment_id=18170994547416705,scraping_instagram,haloinioniii07,Asu
18451522048116782,2026-05-23T09:44:06+00:00,1,https://www.instagram.com/reel/DYmu1e6PyWi/,https://www.instagram.com/reel/DYmu1e6PyWi/?comment_id=18451522048116782,scraping_instagram,ermon.m.nur,Aseeek
17963648196093749,2026-05-23T09:43:47+00:00,1,https://www.instagram.com/reel/DYmu1e6PyWi/,https://www.instagram.com/reel/DYmu1e6PyWi/?comment_id=17963648196093749,scraping_instagram,26elfin,Kenapa sih kalian terlalu bergantung terhadap dolar andai pemerintah mau ancam balik itu negara negara lain dengan mengandalkan sumber daya alam kita pasti bisa naik lagi nilai rupiah
18072331640324486,2026-05-23T09:24:40+00:00,1,https://www.instagram.com/reel/DYmu1e6PyWi/,https://www.instagram.com/reel/DYmu1e6PyWi/?comment_id=18072331640324486,scraping_instagram,rama.dhanputra11,@_inilesthy
18058399628496330,2026-05-23T09:24:38+00:00,1,https://www.instagram.com/reel/DYmu1e6PyWi/,https://www.instagram.com/reel/DYmu1e6PyWi/?comment_id=18058399628496330,scraping_instagram,rama.dhanputra11,@_inilesthy
17855902221662635,2026-05-23T09:24:36+00:00,1,https://www.instagram.com/reel/DYmu1e6PyWi/,https://www.instagram.com/reel/DYmu1e6PyWi/?comment_id=17855902221662635,scraping_instagram,rama.dhanputra11,@_inilesthy @_inilesthy
18125520283527096,2026-05-23T09:22:06+00:00,1,https://www.instagram.com/reel/DYmu1e6PyWi/,https://www.instagram.com/reel/DYmu1e6PyWi/?comment_id=18125520283527096,scraping_instagram,intheyyyyyy,@nurul_hijrh 🫣🙌🏻🙌🏻
18140538037522457,2026-05-23T09:10:29+00:00,1,https://www.instagram.com/reel/DYmu1e6PyWi/,https://www.instagram.com/reel/DYmu1e6PyWi/?comment_id=18140538037522457,scraping_instagram,ekarezkisetiawan_,@noval.ardiansyah__
18537205807077643,2026-05-23T09:09:57+00:00,1,https://www.instagram.com/reel/DYmu1e6PyWi/,https://www.instagram.com/reel/DYmu1e6PyWi/?comment_id=18537205807077643,scraping_instagram,wahyukrisnabulan,Bener banget pemimpin tdk perduli 😂😂😂
17931891177280920,2026-05-23T09:07:19+00:00,1,https://www.instagram.com/reel/DYmu1e6PyWi/,https://www.instagram.com/reel/DYmu1e6PyWi/?comment_id=17931891177280920,scraping_instagram,i48214,Begini amat punya Presiden  hai kaum 58% puas  dg kondisi sekarang.👎👎👎
18374109187162247,2026-05-23T09:05:32+00:00,1,https://www.instagram.com/reel/DYmu1e6PyWi/,https://www.instagram.com/reel/DYmu1e6PyWi/?comment_id=18374109187162247,scraping_instagram,agatha.tatoto,😢
18012202460902584,2026-05-23T09:04:55+00:00,1,https://www.instagram.com/reel/DYmu1e6PyWi/,https://www.instagram.com/reel/DYmu1e6PyWi/?comment_id=18012202460902584,scraping_instagram,roseida780,"Kami tak mampu , hanya kau yg mampu, Tuhan ....berbelas kasihan lah kepada kami... Tolong Tuhan ....😢😢😢😢😢😢"
18411997267177476,2026-05-23T09:04:03+00:00,1,https://www.instagram.com/reel/DYmu1e6PyWi/,https://www.instagram.com/reel/DYmu1e6PyWi/?comment_id=18411997267177476,scraping_instagram,roseida780,"Tuhan, tolonglah bangsa kami..."
17974653855020600,2026-05-23T09:03:42+00:00,1,https://www.instagram.com/reel/DYmu1e6PyWi/,https://www.instagram.com/reel/DYmu1e6PyWi/?comment_id=17974653855020600,scraping_instagram,roseida780,"Tuhan , kasihani lah kami....😭"
17871575532522832,2026-05-23T08:57:58+00:00,2,https://www.instagram.com/reel/DYmu1e6PyWi/,https://www.instagram.com/reel/DYmu1e6PyWi/?comment_id=17871575532522832,scraping_instagram,askeladd_artorius7,
18093464996584740,2026-05-23T08:54:45+00:00,2,https://www.instagram.com/reel/DYmu1e6PyWi/,https://www.instagram.com/reel/DYmu1e6PyWi/?comment_id=18093464996584740,scraping_instagram,metriofrosyne,@najwashihab
18183056638378609,2026-05-23T08:50:34+00:00,1,https://www.instagram.com/reel/DYmu1e6PyWi/,https://www.instagram.com/reel/DYmu1e6PyWi/?comment_id=18183056638378609,scraping_instagram,youcanbe_real,Presiden malu maluin sepanjang sejarah
17998724408768255,2026-05-23T08:42:41+00:00,1,https://www.instagram.com/reel/DYmu1e6PyWi/,https://www.instagram.com/reel/DYmu1e6PyWi/?comment_id=17998724408768255,scraping_instagram,tian.tian203,Pemimpin gak berkualitas
18078072215241533,2026-05-23T08:41:44+00:00,1,https://www.instagram.com/reel/DYmu1e6PyWi/,https://www.instagram.com/reel/DYmu1e6PyWi/?comment_id=18078072215241533,scraping_instagram,elfyafya,Keren banget lagu nya mau dong😍😍
17885322552555758,2026-05-23T08:40:06+00:00,0,https://www.instagram.com/reel/DYmu1e6PyWi/,https://www.instagram.com/reel/DYmu1e6PyWi/?comment_id=17885322552555758,scraping_instagram,abgdjcjckfhdjfncncjduh,Provokator
18153681709463935,2026-05-23T08:38:07+00:00,1,https://www.instagram.com/reel/DYmu1e6PyWi/,https://www.instagram.com/reel/DYmu1e6PyWi/?comment_id=18153681709463935,scraping_instagram,gushabibi1,@prabowo
18267773470292680,2026-05-23T08:37:06+00:00,1,https://www.instagram.com/reel/DYmu1e6PyWi/,https://www.instagram.com/reel/DYmu1e6PyWi/?comment_id=18267773470292680,scraping_instagram,jeki3526,"Lanjut kan 2 periode prabowo,..... Biar semua rakyat mu mati semua..."
18100676222324539,2026-05-23T08:36:44+00:00,1,https://www.instagram.com/reel/DYmu1e6PyWi/,https://www.instagram.com/reel/DYmu1e6PyWi/?comment_id=18100676222324539,scraping_instagram,lionie_ekky_sanjaya,Up
18102830131823833,2026-05-23T08:31:33+00:00,1,https://www.instagram.com/reel/DYmu1e6PyWi/,https://www.instagram.com/reel/DYmu1e6PyWi/?comment_id=18102830131823833,scraping_instagram,raisyazahr,@yolanirwana27
18092447567248085,2026-05-23T08:30:19+00:00,1,https://www.instagram.com/reel/DYmu1e6PyWi/,https://www.instagram.com/reel/DYmu1e6PyWi/?comment_id=18092447567248085,scraping_instagram,nusantarawisnu,terwakili
17881481601585494,2026-05-23T08:24:58+00:00,1,https://www.instagram.com/reel/DYmu1e6PyWi/,https://www.instagram.com/reel/DYmu1e6PyWi/?comment_id=17881481601585494,scraping_instagram,erna_erdot5,"Programny mgkin bagus tp org org dibelakang yg memanfaatkan utk memperkaya diri . Heranny apa betul pak Prabowo tdk paham samsek yg pd punya ""dapur dapur itu"" org kaya semua"
18373643353160132,2026-05-23T08:16:36+00:00,1,https://www.instagram.com/reel/DYmu1e6PyWi/,https://www.instagram.com/reel/DYmu1e6PyWi/?comment_id=18373643353160132,scraping_instagram,rahmatnovyardi,😂😂😂😂😂😂😂
18101366045008293,2026-05-23T08:16:22+00:00,0,https://www.instagram.com/reel/DYmu1e6PyWi/,https://www.instagram.com/reel/DYmu1e6PyWi/?comment_id=18101366045008293,scraping_instagram,verondiaz6101,😂😂😂😂😂
18048542780777196,2026-05-23T08:15:38+00:00,3,https://www.instagram.com/reel/DYmu1e6PyWi/,https://www.instagram.com/reel/DYmu1e6PyWi/?comment_id=18048542780777196,scraping_instagram,dearesta1912,Pengen bgt loh repost tp takut dikira belum move on dari pemilu kemaren 🥺
18088870001035487,2026-05-23T08:14:00+00:00,1,https://www.instagram.com/reel/DYmu1e6PyWi/,https://www.instagram.com/reel/DYmu1e6PyWi/?comment_id=18088870001035487,scraping_instagram,ibilss8,Jokowi dan prabowo cari.mkaan dan ngemia diindonesia g tau trimakasih
18119515615602594,2026-05-23T08:12:25+00:00,1,https://www.instagram.com/reel/DYmu1e6PyWi/,https://www.instagram.com/reel/DYmu1e6PyWi/?comment_id=18119515615602594,scraping_instagram,ajeg_nusantaradika,Pas Sound Track Upacara 17 Agustus wajib di putar ini 👍
18588391351015407,2026-05-23T08:10:33+00:00,0,https://www.instagram.com/reel/DYmu1e6PyWi/,https://www.instagram.com/reel/DYmu1e6PyWi/?comment_id=18588391351015407,scraping_instagram,akwowko_3,
17943835185199055,2026-05-23T08:06:31+00:00,1,https://www.instagram.com/reel/DYmu1e6PyWi/,https://www.instagram.com/reel/DYmu1e6PyWi/?comment_id=17943835185199055,scraping_instagram,gregetz6,"Visi Misi sebuah PARTAI dlm membesarkan Nama PARTAI'nya,,,"
18031193024813088,2026-05-23T08:02:18+00:00,0,https://www.instagram.com/reel/DYmu1e6PyWi/,https://www.instagram.com/reel/DYmu1e6PyWi/?comment_id=18031193024813088,scraping_instagram,putrairawan2075,😭😭😭😭😭presiden tergobblok
17999983028930674,2026-05-23T07:58:40+00:00,3,https://www.instagram.com/reel/DYmu1e6PyWi/,https://www.instagram.com/reel/DYmu1e6PyWi/?comment_id=17999983028930674,scraping_instagram,doniflip,Dollar naik terus Indonesia ganti presiden dan wapres
18096859109140580,2026-05-23T07:50:38+00:00,3,https://www.instagram.com/reel/DYmu1e6PyWi/,https://www.instagram.com/reel/DYmu1e6PyWi/?comment_id=18096859109140580,scraping_instagram,hendrijamal3,2029 insya Allah gibran
18063456515686498,2026-05-23T07:48:07+00:00,1,https://www.instagram.com/reel/DYmu1e6PyWi/,https://www.instagram.com/reel/DYmu1e6PyWi/?comment_id=18063456515686498,scraping_instagram,didah6504,"Aku yaqin prabowo nggak liat  medsos ini  klo bener"" liat pastilah  mmbara  kritikan pedes"" .cm para ajudan nya liat ."
18165760726437815,2026-05-23T07:46:20+00:00,1,https://www.instagram.com/reel/DYmu1e6PyWi/,https://www.instagram.com/reel/DYmu1e6PyWi/?comment_id=18165760726437815,scraping_instagram,wijaya4715,@sawomature
18203166658356433,2026-05-23T07:42:25+00:00,1,https://www.instagram.com/reel/DYmu1e6PyWi/,https://www.instagram.com/reel/DYmu1e6PyWi/?comment_id=18203166658356433,scraping_instagram,vickylisendraputra,@prabowo @presidenrepublikindonesia @gibran_rakabuming 😂😂😂
18582749089015570,2026-05-23T07:39:13+00:00,1,https://www.instagram.com/reel/DYmu1e6PyWi/,https://www.instagram.com/reel/DYmu1e6PyWi/?comment_id=18582749089015570,scraping_instagram,wulandari_1072,👍👍
18151956601469993,2026-05-23T07:37:53+00:00,1,https://www.instagram.com/reel/DYmu1e6PyWi/,https://www.instagram.com/reel/DYmu1e6PyWi/?comment_id=18151956601469993,scraping_instagram,rm223400,
18106056817766861,2026-05-23T07:35:22+00:00,1,https://www.instagram.com/reel/DYmu1e6PyWi/,https://www.instagram.com/reel/DYmu1e6PyWi/?comment_id=18106056817766861,scraping_instagram,at.un7026,Pokoknya hidup Jokowi 🥰
18010426382706506,2026-05-23T07:32:24+00:00,0,https://www.instagram.com/reel/DYmu1e6PyWi/,https://www.instagram.com/reel/DYmu1e6PyWi/?comment_id=18010426382706506,scraping_instagram,rabbitssatrio,
18189852841372318,2026-05-23T07:32:09+00:00,0,https://www.instagram.com/reel/DYmu1e6PyWi/,https://www.instagram.com/reel/DYmu1e6PyWi/?comment_id=18189852841372318,scraping_instagram,ohtiina,😢😢😢
18067733999340517,2026-05-23T07:30:25+00:00,0,https://www.instagram.com/reel/DYmu1e6PyWi/,https://www.instagram.com/reel/DYmu1e6PyWi/?comment_id=18067733999340517,scraping_instagram,jek_jurian14,Dan kaum 58 kayak babi
18103044286804975,2026-05-23T07:25:29+00:00,0,https://www.instagram.com/reel/DYmu1e6PyWi/,https://www.instagram.com/reel/DYmu1e6PyWi/?comment_id=18103044286804975,scraping_instagram,wartinisri306,Astagfirullah😭
18320338252256888,2026-05-23T07:25:24+00:00,0,https://www.instagram.com/reel/DYmu1e6PyWi/,https://www.instagram.com/reel/DYmu1e6PyWi/?comment_id=18320338252256888,scraping_instagram,whoo_9023,"""Go beyond plus ultra"" ahh inflasi😭"
17897643174305597,2026-05-23T07:23:52+00:00,0,https://www.instagram.com/reel/DYmu1e6PyWi/,https://www.instagram.com/reel/DYmu1e6PyWi/?comment_id=17897643174305597,scraping_instagram,cunnnsx,Woo jadikan aku busermu wo
18144473941446750,2026-05-23T07:21:59+00:00,0,https://www.instagram.com/reel/DYmu1e6PyWi/,https://www.instagram.com/reel/DYmu1e6PyWi/?comment_id=18144473941446750,scraping_instagram,nilamrohana11,Gak tahu malu
18053548139729971,2026-05-23T07:18:39+00:00,0,https://www.instagram.com/reel/DYmu1e6PyWi/,https://www.instagram.com/reel/DYmu1e6PyWi/?comment_id=18053548139729971,scraping_instagram,joanyoung.joanyoung.9,Tayang kan serentak film PESTA BABI di seluruh bioskop se Indonesia
17897611452450542,2026-05-23T07:18:25+00:00,0,https://www.instagram.com/reel/DYmu1e6PyWi/,https://www.instagram.com/reel/DYmu1e6PyWi/?comment_id=17897611452450542,scraping_instagram,purwanturu4321,Lanjutkan smpai konoha ini hancur
17903108718428884,2026-05-23T07:18:15+00:00,0,https://www.instagram.com/reel/DYmu1e6PyWi/,https://www.instagram.com/reel/DYmu1e6PyWi/?comment_id=17903108718428884,scraping_instagram,aryahafizsaputra,😢
18121587421630382,2026-05-23T07:15:21+00:00,0,https://www.instagram.com/reel/DYmu1e6PyWi/,https://www.instagram.com/reel/DYmu1e6PyWi/?comment_id=18121587421630382,scraping_instagram,dedifinarosa,Sumatra ..tidak akan pilih lagi pemimpin sperti ini
17866512054653121,2026-05-23T07:14:42+00:00,0,https://www.instagram.com/reel/DYmu1e6PyWi/,https://www.instagram.com/reel/DYmu1e6PyWi/?comment_id=17866512054653121,scraping_instagram,ammarilham18,Glindinginnn ajaa yuuuuu
17866854873682851,2026-05-23T07:13:13+00:00,0,https://www.instagram.com/reel/DYmu1e6PyWi/,https://www.instagram.com/reel/DYmu1e6PyWi/?comment_id=17866854873682851,scraping_instagram,aandriansya296,good
17929059525280574,2026-05-23T07:12:30+00:00,0,https://www.instagram.com/reel/DYmu1e6PyWi/,https://www.instagram.com/reel/DYmu1e6PyWi/?comment_id=17929059525280574,scraping_instagram,naabhl1m_,@meisrayhan_ @_kajifirman_
18018759725731644,2026-05-23T07:09:52+00:00,0,https://www.instagram.com/reel/DYmu1e6PyWi/,https://www.instagram.com/reel/DYmu1e6PyWi/?comment_id=18018759725731644,scraping_instagram,sugeng_dullrohman,Gen z mana faham ginian. #2029gantirezim
18102987143090966,2026-05-23T07:08:47+00:00,0,https://www.instagram.com/reel/DYmu1e6PyWi/,https://www.instagram.com/reel/DYmu1e6PyWi/?comment_id=18102987143090966,scraping_instagram,dedi_nded25,"Bang minta maaf lu yg pilih lu yang harus nya di garis depan lagi, karna lu bisa memenangkan dan mengalahkan 🔥🔥🔥"
18017736536681685,2026-05-23T07:05:42+00:00,0,https://www.instagram.com/reel/DYmu1e6PyWi/,https://www.instagram.com/reel/DYmu1e6PyWi/?comment_id=18017736536681685,scraping_instagram,indra.yanti66,Joget di atas nafas rakyat yg sdh di kerongkongan
17882005260589434,2026-05-23T06:56:30+00:00,0,https://www.instagram.com/reel/DYmu1e6PyWi/,https://www.instagram.com/reel/DYmu1e6PyWi/?comment_id=17882005260589434,scraping_instagram,sudiati_endang,Kok miris dan jijik melihat sindiran ini.
17928027654316584,2026-05-23T06:55:20+00:00,0,https://www.instagram.com/reel/DYmu1e6PyWi/,https://www.instagram.com/reel/DYmu1e6PyWi/?comment_id=17928027654316584,scraping_instagram,sudiati_endang,Itu menandakan kalo pemerintahannya seperti itu rakyat disuruh sengsara dia joged loncat2 sambil tertawa menghina bngt sama rakyat.gitu kok bilangnya bersama rakyat rakyat yg mana rakyat konglomerat
18044339564786968,2026-05-23T06:54:24+00:00,0,https://www.instagram.com/reel/DYmu1e6PyWi/,https://www.instagram.com/reel/DYmu1e6PyWi/?comment_id=18044339564786968,scraping_instagram,ladynovia,Dih 😮‍💨
17912977371394252,2026-05-23T06:52:55+00:00,0,https://www.instagram.com/reel/DYmu1e6PyWi/,https://www.instagram.com/reel/DYmu1e6PyWi/?comment_id=17912977371394252,scraping_instagram,sudiati_endang,Presiden kok joged lonjsk2 sambil tertawa gak panteslah. Yg naik gerobak itu menandakan kalo bener dia menindas rakyat
17945485920015871,2026-05-23T06:52:34+00:00,0,https://www.instagram.com/reel/DYmu1e6PyWi/,https://www.instagram.com/reel/DYmu1e6PyWi/?comment_id=17945485920015871,scraping_instagram,4ditya_wisnu,Udah ya main presiden presidenannya dan ajudan impian
18082748141426585,2026-05-23T06:52:22+00:00,0,https://www.instagram.com/reel/DYmu1e6PyWi/,https://www.instagram.com/reel/DYmu1e6PyWi/?comment_id=18082748141426585,scraping_instagram,roisa_turrohmah,@prabowo cuih
18033399917810888,2026-05-23T06:51:53+00:00,0,https://www.instagram.com/reel/DYmu1e6PyWi/,https://www.instagram.com/reel/DYmu1e6PyWi/?comment_id=18033399917810888,scraping_instagram,teamvario742,"MARI KITA RAKYAT INDONESIA,PERANG SAMA PEJABAT ANJING"
18125081755721531,2026-05-23T06:51:26+00:00,0,https://www.instagram.com/reel/DYmu1e6PyWi/,https://www.instagram.com/reel/DYmu1e6PyWi/?comment_id=18125081755721531,scraping_instagram,donnypoetro,😢😢
18143784379509399,2026-05-23T06:50:56+00:00,0,https://www.instagram.com/reel/DYmu1e6PyWi/,https://www.instagram.com/reel/DYmu1e6PyWi/?comment_id=18143784379509399,scraping_instagram,isfahrizal_jamil,29 Okt 2029
18352002703208880,2026-05-23T06:46:52+00:00,0,https://www.instagram.com/reel/DYmu1e6PyWi/,https://www.instagram.com/reel/DYmu1e6PyWi/?comment_id=18352002703208880,scraping_instagram,mandagifr_cmm,Bencana Nasional
17882034639568797,2026-05-23T06:45:31+00:00,0,https://www.instagram.com/reel/DYmu1e6PyWi/,https://www.instagram.com/reel/DYmu1e6PyWi/?comment_id=17882034639568797,scraping_instagram,mandagifr_cmm,Ayo Viralkan!!!!
18011636855913614,2026-05-23T06:45:10+00:00,0,https://www.instagram.com/reel/DYmu1e6PyWi/,https://www.instagram.com/reel/DYmu1e6PyWi/?comment_id=18011636855913614,scraping_instagram,yunan_saputra123,😂
18178688584400237,2026-05-23T06:40:27+00:00,0,https://www.instagram.com/reel/DYmu1e6PyWi/,https://www.instagram.com/reel/DYmu1e6PyWi/?comment_id=18178688584400237,scraping_instagram,andeska_group,"😂😂 ini di negara mna ya,,?"
17867710716682631,2026-05-23T06:38:47+00:00,0,https://www.instagram.com/reel/DYmu1e6PyWi/,https://www.instagram.com/reel/DYmu1e6PyWi/?comment_id=17867710716682631,scraping_instagram,adikojlynsptra,Prabowo P nya apa
18116685484785140,2026-05-23T06:37:53+00:00,2,https://www.instagram.com/reel/DYmu1e6PyWi/,https://www.instagram.com/reel/DYmu1e6PyWi/?comment_id=18116685484785140,scraping_instagram,saniariniluh,😭😭😭😭
18007237769919955,2026-05-23T06:36:30+00:00,0,https://www.instagram.com/reel/DYmu1e6PyWi/,https://www.instagram.com/reel/DYmu1e6PyWi/?comment_id=18007237769919955,scraping_instagram,amitajayasejahtera,Yg seperti ini lah yg di sukai rakyat2 kanoha nih
18182421868389699,2026-05-23T06:33:37+00:00,0,https://www.instagram.com/reel/DYmu1e6PyWi/,https://www.instagram.com/reel/DYmu1e6PyWi/?comment_id=18182421868389699,scraping_instagram,danang3815,👏👏👏
18071000087690818,2026-05-23T06:27:59+00:00,0,https://www.instagram.com/reel/DYmu1e6PyWi/,https://www.instagram.com/reel/DYmu1e6PyWi/?comment_id=18071000087690818,scraping_instagram,ubankamil,SO PENG AND GANK..😂😂😂😂
18360784045235177,2026-05-23T06:27:14+00:00,0,https://www.instagram.com/reel/DYmu1e6PyWi/,https://www.instagram.com/reel/DYmu1e6PyWi/?comment_id=18360784045235177,scraping_instagram,nicea_konstantinopel,😭😭
18138694525527331,2026-05-23T06:24:13+00:00,0,https://www.instagram.com/reel/DYmu1e6PyWi/,https://www.instagram.com/reel/DYmu1e6PyWi/?comment_id=18138694525527331,scraping_instagram,finandu.banjarbaru,Kesal bangettt
18108978863504719,2026-05-23T06:15:57+00:00,0,https://www.instagram.com/reel/DYmu1e6PyWi/,https://www.instagram.com/reel/DYmu1e6PyWi/?comment_id=18108978863504719,scraping_instagram,asmaratna6,😭😭😭😭
18170734414419090,2026-05-23T06:09:23+00:00,0,https://www.instagram.com/reel/DYmu1e6PyWi/,https://www.instagram.com/reel/DYmu1e6PyWi/?comment_id=18170734414419090,scraping_instagram,fitro.m,Hhmmm susah dikata
18102616325327549,2026-05-23T06:02:51+00:00,0,https://www.instagram.com/reel/DYmu1e6PyWi/,https://www.instagram.com/reel/DYmu1e6PyWi/?comment_id=18102616325327549,scraping_instagram,sarino_27,Terpuaskan dendamku.....
18052098932566291,2026-05-23T06:00:52+00:00,0,https://www.instagram.com/reel/DYmu1e6PyWi/,https://www.instagram.com/reel/DYmu1e6PyWi/?comment_id=18052098932566291,scraping_instagram,alimaj1008,😭😭😭😭
18137916949476916,2026-05-23T06:00:08+00:00,0,https://www.instagram.com/reel/DYmu1e6PyWi/,https://www.instagram.com/reel/DYmu1e6PyWi/?comment_id=18137916949476916,scraping_instagram,yusro.ulil,Penguasa yang tidak memiliki otak yah beginilah negara ini jadi rusak
18220833775319601,2026-05-23T05:56:29+00:00,0,https://www.instagram.com/reel/DYmu1e6PyWi/,https://www.instagram.com/reel/DYmu1e6PyWi/?comment_id=18220833775319601,scraping_instagram,jasalogo.bisnis,😢😢😢
17927202189318049,2026-05-23T05:55:07+00:00,0,https://www.instagram.com/reel/DYmu1e6PyWi/,https://www.instagram.com/reel/DYmu1e6PyWi/?comment_id=17927202189318049,scraping_instagram,yunidamanik9108,Aku malah ngakak dengar lagunya..😂😂😂
18351349102241026,2026-05-23T05:53:12+00:00,0,https://www.instagram.com/reel/DYmu1e6PyWi/,https://www.instagram.com/reel/DYmu1e6PyWi/?comment_id=18351349102241026,scraping_instagram,suyiiqing,😍😍😍
18112694179896458,2026-05-23T05:52:28+00:00,0,https://www.instagram.com/reel/DYmu1e6PyWi/,https://www.instagram.com/reel/DYmu1e6PyWi/?comment_id=18112694179896458,scraping_instagram,galingeko1190,Gombul gombloh ngeselin ya???
18394827835083791,2026-05-23T05:51:05+00:00,0,https://www.instagram.com/reel/DYmu1e6PyWi/,https://www.instagram.com/reel/DYmu1e6PyWi/?comment_id=18394827835083791,scraping_instagram,lemanto854gmail,aca aca
18102277466071035,2026-05-23T05:45:54+00:00,0,https://www.instagram.com/reel/DYmu1e6PyWi/,https://www.instagram.com/reel/DYmu1e6PyWi/?comment_id=18102277466071035,scraping_instagram,_l97j_,"Tingga tunggu di jual ke antek-antek asing aja 😂 ( lucu punya batu bara, emas, nikel kan berarti kalau di jual pake dollar tapi kok rupiah lemah ? ) 😂"
17914947174186449,2026-05-23T05:44:21+00:00,0,https://www.instagram.com/reel/DYmu1e6PyWi/,https://www.instagram.com/reel/DYmu1e6PyWi/?comment_id=17914947174186449,scraping_instagram,lah5827,prabowo anjing
18082997630633071,2026-05-23T05:39:52+00:00,0,https://www.instagram.com/reel/DYmu1e6PyWi/,https://www.instagram.com/reel/DYmu1e6PyWi/?comment_id=18082997630633071,scraping_instagram,yunimahmud_,Setidak Nya jari ku dan suara ku tidak pernah memilih orang ini…
18109829320917874,2026-05-23T05:38:43+00:00,0,https://www.instagram.com/reel/DYmu1e6PyWi/,https://www.instagram.com/reel/DYmu1e6PyWi/?comment_id=18109829320917874,scraping_instagram,suginobudisiswoyo,Buat sekali lagi Wowo kabur ke Yordan
17978110613860203,2026-05-23T05:38:27+00:00,0,https://www.instagram.com/reel/DYmu1e6PyWi/,https://www.instagram.com/reel/DYmu1e6PyWi/?comment_id=17978110613860203,scraping_instagram,rere_grasella,Emng tujuan dia mau bikin rusak Indonesia dengan menyiksa rakyat kecil udah bau tanah juga masih memperbanyak dosa astagfirullah aku kesel ya Allah 😭😭
18081806588397862,2026-05-23T05:36:16+00:00,0,https://www.instagram.com/reel/DYmu1e6PyWi/,https://www.instagram.com/reel/DYmu1e6PyWi/?comment_id=18081806588397862,scraping_instagram,miss.sri,GANTI PRESIDEN 🔥
18009876242712730,2026-05-23T05:35:58+00:00,0,https://www.instagram.com/reel/DYmu1e6PyWi/,https://www.instagram.com/reel/DYmu1e6PyWi/?comment_id=18009876242712730,scraping_instagram,fabiosanes,"Klo mo selamat ,stop program sialan tuh, cuma buat bancakan doang, jaman habibi aja bisa Dan mau korbankan IPTN ."
18324308605284878,2026-05-23T05:34:51+00:00,0,https://www.instagram.com/reel/DYmu1e6PyWi/,https://www.instagram.com/reel/DYmu1e6PyWi/?comment_id=18324308605284878,scraping_instagram,adweeal,😂😂😂😂
18010399100855595,2026-05-23T05:32:06+00:00,0,https://www.instagram.com/reel/DYmu1e6PyWi/,https://www.instagram.com/reel/DYmu1e6PyWi/?comment_id=18010399100855595,scraping_instagram,ronnyhuang78,"Salah rakyat sendiri. Kan dipilih mayoritas. kekejaman HAM pembersihan pki, kekejaman perkosaan massal 98 dianggap biasa saja, terus soal masalah cuma hutang ya biasa saja lah"
18121866382658177,2026-05-23T05:30:53+00:00,0,https://www.instagram.com/reel/DYmu1e6PyWi/,https://www.instagram.com/reel/DYmu1e6PyWi/?comment_id=18121866382658177,scraping_instagram,andrimaya_nawawi,😤🤣🤪👍👍
17977759325865501,2026-05-23T05:30:43+00:00,0,https://www.instagram.com/reel/DYmu1e6PyWi/,https://www.instagram.com/reel/DYmu1e6PyWi/?comment_id=17977759325865501,scraping_instagram,shumayya_nst,😢😢
17889640473532143,2026-05-23T05:28:20+00:00,0,https://www.instagram.com/reel/DYmu1e6PyWi/,https://www.instagram.com/reel/DYmu1e6PyWi/?comment_id=17889640473532143,scraping_instagram,raymond_harwanto,Pray for Nadiem
17894381871470508,2026-05-23T05:25:11+00:00,0,https://www.instagram.com/reel/DYmu1e6PyWi/,https://www.instagram.com/reel/DYmu1e6PyWi/?comment_id=17894381871470508,scraping_instagram,mryati17_,nyesel aku pilih dia
18451732090117464,2026-05-23T05:23:57+00:00,0,https://www.instagram.com/reel/DYmu1e6PyWi/,https://www.instagram.com/reel/DYmu1e6PyWi/?comment_id=18451732090117464,scraping_instagram,huraayroh,Lu bedua bisa lengser ga! @prabowo @gibran_rakabuming
18128320225609307,2026-05-23T05:23:30+00:00,0,https://www.instagram.com/reel/DYmu1e6PyWi/,https://www.instagram.com/reel/DYmu1e6PyWi/?comment_id=18128320225609307,scraping_instagram,marthen1067,🔥🔥🔥
17883087381418393,2026-05-23T05:23:26+00:00,1,https://www.instagram.com/reel/DYmu1e6PyWi/,https://www.instagram.com/reel/DYmu1e6PyWi/?comment_id=17883087381418393,scraping_instagram,sebas._aaron,5 kata lucu 😂:
17962216523940056,2026-05-23T05:22:58+00:00,0,https://www.instagram.com/reel/DYmu1e6PyWi/,https://www.instagram.com/reel/DYmu1e6PyWi/?comment_id=17962216523940056,scraping_instagram,hasratxp,Segerakan gulingkan
18042619784582007,2026-05-23T05:18:22+00:00,0,https://www.instagram.com/reel/DYmu1e6PyWi/,https://www.instagram.com/reel/DYmu1e6PyWi/?comment_id=18042619784582007,scraping_instagram,sitirhaayyu,😂😂😂 ga malu malu ah
18121008289669637,2026-05-23T05:17:33+00:00,0,https://www.instagram.com/reel/DYmu1e6PyWi/,https://www.instagram.com/reel/DYmu1e6PyWi/?comment_id=18121008289669637,scraping_instagram,adeyade0313,Bagus lagu nya buat album ya bang di tunggu albumnya
18073226801451591,2026-05-23T05:15:38+00:00,0,https://www.instagram.com/reel/DYmu1e6PyWi/,https://www.instagram.com/reel/DYmu1e6PyWi/?comment_id=18073226801451591,scraping_instagram,irul322,🇮🇩😭
17859455268638000,2026-05-23T05:15:21+00:00,0,https://www.instagram.com/reel/DYmu1e6PyWi/,https://www.instagram.com/reel/DYmu1e6PyWi/?comment_id=17859455268638000,scraping_instagram,dendyms_,Mantap pisan
17871922878655643,2026-05-23T05:14:56+00:00,0,https://www.instagram.com/reel/DYmu1e6PyWi/,https://www.instagram.com/reel/DYmu1e6PyWi/?comment_id=17871922878655643,scraping_instagram,putridwioni,Parah lu wo
18094630130227180,2026-05-23T05:14:32+00:00,0,https://www.instagram.com/reel/DYmu1e6PyWi/,https://www.instagram.com/reel/DYmu1e6PyWi/?comment_id=18094630130227180,scraping_instagram,fadil.alhakim.121,Kejam
18087592451067834,2026-05-23T05:13:09+00:00,0,https://www.instagram.com/reel/DYmu1e6PyWi/,https://www.instagram.com/reel/DYmu1e6PyWi/?comment_id=18087592451067834,scraping_instagram,yoppyayu,Prabowo p nya apa
18080910743327058,2026-05-23T05:11:40+00:00,0,https://www.instagram.com/reel/DYmu1e6PyWi/,https://www.instagram.com/reel/DYmu1e6PyWi/?comment_id=18080910743327058,scraping_instagram,mrhputra,"Rakyat makin berisik bukan karena membenci negara, tapi karena terlalu lelah berharap keadaan membaik.”"
18374877874164342,2026-05-23T05:11:32+00:00,2,https://www.instagram.com/reel/DYmu1e6PyWi/,https://www.instagram.com/reel/DYmu1e6PyWi/?comment_id=18374877874164342,scraping_instagram,thosa_,@prabowo
17930058396297411,2026-05-23T05:11:27+00:00,0,https://www.instagram.com/reel/DYmu1e6PyWi/,https://www.instagram.com/reel/DYmu1e6PyWi/?comment_id=17930058396297411,scraping_instagram,hiff_niii29,Ngeri wowo
18212362837332302,2026-05-23T05:10:26+00:00,0,https://www.instagram.com/reel/DYmu1e6PyWi/,https://www.instagram.com/reel/DYmu1e6PyWi/?comment_id=18212362837332302,scraping_instagram,aasiboy_,Lucu bgt lagi
18090916061580729,2026-05-23T05:07:58+00:00,0,https://www.instagram.com/reel/DYmu1e6PyWi/,https://www.instagram.com/reel/DYmu1e6PyWi/?comment_id=18090916061580729,scraping_instagram,pya369,😂😂😂😂
18326285092252799,2026-05-23T05:07:15+00:00,0,https://www.instagram.com/reel/DYmu1e6PyWi/,https://www.instagram.com/reel/DYmu1e6PyWi/?comment_id=18326285092252799,scraping_instagram,musbah680,Nokoha 😂😂
18149953192434276,2026-05-23T05:04:22+00:00,0,https://www.instagram.com/reel/DYmu1e6PyWi/,https://www.instagram.com/reel/DYmu1e6PyWi/?comment_id=18149953192434276,scraping_instagram,ekajullya,Payah
18109785038481325,2026-05-23T05:01:12+00:00,0,https://www.instagram.com/reel/DYmu1e6PyWi/,https://www.instagram.com/reel/DYmu1e6PyWi/?comment_id=18109785038481325,scraping_instagram,verdaintan,"Bisaa pas gini yaa nyipta lagu sm keadaan,, cocoookkk👏👏👏"
18096214043183203,2026-05-23T05:00:15+00:00,0,https://www.instagram.com/reel/DYmu1e6PyWi/,https://www.instagram.com/reel/DYmu1e6PyWi/?comment_id=18096214043183203,scraping_instagram,erlangga_yudho123,Jangan salahkan Prabowo Yang salah DPR suka korupsi
18097925222273840,2026-05-23T04:59:09+00:00,0,https://www.instagram.com/reel/DYmu1e6PyWi/,https://www.instagram.com/reel/DYmu1e6PyWi/?comment_id=18097925222273840,scraping_instagram,mayawipurba,Jasa pengelolaan opini publik untuk apa??? Outputnya apa??? Bertanya dengan halus
18095610617228611,2026-05-23T04:57:45+00:00,0,https://www.instagram.com/reel/DYmu1e6PyWi/,https://www.instagram.com/reel/DYmu1e6PyWi/?comment_id=18095610617228611,scraping_instagram,arumdevita,Malu bgt liatnya punya pemimpin gini 🥲
18071675438326078,2026-05-23T04:56:56+00:00,2,https://www.instagram.com/reel/DYmu1e6PyWi/,https://www.instagram.com/reel/DYmu1e6PyWi/?comment_id=18071675438326078,scraping_instagram,fit_terus1,😂😂😂
17864967990652675,2026-05-23T04:55:44+00:00,0,https://www.instagram.com/reel/DYmu1e6PyWi/,https://www.instagram.com/reel/DYmu1e6PyWi/?comment_id=17864967990652675,scraping_instagram,kh_nissaaz,ending mirip nazwa shihab
18105144353488672,2026-05-23T04:55:00+00:00,0,https://www.instagram.com/reel/DYmu1e6PyWi/,https://www.instagram.com/reel/DYmu1e6PyWi/?comment_id=18105144353488672,scraping_instagram,lie7984,Wah 👍pas lagunya👏
18103242133991929,2026-05-23T04:54:17+00:00,0,https://www.instagram.com/reel/DYmu1e6PyWi/,https://www.instagram.com/reel/DYmu1e6PyWi/?comment_id=18103242133991929,scraping_instagram,rolasmapasaribur,ini mau nya pha dhe
17998970363955544,2026-05-23T04:53:37+00:00,0,https://www.instagram.com/reel/DYmu1e6PyWi/,https://www.instagram.com/reel/DYmu1e6PyWi/?comment_id=17998970363955544,scraping_instagram,titusbydi,BARU KALI INI “PRESIDENT ORA KAJEN”!!NDANG INSYAF LAN RUNGOK NO SUORO  RAKYATMU👏👏
18422651596127033,2026-05-23T04:53:19+00:00,0,https://www.instagram.com/reel/DYmu1e6PyWi/,https://www.instagram.com/reel/DYmu1e6PyWi/?comment_id=18422651596127033,scraping_instagram,que_en_putrikerajaanlangit,inilah manusia. yang tidak. ada manfaatnya  bagi negeri. ini
18137782567537324,2026-05-23T04:52:58+00:00,0,https://www.instagram.com/reel/DYmu1e6PyWi/,https://www.instagram.com/reel/DYmu1e6PyWi/?comment_id=18137782567537324,scraping_instagram,denny_andhika17,Kesalahan dan Dosa Besar adalah Memilih dia 🤬
18389873254092066,2026-05-23T04:49:34+00:00,0,https://www.instagram.com/reel/DYmu1e6PyWi/,https://www.instagram.com/reel/DYmu1e6PyWi/?comment_id=18389873254092066,scraping_instagram,iwunsuranto,Mbg program kacau
17915173965380671,2026-05-23T04:47:57+00:00,0,https://www.instagram.com/reel/DYmu1e6PyWi/,https://www.instagram.com/reel/DYmu1e6PyWi/?comment_id=17915173965380671,scraping_instagram,nita_sari.06,"Setiap hari alam selalu berdoa memohon kepada Allah SWT supaya alam ini hancur krna terlalu bnyak orng2 yg rakus dan munafik yg selalu berbuat kerusakan tapi Allah menahan doa dari alam, laut, para hewan2 itu krna Allah masih menunggu para ummat nya untuk sadar dan bertaubat😢"
18437454160185308,2026-05-23T04:46:26+00:00,0,https://www.instagram.com/reel/DYmu1e6PyWi/,https://www.instagram.com/reel/DYmu1e6PyWi/?comment_id=18437454160185308,scraping_instagram,priyanto008,Gemesss !!!
17858819100639333,2026-05-23T04:43:47+00:00,0,https://www.instagram.com/reel/DYmu1e6PyWi/,https://www.instagram.com/reel/DYmu1e6PyWi/?comment_id=17858819100639333,scraping_instagram,rikaoktaliaa,Kreatif editing ya mengangkat isu permasalahan indonesia saat ini🔥🔥🔥
18006257636860616,2026-05-23T04:42:28+00:00,0,https://www.instagram.com/reel/DYmu1e6PyWi/,https://www.instagram.com/reel/DYmu1e6PyWi/?comment_id=18006257636860616,scraping_instagram,danielliung3,heii...antek antek Asuuuu
17943869394198084,2026-05-23T04:42:26+00:00,0,https://www.instagram.com/reel/DYmu1e6PyWi/,https://www.instagram.com/reel/DYmu1e6PyWi/?comment_id=17943869394198084,scraping_instagram,hijrah_hamba_,@prabowo : hidup jokowiiii
18395644573080898,2026-05-23T04:41:06+00:00,0,https://www.instagram.com/reel/DYmu1e6PyWi/,https://www.instagram.com/reel/DYmu1e6PyWi/?comment_id=18395644573080898,scraping_instagram,dewosj,Hidup bapak presiden ku pak Prabowo Subianto aku selalu mendukung mu mode stecu aja memang banyak cobaanya kalo Indonesia mau maju sampe rakyatnya di bayar sama Soros dan yang gatau apa apa ikutan cuma dari katanya 😇
17931495351268491,2026-05-23T04:39:02+00:00,0,https://www.instagram.com/reel/DYmu1e6PyWi/,https://www.instagram.com/reel/DYmu1e6PyWi/?comment_id=17931495351268491,scraping_instagram,happyfriana,👏👏
18096738596148456,2026-05-23T04:38:47+00:00,0,https://www.instagram.com/reel/DYmu1e6PyWi/,https://www.instagram.com/reel/DYmu1e6PyWi/?comment_id=18096738596148456,scraping_instagram,dmi_abstract_painter,miris
17917454028368104,2026-05-23T04:37:37+00:00,0,https://www.instagram.com/reel/DYmu1e6PyWi/,https://www.instagram.com/reel/DYmu1e6PyWi/?comment_id=17917454028368104,scraping_instagram,sjisnaeni,"Videonya ngga nyampe ke YBS, soalnya akun sosmed, telinga dan mata di tutup akses sama bunted"
18398342773158011,2026-05-23T04:35:38+00:00,0,https://www.instagram.com/reel/DYmu1e6PyWi/,https://www.instagram.com/reel/DYmu1e6PyWi/?comment_id=18398342773158011,scraping_instagram,ino.naajq,Allahu Akbar . . . Allah maha mengetahui .yg buruk dan yg baik .  Ya Allah jauhkan lah dari hal yg buruk .
18083805935385736,2026-05-23T04:35:38+00:00,0,https://www.instagram.com/reel/DYmu1e6PyWi/,https://www.instagram.com/reel/DYmu1e6PyWi/?comment_id=18083805935385736,scraping_instagram,ahliyahkamal96,Pak dgr paaa @prabowo @gibran_rakabuming
17998902221768367,2026-05-23T04:33:54+00:00,0,https://www.instagram.com/reel/DYmu1e6PyWi/,https://www.instagram.com/reel/DYmu1e6PyWi/?comment_id=17998902221768367,scraping_instagram,abhi_bhima,Gimana nih bang @bamsadisantoso
18129353179591118,2026-05-23T04:31:39+00:00,0,https://www.instagram.com/reel/DYmu1e6PyWi/,https://www.instagram.com/reel/DYmu1e6PyWi/?comment_id=18129353179591118,scraping_instagram,muh.bial,@prabowo
18397230892156074,2026-05-23T04:30:48+00:00,2,https://www.instagram.com/reel/DYmu1e6PyWi/,https://www.instagram.com/reel/DYmu1e6PyWi/?comment_id=18397230892156074,scraping_instagram,ernirahayu____25,pen tag presiden😭
18079247168213575,2026-05-23T04:30:23+00:00,0,https://www.instagram.com/reel/DYmu1e6PyWi/,https://www.instagram.com/reel/DYmu1e6PyWi/?comment_id=18079247168213575,scraping_instagram,ernirahayu____25,😭
17880359037593082,2026-05-23T04:29:16+00:00,0,https://www.instagram.com/reel/DYmu1e6PyWi/,https://www.instagram.com/reel/DYmu1e6PyWi/?comment_id=17880359037593082,scraping_instagram,dwitaarifinnw_,Yg bisa menghentikan mereka hanya Tuhan titik.
18075566870269451,2026-05-23T04:28:22+00:00,0,https://www.instagram.com/reel/DYmu1e6PyWi/,https://www.instagram.com/reel/DYmu1e6PyWi/?comment_id=18075566870269451,scraping_instagram,adrian_sir,"sudah dipecat lalu dihire lagi, ini hasilnya. Negara sudah seperti dibuat mainan, dan itu menggunakan pajak rakyat yang diraih dari jerih payah bekerja setiap hari. Jika tidak sadar2, harus ada yang berani & bisa men-stop. Anybody please just stop this madness...."
18053655521568575,2026-05-23T04:22:45+00:00,0,https://www.instagram.com/reel/DYmu1e6PyWi/,https://www.instagram.com/reel/DYmu1e6PyWi/?comment_id=18053655521568575,scraping_instagram,eka.latifah.71,"inna lillahi wa inna ilaihi rojiun, baru tersadar ketika tanah sudah menyumpal mulutnya"
18102553883068899,2026-05-23T04:22:09+00:00,0,https://www.instagram.com/reel/DYmu1e6PyWi/,https://www.instagram.com/reel/DYmu1e6PyWi/?comment_id=18102553883068899,scraping_instagram,rayshandri,Lengserkan semua pemerintah now..semua dzolimm
17878606836605277,2026-05-23T04:21:58+00:00,0,https://www.instagram.com/reel/DYmu1e6PyWi/,https://www.instagram.com/reel/DYmu1e6PyWi/?comment_id=17878606836605277,scraping_instagram,billy_andesta_,"si gemoy adalah raja sawit dunia 
modal joget-joget jadi presiden"
18442116607136823,2026-05-23T04:21:37+00:00,0,https://www.instagram.com/reel/DYmu1e6PyWi/,https://www.instagram.com/reel/DYmu1e6PyWi/?comment_id=18442116607136823,scraping_instagram,hamiz8531,Dah pliss kasian sebenarnya dia dah tua dan mulai pikun dah kan ga tau apa2 cuma dibegoin aja sama anak buahnya dan dia cuma mau balas Budi karena dah dimenangin
18132846673501165,2026-05-23T04:20:48+00:00,0,https://www.instagram.com/reel/DYmu1e6PyWi/,https://www.instagram.com/reel/DYmu1e6PyWi/?comment_id=18132846673501165,scraping_instagram,antonypepen,Kayak babi
18014614637699275,2026-05-23T04:20:18+00:00,0,https://www.instagram.com/reel/DYmu1e6PyWi/,https://www.instagram.com/reel/DYmu1e6PyWi/?comment_id=18014614637699275,scraping_instagram,memoomy.allthings,😏
18120738592733937,2026-05-23T04:20:13+00:00,2,https://www.instagram.com/reel/DYmu1e6PyWi/,https://www.instagram.com/reel/DYmu1e6PyWi/?comment_id=18120738592733937,scraping_instagram,adinata_wijaya21,1. Pemimpin kerjanya hancur! 2. Wakilnya gak pernah bersuara! Tiduran aja kah!? 🔥
18075274751418224,2026-05-23T04:18:48+00:00,0,https://www.instagram.com/reel/DYmu1e6PyWi/,https://www.instagram.com/reel/DYmu1e6PyWi/?comment_id=18075274751418224,scraping_instagram,itoh_capri,Ini kali ya alasannya dia selalu ingin jadi Presiden menggebu gebuu. Pengen bikin Indonesia banyaak utang dan keracunan 🥺🥺😮‍💨
17878278138604971,2026-05-23T04:18:24+00:00,0,https://www.instagram.com/reel/DYmu1e6PyWi/,https://www.instagram.com/reel/DYmu1e6PyWi/?comment_id=17878278138604971,scraping_instagram,princessrarapunzellll,bahan bakar sosmed donal dan bowo
18032347466807370,2026-05-23T04:17:43+00:00,0,https://www.instagram.com/reel/DYmu1e6PyWi/,https://www.instagram.com/reel/DYmu1e6PyWi/?comment_id=18032347466807370,scraping_instagram,dimsum_codivanzha,Lengserkan!!!!
17877956460456628,2026-05-23T04:17:09+00:00,0,https://www.instagram.com/reel/DYmu1e6PyWi/,https://www.instagram.com/reel/DYmu1e6PyWi/?comment_id=17877956460456628,scraping_instagram,nurul987000,😂😂😂
17888736771540120,2026-05-23T04:15:49+00:00,0,https://www.instagram.com/reel/DYmu1e6PyWi/,https://www.instagram.com/reel/DYmu1e6PyWi/?comment_id=17888736771540120,scraping_instagram,hazelmochi,😂😂😂😂
17991538673971669,2026-05-23T04:15:48+00:00,0,https://www.instagram.com/reel/DYmu1e6PyWi/,https://www.instagram.com/reel/DYmu1e6PyWi/?comment_id=17991538673971669,scraping_instagram,liapuspita1002,Pemerintah sudah gak ada harga dirinya 😢 rakyat sudah muak
17889292482372093,2026-05-23T04:15:36+00:00,0,https://www.instagram.com/reel/DYmu1e6PyWi/,https://www.instagram.com/reel/DYmu1e6PyWi/?comment_id=17889292482372093,scraping_instagram,louisamelvine,Asik lagi musikny wkwkwk
18093011345219339,2026-05-23T04:15:34+00:00,0,https://www.instagram.com/reel/DYmu1e6PyWi/,https://www.instagram.com/reel/DYmu1e6PyWi/?comment_id=18093011345219339,scraping_instagram,hermavan,Para warga 058 mana suara nya??? Bangga sekali kalian kan….udah dapet bagian belum selaku pemberi suara.
17994571511961889,2026-05-23T04:11:59+00:00,0,https://www.instagram.com/reel/DYmu1e6PyWi/,https://www.instagram.com/reel/DYmu1e6PyWi/?comment_id=17994571511961889,scraping_instagram,muhammad_halful09,Lebay😂
17943035727201286,2026-05-23T04:11:14+00:00,0,https://www.instagram.com/reel/DYmu1e6PyWi/,https://www.instagram.com/reel/DYmu1e6PyWi/?comment_id=17943035727201286,scraping_instagram,sagaraja_bennikusyana,Ada file MP 3 nya ga?bagus jadi ringtone 😀😀😀😀
18202680826349292,2026-05-23T04:10:48+00:00,0,https://www.instagram.com/reel/DYmu1e6PyWi/,https://www.instagram.com/reel/DYmu1e6PyWi/?comment_id=18202680826349292,scraping_instagram,su.ryaniiiiii,😂 oke bgt
17948355986999230,2026-05-23T04:10:20+00:00,0,https://www.instagram.com/reel/DYmu1e6PyWi/,https://www.instagram.com/reel/DYmu1e6PyWi/?comment_id=17948355986999230,scraping_instagram,alizenalb,🔥🔥😂
17989165322798231,2026-05-23T04:08:46+00:00,0,https://www.instagram.com/reel/DYmu1e6PyWi/,https://www.instagram.com/reel/DYmu1e6PyWi/?comment_id=17989165322798231,scraping_instagram,ggicakk_,Lagunya baguss😍
17908279542409758,2026-05-23T04:06:01+00:00,0,https://www.instagram.com/reel/DYmu1e6PyWi/,https://www.instagram.com/reel/DYmu1e6PyWi/?comment_id=17908279542409758,scraping_instagram,rustam.efend,Lanjut lagi...
17952943425141231,2026-05-23T04:05:39+00:00,0,https://www.instagram.com/reel/DYmu1e6PyWi/,https://www.instagram.com/reel/DYmu1e6PyWi/?comment_id=17952943425141231,scraping_instagram,marlinaprabot,😮
18450696280114817,2026-05-23T04:04:41+00:00,2,https://www.instagram.com/reel/DYmu1e6PyWi/,https://www.instagram.com/reel/DYmu1e6PyWi/?comment_id=18450696280114817,scraping_instagram,novtafia77,@prabowo !!!!!!
17881686198587943,2026-05-23T04:02:40+00:00,0,https://www.instagram.com/reel/DYmu1e6PyWi/,https://www.instagram.com/reel/DYmu1e6PyWi/?comment_id=17881686198587943,scraping_instagram,arief_h.p,Bosaan.. mending ganti presiden 😭
17929283934280555,2026-05-23T04:01:50+00:00,0,https://www.instagram.com/reel/DYmu1e6PyWi/,https://www.instagram.com/reel/DYmu1e6PyWi/?comment_id=17929283934280555,scraping_instagram,dewi_mayasari79,😭😭😢😢
18140174944523391,2026-05-23T04:01:36+00:00,0,https://www.instagram.com/reel/DYmu1e6PyWi/,https://www.instagram.com/reel/DYmu1e6PyWi/?comment_id=18140174944523391,scraping_instagram,ikhsanramos,"@_inilesthy sekolah dulu kk baru berargumen kalau cuma tamatan SD gak mampu itu otak mu mengolah data separah apa efek kalau rupiah melemah,,, itu baru dari segi utang negara belom dari segi impor yg gila-gilaan belom lagi yg listrik,kendaraan, pabrik, yg mengesumsi 100% BBM dari hasil impor,, gak bakal nyampe otakmu kalau sekolahmu cuma tamatan SD,,, jadi mohon sekolah lagi kk masa SDM kita cuma sekelas kk😂😂, , satu lagi jangan samain negara lain sama negara lain negara lain berdaulat sedangkan negara kita tidak"
18405316108148829,2026-05-23T03:58:15+00:00,0,https://www.instagram.com/reel/DYmu1e6PyWi/,https://www.instagram.com/reel/DYmu1e6PyWi/?comment_id=18405316108148829,scraping_instagram,lazuardi_46,@prabowo
18102813418818085,2026-05-23T03:55:29+00:00,0,https://www.instagram.com/reel/DYmu1e6PyWi/,https://www.instagram.com/reel/DYmu1e6PyWi/?comment_id=18102813418818085,scraping_instagram,bagaz_hg,
17987398581005186,2026-05-23T03:55:01+00:00,0,https://www.instagram.com/reel/DYmu1e6PyWi/,https://www.instagram.com/reel/DYmu1e6PyWi/?comment_id=17987398581005186,scraping_instagram,sitadewi2024,@purbayayudhi  @titokarnavian @gibran_rakabuming
18590711626001441,2026-05-23T03:55:00+00:00,0,https://www.instagram.com/reel/DYmu1e6PyWi/,https://www.instagram.com/reel/DYmu1e6PyWi/?comment_id=18590711626001441,scraping_instagram,lisnaanggraeni136,Tetaplah pada jalan kebenaran krn yg batil pasti akan lenyap al isra ayat 81
18588162088015125,2026-05-23T03:54:04+00:00,0,https://www.instagram.com/reel/DYmu1e6PyWi/,https://www.instagram.com/reel/DYmu1e6PyWi/?comment_id=18588162088015125,scraping_instagram,sitadewi2024,@purbaya
18093178756986489,2026-05-23T03:52:18+00:00,0,https://www.instagram.com/reel/DYmu1e6PyWi/,https://www.instagram.com/reel/DYmu1e6PyWi/?comment_id=18093178756986489,scraping_instagram,tessa_essa.syasa,Tanggung jawab yg dulu pilih si gemoy...
18192039760370306,2026-05-23T03:51:42+00:00,0,https://www.instagram.com/reel/DYmu1e6PyWi/,https://www.instagram.com/reel/DYmu1e6PyWi/?comment_id=18192039760370306,scraping_instagram,honggosetyawan,Kuping dan hatiku sudah tertutup. Jadi apa yg bagiku nguntungin ya jalan terus. Suara rakyat....jogetin saja. Bye bye 58%. Nanti th 2028-2029 kita kumpul2 lagi bagi2 proyek ya
18013858205855566,2026-05-23T03:48:19+00:00,0,https://www.instagram.com/reel/DYmu1e6PyWi/,https://www.instagram.com/reel/DYmu1e6PyWi/?comment_id=18013858205855566,scraping_instagram,sachlie_lie,"Bodo aja yg milih dia dulu cuma karena iming"" duit di subuh hari 😆"
18364996567226586,2026-05-23T03:47:23+00:00,0,https://www.instagram.com/reel/DYmu1e6PyWi/,https://www.instagram.com/reel/DYmu1e6PyWi/?comment_id=18364996567226586,scraping_instagram,hidayatullah212,Izin share bang siapa tau kaum 58 mau melek😢
18105611023843036,2026-05-23T03:47:11+00:00,0,https://www.instagram.com/reel/DYmu1e6PyWi/,https://www.instagram.com/reel/DYmu1e6PyWi/?comment_id=18105611023843036,scraping_instagram,eni_setya,Izin tag @drg.mirza
18100949833944252,2026-05-23T03:47:06+00:00,0,https://www.instagram.com/reel/DYmu1e6PyWi/,https://www.instagram.com/reel/DYmu1e6PyWi/?comment_id=18100949833944252,scraping_instagram,ndenhererra10,Negara sakit
17883825513570048,2026-05-23T03:44:19+00:00,2,https://www.instagram.com/reel/DYmu1e6PyWi/,https://www.instagram.com/reel/DYmu1e6PyWi/?comment_id=17883825513570048,scraping_instagram,sheep.9308156,"Kedaulatan tertinggi di tangan rakyat, siapa yg setuju pemilu Capres Cawapres di 2027 👉🏻"
18105855694846920,2026-05-23T03:42:42+00:00,0,https://www.instagram.com/reel/DYmu1e6PyWi/,https://www.instagram.com/reel/DYmu1e6PyWi/?comment_id=18105855694846920,scraping_instagram,ralinenuraayunda,@lf.nhlfh
18100707038083359,2026-05-23T03:42:24+00:00,0,https://www.instagram.com/reel/DYmu1e6PyWi/,https://www.instagram.com/reel/DYmu1e6PyWi/?comment_id=18100707038083359,scraping_instagram,ja_mila2391,Ijin unduh ya kak
18122689018636976,2026-05-23T03:40:54+00:00,0,https://www.instagram.com/reel/DYmu1e6PyWi/,https://www.instagram.com/reel/DYmu1e6PyWi/?comment_id=18122689018636976,scraping_instagram,jeung_clara,Beliau melihatny skrgbini tahun 90an kali yaaa... setiap pidato nya ga pernah ngmongin masa depan untuk anak²🔥🔥🔥🔥
18084501728381569,2026-05-23T03:40:16+00:00,0,https://www.instagram.com/reel/DYmu1e6PyWi/,https://www.instagram.com/reel/DYmu1e6PyWi/?comment_id=18084501728381569,scraping_instagram,_whtt.wheyx,@prabowo.gibran2 @prabowo @prabowoforpresident
18131478553502615,2026-05-23T03:39:26+00:00,0,https://www.instagram.com/reel/DYmu1e6PyWi/,https://www.instagram.com/reel/DYmu1e6PyWi/?comment_id=18131478553502615,scraping_instagram,bintu_nahl_20,🔥🔥🔥
18216775051324844,2026-05-23T03:36:49+00:00,0,https://www.instagram.com/reel/DYmu1e6PyWi/,https://www.instagram.com/reel/DYmu1e6PyWi/?comment_id=18216775051324844,scraping_instagram,dinnakomalawati,Tolongloh negara ini Ya Allah 😭😭😭
18129534958606243,2026-05-23T03:36:16+00:00,0,https://www.instagram.com/reel/DYmu1e6PyWi/,https://www.instagram.com/reel/DYmu1e6PyWi/?comment_id=18129534958606243,scraping_instagram,abdoel_rojaak,🔥🔥🔥
18424394737124301,2026-05-23T03:35:34+00:00,0,https://www.instagram.com/reel/DYmu1e6PyWi/,https://www.instagram.com/reel/DYmu1e6PyWi/?comment_id=18424394737124301,scraping_instagram,kelvinlim.se08,"Kasian hidupnya, kenangan kedepan ke anak cucu kita pasti bakal diinget presiden yg kampanye doyannya jogat joget, dan setelah punya kuasa gak ada pengaruh apapun utk menyejahterakan rakyatnya"
17909750973225679,2026-05-23T03:35:14+00:00,0,https://www.instagram.com/reel/DYmu1e6PyWi/,https://www.instagram.com/reel/DYmu1e6PyWi/?comment_id=17909750973225679,scraping_instagram,pingpingg12,Woyyy
18122791351588919,2026-05-23T03:34:35+00:00,0,https://www.instagram.com/reel/DYmu1e6PyWi/,https://www.instagram.com/reel/DYmu1e6PyWi/?comment_id=18122791351588919,scraping_instagram,frskchrm,enjoy your choise guys😂😂
18103614460993583,2026-05-23T03:33:20+00:00,0,https://www.instagram.com/reel/DYmu1e6PyWi/,https://www.instagram.com/reel/DYmu1e6PyWi/?comment_id=18103614460993583,scraping_instagram,d_vidz90,@gerindra @prabowo
18094033673224495,2026-05-23T03:33:06+00:00,0,https://www.instagram.com/reel/DYmu1e6PyWi/,https://www.instagram.com/reel/DYmu1e6PyWi/?comment_id=18094033673224495,scraping_instagram,entang_martina,Ngeriiiiii
18139807993521445,2026-05-23T03:31:19+00:00,0,https://www.instagram.com/reel/DYmu1e6PyWi/,https://www.instagram.com/reel/DYmu1e6PyWi/?comment_id=18139807993521445,scraping_instagram,nafisfakhr1,@gerindra
18008732948913371,2026-05-23T03:30:17+00:00,76,https://www.instagram.com/reel/DYmu1e6PyWi/,https://www.instagram.com/reel/DYmu1e6PyWi/?comment_id=18008732948913371,scraping_instagram,blackhorsefootballclub,Prabowo Subianto di tetapkan sebagai bencana nasional oleh seluruh masyarakat Indonesia.
18351091105213927,2026-05-23T03:29:18+00:00,0,https://www.instagram.com/reel/DYmu1e6PyWi/,https://www.instagram.com/reel/DYmu1e6PyWi/?comment_id=18351091105213927,scraping_instagram,aeril23_,"Narasi animasi 'gemoy' hanyalah taktik pengalihan isu dari kegagalan fundamental ekonomi. Saat rupiah terus terpuruk, utang luar negeri melonjak, dan kedaulatan ekonomi tergadaikan ke asing, pemerintah justru sibuk membiayai buzzer demi menjaga citra visual. Rakyat butuh daya beli yang stabil dan kebijakan yang mandiri, bukan konten fiktif yang menutup-nutupi realitas krisis."
18093456382963116,2026-05-23T03:28:17+00:00,0,https://www.instagram.com/reel/DYmu1e6PyWi/,https://www.instagram.com/reel/DYmu1e6PyWi/?comment_id=18093456382963116,scraping_instagram,7jeefff,Astaga sungguh miris pemerintah Indonesia
18105750340947590,2026-05-23T03:23:53+00:00,0,https://www.instagram.com/reel/DYmu1e6PyWi/,https://www.instagram.com/reel/DYmu1e6PyWi/?comment_id=18105750340947590,scraping_instagram,acenk_mukti,😂😂😂
17974346594884400,2026-05-23T03:23:27+00:00,0,https://www.instagram.com/reel/DYmu1e6PyWi/,https://www.instagram.com/reel/DYmu1e6PyWi/?comment_id=17974346594884400,scraping_instagram,herrybrk,Babi babi babi
18075118502254915,2026-05-23T03:22:42+00:00,2,https://www.instagram.com/reel/DYmu1e6PyWi/,https://www.instagram.com/reel/DYmu1e6PyWi/?comment_id=18075118502254915,scraping_instagram,puputhandaa,Pemerintahan gada yg jujur emangg. Pak nadiem yg jujur aja bisa masuk penjara😭
18082265636437794,2026-05-23T03:20:53+00:00,0,https://www.instagram.com/reel/DYmu1e6PyWi/,https://www.instagram.com/reel/DYmu1e6PyWi/?comment_id=18082265636437794,scraping_instagram,cloudno3es,@prabowo
17891995602495841,2026-05-23T03:18:09+00:00,0,https://www.instagram.com/reel/DYmu1e6PyWi/,https://www.instagram.com/reel/DYmu1e6PyWi/?comment_id=17891995602495841,scraping_instagram,anasofiaani,Tinggal ngutang lagi ya pak.. biar rakyat yg bayar ..😭
17880751449595057,2026-05-23T03:17:38+00:00,0,https://www.instagram.com/reel/DYmu1e6PyWi/,https://www.instagram.com/reel/DYmu1e6PyWi/?comment_id=17880751449595057,scraping_instagram,baskoroabc,Emang BANGSAT sih ... 😡😡😡😡
18081209912182460,2026-05-23T03:17:35+00:00,0,https://www.instagram.com/reel/DYmu1e6PyWi/,https://www.instagram.com/reel/DYmu1e6PyWi/?comment_id=18081209912182460,scraping_instagram,risma.azriel,👏👏
18107785253476402,2026-05-23T03:17:08+00:00,0,https://www.instagram.com/reel/DYmu1e6PyWi/,https://www.instagram.com/reel/DYmu1e6PyWi/?comment_id=18107785253476402,scraping_instagram,ikeputriagustin,Sapa suruh pilih prabowo best2
18117640354812296,2026-05-23T03:14:39+00:00,0,https://www.instagram.com/reel/DYmu1e6PyWi/,https://www.instagram.com/reel/DYmu1e6PyWi/?comment_id=18117640354812296,scraping_instagram,triyani4987,😢😢😢
18093189725602457,2026-05-23T03:13:05+00:00,0,https://www.instagram.com/reel/DYmu1e6PyWi/,https://www.instagram.com/reel/DYmu1e6PyWi/?comment_id=18093189725602457,scraping_instagram,mana_ariiiii,"4 kali nyalon, yang ke 5 jadi bapak presiden, hancur sudah"
17912598246200895,2026-05-23T03:13:05+00:00,0,https://www.instagram.com/reel/DYmu1e6PyWi/,https://www.instagram.com/reel/DYmu1e6PyWi/?comment_id=17912598246200895,scraping_instagram,teteh_7584,"Mendingan kalau belum ada kerja jadi buat dipekerjakan,buak. Disuruh jadi MBG"
17918043225165698,2026-05-23T03:12:54+00:00,0,https://www.instagram.com/reel/DYmu1e6PyWi/,https://www.instagram.com/reel/DYmu1e6PyWi/?comment_id=17918043225165698,scraping_instagram,permata_kawis,"Lagunya cakep dan nyata .Protes nggak digubris, mending nyanyi  Keren"
17945645916014656,2026-05-23T03:11:44+00:00,0,https://www.instagram.com/reel/DYmu1e6PyWi/,https://www.instagram.com/reel/DYmu1e6PyWi/?comment_id=17945645916014656,scraping_instagram,akhyar1120,@prabowo  @teddy_hq  pemimpin yg ga punya harga diri
17866647138653032,2026-05-23T03:11:38+00:00,0,https://www.instagram.com/reel/DYmu1e6PyWi/,https://www.instagram.com/reel/DYmu1e6PyWi/?comment_id=17866647138653032,scraping_instagram,tyo8077,@prabowo
18073469819422911,2026-05-23T03:11:27+00:00,0,https://www.instagram.com/reel/DYmu1e6PyWi/,https://www.instagram.com/reel/DYmu1e6PyWi/?comment_id=18073469819422911,scraping_instagram,aisyahulfanasution07,Astagfirullah
18589165144026994,2026-05-23T03:05:08+00:00,0,https://www.instagram.com/reel/DYmu1e6PyWi/,https://www.instagram.com/reel/DYmu1e6PyWi/?comment_id=18589165144026994,scraping_instagram,irafebrina,Adminnya Smoga Aman2 ya.. Keep it up min🔥
18471990184099985,2026-05-23T03:02:05+00:00,1,https://www.instagram.com/reel/DYmu1e6PyWi/,https://www.instagram.com/reel/DYmu1e6PyWi/?comment_id=18471990184099985,scraping_instagram,budi_______dregs.lsp,Sodara sodara 🫵 @dregs_ricky
18066524669401780,2026-05-23T03:01:51+00:00,2,https://www.instagram.com/reel/DYmu1e6PyWi/,https://www.instagram.com/reel/DYmu1e6PyWi/?comment_id=18066524669401780,scraping_instagram,wieyantonu,😂
18266999200292331,2026-05-23T03:01:26+00:00,0,https://www.instagram.com/reel/DYmu1e6PyWi/,https://www.instagram.com/reel/DYmu1e6PyWi/?comment_id=18266999200292331,scraping_instagram,riskiaa05_,Mangkanya cari tau dulu kenapa dolar naik
18117847510674860,2026-05-23T02:59:40+00:00,0,https://www.instagram.com/reel/DYmu1e6PyWi/,https://www.instagram.com/reel/DYmu1e6PyWi/?comment_id=18117847510674860,scraping_instagram,padmiembari,g n6ot4k
18555017104066241,2026-05-23T02:58:16+00:00,0,https://www.instagram.com/reel/DYmu1e6PyWi/,https://www.instagram.com/reel/DYmu1e6PyWi/?comment_id=18555017104066241,scraping_instagram,dindariz95,"PRABOWO PEMIMPIN YANG TIDAK BISA KERJA DENGAN BAIK, KARENA RAKYAT INDONESIA MASIH DALAM KEMISKINAN,BIAR WAKTU BICARA TUHAN TUNJUKAN KUASANYA."
17928387090317077,2026-05-23T02:56:47+00:00,0,https://www.instagram.com/reel/DYmu1e6PyWi/,https://www.instagram.com/reel/DYmu1e6PyWi/?comment_id=17928387090317077,scraping_instagram,mhd_afiifff,prabowo sialan
18157868482458279,2026-05-23T02:55:47+00:00,0,https://www.instagram.com/reel/DYmu1e6PyWi/,https://www.instagram.com/reel/DYmu1e6PyWi/?comment_id=18157868482458279,scraping_instagram,dolphin82__,Parah emang bloon nya
18590802391033104,2026-05-23T02:54:41+00:00,2,https://www.instagram.com/reel/DYmu1e6PyWi/,https://www.instagram.com/reel/DYmu1e6PyWi/?comment_id=18590802391033104,scraping_instagram,4vrie08,Ini lagu atau fakta
18362464219227853,2026-05-23T02:54:13+00:00,0,https://www.instagram.com/reel/DYmu1e6PyWi/,https://www.instagram.com/reel/DYmu1e6PyWi/?comment_id=18362464219227853,scraping_instagram,novrianaharun,Bangsat
17970478857058032,2026-05-23T02:52:55+00:00,0,https://www.instagram.com/reel/DYmu1e6PyWi/,https://www.instagram.com/reel/DYmu1e6PyWi/?comment_id=17970478857058032,scraping_instagram,chofifah_ainiyah,Kempesin perut pak wowo ...
18104393632974915,2026-05-23T02:51:40+00:00,0,https://www.instagram.com/reel/DYmu1e6PyWi/,https://www.instagram.com/reel/DYmu1e6PyWi/?comment_id=18104393632974915,scraping_instagram,omaktina,Mbg usaha prabowo
18057135971506736,2026-05-23T02:51:22+00:00,0,https://www.instagram.com/reel/DYmu1e6PyWi/,https://www.instagram.com/reel/DYmu1e6PyWi/?comment_id=18057135971506736,scraping_instagram,omaktina,Mbg usaha b
18222398371316013,2026-05-23T02:50:17+00:00,0,https://www.instagram.com/reel/DYmu1e6PyWi/,https://www.instagram.com/reel/DYmu1e6PyWi/?comment_id=18222398371316013,scraping_instagram,sulton_zaendah21,Presiden dan pejabat pemerintah sudah putus urat sarafnya hatinya sudah mati
18080984549563910,2026-05-23T02:49:59+00:00,0,https://www.instagram.com/reel/DYmu1e6PyWi/,https://www.instagram.com/reel/DYmu1e6PyWi/?comment_id=18080984549563910,scraping_instagram,cheetah.743795,Prabowo taiiii
18119402962673471,2026-05-23T02:48:06+00:00,0,https://www.instagram.com/reel/DYmu1e6PyWi/,https://www.instagram.com/reel/DYmu1e6PyWi/?comment_id=18119402962673471,scraping_instagram,acengazizmuslim,MBG : Mulyono Bowo Gibran
18093175045967128,2026-05-23T02:48:01+00:00,0,https://www.instagram.com/reel/DYmu1e6PyWi/,https://www.instagram.com/reel/DYmu1e6PyWi/?comment_id=18093175045967128,scraping_instagram,m_ihsant17,Dzolim sekali pemimpin kita sekarang
18466063048107585,2026-05-23T02:47:50+00:00,0,https://www.instagram.com/reel/DYmu1e6PyWi/,https://www.instagram.com/reel/DYmu1e6PyWi/?comment_id=18466063048107585,scraping_instagram,acengazizmuslim,SPPG : Sahamnya Pak De Prabowo Gibran
18119406994672370,2026-05-23T02:47:32+00:00,0,https://www.instagram.com/reel/DYmu1e6PyWi/,https://www.instagram.com/reel/DYmu1e6PyWi/?comment_id=18119406994672370,scraping_instagram,acengazizmuslim,BGN : Bowo Gibran Ndasmu
17993267717789405,2026-05-23T02:46:28+00:00,0,https://www.instagram.com/reel/DYmu1e6PyWi/,https://www.instagram.com/reel/DYmu1e6PyWi/?comment_id=17993267717789405,scraping_instagram,rusditakartutun23,Lagunya kren
18130752262582686,2026-05-23T02:45:30+00:00,0,https://www.instagram.com/reel/DYmu1e6PyWi/,https://www.instagram.com/reel/DYmu1e6PyWi/?comment_id=18130752262582686,scraping_instagram,zubiendah,Astagfirullah... malu nya😭
18138206473530336,2026-05-23T02:43:31+00:00,0,https://www.instagram.com/reel/DYmu1e6PyWi/,https://www.instagram.com/reel/DYmu1e6PyWi/?comment_id=18138206473530336,scraping_instagram,wendyarifin,Oke gas oke gas 🔥
18313725130275905,2026-05-23T02:42:28+00:00,0,https://www.instagram.com/reel/DYmu1e6PyWi/,https://www.instagram.com/reel/DYmu1e6PyWi/?comment_id=18313725130275905,scraping_instagram,wiwikkoesnaeni,Pak Purbaya bgmn? Yg kendaliin BI
18160696069403092,2026-05-23T02:41:29+00:00,0,https://www.instagram.com/reel/DYmu1e6PyWi/,https://www.instagram.com/reel/DYmu1e6PyWi/?comment_id=18160696069403092,scraping_instagram,fami_dfa77,@prabowo @teddy_hq @gerindra
18422140597133810,2026-05-23T02:39:25+00:00,0,https://www.instagram.com/reel/DYmu1e6PyWi/,https://www.instagram.com/reel/DYmu1e6PyWi/?comment_id=18422140597133810,scraping_instagram,agung_prasetya_99,Paling parah ini ...baru jadi...udah ..mau ...anu
18103533835822773,2026-05-23T02:39:06+00:00,0,https://www.instagram.com/reel/DYmu1e6PyWi/,https://www.instagram.com/reel/DYmu1e6PyWi/?comment_id=18103533835822773,scraping_instagram,fickyyazzahro,@prabowo
18120668929581600,2026-05-23T02:38:53+00:00,0,https://www.instagram.com/reel/DYmu1e6PyWi/,https://www.instagram.com/reel/DYmu1e6PyWi/?comment_id=18120668929581600,scraping_instagram,danishanie3128,Jadiin lagu Nasional 😂😂
18405664900145254,2026-05-23T02:34:56+00:00,0,https://www.instagram.com/reel/DYmu1e6PyWi/,https://www.instagram.com/reel/DYmu1e6PyWi/?comment_id=18405664900145254,scraping_instagram,sundussewed1,Inilah kalau sesuatu yang tak dikerjakan bukan ahlinya....
18460786591104753,2026-05-23T02:33:41+00:00,0,https://www.instagram.com/reel/DYmu1e6PyWi/,https://www.instagram.com/reel/DYmu1e6PyWi/?comment_id=18460786591104753,scraping_instagram,nurulnlh,
17911116825402860,2026-05-23T02:33:01+00:00,0,https://www.instagram.com/reel/DYmu1e6PyWi/,https://www.instagram.com/reel/DYmu1e6PyWi/?comment_id=17911116825402860,scraping_instagram,siskanuzulull233,Ijin share ya kak🙏
18100778906101829,2026-05-23T02:31:41+00:00,0,https://www.instagram.com/reel/DYmu1e6PyWi/,https://www.instagram.com/reel/DYmu1e6PyWi/?comment_id=18100778906101829,scraping_instagram,ridwans980,@prabowo  pak coba di tonton cma 1mnt aja kok
17932888020267178,2026-05-23T02:30:44+00:00,0,https://www.instagram.com/reel/DYmu1e6PyWi/,https://www.instagram.com/reel/DYmu1e6PyWi/?comment_id=17932888020267178,scraping_instagram,gantari_givan,😢😭
18010114217719012,2026-05-23T02:30:08+00:00,0,https://www.instagram.com/reel/DYmu1e6PyWi/,https://www.instagram.com/reel/DYmu1e6PyWi/?comment_id=18010114217719012,scraping_instagram,hebw_linacarl,Anda buruk sekali dan tidak memiliki empati dalam hati kalian @prabowo @gibran_rakabuming
18125905594528788,2026-05-23T02:28:53+00:00,0,https://www.instagram.com/reel/DYmu1e6PyWi/,https://www.instagram.com/reel/DYmu1e6PyWi/?comment_id=18125905594528788,scraping_instagram,afnidaaf81,#Gantisistimdemokrasidengansistimislam
17995200935951020,2026-05-23T02:26:15+00:00,0,https://www.instagram.com/reel/DYmu1e6PyWi/,https://www.instagram.com/reel/DYmu1e6PyWi/?comment_id=17995200935951020,scraping_instagram,zakedemigods,Dimana Bapak Akal Sehat ya? Kenapa tidak pernah keliatan lagi? Di presiden sbelumnya muncul terus 😭
18114578542648305,2026-05-23T02:24:04+00:00,0,https://www.instagram.com/reel/DYmu1e6PyWi/,https://www.instagram.com/reel/DYmu1e6PyWi/?comment_id=18114578542648305,scraping_instagram,harrysusanto11gp,"Kayak klw si anies mimpin bagus aja😂, jakarta dipimpin anies aja parah😂"
17969099262061505,2026-05-23T02:21:51+00:00,0,https://www.instagram.com/reel/DYmu1e6PyWi/,https://www.instagram.com/reel/DYmu1e6PyWi/?comment_id=17969099262061505,scraping_instagram,linda_theresia09,Hati hati kak nanti ditarget trus diculik… lbh baik gerakan diam2 dan akhirnya mengejutkan demo dimana mana gulingkan wowo dan fufufafa
18172404478411143,2026-05-23T02:20:32+00:00,0,https://www.instagram.com/reel/DYmu1e6PyWi/,https://www.instagram.com/reel/DYmu1e6PyWi/?comment_id=18172404478411143,scraping_instagram,mujarizubaidah,Cocok bener dg kenyataan dilap.masy.konoha
18091453949605433,2026-05-23T02:18:26+00:00,0,https://www.instagram.com/reel/DYmu1e6PyWi/,https://www.instagram.com/reel/DYmu1e6PyWi/?comment_id=18091453949605433,scraping_instagram,sallyirfila,👏👏👏
18138145054528317,2026-05-23T02:18:08+00:00,0,https://www.instagram.com/reel/DYmu1e6PyWi/,https://www.instagram.com/reel/DYmu1e6PyWi/?comment_id=18138145054528317,scraping_instagram,diantoro_115,Si gemoy si penurun saham
17951033481146293,2026-05-23T02:17:46+00:00,0,https://www.instagram.com/reel/DYmu1e6PyWi/,https://www.instagram.com/reel/DYmu1e6PyWi/?comment_id=17951033481146293,scraping_instagram,sepindeyal,Presiden buruk sepanjang sejarah 😡
18002651840919721,2026-05-23T02:17:22+00:00,0,https://www.instagram.com/reel/DYmu1e6PyWi/,https://www.instagram.com/reel/DYmu1e6PyWi/?comment_id=18002651840919721,scraping_instagram,ipoelbaen,"Dia hanya terobsesi jd president, bukan semata karna pengabdian  dan benar benar perduli kepada rakyatnya.🙌"
17970685548066544,2026-05-23T02:17:17+00:00,0,https://www.instagram.com/reel/DYmu1e6PyWi/,https://www.instagram.com/reel/DYmu1e6PyWi/?comment_id=17970685548066544,scraping_instagram,prelovedbygabz,@basukibtp @s_tjo 🔥🔥🔥🔥🔥🔥
18327775513250725,2026-05-23T02:16:51+00:00,0,https://www.instagram.com/reel/DYmu1e6PyWi/,https://www.instagram.com/reel/DYmu1e6PyWi/?comment_id=18327775513250725,scraping_instagram,iqbal83504,@prabowo @gibran_rakabuming lihat lah pak
17857315503648661,2026-05-23T02:15:39+00:00,0,https://www.instagram.com/reel/DYmu1e6PyWi/,https://www.instagram.com/reel/DYmu1e6PyWi/?comment_id=17857315503648661,scraping_instagram,nunungnurhayati8720,Ya Allah..selesaikan mslh Indonesia..dari Pemimpin2 yv dzolim
18113402878867697,2026-05-23T02:14:12+00:00,0,https://www.instagram.com/reel/DYmu1e6PyWi/,https://www.instagram.com/reel/DYmu1e6PyWi/?comment_id=18113402878867697,scraping_instagram,syahrul.samarata,Lagu terbaik di tahun 2026
18442757095140692,2026-05-23T02:12:22+00:00,0,https://www.instagram.com/reel/DYmu1e6PyWi/,https://www.instagram.com/reel/DYmu1e6PyWi/?comment_id=18442757095140692,scraping_instagram,nandonando901,"Tunggu lah suatu saat kalian akan mendapat balasan,,!!!!!!!!!!! 😭😭😭"
17872464633504009,2026-05-23T02:09:43+00:00,0,https://www.instagram.com/reel/DYmu1e6PyWi/,https://www.instagram.com/reel/DYmu1e6PyWi/?comment_id=17872464633504009,scraping_instagram,adelianabudi,"@attahalilintar sbg influencer pendukung, tanggapan anda melihat kondisi rakyat saat ini gmn"
17956570224131439,2026-05-23T02:09:36+00:00,0,https://www.instagram.com/reel/DYmu1e6PyWi/,https://www.instagram.com/reel/DYmu1e6PyWi/?comment_id=17956570224131439,scraping_instagram,dewaryat,😂😂😂😂😂😍
18069915272674861,2026-05-23T02:08:45+00:00,2,https://www.instagram.com/reel/DYmu1e6PyWi/,https://www.instagram.com/reel/DYmu1e6PyWi/?comment_id=18069915272674861,scraping_instagram,nisa_assovie,"Maling ,maling , malingģggggggggg"
18081049967176120,2026-05-23T02:06:48+00:00,0,https://www.instagram.com/reel/DYmu1e6PyWi/,https://www.instagram.com/reel/DYmu1e6PyWi/?comment_id=18081049967176120,scraping_instagram,binikpencaricuanhalal,Ayo rakyat Indonesia bersatu
18436849723139274,2026-05-23T02:05:16+00:00,0,https://www.instagram.com/reel/DYmu1e6PyWi/,https://www.instagram.com/reel/DYmu1e6PyWi/?comment_id=18436849723139274,scraping_instagram,_masmuss,
18116192659768997,2026-05-23T02:04:45+00:00,0,https://www.instagram.com/reel/DYmu1e6PyWi/,https://www.instagram.com/reel/DYmu1e6PyWi/?comment_id=18116192659768997,scraping_instagram,hervinafriansa,"Ga cape yah jelek2kin pemerintah?? Kalau ga suka, ga usah tinggal dinegara republik ini, pindah aja ke negara lain sana!!"
17866626618683803,2026-05-23T02:02:10+00:00,0,https://www.instagram.com/reel/DYmu1e6PyWi/,https://www.instagram.com/reel/DYmu1e6PyWi/?comment_id=17866626618683803,scraping_instagram,menul_riyanti,😢😢😢😢😢😢
18044241632569091,2026-05-23T01:58:59+00:00,0,https://www.instagram.com/reel/DYmu1e6PyWi/,https://www.instagram.com/reel/DYmu1e6PyWi/?comment_id=18044241632569091,scraping_instagram,mutiadwihrynt,"Selamat menikmati segala kekuasaan yg anda dpt pak, siap2 merasakan kemurkaan dari Allah"
18079390361649588,2026-05-23T01:58:22+00:00,0,https://www.instagram.com/reel/DYmu1e6PyWi/,https://www.instagram.com/reel/DYmu1e6PyWi/?comment_id=18079390361649588,scraping_instagram,edy485319,Bang sopo
17852953308677041,2026-05-23T01:58:19+00:00,0,https://www.instagram.com/reel/DYmu1e6PyWi/,https://www.instagram.com/reel/DYmu1e6PyWi/?comment_id=17852953308677041,scraping_instagram,indriastuti2690,Saya TIMBUL RAKYAT DI TENGGELAMKAN......
18017607236684172,2026-05-23T01:57:02+00:00,0,https://www.instagram.com/reel/DYmu1e6PyWi/,https://www.instagram.com/reel/DYmu1e6PyWi/?comment_id=18017607236684172,scraping_instagram,lulukandani93,Innalilahi wa inna ilaihi rojiun
18103100057106941,2026-05-23T01:55:56+00:00,0,https://www.instagram.com/reel/DYmu1e6PyWi/,https://www.instagram.com/reel/DYmu1e6PyWi/?comment_id=18103100057106941,scraping_instagram,benisubandianda,"*Ada Adagium : Bandit akan berkumpul sesama penjahat; kita lihat si Trump berkumpul di BOP dengan Prabowo dan Netanyahu, nyata watak dan moral mereka sama : Tiran mengabaikan hukum internasional,  Pembohong, penipu, penjahat perang dan penjahat kemanusiaan.*"
18340725994220394,2026-05-23T01:52:52+00:00,0,https://www.instagram.com/reel/DYmu1e6PyWi/,https://www.instagram.com/reel/DYmu1e6PyWi/?comment_id=18340725994220394,scraping_instagram,mynameisyen2,"Mknya aq blg kl pemimpin ndk bijak kita pilih krn ndk da pilihan lain yg ada rakyat susah, ybs mn peduliin kita mlh ngo mkn ndk nyambung terkesan ybs bod**"
18103992928800703,2026-05-23T01:46:50+00:00,0,https://www.instagram.com/reel/DYmu1e6PyWi/,https://www.instagram.com/reel/DYmu1e6PyWi/?comment_id=18103992928800703,scraping_instagram,sontoloyo180880,Sungguh pemimpin negeri ini sangat lah dhalim rezim ke rakyat nya...gerakan segara referendum Nasional...
18075627848256381,2026-05-23T01:46:43+00:00,0,https://www.instagram.com/reel/DYmu1e6PyWi/,https://www.instagram.com/reel/DYmu1e6PyWi/?comment_id=18075627848256381,scraping_instagram,ikamei.w,Dulu pas pak Jokowi ga lemah tu rupiah mlh sering anak skolah dpt PIP Ini Prabowo cuma ngasi mbg aj rupiah melemah banyak korupsi lagi Giman sih nyesel nyoblos
18096785408124360,2026-05-23T01:42:33+00:00,0,https://www.instagram.com/reel/DYmu1e6PyWi/,https://www.instagram.com/reel/DYmu1e6PyWi/?comment_id=18096785408124360,scraping_instagram,apri_saputra1178,Mungkin cuma gue yang gak pernah mikirin yang seperti ini aku mah bodoamat mau naik mau turun tetap kerja
18395150872083474,2026-05-23T01:41:09+00:00,0,https://www.instagram.com/reel/DYmu1e6PyWi/,https://www.instagram.com/reel/DYmu1e6PyWi/?comment_id=18395150872083474,scraping_instagram,tatang71,"Ga peduli dollar berapapun,bg jalan terus harus sukses, kopdes juga harus tetap jalan, keterlaluan pinternya."
18101853598838068,2026-05-23T01:40:17+00:00,0,https://www.instagram.com/reel/DYmu1e6PyWi/,https://www.instagram.com/reel/DYmu1e6PyWi/?comment_id=18101853598838068,scraping_instagram,gwet5755,
18157456942454318,2026-05-23T01:37:34+00:00,0,https://www.instagram.com/reel/DYmu1e6PyWi/,https://www.instagram.com/reel/DYmu1e6PyWi/?comment_id=18157456942454318,scraping_instagram,isa_maharati,"Kaya kita kembali ke orde …. Dari cara pemimpinnya 😂, hampir sma"
18179141785398742,2026-05-23T01:37:19+00:00,0,https://www.instagram.com/reel/DYmu1e6PyWi/,https://www.instagram.com/reel/DYmu1e6PyWi/?comment_id=18179141785398742,scraping_instagram,uyongharyanto,Hancur Hancuran..!!
18071849633322685,2026-05-23T01:36:31+00:00,0,https://www.instagram.com/reel/DYmu1e6PyWi/,https://www.instagram.com/reel/DYmu1e6PyWi/?comment_id=18071849633322685,scraping_instagram,erisyahpp,@prabowo @gibran_rakabuming
18013678652892567,2026-05-23T01:36:29+00:00,0,https://www.instagram.com/reel/DYmu1e6PyWi/,https://www.instagram.com/reel/DYmu1e6PyWi/?comment_id=18013678652892567,scraping_instagram,rifzitavindaputri,9
18067658057382378,2026-05-23T01:35:32+00:00,0,https://www.instagram.com/reel/DYmu1e6PyWi/,https://www.instagram.com/reel/DYmu1e6PyWi/?comment_id=18067658057382378,scraping_instagram,aanfurqan650,Ok gas Ok gas Ok gas sampa 🔥🔥
17862792771630834,2026-05-23T01:31:01+00:00,0,https://www.instagram.com/reel/DYmu1e6PyWi/,https://www.instagram.com/reel/DYmu1e6PyWi/?comment_id=17862792771630834,scraping_instagram,ernawahyu017,Ya Allah stoppp smua inii 😭😭😭sedih malu  banget 😭
18118094770739781,2026-05-23T01:25:47+00:00,0,https://www.instagram.com/reel/DYmu1e6PyWi/,https://www.instagram.com/reel/DYmu1e6PyWi/?comment_id=18118094770739781,scraping_instagram,aditya13warman,
17942778933228523,2026-05-23T01:23:55+00:00,0,https://www.instagram.com/reel/DYmu1e6PyWi/,https://www.instagram.com/reel/DYmu1e6PyWi/?comment_id=17942778933228523,scraping_instagram,andi_kurniawan105,Presiden tergagal sepanjang sejarah RI
18095541625914889,2026-05-23T01:20:50+00:00,0,https://www.instagram.com/reel/DYmu1e6PyWi/,https://www.instagram.com/reel/DYmu1e6PyWi/?comment_id=18095541625914889,scraping_instagram,its.desinirmala,@prabowo
18068312972700733,2026-05-23T01:17:14+00:00,0,https://www.instagram.com/reel/DYmu1e6PyWi/,https://www.instagram.com/reel/DYmu1e6PyWi/?comment_id=18068312972700733,scraping_instagram,dh.amoi,"Baru kali ini  dlm sejarah ,Konoha py Presiden Goblog nya ga ada lawan"
17993949305958931,2026-05-23T01:15:33+00:00,0,https://www.instagram.com/reel/DYmu1e6PyWi/,https://www.instagram.com/reel/DYmu1e6PyWi/?comment_id=17993949305958931,scraping_instagram,meli.lisa.31508,itu yg dibilang gemoe indonesia akan hancur
18100927094041715,2026-05-23T01:13:15+00:00,0,https://www.instagram.com/reel/DYmu1e6PyWi/,https://www.instagram.com/reel/DYmu1e6PyWi/?comment_id=18100927094041715,scraping_instagram,ng_adi.santosa89,Di film korea rakyat bisa menggulingkan raja nya
18105307501979130,2026-05-23T01:13:04+00:00,0,https://www.instagram.com/reel/DYmu1e6PyWi/,https://www.instagram.com/reel/DYmu1e6PyWi/?comment_id=18105307501979130,scraping_instagram,irfandeaf10,😮😢😭
18074677523285927,2026-05-23T01:12:39+00:00,0,https://www.instagram.com/reel/DYmu1e6PyWi/,https://www.instagram.com/reel/DYmu1e6PyWi/?comment_id=18074677523285927,scraping_instagram,muklistiono,Kalo yang kayak gini mas wapres ngerti soalnya pakai AI.
18409536130147782,2026-05-23T01:11:34+00:00,0,https://www.instagram.com/reel/DYmu1e6PyWi/,https://www.instagram.com/reel/DYmu1e6PyWi/?comment_id=18409536130147782,scraping_instagram,ruby648069,Makin kesini kepemimpinan Prabowo amburadul 😭 bisa GK sih ganti presiden
18202471891346738,2026-05-23T01:10:37+00:00,2,https://www.instagram.com/reel/DYmu1e6PyWi/,https://www.instagram.com/reel/DYmu1e6PyWi/?comment_id=18202471891346738,scraping_instagram,soegeantotan,"Semua yang palsu mungkin tidak langsung terbongkar.
Tapi waktu Ilahi tidak pernah kehilangan alamat."
17996771663776673,2026-05-23T01:09:52+00:00,0,https://www.instagram.com/reel/DYmu1e6PyWi/,https://www.instagram.com/reel/DYmu1e6PyWi/?comment_id=17996771663776673,scraping_instagram,dimiyati78,😭😭😭
17929342845272818,2026-05-23T01:08:21+00:00,0,https://www.instagram.com/reel/DYmu1e6PyWi/,https://www.instagram.com/reel/DYmu1e6PyWi/?comment_id=17929342845272818,scraping_instagram,afisss_17,"Kalo saya lihat polanya sama seperti jaman pak harto, kita di tawarin hutang oleh luar tapi di tolak setelah itu rupiah melemah, kalo mbg memang saya lihat teralu banyak yang nakal penyinaran dsb kalo koprasi itu menurut saya menang namanya baru awal buka jadi perlu penyesuaian dulu tapi ya gak tau juga sii"
18537399133075725,2026-05-23T01:05:35+00:00,0,https://www.instagram.com/reel/DYmu1e6PyWi/,https://www.instagram.com/reel/DYmu1e6PyWi/?comment_id=18537399133075725,scraping_instagram,dafiqinnurolis,Itu yang dibungkam dan intimidasi siapa namanya
18130079266597642,2026-05-23T01:05:33+00:00,0,https://www.instagram.com/reel/DYmu1e6PyWi/,https://www.instagram.com/reel/DYmu1e6PyWi/?comment_id=18130079266597642,scraping_instagram,mamahny_aqila,Golput tp merasakan dampakny😢😢😭
18130788868581966,2026-05-23T01:00:10+00:00,0,https://www.instagram.com/reel/DYmu1e6PyWi/,https://www.instagram.com/reel/DYmu1e6PyWi/?comment_id=18130788868581966,scraping_instagram,nayzibrahmayani,Jijik kali aku liat buka si heang ni
17993994842976683,2026-05-23T00:59:01+00:00,0,https://www.instagram.com/reel/DYmu1e6PyWi/,https://www.instagram.com/reel/DYmu1e6PyWi/?comment_id=17993994842976683,scraping_instagram,hasyimnh,"Dsr lol bin oon, telmi kau, mikir2 lho, jgn asbun"
18065800271399696,2026-05-23T00:58:24+00:00,0,https://www.instagram.com/reel/DYmu1e6PyWi/,https://www.instagram.com/reel/DYmu1e6PyWi/?comment_id=18065800271399696,scraping_instagram,bustamaniqbal,Raja MBG😂😂😂
17887296630548515,2026-05-23T00:56:44+00:00,0,https://www.instagram.com/reel/DYmu1e6PyWi/,https://www.instagram.com/reel/DYmu1e6PyWi/?comment_id=17887296630548515,scraping_instagram,sugengsugeng3073,👎👎👎👎👎
17988829250796771,2026-05-23T00:56:16+00:00,0,https://www.instagram.com/reel/DYmu1e6PyWi/,https://www.instagram.com/reel/DYmu1e6PyWi/?comment_id=17988829250796771,scraping_instagram,rimasukmanaria,"Sezolim ini, Harus gimana kita???"
17932497681259438,2026-05-23T00:54:01+00:00,0,https://www.instagram.com/reel/DYmu1e6PyWi/,https://www.instagram.com/reel/DYmu1e6PyWi/?comment_id=17932497681259438,scraping_instagram,windi_mps,👏😢👏👏
18185730304377776,2026-05-23T00:53:40+00:00,0,https://www.instagram.com/reel/DYmu1e6PyWi/,https://www.instagram.com/reel/DYmu1e6PyWi/?comment_id=18185730304377776,scraping_instagram,azisssabiilulhaq,
18596401918025975,2026-05-23T00:47:35+00:00,0,https://www.instagram.com/reel/DYmu1e6PyWi/,https://www.instagram.com/reel/DYmu1e6PyWi/?comment_id=18596401918025975,scraping_instagram,agvng_k,😭
18100997846024434,2026-05-23T00:47:28+00:00,0,https://www.instagram.com/reel/DYmu1e6PyWi/,https://www.instagram.com/reel/DYmu1e6PyWi/?comment_id=18100997846024434,scraping_instagram,rizkisvntwo,@prabowo
18164686732428847,2026-05-23T00:45:41+00:00,0,https://www.instagram.com/reel/DYmu1e6PyWi/,https://www.instagram.com/reel/DYmu1e6PyWi/?comment_id=18164686732428847,scraping_instagram,ummurafan97,🔥🔥🔥👏👏👏
17949174351156769,2026-05-23T00:45:31+00:00,0,https://www.instagram.com/reel/DYmu1e6PyWi/,https://www.instagram.com/reel/DYmu1e6PyWi/?comment_id=17949174351156769,scraping_instagram,fitriadwi2308,@prabowo
17933615061264115,2026-05-23T00:44:27+00:00,0,https://www.instagram.com/reel/DYmu1e6PyWi/,https://www.instagram.com/reel/DYmu1e6PyWi/?comment_id=17933615061264115,scraping_instagram,dita.prayogi,@prabowo
17933832249257614,2026-05-23T00:43:56+00:00,1,https://www.instagram.com/reel/DYmu1e6PyWi/,https://www.instagram.com/reel/DYmu1e6PyWi/?comment_id=17933832249257614,scraping_instagram,nayabhim1110,"Sejak dia jadi presiden Indonesia gak punya prestasi, bobrok semua jalur prestasi, yg heboh cuma makan Plesiran korupsi Ama koperasi desa .."
18029186642816888,2026-05-23T00:41:33+00:00,0,https://www.instagram.com/reel/DYmu1e6PyWi/,https://www.instagram.com/reel/DYmu1e6PyWi/?comment_id=18029186642816888,scraping_instagram,mhmmd_rbh,@prabowo gokil editannya pak
17939710377230752,2026-05-23T00:41:19+00:00,0,https://www.instagram.com/reel/DYmu1e6PyWi/,https://www.instagram.com/reel/DYmu1e6PyWi/?comment_id=17939710377230752,scraping_instagram,alfuzahri,Cobaan yang wajib dicobain wni 🫩
18095151290231311,2026-05-23T00:41:07+00:00,0,https://www.instagram.com/reel/DYmu1e6PyWi/,https://www.instagram.com/reel/DYmu1e6PyWi/?comment_id=18095151290231311,scraping_instagram,sriwahyuniharun17,Sangat disyangkan😢
18101022551013521,2026-05-23T00:40:29+00:00,0,https://www.instagram.com/reel/DYmu1e6PyWi/,https://www.instagram.com/reel/DYmu1e6PyWi/?comment_id=18101022551013521,scraping_instagram,zainuddin7550,"Benar sekali,nepalkan semua"
18086142284566697,2026-05-23T00:38:41+00:00,0,https://www.instagram.com/reel/DYmu1e6PyWi/,https://www.instagram.com/reel/DYmu1e6PyWi/?comment_id=18086142284566697,scraping_instagram,eka_shakel,@prabowo @presidenrepublikindonesia
18126729172719947,2026-05-23T00:38:22+00:00,0,https://www.instagram.com/reel/DYmu1e6PyWi/,https://www.instagram.com/reel/DYmu1e6PyWi/?comment_id=18126729172719947,scraping_instagram,hendrakira,
18082925417432502,2026-05-23T00:37:55+00:00,0,https://www.instagram.com/reel/DYmu1e6PyWi/,https://www.instagram.com/reel/DYmu1e6PyWi/?comment_id=18082925417432502,scraping_instagram,sterben_0012,Gimana ya
17970450852110954,2026-05-23T00:37:55+00:00,0,https://www.instagram.com/reel/DYmu1e6PyWi/,https://www.instagram.com/reel/DYmu1e6PyWi/?comment_id=17970450852110954,scraping_instagram,achieimoet22,Krn presiden skrg seorang pebisnis bkn pemimpin
18009888671884140,2026-05-23T00:36:48+00:00,0,https://www.instagram.com/reel/DYmu1e6PyWi/,https://www.instagram.com/reel/DYmu1e6PyWi/?comment_id=18009888671884140,scraping_instagram,abyour_fave,Tolong ada yang tag Bapak2 gemoy itu
18090966683355167,2026-05-23T00:36:08+00:00,0,https://www.instagram.com/reel/DYmu1e6PyWi/,https://www.instagram.com/reel/DYmu1e6PyWi/?comment_id=18090966683355167,scraping_instagram,kurniadwi_lestari,😢
18083731313395119,2026-05-23T00:35:08+00:00,0,https://www.instagram.com/reel/DYmu1e6PyWi/,https://www.instagram.com/reel/DYmu1e6PyWi/?comment_id=18083731313395119,scraping_instagram,pj.lekat6,😭😭😭😭😭😭😭
17898753408444925,2026-05-23T00:33:46+00:00,0,https://www.instagram.com/reel/DYmu1e6PyWi/,https://www.instagram.com/reel/DYmu1e6PyWi/?comment_id=17898753408444925,scraping_instagram,opiksmr,Ya Allah selamatkan Negeri Indonesia ini dari Para Pemimpin Zholim
18087467759171098,2026-05-23T00:27:39+00:00,0,https://www.instagram.com/reel/DYmu1e6PyWi/,https://www.instagram.com/reel/DYmu1e6PyWi/?comment_id=18087467759171098,scraping_instagram,purwati196504,😭😭😭😭😭
18106532854745750,2026-05-23T00:27:35+00:00,0,https://www.instagram.com/reel/DYmu1e6PyWi/,https://www.instagram.com/reel/DYmu1e6PyWi/?comment_id=18106532854745750,scraping_instagram,atoy10964,Pemimpin yg hanya bsa menyenangkan para pejabatnya ga peduli dg rakyatnya
17968326360071265,2026-05-23T00:27:01+00:00,1,https://www.instagram.com/reel/DYmu1e6PyWi/,https://www.instagram.com/reel/DYmu1e6PyWi/?comment_id=17968326360071265,scraping_instagram,adindahayyunurani,@anandahayyun
18611296942039106,2026-05-23T00:25:13+00:00,0,https://www.instagram.com/reel/DYmu1e6PyWi/,https://www.instagram.com/reel/DYmu1e6PyWi/?comment_id=18611296942039106,scraping_instagram,wyurisani,Mana mukanya kebagusan ilustrasinya😢
18008703026861891,2026-05-23T00:23:15+00:00,0,https://www.instagram.com/reel/DYmu1e6PyWi/,https://www.instagram.com/reel/DYmu1e6PyWi/?comment_id=18008703026861891,scraping_instagram,sofi17496,Bubarkan MBG+ koperasi merah putih
17867178180653355,2026-05-23T00:23:10+00:00,0,https://www.instagram.com/reel/DYmu1e6PyWi/,https://www.instagram.com/reel/DYmu1e6PyWi/?comment_id=17867178180653355,scraping_instagram,penguinindologistik,Cok
18009085229722621,2026-05-23T00:22:22+00:00,0,https://www.instagram.com/reel/DYmu1e6PyWi/,https://www.instagram.com/reel/DYmu1e6PyWi/?comment_id=18009085229722621,scraping_instagram,norez_agenskincare,nangis bgttt 😭
17899361871444033,2026-05-23T00:21:03+00:00,0,https://www.instagram.com/reel/DYmu1e6PyWi/,https://www.instagram.com/reel/DYmu1e6PyWi/?comment_id=17899361871444033,scraping_instagram,liana.sitompul,joged2 sambil live biar di sawer mawar.. 😂
18103963352053054,2026-05-23T00:18:19+00:00,1,https://www.instagram.com/reel/DYmu1e6PyWi/,https://www.instagram.com/reel/DYmu1e6PyWi/?comment_id=18103963352053054,scraping_instagram,jk_____________repan,
18108620954340479,2026-05-23T00:16:52+00:00,0,https://www.instagram.com/reel/DYmu1e6PyWi/,https://www.instagram.com/reel/DYmu1e6PyWi/?comment_id=18108620954340479,scraping_instagram,tanjungarliani,Sindiran Alus ntuk parabowo ny.wajr la Prabowo menyanjung dolar.karn dolar ny menumpuk digudang MBG 😂
18120884752655510,2026-05-23T00:15:56+00:00,0,https://www.instagram.com/reel/DYmu1e6PyWi/,https://www.instagram.com/reel/DYmu1e6PyWi/?comment_id=18120884752655510,scraping_instagram,ria_rayy,"Gk pernah sekecewa ini 😢 pak, program bapak itu membutuhkan banyak sekali dana pak di tengah perang selat hormus pak,,tolong di cut pak program dan bawahan gk becus itu biar mata uang kita bisa kuat lagi pak 😢 harga barang di pedalaman ini sudah melambung tinggi pak 😢😢😢"
17910577638406140,2026-05-23T00:15:46+00:00,0,https://www.instagram.com/reel/DYmu1e6PyWi/,https://www.instagram.com/reel/DYmu1e6PyWi/?comment_id=17910577638406140,scraping_instagram,interisti_15,😢😢😢
18085681763100989,2026-05-23T00:15:05+00:00,0,https://www.instagram.com/reel/DYmu1e6PyWi/,https://www.instagram.com/reel/DYmu1e6PyWi/?comment_id=18085681763100989,scraping_instagram,hasmina_manente,"Maaf bagi orang yang tidak bersih otaknya sangat geger sekarang ,karna semua para keruptor. Tertangkap  satu persatu jHebat indo maju"
18004563143869922,2026-05-23T00:14:07+00:00,0,https://www.instagram.com/reel/DYmu1e6PyWi/,https://www.instagram.com/reel/DYmu1e6PyWi/?comment_id=18004563143869922,scraping_instagram,novirita25,Ya Allah musnahkan lah orang2 yang menyiksa rakyatnya😭😭😭
18153007291472296,2026-05-23T00:13:30+00:00,0,https://www.instagram.com/reel/DYmu1e6PyWi/,https://www.instagram.com/reel/DYmu1e6PyWi/?comment_id=18153007291472296,scraping_instagram,wina_r_sambas,"harga minyak goreng,beras,lauk pauk sembako tertinggi di jmn pleciden plabowo 😡😡😡"
18065627177391189,2026-05-23T00:12:50+00:00,0,https://www.instagram.com/reel/DYmu1e6PyWi/,https://www.instagram.com/reel/DYmu1e6PyWi/?comment_id=18065627177391189,scraping_instagram,lasdanproperty,Yg perlu ditinjau masyarakatnya .... Knapa diam dan seakan akan menikmati .
17926588812324334,2026-05-23T00:12:19+00:00,1,https://www.instagram.com/reel/DYmu1e6PyWi/,https://www.instagram.com/reel/DYmu1e6PyWi/?comment_id=17926588812324334,scraping_instagram,master.salsabilla,@qhimroqhim 😭
18116469712805869,2026-05-23T00:05:34+00:00,0,https://www.instagram.com/reel/DYmu1e6PyWi/,https://www.instagram.com/reel/DYmu1e6PyWi/?comment_id=18116469712805869,scraping_instagram,jovitasoemarto,Ga pernah semuak ini sama presiden!!
17890265466475636,2026-05-23T00:05:12+00:00,0,https://www.instagram.com/reel/DYmu1e6PyWi/,https://www.instagram.com/reel/DYmu1e6PyWi/?comment_id=17890265466475636,scraping_instagram,ana_ellosyahanna,Kesel banget😭
17970411300058792,2026-05-23T00:05:00+00:00,0,https://www.instagram.com/reel/DYmu1e6PyWi/,https://www.instagram.com/reel/DYmu1e6PyWi/?comment_id=17970411300058792,scraping_instagram,sriindriyati23,Amit amit jabang bayi
18042459428787923,2026-05-23T00:04:59+00:00,0,https://www.instagram.com/reel/DYmu1e6PyWi/,https://www.instagram.com/reel/DYmu1e6PyWi/?comment_id=18042459428787923,scraping_instagram,kiki_rizhasy,Presiden tergagal sepanjang sejarah
18153748486462771,2026-05-23T00:04:03+00:00,0,https://www.instagram.com/reel/DYmu1e6PyWi/,https://www.instagram.com/reel/DYmu1e6PyWi/?comment_id=18153748486462771,scraping_instagram,ahdiyatirobby,"Apa enaknya jadi orang kaya dan jabatan kehormatan jika dengan mendzalimi orang lain? Astagfirullah

Naudzubillahi min dzalik"
18001746608756175,2026-05-23T00:03:38+00:00,0,https://www.instagram.com/reel/DYmu1e6PyWi/,https://www.instagram.com/reel/DYmu1e6PyWi/?comment_id=18001746608756175,scraping_instagram,danuarifin,Ngising beling blok😂
17998621325938195,2026-05-23T00:03:06+00:00,0,https://www.instagram.com/reel/DYmu1e6PyWi/,https://www.instagram.com/reel/DYmu1e6PyWi/?comment_id=17998621325938195,scraping_instagram,raisadli24,
18438044560191629,2026-05-23T00:02:40+00:00,0,https://www.instagram.com/reel/DYmu1e6PyWi/,https://www.instagram.com/reel/DYmu1e6PyWi/?comment_id=18438044560191629,scraping_instagram,titiekmeilawati,"Makan tuh yang milih karena gemoy, kasian lama nyalon nggak kepilih, yang nggak suka di pimpin sama orang Yaman. Gitu deh Indonesia tambah suram. Wapres juga nggak tau lulusan apa."
17889375471523510,2026-05-23T00:02:25+00:00,0,https://www.instagram.com/reel/DYmu1e6PyWi/,https://www.instagram.com/reel/DYmu1e6PyWi/?comment_id=17889375471523510,scraping_instagram,panggilsaja_uus,Yukkkk turunin prabowooooo yuk. Pleasee udah gerah bet
18193786429366603,2026-05-23T00:01:51+00:00,0,https://www.instagram.com/reel/DYmu1e6PyWi/,https://www.instagram.com/reel/DYmu1e6PyWi/?comment_id=18193786429366603,scraping_instagram,dianjlntr_,😮😂
17938991814226730,2026-05-22T23:58:28+00:00,0,https://www.instagram.com/reel/DYmu1e6PyWi/,https://www.instagram.com/reel/DYmu1e6PyWi/?comment_id=17938991814226730,scraping_instagram,iqbal285777,Presiden gada harga dirinya di negeri sendiri aja jadi bahan ledekan bahan hinaan 😂 diluar negri juga di cuekin di demo juga lagi😂 untung Wowo urat malunya udah putus
18096161417268530,2026-05-22T23:58:22+00:00,3,https://www.instagram.com/reel/DYmu1e6PyWi/,https://www.instagram.com/reel/DYmu1e6PyWi/?comment_id=18096161417268530,scraping_instagram,spaghetti.0,@9e.779 lama lama aku apal ni lagu😭
18103974395089694,2026-05-22T23:57:54+00:00,0,https://www.instagram.com/reel/DYmu1e6PyWi/,https://www.instagram.com/reel/DYmu1e6PyWi/?comment_id=18103974395089694,scraping_instagram,abiyyujoko,😍😍😍😍bagus banget
18083088041438682,2026-05-22T23:57:48+00:00,0,https://www.instagram.com/reel/DYmu1e6PyWi/,https://www.instagram.com/reel/DYmu1e6PyWi/?comment_id=18083088041438682,scraping_instagram,sanisanur_,Ya Allah mereka sudah dzalimm 😭
17953957356130806,2026-05-22T23:56:15+00:00,0,https://www.instagram.com/reel/DYmu1e6PyWi/,https://www.instagram.com/reel/DYmu1e6PyWi/?comment_id=17953957356130806,scraping_instagram,boy.9455,anak tk aja paham bos bos
17861288727634526,2026-05-22T23:55:57+00:00,0,https://www.instagram.com/reel/DYmu1e6PyWi/,https://www.instagram.com/reel/DYmu1e6PyWi/?comment_id=17861288727634526,scraping_instagram,sriutaminunuk,Pea nich si gemoy
18129274945594200,2026-05-22T23:53:21+00:00,0,https://www.instagram.com/reel/DYmu1e6PyWi/,https://www.instagram.com/reel/DYmu1e6PyWi/?comment_id=18129274945594200,scraping_instagram,kasmono2026,Tidak memilih tapi ikut menanggung akibat nya
17909805645219468,2026-05-22T23:51:34+00:00,0,https://www.instagram.com/reel/DYmu1e6PyWi/,https://www.instagram.com/reel/DYmu1e6PyWi/?comment_id=17909805645219468,scraping_instagram,sangketutastawa1,👍👍👍👍🙏🏻🙏🏻🙏🏻❤️❤️❤️
18072511184320956,2026-05-22T23:51:20+00:00,0,https://www.instagram.com/reel/DYmu1e6PyWi/,https://www.instagram.com/reel/DYmu1e6PyWi/?comment_id=18072511184320956,scraping_instagram,isyfa.mci,LENGSERKAN SAJAA 😂
18027578231647412,2026-05-22T23:50:38+00:00,0,https://www.instagram.com/reel/DYmu1e6PyWi/,https://www.instagram.com/reel/DYmu1e6PyWi/?comment_id=18027578231647412,scraping_instagram,al.capone922,😂😂😂😂
17878198539452989,2026-05-22T23:48:54+00:00,0,https://www.instagram.com/reel/DYmu1e6PyWi/,https://www.instagram.com/reel/DYmu1e6PyWi/?comment_id=17878198539452989,scraping_instagram,meutia_samsudin,"Inilah klo dapet jadi presiden hasil nyolong suara, ga berkah, dihina dihujat Sana sini, muka tembok"
18025886312827781,2026-05-22T23:48:45+00:00,0,https://www.instagram.com/reel/DYmu1e6PyWi/,https://www.instagram.com/reel/DYmu1e6PyWi/?comment_id=18025886312827781,scraping_instagram,haifa_syahida2025,Ok gasss....ok gass....🤦‍♀️🤦‍♀️🤦‍♀️
18082409063161843,2026-05-22T23:47:22+00:00,0,https://www.instagram.com/reel/DYmu1e6PyWi/,https://www.instagram.com/reel/DYmu1e6PyWi/?comment_id=18082409063161843,scraping_instagram,komi_susahkomunikasi,Percuma @prabowo gak bakal lihat
18036150545796006,2026-05-22T23:46:28+00:00,1,https://www.instagram.com/reel/DYmu1e6PyWi/,https://www.instagram.com/reel/DYmu1e6PyWi/?comment_id=18036150545796006,scraping_instagram,twcp123,
17952370100979551,2026-05-22T23:45:44+00:00,0,https://www.instagram.com/reel/DYmu1e6PyWi/,https://www.instagram.com/reel/DYmu1e6PyWi/?comment_id=17952370100979551,scraping_instagram,rusiayadi,Kita negara berkembang pasti di goyang sama negara maju
18109442669506658,2026-05-22T23:45:36+00:00,0,https://www.instagram.com/reel/DYmu1e6PyWi/,https://www.instagram.com/reel/DYmu1e6PyWi/?comment_id=18109442669506658,scraping_instagram,_dwialfionita_,Rakyat selucu ini masih aja Dizolimi pejabat 😭
18116328064767401,2026-05-22T23:44:33+00:00,0,https://www.instagram.com/reel/DYmu1e6PyWi/,https://www.instagram.com/reel/DYmu1e6PyWi/?comment_id=18116328064767401,scraping_instagram,sonyirawan129,😭
18122595757569988,2026-05-22T23:42:47+00:00,0,https://www.instagram.com/reel/DYmu1e6PyWi/,https://www.instagram.com/reel/DYmu1e6PyWi/?comment_id=18122595757569988,scraping_instagram,arcerhan,Al- Fatihah kagem eyang Habibie Ainun
18081947990148067,2026-05-22T23:40:53+00:00,0,https://www.instagram.com/reel/DYmu1e6PyWi/,https://www.instagram.com/reel/DYmu1e6PyWi/?comment_id=18081947990148067,scraping_instagram,resa_safrida,😭😭😭
17888768853544508,2026-05-22T23:40:14+00:00,0,https://www.instagram.com/reel/DYmu1e6PyWi/,https://www.instagram.com/reel/DYmu1e6PyWi/?comment_id=17888768853544508,scraping_instagram,fauziiah_ulfah,🔥
17862208395632309,2026-05-22T23:38:56+00:00,0,https://www.instagram.com/reel/DYmu1e6PyWi/,https://www.instagram.com/reel/DYmu1e6PyWi/?comment_id=17862208395632309,scraping_instagram,kuanghauw,Yang ini bukan pemerintah tapi kelompok begal negeri.
17934049173254881,2026-05-22T23:37:20+00:00,0,https://www.instagram.com/reel/DYmu1e6PyWi/,https://www.instagram.com/reel/DYmu1e6PyWi/?comment_id=17934049173254881,scraping_instagram,jo_vy87,Melaju ke 20rb
18099705040858625,2026-05-22T23:37:15+00:00,0,https://www.instagram.com/reel/DYmu1e6PyWi/,https://www.instagram.com/reel/DYmu1e6PyWi/?comment_id=18099705040858625,scraping_instagram,birmanwarganegara,"Sebaiknya prabowo gobran mundur kondisi negara sdh babak belur, harus punya rasa malu, telah gagal dan aegera di audit, lalau salah harus dipenjarakan beserta jokowi dan termulnya"
18341276995169660,2026-05-22T23:33:53+00:00,0,https://www.instagram.com/reel/DYmu1e6PyWi/,https://www.instagram.com/reel/DYmu1e6PyWi/?comment_id=18341276995169660,scraping_instagram,eftin_im,Izin post di story ig
17948280116996816,2026-05-22T23:32:48+00:00,0,https://www.instagram.com/reel/DYmu1e6PyWi/,https://www.instagram.com/reel/DYmu1e6PyWi/?comment_id=17948280116996816,scraping_instagram,hasyimadenan04,Bagus lagu nya lanjut dan viralkan
17868866907680506,2026-05-22T23:31:20+00:00,0,https://www.instagram.com/reel/DYmu1e6PyWi/,https://www.instagram.com/reel/DYmu1e6PyWi/?comment_id=17868866907680506,scraping_instagram,radio_dulu,Moy gemoy... Gemoy.. gemoy lagiii.... Get joget...joget..joget lagiii.. asyemmm
18116438407795068,2026-05-22T23:30:32+00:00,0,https://www.instagram.com/reel/DYmu1e6PyWi/,https://www.instagram.com/reel/DYmu1e6PyWi/?comment_id=18116438407795068,scraping_instagram,imdaniora,Barisan skit hati antek soros gencar bkin narasi krn tdk dpt tumbangkn pak PS sgla cara di lakoni 😂
18034784915796322,2026-05-22T23:29:19+00:00,0,https://www.instagram.com/reel/DYmu1e6PyWi/,https://www.instagram.com/reel/DYmu1e6PyWi/?comment_id=18034784915796322,scraping_instagram,iiq_cute,😢😢
18044536337563954,2026-05-22T23:27:43+00:00,0,https://www.instagram.com/reel/DYmu1e6PyWi/,https://www.instagram.com/reel/DYmu1e6PyWi/?comment_id=18044536337563954,scraping_instagram,ade_sri_seftiyani,😂😂😂
18081722771388684,2026-05-22T23:27:24+00:00,0,https://www.instagram.com/reel/DYmu1e6PyWi/,https://www.instagram.com/reel/DYmu1e6PyWi/?comment_id=18081722771388684,scraping_instagram,herianmessakh1806,nyesel pilih prabowo jdi nya klo tau bakal begini si wowo
18098537330152421,2026-05-22T23:26:59+00:00,0,https://www.instagram.com/reel/DYmu1e6PyWi/,https://www.instagram.com/reel/DYmu1e6PyWi/?comment_id=18098537330152421,scraping_instagram,wildaayuuu_,"perasaan gua gak pernah follow akun ini, kenapa tiba-tiba ni akun ada di following gue dan muncul di beranda gue? jangan² ni akun followers nya beli😮 auto unfollow deh klo gitu"
18094243685245627,2026-05-22T23:25:22+00:00,0,https://www.instagram.com/reel/DYmu1e6PyWi/,https://www.instagram.com/reel/DYmu1e6PyWi/?comment_id=18094243685245627,scraping_instagram,ovi_damayantii,Gak usah belanja atau ramekan kopdes2 itu biarin sepi pelanggan biar ditutup Krn g ada yg beli
17982176171840225,2026-05-22T23:24:27+00:00,0,https://www.instagram.com/reel/DYmu1e6PyWi/,https://www.instagram.com/reel/DYmu1e6PyWi/?comment_id=17982176171840225,scraping_instagram,dilanajih_,"@prabowo , @gibran_rakabuming , @jokowi ,"
18409316209198415,2026-05-22T23:17:59+00:00,0,https://www.instagram.com/reel/DYmu1e6PyWi/,https://www.instagram.com/reel/DYmu1e6PyWi/?comment_id=18409316209198415,scraping_instagram,utarishazan,"Alangkah lucunya negeri ini , mirissss"
17945950425189579,2026-05-22T23:17:52+00:00,0,https://www.instagram.com/reel/DYmu1e6PyWi/,https://www.instagram.com/reel/DYmu1e6PyWi/?comment_id=17945950425189579,scraping_instagram,leonardomongdong,Mie Gacoan pasti kerasa sih sama FnB bahan dasar tepung terigu
17924109891344681,2026-05-22T23:17:52+00:00,0,https://www.instagram.com/reel/DYmu1e6PyWi/,https://www.instagram.com/reel/DYmu1e6PyWi/?comment_id=17924109891344681,scraping_instagram,trannnsufrr,Kok pd Diam aj ya biasa nya pd demo nya cepet banget semua pd naik Heran saya
17909707920406411,2026-05-22T23:14:26+00:00,1,https://www.instagram.com/reel/DYmu1e6PyWi/,https://www.instagram.com/reel/DYmu1e6PyWi/?comment_id=17909707920406411,scraping_instagram,masboy5557,OMG 😭😭😭😭😭
18109615280482013,2026-05-22T23:13:10+00:00,0,https://www.instagram.com/reel/DYmu1e6PyWi/,https://www.instagram.com/reel/DYmu1e6PyWi/?comment_id=18109615280482013,scraping_instagram,lollymartinamartief,😂
18008866103916436,2026-05-22T23:10:38+00:00,0,https://www.instagram.com/reel/DYmu1e6PyWi/,https://www.instagram.com/reel/DYmu1e6PyWi/?comment_id=18008866103916436,scraping_instagram,ali_haidar191,DITUNGGU REFORMASI JILID II NYA🔥🔥🔥AYO RAKYAT INDONESIA BERSATU🔥🔥🔥FREE INDONESIA🇮🇩
17973290787044737,2026-05-22T23:09:20+00:00,0,https://www.instagram.com/reel/DYmu1e6PyWi/,https://www.instagram.com/reel/DYmu1e6PyWi/?comment_id=17973290787044737,scraping_instagram,lisnauly,Ini serius dukun segini banyak di Konoha ga ada yg mau nyantet dia apa?
18110869171912837,2026-05-22T23:08:10+00:00,0,https://www.instagram.com/reel/DYmu1e6PyWi/,https://www.instagram.com/reel/DYmu1e6PyWi/?comment_id=18110869171912837,scraping_instagram,hakim_tanpa_palu,Berak😂
18019428944834464,2026-05-22T23:05:52+00:00,0,https://www.instagram.com/reel/DYmu1e6PyWi/,https://www.instagram.com/reel/DYmu1e6PyWi/?comment_id=18019428944834464,scraping_instagram,tiara.naila.0207,😭😭
18391644148081184,2026-05-22T23:03:55+00:00,2,https://www.instagram.com/reel/DYmu1e6PyWi/,https://www.instagram.com/reel/DYmu1e6PyWi/?comment_id=18391644148081184,scraping_instagram,adisuryono2663,Lengserkan semuanya.... revolusi rakyat mulai..
18070689572693820,2026-05-22T23:03:19+00:00,0,https://www.instagram.com/reel/DYmu1e6PyWi/,https://www.instagram.com/reel/DYmu1e6PyWi/?comment_id=18070689572693820,scraping_instagram,widdssa,kalo prabowo membanggakan MBG padahal dia tau itu adalah KORUP TERANG*AN HERAN YAAAA APA KOMEN MANUSIA SEBANYAK INI GA MASUK KE KUPINGGGG 😭😭 DAN HERAN NYA ORG INDO MALAH MEMPERTAHANKAN MBG PADAHAL JUJURLY ITU GA GUNA MENURUT GUEE😭😭 mending bpjs di permudah pendidikan ditambah bukan soal peruttt satu indonesia di urusin bpjs sejaterah pendidikan oke bahan pangan murah gue yakin org tua masib mampu kasih anaknya makan meskipun hanya telor ceplok to gue yakin itu pasti abis kemakan dripada lauk pauk yg banyak sppg nya bawa plg karena sengaja masak banyak heran heran konoha😭😭
18104113603890911,2026-05-22T23:02:08+00:00,0,https://www.instagram.com/reel/DYmu1e6PyWi/,https://www.instagram.com/reel/DYmu1e6PyWi/?comment_id=18104113603890911,scraping_instagram,anggrainioctaviani17,Beneran lagunya enak weh ampe joged joged sambil nangis😭😭😭😭
18100060724034351,2026-05-22T22:58:44+00:00,0,https://www.instagram.com/reel/DYmu1e6PyWi/,https://www.instagram.com/reel/DYmu1e6PyWi/?comment_id=18100060724034351,scraping_instagram,yuli_anggraeni96,Bb
17921114175359928,2026-05-22T22:58:39+00:00,0,https://www.instagram.com/reel/DYmu1e6PyWi/,https://www.instagram.com/reel/DYmu1e6PyWi/?comment_id=17921114175359928,scraping_instagram,mieayam_racer18,MEDIA PENYEPONG SOROS DAN ANIS KONTOL
17968164153100360,2026-05-22T22:54:32+00:00,1,https://www.instagram.com/reel/DYmu1e6PyWi/,https://www.instagram.com/reel/DYmu1e6PyWi/?comment_id=17968164153100360,scraping_instagram,az.ka313,Presiden GILA
17984993801829414,2026-05-22T22:53:36+00:00,0,https://www.instagram.com/reel/DYmu1e6PyWi/,https://www.instagram.com/reel/DYmu1e6PyWi/?comment_id=17984993801829414,scraping_instagram,rina_mediasari,🖤🖤🖤🖤🖤🖤💔💔🇮🇩🇮🇩🇮🇩🇮🇩🇮🇩🇮🇩🇮🇩🇮🇩🇮🇩
17918593941360557,2026-05-22T22:49:43+00:00,0,https://www.instagram.com/reel/DYmu1e6PyWi/,https://www.instagram.com/reel/DYmu1e6PyWi/?comment_id=17918593941360557,scraping_instagram,khoirulfl,Ada buzzer dedi kokbuset😂
17934012204256854,2026-05-22T22:49:10+00:00,0,https://www.instagram.com/reel/DYmu1e6PyWi/,https://www.instagram.com/reel/DYmu1e6PyWi/?comment_id=17934012204256854,scraping_instagram,zamrinaaziz,Contoh  Kekayaan Negara Tak Mampu Di Kelola...Pemecah Rekor Sepanjang Kemerdekaan.17...1 USD....
17855792988662708,2026-05-22T22:46:40+00:00,0,https://www.instagram.com/reel/DYmu1e6PyWi/,https://www.instagram.com/reel/DYmu1e6PyWi/?comment_id=17855792988662708,scraping_instagram,sutia3043,rakyat bersatu lawan ga usa bayar pajak
18112879495888573,2026-05-22T22:45:15+00:00,16,https://www.instagram.com/reel/DYmu1e6PyWi/,https://www.instagram.com/reel/DYmu1e6PyWi/?comment_id=18112879495888573,scraping_instagram,siti_mardiah999,"Bubarkan MBG . Makzulkan Prabowo Gibran. Joged"" diatas penderitaan rakyat. Semoga tumbang ya Allah. Aamiin"
18161820886447996,2026-05-22T22:44:55+00:00,7,https://www.instagram.com/reel/DYmu1e6PyWi/,https://www.instagram.com/reel/DYmu1e6PyWi/?comment_id=18161820886447996,scraping_instagram,betasikumbang,LAGUNYA COCOK UTK PEMIMPIN LANSIA
18129510691581887,2026-05-22T22:44:49+00:00,0,https://www.instagram.com/reel/DYmu1e6PyWi/,https://www.instagram.com/reel/DYmu1e6PyWi/?comment_id=18129510691581887,scraping_instagram,hernie.s,"Smg segra diberikan azab pemimpin2 yg sdh dzolim pada negara & rakyatnya , Aamiin yaa Allaah.."
17860823766634550,2026-05-22T22:44:34+00:00,0,https://www.instagram.com/reel/DYmu1e6PyWi/,https://www.instagram.com/reel/DYmu1e6PyWi/?comment_id=17860823766634550,scraping_instagram,rofiah027,Semoga Allah segera  mempersatukan rakyat indonesia utk melawan pemerintah yg dzolim menindas rakyatnya.
18168110032427587,2026-05-22T22:41:09+00:00,0,https://www.instagram.com/reel/DYmu1e6PyWi/,https://www.instagram.com/reel/DYmu1e6PyWi/?comment_id=18168110032427587,scraping_instagram,bus.mi.1,😮😮😮😮😮
18092876174260873,2026-05-22T22:40:49+00:00,1,https://www.instagram.com/reel/DYmu1e6PyWi/,https://www.instagram.com/reel/DYmu1e6PyWi/?comment_id=18092876174260873,scraping_instagram,ade_chandra_k,Presiden terburuk dlm sejarah Indonesia
18103711492890879,2026-05-22T22:40:48+00:00,0,https://www.instagram.com/reel/DYmu1e6PyWi/,https://www.instagram.com/reel/DYmu1e6PyWi/?comment_id=18103711492890879,scraping_instagram,ted_jo_juwana,Innaalillaahi wainnailaihi rooji'uun
17969489364060779,2026-05-22T22:35:04+00:00,0,https://www.instagram.com/reel/DYmu1e6PyWi/,https://www.instagram.com/reel/DYmu1e6PyWi/?comment_id=17969489364060779,scraping_instagram,ayuniziva86,😢
18108277372905329,2026-05-22T22:33:05+00:00,0,https://www.instagram.com/reel/DYmu1e6PyWi/,https://www.instagram.com/reel/DYmu1e6PyWi/?comment_id=18108277372905329,scraping_instagram,iseindri,@styaarbanio
18039326834598063,2026-05-22T22:32:43+00:00,1,https://www.instagram.com/reel/DYmu1e6PyWi/,https://www.instagram.com/reel/DYmu1e6PyWi/?comment_id=18039326834598063,scraping_instagram,eminarsih36,Semakin kedepan Indonesia semakin hancur dipimpin serakah 😮
17868445641682604,2026-05-22T22:29:36+00:00,0,https://www.instagram.com/reel/DYmu1e6PyWi/,https://www.instagram.com/reel/DYmu1e6PyWi/?comment_id=17868445641682604,scraping_instagram,faridngaranuing,😂😂😂😂😂
17949710982160949,2026-05-22T22:27:40+00:00,0,https://www.instagram.com/reel/DYmu1e6PyWi/,https://www.instagram.com/reel/DYmu1e6PyWi/?comment_id=17949710982160949,scraping_instagram,nia_ramadania,😭😭😭 ya allah
18097507379157432,2026-05-22T22:20:30+00:00,1,https://www.instagram.com/reel/DYmu1e6PyWi/,https://www.instagram.com/reel/DYmu1e6PyWi/?comment_id=18097507379157432,scraping_instagram,wnw.nest,
17914810065380951,2026-05-22T22:18:52+00:00,1,https://www.instagram.com/reel/DYmu1e6PyWi/,https://www.instagram.com/reel/DYmu1e6PyWi/?comment_id=17914810065380951,scraping_instagram,ikadekpramana,@garry.adnyana
18096757658363145,2026-05-22T22:16:18+00:00,2,https://www.instagram.com/reel/DYmu1e6PyWi/,https://www.instagram.com/reel/DYmu1e6PyWi/?comment_id=18096757658363145,scraping_instagram,anjarwidyan,Prabowo stupid nya ya kebangetan
18127715122609390,2026-05-22T22:14:59+00:00,0,https://www.instagram.com/reel/DYmu1e6PyWi/,https://www.instagram.com/reel/DYmu1e6PyWi/?comment_id=18127715122609390,scraping_instagram,marufwidodo,@prabowo @prabowo.gibran2 @prabowogibran @mediaprabowo INI KEREN WO. LU HARUS LIAT INI🤏🏼
18116606884692228,2026-05-22T22:12:35+00:00,3,https://www.instagram.com/reel/DYmu1e6PyWi/,https://www.instagram.com/reel/DYmu1e6PyWi/?comment_id=18116606884692228,scraping_instagram,nikadekrinie,"Benci bgt sumpah gw k si gendut, bikin hancur konoha"
17937488829057831,2026-05-22T22:06:42+00:00,0,https://www.instagram.com/reel/DYmu1e6PyWi/,https://www.instagram.com/reel/DYmu1e6PyWi/?comment_id=17937488829057831,scraping_instagram,astriedwahid,Baru kali ini pemimpin yg selalu dihujat oleh rakyatnya
18102198416059419,2026-05-22T22:02:30+00:00,0,https://www.instagram.com/reel/DYmu1e6PyWi/,https://www.instagram.com/reel/DYmu1e6PyWi/?comment_id=18102198416059419,scraping_instagram,nuurassyafii,😢😢😢
18104092327796284,2026-05-22T21:59:17+00:00,0,https://www.instagram.com/reel/DYmu1e6PyWi/,https://www.instagram.com/reel/DYmu1e6PyWi/?comment_id=18104092327796284,scraping_instagram,wahidwsp,Awas ilang bro 😂
18588627310014097,2026-05-22T21:59:16+00:00,0,https://www.instagram.com/reel/DYmu1e6PyWi/,https://www.instagram.com/reel/DYmu1e6PyWi/?comment_id=18588627310014097,scraping_instagram,ike.harun,Astagfirullhalaladim
18029388758684676,2026-05-22T21:44:42+00:00,0,https://www.instagram.com/reel/DYmu1e6PyWi/,https://www.instagram.com/reel/DYmu1e6PyWi/?comment_id=18029388758684676,scraping_instagram,heldawati7365,Ya Allah astakhfirollah
17867416278545345,2026-05-22T21:03:55+00:00,4,https://www.instagram.com/reel/DYmu1e6PyWi/,https://www.instagram.com/reel/DYmu1e6PyWi/?comment_id=17867416278545345,scraping_instagram,shalom_degei19,Kapan dia digulingkan !!!
17873169699611143,2026-05-22T20:58:12+00:00,0,https://www.instagram.com/reel/DYmu1e6PyWi/,https://www.instagram.com/reel/DYmu1e6PyWi/?comment_id=17873169699611143,scraping_instagram,wahyuditi7,Astaghfirullah pak Prabowo Subianto
18116420755701654,2026-05-22T20:57:25+00:00,0,https://www.instagram.com/reel/DYmu1e6PyWi/,https://www.instagram.com/reel/DYmu1e6PyWi/?comment_id=18116420755701654,scraping_instagram,indraagusprastomo,😂😂
18094188731189409,2026-05-22T20:49:52+00:00,3,https://www.instagram.com/reel/DYmu1e6PyWi/,https://www.instagram.com/reel/DYmu1e6PyWi/?comment_id=18094188731189409,scraping_instagram,hdp.gallery,"Apa"" Juga kalau dimulai dengan cara yang kotor akan berakhir dengan berantakan...."
17903728833263681,2026-05-22T20:40:54+00:00,0,https://www.instagram.com/reel/DYmu1e6PyWi/,https://www.instagram.com/reel/DYmu1e6PyWi/?comment_id=17903728833263681,scraping_instagram,dedyjohannes,Izin repost kang
18116379742754341,2026-05-22T20:25:54+00:00,0,https://www.instagram.com/reel/DYmu1e6PyWi/,https://www.instagram.com/reel/DYmu1e6PyWi/?comment_id=18116379742754341,scraping_instagram,garudamerpati,7
18065626511437392,2026-05-22T20:19:14+00:00,0,https://www.instagram.com/reel/DYmu1e6PyWi/,https://www.instagram.com/reel/DYmu1e6PyWi/?comment_id=18065626511437392,scraping_instagram,marcellapricilia,"Wkwkwkw postingan beginian lah yg susah Negara utk maju, dollar tinggi gak tau sebabnya knp dan tdk mencari tau dampak positif nya apa. Belanja jg msh ikan asin sok sok an ngomongin dollar 😂"
18317139727279552,2026-05-22T19:58:18+00:00,0,https://www.instagram.com/reel/DYmu1e6PyWi/,https://www.instagram.com/reel/DYmu1e6PyWi/?comment_id=18317139727279552,scraping_instagram,_rifaldylubis,Mana nii 58% yg ikutan fomo tolol
18104261899999743,2026-05-22T19:58:09+00:00,0,https://www.instagram.com/reel/DYmu1e6PyWi/,https://www.instagram.com/reel/DYmu1e6PyWi/?comment_id=18104261899999743,scraping_instagram,dewaputusandia,Plwsiran keluar negeri
18119264110668378,2026-05-22T19:40:09+00:00,0,https://www.instagram.com/reel/DYmu1e6PyWi/,https://www.instagram.com/reel/DYmu1e6PyWi/?comment_id=18119264110668378,scraping_instagram,zfrnst30,💗
17935335930274509,2026-05-22T19:35:15+00:00,0,https://www.instagram.com/reel/DYmu1e6PyWi/,https://www.instagram.com/reel/DYmu1e6PyWi/?comment_id=17935335930274509,scraping_instagram,rusydansuhail,
18108252310781895,2026-05-22T19:20:44+00:00,0,https://www.instagram.com/reel/DYmu1e6PyWi/,https://www.instagram.com/reel/DYmu1e6PyWi/?comment_id=18108252310781895,scraping_instagram,hey_arief,Oke gas Oke gass🔥
17963947398094866,2026-05-22T19:18:34+00:00,0,https://www.instagram.com/reel/DYmu1e6PyWi/,https://www.instagram.com/reel/DYmu1e6PyWi/?comment_id=17963947398094866,scraping_instagram,nuruul_17,K
17984331344830671,2026-05-22T19:14:36+00:00,0,https://www.instagram.com/reel/DYmu1e6PyWi/,https://www.instagram.com/reel/DYmu1e6PyWi/?comment_id=17984331344830671,scraping_instagram,esa999000,Dia nyimak gak yah??
18097717691133336,2026-05-22T19:09:01+00:00,0,https://www.instagram.com/reel/DYmu1e6PyWi/,https://www.instagram.com/reel/DYmu1e6PyWi/?comment_id=18097717691133336,scraping_instagram,hiar.a.putri,Ayo rakyat bergerak Nepalkan pemimpin pemimpin yang zolim ke pada rakyatnya
17875497687607674,2026-05-22T19:02:39+00:00,0,https://www.instagram.com/reel/DYmu1e6PyWi/,https://www.instagram.com/reel/DYmu1e6PyWi/?comment_id=17875497687607674,scraping_instagram,alsyarif_story,@prabowo.gibran2
18114489454828429,2026-05-22T18:51:03+00:00,0,https://www.instagram.com/reel/DYmu1e6PyWi/,https://www.instagram.com/reel/DYmu1e6PyWi/?comment_id=18114489454828429,scraping_instagram,achm.ad3730,😂😂
18100787321083458,2026-05-22T18:40:05+00:00,0,https://www.instagram.com/reel/DYmu1e6PyWi/,https://www.instagram.com/reel/DYmu1e6PyWi/?comment_id=18100787321083458,scraping_instagram,nblwitryy,Gua komen d tiktok d akun partainya d serang buzzer nya anjir😭
18087110147071715,2026-05-22T18:24:30+00:00,0,https://www.instagram.com/reel/DYmu1e6PyWi/,https://www.instagram.com/reel/DYmu1e6PyWi/?comment_id=18087110147071715,scraping_instagram,yulihartati913,Kga bkln lama program tidak bermanfaat
18089780588256578,2026-05-22T18:14:09+00:00,0,https://www.instagram.com/reel/DYmu1e6PyWi/,https://www.instagram.com/reel/DYmu1e6PyWi/?comment_id=18089780588256578,scraping_instagram,shellayang,😢😢
17909630880223288,2026-05-22T18:11:52+00:00,0,https://www.instagram.com/reel/DYmu1e6PyWi/,https://www.instagram.com/reel/DYmu1e6PyWi/?comment_id=17909630880223288,scraping_instagram,widyawahyuni06,Awas min nanti dipenjara in🤫
18135054661561548,2026-05-22T18:07:30+00:00,0,https://www.instagram.com/reel/DYmu1e6PyWi/,https://www.instagram.com/reel/DYmu1e6PyWi/?comment_id=18135054661561548,scraping_instagram,billy461420,Gulingkan anjink prabowo
18116391607812261,2026-05-22T17:42:33+00:00,0,https://www.instagram.com/reel/DYmu1e6PyWi/,https://www.instagram.com/reel/DYmu1e6PyWi/?comment_id=18116391607812261,scraping_instagram,ndwnysywst,😂😂😂😂😂
18020442569839468,2026-05-22T17:40:19+00:00,0,https://www.instagram.com/reel/DYmu1e6PyWi/,https://www.instagram.com/reel/DYmu1e6PyWi/?comment_id=18020442569839468,scraping_instagram,heroehugab,Presiden g ad otk!!!!! Smoga Allah melaknat prabowo disisa hidupny nanti
18359593798229905,2026-05-22T17:32:44+00:00,0,https://www.instagram.com/reel/DYmu1e6PyWi/,https://www.instagram.com/reel/DYmu1e6PyWi/?comment_id=18359593798229905,scraping_instagram,syarifpatra_,AllahuAkbar 🔥
17884906989559000,2026-05-22T17:30:02+00:00,0,https://www.instagram.com/reel/DYmu1e6PyWi/,https://www.instagram.com/reel/DYmu1e6PyWi/?comment_id=17884906989559000,scraping_instagram,benny_h2408,😂
17877976968458263,2026-05-22T17:23:39+00:00,0,https://www.instagram.com/reel/DYmu1e6PyWi/,https://www.instagram.com/reel/DYmu1e6PyWi/?comment_id=17877976968458263,scraping_instagram,yunii.hakim,"Mdh2an mirip2 IKN,akan mangkrak ga karuan,smg Allaah SWT membalikkannya"
17932817925256727,2026-05-22T17:18:32+00:00,0,https://www.instagram.com/reel/DYmu1e6PyWi/,https://www.instagram.com/reel/DYmu1e6PyWi/?comment_id=17932817925256727,scraping_instagram,ssaayyaanngg,@prabowo
18076941860250412,2026-05-22T17:15:27+00:00,0,https://www.instagram.com/reel/DYmu1e6PyWi/,https://www.instagram.com/reel/DYmu1e6PyWi/?comment_id=18076941860250412,scraping_instagram,horea_m78,bikin tmbah muak
18066896411379558,2026-05-22T17:12:50+00:00,0,https://www.instagram.com/reel/DYmu1e6PyWi/,https://www.instagram.com/reel/DYmu1e6PyWi/?comment_id=18066896411379558,scraping_instagram,nng_tys19,"Fokus ke program baik pemerintah, tidak ada waktu untuk memecah belah bangsa dengan konten sampah seperti ini"
18130867186584497,2026-05-22T16:59:44+00:00,0,https://www.instagram.com/reel/DYmu1e6PyWi/,https://www.instagram.com/reel/DYmu1e6PyWi/?comment_id=18130867186584497,scraping_instagram,bahagiyose,Lagunya sangat mewakili
18065583428402964,2026-05-22T16:55:46+00:00,0,https://www.instagram.com/reel/DYmu1e6PyWi/,https://www.instagram.com/reel/DYmu1e6PyWi/?comment_id=18065583428402964,scraping_instagram,ainurrizki1004,😢
18102252277997201,2026-05-22T16:55:19+00:00,0,https://www.instagram.com/reel/DYmu1e6PyWi/,https://www.instagram.com/reel/DYmu1e6PyWi/?comment_id=18102252277997201,scraping_instagram,noviaqu,😔😔
17929605558273221,2026-05-22T16:52:57+00:00,0,https://www.instagram.com/reel/DYmu1e6PyWi/,https://www.instagram.com/reel/DYmu1e6PyWi/?comment_id=17929605558273221,scraping_instagram,isabella_dia07,Ngeri banget hisab Prabowo kelak 😢
18105718712488771,2026-05-22T16:49:02+00:00,0,https://www.instagram.com/reel/DYmu1e6PyWi/,https://www.instagram.com/reel/DYmu1e6PyWi/?comment_id=18105718712488771,scraping_instagram,hendra90700,Anies imigran yaman.agen CIA
18011355374855690,2026-05-22T16:46:26+00:00,0,https://www.instagram.com/reel/DYmu1e6PyWi/,https://www.instagram.com/reel/DYmu1e6PyWi/?comment_id=18011355374855690,scraping_instagram,mia.natalia.na,Jd kita pilih lagi yah president ini teman2x. Kita emang seneng dibikin sengsara 😂
17885394939393068,2026-05-22T16:46:24+00:00,0,https://www.instagram.com/reel/DYmu1e6PyWi/,https://www.instagram.com/reel/DYmu1e6PyWi/?comment_id=17885394939393068,scraping_instagram,fithas90,"Yaa Allah Berikan kami para pemimpin yg cerdas, sholeh & amanah di segala bidang, & jauhkan kami dari para pemimpin yg dz4lim, kej1, lic1k, p1cik, yg cul4s, cur4ng, k0rup..Aamiin🤲 smoga azab buat rezim koruptor & para pendukungnya 🤲"
18105545483317721,2026-05-22T16:45:45+00:00,0,https://www.instagram.com/reel/DYmu1e6PyWi/,https://www.instagram.com/reel/DYmu1e6PyWi/?comment_id=18105545483317721,scraping_instagram,herlianti_the,Sial bner dpt presiden model gini
18103686220993524,2026-05-22T16:43:22+00:00,0,https://www.instagram.com/reel/DYmu1e6PyWi/,https://www.instagram.com/reel/DYmu1e6PyWi/?comment_id=18103686220993524,scraping_instagram,rndgnd,"2029 JANGAN PILIH CALON PEMIMPIN YG PENGUSAHA/OLIGARKI/KELUARGA DINASTI/ANTEK ZIONIS LAGI SEPERTI ROLE MODEL @jokowi , @prabowo , @gibran_rakabuming dan adiknya.. KALO TERPILIH LAGI OLIGARKI, FIX PARA PEMILIHNYA GOBLOK SEMUA.. UDAH CUKUP 15 TAHUN INI DIPIMPIN OLEH ORANG YG BERKEDOK MERAKYAT UJUNG²NYA DEMI KEPENTINGAN BANGSAT OLIGARKI 👎🏼👎🏼👎🏼 WARAS LAH WARAS"
17858222358640533,2026-05-22T16:43:19+00:00,0,https://www.instagram.com/reel/DYmu1e6PyWi/,https://www.instagram.com/reel/DYmu1e6PyWi/?comment_id=17858222358640533,scraping_instagram,rndgnd,"buat kalian kaum 58%, tanggung jawab kalian dunia akhirat sudah pilih pemimpin dholim di negeri ini.. saatnya kalian koar² di medsos / turun kejalan memprotes kebijakan pemimpin yg telah kalian pilih, jangan malah diam atau malah ngarep orang lain yg maju, goblok itu namanya 👎🏼👎🏼👎🏼"
18364129465230578,2026-05-22T16:28:18+00:00,0,https://www.instagram.com/reel/DYmu1e6PyWi/,https://www.instagram.com/reel/DYmu1e6PyWi/?comment_id=18364129465230578,scraping_instagram,nanisri1109,Ngena banget 👍
17867241267546062,2026-05-22T16:28:11+00:00,0,https://www.instagram.com/reel/DYmu1e6PyWi/,https://www.instagram.com/reel/DYmu1e6PyWi/?comment_id=17867241267546062,scraping_instagram,sitijohariahh,Pak @prabowo sadar pak.
17938271241050016,2026-05-22T16:24:34+00:00,0,https://www.instagram.com/reel/DYmu1e6PyWi/,https://www.instagram.com/reel/DYmu1e6PyWi/?comment_id=17938271241050016,scraping_instagram,mahdarfatmah,Betul biar pd numpung emas
17894018820467181,2026-05-22T16:23:03+00:00,0,https://www.instagram.com/reel/DYmu1e6PyWi/,https://www.instagram.com/reel/DYmu1e6PyWi/?comment_id=17894018820467181,scraping_instagram,yantisusi1974,Anjing kok dijadikan presiden
18072386513689028,2026-05-22T16:16:59+00:00,0,https://www.instagram.com/reel/DYmu1e6PyWi/,https://www.instagram.com/reel/DYmu1e6PyWi/?comment_id=18072386513689028,scraping_instagram,harningsih27,Proyek mbg nya mbok di tutup . Biar mengurangi utang
18082216727390734,2026-05-22T16:15:11+00:00,0,https://www.instagram.com/reel/DYmu1e6PyWi/,https://www.instagram.com/reel/DYmu1e6PyWi/?comment_id=18082216727390734,scraping_instagram,rukamdi_rugenjo,Punya pemimpin tidak berpihak ke rakyat...
17952738876153681,2026-05-22T16:08:44+00:00,0,https://www.instagram.com/reel/DYmu1e6PyWi/,https://www.instagram.com/reel/DYmu1e6PyWi/?comment_id=17952738876153681,scraping_instagram,yuniarti.atik1,😂😂😂
17890218801508740,2026-05-22T16:07:42+00:00,0,https://www.instagram.com/reel/DYmu1e6PyWi/,https://www.instagram.com/reel/DYmu1e6PyWi/?comment_id=17890218801508740,scraping_instagram,lialeeelisabeth,@prabowo @gibran_rakabuming
18104022755511709,2026-05-22T15:59:54+00:00,0,https://www.instagram.com/reel/DYmu1e6PyWi/,https://www.instagram.com/reel/DYmu1e6PyWi/?comment_id=18104022755511709,scraping_instagram,rh.daden,"استغفر الله العظيم ...

إنالله وإناإليه راجعون ... 😭

نعوذ بالله من ذ لك ..."
18376931632161701,2026-05-22T15:58:47+00:00,0,https://www.instagram.com/reel/DYmu1e6PyWi/,https://www.instagram.com/reel/DYmu1e6PyWi/?comment_id=18376931632161701,scraping_instagram,ihdausria,Pgen bgt gua tusuk itu perut gendut dan wakilnya!!
17966683638112569,2026-05-22T15:58:47+00:00,0,https://www.instagram.com/reel/DYmu1e6PyWi/,https://www.instagram.com/reel/DYmu1e6PyWi/?comment_id=17966683638112569,scraping_instagram,kuma_acuu,Fyp gw jd gini semua Anj
18036233897646820,2026-05-22T15:56:34+00:00,0,https://www.instagram.com/reel/DYmu1e6PyWi/,https://www.instagram.com/reel/DYmu1e6PyWi/?comment_id=18036233897646820,scraping_instagram,ikapupuy7,Alhamdulillah bukan pilihan saya 🔥🔥😂
18109232249508863,2026-05-22T15:56:06+00:00,0,https://www.instagram.com/reel/DYmu1e6PyWi/,https://www.instagram.com/reel/DYmu1e6PyWi/?comment_id=18109232249508863,scraping_instagram,chef_rsu,Loh tau ini yg buat. Di suruh biang kerok. Ribut dan president jatuh. Dan bangsa att udah lama loh kayaiin disini. Dah ketauan makanya loh buat kaya gini. Takut loh sekarang pak prabowo pengen kaya in rakyat. Dasar pea
18394439254158070,2026-05-22T15:54:40+00:00,0,https://www.instagram.com/reel/DYmu1e6PyWi/,https://www.instagram.com/reel/DYmu1e6PyWi/?comment_id=18394439254158070,scraping_instagram,indralisa1,Penuh dg koruptor di Indonesia ... Nggak peduli dg rakyat .
18146286322497065,2026-05-22T15:52:08+00:00,0,https://www.instagram.com/reel/DYmu1e6PyWi/,https://www.instagram.com/reel/DYmu1e6PyWi/?comment_id=18146286322497065,scraping_instagram,asmarani3870,😂😂😂
18121983928646817,2026-05-22T15:47:43+00:00,0,https://www.instagram.com/reel/DYmu1e6PyWi/,https://www.instagram.com/reel/DYmu1e6PyWi/?comment_id=18121983928646817,scraping_instagram,enungsopiah_,. .
17864639310628630,2026-05-22T15:47:41+00:00,0,https://www.instagram.com/reel/DYmu1e6PyWi/,https://www.instagram.com/reel/DYmu1e6PyWi/?comment_id=17864639310628630,scraping_instagram,enungsopiah_,"We do it,N. . . .  okay?  Si aa."
18006521951863915,2026-05-22T15:47:21+00:00,0,https://www.instagram.com/reel/DYmu1e6PyWi/,https://www.instagram.com/reel/DYmu1e6PyWi/?comment_id=18006521951863915,scraping_instagram,enungsopiah_,.
18085821668454236,2026-05-22T15:47:20+00:00,0,https://www.instagram.com/reel/DYmu1e6PyWi/,https://www.instagram.com/reel/DYmu1e6PyWi/?comment_id=18085821668454236,scraping_instagram,enungsopiah_,.
18136188862550816,2026-05-22T15:47:19+00:00,0,https://www.instagram.com/reel/DYmu1e6PyWi/,https://www.instagram.com/reel/DYmu1e6PyWi/?comment_id=18136188862550816,scraping_instagram,enungsopiah_,.o .
17961552597088689,2026-05-22T15:41:15+00:00,0,https://www.instagram.com/reel/DYmu1e6PyWi/,https://www.instagram.com/reel/DYmu1e6PyWi/?comment_id=17961552597088689,scraping_instagram,melimuafa,Enakkeun bagian ini nih : tang utang utang utang utanglagi
18151934332466169,2026-05-22T15:40:13+00:00,0,https://www.instagram.com/reel/DYmu1e6PyWi/,https://www.instagram.com/reel/DYmu1e6PyWi/?comment_id=18151934332466169,scraping_instagram,windyfip,Astaghfirullah azzab seperti apa yg pantas untuk mereka. Nauzubillah
18339722494222959,2026-05-22T15:35:00+00:00,0,https://www.instagram.com/reel/DYmu1e6PyWi/,https://www.instagram.com/reel/DYmu1e6PyWi/?comment_id=18339722494222959,scraping_instagram,rumahsayarumahcinta,Pokoknya ada.
18082013258420351,2026-05-22T15:33:29+00:00,0,https://www.instagram.com/reel/DYmu1e6PyWi/,https://www.instagram.com/reel/DYmu1e6PyWi/?comment_id=18082013258420351,scraping_instagram,hellawannawawie,@prabowo @dpr_ri Pemerintah dan DPR ke  babi🐷 cuihhh apa guna kalian tai
18102465308286969,2026-05-22T15:28:33+00:00,0,https://www.instagram.com/reel/DYmu1e6PyWi/,https://www.instagram.com/reel/DYmu1e6PyWi/?comment_id=18102465308286969,scraping_instagram,bambangharyosupplychain,Haahhaaaa
18083343824451684,2026-05-22T15:28:12+00:00,0,https://www.instagram.com/reel/DYmu1e6PyWi/,https://www.instagram.com/reel/DYmu1e6PyWi/?comment_id=18083343824451684,scraping_instagram,jelitanavis,"Mereka yang pilih beliau ini dulu mikir apa sih,pdhl dulu visi misi nya dah jelas bgt bobrok nya,janji kampanye aja asbun bgt mencekik dan memeras rakyat😢"
18115927765834611,2026-05-22T15:25:02+00:00,0,https://www.instagram.com/reel/DYmu1e6PyWi/,https://www.instagram.com/reel/DYmu1e6PyWi/?comment_id=18115927765834611,scraping_instagram,dewi1_969,Amit-amit yaallaah
18099350498111529,2026-05-22T15:24:38+00:00,0,https://www.instagram.com/reel/DYmu1e6PyWi/,https://www.instagram.com/reel/DYmu1e6PyWi/?comment_id=18099350498111529,scraping_instagram,nopri_risingstar,😂😂😂
18094439171266947,2026-05-22T15:24:35+00:00,0,https://www.instagram.com/reel/DYmu1e6PyWi/,https://www.instagram.com/reel/DYmu1e6PyWi/?comment_id=18094439171266947,scraping_instagram,gerhanailalang,Kebangkitan orba gak sih
18197312944317098,2026-05-22T15:24:15+00:00,0,https://www.instagram.com/reel/DYmu1e6PyWi/,https://www.instagram.com/reel/DYmu1e6PyWi/?comment_id=18197312944317098,scraping_instagram,pmpro_media,😂😂😂😂😂😂
18075064010301183,2026-05-22T15:23:18+00:00,0,https://www.instagram.com/reel/DYmu1e6PyWi/,https://www.instagram.com/reel/DYmu1e6PyWi/?comment_id=18075064010301183,scraping_instagram,tamsil991,Turunkan sebelum makin hancur lebur
17930913213290143,2026-05-22T15:18:35+00:00,0,https://www.instagram.com/reel/DYmu1e6PyWi/,https://www.instagram.com/reel/DYmu1e6PyWi/?comment_id=17930913213290143,scraping_instagram,guritahdp,@prabowo @gerindra @gibran_rakabuming @presidenrepublikindonesia
18139641805463818,2026-05-22T15:17:46+00:00,0,https://www.instagram.com/reel/DYmu1e6PyWi/,https://www.instagram.com/reel/DYmu1e6PyWi/?comment_id=18139641805463818,scraping_instagram,yaku_zajowo,Keren min 🔥
18337886419220304,2026-05-22T15:15:49+00:00,1,https://www.instagram.com/reel/DYmu1e6PyWi/,https://www.instagram.com/reel/DYmu1e6PyWi/?comment_id=18337886419220304,scraping_instagram,ansteady_9,
17958399924121025,2026-05-22T15:13:37+00:00,0,https://www.instagram.com/reel/DYmu1e6PyWi/,https://www.instagram.com/reel/DYmu1e6PyWi/?comment_id=17958399924121025,scraping_instagram,susi.diaz.0601,8
17974117680019860,2026-05-22T15:12:49+00:00,0,https://www.instagram.com/reel/DYmu1e6PyWi/,https://www.instagram.com/reel/DYmu1e6PyWi/?comment_id=17974117680019860,scraping_instagram,abdulmuiz27,🔥
18127923082612126,2026-05-22T15:12:37+00:00,0,https://www.instagram.com/reel/DYmu1e6PyWi/,https://www.instagram.com/reel/DYmu1e6PyWi/?comment_id=18127923082612126,scraping_instagram,arindrayantoyosep,Ijin save ya min
18069790505668802,2026-05-22T15:10:36+00:00,0,https://www.instagram.com/reel/DYmu1e6PyWi/,https://www.instagram.com/reel/DYmu1e6PyWi/?comment_id=18069790505668802,scraping_instagram,natasyanrllaaa,"banyak ngurusin proyek diri sndiri dengan iming² untuk kesejahteraan masyarakat, otaknya ikut ketanam pas tanam sawit"
18135001075559856,2026-05-22T15:10:22+00:00,1,https://www.instagram.com/reel/DYmu1e6PyWi/,https://www.instagram.com/reel/DYmu1e6PyWi/?comment_id=18135001075559856,scraping_instagram,wisnuprawaba,itu yg di karungin najwa shihab? wkwkw
18123652822624926,2026-05-22T15:08:28+00:00,0,https://www.instagram.com/reel/DYmu1e6PyWi/,https://www.instagram.com/reel/DYmu1e6PyWi/?comment_id=18123652822624926,scraping_instagram,raniellymukerji,Presiden dan wapresnya TOLOL TENGIL BODOH DAN MUNAFIQUN
18126448063626709,2026-05-22T15:07:33+00:00,0,https://www.instagram.com/reel/DYmu1e6PyWi/,https://www.instagram.com/reel/DYmu1e6PyWi/?comment_id=18126448063626709,scraping_instagram,hasnahasnawati19,Hahahaha
18531631126079195,2026-05-22T15:05:37+00:00,0,https://www.instagram.com/reel/DYmu1e6PyWi/,https://www.instagram.com/reel/DYmu1e6PyWi/?comment_id=18531631126079195,scraping_instagram,flowerbaby865,Kwkwkwkw makan tuh 02 si gemoy yg penting gemoy kan kalian
18094261747945603,2026-05-22T15:05:23+00:00,0,https://www.instagram.com/reel/DYmu1e6PyWi/,https://www.instagram.com/reel/DYmu1e6PyWi/?comment_id=18094261747945603,scraping_instagram,berlina_sihombing,Bagi bagi kue teroooss
18072741785650496,2026-05-22T15:03:26+00:00,0,https://www.instagram.com/reel/DYmu1e6PyWi/,https://www.instagram.com/reel/DYmu1e6PyWi/?comment_id=18072741785650496,scraping_instagram,rayyanxavier,
18120840379710518,2026-05-22T15:02:44+00:00,0,https://www.instagram.com/reel/DYmu1e6PyWi/,https://www.instagram.com/reel/DYmu1e6PyWi/?comment_id=18120840379710518,scraping_instagram,ysari1803,pemimpin zolim. Pemimpin akhir zaman 🥲
18023125217831618,2026-05-22T15:02:25+00:00,0,https://www.instagram.com/reel/DYmu1e6PyWi/,https://www.instagram.com/reel/DYmu1e6PyWi/?comment_id=18023125217831618,scraping_instagram,rosa_mfw,😭😭😭
17950640820161179,2026-05-22T15:00:47+00:00,0,https://www.instagram.com/reel/DYmu1e6PyWi/,https://www.instagram.com/reel/DYmu1e6PyWi/?comment_id=17950640820161179,scraping_instagram,azis_chery_jabotabek_,😂😂😂😂😂
18064843373414194,2026-05-22T14:59:19+00:00,0,https://www.instagram.com/reel/DYmu1e6PyWi/,https://www.instagram.com/reel/DYmu1e6PyWi/?comment_id=18064843373414194,scraping_instagram,putri_kamil_hts,😢😢
17863452036627406,2026-05-22T14:59:11+00:00,0,https://www.instagram.com/reel/DYmu1e6PyWi/,https://www.instagram.com/reel/DYmu1e6PyWi/?comment_id=17863452036627406,scraping_instagram,nonoproperties,LENGSERKAN PRABOWO
18108573721910744,2026-05-22T14:56:25+00:00,0,https://www.instagram.com/reel/DYmu1e6PyWi/,https://www.instagram.com/reel/DYmu1e6PyWi/?comment_id=18108573721910744,scraping_instagram,rullsss_2408,
17873937489491633,2026-05-22T14:50:19+00:00,0,https://www.instagram.com/reel/DYmu1e6PyWi/,https://www.instagram.com/reel/DYmu1e6PyWi/?comment_id=17873937489491633,scraping_instagram,bing.bengg,Pemerintah bilek: Gua kagak peduli😂😂
18591093556030878,2026-05-22T14:48:08+00:00,0,https://www.instagram.com/reel/DYmu1e6PyWi/,https://www.instagram.com/reel/DYmu1e6PyWi/?comment_id=18591093556030878,scraping_instagram,putrigratiaa,😢😢😢😢😢
17868192018623614,2026-05-22T14:47:36+00:00,0,https://www.instagram.com/reel/DYmu1e6PyWi/,https://www.instagram.com/reel/DYmu1e6PyWi/?comment_id=17868192018623614,scraping_instagram,djaronahdjamil,Suka lagu nya enak di  cerna
18115017550843714,2026-05-22T14:47:20+00:00,0,https://www.instagram.com/reel/DYmu1e6PyWi/,https://www.instagram.com/reel/DYmu1e6PyWi/?comment_id=18115017550843714,scraping_instagram,aries_dan_leo,Gulingkan wowo
18104545036779510,2026-05-22T14:47:04+00:00,0,https://www.instagram.com/reel/DYmu1e6PyWi/,https://www.instagram.com/reel/DYmu1e6PyWi/?comment_id=18104545036779510,scraping_instagram,iqbal.rk48,reply komen ini jika kamu nyesel pilih 02!
18083473565109844,2026-05-22T14:45:49+00:00,1,https://www.instagram.com/reel/DYmu1e6PyWi/,https://www.instagram.com/reel/DYmu1e6PyWi/?comment_id=18083473565109844,scraping_instagram,mariance_mantau,😢kata dia ga ngaruh dolar tinggi Krn rakyat desa ga pake dolar
18140788162524397,2026-05-22T14:44:41+00:00,0,https://www.instagram.com/reel/DYmu1e6PyWi/,https://www.instagram.com/reel/DYmu1e6PyWi/?comment_id=18140788162524397,scraping_instagram,nurulfaridam,😢😢
17864786775567750,2026-05-22T14:43:11+00:00,0,https://www.instagram.com/reel/DYmu1e6PyWi/,https://www.instagram.com/reel/DYmu1e6PyWi/?comment_id=17864786775567750,scraping_instagram,andi_a128,Edan gemoy og
17931428667294728,2026-05-22T14:41:08+00:00,0,https://www.instagram.com/reel/DYmu1e6PyWi/,https://www.instagram.com/reel/DYmu1e6PyWi/?comment_id=17931428667294728,scraping_instagram,lynnor__,Ok gazzz ok gazzz 😂😂😂
18093914102465856,2026-05-22T14:40:48+00:00,0,https://www.instagram.com/reel/DYmu1e6PyWi/,https://www.instagram.com/reel/DYmu1e6PyWi/?comment_id=18093914102465856,scraping_instagram,nurkhayanto75,😢
17924239116128596,2026-05-22T14:37:25+00:00,0,https://www.instagram.com/reel/DYmu1e6PyWi/,https://www.instagram.com/reel/DYmu1e6PyWi/?comment_id=17924239116128596,scraping_instagram,dennis.martundawan,Gemoy monokotil
17947622625168382,2026-05-22T14:36:14+00:00,0,https://www.instagram.com/reel/DYmu1e6PyWi/,https://www.instagram.com/reel/DYmu1e6PyWi/?comment_id=17947622625168382,scraping_instagram,yusuf_frantino8,😂😂
18121816498568809,2026-05-22T14:35:27+00:00,0,https://www.instagram.com/reel/DYmu1e6PyWi/,https://www.instagram.com/reel/DYmu1e6PyWi/?comment_id=18121816498568809,scraping_instagram,homelora.id,Gila ya mereka melakukan kezaliman terang terangan
18102434378317748,2026-05-22T14:35:19+00:00,0,https://www.instagram.com/reel/DYmu1e6PyWi/,https://www.instagram.com/reel/DYmu1e6PyWi/?comment_id=18102434378317748,scraping_instagram,sutikagustiputu,Ide yg bagus dan lucu
18046835153606448,2026-05-22T14:31:02+00:00,0,https://www.instagram.com/reel/DYmu1e6PyWi/,https://www.instagram.com/reel/DYmu1e6PyWi/?comment_id=18046835153606448,scraping_instagram,yanidiken,Mereka setan semua
18108378644485933,2026-05-22T14:30:49+00:00,0,https://www.instagram.com/reel/DYmu1e6PyWi/,https://www.instagram.com/reel/DYmu1e6PyWi/?comment_id=18108378644485933,scraping_instagram,yanidiken,Q
17863426842576546,2026-05-22T14:30:40+00:00,0,https://www.instagram.com/reel/DYmu1e6PyWi/,https://www.instagram.com/reel/DYmu1e6PyWi/?comment_id=17863426842576546,scraping_instagram,abdurohim680,😢
18019200419841775,2026-05-22T14:30:34+00:00,0,https://www.instagram.com/reel/DYmu1e6PyWi/,https://www.instagram.com/reel/DYmu1e6PyWi/?comment_id=18019200419841775,scraping_instagram,dmp_saja,
18061649405466312,2026-05-22T14:29:00+00:00,0,https://www.instagram.com/reel/DYmu1e6PyWi/,https://www.instagram.com/reel/DYmu1e6PyWi/?comment_id=18061649405466312,scraping_instagram,nimas5051,Semangat pakk❤️
17974670940022442,2026-05-22T14:28:11+00:00,0,https://www.instagram.com/reel/DYmu1e6PyWi/,https://www.instagram.com/reel/DYmu1e6PyWi/?comment_id=17974670940022442,scraping_instagram,ren_d202,Zaman @prabowo ngeri ya
18091979591255368,2026-05-22T14:26:18+00:00,0,https://www.instagram.com/reel/DYmu1e6PyWi/,https://www.instagram.com/reel/DYmu1e6PyWi/?comment_id=18091979591255368,scraping_instagram,w_ailen,"https://www.instagram.com/reel/DVVEX6jju1k/?igsh=MXJvOGRtZHNvcWkxOA== ini pentingnya edukasi dan informasi supaya ga menyesatkan,ada rencana yang gak bisa di ungkapkan karena di era digital kek gini semua jejak digital bisa terdeteksi sama elite global.ini orang indo mikir tuh jangan sempit x lah😂"
17976459615033705,2026-05-22T14:26:09+00:00,0,https://www.instagram.com/reel/DYmu1e6PyWi/,https://www.instagram.com/reel/DYmu1e6PyWi/?comment_id=17976459615033705,scraping_instagram,nanni_sr,Kan biar keliatan kerjanya Pro rakyat....
17995636043958526,2026-05-22T14:24:15+00:00,0,https://www.instagram.com/reel/DYmu1e6PyWi/,https://www.instagram.com/reel/DYmu1e6PyWi/?comment_id=17995636043958526,scraping_instagram,ronald_tampubolon8,prabowo tidak cocok jadi presiden.
18135273424489382,2026-05-22T14:23:35+00:00,0,https://www.instagram.com/reel/DYmu1e6PyWi/,https://www.instagram.com/reel/DYmu1e6PyWi/?comment_id=18135273424489382,scraping_instagram,_lintang_cayra,😂😂😂😂😂😂 edan
18106913092939293,2026-05-22T14:23:29+00:00,0,https://www.instagram.com/reel/DYmu1e6PyWi/,https://www.instagram.com/reel/DYmu1e6PyWi/?comment_id=18106913092939293,scraping_instagram,aria_chandra,"usia Prabowo 75 tahun. 
udah gak produktif
.gak bisa kerja
Pensiun aja yaaa"
18134026393493748,2026-05-22T14:22:35+00:00,0,https://www.instagram.com/reel/DYmu1e6PyWi/,https://www.instagram.com/reel/DYmu1e6PyWi/?comment_id=18134026393493748,scraping_instagram,siti.fatonah87,😢😢😢😢😢
18138014800469447,2026-05-22T14:22:18+00:00,0,https://www.instagram.com/reel/DYmu1e6PyWi/,https://www.instagram.com/reel/DYmu1e6PyWi/?comment_id=18138014800469447,scraping_instagram,aiinddaa,Nice
18070078541693130,2026-05-22T14:21:20+00:00,0,https://www.instagram.com/reel/DYmu1e6PyWi/,https://www.instagram.com/reel/DYmu1e6PyWi/?comment_id=18070078541693130,scraping_instagram,bilal_maulana88,
18112156909859038,2026-05-22T14:19:50+00:00,0,https://www.instagram.com/reel/DYmu1e6PyWi/,https://www.instagram.com/reel/DYmu1e6PyWi/?comment_id=18112156909859038,scraping_instagram,iirvaannb,tang utang utang utang utang utang utang utang utang wkwkwkwk
18108639820899269,2026-05-22T14:18:55+00:00,0,https://www.instagram.com/reel/DYmu1e6PyWi/,https://www.instagram.com/reel/DYmu1e6PyWi/?comment_id=18108639820899269,scraping_instagram,nunikanggarini,😂😂😂😂😂😂😂
17991377090968602,2026-05-22T14:16:53+00:00,0,https://www.instagram.com/reel/DYmu1e6PyWi/,https://www.instagram.com/reel/DYmu1e6PyWi/?comment_id=17991377090968602,scraping_instagram,hnumssdh,@hanifa_x02
18086053199091008,2026-05-22T14:16:41+00:00,0,https://www.instagram.com/reel/DYmu1e6PyWi/,https://www.instagram.com/reel/DYmu1e6PyWi/?comment_id=18086053199091008,scraping_instagram,inalisnawaty2,😮😮
18152481712479685,2026-05-22T14:11:43+00:00,0,https://www.instagram.com/reel/DYmu1e6PyWi/,https://www.instagram.com/reel/DYmu1e6PyWi/?comment_id=18152481712479685,scraping_instagram,aftnms,😢
18118693135673547,2026-05-22T14:10:14+00:00,0,https://www.instagram.com/reel/DYmu1e6PyWi/,https://www.instagram.com/reel/DYmu1e6PyWi/?comment_id=18118693135673547,scraping_instagram,mayapuspa2023,Mahasiswa2 yg gagah berani seperti era soeharto pada kemana😑😬
18213141292329674,2026-05-22T14:09:27+00:00,0,https://www.instagram.com/reel/DYmu1e6PyWi/,https://www.instagram.com/reel/DYmu1e6PyWi/?comment_id=18213141292329674,scraping_instagram,inalisnawaty2,Semua kena Prank..termasuk yg gak milih dia..58%hnya bikin penyesalan..dan sakit hati yg tak tau smpai kapan .😢😢
17968796745108233,2026-05-22T14:08:14+00:00,0,https://www.instagram.com/reel/DYmu1e6PyWi/,https://www.instagram.com/reel/DYmu1e6PyWi/?comment_id=17968796745108233,scraping_instagram,arisumadi303,Siapun kedepannya jadi presiden indonesia takkan terkendali mereka semua sudah hilang hati NKRI mereka hanya memikirkan diri mereka apa.kabar mahasiswa reformasi selamat sudah mengguling kan rezim suharto hebatttt... apakah kalian sudah saling bagi bagi hasil atau apa 😂😂😂 asu
18048572549780264,2026-05-22T14:08:03+00:00,0,https://www.instagram.com/reel/DYmu1e6PyWi/,https://www.instagram.com/reel/DYmu1e6PyWi/?comment_id=18048572549780264,scraping_instagram,dsilvana59,😢 🇲🇨 @prabowo.gibran2
18080319497405786,2026-05-22T14:07:46+00:00,0,https://www.instagram.com/reel/DYmu1e6PyWi/,https://www.instagram.com/reel/DYmu1e6PyWi/?comment_id=18080319497405786,scraping_instagram,ria_lilyana,"Loweleh, mbK Nana😮"
18203280556347623,2026-05-22T14:07:18+00:00,4,https://www.instagram.com/reel/DYmu1e6PyWi/,https://www.instagram.com/reel/DYmu1e6PyWi/?comment_id=18203280556347623,scraping_instagram,ekymuliya,Giant di pilih
17902096623433481,2026-05-22T14:06:55+00:00,0,https://www.instagram.com/reel/DYmu1e6PyWi/,https://www.instagram.com/reel/DYmu1e6PyWi/?comment_id=17902096623433481,scraping_instagram,_merryndna,@prabowo
17991885443960595,2026-05-22T14:05:58+00:00,0,https://www.instagram.com/reel/DYmu1e6PyWi/,https://www.instagram.com/reel/DYmu1e6PyWi/?comment_id=17991885443960595,scraping_instagram,ardndmirga,@mastercorbuzier
17948255412000315,2026-05-22T14:05:51+00:00,0,https://www.instagram.com/reel/DYmu1e6PyWi/,https://www.instagram.com/reel/DYmu1e6PyWi/?comment_id=17948255412000315,scraping_instagram,vqn_12,Aamiin
17932370226267632,2026-05-22T14:05:28+00:00,0,https://www.instagram.com/reel/DYmu1e6PyWi/,https://www.instagram.com/reel/DYmu1e6PyWi/?comment_id=17932370226267632,scraping_instagram,ardndmirga,💩💩💩💩💩🥶💦
18052816904740529,2026-05-22T14:05:16+00:00,0,https://www.instagram.com/reel/DYmu1e6PyWi/,https://www.instagram.com/reel/DYmu1e6PyWi/?comment_id=18052816904740529,scraping_instagram,charly24647,Makzulkan Prabowo Ghibran 🔥🔥🔥
17907309564411749,2026-05-22T14:02:28+00:00,0,https://www.instagram.com/reel/DYmu1e6PyWi/,https://www.instagram.com/reel/DYmu1e6PyWi/?comment_id=17907309564411749,scraping_instagram,m.akromudin,
18081757160154734,2026-05-22T14:02:08+00:00,1,https://www.instagram.com/reel/DYmu1e6PyWi/,https://www.instagram.com/reel/DYmu1e6PyWi/?comment_id=18081757160154734,scraping_instagram,anisaletaaa,Malu cookkkk jadi presiden gada wibawanya sama sekali @prabowo
18137072029535827,2026-05-22T14:01:36+00:00,0,https://www.instagram.com/reel/DYmu1e6PyWi/,https://www.instagram.com/reel/DYmu1e6PyWi/?comment_id=18137072029535827,scraping_instagram,ibusayang2206,Mang bangasat rskayat d cekik ini mah
18150439513492662,2026-05-22T14:01:20+00:00,0,https://www.instagram.com/reel/DYmu1e6PyWi/,https://www.instagram.com/reel/DYmu1e6PyWi/?comment_id=18150439513492662,scraping_instagram,fifi_mayy,😂😂😂😂😂
18015313883891539,2026-05-22T14:00:17+00:00,0,https://www.instagram.com/reel/DYmu1e6PyWi/,https://www.instagram.com/reel/DYmu1e6PyWi/?comment_id=18015313883891539,scraping_instagram,yogisptr56,@prabowo @gibran_rakabuming
17976916284032137,2026-05-22T14:00:13+00:00,0,https://www.instagram.com/reel/DYmu1e6PyWi/,https://www.instagram.com/reel/DYmu1e6PyWi/?comment_id=17976916284032137,scraping_instagram,_elisftrn,Kapan si.wowo demgerin suara rakyattt nyesel milih dia
18084037217421781,2026-05-22T13:53:02+00:00,0,https://www.instagram.com/reel/DYmu1e6PyWi/,https://www.instagram.com/reel/DYmu1e6PyWi/?comment_id=18084037217421781,scraping_instagram,homedress.indonesia,laknat mereka yg bahagia di atas penderitaan rakyat!!!!!
18095429440901809,2026-05-22T13:51:27+00:00,0,https://www.instagram.com/reel/DYmu1e6PyWi/,https://www.instagram.com/reel/DYmu1e6PyWi/?comment_id=18095429440901809,scraping_instagram,jvl.ryya,"Yang setuju MBG di STOP Cung☝️.Mending buka lapangan kerja ,,,rakyat bs makan,,, Dari pd dikasih MBG,utang negara semakit banyak,,,,rakyat semakin sengsara harga bahan pokok melejit,rakyat menjerit😢"
18083703044115486,2026-05-22T13:50:39+00:00,0,https://www.instagram.com/reel/DYmu1e6PyWi/,https://www.instagram.com/reel/DYmu1e6PyWi/?comment_id=18083703044115486,scraping_instagram,_thisyupi,astaghfirullah
17915048817185027,2026-05-22T13:49:31+00:00,0,https://www.instagram.com/reel/DYmu1e6PyWi/,https://www.instagram.com/reel/DYmu1e6PyWi/?comment_id=17915048817185027,scraping_instagram,juwonototo,Kuping budeg moto picek Rezim
18462932407104974,2026-05-22T13:48:41+00:00,0,https://www.instagram.com/reel/DYmu1e6PyWi/,https://www.instagram.com/reel/DYmu1e6PyWi/?comment_id=18462932407104974,scraping_instagram,yenny_yero,Innalilahi wa innailaihi rojiun..
18114103828853364,2026-05-22T13:47:53+00:00,0,https://www.instagram.com/reel/DYmu1e6PyWi/,https://www.instagram.com/reel/DYmu1e6PyWi/?comment_id=18114103828853364,scraping_instagram,soitun1,Lanjutkan trs klo kalian pingin negara ini bobrok dan bnyk utang nya
18099477173038954,2026-05-22T13:47:53+00:00,0,https://www.instagram.com/reel/DYmu1e6PyWi/,https://www.instagram.com/reel/DYmu1e6PyWi/?comment_id=18099477173038954,scraping_instagram,rafif_7399,Tua bangka anjng
18013270067899578,2026-05-22T13:47:41+00:00,0,https://www.instagram.com/reel/DYmu1e6PyWi/,https://www.instagram.com/reel/DYmu1e6PyWi/?comment_id=18013270067899578,scraping_instagram,hendra3317,Presiden paling gak kompeten sepanjang sejarah RI💩💩💩
18103520791886881,2026-05-22T13:46:40+00:00,0,https://www.instagram.com/reel/DYmu1e6PyWi/,https://www.instagram.com/reel/DYmu1e6PyWi/?comment_id=18103520791886881,scraping_instagram,millah.hanifaa,Apakah tidak ada orang atau kelompok yg bisi melawan rezim ini? Selemah ini kah bangsa kita😢
17883878280564465,2026-05-22T13:46:22+00:00,0,https://www.instagram.com/reel/DYmu1e6PyWi/,https://www.instagram.com/reel/DYmu1e6PyWi/?comment_id=17883878280564465,scraping_instagram,arumm630,Rakyat Indonesia bnyk bgt pda kemana 😢😢😢😢kpn pada demo besar-besaran 🔥
17857743423644579,2026-05-22T13:45:37+00:00,0,https://www.instagram.com/reel/DYmu1e6PyWi/,https://www.instagram.com/reel/DYmu1e6PyWi/?comment_id=17857743423644579,scraping_instagram,5174.faisal,Makanan Buat si Gemoy
18006702500881198,2026-05-22T13:43:22+00:00,0,https://www.instagram.com/reel/DYmu1e6PyWi/,https://www.instagram.com/reel/DYmu1e6PyWi/?comment_id=18006702500881198,scraping_instagram,diah.vivi,Calon Mustafa Kamal Attaturk
18451726354119799,2026-05-22T13:42:52+00:00,0,https://www.instagram.com/reel/DYmu1e6PyWi/,https://www.instagram.com/reel/DYmu1e6PyWi/?comment_id=18451726354119799,scraping_instagram,rini.191,😢
17886167781558464,2026-05-22T13:42:48+00:00,0,https://www.instagram.com/reel/DYmu1e6PyWi/,https://www.instagram.com/reel/DYmu1e6PyWi/?comment_id=17886167781558464,scraping_instagram,silmi_azifahh,😢😢😢😢
17965615697915369,2026-05-22T13:40:58+00:00,0,https://www.instagram.com/reel/DYmu1e6PyWi/,https://www.instagram.com/reel/DYmu1e6PyWi/?comment_id=17965615697915369,scraping_instagram,zkywjya27,Hahha menuju Indonesia bubar 😂😂
18104284303892069,2026-05-22T13:40:06+00:00,0,https://www.instagram.com/reel/DYmu1e6PyWi/,https://www.instagram.com/reel/DYmu1e6PyWi/?comment_id=18104284303892069,scraping_instagram,siwi_sukses,@ozenkdiamond
18249936772305324,2026-05-22T13:37:44+00:00,0,https://www.instagram.com/reel/DYmu1e6PyWi/,https://www.instagram.com/reel/DYmu1e6PyWi/?comment_id=18249936772305324,scraping_instagram,alvinaanggar,"Laknatullah buat pemimpin Indonesia yg gak amanah, tinggal tunggu aja azab Allah yg amat pedih"
17888045958538969,2026-05-22T13:35:16+00:00,1,https://www.instagram.com/reel/DYmu1e6PyWi/,https://www.instagram.com/reel/DYmu1e6PyWi/?comment_id=17888045958538969,scraping_instagram,james.boy911,Sebarkan ke @bemui_official @bem_si sebagai Lagu Penyemangat Perjuangan bang @talentastudio.id.. Kobarkan Api Perjuangan.. Berantas Kezaliman di Negeri Ini.. 🔥🔥🔥
18138654673533665,2026-05-22T13:33:52+00:00,0,https://www.instagram.com/reel/DYmu1e6PyWi/,https://www.instagram.com/reel/DYmu1e6PyWi/?comment_id=18138654673533665,scraping_instagram,sitompulanita11,Yaa Tuhan maha tau apa yg di lakukan kejahatan para pejabat dan koruptor di indonesia
18119693152683251,2026-05-22T13:31:29+00:00,0,https://www.instagram.com/reel/DYmu1e6PyWi/,https://www.instagram.com/reel/DYmu1e6PyWi/?comment_id=18119693152683251,scraping_instagram,harnikdewi5,Miris😢😢
18416770498134620,2026-05-22T13:31:23+00:00,0,https://www.instagram.com/reel/DYmu1e6PyWi/,https://www.instagram.com/reel/DYmu1e6PyWi/?comment_id=18416770498134620,scraping_instagram,misemofficial,@mrs_sudarno mangsedihhh ya cint
18043704359574798,2026-05-22T13:29:59+00:00,0,https://www.instagram.com/reel/DYmu1e6PyWi/,https://www.instagram.com/reel/DYmu1e6PyWi/?comment_id=18043704359574798,scraping_instagram,kim.mager__,wkwkwkkw mantepp bang lanjutkan
18109322407729033,2026-05-22T13:29:14+00:00,0,https://www.instagram.com/reel/DYmu1e6PyWi/,https://www.instagram.com/reel/DYmu1e6PyWi/?comment_id=18109322407729033,scraping_instagram,airlanggaamitaba,@ardy_go  @erichlongmezque  @instafahmi  @jhel_ng  @paulus_sugito  @angkipedia  @krisignazio  @noonie_irene  @sekarsari295  @caksudarto cocok wes 😂
17898815895450558,2026-05-22T13:28:03+00:00,0,https://www.instagram.com/reel/DYmu1e6PyWi/,https://www.instagram.com/reel/DYmu1e6PyWi/?comment_id=17898815895450558,scraping_instagram,5352_lucianagreatt,Suruh pemimpin negri ini untuk bertaubat sebelum terlambat
18213277315330885,2026-05-22T13:26:10+00:00,1,https://www.instagram.com/reel/DYmu1e6PyWi/,https://www.instagram.com/reel/DYmu1e6PyWi/?comment_id=18213277315330885,scraping_instagram,idriscahyadi96,"Paraaahhhhhh... Rakyat terus terusan semakin di sengsarakan dan di tindas, dzolim nya ga ketulungan, naudzubillah."
18130774681507375,2026-05-22T13:26:03+00:00,0,https://www.instagram.com/reel/DYmu1e6PyWi/,https://www.instagram.com/reel/DYmu1e6PyWi/?comment_id=18130774681507375,scraping_instagram,abdulazizbinalawi1,Sehat 2 orang baik pak @prabowo
18083561147440432,2026-05-22T13:24:10+00:00,0,https://www.instagram.com/reel/DYmu1e6PyWi/,https://www.instagram.com/reel/DYmu1e6PyWi/?comment_id=18083561147440432,scraping_instagram,anggitirwanto_,prabowo anjing
17872677243502736,2026-05-22T13:22:17+00:00,0,https://www.instagram.com/reel/DYmu1e6PyWi/,https://www.instagram.com/reel/DYmu1e6PyWi/?comment_id=17872677243502736,scraping_instagram,hadelasyamsiahfauziah,U
18085641146631194,2026-05-22T13:22:02+00:00,0,https://www.instagram.com/reel/DYmu1e6PyWi/,https://www.instagram.com/reel/DYmu1e6PyWi/?comment_id=18085641146631194,scraping_instagram,adakah_996,🤬🤬🤬
18199945165360942,2026-05-22T13:21:32+00:00,0,https://www.instagram.com/reel/DYmu1e6PyWi/,https://www.instagram.com/reel/DYmu1e6PyWi/?comment_id=18199945165360942,scraping_instagram,na.loverssss,@ov_santzo
18108798859906804,2026-05-22T13:21:24+00:00,0,https://www.instagram.com/reel/DYmu1e6PyWi/,https://www.instagram.com/reel/DYmu1e6PyWi/?comment_id=18108798859906804,scraping_instagram,na.loverssss,@mayaleonidadien
18181244044387060,2026-05-22T13:21:14+00:00,0,https://www.instagram.com/reel/DYmu1e6PyWi/,https://www.instagram.com/reel/DYmu1e6PyWi/?comment_id=18181244044387060,scraping_instagram,eryuninhsih67,Alhamdulillah g milih si lansia omon2 & bocil bkdoh
17992239632969787,2026-05-22T13:21:05+00:00,0,https://www.instagram.com/reel/DYmu1e6PyWi/,https://www.instagram.com/reel/DYmu1e6PyWi/?comment_id=17992239632969787,scraping_instagram,rusminisasmi,tambah parah ini malah sigembrot daripada si peyot
17964694017473567,2026-05-22T13:20:16+00:00,0,https://www.instagram.com/reel/DYmu1e6PyWi/,https://www.instagram.com/reel/DYmu1e6PyWi/?comment_id=17964694017473567,scraping_instagram,amoygarden,Y Alloh knp ya pemimpin di Indonesia tk perduli dg Rakytnya😍
17906455341422017,2026-05-22T13:19:44+00:00,0,https://www.instagram.com/reel/DYmu1e6PyWi/,https://www.instagram.com/reel/DYmu1e6PyWi/?comment_id=17906455341422017,scraping_instagram,mz_iki707,"Tutup seluruh perusahaan agar tidak ada lowongan kerja,dan pada akhirnya masyarakat disuruh bergantung pada MBG yg banyak korupsinya"
18156794656458087,2026-05-22T13:15:21+00:00,0,https://www.instagram.com/reel/DYmu1e6PyWi/,https://www.instagram.com/reel/DYmu1e6PyWi/?comment_id=18156794656458087,scraping_instagram,intannn9_,
18172491433412028,2026-05-22T13:12:32+00:00,0,https://www.instagram.com/reel/DYmu1e6PyWi/,https://www.instagram.com/reel/DYmu1e6PyWi/?comment_id=18172491433412028,scraping_instagram,evy_rosianty,😂😂😂😂😂😂😂😂😂😂
18084858593265094,2026-05-22T13:11:50+00:00,0,https://www.instagram.com/reel/DYmu1e6PyWi/,https://www.instagram.com/reel/DYmu1e6PyWi/?comment_id=18084858593265094,scraping_instagram,meity_zhu,😢😢😢
17862271173586920,2026-05-22T13:11:23+00:00,0,https://www.instagram.com/reel/DYmu1e6PyWi/,https://www.instagram.com/reel/DYmu1e6PyWi/?comment_id=17862271173586920,scraping_instagram,putbhawell,MBG kata nya bergizi nyatanya tahu sama tempe tidak lupa apa lagi ada terong crispy ny. Kenapa gak dihapus aja MBG dari pda dikasih kebanyakan pada tidak suka dan dibuang
18077049380655732,2026-05-22T13:11:14+00:00,0,https://www.instagram.com/reel/DYmu1e6PyWi/,https://www.instagram.com/reel/DYmu1e6PyWi/?comment_id=18077049380655732,scraping_instagram,aloysiuschrismawan,Mantap Indonesia DIJUAL Bandara ke USA 🔥👏Gong nyaaa nih..setelah DATA KTP dijual 👏👏👏
18058987943709051,2026-05-22T13:10:48+00:00,0,https://www.instagram.com/reel/DYmu1e6PyWi/,https://www.instagram.com/reel/DYmu1e6PyWi/?comment_id=18058987943709051,scraping_instagram,luvly_flowers,Presiden terzolim sepanjang sejarah Indonesia!!
18081496106564556,2026-05-22T13:06:54+00:00,0,https://www.instagram.com/reel/DYmu1e6PyWi/,https://www.instagram.com/reel/DYmu1e6PyWi/?comment_id=18081496106564556,scraping_instagram,nurcholis1900,Jijih temen
17983102680008742,2026-05-22T13:04:02+00:00,0,https://www.instagram.com/reel/DYmu1e6PyWi/,https://www.instagram.com/reel/DYmu1e6PyWi/?comment_id=17983102680008742,scraping_instagram,halilintarr,@prabowo @teddy_hq FYI 🤡
18092554121337175,2026-05-22T13:03:45+00:00,0,https://www.instagram.com/reel/DYmu1e6PyWi/,https://www.instagram.com/reel/DYmu1e6PyWi/?comment_id=18092554121337175,scraping_instagram,asyifarindu2021,Bisa aja lagunya😂
17883113409566757,2026-05-22T13:03:42+00:00,0,https://www.instagram.com/reel/DYmu1e6PyWi/,https://www.instagram.com/reel/DYmu1e6PyWi/?comment_id=17883113409566757,scraping_instagram,irmanalagi,Nazwa sihab d bungkam
18233583661313840,2026-05-22T13:02:27+00:00,0,https://www.instagram.com/reel/DYmu1e6PyWi/,https://www.instagram.com/reel/DYmu1e6PyWi/?comment_id=18233583661313840,scraping_instagram,purwatminingsih,Semoga pak Presiden konton ini.
17863608300628592,2026-05-22T13:01:00+00:00,0,https://www.instagram.com/reel/DYmu1e6PyWi/,https://www.instagram.com/reel/DYmu1e6PyWi/?comment_id=17863608300628592,scraping_instagram,fannyprasilia,Shame
18104239738975614,2026-05-22T12:58:23+00:00,0,https://www.instagram.com/reel/DYmu1e6PyWi/,https://www.instagram.com/reel/DYmu1e6PyWi/?comment_id=18104239738975614,scraping_instagram,ibk_supriawan,"Parahhh dolar melambung  Pokok joged orang desa blanja bukan pakai dolar,😂😂😂😂"
18000291650763129,2026-05-22T12:57:17+00:00,0,https://www.instagram.com/reel/DYmu1e6PyWi/,https://www.instagram.com/reel/DYmu1e6PyWi/?comment_id=18000291650763129,scraping_instagram,theres656,Lihat aja yo chuk yoooo😂😂😂
18095581760235660,2026-05-22T12:57:09+00:00,0,https://www.instagram.com/reel/DYmu1e6PyWi/,https://www.instagram.com/reel/DYmu1e6PyWi/?comment_id=18095581760235660,scraping_instagram,yumnahouseu,😢
17969636369905517,2026-05-22T12:57:01+00:00,0,https://www.instagram.com/reel/DYmu1e6PyWi/,https://www.instagram.com/reel/DYmu1e6PyWi/?comment_id=17969636369905517,scraping_instagram,hendraxander,Keren banget lagunya
18135212077560844,2026-05-22T12:55:46+00:00,0,https://www.instagram.com/reel/DYmu1e6PyWi/,https://www.instagram.com/reel/DYmu1e6PyWi/?comment_id=18135212077560844,scraping_instagram,mrpputra,@gustian3wibowo
18130291156589437,2026-05-22T12:54:54+00:00,0,https://www.instagram.com/reel/DYmu1e6PyWi/,https://www.instagram.com/reel/DYmu1e6PyWi/?comment_id=18130291156589437,scraping_instagram,doniyanto623,Tingal tunggu waktu nya rakyat indonesia bersatu jika rakyat bersatu kalian bisa apa.
18411491920145262,2026-05-22T12:54:16+00:00,0,https://www.instagram.com/reel/DYmu1e6PyWi/,https://www.instagram.com/reel/DYmu1e6PyWi/?comment_id=18411491920145262,scraping_instagram,san_dgold,"Asli @prabowo biadab ternyata lebih parah dari jokowi ,"
18125763772543464,2026-05-22T12:52:17+00:00,0,https://www.instagram.com/reel/DYmu1e6PyWi/,https://www.instagram.com/reel/DYmu1e6PyWi/?comment_id=18125763772543464,scraping_instagram,alfika61,😢😢😢😢😢😢
17964189102117905,2026-05-22T12:52:14+00:00,0,https://www.instagram.com/reel/DYmu1e6PyWi/,https://www.instagram.com/reel/DYmu1e6PyWi/?comment_id=17964189102117905,scraping_instagram,handoyo2872,Shame of you @prabowo
18138137650530120,2026-05-22T12:51:30+00:00,0,https://www.instagram.com/reel/DYmu1e6PyWi/,https://www.instagram.com/reel/DYmu1e6PyWi/?comment_id=18138137650530120,scraping_instagram,yuditypertiwi,Aswww 😂😂
17862568758586706,2026-05-22T12:51:22+00:00,0,https://www.instagram.com/reel/DYmu1e6PyWi/,https://www.instagram.com/reel/DYmu1e6PyWi/?comment_id=17862568758586706,scraping_instagram,redhasyafar,Semoga azab Allah buat pemimpin munafik
17889116505483342,2026-05-22T12:49:05+00:00,0,https://www.instagram.com/reel/DYmu1e6PyWi/,https://www.instagram.com/reel/DYmu1e6PyWi/?comment_id=17889116505483342,scraping_instagram,haijennny,@prabowo
18098358691888920,2026-05-22T12:48:34+00:00,0,https://www.instagram.com/reel/DYmu1e6PyWi/,https://www.instagram.com/reel/DYmu1e6PyWi/?comment_id=18098358691888920,scraping_instagram,juriahs.pd,Ya Alloh petani sawit menangis krn harga sawit anjlok.. Harga pupuk nya standar nilai dolar.. Petani mmg sll di posisi sulit
18086355725612450,2026-05-22T12:48:01+00:00,0,https://www.instagram.com/reel/DYmu1e6PyWi/,https://www.instagram.com/reel/DYmu1e6PyWi/?comment_id=18086355725612450,scraping_instagram,nathasiawawa,😂😂😂😂
17948114861999499,2026-05-22T12:46:28+00:00,0,https://www.instagram.com/reel/DYmu1e6PyWi/,https://www.instagram.com/reel/DYmu1e6PyWi/?comment_id=17948114861999499,scraping_instagram,pianaja2013,"""ORANG DESA KAN GAK PAKE DOLAR"" wkwkkwkw lucu banget"
17869252473535441,2026-05-22T12:46:16+00:00,1,https://www.instagram.com/reel/DYmu1e6PyWi/,https://www.instagram.com/reel/DYmu1e6PyWi/?comment_id=17869252473535441,scraping_instagram,ayamuaz,Diiih najong punya presiden n wakil presiden kaya gini amat. Dosa apa si Ya Allah Indonesia punya pemimpin ga mutu banget. Dzolim pula
17912303268199564,2026-05-22T12:45:06+00:00,0,https://www.instagram.com/reel/DYmu1e6PyWi/,https://www.instagram.com/reel/DYmu1e6PyWi/?comment_id=17912303268199564,scraping_instagram,nu.rhasanah486,"58% Rakyat yg milih mereka termasuk golongan yg suka di jajah..😂😂 mau bilang apa...rasain Lo..itu pilihan pemimpin kalian,puas kalian dgn pemimpin yg sdh lansia dan anak TK... kalau ada masalah di jogetin saja dan wakilnya planga plongo bingung apa yang mau di kerjakan..makan gaji buta"
18102774791065861,2026-05-22T12:44:13+00:00,0,https://www.instagram.com/reel/DYmu1e6PyWi/,https://www.instagram.com/reel/DYmu1e6PyWi/?comment_id=18102774791065861,scraping_instagram,wirowongalit,PRESIDEN TITIPAN JOKOWI
18082551149133474,2026-05-22T12:44:06+00:00,0,https://www.instagram.com/reel/DYmu1e6PyWi/,https://www.instagram.com/reel/DYmu1e6PyWi/?comment_id=18082551149133474,scraping_instagram,surahman_teguh,Min Alamat Rumah ama  kan ?
18425739268126670,2026-05-22T12:42:44+00:00,0,https://www.instagram.com/reel/DYmu1e6PyWi/,https://www.instagram.com/reel/DYmu1e6PyWi/?comment_id=18425739268126670,scraping_instagram,ernakumalaratna,@iwansulistio
18115744072691742,2026-05-22T12:41:48+00:00,0,https://www.instagram.com/reel/DYmu1e6PyWi/,https://www.instagram.com/reel/DYmu1e6PyWi/?comment_id=18115744072691742,scraping_instagram,sharynyuzz,😢
18100110829863581,2026-05-22T12:41:20+00:00,0,https://www.instagram.com/reel/DYmu1e6PyWi/,https://www.instagram.com/reel/DYmu1e6PyWi/?comment_id=18100110829863581,scraping_instagram,twoone1619,PretSedeng Babi 🐷
18131031016511641,2026-05-22T12:40:54+00:00,0,https://www.instagram.com/reel/DYmu1e6PyWi/,https://www.instagram.com/reel/DYmu1e6PyWi/?comment_id=18131031016511641,scraping_instagram,leonardichandra,"Dulu teriak2 bela rakyat kampanye nya, srkarang malah teriak2 rakyat cuma perlu makan. Kalau KAYA cuma buat para pejabat"
18081412034172752,2026-05-22T12:40:05+00:00,0,https://www.instagram.com/reel/DYmu1e6PyWi/,https://www.instagram.com/reel/DYmu1e6PyWi/?comment_id=18081412034172752,scraping_instagram,fadli_3962,Gulingkan wowo dan jajaranya🔥🔥🔥🔥 yakin mau diam
18466306882105458,2026-05-22T12:39:04+00:00,0,https://www.instagram.com/reel/DYmu1e6PyWi/,https://www.instagram.com/reel/DYmu1e6PyWi/?comment_id=18466306882105458,scraping_instagram,codename__7,Sebenarnya rupiah naik gara gara Amerika mau kasih pinjaman utang tapi ditolak Indonesia lahirnya kurs nya dinaikin sama mereka😢
18048419198777364,2026-05-22T12:35:57+00:00,0,https://www.instagram.com/reel/DYmu1e6PyWi/,https://www.instagram.com/reel/DYmu1e6PyWi/?comment_id=18048419198777364,scraping_instagram,jiahaziza,Ganti persiden aja
18558902449071240,2026-05-22T12:34:34+00:00,2,https://www.instagram.com/reel/DYmu1e6PyWi/,https://www.instagram.com/reel/DYmu1e6PyWi/?comment_id=18558902449071240,scraping_instagram,antoniskandar372019,Kata presiden prog m b g adalah program dari presiden ke 7 prisident ke 8 melaksanakan saja
18101295143017637,2026-05-22T12:32:55+00:00,0,https://www.instagram.com/reel/DYmu1e6PyWi/,https://www.instagram.com/reel/DYmu1e6PyWi/?comment_id=18101295143017637,scraping_instagram,kuraesinsolehudin,😢😢
17865124416564946,2026-05-22T12:32:27+00:00,0,https://www.instagram.com/reel/DYmu1e6PyWi/,https://www.instagram.com/reel/DYmu1e6PyWi/?comment_id=17865124416564946,scraping_instagram,yudhaabdiprawira,Sampai kapan duda sebiji ini dibiarkan menghancurkan Indonesia 😂😂😂
18085804430078978,2026-05-22T12:30:18+00:00,0,https://www.instagram.com/reel/DYmu1e6PyWi/,https://www.instagram.com/reel/DYmu1e6PyWi/?comment_id=18085804430078978,scraping_instagram,reza_fahlen,Wowo gtu loh.. Ayo semua kita dukung trssssss🔥
18120402391661604,2026-05-22T12:30:03+00:00,0,https://www.instagram.com/reel/DYmu1e6PyWi/,https://www.instagram.com/reel/DYmu1e6PyWi/?comment_id=18120402391661604,scraping_instagram,briliannce_,@prabowo BABI KAU. PEMIMPIN YANG SANGAT DIMURKAI TUHAN
18394253719081472,2026-05-22T12:28:52+00:00,0,https://www.instagram.com/reel/DYmu1e6PyWi/,https://www.instagram.com/reel/DYmu1e6PyWi/?comment_id=18394253719081472,scraping_instagram,ahm_mukhtar12,@prabowo ga becuss
18096829841173872,2026-05-22T12:28:08+00:00,0,https://www.instagram.com/reel/DYmu1e6PyWi/,https://www.instagram.com/reel/DYmu1e6PyWi/?comment_id=18096829841173872,scraping_instagram,nurhasanah550,Astagfiruwloh..udah di sinndir gak sadar2
18064392641436990,2026-05-22T12:27:26+00:00,0,https://www.instagram.com/reel/DYmu1e6PyWi/,https://www.instagram.com/reel/DYmu1e6PyWi/?comment_id=18064392641436990,scraping_instagram,sugarmustaine,https://www.instagram.com/reel/DYo3PE1hGyL/?igsh=Mm5wcDAyMGxtZXI5
18008884256884877,2026-05-22T12:26:41+00:00,0,https://www.instagram.com/reel/DYmu1e6PyWi/,https://www.instagram.com/reel/DYmu1e6PyWi/?comment_id=18008884256884877,scraping_instagram,mbiloenk666,PILIHANMU WINGI JIAN NYRIMPETI
18101436194083851,2026-05-22T12:25:52+00:00,0,https://www.instagram.com/reel/DYmu1e6PyWi/,https://www.instagram.com/reel/DYmu1e6PyWi/?comment_id=18101436194083851,scraping_instagram,rafa.kamil.313,😂😂😂😂gulingkan saja pak
18127582537717740,2026-05-22T12:25:30+00:00,0,https://www.instagram.com/reel/DYmu1e6PyWi/,https://www.instagram.com/reel/DYmu1e6PyWi/?comment_id=18127582537717740,scraping_instagram,endahiswati,Sedih dan miris banget dengan bangsa ini...ya Allah kapanlah negeri ini sejahtera...pediiiiih banget lihat penderitaan rakyatnya yg terus menerus walaupun pimpinan negerinya berganti2😭
18394354495081346,2026-05-22T12:25:22+00:00,0,https://www.instagram.com/reel/DYmu1e6PyWi/,https://www.instagram.com/reel/DYmu1e6PyWi/?comment_id=18394354495081346,scraping_instagram,narwi673,Merdunya lagu ini🔥🔥🔥👏👏👏😂😂😂
17916059733371811,2026-05-22T12:25:02+00:00,0,https://www.instagram.com/reel/DYmu1e6PyWi/,https://www.instagram.com/reel/DYmu1e6PyWi/?comment_id=17916059733371811,scraping_instagram,katrimahrini,Ayolah rakyat harus berani bergerak
18113376130883050,2026-05-22T12:24:34+00:00,0,https://www.instagram.com/reel/DYmu1e6PyWi/,https://www.instagram.com/reel/DYmu1e6PyWi/?comment_id=18113376130883050,scraping_instagram,putrilaila2406,Turut berdukacita 🔥🔥
17894677344466867,2026-05-22T12:24:05+00:00,0,https://www.instagram.com/reel/DYmu1e6PyWi/,https://www.instagram.com/reel/DYmu1e6PyWi/?comment_id=17894677344466867,scraping_instagram,dioaprilio00,😂
18110017684908032,2026-05-22T12:22:34+00:00,0,https://www.instagram.com/reel/DYmu1e6PyWi/,https://www.instagram.com/reel/DYmu1e6PyWi/?comment_id=18110017684908032,scraping_instagram,helmi_bungas63,Mantap animasi nya 🔥
18028902524684876,2026-05-22T12:22:28+00:00,1,https://www.instagram.com/reel/DYmu1e6PyWi/,https://www.instagram.com/reel/DYmu1e6PyWi/?comment_id=18028902524684876,scraping_instagram,heysyahra,Telek a konten PROVOKASI KI ANJING
18110826325917867,2026-05-22T12:22:07+00:00,0,https://www.instagram.com/reel/DYmu1e6PyWi/,https://www.instagram.com/reel/DYmu1e6PyWi/?comment_id=18110826325917867,scraping_instagram,fl_life,
18080632763162907,2026-05-22T12:19:13+00:00,0,https://www.instagram.com/reel/DYmu1e6PyWi/,https://www.instagram.com/reel/DYmu1e6PyWi/?comment_id=18080632763162907,scraping_instagram,xlonglong502,Dijaman ok gas ok gas nomor 2 tetap gas banyak rakyat menangis ya😢
18217607293320452,2026-05-22T12:19:08+00:00,0,https://www.instagram.com/reel/DYmu1e6PyWi/,https://www.instagram.com/reel/DYmu1e6PyWi/?comment_id=18217607293320452,scraping_instagram,agungrestuprayogi,@yulianto_98_
18098619128123889,2026-05-22T12:19:05+00:00,0,https://www.instagram.com/reel/DYmu1e6PyWi/,https://www.instagram.com/reel/DYmu1e6PyWi/?comment_id=18098619128123889,scraping_instagram,vinikirei21,Mau gw share disw tkut tetangga marah2 sndri🤣🤣🤣🤣
18410438125180283,2026-05-22T12:18:39+00:00,0,https://www.instagram.com/reel/DYmu1e6PyWi/,https://www.instagram.com/reel/DYmu1e6PyWi/?comment_id=18410438125180283,scraping_instagram,boedy.s5254,Pasang bom waktu sendiri 🔥😂😮
17954189016135330,2026-05-22T12:18:30+00:00,0,https://www.instagram.com/reel/DYmu1e6PyWi/,https://www.instagram.com/reel/DYmu1e6PyWi/?comment_id=17954189016135330,scraping_instagram,entik_hnwnur,Pelanggar HAM 😢
17988790199800711,2026-05-22T12:18:19+00:00,0,https://www.instagram.com/reel/DYmu1e6PyWi/,https://www.instagram.com/reel/DYmu1e6PyWi/?comment_id=17988790199800711,scraping_instagram,chevy19772,"Jadi presiden cuma pingin bisnis2  nya maju dan cuma pingin dipujapuji masalah rakyat dia bodo amat, sial bgt gw jd WNI"
17897389587309164,2026-05-22T12:17:27+00:00,0,https://www.instagram.com/reel/DYmu1e6PyWi/,https://www.instagram.com/reel/DYmu1e6PyWi/?comment_id=17897389587309164,scraping_instagram,wakhid_1286,"Mau sampai kapan indonesia dipimpin orang kaya gitu,, marilah semua rakyat bersatu... Jangan hanya diam..."
17900412198284868,2026-05-22T12:16:25+00:00,0,https://www.instagram.com/reel/DYmu1e6PyWi/,https://www.instagram.com/reel/DYmu1e6PyWi/?comment_id=17900412198284868,scraping_instagram,sumarni_rana_achmad,Hayo siapa yg sebelumnya ngotot milih dia lagi dia lagi sampe jadi😂
18391077133093160,2026-05-22T12:16:14+00:00,0,https://www.instagram.com/reel/DYmu1e6PyWi/,https://www.instagram.com/reel/DYmu1e6PyWi/?comment_id=18391077133093160,scraping_instagram,az_zahwan,Bikin muak tiap hari dengan kebijakan anda @prabowo
18014338454696324,2026-05-22T12:16:12+00:00,1,https://www.instagram.com/reel/DYmu1e6PyWi/,https://www.instagram.com/reel/DYmu1e6PyWi/?comment_id=18014338454696324,scraping_instagram,pengembara1824,Ayolah pemuda segera bergerak jangan terlalu sering dipermainkan oleh pejabat brengsek 🔥🔥🔥🔥🔥
18099918608040376,2026-05-22T12:13:46+00:00,0,https://www.instagram.com/reel/DYmu1e6PyWi/,https://www.instagram.com/reel/DYmu1e6PyWi/?comment_id=18099918608040376,scraping_instagram,hartan2515,Lama gak liat mbak nana
18107820590478283,2026-05-22T12:13:02+00:00,0,https://www.instagram.com/reel/DYmu1e6PyWi/,https://www.instagram.com/reel/DYmu1e6PyWi/?comment_id=18107820590478283,scraping_instagram,ramakrisma6,PRESIDEN BODOH
18327312424267793,2026-05-22T12:12:13+00:00,0,https://www.instagram.com/reel/DYmu1e6PyWi/,https://www.instagram.com/reel/DYmu1e6PyWi/?comment_id=18327312424267793,scraping_instagram,muh_iqballe17,Badoso den miliah 58
18082141946621297,2026-05-22T12:07:56+00:00,0,https://www.instagram.com/reel/DYmu1e6PyWi/,https://www.instagram.com/reel/DYmu1e6PyWi/?comment_id=18082141946621297,scraping_instagram,kusribowo,Alah.. jogedin aja 😂😂😂
17930148564269884,2026-05-22T12:07:42+00:00,0,https://www.instagram.com/reel/DYmu1e6PyWi/,https://www.instagram.com/reel/DYmu1e6PyWi/?comment_id=17930148564269884,scraping_instagram,hendra.li.391,Dolar ora laku di bakul pecel haaa😂😂😂😂
18179258110400962,2026-05-22T12:06:57+00:00,0,https://www.instagram.com/reel/DYmu1e6PyWi/,https://www.instagram.com/reel/DYmu1e6PyWi/?comment_id=18179258110400962,scraping_instagram,hendra.li.391,"Santai aja kemarin saya beli pecel telur 15 ribu
.bayar pake ..fuit opo sih mas ini duiy monopoli yaaa. Ora laku masss haaaaa"
18108093071490944,2026-05-22T12:05:51+00:00,0,https://www.instagram.com/reel/DYmu1e6PyWi/,https://www.instagram.com/reel/DYmu1e6PyWi/?comment_id=18108093071490944,scraping_instagram,setia_budi1357,👏🏿
17903685855264289,2026-05-22T12:05:26+00:00,0,https://www.instagram.com/reel/DYmu1e6PyWi/,https://www.instagram.com/reel/DYmu1e6PyWi/?comment_id=17903685855264289,scraping_instagram,cellanys,😂😂
18129737044607178,2026-05-22T12:05:17+00:00,0,https://www.instagram.com/reel/DYmu1e6PyWi/,https://www.instagram.com/reel/DYmu1e6PyWi/?comment_id=18129737044607178,scraping_instagram,liew.sha,😢😢ya allah
18107481167485145,2026-05-22T12:05:14+00:00,0,https://www.instagram.com/reel/DYmu1e6PyWi/,https://www.instagram.com/reel/DYmu1e6PyWi/?comment_id=18107481167485145,scraping_instagram,imamwahyudi8227,GTL : Gendut Tolol Lansia
17896304775455244,2026-05-22T12:04:09+00:00,0,https://www.instagram.com/reel/DYmu1e6PyWi/,https://www.instagram.com/reel/DYmu1e6PyWi/?comment_id=17896304775455244,scraping_instagram,indahwitari,Masa mau baliknke era 98 meminta pemerintah turun dg demo
17857609104641159,2026-05-22T12:01:54+00:00,20,https://www.instagram.com/reel/DYmu1e6PyWi/,https://www.instagram.com/reel/DYmu1e6PyWi/?comment_id=17857609104641159,scraping_instagram,madinadahlan_23,TUHAN..tolong bantu Indonesia jauhkan dr pemimpin saat ini
18076423112249042,2026-05-22T12:01:51+00:00,0,https://www.instagram.com/reel/DYmu1e6PyWi/,https://www.instagram.com/reel/DYmu1e6PyWi/?comment_id=18076423112249042,scraping_instagram,jinie_999,Kreatif bgt nih lagunya 🤭
18115059964840139,2026-05-22T12:01:38+00:00,0,https://www.instagram.com/reel/DYmu1e6PyWi/,https://www.instagram.com/reel/DYmu1e6PyWi/?comment_id=18115059964840139,scraping_instagram,arifinhalifah,Kenapa rakyat TDK bisa bersatu nevalkan pemerintahan
18100248136854424,2026-05-22T12:00:56+00:00,0,https://www.instagram.com/reel/DYmu1e6PyWi/,https://www.instagram.com/reel/DYmu1e6PyWi/?comment_id=18100248136854424,scraping_instagram,arifinhalifah,🔥🔥🔥🔥🔥
17995031639958857,2026-05-22T11:56:36+00:00,0,https://www.instagram.com/reel/DYmu1e6PyWi/,https://www.instagram.com/reel/DYmu1e6PyWi/?comment_id=17995031639958857,scraping_instagram,hanifjauhar,
18066087215429464,2026-05-22T11:56:34+00:00,1,https://www.instagram.com/reel/DYmu1e6PyWi/,https://www.instagram.com/reel/DYmu1e6PyWi/?comment_id=18066087215429464,scraping_instagram,m_farizmuammar,Like yg nyesel milih bontet ini >>>>>>
18070696658676085,2026-05-22T11:55:52+00:00,0,https://www.instagram.com/reel/DYmu1e6PyWi/,https://www.instagram.com/reel/DYmu1e6PyWi/?comment_id=18070696658676085,scraping_instagram,uminaynal,Ngadele teu eta Prabowo di jieun gambar kieu😂😂😂😂
17943160896207449,2026-05-22T11:55:51+00:00,0,https://www.instagram.com/reel/DYmu1e6PyWi/,https://www.instagram.com/reel/DYmu1e6PyWi/?comment_id=17943160896207449,scraping_instagram,nrllams,😂pemimpin iblis😂
18150222838489890,2026-05-22T11:54:51+00:00,0,https://www.instagram.com/reel/DYmu1e6PyWi/,https://www.instagram.com/reel/DYmu1e6PyWi/?comment_id=18150222838489890,scraping_instagram,nrllams,Rujit sia kehed
18102159893080020,2026-05-22T11:54:22+00:00,0,https://www.instagram.com/reel/DYmu1e6PyWi/,https://www.instagram.com/reel/DYmu1e6PyWi/?comment_id=18102159893080020,scraping_instagram,novaladranto,
18087440579065222,2026-05-22T11:54:15+00:00,0,https://www.instagram.com/reel/DYmu1e6PyWi/,https://www.instagram.com/reel/DYmu1e6PyWi/?comment_id=18087440579065222,scraping_instagram,aznainithaib,Nepalkan secepatnya wowo tu
17975893194022848,2026-05-22T11:51:02+00:00,0,https://www.instagram.com/reel/DYmu1e6PyWi/,https://www.instagram.com/reel/DYmu1e6PyWi/?comment_id=17975893194022848,scraping_instagram,nendi9243,💩💩💩💩💩💩💩💩💩🐶🐶🐶🐶🐶🐶🐶
18101784166966736,2026-05-22T11:50:52+00:00,0,https://www.instagram.com/reel/DYmu1e6PyWi/,https://www.instagram.com/reel/DYmu1e6PyWi/?comment_id=18101784166966736,scraping_instagram,sobriah204,👍👍👍👍
18123516940629947,2026-05-22T11:50:36+00:00,0,https://www.instagram.com/reel/DYmu1e6PyWi/,https://www.instagram.com/reel/DYmu1e6PyWi/?comment_id=18123516940629947,scraping_instagram,nendi9243,💩💩💩💩💩💩💩😠😠😠😠😠
18089380562594621,2026-05-22T11:50:27+00:00,0,https://www.instagram.com/reel/DYmu1e6PyWi/,https://www.instagram.com/reel/DYmu1e6PyWi/?comment_id=18089380562594621,scraping_instagram,ruskyardy,BANGSATNYA REZIM INI 🔥🔥🔥🔥
18425336263127743,2026-05-22T11:50:26+00:00,0,https://www.instagram.com/reel/DYmu1e6PyWi/,https://www.instagram.com/reel/DYmu1e6PyWi/?comment_id=18425336263127743,scraping_instagram,nendi9243,🔥🔥🔥🔥🔥🔥🔥🔥🔥🔥🔥
18467589973103626,2026-05-22T11:50:17+00:00,0,https://www.instagram.com/reel/DYmu1e6PyWi/,https://www.instagram.com/reel/DYmu1e6PyWi/?comment_id=18467589973103626,scraping_instagram,buntoro19,Hancur ni negri lama kelamaan
18077910380346825,2026-05-22T11:49:47+00:00,0,https://www.instagram.com/reel/DYmu1e6PyWi/,https://www.instagram.com/reel/DYmu1e6PyWi/?comment_id=18077910380346825,scraping_instagram,bali_meili,Kok gt ya udah d percaya rakyat 😢😢😢
18104754199947374,2026-05-22T11:49:13+00:00,0,https://www.instagram.com/reel/DYmu1e6PyWi/,https://www.instagram.com/reel/DYmu1e6PyWi/?comment_id=18104754199947374,scraping_instagram,sitihoiriyah,😢😢
18589473700003459,2026-05-22T11:49:00+00:00,0,https://www.instagram.com/reel/DYmu1e6PyWi/,https://www.instagram.com/reel/DYmu1e6PyWi/?comment_id=18589473700003459,scraping_instagram,ummu_rumaisha22,😢
18423638530124125,2026-05-22T11:48:38+00:00,27,https://www.instagram.com/reel/DYmu1e6PyWi/,https://www.instagram.com/reel/DYmu1e6PyWi/?comment_id=18423638530124125,scraping_instagram,sermotec70,Pemimpin plonga plongo😂😢
18012913502704006,2026-05-22T11:47:13+00:00,1,https://www.instagram.com/reel/DYmu1e6PyWi/,https://www.instagram.com/reel/DYmu1e6PyWi/?comment_id=18012913502704006,scraping_instagram,aloysialeonita,"Apalah dayaku ini 3usaha turun drastis penghasilannya karna pak wowok,pagi jualan di kantin sekolah kalah sama mbg,siang jualan sembako kalah sama merah putih, dan suami buka toko vape dari 2016-sekarang dari yg blm cukai sampai sekarang bercukai.. Eeee desas-desusnya dilarang 😰 mana udh umur, cari kerja susah.. Trus anak""ku mau dikasih makan apa coba -___-"
17992221236967419,2026-05-22T11:47:12+00:00,0,https://www.instagram.com/reel/DYmu1e6PyWi/,https://www.instagram.com/reel/DYmu1e6PyWi/?comment_id=17992221236967419,scraping_instagram,ameliahendro,Berani kalian rakya RI... Sebagai Rakyat sudah tidak menerima Resiko yg diTimbukan oleh para presiden... Wani Ora
18041927111583773,2026-05-22T11:46:37+00:00,0,https://www.instagram.com/reel/DYmu1e6PyWi/,https://www.instagram.com/reel/DYmu1e6PyWi/?comment_id=18041927111583773,scraping_instagram,roy.sarangi,Muak
18083020205132217,2026-05-22T11:46:27+00:00,0,https://www.instagram.com/reel/DYmu1e6PyWi/,https://www.instagram.com/reel/DYmu1e6PyWi/?comment_id=18083020205132217,scraping_instagram,herimbolang,yg milih ikut mempertanggung jawabkan di akhirat kelak.. banyak  rakyat yg menderita
17962834196937964,2026-05-22T11:45:57+00:00,0,https://www.instagram.com/reel/DYmu1e6PyWi/,https://www.instagram.com/reel/DYmu1e6PyWi/?comment_id=17962834196937964,scraping_instagram,soniapatra6,mangkanya nanti jgn sampai  dipilih lagi
18355552282213481,2026-05-22T11:45:34+00:00,0,https://www.instagram.com/reel/DYmu1e6PyWi/,https://www.instagram.com/reel/DYmu1e6PyWi/?comment_id=18355552282213481,scraping_instagram,ginoindo,Astaga ini sih pemerintah konoha
17879045088597476,2026-05-22T11:44:14+00:00,0,https://www.instagram.com/reel/DYmu1e6PyWi/,https://www.instagram.com/reel/DYmu1e6PyWi/?comment_id=17879045088597476,scraping_instagram,z_dan410,Thefuck😂😂😂😂
18088849427145547,2026-05-22T11:42:26+00:00,0,https://www.instagram.com/reel/DYmu1e6PyWi/,https://www.instagram.com/reel/DYmu1e6PyWi/?comment_id=18088849427145547,scraping_instagram,heromi.redmigo,Dan akun bot pun bereaksi 😂😂😂
18189288631373483,2026-05-22T11:41:04+00:00,0,https://www.instagram.com/reel/DYmu1e6PyWi/,https://www.instagram.com/reel/DYmu1e6PyWi/?comment_id=18189288631373483,scraping_instagram,ernisyti,Katanya ongkosbpesawt trun dn hor tidl di gaji yg kaya smakin kag mbg orng kaya yg smakin kay kami rakyt bisa nonton aja
17952149270981979,2026-05-22T11:40:48+00:00,0,https://www.instagram.com/reel/DYmu1e6PyWi/,https://www.instagram.com/reel/DYmu1e6PyWi/?comment_id=17952149270981979,scraping_instagram,wahid_nursidikk,"Gw liat negara ini bener bikin jengkel,nyesel gw tau masalah negara ... Solusi nya cuma 1 ganti personil yg gk kompeten,,,"
18397908745158476,2026-05-22T11:36:29+00:00,0,https://www.instagram.com/reel/DYmu1e6PyWi/,https://www.instagram.com/reel/DYmu1e6PyWi/?comment_id=18397908745158476,scraping_instagram,niamagon,"presiden  sekarang udah gak ada harganya. sampe rakyat bebas ngatain doi yg terlihat""bodoh""...tp sepertinya memang seperti itu.."
18107914735931875,2026-05-22T11:36:21+00:00,0,https://www.instagram.com/reel/DYmu1e6PyWi/,https://www.instagram.com/reel/DYmu1e6PyWi/?comment_id=18107914735931875,scraping_instagram,siokloan,KARMA IS REAL & VALID FOREVER. GOD'S POWER IS EVERYTHING....
18202805287343745,2026-05-22T11:35:41+00:00,0,https://www.instagram.com/reel/DYmu1e6PyWi/,https://www.instagram.com/reel/DYmu1e6PyWi/?comment_id=18202805287343745,scraping_instagram,_ralita,"Rakyat sudah bayar pajak buat gaji kalian heyyyy para pejabat para menteri, dengan kabinet sebanyak itu masa tidak bisa mengatasi dollar yang naik terus."
17876993649599929,2026-05-22T11:35:36+00:00,0,https://www.instagram.com/reel/DYmu1e6PyWi/,https://www.instagram.com/reel/DYmu1e6PyWi/?comment_id=17876993649599929,scraping_instagram,siokloan,👏😂👏😂👏😂👏😂👏😂
18092316266204009,2026-05-22T11:34:31+00:00,0,https://www.instagram.com/reel/DYmu1e6PyWi/,https://www.instagram.com/reel/DYmu1e6PyWi/?comment_id=18092316266204009,scraping_instagram,buntian_mentawrap,😭😭😭😭😭😭😭😭😭😭😭😭😭😭😭 brp thn dan bln lg ya???
18103313330107458,2026-05-22T11:34:24+00:00,0,https://www.instagram.com/reel/DYmu1e6PyWi/,https://www.instagram.com/reel/DYmu1e6PyWi/?comment_id=18103313330107458,scraping_instagram,ervianauraa_2,kemunduran bangett 😢
18427121236125847,2026-05-22T11:33:58+00:00,0,https://www.instagram.com/reel/DYmu1e6PyWi/,https://www.instagram.com/reel/DYmu1e6PyWi/?comment_id=18427121236125847,scraping_instagram,vavapeach07,Beliau di pidato lainnya: kata siapa rupiah melemah. Ada orang yang ingin melemahkan rupiah indonesia kuat.. indonesia mampu berdiri walaupun dollar menguat.
18220810381316929,2026-05-22T11:33:21+00:00,0,https://www.instagram.com/reel/DYmu1e6PyWi/,https://www.instagram.com/reel/DYmu1e6PyWi/?comment_id=18220810381316929,scraping_instagram,ramliebjramle,Kayak 🐒🐒🐒 tu prabowo
17906728119240935,2026-05-22T11:33:08+00:00,9,https://www.instagram.com/reel/DYmu1e6PyWi/,https://www.instagram.com/reel/DYmu1e6PyWi/?comment_id=17906728119240935,scraping_instagram,iz_zatulini,Itu yang terakhir dibungkam mbk najwa syihab @najwashihab ?
17925552003324836,2026-05-22T11:33:06+00:00,0,https://www.instagram.com/reel/DYmu1e6PyWi/,https://www.instagram.com/reel/DYmu1e6PyWi/?comment_id=17925552003324836,scraping_instagram,herie_setia,Demo lg
18118091239774851,2026-05-22T11:32:56+00:00,0,https://www.instagram.com/reel/DYmu1e6PyWi/,https://www.instagram.com/reel/DYmu1e6PyWi/?comment_id=18118091239774851,scraping_instagram,asn48430,
17912088783391642,2026-05-22T11:31:42+00:00,0,https://www.instagram.com/reel/DYmu1e6PyWi/,https://www.instagram.com/reel/DYmu1e6PyWi/?comment_id=17912088783391642,scraping_instagram,selfina_0385,😂
18120065143709130,2026-05-22T11:31:33+00:00,0,https://www.instagram.com/reel/DYmu1e6PyWi/,https://www.instagram.com/reel/DYmu1e6PyWi/?comment_id=18120065143709130,scraping_instagram,eddykwok83jodohproperty88,Keren
18075441752269526,2026-05-22T11:31:08+00:00,0,https://www.instagram.com/reel/DYmu1e6PyWi/,https://www.instagram.com/reel/DYmu1e6PyWi/?comment_id=18075441752269526,scraping_instagram,glen.nsafardinakasone,"PRESIDEN...PRABOWO. udaaaaah UZHUR TUAbangka bau tanah uzhur JADI UDAH LUPA AMNESIA .DAN PRESIDEN PRABOWO TAK layak  JD PRESIDEN .
 MANA ..GAK PUNYA PERASAAN HATI NURANI BELAS KASIAN TDK RASA IBA .DAN RASA PRIHATIN PUNYA JIWA SOSIAL.
PRESIDEN PRABOWO HANYA MEMENTINGKAN DIRI SENDIRI PRIBADI DAN KELUARGA .PRESIDEN PRABOWO PINTER NGOMONG membual bkn drama licik PICIK  BACOOOOOOOOOT .
DR DULUUUUU HIDUP TDK PERNAH SENGSARA TDK PERNAH MERASAKAN MISKIN .KARENA DR ORANG KAYA BPK NYA PUN JMN SUKARNO FPRI  MELARIKAN DIRI  JMN SUKARNO....LARI KE YORDANIA DN JEPANG DLL
OMONGAN TERLALU MEMBUAL PEMBOHONG. MN MEMBELA ISRAEL YAHUDI AMERIKA  NEMBANTU AMERIKA  17 .6 TRIYUNAN  KURANG  KERJAAN DISAAT RAKYAT INDONESIA SUSAH SENGSARA 
.TIIDAAAAAAAAAAAAK HANCUR INDONESIA TURUNKAN LE GSENGKAN KGN KAN 2 PRIODE .CUKUP 2 TAHUN SAJA LENGSENGKAN ..

  PRABOWO  OMONGAN ...NYA TDK DIPERCAYA .....HEY ANTEK ANTEK  ASING ADA REKAMAN NYA PAK UJUNUG UJUNGNYA  NYUMBANG  SM.SMERIKA HEEEEEEY PARA KORUPTOR  AKAN SAYA KEJAR SAMPAI KE GURUN PASIR KE BENUA ANTARTIKA UJUNUG UJUNGNYA  KORUPTOR DI MAAAFKAN ANDA WARAS  ANDA LUPA ANDA AMNESIA UDAAAAAH UZHUR INGAT UMUR INGAT MATI INGAT DOSA PAK TOBAAAAAAAAATBYK MANUSIA PINTAR HEBAT GENIUS BERAKAL T BYK MANUSIA TDK  BISA MEMBEDAKAN MANA ITU MANUSIA MANA ITU TUHAN YG MENCIPTAKAN LANGIT BUMI BESERTA ISINYA DIDUNIA INI .MASIH MENUHANKAN MANUSIA SAPI BERHALA PATUNG  KERA  DLLBYK MANUSIA PINTAR HEBAT GENIUS BERAKAL T BYK MANUSIA TDK  BISA MEMBEDAKAN MANA ITU MANUSIA MANA ITU TUHAN YG MENCIPTAKAN LANGIT BUMI BESERTA ISINYA DIDUNIA INI .MASIH MENUHANKAN MANUSIA SAPI BERHALA PATUNG  KERA  DLLKURANG KERJAAN  NEGARA SENDIRI GAKK.Di URUS NEGARA SENDIRI  MASIH BNYK SUSAH MELARAT MISKIN BYK BENCANA BUKAN NYA BERPIKIR  POSITIF UNTUK MMEMBANGUN MEMBANTU PEDULI PD RAKYAT INDONESIA  YG SEMAKIN HARI SEMAKIN SUSAH"
18002866067929242,2026-05-22T11:31:00+00:00,0,https://www.instagram.com/reel/DYmu1e6PyWi/,https://www.instagram.com/reel/DYmu1e6PyWi/?comment_id=18002866067929242,scraping_instagram,mona08022024,Keren videonya
17889779742484227,2026-05-22T11:30:37+00:00,2,https://www.instagram.com/reel/DYmu1e6PyWi/,https://www.instagram.com/reel/DYmu1e6PyWi/?comment_id=17889779742484227,scraping_instagram,anggiasrirahayu,Gw lgsng apal lagunya
17899963782444719,2026-05-22T11:30:26+00:00,0,https://www.instagram.com/reel/DYmu1e6PyWi/,https://www.instagram.com/reel/DYmu1e6PyWi/?comment_id=17899963782444719,scraping_instagram,yuu_siregar12,dan yaps hrga tbs turun drastis
18019821110674199,2026-05-22T11:27:51+00:00,0,https://www.instagram.com/reel/DYmu1e6PyWi/,https://www.instagram.com/reel/DYmu1e6PyWi/?comment_id=18019821110674199,scraping_instagram,nanuwa821,"Presiden tertolol yg pernah ada,btw mana nih buzzer wowok"
18013543547752018,2026-05-22T11:24:14+00:00,0,https://www.instagram.com/reel/DYmu1e6PyWi/,https://www.instagram.com/reel/DYmu1e6PyWi/?comment_id=18013543547752018,scraping_instagram,yenygunung,Rakyatnya susah dia ml Heppy luar biasa ya.pilihan siapa sih ni.
18105206374770624,2026-05-22T11:22:19+00:00,0,https://www.instagram.com/reel/DYmu1e6PyWi/,https://www.instagram.com/reel/DYmu1e6PyWi/?comment_id=18105206374770624,scraping_instagram,syiffausd,Pemujanya kok buta buta bnget matanya😂😂
17927172264321369,2026-05-22T11:22:10+00:00,0,https://www.instagram.com/reel/DYmu1e6PyWi/,https://www.instagram.com/reel/DYmu1e6PyWi/?comment_id=17927172264321369,scraping_instagram,gunawanifaa,Parah2 pak prabowo🤦‍♂️
18040992491790250,2026-05-22T11:22:07+00:00,0,https://www.instagram.com/reel/DYmu1e6PyWi/,https://www.instagram.com/reel/DYmu1e6PyWi/?comment_id=18040992491790250,scraping_instagram,yenygunung,Gelo
18060763046486443,2026-05-22T11:21:11+00:00,2,https://www.instagram.com/reel/DYmu1e6PyWi/,https://www.instagram.com/reel/DYmu1e6PyWi/?comment_id=18060763046486443,scraping_instagram,raffi77737,
17882806818575220,2026-05-22T11:20:59+00:00,1,https://www.instagram.com/reel/DYmu1e6PyWi/,https://www.instagram.com/reel/DYmu1e6PyWi/?comment_id=17882806818575220,scraping_instagram,henny84845,Barisan sakit hati...
18407240368144767,2026-05-22T11:20:14+00:00,0,https://www.instagram.com/reel/DYmu1e6PyWi/,https://www.instagram.com/reel/DYmu1e6PyWi/?comment_id=18407240368144767,scraping_instagram,novab0308,Kenapa gk ada narasi mau kaya 98 ya??
17952363077982074,2026-05-22T11:19:42+00:00,0,https://www.instagram.com/reel/DYmu1e6PyWi/,https://www.instagram.com/reel/DYmu1e6PyWi/?comment_id=17952363077982074,scraping_instagram,fauzanfarahqu,😢😢😢😢 ya Allah
18141342808536810,2026-05-22T11:18:51+00:00,3,https://www.instagram.com/reel/DYmu1e6PyWi/,https://www.instagram.com/reel/DYmu1e6PyWi/?comment_id=18141342808536810,scraping_instagram,aldi_ramadhani__,Prabowo said : kalau ingin menghancurkan bangsa maka lemahkan lah mata uangnya
18405209413149758,2026-05-22T11:18:42+00:00,0,https://www.instagram.com/reel/DYmu1e6PyWi/,https://www.instagram.com/reel/DYmu1e6PyWi/?comment_id=18405209413149758,scraping_instagram,karapsimu,😢
18121209412709753,2026-05-22T11:17:13+00:00,0,https://www.instagram.com/reel/DYmu1e6PyWi/,https://www.instagram.com/reel/DYmu1e6PyWi/?comment_id=18121209412709753,scraping_instagram,ulfamaria_duduk,"Sakit hati lihat  video SPT  ini, tapi inilah kenyataannya"
17870266515525201,2026-05-22T11:16:57+00:00,0,https://www.instagram.com/reel/DYmu1e6PyWi/,https://www.instagram.com/reel/DYmu1e6PyWi/?comment_id=17870266515525201,scraping_instagram,ravisuliawan,Ancur dah
18099826253045563,2026-05-22T11:15:44+00:00,0,https://www.instagram.com/reel/DYmu1e6PyWi/,https://www.instagram.com/reel/DYmu1e6PyWi/?comment_id=18099826253045563,scraping_instagram,simbahgokiel,
17941450842037173,2026-05-22T11:15:24+00:00,0,https://www.instagram.com/reel/DYmu1e6PyWi/,https://www.instagram.com/reel/DYmu1e6PyWi/?comment_id=17941450842037173,scraping_instagram,simbahgokiel,
17980628750847205,2026-05-22T11:15:14+00:00,0,https://www.instagram.com/reel/DYmu1e6PyWi/,https://www.instagram.com/reel/DYmu1e6PyWi/?comment_id=17980628750847205,scraping_instagram,simbahgokiel,
18089749268010343,2026-05-22T11:15:08+00:00,0,https://www.instagram.com/reel/DYmu1e6PyWi/,https://www.instagram.com/reel/DYmu1e6PyWi/?comment_id=18089749268010343,scraping_instagram,simbahgokiel,
18090457007010816,2026-05-22T11:14:54+00:00,0,https://www.instagram.com/reel/DYmu1e6PyWi/,https://www.instagram.com/reel/DYmu1e6PyWi/?comment_id=18090457007010816,scraping_instagram,simbahgokiel,
18135115729489511,2026-05-22T11:13:06+00:00,0,https://www.instagram.com/reel/DYmu1e6PyWi/,https://www.instagram.com/reel/DYmu1e6PyWi/?comment_id=18135115729489511,scraping_instagram,endahvebriani,"5 kali nyalon gagal, giliran berhasil jd presiden gagal juga 😮"
17903141238426147,2026-05-22T11:11:15+00:00,0,https://www.instagram.com/reel/DYmu1e6PyWi/,https://www.instagram.com/reel/DYmu1e6PyWi/?comment_id=17903141238426147,scraping_instagram,rikimambo1989,@yetitaher
17944333500076625,2026-05-22T11:11:02+00:00,0,https://www.instagram.com/reel/DYmu1e6PyWi/,https://www.instagram.com/reel/DYmu1e6PyWi/?comment_id=17944333500076625,scraping_instagram,sasmito1963,Nikmati aja
18169936522414801,2026-05-22T11:11:01+00:00,0,https://www.instagram.com/reel/DYmu1e6PyWi/,https://www.instagram.com/reel/DYmu1e6PyWi/?comment_id=18169936522414801,scraping_instagram,homedress_bybunda,Sindiran halus tp pedes level 1jt🔥
18013976099696412,2026-05-22T11:10:00+00:00,0,https://www.instagram.com/reel/DYmu1e6PyWi/,https://www.instagram.com/reel/DYmu1e6PyWi/?comment_id=18013976099696412,scraping_instagram,yatiemakeup,😢😢😢
18065019800412712,2026-05-22T11:09:54+00:00,0,https://www.instagram.com/reel/DYmu1e6PyWi/,https://www.instagram.com/reel/DYmu1e6PyWi/?comment_id=18065019800412712,scraping_instagram,ismitutinatsir,Postingan goblok...pembenci pemerintah gak mutu drun..presiden jd olok2an dasar kadrun tolpl yg posting gak berkah jagoan nya kalah pilpresd dungu yg posting
18063943544447536,2026-05-22T11:09:42+00:00,0,https://www.instagram.com/reel/DYmu1e6PyWi/,https://www.instagram.com/reel/DYmu1e6PyWi/?comment_id=18063943544447536,scraping_instagram,tony.arto1,Aaaaa.. Uwa owowo... Wowo.. Tarzan kota😂
17956710081124665,2026-05-22T11:07:56+00:00,0,https://www.instagram.com/reel/DYmu1e6PyWi/,https://www.instagram.com/reel/DYmu1e6PyWi/?comment_id=17956710081124665,scraping_instagram,diyahku1997,🔥
17855767020661341,2026-05-22T11:06:54+00:00,1,https://www.instagram.com/reel/DYmu1e6PyWi/,https://www.instagram.com/reel/DYmu1e6PyWi/?comment_id=17855767020661341,scraping_instagram,add_tya77,Rak ndue manuk guaya
18470431612103328,2026-05-22T11:05:57+00:00,0,https://www.instagram.com/reel/DYmu1e6PyWi/,https://www.instagram.com/reel/DYmu1e6PyWi/?comment_id=18470431612103328,scraping_instagram,yusi223344,Pusing
18114059149877341,2026-05-22T11:02:41+00:00,0,https://www.instagram.com/reel/DYmu1e6PyWi/,https://www.instagram.com/reel/DYmu1e6PyWi/?comment_id=18114059149877341,scraping_instagram,elverasalma,Itu seperti Najwa yg di bungkam?
17924946918336448,2026-05-22T11:02:33+00:00,0,https://www.instagram.com/reel/DYmu1e6PyWi/,https://www.instagram.com/reel/DYmu1e6PyWi/?comment_id=17924946918336448,scraping_instagram,liberty_walk090,MBeGo
17881169907591639,2026-05-22T11:01:49+00:00,0,https://www.instagram.com/reel/DYmu1e6PyWi/,https://www.instagram.com/reel/DYmu1e6PyWi/?comment_id=17881169907591639,scraping_instagram,lilissumiarsih64,🔥🔥🔥
18084927182619543,2026-05-22T10:59:53+00:00,0,https://www.instagram.com/reel/DYmu1e6PyWi/,https://www.instagram.com/reel/DYmu1e6PyWi/?comment_id=18084927182619543,scraping_instagram,_dilaa0p,nyesal milih presiden oon😂
18086315057371931,2026-05-22T10:59:38+00:00,0,https://www.instagram.com/reel/DYmu1e6PyWi/,https://www.instagram.com/reel/DYmu1e6PyWi/?comment_id=18086315057371931,scraping_instagram,maisael,
17885381505399243,2026-05-22T10:58:58+00:00,5,https://www.instagram.com/reel/DYmu1e6PyWi/,https://www.instagram.com/reel/DYmu1e6PyWi/?comment_id=17885381505399243,scraping_instagram,supar_disobo,"Dah ga usah disesali yg milih dulu siapa ?? Trima saja nasib ibarat lagi naik pesawat ✈️ perjalanan masih jauh , pilot baru lulus , ketinggian 10 000 kaki , bawah samudra luas , kru juga baru PKL , pesawat udah tua , ya banyak berdoa dan kencangkan sabuk pengaman !!?😂😂"
18098954665892231,2026-05-22T10:56:50+00:00,0,https://www.instagram.com/reel/DYmu1e6PyWi/,https://www.instagram.com/reel/DYmu1e6PyWi/?comment_id=18098954665892231,scraping_instagram,yayah.arbayah,😂😂😂😂
18092093417244814,2026-05-22T10:56:21+00:00,0,https://www.instagram.com/reel/DYmu1e6PyWi/,https://www.instagram.com/reel/DYmu1e6PyWi/?comment_id=18092093417244814,scraping_instagram,sa_lsabila7892,Untung gua kaga pilih entee pak
17953523601075095,2026-05-22T10:52:03+00:00,0,https://www.instagram.com/reel/DYmu1e6PyWi/,https://www.instagram.com/reel/DYmu1e6PyWi/?comment_id=17953523601075095,scraping_instagram,eliz.kupit,Dia liat postingan ini gak ya😂😂😂
18082301117440325,2026-05-22T10:51:17+00:00,0,https://www.instagram.com/reel/DYmu1e6PyWi/,https://www.instagram.com/reel/DYmu1e6PyWi/?comment_id=18082301117440325,scraping_instagram,hafiznul,"Terlepas dari bagaimana gue gregetan nya sama prabowo. Satu hal yang gue ga mau, GA MAU GIBRAN NAIK, jadi pleaseee 10 tahun kemarin kita sabar kok, ini sabar yaa sampe 2029. Jangan ampe gibran naik."
18104176921979712,2026-05-22T10:49:47+00:00,0,https://www.instagram.com/reel/DYmu1e6PyWi/,https://www.instagram.com/reel/DYmu1e6PyWi/?comment_id=18104176921979712,scraping_instagram,bluesaffire_10,Presiden terburuk
17955853196963861,2026-05-22T10:48:12+00:00,0,https://www.instagram.com/reel/DYmu1e6PyWi/,https://www.instagram.com/reel/DYmu1e6PyWi/?comment_id=17955853196963861,scraping_instagram,baduy3548,"Bisnis wowo maneg klu tidak jdi pejabat, makanya wowo ambisi cuma bisnis bkn karna bela rakyat"
18216494452324140,2026-05-22T10:45:38+00:00,0,https://www.instagram.com/reel/DYmu1e6PyWi/,https://www.instagram.com/reel/DYmu1e6PyWi/?comment_id=18216494452324140,scraping_instagram,melckitolip,😂😂😂😂
17976425940031277,2026-05-22T10:45:08+00:00,0,https://www.instagram.com/reel/DYmu1e6PyWi/,https://www.instagram.com/reel/DYmu1e6PyWi/?comment_id=17976425940031277,scraping_instagram,fitrh_mrf28,@gibran_rakabuming
18106183993946547,2026-05-22T10:44:41+00:00,0,https://www.instagram.com/reel/DYmu1e6PyWi/,https://www.instagram.com/reel/DYmu1e6PyWi/?comment_id=18106183993946547,scraping_instagram,frdpyg_,Jual hewan wowo minat DM!!!!
18144347659501761,2026-05-22T10:44:30+00:00,0,https://www.instagram.com/reel/DYmu1e6PyWi/,https://www.instagram.com/reel/DYmu1e6PyWi/?comment_id=18144347659501761,scraping_instagram,prontorush.print,Mau nanya nih seriusan......‼️Mending mana ya jokowi atau prabowo yah????.....
18099408365113677,2026-05-22T10:41:31+00:00,0,https://www.instagram.com/reel/DYmu1e6PyWi/,https://www.instagram.com/reel/DYmu1e6PyWi/?comment_id=18099408365113677,scraping_instagram,ria_tiba2,😂😂😂😂😂😂😂😂😂😂
18142688890509934,2026-05-22T10:39:44+00:00,0,https://www.instagram.com/reel/DYmu1e6PyWi/,https://www.instagram.com/reel/DYmu1e6PyWi/?comment_id=18142688890509934,scraping_instagram,gdpradnyakusuma,Bagus edit video nya  @prabowo
18113383099871159,2026-05-22T10:39:08+00:00,0,https://www.instagram.com/reel/DYmu1e6PyWi/,https://www.instagram.com/reel/DYmu1e6PyWi/?comment_id=18113383099871159,scraping_instagram,dina_oemsa159,sopoooo sing miliiiiih embah2 wis pikuuun ?
17877535230460254,2026-05-22T10:38:00+00:00,0,https://www.instagram.com/reel/DYmu1e6PyWi/,https://www.instagram.com/reel/DYmu1e6PyWi/?comment_id=17877535230460254,scraping_instagram,skyhapines,@prabowo @presidenrepublikindonesia liat wo lu di cengin
18103645858976979,2026-05-22T10:37:34+00:00,0,https://www.instagram.com/reel/DYmu1e6PyWi/,https://www.instagram.com/reel/DYmu1e6PyWi/?comment_id=18103645858976979,scraping_instagram,asmet_property,Semoga pemilihnya di tempatkan di neraka jahanam
18078016082345761,2026-05-22T10:37:15+00:00,0,https://www.instagram.com/reel/DYmu1e6PyWi/,https://www.instagram.com/reel/DYmu1e6PyWi/?comment_id=18078016082345761,scraping_instagram,nannidesu,Sakit jiwa
18350940271243467,2026-05-22T10:35:32+00:00,0,https://www.instagram.com/reel/DYmu1e6PyWi/,https://www.instagram.com/reel/DYmu1e6PyWi/?comment_id=18350940271243467,scraping_instagram,nisyaanasss,mancing rakyat bgt 😂
18110824874492270,2026-05-22T10:34:15+00:00,0,https://www.instagram.com/reel/DYmu1e6PyWi/,https://www.instagram.com/reel/DYmu1e6PyWi/?comment_id=18110824874492270,scraping_instagram,desnatalia1971,Ya Allah lindungi bangsaku dr marabahaya aamiin ya allah
18048562196771167,2026-05-22T10:33:47+00:00,0,https://www.instagram.com/reel/DYmu1e6PyWi/,https://www.instagram.com/reel/DYmu1e6PyWi/?comment_id=18048562196771167,scraping_instagram,putriokedental,Smga cepat dpt azab nya🤲🤲
18074380076303854,2026-05-22T10:31:51+00:00,0,https://www.instagram.com/reel/DYmu1e6PyWi/,https://www.instagram.com/reel/DYmu1e6PyWi/?comment_id=18074380076303854,scraping_instagram,pakde_rommie,"Dulu... stress di kantor, pas nyampe rumah, istirahat sambil lihat medsos, langsung TERHIBUR. Sekarang ? Pulang gawe stress, pas liat medsos nemu postingan si gemoy pidato, ama orang2 bussuukk di sekelilingnya, malah bikin TANTRUM... Bangsaaaaaadddd. Mana 2029 masih lama lagi. Anjjjjj*******g"
18552671170068235,2026-05-22T10:31:05+00:00,0,https://www.instagram.com/reel/DYmu1e6PyWi/,https://www.instagram.com/reel/DYmu1e6PyWi/?comment_id=18552671170068235,scraping_instagram,exsan_alaqraby,#janganpilihlagi
18528337246074076,2026-05-22T10:30:48+00:00,0,https://www.instagram.com/reel/DYmu1e6PyWi/,https://www.instagram.com/reel/DYmu1e6PyWi/?comment_id=18528337246074076,scraping_instagram,yourstrulydamage__,@prabowo ndut liat ndut
18079896458550561,2026-05-22T10:30:30+00:00,0,https://www.instagram.com/reel/DYmu1e6PyWi/,https://www.instagram.com/reel/DYmu1e6PyWi/?comment_id=18079896458550561,scraping_instagram,deryaaditya,Gas presiden ku
17894669100329385,2026-05-22T10:30:25+00:00,0,https://www.instagram.com/reel/DYmu1e6PyWi/,https://www.instagram.com/reel/DYmu1e6PyWi/?comment_id=17894669100329385,scraping_instagram,bsrisulaksini,Gila
17887412817539315,2026-05-22T10:30:12+00:00,0,https://www.instagram.com/reel/DYmu1e6PyWi/,https://www.instagram.com/reel/DYmu1e6PyWi/?comment_id=17887412817539315,scraping_instagram,jack_henry_s,Si Wowo
18045806165563692,2026-05-22T10:29:05+00:00,0,https://www.instagram.com/reel/DYmu1e6PyWi/,https://www.instagram.com/reel/DYmu1e6PyWi/?comment_id=18045806165563692,scraping_instagram,lismawatihana,Ya Allah.. Disisa hidupnya😢
17894731251465133,2026-05-22T10:29:04+00:00,0,https://www.instagram.com/reel/DYmu1e6PyWi/,https://www.instagram.com/reel/DYmu1e6PyWi/?comment_id=17894731251465133,scraping_instagram,rawr_wkwk,Tang ..utang...utang
18098102300515297,2026-05-22T10:27:35+00:00,0,https://www.instagram.com/reel/DYmu1e6PyWi/,https://www.instagram.com/reel/DYmu1e6PyWi/?comment_id=18098102300515297,scraping_instagram,bayama0_5,Gathel rakyat sekarat
18104811415886435,2026-05-22T10:26:58+00:00,0,https://www.instagram.com/reel/DYmu1e6PyWi/,https://www.instagram.com/reel/DYmu1e6PyWi/?comment_id=18104811415886435,scraping_instagram,komangsundayani,😢
18097639562329187,2026-05-22T10:26:24+00:00,0,https://www.instagram.com/reel/DYmu1e6PyWi/,https://www.instagram.com/reel/DYmu1e6PyWi/?comment_id=18097639562329187,scraping_instagram,bimba87134,Tdk akan bisa.. Sdh kokohh.. 😢
18321866119260041,2026-05-22T10:26:17+00:00,0,https://www.instagram.com/reel/DYmu1e6PyWi/,https://www.instagram.com/reel/DYmu1e6PyWi/?comment_id=18321866119260041,scraping_instagram,bayama0_5,Pemerintahan dikuasai perampok Fisik Prabowo otak asu Jokowi.
18093473984264555,2026-05-22T10:24:41+00:00,0,https://www.instagram.com/reel/DYmu1e6PyWi/,https://www.instagram.com/reel/DYmu1e6PyWi/?comment_id=18093473984264555,scraping_instagram,febrina.saslichi,"Ayooo dong jogetin aja,, aseekkkk 😂😂😂"
17852908779675416,2026-05-22T10:24:19+00:00,0,https://www.instagram.com/reel/DYmu1e6PyWi/,https://www.instagram.com/reel/DYmu1e6PyWi/?comment_id=17852908779675416,scraping_instagram,jumari.spd34,Benar terus kita awasi🔥
17991102155989023,2026-05-22T10:23:30+00:00,0,https://www.instagram.com/reel/DYmu1e6PyWi/,https://www.instagram.com/reel/DYmu1e6PyWi/?comment_id=17991102155989023,scraping_instagram,juliartosabar,🔥🔥🔥🔥🔥🔥 B I A D A B....B I A D A B...BI A D A B....R E V O L U S I. LEBIH CEPAT LEBIH BAIK
18102332987280006,2026-05-22T10:22:23+00:00,0,https://www.instagram.com/reel/DYmu1e6PyWi/,https://www.instagram.com/reel/DYmu1e6PyWi/?comment_id=18102332987280006,scraping_instagram,erick_wilan,Presiden Prabroro gilaaa...tuuh yang milih 58% data statistik kategori gilaaa😂👏
18103750724066287,2026-05-22T10:21:45+00:00,0,https://www.instagram.com/reel/DYmu1e6PyWi/,https://www.instagram.com/reel/DYmu1e6PyWi/?comment_id=18103750724066287,scraping_instagram,mulyanirorosri,Sedih sekali negeti ini jd sarang penjahat elit...😭😭
18095742484914518,2026-05-22T10:21:24+00:00,0,https://www.instagram.com/reel/DYmu1e6PyWi/,https://www.instagram.com/reel/DYmu1e6PyWi/?comment_id=18095742484914518,scraping_instagram,setiawan_bono,Pak Prabowo sedang mempertahankan kedaulatan nya. Makanya rupiah di lemahkan
18038713460602543,2026-05-22T10:21:22+00:00,0,https://www.instagram.com/reel/DYmu1e6PyWi/,https://www.instagram.com/reel/DYmu1e6PyWi/?comment_id=18038713460602543,scraping_instagram,agungnur451,Yg utang mrk biar mrk yg byr.rakyat GK liat uang nya jg
18067879631376029,2026-05-22T10:20:55+00:00,0,https://www.instagram.com/reel/DYmu1e6PyWi/,https://www.instagram.com/reel/DYmu1e6PyWi/?comment_id=18067879631376029,scraping_instagram,agungnur451,Kirain dia cerdas n hidup nya untuk rakyat ternyata GK tau LBH baik dr pak Jokowi
18103536175974591,2026-05-22T10:20:16+00:00,0,https://www.instagram.com/reel/DYmu1e6PyWi/,https://www.instagram.com/reel/DYmu1e6PyWi/?comment_id=18103536175974591,scraping_instagram,seo5170,Daripada Buat bayar buzzer mending buat pendidikan dan kesrhatan gratis😢
18337764334220958,2026-05-22T10:19:17+00:00,0,https://www.instagram.com/reel/DYmu1e6PyWi/,https://www.instagram.com/reel/DYmu1e6PyWi/?comment_id=18337764334220958,scraping_instagram,suwetraketut,Seumur hidup Ndak pernah  sebegini menyesalinya memilih manusia ini jadi presiden
17996214539779654,2026-05-22T10:16:02+00:00,0,https://www.instagram.com/reel/DYmu1e6PyWi/,https://www.instagram.com/reel/DYmu1e6PyWi/?comment_id=17996214539779654,scraping_instagram,rustiyana_18,Ijin repost ka..🙏
18097790420147462,2026-05-22T10:15:29+00:00,0,https://www.instagram.com/reel/DYmu1e6PyWi/,https://www.instagram.com/reel/DYmu1e6PyWi/?comment_id=18097790420147462,scraping_instagram,julay_kamals,Sepi amat ga ada yg demo apa ❓
18422584975131542,2026-05-22T10:14:52+00:00,0,https://www.instagram.com/reel/DYmu1e6PyWi/,https://www.instagram.com/reel/DYmu1e6PyWi/?comment_id=18422584975131542,scraping_instagram,indonesia_menjerit,PIKUN PEKOK
18008611229863921,2026-05-22T10:14:25+00:00,0,https://www.instagram.com/reel/DYmu1e6PyWi/,https://www.instagram.com/reel/DYmu1e6PyWi/?comment_id=18008611229863921,scraping_instagram,rinawijaya98,Kreatif banget
17889691203481556,2026-05-22T10:13:18+00:00,0,https://www.instagram.com/reel/DYmu1e6PyWi/,https://www.instagram.com/reel/DYmu1e6PyWi/?comment_id=17889691203481556,scraping_instagram,jdh.4746,Eneg gw lihat dia. Wahai antek antek asing wowo gabung kalian
18103333588816682,2026-05-22T10:12:57+00:00,0,https://www.instagram.com/reel/DYmu1e6PyWi/,https://www.instagram.com/reel/DYmu1e6PyWi/?comment_id=18103333588816682,scraping_instagram,edy_sutanto2670,"Bingung dg pemimpin dari Mulyono sampai omomn "" cm ngomong sj"
17901051270440271,2026-05-22T10:12:44+00:00,0,https://www.instagram.com/reel/DYmu1e6PyWi/,https://www.instagram.com/reel/DYmu1e6PyWi/?comment_id=17901051270440271,scraping_instagram,nurulannysha,Gak ada yg mau nge tag orangnya?
18033478181620283,2026-05-22T10:11:11+00:00,0,https://www.instagram.com/reel/DYmu1e6PyWi/,https://www.instagram.com/reel/DYmu1e6PyWi/?comment_id=18033478181620283,scraping_instagram,aiuaurabintang,Alhamdulillah saya ga pernah tertarik pilih ini manusia
18358003522233832,2026-05-22T10:11:03+00:00,0,https://www.instagram.com/reel/DYmu1e6PyWi/,https://www.instagram.com/reel/DYmu1e6PyWi/?comment_id=18358003522233832,scraping_instagram,erna9432,Oke gas oke gas...🤭
18082303724145558,2026-05-22T10:10:09+00:00,0,https://www.instagram.com/reel/DYmu1e6PyWi/,https://www.instagram.com/reel/DYmu1e6PyWi/?comment_id=18082303724145558,scraping_instagram,nayshilla2067,buntelan kentut.
17951097210141306,2026-05-22T10:09:19+00:00,0,https://www.instagram.com/reel/DYmu1e6PyWi/,https://www.instagram.com/reel/DYmu1e6PyWi/?comment_id=17951097210141306,scraping_instagram,ppejuangsurga,Lanjut korupsi👏
18140098477526172,2026-05-22T10:08:10+00:00,0,https://www.instagram.com/reel/DYmu1e6PyWi/,https://www.instagram.com/reel/DYmu1e6PyWi/?comment_id=18140098477526172,scraping_instagram,yttpan,Keren😂😂😂😂😂
17902293471429305,2026-05-22T10:07:45+00:00,0,https://www.instagram.com/reel/DYmu1e6PyWi/,https://www.instagram.com/reel/DYmu1e6PyWi/?comment_id=17902293471429305,scraping_instagram,pradiptyawulandari,Terpantau anak ku yang kelas 6 Sd like postingan  ini
18085960247527488,2026-05-22T10:05:59+00:00,0,https://www.instagram.com/reel/DYmu1e6PyWi/,https://www.instagram.com/reel/DYmu1e6PyWi/?comment_id=18085960247527488,scraping_instagram,chevhepoerwanto.vp,😭
18102402665076268,2026-05-22T10:05:46+00:00,0,https://www.instagram.com/reel/DYmu1e6PyWi/,https://www.instagram.com/reel/DYmu1e6PyWi/?comment_id=18102402665076268,scraping_instagram,haw_a216,Stop
18099381635160779,2026-05-22T10:04:29+00:00,0,https://www.instagram.com/reel/DYmu1e6PyWi/,https://www.instagram.com/reel/DYmu1e6PyWi/?comment_id=18099381635160779,scraping_instagram,undanghernawa,Astaghfirullah
18005568410874488,2026-05-22T10:03:33+00:00,0,https://www.instagram.com/reel/DYmu1e6PyWi/,https://www.instagram.com/reel/DYmu1e6PyWi/?comment_id=18005568410874488,scraping_instagram,qonitasma,❤️
18424983754123480,2026-05-22T10:02:07+00:00,0,https://www.instagram.com/reel/DYmu1e6PyWi/,https://www.instagram.com/reel/DYmu1e6PyWi/?comment_id=18424983754123480,scraping_instagram,atindjukarniatin,👎
18587504356007090,2026-05-22T10:01:49+00:00,0,https://www.instagram.com/reel/DYmu1e6PyWi/,https://www.instagram.com/reel/DYmu1e6PyWi/?comment_id=18587504356007090,scraping_instagram,chairijah5216,"Lebih baik wo dan wakilnya mundur dan mengakui kalau Anis pemenang sesungguhnya.Insyaallah wo dikenang sebagai pahlawan kebenaran.
Insyaallah dg kun fayakun maka jadilah Anis RI 1 tanpa tunggu 2029."
17904172422424730,2026-05-22T10:01:12+00:00,0,https://www.instagram.com/reel/DYmu1e6PyWi/,https://www.instagram.com/reel/DYmu1e6PyWi/?comment_id=17904172422424730,scraping_instagram,faatin.thalib,Cobaan warga konoha . 10 hari dzuhijah tambah di kasih ujian harus sabar punya pemimpin kyk gini .. 🥺
18117677608685203,2026-05-22T09:58:28+00:00,0,https://www.instagram.com/reel/DYmu1e6PyWi/,https://www.instagram.com/reel/DYmu1e6PyWi/?comment_id=18117677608685203,scraping_instagram,baragenie,siapa yg milih prabowo???
17857494996641917,2026-05-22T09:58:23+00:00,0,https://www.instagram.com/reel/DYmu1e6PyWi/,https://www.instagram.com/reel/DYmu1e6PyWi/?comment_id=17857494996641917,scraping_instagram,suswi_yanti,Mbg program yg dilaknat itu betul sekali ya Alloh tolong kami rakyat ini
17912442507203024,2026-05-22T09:58:15+00:00,0,https://www.instagram.com/reel/DYmu1e6PyWi/,https://www.instagram.com/reel/DYmu1e6PyWi/?comment_id=17912442507203024,scraping_instagram,herdisumur,Si babi wowo goblok
18048466106765870,2026-05-22T09:56:53+00:00,0,https://www.instagram.com/reel/DYmu1e6PyWi/,https://www.instagram.com/reel/DYmu1e6PyWi/?comment_id=18048466106765870,scraping_instagram,ratihdhiera,Pemeras ulung
18140550910519562,2026-05-22T09:56:34+00:00,0,https://www.instagram.com/reel/DYmu1e6PyWi/,https://www.instagram.com/reel/DYmu1e6PyWi/?comment_id=18140550910519562,scraping_instagram,ipysilvy,@prabowo huh
17977607949031728,2026-05-22T09:56:13+00:00,0,https://www.instagram.com/reel/DYmu1e6PyWi/,https://www.instagram.com/reel/DYmu1e6PyWi/?comment_id=17977607949031728,scraping_instagram,nanismp3,Lahaula wala kuwata illa billah
18083646002110368,2026-05-22T09:54:47+00:00,0,https://www.instagram.com/reel/DYmu1e6PyWi/,https://www.instagram.com/reel/DYmu1e6PyWi/?comment_id=18083646002110368,scraping_instagram,indah_ummu_hurairoh,Ya Allah selamatkan indonesia
18067647176340783,2026-05-22T09:53:12+00:00,0,https://www.instagram.com/reel/DYmu1e6PyWi/,https://www.instagram.com/reel/DYmu1e6PyWi/?comment_id=18067647176340783,scraping_instagram,krniachndra_,prabowo kntl
18077898752643089,2026-05-22T09:52:44+00:00,0,https://www.instagram.com/reel/DYmu1e6PyWi/,https://www.instagram.com/reel/DYmu1e6PyWi/?comment_id=18077898752643089,scraping_instagram,namoyoonsoo,
17927528334315744,2026-05-22T09:51:50+00:00,0,https://www.instagram.com/reel/DYmu1e6PyWi/,https://www.instagram.com/reel/DYmu1e6PyWi/?comment_id=17927528334315744,scraping_instagram,jjeee24,presiden asu
18118478848667557,2026-05-22T09:51:45+00:00,0,https://www.instagram.com/reel/DYmu1e6PyWi/,https://www.instagram.com/reel/DYmu1e6PyWi/?comment_id=18118478848667557,scraping_instagram,el_machbubb,Kasihan mba Najwa dikarungin
18088675178580450,2026-05-22T09:50:45+00:00,0,https://www.instagram.com/reel/DYmu1e6PyWi/,https://www.instagram.com/reel/DYmu1e6PyWi/?comment_id=18088675178580450,scraping_instagram,karno5811,Bobroknya
17894996346329900,2026-05-22T09:50:13+00:00,0,https://www.instagram.com/reel/DYmu1e6PyWi/,https://www.instagram.com/reel/DYmu1e6PyWi/?comment_id=17894996346329900,scraping_instagram,hazami_zami,Keren kreatif. Teruskan
17880328068596121,2026-05-22T09:49:57+00:00,0,https://www.instagram.com/reel/DYmu1e6PyWi/,https://www.instagram.com/reel/DYmu1e6PyWi/?comment_id=17880328068596121,scraping_instagram,ongsansilvia,"Sengaja hutang karena dari hutang dapat fee juga dong, jelas Presiden dari awal hanya memikirkan diri sendiri dan koleganya, perkara rakyat susah emang sengaja dibuat susah dan miskin, sudah strategi dia sebelum jadi presiden makanya ambisi banget pengen jadi presiden, biar nnt seluruh rakyat menagih dan menurutnya di akhirat nnt atas kebijakan yg dia pimpin selama menjabat menyengsarakan rakyat. Tunggu sj pengadilan yg hakiki di akhirat nnt"
18174238639409284,2026-05-22T09:49:01+00:00,0,https://www.instagram.com/reel/DYmu1e6PyWi/,https://www.instagram.com/reel/DYmu1e6PyWi/?comment_id=18174238639409284,scraping_instagram,irio888,"Siap² sbentar lagi mini market akan jadi kenangan di wilayah anda, diganti dgn KDMP"
17888928048510509,2026-05-22T09:48:08+00:00,0,https://www.instagram.com/reel/DYmu1e6PyWi/,https://www.instagram.com/reel/DYmu1e6PyWi/?comment_id=17888928048510509,scraping_instagram,watiwenhan,Lah...yangbpilihkan kalian..kata nya yang penting goyang😂😂😂😂😂
18077574293232454,2026-05-22T09:46:14+00:00,3,https://www.instagram.com/reel/DYmu1e6PyWi/,https://www.instagram.com/reel/DYmu1e6PyWi/?comment_id=18077574293232454,scraping_instagram,adiarians_11,"Hayo seluruh Rakyat Indonesia kita Demo besar""an hancurkn Pemerintahan, supaya Prabowo Gibran di Lengserkn dri Jabatan, sebelum Indonesia makin Hancur Berantakan...😡😡😡"
18062097830482760,2026-05-22T09:44:42+00:00,0,https://www.instagram.com/reel/DYmu1e6PyWi/,https://www.instagram.com/reel/DYmu1e6PyWi/?comment_id=18062097830482760,scraping_instagram,kedai_asia_indo,LANGSUNG KENA KE HATI.....👏👏🔥🔥
17961545067090878,2026-05-22T09:44:12+00:00,0,https://www.instagram.com/reel/DYmu1e6PyWi/,https://www.instagram.com/reel/DYmu1e6PyWi/?comment_id=17961545067090878,scraping_instagram,_____.a2s._____,
18400268482157229,2026-05-22T09:43:47+00:00,0,https://www.instagram.com/reel/DYmu1e6PyWi/,https://www.instagram.com/reel/DYmu1e6PyWi/?comment_id=18400268482157229,scraping_instagram,alif_sanubari,"Lagu yg akan menjadi favorit kaum 58, disamping yappingnya"
17974903092030435,2026-05-22T09:42:04+00:00,0,https://www.instagram.com/reel/DYmu1e6PyWi/,https://www.instagram.com/reel/DYmu1e6PyWi/?comment_id=17974903092030435,scraping_instagram,ika.lestar1,"Saya bumil ,jujur gak doyan menu MBG. Mending di stop sj...ngabis²in anggaran"
18340456975171551,2026-05-22T09:39:45+00:00,0,https://www.instagram.com/reel/DYmu1e6PyWi/,https://www.instagram.com/reel/DYmu1e6PyWi/?comment_id=18340456975171551,scraping_instagram,munifah.imun,Semoga Allah membalaskanya.
17897635434303726,2026-05-22T09:38:47+00:00,0,https://www.instagram.com/reel/DYmu1e6PyWi/,https://www.instagram.com/reel/DYmu1e6PyWi/?comment_id=17897635434303726,scraping_instagram,nzwaadnr_,
17883268692418224,2026-05-22T09:35:26+00:00,0,https://www.instagram.com/reel/DYmu1e6PyWi/,https://www.instagram.com/reel/DYmu1e6PyWi/?comment_id=17883268692418224,scraping_instagram,aayample,Woi presiden kontol
18077467661228185,2026-05-22T09:35:05+00:00,0,https://www.instagram.com/reel/DYmu1e6PyWi/,https://www.instagram.com/reel/DYmu1e6PyWi/?comment_id=18077467661228185,scraping_instagram,dinilestariadzraazri,Monggo @ella_shaila 😂
18076204058653606,2026-05-22T09:33:15+00:00,0,https://www.instagram.com/reel/DYmu1e6PyWi/,https://www.instagram.com/reel/DYmu1e6PyWi/?comment_id=18076204058653606,scraping_instagram,nna_naa12,😢😢😢😢
18123988873713768,2026-05-22T09:32:47+00:00,0,https://www.instagram.com/reel/DYmu1e6PyWi/,https://www.instagram.com/reel/DYmu1e6PyWi/?comment_id=18123988873713768,scraping_instagram,tubagusgandha,98 kan
18082907036127249,2026-05-22T09:30:34+00:00,0,https://www.instagram.com/reel/DYmu1e6PyWi/,https://www.instagram.com/reel/DYmu1e6PyWi/?comment_id=18082907036127249,scraping_instagram,hilma_21,Dukun belum bertindak kah?
18403232857156908,2026-05-22T09:30:28+00:00,0,https://www.instagram.com/reel/DYmu1e6PyWi/,https://www.instagram.com/reel/DYmu1e6PyWi/?comment_id=18403232857156908,scraping_instagram,jcenay,The real musuh rakyat
17877261189599263,2026-05-22T09:29:36+00:00,0,https://www.instagram.com/reel/DYmu1e6PyWi/,https://www.instagram.com/reel/DYmu1e6PyWi/?comment_id=17877261189599263,scraping_instagram,reski7973,#lengserkan prabowo#
17977868066858053,2026-05-22T09:29:30+00:00,0,https://www.instagram.com/reel/DYmu1e6PyWi/,https://www.instagram.com/reel/DYmu1e6PyWi/?comment_id=17977868066858053,scraping_instagram,_dealdyy,Ayoooo jadwal gulingkan prabowo mana
18121002529644468,2026-05-22T09:27:13+00:00,0,https://www.instagram.com/reel/DYmu1e6PyWi/,https://www.instagram.com/reel/DYmu1e6PyWi/?comment_id=18121002529644468,scraping_instagram,alifababys,"Pemimpin dan pejabat yang tutup mata tutup telinga, tidak peduli kesengsaraan rakyat"
17885700597558637,2026-05-22T09:26:23+00:00,0,https://www.instagram.com/reel/DYmu1e6PyWi/,https://www.instagram.com/reel/DYmu1e6PyWi/?comment_id=17885700597558637,scraping_instagram,atmakep_jali,Sepong Sepong Sepong Lagi dong
18183808639386567,2026-05-22T09:24:51+00:00,0,https://www.instagram.com/reel/DYmu1e6PyWi/,https://www.instagram.com/reel/DYmu1e6PyWi/?comment_id=18183808639386567,scraping_instagram,milo_theguguk,😂😂😂😂😂😂
17964051303111366,2026-05-22T09:21:51+00:00,0,https://www.instagram.com/reel/DYmu1e6PyWi/,https://www.instagram.com/reel/DYmu1e6PyWi/?comment_id=17964051303111366,scraping_instagram,anna.munjianah,Doskan cepat lengser. Selak neg....
18092418518580610,2026-05-22T09:21:49+00:00,0,https://www.instagram.com/reel/DYmu1e6PyWi/,https://www.instagram.com/reel/DYmu1e6PyWi/?comment_id=18092418518580610,scraping_instagram,fifi___yahyah_25,Persiden GK guna
18100733146843295,2026-05-22T09:21:36+00:00,0,https://www.instagram.com/reel/DYmu1e6PyWi/,https://www.instagram.com/reel/DYmu1e6PyWi/?comment_id=18100733146843295,scraping_instagram,melva_joshuaelvard,Lagunya asik juga dan pas banget 🤣🤣🤣
17894615517466545,2026-05-22T09:21:24+00:00,0,https://www.instagram.com/reel/DYmu1e6PyWi/,https://www.instagram.com/reel/DYmu1e6PyWi/?comment_id=17894615517466545,scraping_instagram,ismainial,Bunted disini cakep amat
18050242769770213,2026-05-22T09:20:30+00:00,0,https://www.instagram.com/reel/DYmu1e6PyWi/,https://www.instagram.com/reel/DYmu1e6PyWi/?comment_id=18050242769770213,scraping_instagram,padu5,Jaent ini ga takut akhirat ya doraemon??
17869104708621163,2026-05-22T09:19:40+00:00,0,https://www.instagram.com/reel/DYmu1e6PyWi/,https://www.instagram.com/reel/DYmu1e6PyWi/?comment_id=17869104708621163,scraping_instagram,__kaciw277new,bowo bowo🙌
18080727032447460,2026-05-22T09:18:07+00:00,0,https://www.instagram.com/reel/DYmu1e6PyWi/,https://www.instagram.com/reel/DYmu1e6PyWi/?comment_id=18080727032447460,scraping_instagram,dhoomachali1213,yuk arafah sebentar lagi mohon perlindungan dari pemimpin yang zholim dan kaum sodom
18152963251480409,2026-05-22T09:16:10+00:00,0,https://www.instagram.com/reel/DYmu1e6PyWi/,https://www.instagram.com/reel/DYmu1e6PyWi/?comment_id=18152963251480409,scraping_instagram,okky_susiaty,👏👏👏😍😍😍🔥🔥🔥
17930507349268519,2026-05-22T09:15:24+00:00,0,https://www.instagram.com/reel/DYmu1e6PyWi/,https://www.instagram.com/reel/DYmu1e6PyWi/?comment_id=17930507349268519,scraping_instagram,rinnysulastri,Utang utang utang lagi 🤣🤣🤣🤣
18072359393324488,2026-05-22T09:12:57+00:00,0,https://www.instagram.com/reel/DYmu1e6PyWi/,https://www.instagram.com/reel/DYmu1e6PyWi/?comment_id=18072359393324488,scraping_instagram,darliana642,@prabowo melek
18066550829697451,2026-05-22T09:12:21+00:00,0,https://www.instagram.com/reel/DYmu1e6PyWi/,https://www.instagram.com/reel/DYmu1e6PyWi/?comment_id=18066550829697451,scraping_instagram,nuriyanisudomo,"Q setuju ini, ayo buat petisi"
18071166119662068,2026-05-22T09:10:02+00:00,0,https://www.instagram.com/reel/DYmu1e6PyWi/,https://www.instagram.com/reel/DYmu1e6PyWi/?comment_id=18071166119662068,scraping_instagram,khakenfood.cirebon,Kutunggu terpeleset
18086201867375547,2026-05-22T09:09:43+00:00,0,https://www.instagram.com/reel/DYmu1e6PyWi/,https://www.instagram.com/reel/DYmu1e6PyWi/?comment_id=18086201867375547,scraping_instagram,vannia3456,Indonesia🇮🇩 damai🕊️
18088258916577520,2026-05-22T09:09:30+00:00,0,https://www.instagram.com/reel/DYmu1e6PyWi/,https://www.instagram.com/reel/DYmu1e6PyWi/?comment_id=18088258916577520,scraping_instagram,hehenya_bidbid,😢😢
18138075895534542,2026-05-22T09:09:19+00:00,0,https://www.instagram.com/reel/DYmu1e6PyWi/,https://www.instagram.com/reel/DYmu1e6PyWi/?comment_id=18138075895534542,scraping_instagram,wasserpump13,"Percuma bikin gini di sosmed, orangnya g main sosmed"
17879376870444461,2026-05-22T09:08:33+00:00,0,https://www.instagram.com/reel/DYmu1e6PyWi/,https://www.instagram.com/reel/DYmu1e6PyWi/?comment_id=17879376870444461,scraping_instagram,erhalogy_1312,Gemoy tapi Bodat
18135331894565237,2026-05-22T09:08:31+00:00,0,https://www.instagram.com/reel/DYmu1e6PyWi/,https://www.instagram.com/reel/DYmu1e6PyWi/?comment_id=18135331894565237,scraping_instagram,refizafryan,😂😂😂
18138193228528004,2026-05-22T09:07:39+00:00,0,https://www.instagram.com/reel/DYmu1e6PyWi/,https://www.instagram.com/reel/DYmu1e6PyWi/?comment_id=18138193228528004,scraping_instagram,iwan_gadjoe,Waktunya #reformasijilid2
17953503711008496,2026-05-22T09:07:10+00:00,0,https://www.instagram.com/reel/DYmu1e6PyWi/,https://www.instagram.com/reel/DYmu1e6PyWi/?comment_id=17953503711008496,scraping_instagram,suherni248_,pemimpin konoha😂
18588693136050550,2026-05-22T09:06:57+00:00,0,https://www.instagram.com/reel/DYmu1e6PyWi/,https://www.instagram.com/reel/DYmu1e6PyWi/?comment_id=18588693136050550,scraping_instagram,novashi2,"Tenang guys, kita kan ga pake dolar 😂"
18086061938456764,2026-05-22T09:05:33+00:00,0,https://www.instagram.com/reel/DYmu1e6PyWi/,https://www.instagram.com/reel/DYmu1e6PyWi/?comment_id=18086061938456764,scraping_instagram,finilestarie,Al fatihah buat pa Habibie....
18074084357308797,2026-05-22T09:05:06+00:00,0,https://www.instagram.com/reel/DYmu1e6PyWi/,https://www.instagram.com/reel/DYmu1e6PyWi/?comment_id=18074084357308797,scraping_instagram,anggitata.makeup,@prabowo @gerindra
18074759387298084,2026-05-22T09:04:43+00:00,0,https://www.instagram.com/reel/DYmu1e6PyWi/,https://www.instagram.com/reel/DYmu1e6PyWi/?comment_id=18074759387298084,scraping_instagram,grand_mom57,Konten provokatif buatan yg otaknya geser ANUS alias Silit. Makanya gk mutu dan bikin netizen makin tolol. Itu sebabnya +62 di cap Ber IQ 78. Salah satunya admin ini.😂😂
17988766895796636,2026-05-22T09:03:44+00:00,0,https://www.instagram.com/reel/DYmu1e6PyWi/,https://www.instagram.com/reel/DYmu1e6PyWi/?comment_id=17988766895796636,scraping_instagram,rizki_pratama16,😂😂
18102134078050839,2026-05-22T09:03:41+00:00,0,https://www.instagram.com/reel/DYmu1e6PyWi/,https://www.instagram.com/reel/DYmu1e6PyWi/?comment_id=18102134078050839,scraping_instagram,suningsihatmawija,
18126489556615780,2026-05-22T09:03:32+00:00,0,https://www.instagram.com/reel/DYmu1e6PyWi/,https://www.instagram.com/reel/DYmu1e6PyWi/?comment_id=18126489556615780,scraping_instagram,arizkiah8164,"Sekrg kita hanya punya mbg, made in indonesia, ke perusahaan2 sudara modar. Dan disana tmp mencari cuan dan ladang korupsi pejabat dan pemerintah"
17984975436005891,2026-05-22T09:03:02+00:00,0,https://www.instagram.com/reel/DYmu1e6PyWi/,https://www.instagram.com/reel/DYmu1e6PyWi/?comment_id=17984975436005891,scraping_instagram,humairah_alqisthi,@fatimah_al_faqih ngerii ameet yak . Tapi mau ketawa 😂
18584644216002342,2026-05-22T09:02:52+00:00,2,https://www.instagram.com/reel/DYmu1e6PyWi/,https://www.instagram.com/reel/DYmu1e6PyWi/?comment_id=18584644216002342,scraping_instagram,lyana.lukito,😢😢😢
18080181803179648,2026-05-22T09:01:38+00:00,0,https://www.instagram.com/reel/DYmu1e6PyWi/,https://www.instagram.com/reel/DYmu1e6PyWi/?comment_id=18080181803179648,scraping_instagram,ike_yoes,"Wowo lagi bangun universitas di Bandung megah banget belum kelar2, ntah siapa nanti mahasiswa nya"
18100494059100033,2026-05-22T09:01:13+00:00,0,https://www.instagram.com/reel/DYmu1e6PyWi/,https://www.instagram.com/reel/DYmu1e6PyWi/?comment_id=18100494059100033,scraping_instagram,istiqomahfashionkudus,👏👏👏👏joget
18103288679053937,2026-05-22T09:01:12+00:00,0,https://www.instagram.com/reel/DYmu1e6PyWi/,https://www.instagram.com/reel/DYmu1e6PyWi/?comment_id=18103288679053937,scraping_instagram,weareanonnymous8,
18120644998589084,2026-05-22T09:00:58+00:00,0,https://www.instagram.com/reel/DYmu1e6PyWi/,https://www.instagram.com/reel/DYmu1e6PyWi/?comment_id=18120644998589084,scraping_instagram,popohejo,lagu favorit tahun ini 😂😂😂😂😂
17888884761507395,2026-05-22T09:00:42+00:00,0,https://www.instagram.com/reel/DYmu1e6PyWi/,https://www.instagram.com/reel/DYmu1e6PyWi/?comment_id=17888884761507395,scraping_instagram,mayadwiutari99,Zholim @prabowo
17890661445498041,2026-05-22T09:00:29+00:00,0,https://www.instagram.com/reel/DYmu1e6PyWi/,https://www.instagram.com/reel/DYmu1e6PyWi/?comment_id=17890661445498041,scraping_instagram,rinafm92,Ini harus sedih atau ketawa sih 😑
17876144508657673,2026-05-22T09:00:17+00:00,0,https://www.instagram.com/reel/DYmu1e6PyWi/,https://www.instagram.com/reel/DYmu1e6PyWi/?comment_id=17876144508657673,scraping_instagram,popohejo,😂😂😂😂😂
18130999468602894,2026-05-22T08:57:16+00:00,0,https://www.instagram.com/reel/DYmu1e6PyWi/,https://www.instagram.com/reel/DYmu1e6PyWi/?comment_id=18130999468602894,scraping_instagram,johanes7869,"Kita ga butuh MBG, butuh kerja & duit"
17858582961639413,2026-05-22T08:56:45+00:00,0,https://www.instagram.com/reel/DYmu1e6PyWi/,https://www.instagram.com/reel/DYmu1e6PyWi/?comment_id=17858582961639413,scraping_instagram,portalbisdanwisata,Su asu asu asu asu koyo asu cek picek picek picek picek picek lagi
17870759721522899,2026-05-22T08:55:31+00:00,0,https://www.instagram.com/reel/DYmu1e6PyWi/,https://www.instagram.com/reel/DYmu1e6PyWi/?comment_id=17870759721522899,scraping_instagram,salsabella042,Aamiin ya rabbal alamin
17882941422568738,2026-05-22T08:54:22+00:00,0,https://www.instagram.com/reel/DYmu1e6PyWi/,https://www.instagram.com/reel/DYmu1e6PyWi/?comment_id=17882941422568738,scraping_instagram,tim_ngim,"Prabowo, the cutest president of Indonesia"
18376900042202648,2026-05-22T08:54:19+00:00,0,https://www.instagram.com/reel/DYmu1e6PyWi/,https://www.instagram.com/reel/DYmu1e6PyWi/?comment_id=18376900042202648,scraping_instagram,itsna_rizqi,"@prabowo yg penting nyawit tetep jalan, tedi uangnya tercukupi, mbg lanjut sampe kiamat ya pak wkwk"
17888015928542052,2026-05-22T08:53:12+00:00,0,https://www.instagram.com/reel/DYmu1e6PyWi/,https://www.instagram.com/reel/DYmu1e6PyWi/?comment_id=17888015928542052,scraping_instagram,r_juwanda_30,"ANJING KALIAN SEMUA YANG KEMARIN NYOBLOS DIA, GARA² KETOLOLAN KALIAN, SEMUA KENA IMBAS NYA.!!! 🔥🔥🔥"
17890601325525147,2026-05-22T08:52:37+00:00,0,https://www.instagram.com/reel/DYmu1e6PyWi/,https://www.instagram.com/reel/DYmu1e6PyWi/?comment_id=17890601325525147,scraping_instagram,brandontonisee,
18104820424769994,2026-05-22T08:52:16+00:00,0,https://www.instagram.com/reel/DYmu1e6PyWi/,https://www.instagram.com/reel/DYmu1e6PyWi/?comment_id=18104820424769994,scraping_instagram,pak.direk,Parah ini mah
17887870689540100,2026-05-22T08:51:49+00:00,0,https://www.instagram.com/reel/DYmu1e6PyWi/,https://www.instagram.com/reel/DYmu1e6PyWi/?comment_id=17887870689540100,scraping_instagram,fani.collection_,"Ya dia nyalon smpe 3x baru jadi,dan mumpung menjabat BKN PO royek mbh biar cepet pulih buat ganti modal"" yg dl😂"
17954773569131944,2026-05-22T08:50:39+00:00,0,https://www.instagram.com/reel/DYmu1e6PyWi/,https://www.instagram.com/reel/DYmu1e6PyWi/?comment_id=17954773569131944,scraping_instagram,choirul_nst,👏👏👏👏😍😍😍
18047180549546396,2026-05-22T08:48:30+00:00,0,https://www.instagram.com/reel/DYmu1e6PyWi/,https://www.instagram.com/reel/DYmu1e6PyWi/?comment_id=18047180549546396,scraping_instagram,monst,
18012746984851661,2026-05-22T08:48:11+00:00,0,https://www.instagram.com/reel/DYmu1e6PyWi/,https://www.instagram.com/reel/DYmu1e6PyWi/?comment_id=18012746984851661,scraping_instagram,aaalbertob,Gjg
18054558230738728,2026-05-22T08:47:31+00:00,0,https://www.instagram.com/reel/DYmu1e6PyWi/,https://www.instagram.com/reel/DYmu1e6PyWi/?comment_id=18054558230738728,scraping_instagram,nengrajib6,Ya Allah semoga negara kita tidak seperti negara yang ekonomi nya merosot banget🥹🥹 MBG segera ditiadakan DA tidak berguna sama sekali
17972231664045279,2026-05-22T08:47:31+00:00,0,https://www.instagram.com/reel/DYmu1e6PyWi/,https://www.instagram.com/reel/DYmu1e6PyWi/?comment_id=17972231664045279,scraping_instagram,prassyrahardjo73,Baru seumur hidup presiden RI dibuat dagelan Dajjal
18159890254399495,2026-05-22T08:45:01+00:00,0,https://www.instagram.com/reel/DYmu1e6PyWi/,https://www.instagram.com/reel/DYmu1e6PyWi/?comment_id=18159890254399495,scraping_instagram,deviaparajita,woyyy PRITTTTTTTT!!!!
18137052544543615,2026-05-22T08:44:35+00:00,0,https://www.instagram.com/reel/DYmu1e6PyWi/,https://www.instagram.com/reel/DYmu1e6PyWi/?comment_id=18137052544543615,scraping_instagram,riky9891,MEMBODOH II RAKYAT
18090106673613626,2026-05-22T08:42:58+00:00,0,https://www.instagram.com/reel/DYmu1e6PyWi/,https://www.instagram.com/reel/DYmu1e6PyWi/?comment_id=18090106673613626,scraping_instagram,boxerdads,Ini lah prabowo tidak becus memimpin pngen memimpin nah jadi bobrok kan
17970031037904377,2026-05-22T08:42:34+00:00,0,https://www.instagram.com/reel/DYmu1e6PyWi/,https://www.instagram.com/reel/DYmu1e6PyWi/?comment_id=17970031037904377,scraping_instagram,okiya.1808,🔥
17949136623161026,2026-05-22T08:42:03+00:00,0,https://www.instagram.com/reel/DYmu1e6PyWi/,https://www.instagram.com/reel/DYmu1e6PyWi/?comment_id=17949136623161026,scraping_instagram,fiika155,Ya'Allah😩
18202677265353251,2026-05-22T08:41:26+00:00,0,https://www.instagram.com/reel/DYmu1e6PyWi/,https://www.instagram.com/reel/DYmu1e6PyWi/?comment_id=18202677265353251,scraping_instagram,randynalendra9,cuihhh ternyata presiden kita seburuk ituu tidak becus memimpin negri ini malah ngehancurin
18010935821857769,2026-05-22T08:41:17+00:00,0,https://www.instagram.com/reel/DYmu1e6PyWi/,https://www.instagram.com/reel/DYmu1e6PyWi/?comment_id=18010935821857769,scraping_instagram,bilalll__267,"Kenapa prabowo selalu di hujat? Lu tau gak china dulu pernah juga kek gini relain mata uang nya ancur dulu abis itu negara nya lansung lebih baik lagi daripada sebelum nya,hdeh jawa jawa jawa😂"
17962140518938821,2026-05-22T08:41:12+00:00,0,https://www.instagram.com/reel/DYmu1e6PyWi/,https://www.instagram.com/reel/DYmu1e6PyWi/?comment_id=17962140518938821,scraping_instagram,fery_mpe,Mo ganti presiden donggg....
18083243600280213,2026-05-22T08:41:00+00:00,0,https://www.instagram.com/reel/DYmu1e6PyWi/,https://www.instagram.com/reel/DYmu1e6PyWi/?comment_id=18083243600280213,scraping_instagram,endangmurtiningsih2017,😢
17966513178113663,2026-05-22T08:38:43+00:00,0,https://www.instagram.com/reel/DYmu1e6PyWi/,https://www.instagram.com/reel/DYmu1e6PyWi/?comment_id=17966513178113663,scraping_instagram,nindya_wiryawan,
18062929706513660,2026-05-22T08:38:00+00:00,0,https://www.instagram.com/reel/DYmu1e6PyWi/,https://www.instagram.com/reel/DYmu1e6PyWi/?comment_id=18062929706513660,scraping_instagram,khoirulanwar150299,@gerindra
17935049433270635,2026-05-22T08:37:56+00:00,0,https://www.instagram.com/reel/DYmu1e6PyWi/,https://www.instagram.com/reel/DYmu1e6PyWi/?comment_id=17935049433270635,scraping_instagram,khoirulanwar150299,@fraksipartaigerindra
18101751092013442,2026-05-22T08:36:47+00:00,0,https://www.instagram.com/reel/DYmu1e6PyWi/,https://www.instagram.com/reel/DYmu1e6PyWi/?comment_id=18101751092013442,scraping_instagram,ayesha_humaira08,Di Kodim 0712 tadi pagi ada kira2 20 /30 motor Tossa KOPDES MERAH PUTIH D TURUNIN DARI TRUK KONTAINER
18102805793472035,2026-05-22T08:35:19+00:00,0,https://www.instagram.com/reel/DYmu1e6PyWi/,https://www.instagram.com/reel/DYmu1e6PyWi/?comment_id=18102805793472035,scraping_instagram,maddarmawan58,
18120710578647766,2026-05-22T08:33:51+00:00,2,https://www.instagram.com/reel/DYmu1e6PyWi/,https://www.instagram.com/reel/DYmu1e6PyWi/?comment_id=18120710578647766,scraping_instagram,buddysusetyo,Selama wowo masih ngiblat kepada wiwi........ & teriak teriak @ hiduuuuuupppp jokowiiiiiiiiiiiii 👈👀🤠👆sampai suara 🔊🔊🔊🔊🔊🔊🔊🔊 nya parauuuuuu 🤠👀👈👎👎👎👎👎👻👻👻👻👻👻👻👻👻💩💩💩💩💩💩♨️♨️♨️♨️♨️♨️ telinga nya 👂👂tuli 🚫 & tutup mata 👀👀 🔥🔥🔥🔥🔥🔥
18108385456916490,2026-05-22T08:33:51+00:00,0,https://www.instagram.com/reel/DYmu1e6PyWi/,https://www.instagram.com/reel/DYmu1e6PyWi/?comment_id=18108385456916490,scraping_instagram,relawati25,Program menyengsarakan rakyat😢😢😢
18092317220340327,2026-05-22T08:33:29+00:00,0,https://www.instagram.com/reel/DYmu1e6PyWi/,https://www.instagram.com/reel/DYmu1e6PyWi/?comment_id=18092317220340327,scraping_instagram,afifahmaria_,Seru sekali lagunya
17891876835351560,2026-05-22T08:32:47+00:00,0,https://www.instagram.com/reel/DYmu1e6PyWi/,https://www.instagram.com/reel/DYmu1e6PyWi/?comment_id=17891876835351560,scraping_instagram,wanahusman65,👍👍👍👍👍
18183981508378461,2026-05-22T08:32:24+00:00,0,https://www.instagram.com/reel/DYmu1e6PyWi/,https://www.instagram.com/reel/DYmu1e6PyWi/?comment_id=18183981508378461,scraping_instagram,finiilstr27,🔥
18010722530854549,2026-05-22T08:32:21+00:00,0,https://www.instagram.com/reel/DYmu1e6PyWi/,https://www.instagram.com/reel/DYmu1e6PyWi/?comment_id=18010722530854549,scraping_instagram,agen_bajumuslim_jawatengah,Kira2 rakyat indonesia pada nyesel gak ya
17949012420159598,2026-05-22T08:31:55+00:00,0,https://www.instagram.com/reel/DYmu1e6PyWi/,https://www.instagram.com/reel/DYmu1e6PyWi/?comment_id=17949012420159598,scraping_instagram,shiweeshuwitho,Aku suka lagunya
18098533397329039,2026-05-22T08:29:26+00:00,0,https://www.instagram.com/reel/DYmu1e6PyWi/,https://www.instagram.com/reel/DYmu1e6PyWi/?comment_id=18098533397329039,scraping_instagram,auliaalumam,Biarkan dia bertanggung jawab di hadapan Tuhannya
18049630934592774,2026-05-22T08:29:10+00:00,0,https://www.instagram.com/reel/DYmu1e6PyWi/,https://www.instagram.com/reel/DYmu1e6PyWi/?comment_id=18049630934592774,scraping_instagram,hamba_sahayaa76,Saya tdk bertanggung jawab atas kepemimpinannya dihadapan Allah Krn sy tdk pernah memilihnya
17898297651446695,2026-05-22T08:27:51+00:00,0,https://www.instagram.com/reel/DYmu1e6PyWi/,https://www.instagram.com/reel/DYmu1e6PyWi/?comment_id=17898297651446695,scraping_instagram,yayukrahayu_wedding,Pak habibi pake otak demi rakyat dn negara indonesia..tp presiden sekarang kan oon otak di dengkul...kecewa gk gak yg salah pilih dia..
18083266742564583,2026-05-22T08:27:35+00:00,1,https://www.instagram.com/reel/DYmu1e6PyWi/,https://www.instagram.com/reel/DYmu1e6PyWi/?comment_id=18083266742564583,scraping_instagram,srivario,Cocok dia naik gerobak itu
18133157431568116,2026-05-22T08:26:18+00:00,0,https://www.instagram.com/reel/DYmu1e6PyWi/,https://www.instagram.com/reel/DYmu1e6PyWi/?comment_id=18133157431568116,scraping_instagram,sriendang6632,Presiden pikun dgn cara apa rakyat bersuara yo ra yambung
18081670067413823,2026-05-22T08:26:14+00:00,0,https://www.instagram.com/reel/DYmu1e6PyWi/,https://www.instagram.com/reel/DYmu1e6PyWi/?comment_id=18081670067413823,scraping_instagram,ririoardiansyah,🔥🔥🔥👏
18102121445079808,2026-05-22T08:26:06+00:00,0,https://www.instagram.com/reel/DYmu1e6PyWi/,https://www.instagram.com/reel/DYmu1e6PyWi/?comment_id=18102121445079808,scraping_instagram,susanti78022,😂
18131520073568993,2026-05-22T08:25:04+00:00,2,https://www.instagram.com/reel/DYmu1e6PyWi/,https://www.instagram.com/reel/DYmu1e6PyWi/?comment_id=18131520073568993,scraping_instagram,anderson.ason,lagunya kok asik 😂
18424955248127728,2026-05-22T08:24:48+00:00,0,https://www.instagram.com/reel/DYmu1e6PyWi/,https://www.instagram.com/reel/DYmu1e6PyWi/?comment_id=18424955248127728,scraping_instagram,h.listy.art,Mana bener lgi liriknya. Yooo siapa pernah ditawarin jd buzzer ngaku 😂
18047068325783446,2026-05-22T08:24:27+00:00,0,https://www.instagram.com/reel/DYmu1e6PyWi/,https://www.instagram.com/reel/DYmu1e6PyWi/?comment_id=18047068325783446,scraping_instagram,dimas.drmdhn,TANg utang tang utang tang utang lagi 🔥
17966596473074963,2026-05-22T08:22:48+00:00,0,https://www.instagram.com/reel/DYmu1e6PyWi/,https://www.instagram.com/reel/DYmu1e6PyWi/?comment_id=17966596473074963,scraping_instagram,jstefan_s1torus,@prabowo
18082922018110447,2026-05-22T08:21:27+00:00,0,https://www.instagram.com/reel/DYmu1e6PyWi/,https://www.instagram.com/reel/DYmu1e6PyWi/?comment_id=18082922018110447,scraping_instagram,driyantigatot,Ada ada aja ...tp mengena😂
18359346919234018,2026-05-22T08:19:58+00:00,0,https://www.instagram.com/reel/DYmu1e6PyWi/,https://www.instagram.com/reel/DYmu1e6PyWi/?comment_id=18359346919234018,scraping_instagram,monalisa775544,CONGOR NYA KAUM 58% PADA SILENT GAK ADA YG MENYALAK 🤪😜🤪😜🤪😜🤪😜
17878850247604417,2026-05-22T08:19:49+00:00,0,https://www.instagram.com/reel/DYmu1e6PyWi/,https://www.instagram.com/reel/DYmu1e6PyWi/?comment_id=17878850247604417,scraping_instagram,dedigajoelnovrizal,Knapa siiih sekarang we Gedeg banget liat org ini 😮😮👏👏👏
18021256079836886,2026-05-22T08:19:41+00:00,0,https://www.instagram.com/reel/DYmu1e6PyWi/,https://www.instagram.com/reel/DYmu1e6PyWi/?comment_id=18021256079836886,scraping_instagram,novita.pahlawati.98,Sedih negara mau d bawa kemana ini pa utang terus bisanya MBG stoooopppp bnyk mubadzir nya sayang uang pergunakan lah yg bermanfaat pendidikan gratis ke
18089654366027433,2026-05-22T08:18:32+00:00,0,https://www.instagram.com/reel/DYmu1e6PyWi/,https://www.instagram.com/reel/DYmu1e6PyWi/?comment_id=18089654366027433,scraping_instagram,elkay328,"58% itu banyak banget loh, apa sebanyak itu manusia bodoh di indonesia.???"
18462272941104315,2026-05-22T08:17:33+00:00,0,https://www.instagram.com/reel/DYmu1e6PyWi/,https://www.instagram.com/reel/DYmu1e6PyWi/?comment_id=18462272941104315,scraping_instagram,ekhaandria,"Mubadzir dan mematikan rejeki para umkm , para rakyat kecil ,ya allah semoga segera mendapat pembalasan untuk presiden ini"
18048526385770743,2026-05-22T08:16:32+00:00,0,https://www.instagram.com/reel/DYmu1e6PyWi/,https://www.instagram.com/reel/DYmu1e6PyWi/?comment_id=18048526385770743,scraping_instagram,budioen,kebanggaan kaum 58%
18174866542364616,2026-05-22T08:12:56+00:00,0,https://www.instagram.com/reel/DYmu1e6PyWi/,https://www.instagram.com/reel/DYmu1e6PyWi/?comment_id=18174866542364616,scraping_instagram,arum.wati.8000rc,Gembrot wowo
18095492335909114,2026-05-22T08:12:41+00:00,0,https://www.instagram.com/reel/DYmu1e6PyWi/,https://www.instagram.com/reel/DYmu1e6PyWi/?comment_id=18095492335909114,scraping_instagram,andrenalineandrenaline,
17865223695562702,2026-05-22T08:11:19+00:00,0,https://www.instagram.com/reel/DYmu1e6PyWi/,https://www.instagram.com/reel/DYmu1e6PyWi/?comment_id=17865223695562702,scraping_instagram,susanaryati205,@presidenrepublikindonesia 😂😂
17947704108178732,2026-05-22T08:10:16+00:00,0,https://www.instagram.com/reel/DYmu1e6PyWi/,https://www.instagram.com/reel/DYmu1e6PyWi/?comment_id=17947704108178732,scraping_instagram,hendrhen,Salah pilih lagi aku
18013485212895471,2026-05-22T08:10:13+00:00,0,https://www.instagram.com/reel/DYmu1e6PyWi/,https://www.instagram.com/reel/DYmu1e6PyWi/?comment_id=18013485212895471,scraping_instagram,dycelsubrian_99,@prabowo presiden babi
18196336168367596,2026-05-22T08:08:30+00:00,0,https://www.instagram.com/reel/DYmu1e6PyWi/,https://www.instagram.com/reel/DYmu1e6PyWi/?comment_id=18196336168367596,scraping_instagram,squirrel.6601276,Sampe segitunya mau menghina presiden Indonesia.  Suruh ikut wajib militer para buzzer oligarki laknat
18528456298078910,2026-05-22T08:08:27+00:00,0,https://www.instagram.com/reel/DYmu1e6PyWi/,https://www.instagram.com/reel/DYmu1e6PyWi/?comment_id=18528456298078910,scraping_instagram,ummu__salsa,Astagfirullaah 😢😢😢😢😢 ampuni kami ya allah....begitu banyak dosakah kami hingga dipimpin sama yang ngga kenal ENGKAU?
17890060851475886,2026-05-22T08:08:09+00:00,0,https://www.instagram.com/reel/DYmu1e6PyWi/,https://www.instagram.com/reel/DYmu1e6PyWi/?comment_id=17890060851475886,scraping_instagram,ririnade22,"kyaknya udh lupa sm janjinya bu, yg penting sdah jdi presiden, brp kli nyalonin gagal terus, bgitu berhasil..... wooooooowww"
17889432459516564,2026-05-22T08:07:53+00:00,0,https://www.instagram.com/reel/DYmu1e6PyWi/,https://www.instagram.com/reel/DYmu1e6PyWi/?comment_id=17889432459516564,scraping_instagram,putrirhmdni238,@prabowo pakk liat lh ini
17950961646023771,2026-05-22T08:07:21+00:00,0,https://www.instagram.com/reel/DYmu1e6PyWi/,https://www.instagram.com/reel/DYmu1e6PyWi/?comment_id=17950961646023771,scraping_instagram,mitharini22,Konoha munduuuur
17971441214895350,2026-05-22T08:07:14+00:00,0,https://www.instagram.com/reel/DYmu1e6PyWi/,https://www.instagram.com/reel/DYmu1e6PyWi/?comment_id=17971441214895350,scraping_instagram,sinyak_putroeatjeh,"Pemimpin cerminan dari rakyat😌
Uuppss🤭 
Ank abah gak joget2 dong, tetap santun😇"
18169173388418785,2026-05-22T08:07:13+00:00,0,https://www.instagram.com/reel/DYmu1e6PyWi/,https://www.instagram.com/reel/DYmu1e6PyWi/?comment_id=18169173388418785,scraping_instagram,sahrularifin88,Rusak negara ini dipimpin oleh @prabowo
18087129218576136,2026-05-22T08:06:30+00:00,0,https://www.instagram.com/reel/DYmu1e6PyWi/,https://www.instagram.com/reel/DYmu1e6PyWi/?comment_id=18087129218576136,scraping_instagram,fidyahnurwulandari,Brengsek emang
18107887702932160,2026-05-22T08:06:03+00:00,6,https://www.instagram.com/reel/DYmu1e6PyWi/,https://www.instagram.com/reel/DYmu1e6PyWi/?comment_id=18107887702932160,scraping_instagram,ayas_farel2,Pas zaman Mulyono barang barang sembako belum terlalu naik.lah di zaman ini naik semua 😢
17916678759370298,2026-05-22T08:05:07+00:00,0,https://www.instagram.com/reel/DYmu1e6PyWi/,https://www.instagram.com/reel/DYmu1e6PyWi/?comment_id=17916678759370298,scraping_instagram,im.ah4421,Yg perut y gede itu biar cepat catuh aamiin kami TDK butuh dia lg
18063112652455543,2026-05-22T08:04:39+00:00,0,https://www.instagram.com/reel/DYmu1e6PyWi/,https://www.instagram.com/reel/DYmu1e6PyWi/?comment_id=18063112652455543,scraping_instagram,dolphin.7703720,Presiden terbodoh
18585471493009317,2026-05-22T08:03:45+00:00,0,https://www.instagram.com/reel/DYmu1e6PyWi/,https://www.instagram.com/reel/DYmu1e6PyWi/?comment_id=18585471493009317,scraping_instagram,karinasimatupang,Gulingkan napa gaessss
18110919977503055,2026-05-22T08:02:43+00:00,0,https://www.instagram.com/reel/DYmu1e6PyWi/,https://www.instagram.com/reel/DYmu1e6PyWi/?comment_id=18110919977503055,scraping_instagram,veronicarini62,Miris🔥🔥
18134906707490069,2026-05-22T08:02:36+00:00,0,https://www.instagram.com/reel/DYmu1e6PyWi/,https://www.instagram.com/reel/DYmu1e6PyWi/?comment_id=18134906707490069,scraping_instagram,muhammad_abhiyoga_pratama,Gk usah kaya yang penting bisa makan😂
17870259804529483,2026-05-22T08:01:12+00:00,0,https://www.instagram.com/reel/DYmu1e6PyWi/,https://www.instagram.com/reel/DYmu1e6PyWi/?comment_id=17870259804529483,scraping_instagram,dar_seth,"""era penghinaan"""
18361854898230988,2026-05-22T08:00:44+00:00,0,https://www.instagram.com/reel/DYmu1e6PyWi/,https://www.instagram.com/reel/DYmu1e6PyWi/?comment_id=18361854898230988,scraping_instagram,zurazurainiz,Creative lagu
17853405846674227,2026-05-22T08:00:24+00:00,0,https://www.instagram.com/reel/DYmu1e6PyWi/,https://www.instagram.com/reel/DYmu1e6PyWi/?comment_id=17853405846674227,scraping_instagram,nuril_him,"Pas video ini,beginilah penguasa memperlakukn rakytnya.bodohkan dan miskinkan  lalu umpeni.."
18104759440987929,2026-05-22T08:00:11+00:00,0,https://www.instagram.com/reel/DYmu1e6PyWi/,https://www.instagram.com/reel/DYmu1e6PyWi/?comment_id=18104759440987929,scraping_instagram,tyascandrisha96_official,Sudah menyesal memilih dia tak kirain bisa memajukan indonesia kira nya malah merusak negara indonesia 😢
18074965337293702,2026-05-22T08:00:05+00:00,0,https://www.instagram.com/reel/DYmu1e6PyWi/,https://www.instagram.com/reel/DYmu1e6PyWi/?comment_id=18074965337293702,scraping_instagram,andryo17,Prsident SESAD
18085264811100132,2026-05-22T07:59:23+00:00,0,https://www.instagram.com/reel/DYmu1e6PyWi/,https://www.instagram.com/reel/DYmu1e6PyWi/?comment_id=18085264811100132,scraping_instagram,narhlia_,Apakah programnya berguna yaa  apakah ada yang bisa menjelaskan
18354260587210507,2026-05-22T07:58:28+00:00,0,https://www.instagram.com/reel/DYmu1e6PyWi/,https://www.instagram.com/reel/DYmu1e6PyWi/?comment_id=18354260587210507,scraping_instagram,parmin5345,Persis raja jawa paling kejam AMANGKURAT 1
18138945298524137,2026-05-22T07:58:25+00:00,0,https://www.instagram.com/reel/DYmu1e6PyWi/,https://www.instagram.com/reel/DYmu1e6PyWi/?comment_id=18138945298524137,scraping_instagram,tarti_sri,Alhamdulillah saya TIDAK MEMILIH pemimpin yg sekatsng
18063071660703270,2026-05-22T07:57:55+00:00,0,https://www.instagram.com/reel/DYmu1e6PyWi/,https://www.instagram.com/reel/DYmu1e6PyWi/?comment_id=18063071660703270,scraping_instagram,aigemini_14,Ya FOMO
18100916564039175,2026-05-22T07:57:16+00:00,1,https://www.instagram.com/reel/DYmu1e6PyWi/,https://www.instagram.com/reel/DYmu1e6PyWi/?comment_id=18100916564039175,scraping_instagram,ronny_sakhi,Bawak joget lah😆😆😆😆
17934136416071601,2026-05-22T07:56:04+00:00,2,https://www.instagram.com/reel/DYmu1e6PyWi/,https://www.instagram.com/reel/DYmu1e6PyWi/?comment_id=17934136416071601,scraping_instagram,stevhiya,Pas bangettt
18072397880690657,2026-05-22T07:52:52+00:00,0,https://www.instagram.com/reel/DYmu1e6PyWi/,https://www.instagram.com/reel/DYmu1e6PyWi/?comment_id=18072397880690657,scraping_instagram,kurniawatinia05.kn,Mantap om
18203715544350017,2026-05-22T07:52:51+00:00,0,https://www.instagram.com/reel/DYmu1e6PyWi/,https://www.instagram.com/reel/DYmu1e6PyWi/?comment_id=18203715544350017,scraping_instagram,inachairullina,Ini bener bangeet... Ya Allah apa yg ada dkepala pemimpin ini?
18046622999606052,2026-05-22T07:52:36+00:00,0,https://www.instagram.com/reel/DYmu1e6PyWi/,https://www.instagram.com/reel/DYmu1e6PyWi/?comment_id=18046622999606052,scraping_instagram,inachairullina,Ini bener bangeet... Ya Allah pemimpin apa yg dipikirk
18422573878130897,2026-05-22T07:52:33+00:00,0,https://www.instagram.com/reel/DYmu1e6PyWi/,https://www.instagram.com/reel/DYmu1e6PyWi/?comment_id=18422573878130897,scraping_instagram,drktails,
18104123686799036,2026-05-22T07:52:11+00:00,0,https://www.instagram.com/reel/DYmu1e6PyWi/,https://www.instagram.com/reel/DYmu1e6PyWi/?comment_id=18104123686799036,scraping_instagram,cantiku643,Ya allah😏😏😏😏
17899993665442759,2026-05-22T07:51:36+00:00,0,https://www.instagram.com/reel/DYmu1e6PyWi/,https://www.instagram.com/reel/DYmu1e6PyWi/?comment_id=17899993665442759,scraping_instagram,dilihat.naksir,Beginilah rezim kebanggaan Raffi Ahmad cs. menghasilkan kabinet gendut wapres ngantuk modal joget.
18104305288989430,2026-05-22T07:51:29+00:00,0,https://www.instagram.com/reel/DYmu1e6PyWi/,https://www.instagram.com/reel/DYmu1e6PyWi/?comment_id=18104305288989430,scraping_instagram,fatmawaty0512,Ya Allah smg azabmu seger dtg bagi pejabat yg korupsi dan menyengsarakan rakyat
17969753313106848,2026-05-22T07:50:35+00:00,0,https://www.instagram.com/reel/DYmu1e6PyWi/,https://www.instagram.com/reel/DYmu1e6PyWi/?comment_id=17969753313106848,scraping_instagram,shifabhesa03,Kemahalan harganyaa
17952381474150969,2026-05-22T07:49:36+00:00,0,https://www.instagram.com/reel/DYmu1e6PyWi/,https://www.instagram.com/reel/DYmu1e6PyWi/?comment_id=17952381474150969,scraping_instagram,rangga.yudhi,
18083751005120524,2026-05-22T07:48:39+00:00,0,https://www.instagram.com/reel/DYmu1e6PyWi/,https://www.instagram.com/reel/DYmu1e6PyWi/?comment_id=18083751005120524,scraping_instagram,nur.indah_10,🙌🙌🙌🙌🙌🙌🙌🙌🙌😮🙌W.M
17965483253921154,2026-05-22T07:48:22+00:00,0,https://www.instagram.com/reel/DYmu1e6PyWi/,https://www.instagram.com/reel/DYmu1e6PyWi/?comment_id=17965483253921154,scraping_instagram,sintaapriyani,"Miris, sedih, nyesek bngt sama pemerintahan negeri ini 😢"
17859799935636588,2026-05-22T07:48:19+00:00,0,https://www.instagram.com/reel/DYmu1e6PyWi/,https://www.instagram.com/reel/DYmu1e6PyWi/?comment_id=17859799935636588,scraping_instagram,etticahyati,😮
18559340020065984,2026-05-22T07:47:42+00:00,0,https://www.instagram.com/reel/DYmu1e6PyWi/,https://www.instagram.com/reel/DYmu1e6PyWi/?comment_id=18559340020065984,scraping_instagram,amma_jaka,Ya Allah tunjukan kuasamu agar negara ini selamat 😢
18042339035618585,2026-05-22T07:45:00+00:00,0,https://www.instagram.com/reel/DYmu1e6PyWi/,https://www.instagram.com/reel/DYmu1e6PyWi/?comment_id=18042339035618585,scraping_instagram,tanguanmei,👍👍👍
18047438516765694,2026-05-22T07:43:58+00:00,0,https://www.instagram.com/reel/DYmu1e6PyWi/,https://www.instagram.com/reel/DYmu1e6PyWi/?comment_id=18047438516765694,scraping_instagram,uswatunhasanahz,STOP MBG DAN KOPDES ‼️‼️
18455348122128300,2026-05-22T07:42:48+00:00,0,https://www.instagram.com/reel/DYmu1e6PyWi/,https://www.instagram.com/reel/DYmu1e6PyWi/?comment_id=18455348122128300,scraping_instagram,wahyuperkasa.d,Badut ajgg
18130904620512259,2026-05-22T07:42:45+00:00,0,https://www.instagram.com/reel/DYmu1e6PyWi/,https://www.instagram.com/reel/DYmu1e6PyWi/?comment_id=18130904620512259,scraping_instagram,fadilxbtc,Presiden mantan penculik dan anti kritik gini kok dulu ada yg milih lah 😢
18133234564602376,2026-05-22T07:38:09+00:00,2,https://www.instagram.com/reel/DYmu1e6PyWi/,https://www.instagram.com/reel/DYmu1e6PyWi/?comment_id=18133234564602376,scraping_instagram,alan.november.rain,"★ 𝗝𝗮𝗻𝗴𝗮𝗻 𝗽𝗲𝗿𝗻𝗮𝗵 tinggalkan 𝗦𝗵𝗼𝗹𝗮𝘁, karena 𝗷𝘂𝘁𝗮𝗮𝗻 manusia di dalam 𝗞𝘂𝗯𝘂𝗿, ingin kembali hidup di dunia hanya untuk 𝗕𝗲𝗿𝘀𝘂𝗷𝘂𝗱 kepada 𝗔𝗟𝗟𝗢𝗛. ★
★ 𝗦𝗵𝗼𝗹𝗮𝘁 adalah cara 𝗔𝗟𝗟𝗢𝗛 menjaga jiwamu tetap hidup.
Setiap 𝘀𝘂𝗷𝘂𝗱 mengingatkanmu 𝗯𝗮𝗵𝘄𝗮, ada tempat yang 𝘀𝗲𝗹𝗮𝗹𝘂 menerima 𝗸𝗲𝗸𝘂𝗿𝗮𝗻𝗴𝗮𝗻𝗺𝘂, bahkan ketika dunia 𝗠𝗲𝗻𝗴𝗵𝗮𝗸𝗶𝗺𝗶𝗻𝘆𝗮. ★
★ 𝗦𝗲𝘀𝘂𝗻𝗴𝗴𝘂𝗵𝗻𝘆𝗮, 𝘀𝗵𝗼𝗹𝗮𝘁 itu adalah tempat kembali. Tempat 𝗵𝗮𝘁𝗶 yang Gusar kembali 𝗧𝗲𝗻𝗮𝗻𝗴, & jiwa yang Redup kembali 𝗠𝗲𝗻𝘆𝗮𝗹𝗮 💡🌟✨★"
18082274219133493,2026-05-22T07:38:00+00:00,0,https://www.instagram.com/reel/DYmu1e6PyWi/,https://www.instagram.com/reel/DYmu1e6PyWi/?comment_id=18082274219133493,scraping_instagram,mendoan_ae,Benci banget liat jogetNYA si @prabowo
18066515555411900,2026-05-22T07:37:58+00:00,0,https://www.instagram.com/reel/DYmu1e6PyWi/,https://www.instagram.com/reel/DYmu1e6PyWi/?comment_id=18066515555411900,scraping_instagram,ajnalangit,Benci banget gw sm gendot tua itu
17865729453625024,2026-05-22T07:36:29+00:00,0,https://www.instagram.com/reel/DYmu1e6PyWi/,https://www.instagram.com/reel/DYmu1e6PyWi/?comment_id=17865729453625024,scraping_instagram,hendrasaputra_doank,@presidenrepublikindonesia @prabowo @prabowo.gibran2
18052046573750394,2026-05-22T07:35:37+00:00,0,https://www.instagram.com/reel/DYmu1e6PyWi/,https://www.instagram.com/reel/DYmu1e6PyWi/?comment_id=18052046573750394,scraping_instagram,hendra_mhs,Kreatifitas anak bangsa kritik melalui seni … 🙏🏻🙏🏻👍🏻
18110928034895913,2026-05-22T07:32:55+00:00,0,https://www.instagram.com/reel/DYmu1e6PyWi/,https://www.instagram.com/reel/DYmu1e6PyWi/?comment_id=18110928034895913,scraping_instagram,scds9902,Menuju bubar
18106418023963102,2026-05-22T07:32:03+00:00,0,https://www.instagram.com/reel/DYmu1e6PyWi/,https://www.instagram.com/reel/DYmu1e6PyWi/?comment_id=18106418023963102,scraping_instagram,riopranata971,Tolong ding buat animasi full episode yg jogek2 begini
18163423333433304,2026-05-22T07:31:38+00:00,0,https://www.instagram.com/reel/DYmu1e6PyWi/,https://www.instagram.com/reel/DYmu1e6PyWi/?comment_id=18163423333433304,scraping_instagram,taufik_rex,@are_agustira @muhammadhamzahmecca
18183581794388878,2026-05-22T07:31:06+00:00,0,https://www.instagram.com/reel/DYmu1e6PyWi/,https://www.instagram.com/reel/DYmu1e6PyWi/?comment_id=18183581794388878,scraping_instagram,taufik_rex,Trmksh lagunya🤟🤣🤣🤣🤣🤣🤣🤣🤣🤣🤣🤣🤣🤣🤣🤣
17963834091119115,2026-05-22T07:30:32+00:00,0,https://www.instagram.com/reel/DYmu1e6PyWi/,https://www.instagram.com/reel/DYmu1e6PyWi/?comment_id=17963834091119115,scraping_instagram,arif154871,baru sekarang aku benci Indonesia
18128944672578614,2026-05-22T07:29:35+00:00,0,https://www.instagram.com/reel/DYmu1e6PyWi/,https://www.instagram.com/reel/DYmu1e6PyWi/?comment_id=18128944672578614,scraping_instagram,marhaen620,Miris... pejabat memaksa kan... program MBG yg tidak melihat sengsara rakyat 😮😮
18081149822321659,2026-05-22T07:29:24+00:00,0,https://www.instagram.com/reel/DYmu1e6PyWi/,https://www.instagram.com/reel/DYmu1e6PyWi/?comment_id=18081149822321659,scraping_instagram,susan.djo,58%...suaranya mana ????
17888434362539778,2026-05-22T07:29:01+00:00,0,https://www.instagram.com/reel/DYmu1e6PyWi/,https://www.instagram.com/reel/DYmu1e6PyWi/?comment_id=17888434362539778,scraping_instagram,fam.ily7460,Presiden Dagelan
18094255277184950,2026-05-22T07:26:41+00:00,0,https://www.instagram.com/reel/DYmu1e6PyWi/,https://www.instagram.com/reel/DYmu1e6PyWi/?comment_id=18094255277184950,scraping_instagram,mhmmd_agstn_slm,GENGSI MENGAKUI BAHWA EMBEGE DAN KOPDES YG MERUSAK EKONOMI
17875848735601059,2026-05-22T07:26:25+00:00,0,https://www.instagram.com/reel/DYmu1e6PyWi/,https://www.instagram.com/reel/DYmu1e6PyWi/?comment_id=17875848735601059,scraping_instagram,nonono_ss99,Hidup Prabowo Subianto 😂😂
18143338759507080,2026-05-22T07:24:55+00:00,0,https://www.instagram.com/reel/DYmu1e6PyWi/,https://www.instagram.com/reel/DYmu1e6PyWi/?comment_id=18143338759507080,scraping_instagram,daman.huri8,"sampai sperti ini rakyat buatin ,  dpr kapan buat undang"" hukum seumur hidup dan juga hukum miskinkan koruptor?.."
18151951114472706,2026-05-22T07:23:48+00:00,0,https://www.instagram.com/reel/DYmu1e6PyWi/,https://www.instagram.com/reel/DYmu1e6PyWi/?comment_id=18151951114472706,scraping_instagram,pujadenis784,Berlebihan
18389802136088165,2026-05-22T07:22:27+00:00,0,https://www.instagram.com/reel/DYmu1e6PyWi/,https://www.instagram.com/reel/DYmu1e6PyWi/?comment_id=18389802136088165,scraping_instagram,nurjannahmasruah,"Astaghfirullah astaghfirullah, di tahun 2029 semoga diberi pemimpin yang takut taat kepada Allah SWT. Yang bisa mensejahterakan masyarakat!!!"
18063476279450961,2026-05-22T07:21:43+00:00,0,https://www.instagram.com/reel/DYmu1e6PyWi/,https://www.instagram.com/reel/DYmu1e6PyWi/?comment_id=18063476279450961,scraping_instagram,miencemanullang,Gilaaaa.
18114402379867810,2026-05-22T07:20:59+00:00,0,https://www.instagram.com/reel/DYmu1e6PyWi/,https://www.instagram.com/reel/DYmu1e6PyWi/?comment_id=18114402379867810,scraping_instagram,salim57203,BOTI BOWO TEDI
18164732083433449,2026-05-22T07:20:24+00:00,0,https://www.instagram.com/reel/DYmu1e6PyWi/,https://www.instagram.com/reel/DYmu1e6PyWi/?comment_id=18164732083433449,scraping_instagram,kartini_citrawati,Nyesel kan yg milih dulu. 😮😮😢
17927540328314065,2026-05-22T07:19:34+00:00,0,https://www.instagram.com/reel/DYmu1e6PyWi/,https://www.instagram.com/reel/DYmu1e6PyWi/?comment_id=17927540328314065,scraping_instagram,warna_tanjung,Diakan bukan pak habibi..klau pak habibi sayang sm rakyat nya..klau presiden ini mana peduli sama rakyat nya mau keracunan rakyat nya los yg penting mbg..makan beracun gratis..
18323863108250247,2026-05-22T07:19:26+00:00,0,https://www.instagram.com/reel/DYmu1e6PyWi/,https://www.instagram.com/reel/DYmu1e6PyWi/?comment_id=18323863108250247,scraping_instagram,hamdimashudi,Orang gila jadi penguasa 😂😂😂😂
17897295087456240,2026-05-22T07:19:00+00:00,0,https://www.instagram.com/reel/DYmu1e6PyWi/,https://www.instagram.com/reel/DYmu1e6PyWi/?comment_id=17897295087456240,scraping_instagram,ahmad_adi97,😂
18090350327259189,2026-05-22T07:18:33+00:00,0,https://www.instagram.com/reel/DYmu1e6PyWi/,https://www.instagram.com/reel/DYmu1e6PyWi/?comment_id=18090350327259189,scraping_instagram,susyriadhini2,lagunya pas banget
18078284669231616,2026-05-22T07:18:17+00:00,0,https://www.instagram.com/reel/DYmu1e6PyWi/,https://www.instagram.com/reel/DYmu1e6PyWi/?comment_id=18078284669231616,scraping_instagram,feindridevita,😂
18587906887028650,2026-05-22T07:16:23+00:00,0,https://www.instagram.com/reel/DYmu1e6PyWi/,https://www.instagram.com/reel/DYmu1e6PyWi/?comment_id=18587906887028650,scraping_instagram,putrisings,Presiden edan goblok kenapa belum lengser sih
18092942864263962,2026-05-22T07:15:41+00:00,0,https://www.instagram.com/reel/DYmu1e6PyWi/,https://www.instagram.com/reel/DYmu1e6PyWi/?comment_id=18092942864263962,scraping_instagram,ashadieey,Semoga lengser sebelum purna tugas.. sedih bgt liat negara ini...
18390968302089521,2026-05-22T07:14:01+00:00,0,https://www.instagram.com/reel/DYmu1e6PyWi/,https://www.instagram.com/reel/DYmu1e6PyWi/?comment_id=18390968302089521,scraping_instagram,ingrid_momskhafa,😂😂😂😂
18152007301473918,2026-05-22T07:13:33+00:00,0,https://www.instagram.com/reel/DYmu1e6PyWi/,https://www.instagram.com/reel/DYmu1e6PyWi/?comment_id=18152007301473918,scraping_instagram,devimulyani05,t tutup mbg
18087768254577663,2026-05-22T07:13:26+00:00,0,https://www.instagram.com/reel/DYmu1e6PyWi/,https://www.instagram.com/reel/DYmu1e6PyWi/?comment_id=18087768254577663,scraping_instagram,suhendra1254,Tambah GEMOY aja
17961463200109192,2026-05-22T07:12:30+00:00,0,https://www.instagram.com/reel/DYmu1e6PyWi/,https://www.instagram.com/reel/DYmu1e6PyWi/?comment_id=17961463200109192,scraping_instagram,king_itachiq,
18101751295927094,2026-05-22T07:11:49+00:00,0,https://www.instagram.com/reel/DYmu1e6PyWi/,https://www.instagram.com/reel/DYmu1e6PyWi/?comment_id=18101751295927094,scraping_instagram,litaawh,Stop MBG tdk ada hslnya. Malah dibuat korup
18099925241109721,2026-05-22T07:10:33+00:00,0,https://www.instagram.com/reel/DYmu1e6PyWi/,https://www.instagram.com/reel/DYmu1e6PyWi/?comment_id=18099925241109721,scraping_instagram,wenalandelan,Bubarkan MBG
18011572469884545,2026-05-22T07:10:33+00:00,0,https://www.instagram.com/reel/DYmu1e6PyWi/,https://www.instagram.com/reel/DYmu1e6PyWi/?comment_id=18011572469884545,scraping_instagram,erfanhermawan75,"selamat menimmati pilihan anda, meski dapaknya 01 dan 03 kena."
18101637023049595,2026-05-22T07:10:23+00:00,0,https://www.instagram.com/reel/DYmu1e6PyWi/,https://www.instagram.com/reel/DYmu1e6PyWi/?comment_id=18101637023049595,scraping_instagram,bima_fado,KopDes MBG penghambur Dana Devisa Rakyat...
18050255036753851,2026-05-22T07:10:13+00:00,0,https://www.instagram.com/reel/DYmu1e6PyWi/,https://www.instagram.com/reel/DYmu1e6PyWi/?comment_id=18050255036753851,scraping_instagram,roy_r00ney8,
18324612379254492,2026-05-22T07:09:55+00:00,0,https://www.instagram.com/reel/DYmu1e6PyWi/,https://www.instagram.com/reel/DYmu1e6PyWi/?comment_id=18324612379254492,scraping_instagram,clara_erma01,😡😡😡😡😡😡
18586246573060773,2026-05-22T07:07:07+00:00,0,https://www.instagram.com/reel/DYmu1e6PyWi/,https://www.instagram.com/reel/DYmu1e6PyWi/?comment_id=18586246573060773,scraping_instagram,nurnainisiregar,InsyaAllah suatuhari nanti kita lihat perbuatan mrk.😂😂😂
18317961787286150,2026-05-22T07:06:25+00:00,0,https://www.instagram.com/reel/DYmu1e6PyWi/,https://www.instagram.com/reel/DYmu1e6PyWi/?comment_id=18317961787286150,scraping_instagram,syafayra,"Dzoliim dzolim dzolim, pemimpin, pejabat Laknatullah"
18088847387199268,2026-05-22T07:03:08+00:00,0,https://www.instagram.com/reel/DYmu1e6PyWi/,https://www.instagram.com/reel/DYmu1e6PyWi/?comment_id=18088847387199268,scraping_instagram,idabagusangga14,PRESIDEN MACAM APA INI !!!!!!
18091954202256816,2026-05-22T07:03:01+00:00,0,https://www.instagram.com/reel/DYmu1e6PyWi/,https://www.instagram.com/reel/DYmu1e6PyWi/?comment_id=18091954202256816,scraping_instagram,naniernawati31,Bagus...mas syairnya
18010087703909524,2026-05-22T07:02:35+00:00,0,https://www.instagram.com/reel/DYmu1e6PyWi/,https://www.instagram.com/reel/DYmu1e6PyWi/?comment_id=18010087703909524,scraping_instagram,aliradmond,"Jaman Jokowi di hina dalam negeri di puji luar negeri, ini dalam dan luar negeri di hina gak sadar jugaa @prabowo"
18110195440718427,2026-05-22T07:02:22+00:00,0,https://www.instagram.com/reel/DYmu1e6PyWi/,https://www.instagram.com/reel/DYmu1e6PyWi/?comment_id=18110195440718427,scraping_instagram,finelianita,Sampai dibikin video begini. Ga malu tah???? 😂
17850694101692918,2026-05-22T07:01:08+00:00,0,https://www.instagram.com/reel/DYmu1e6PyWi/,https://www.instagram.com/reel/DYmu1e6PyWi/?comment_id=17850694101692918,scraping_instagram,diah.r.wahyuni.1,🔥👏👏
17880361980596817,2026-05-22T07:00:46+00:00,0,https://www.instagram.com/reel/DYmu1e6PyWi/,https://www.instagram.com/reel/DYmu1e6PyWi/?comment_id=17880361980596817,scraping_instagram,jayde.id,@teddy_hq @prabowo @dpr_ri @official.kpk @kejaksaan.ri ngeri negeri ini
18340603222222021,2026-05-22T06:59:17+00:00,0,https://www.instagram.com/reel/DYmu1e6PyWi/,https://www.instagram.com/reel/DYmu1e6PyWi/?comment_id=18340603222222021,scraping_instagram,isaalmachful,Hina 😂😂
18180204226399954,2026-05-22T06:59:03+00:00,0,https://www.instagram.com/reel/DYmu1e6PyWi/,https://www.instagram.com/reel/DYmu1e6PyWi/?comment_id=18180204226399954,scraping_instagram,zulmentos,Jogetin aja. Jngan lupa pertanggung jawaban di akhirat yg mati Matian membelanha👏
18112074229849530,2026-05-22T06:54:41+00:00,0,https://www.instagram.com/reel/DYmu1e6PyWi/,https://www.instagram.com/reel/DYmu1e6PyWi/?comment_id=18112074229849530,scraping_instagram,yntcis,Uda di taraf muakkkkk
17955210384131626,2026-05-22T06:54:27+00:00,0,https://www.instagram.com/reel/DYmu1e6PyWi/,https://www.instagram.com/reel/DYmu1e6PyWi/?comment_id=17955210384131626,scraping_instagram,danishisqandarisqandar,Prabowo gembira Bila dollar Naik daripada Indonesia YG naik😂😂😂😂..yang untung Pak Prabowo Wang terus masuk Ke bank nYa.rakyat juga yang mati
18457949350118330,2026-05-22T06:53:54+00:00,0,https://www.instagram.com/reel/DYmu1e6PyWi/,https://www.instagram.com/reel/DYmu1e6PyWi/?comment_id=18457949350118330,scraping_instagram,etik.atiayusta,SING PENTING SIIIK ISO JOGEET..😂😂😂
18013676675899701,2026-05-22T06:53:02+00:00,0,https://www.instagram.com/reel/DYmu1e6PyWi/,https://www.instagram.com/reel/DYmu1e6PyWi/?comment_id=18013676675899701,scraping_instagram,marissusanna,INSANE
18136985449547924,2026-05-22T06:52:18+00:00,0,https://www.instagram.com/reel/DYmu1e6PyWi/,https://www.instagram.com/reel/DYmu1e6PyWi/?comment_id=18136985449547924,scraping_instagram,srima_sduki,O
18093218270248287,2026-05-22T06:51:56+00:00,0,https://www.instagram.com/reel/DYmu1e6PyWi/,https://www.instagram.com/reel/DYmu1e6PyWi/?comment_id=18093218270248287,scraping_instagram,cutnizadahlan,Ya Allah..program yg mnyengsarakan rakyat
18065624999391066,2026-05-22T06:51:50+00:00,0,https://www.instagram.com/reel/DYmu1e6PyWi/,https://www.instagram.com/reel/DYmu1e6PyWi/?comment_id=18065624999391066,scraping_instagram,claraaaamecaptr,@prabowo @gibran_rakabuming gimana pak? 😂
17926372914314578,2026-05-22T06:51:38+00:00,0,https://www.instagram.com/reel/DYmu1e6PyWi/,https://www.instagram.com/reel/DYmu1e6PyWi/?comment_id=17926372914314578,scraping_instagram,am_che_bal,
18328947883248451,2026-05-22T06:51:32+00:00,0,https://www.instagram.com/reel/DYmu1e6PyWi/,https://www.instagram.com/reel/DYmu1e6PyWi/?comment_id=18328947883248451,scraping_instagram,abigailjeany,Untung g bukan rakyat bego yang milih wowo😂😂
18108832931315716,2026-05-22T06:50:58+00:00,0,https://www.instagram.com/reel/DYmu1e6PyWi/,https://www.instagram.com/reel/DYmu1e6PyWi/?comment_id=18108832931315716,scraping_instagram,rizal180977,😂😂😂😂😂
18143290660507878,2026-05-22T06:50:56+00:00,0,https://www.instagram.com/reel/DYmu1e6PyWi/,https://www.instagram.com/reel/DYmu1e6PyWi/?comment_id=18143290660507878,scraping_instagram,thiemissu,Pingin lht mrk  mati ny seperti apa...
18028853084815292,2026-05-22T06:50:30+00:00,0,https://www.instagram.com/reel/DYmu1e6PyWi/,https://www.instagram.com/reel/DYmu1e6PyWi/?comment_id=18028853084815292,scraping_instagram,erlinherl,Ga prnh semuak ini sma presiden...msh ttep bangga sma diri sendiri ga milih dia jd presiden
18591488104031905,2026-05-22T06:47:48+00:00,0,https://www.instagram.com/reel/DYmu1e6PyWi/,https://www.instagram.com/reel/DYmu1e6PyWi/?comment_id=18591488104031905,scraping_instagram,rayna_yunus,
18090043985579849,2026-05-22T06:46:33+00:00,0,https://www.instagram.com/reel/DYmu1e6PyWi/,https://www.instagram.com/reel/DYmu1e6PyWi/?comment_id=18090043985579849,scraping_instagram,techycipet,Kpn ya ada generasi muda dan cerdas yg bs memberi mrk pelajaran ??
18329129572249290,2026-05-22T06:46:11+00:00,0,https://www.instagram.com/reel/DYmu1e6PyWi/,https://www.instagram.com/reel/DYmu1e6PyWi/?comment_id=18329129572249290,scraping_instagram,suronowati,Suka lagunya 🔥🔥🔥🔥🔥
18098268113121637,2026-05-22T06:45:23+00:00,0,https://www.instagram.com/reel/DYmu1e6PyWi/,https://www.instagram.com/reel/DYmu1e6PyWi/?comment_id=18098268113121637,scraping_instagram,ali_subchi,Presiden impulsif
17966493621065621,2026-05-22T06:45:21+00:00,0,https://www.instagram.com/reel/DYmu1e6PyWi/,https://www.instagram.com/reel/DYmu1e6PyWi/?comment_id=17966493621065621,scraping_instagram,hlsaan_,😂😂😂😂😂😂😂😂😂😂😂😂😂😂😂😂😂😂😂😂😂😂😂😂😂😂😂
18126349213540550,2026-05-22T06:45:09+00:00,0,https://www.instagram.com/reel/DYmu1e6PyWi/,https://www.instagram.com/reel/DYmu1e6PyWi/?comment_id=18126349213540550,scraping_instagram,yosiko_202,
18113961760833428,2026-05-22T06:44:36+00:00,0,https://www.instagram.com/reel/DYmu1e6PyWi/,https://www.instagram.com/reel/DYmu1e6PyWi/?comment_id=18113961760833428,scraping_instagram,styanto45,Moy Gemoy ramaen blass
17889234201506696,2026-05-22T06:44:25+00:00,0,https://www.instagram.com/reel/DYmu1e6PyWi/,https://www.instagram.com/reel/DYmu1e6PyWi/?comment_id=17889234201506696,scraping_instagram,animaryani64,Seneng  dan bahagianya bpk gemoyy
17972108049026500,2026-05-22T06:42:59+00:00,0,https://www.instagram.com/reel/DYmu1e6PyWi/,https://www.instagram.com/reel/DYmu1e6PyWi/?comment_id=17972108049026500,scraping_instagram,marissusanna,"Sudah pada sinting, gak sabar menunggu jabatan mereka selesai"
18067049669374671,2026-05-22T06:41:19+00:00,0,https://www.instagram.com/reel/DYmu1e6PyWi/,https://www.instagram.com/reel/DYmu1e6PyWi/?comment_id=18067049669374671,scraping_instagram,ketiemdmbonga,😡😡😡👿👿👿☠️☠️☠️👹👹👹💩💩💩🤮🤮🤮👎👎👎
18080616047413030,2026-05-22T06:41:06+00:00,1,https://www.instagram.com/reel/DYmu1e6PyWi/,https://www.instagram.com/reel/DYmu1e6PyWi/?comment_id=18080616047413030,scraping_instagram,nanang_nurjaman333,Wowo itu bonekanya wiwi...makanya wowo slalu bkin statement yang gak jelas agar lengser dan anak idiot wiwi naik jdi RI 1 kmudian posisi wapres ksong nah msuklah si wiwi....skenario wiwi berjalan deh 😂
17865201618627061,2026-05-22T06:39:47+00:00,0,https://www.instagram.com/reel/DYmu1e6PyWi/,https://www.instagram.com/reel/DYmu1e6PyWi/?comment_id=17865201618627061,scraping_instagram,antii_panikk,bodoh
18047871158538202,2026-05-22T06:37:25+00:00,0,https://www.instagram.com/reel/DYmu1e6PyWi/,https://www.instagram.com/reel/DYmu1e6PyWi/?comment_id=18047871158538202,scraping_instagram,muhamadrifaiishaq,😂rakyat di desa ga pakai dollar kata orang no 1 di republik semrawut
17865824112624857,2026-05-22T06:37:24+00:00,0,https://www.instagram.com/reel/DYmu1e6PyWi/,https://www.instagram.com/reel/DYmu1e6PyWi/?comment_id=17865824112624857,scraping_instagram,jhon75193,
18132742663564013,2026-05-22T06:36:31+00:00,0,https://www.instagram.com/reel/DYmu1e6PyWi/,https://www.instagram.com/reel/DYmu1e6PyWi/?comment_id=18132742663564013,scraping_instagram,panca3822,"Siapa bilang jokowi-prabowo-gibran menang krn dipilih 58% rakyat Indonesia!? Salah besar, yg benar mrk menang krn pilihan minoritas termul, hasil rekayasa, manipulasi data & menyogok oknum² aparat & kpu, menebar janji² surga lalu berdusta kpd rakyat pemilihnya. 

Makannya krn amatiran hasil pemilu nya ngawur & terpilihlah pemimpin pendusta yg tdk kapabel, tdk berkualitas, korup, tdk amanah & zolim kpd rakyatnya. Hny demi ambisi utk berkuasa, kalian menghalalkan segala cara & tdk takut kpd Tuhan Yg Maha Kuasa.

Akibatnya seluruh rakyat mayoritas yg tdk memilih ikut jadi korban & perekonomian makin  hancur tidak karuan, PHK dimana², pengangguran meningkat, rakyat yg sdh sulit hidupnya makin miskin, makin diperas & makin menderita. Negara jadi tdk Barokah, Subhanallah."
18352695001215376,2026-05-22T06:36:25+00:00,0,https://www.instagram.com/reel/DYmu1e6PyWi/,https://www.instagram.com/reel/DYmu1e6PyWi/?comment_id=18352695001215376,scraping_instagram,panca3822,"Sepanjang sejarah, baru kali ini Indonesia memiliki presiden bodoh yg ambisius kapitalis otoriter, pemuja murtadin sekuler & antek asing. 
Wapresnya dungu yg gak jelas pendidikannya, ex narkoba yg gak malu plonga plongo & bangga melanggar konstitusi. 

Mentri² tolol titipan mulyono, hanya mengejar jabatan, demi harta gaji buta, kerjanya tdk proporsional/korupsi & asal bicara. 
Kalian semuanya dgn sadar telah buat malu, melecehkan, zolim kpd bangsa & negara sendiri. Tunggu saja hisabnya

Seorang presiden jendral pecatan buronan kasus penculikan & pembunuhan akrivis 98, yg tidak malu teriak² Hidup jokoweee.!! Engga ngotak parah..!"
18026402042818971,2026-05-22T06:36:17+00:00,0,https://www.instagram.com/reel/DYmu1e6PyWi/,https://www.instagram.com/reel/DYmu1e6PyWi/?comment_id=18026402042818971,scraping_instagram,zainin_w,Iyah lagi @delia_md
18350230483245909,2026-05-22T06:35:58+00:00,0,https://www.instagram.com/reel/DYmu1e6PyWi/,https://www.instagram.com/reel/DYmu1e6PyWi/?comment_id=18350230483245909,scraping_instagram,wisnutriadmojo,"Ya Allah betul sekali, segitu amat ya"
17923461216347527,2026-05-22T06:35:41+00:00,0,https://www.instagram.com/reel/DYmu1e6PyWi/,https://www.instagram.com/reel/DYmu1e6PyWi/?comment_id=17923461216347527,scraping_instagram,aprilritu,salah pilih 😢
18092297824982879,2026-05-22T06:35:31+00:00,2,https://www.instagram.com/reel/DYmu1e6PyWi/,https://www.instagram.com/reel/DYmu1e6PyWi/?comment_id=18092297824982879,scraping_instagram,risdian_ilham_,😂
18318441301287519,2026-05-22T06:35:20+00:00,0,https://www.instagram.com/reel/DYmu1e6PyWi/,https://www.instagram.com/reel/DYmu1e6PyWi/?comment_id=18318441301287519,scraping_instagram,michael_sohnatha,😂😂😂
18112044541677109,2026-05-22T06:34:26+00:00,0,https://www.instagram.com/reel/DYmu1e6PyWi/,https://www.instagram.com/reel/DYmu1e6PyWi/?comment_id=18112044541677109,scraping_instagram,sucia918,Bubarkan mbg
18326268988281948,2026-05-22T06:32:38+00:00,0,https://www.instagram.com/reel/DYmu1e6PyWi/,https://www.instagram.com/reel/DYmu1e6PyWi/?comment_id=18326268988281948,scraping_instagram,idawahyuniari8,Aamiin YRA 🤲
18131549611570287,2026-05-22T06:32:38+00:00,0,https://www.instagram.com/reel/DYmu1e6PyWi/,https://www.instagram.com/reel/DYmu1e6PyWi/?comment_id=18131549611570287,scraping_instagram,daun_pucuk_ubi_01,Yang dibungkam itu mba Najwa Shihab kah?😢😢
17881775421580437,2026-05-22T06:32:35+00:00,0,https://www.instagram.com/reel/DYmu1e6PyWi/,https://www.instagram.com/reel/DYmu1e6PyWi/?comment_id=17881775421580437,scraping_instagram,reni493476,Tunggu pembalasan Alloh wahai semua pejabat pemerintah Indonesia yg korupsi yg dzolim 😡😡😡
18161727811452193,2026-05-22T06:32:18+00:00,0,https://www.instagram.com/reel/DYmu1e6PyWi/,https://www.instagram.com/reel/DYmu1e6PyWi/?comment_id=18161727811452193,scraping_instagram,irf.9144,@tumgrd
18111779342502960,2026-05-22T06:32:14+00:00,0,https://www.instagram.com/reel/DYmu1e6PyWi/,https://www.instagram.com/reel/DYmu1e6PyWi/?comment_id=18111779342502960,scraping_instagram,boysdontcarryy,Udh gw bilang berat jdi WNI😂
17988741026989193,2026-05-22T06:30:31+00:00,0,https://www.instagram.com/reel/DYmu1e6PyWi/,https://www.instagram.com/reel/DYmu1e6PyWi/?comment_id=17988741026989193,scraping_instagram,zennywulandari,Negaraku😭😭
18140899342518356,2026-05-22T06:29:57+00:00,0,https://www.instagram.com/reel/DYmu1e6PyWi/,https://www.instagram.com/reel/DYmu1e6PyWi/?comment_id=18140899342518356,scraping_instagram,sgtista22,JOKO DILANJUTKAN WOWO 🤦‍♂️🤦‍♂️🤦‍♂️🤦‍♂️
17964722604078010,2026-05-22T06:29:51+00:00,0,https://www.instagram.com/reel/DYmu1e6PyWi/,https://www.instagram.com/reel/DYmu1e6PyWi/?comment_id=17964722604078010,scraping_instagram,izhrynt,Naudzubillah🤮
18394934596084776,2026-05-22T06:29:50+00:00,0,https://www.instagram.com/reel/DYmu1e6PyWi/,https://www.instagram.com/reel/DYmu1e6PyWi/?comment_id=18394934596084776,scraping_instagram,andhikaprameswari,"Badan Pangan Nasional (Bapanas) memperkirakan potensi makanan terbuang (food waste) dari program Makan Bergizi Gratis (MBG) mencapai 1,4 juta ton per tahun. Angka tersebut setara dengan nilai pemborosan anggaran sebesar Rp14 triliun per tahun."
17862763221631562,2026-05-22T06:29:34+00:00,0,https://www.instagram.com/reel/DYmu1e6PyWi/,https://www.instagram.com/reel/DYmu1e6PyWi/?comment_id=17862763221631562,scraping_instagram,iriantoni_,Ingat mati babi gembrot 🔥🔥🔥
18073470986448384,2026-05-22T06:24:23+00:00,0,https://www.instagram.com/reel/DYmu1e6PyWi/,https://www.instagram.com/reel/DYmu1e6PyWi/?comment_id=18073470986448384,scraping_instagram,retdito,@wdn_76  simak o
18138273547536876,2026-05-22T06:23:59+00:00,0,https://www.instagram.com/reel/DYmu1e6PyWi/,https://www.instagram.com/reel/DYmu1e6PyWi/?comment_id=18138273547536876,scraping_instagram,jeanneangellia,Cukup lah... Mendingan pensiun.
17889741174508863,2026-05-22T06:23:00+00:00,0,https://www.instagram.com/reel/DYmu1e6PyWi/,https://www.instagram.com/reel/DYmu1e6PyWi/?comment_id=17889741174508863,scraping_instagram,septaerna_01,Makin hancur tiap hari negara kita...semoga cepat d ganti nih paket salah pilih presiden🔥
18082680995293772,2026-05-22T06:22:20+00:00,1,https://www.instagram.com/reel/DYmu1e6PyWi/,https://www.instagram.com/reel/DYmu1e6PyWi/?comment_id=18082680995293772,scraping_instagram,dsiariani,Turun lah pak please bgt ini mah
18004018709866893,2026-05-22T06:21:52+00:00,0,https://www.instagram.com/reel/DYmu1e6PyWi/,https://www.instagram.com/reel/DYmu1e6PyWi/?comment_id=18004018709866893,scraping_instagram,ulfa_alzafira,Emang paling miris punya presiden lansia lagi NPD
18117508861739773,2026-05-22T06:21:47+00:00,0,https://www.instagram.com/reel/DYmu1e6PyWi/,https://www.instagram.com/reel/DYmu1e6PyWi/?comment_id=18117508861739773,scraping_instagram,endahkurnialestariar,@prabowo
17899000416445320,2026-05-22T06:21:44+00:00,0,https://www.instagram.com/reel/DYmu1e6PyWi/,https://www.instagram.com/reel/DYmu1e6PyWi/?comment_id=17899000416445320,scraping_instagram,arief_sutanto75,Kaum 58 ORA MUDENG
17946250680183735,2026-05-22T06:20:54+00:00,0,https://www.instagram.com/reel/DYmu1e6PyWi/,https://www.instagram.com/reel/DYmu1e6PyWi/?comment_id=17946250680183735,scraping_instagram,syah21_jr,Rakyat GK perlu kayak ..cukup makan
18117941239681773,2026-05-22T06:19:22+00:00,0,https://www.instagram.com/reel/DYmu1e6PyWi/,https://www.instagram.com/reel/DYmu1e6PyWi/?comment_id=18117941239681773,scraping_instagram,krisna43033,Lebih parah dr pakde 😂
18420070279133098,2026-05-22T06:17:54+00:00,0,https://www.instagram.com/reel/DYmu1e6PyWi/,https://www.instagram.com/reel/DYmu1e6PyWi/?comment_id=18420070279133098,scraping_instagram,iwan_1366,Lengserkan Prabowo kayaknya perlu seperti Zaman Gusdur duLu
18102132665063631,2026-05-22T06:17:38+00:00,0,https://www.instagram.com/reel/DYmu1e6PyWi/,https://www.instagram.com/reel/DYmu1e6PyWi/?comment_id=18102132665063631,scraping_instagram,raihanmamae,Ko aku benci banget y Ama presiden sekarang udah lama lagi nunggu 2029
18082745222134420,2026-05-22T06:17:06+00:00,0,https://www.instagram.com/reel/DYmu1e6PyWi/,https://www.instagram.com/reel/DYmu1e6PyWi/?comment_id=18082745222134420,scraping_instagram,wani_c3n,😂😂😂
17965250757118154,2026-05-22T06:16:45+00:00,0,https://www.instagram.com/reel/DYmu1e6PyWi/,https://www.instagram.com/reel/DYmu1e6PyWi/?comment_id=17965250757118154,scraping_instagram,alexandersq492023,Spa sih yg milih beliau jdi presiden?
18099490883152414,2026-05-22T06:16:02+00:00,0,https://www.instagram.com/reel/DYmu1e6PyWi/,https://www.instagram.com/reel/DYmu1e6PyWi/?comment_id=18099490883152414,scraping_instagram,yati.2442,Presiden yg tdk mau mendengar rakyat hanya mendengar antek anteknya
18110470081926851,2026-05-22T06:15:02+00:00,0,https://www.instagram.com/reel/DYmu1e6PyWi/,https://www.instagram.com/reel/DYmu1e6PyWi/?comment_id=18110470081926851,scraping_instagram,buke.diky,"Presiden ga pake dolar tenang aja ,dia pake kolor😂😂😂😂"
18135487180556041,2026-05-22T06:13:53+00:00,0,https://www.instagram.com/reel/DYmu1e6PyWi/,https://www.instagram.com/reel/DYmu1e6PyWi/?comment_id=18135487180556041,scraping_instagram,suryaadhi14,@prabowo
18358356022237279,2026-05-22T06:13:38+00:00,0,https://www.instagram.com/reel/DYmu1e6PyWi/,https://www.instagram.com/reel/DYmu1e6PyWi/?comment_id=18358356022237279,scraping_instagram,rusmina.s,😮😮
17925267606343700,2026-05-22T06:12:38+00:00,0,https://www.instagram.com/reel/DYmu1e6PyWi/,https://www.instagram.com/reel/DYmu1e6PyWi/?comment_id=17925267606343700,scraping_instagram,_lily.aaa,Gini bgt jadi WNI 😢
18073923878294631,2026-05-22T06:12:27+00:00,0,https://www.instagram.com/reel/DYmu1e6PyWi/,https://www.instagram.com/reel/DYmu1e6PyWi/?comment_id=18073923878294631,scraping_instagram,anto.xfl,👏👏😂😂
18102526772052619,2026-05-22T06:12:01+00:00,0,https://www.instagram.com/reel/DYmu1e6PyWi/,https://www.instagram.com/reel/DYmu1e6PyWi/?comment_id=18102526772052619,scraping_instagram,arifin.tgh13,"ga seru, ga ada adegan ngntod tedy nya"
18087445238608442,2026-05-22T06:10:57+00:00,0,https://www.instagram.com/reel/DYmu1e6PyWi/,https://www.instagram.com/reel/DYmu1e6PyWi/?comment_id=18087445238608442,scraping_instagram,sitinurkhoiriyah_,😢
17930569473269783,2026-05-22T06:09:40+00:00,0,https://www.instagram.com/reel/DYmu1e6PyWi/,https://www.instagram.com/reel/DYmu1e6PyWi/?comment_id=17930569473269783,scraping_instagram,cwulandr,😢
17988043085995678,2026-05-22T06:07:43+00:00,0,https://www.instagram.com/reel/DYmu1e6PyWi/,https://www.instagram.com/reel/DYmu1e6PyWi/?comment_id=17988043085995678,scraping_instagram,marulohuloh1,Mantan preziden jokowi Dengan skrng ini prabowo subianto Rezim nya nggak jelas suara rakyat bersuara sunguh terlalu uu🔥🔥🔥🔥
17928617898301860,2026-05-22T06:07:30+00:00,0,https://www.instagram.com/reel/DYmu1e6PyWi/,https://www.instagram.com/reel/DYmu1e6PyWi/?comment_id=17928617898301860,scraping_instagram,louisa.naomi.92,😂😂😂😂
18101463821084408,2026-05-22T06:06:15+00:00,0,https://www.instagram.com/reel/DYmu1e6PyWi/,https://www.instagram.com/reel/DYmu1e6PyWi/?comment_id=18101463821084408,scraping_instagram,nunaiynun,"Nyalon Gagal terus kasian, sekali jadi dong kasih hancur, wo....wo"
18351121033214860,2026-05-22T06:05:27+00:00,0,https://www.instagram.com/reel/DYmu1e6PyWi/,https://www.instagram.com/reel/DYmu1e6PyWi/?comment_id=18351121033214860,scraping_instagram,putra_arut,Anak buah Soros....
18081724328634038,2026-05-22T06:05:07+00:00,0,https://www.instagram.com/reel/DYmu1e6PyWi/,https://www.instagram.com/reel/DYmu1e6PyWi/?comment_id=18081724328634038,scraping_instagram,sudihargojulia,😢 suara 58 kalian bersama orang yg kalian pilih menari di neraka sana
17885415090392223,2026-05-22T06:04:35+00:00,0,https://www.instagram.com/reel/DYmu1e6PyWi/,https://www.instagram.com/reel/DYmu1e6PyWi/?comment_id=17885415090392223,scraping_instagram,101188aditya,BAPUUUUUKKKK
18058015799499773,2026-05-22T06:04:25+00:00,0,https://www.instagram.com/reel/DYmu1e6PyWi/,https://www.instagram.com/reel/DYmu1e6PyWi/?comment_id=18058015799499773,scraping_instagram,happy_nickz,Rakyat ga boleh mimpi kaya raya disuruh kere terus
18014252969698417,2026-05-22T06:04:18+00:00,0,https://www.instagram.com/reel/DYmu1e6PyWi/,https://www.instagram.com/reel/DYmu1e6PyWi/?comment_id=18014252969698417,scraping_instagram,siti_fadilah66,Kreatif pol..
18080930732172629,2026-05-22T06:03:50+00:00,0,https://www.instagram.com/reel/DYmu1e6PyWi/,https://www.instagram.com/reel/DYmu1e6PyWi/?comment_id=18080930732172629,scraping_instagram,inasarinah312,😂😂😂😂😂😂😂😂😂😂😂😂😂😂😂😂😂😂😂😂😂😂😂😂😂
18462085921117615,2026-05-22T06:03:26+00:00,0,https://www.instagram.com/reel/DYmu1e6PyWi/,https://www.instagram.com/reel/DYmu1e6PyWi/?comment_id=18462085921117615,scraping_instagram,kendasutanto,Dollar Amerika🇺🇸 sudah tidak diperlukan mata uang dunia lagi
18076751903242955,2026-05-22T06:03:00+00:00,0,https://www.instagram.com/reel/DYmu1e6PyWi/,https://www.instagram.com/reel/DYmu1e6PyWi/?comment_id=18076751903242955,scraping_instagram,kendasutanto,Dollar Amerika ganti mata uang Yuan china aja biar ekonomi kembali stabil
17895423432461920,2026-05-22T06:01:30+00:00,0,https://www.instagram.com/reel/DYmu1e6PyWi/,https://www.instagram.com/reel/DYmu1e6PyWi/?comment_id=17895423432461920,scraping_instagram,sulis.fatoni,😢
17977379330859072,2026-05-22T06:01:26+00:00,0,https://www.instagram.com/reel/DYmu1e6PyWi/,https://www.instagram.com/reel/DYmu1e6PyWi/?comment_id=17977379330859072,scraping_instagram,fdpsimatupang,😂😂❤️❤️❤️wowok makin gemuk Makan MBG Dan uang nya uang rakyat bikin MBG katanya getayis gak tau uang ApBn uang pajak rakyat najis 😂😂😂
18065686925406116,2026-05-22T06:00:45+00:00,0,https://www.instagram.com/reel/DYmu1e6PyWi/,https://www.instagram.com/reel/DYmu1e6PyWi/?comment_id=18065686925406116,scraping_instagram,hayathikayat7,Hidup jokowi 😮😂
18075375335401186,2026-05-22T06:00:40+00:00,0,https://www.instagram.com/reel/DYmu1e6PyWi/,https://www.instagram.com/reel/DYmu1e6PyWi/?comment_id=18075375335401186,scraping_instagram,susanabcdef,"Sama PENCIPTA NYA aja dia nggak takut, makanya dia menghalalkan segala cara untuk mencapai AMBISI DUNIANYA ❗"
18092738261239117,2026-05-22T05:59:18+00:00,0,https://www.instagram.com/reel/DYmu1e6PyWi/,https://www.instagram.com/reel/DYmu1e6PyWi/?comment_id=18092738261239117,scraping_instagram,krsnahidayat,Ueeedan tenaan
18107913112815742,2026-05-22T05:59:12+00:00,0,https://www.instagram.com/reel/DYmu1e6PyWi/,https://www.instagram.com/reel/DYmu1e6PyWi/?comment_id=18107913112815742,scraping_instagram,hayathikayat7,Rakyatnya kreatif.pinter.sabar syg pjabat konoha otak kosong perut dikenyngin dri progm mbg sarng korup satu kata hidup jokowi 😂
18376671613163731,2026-05-22T05:59:07+00:00,0,https://www.instagram.com/reel/DYmu1e6PyWi/,https://www.instagram.com/reel/DYmu1e6PyWi/?comment_id=18376671613163731,scraping_instagram,heru2021setiadi,"Mana pedulimu, km bisanya apa"
18092214887218220,2026-05-22T05:58:07+00:00,0,https://www.instagram.com/reel/DYmu1e6PyWi/,https://www.instagram.com/reel/DYmu1e6PyWi/?comment_id=18092214887218220,scraping_instagram,hans_albert,"Presiden kebanggaan 58,59% rakyat Indonesia😂😂😂 MENYALA KAWAN🔥🔥🔥"
18092989493254463,2026-05-22T05:57:22+00:00,0,https://www.instagram.com/reel/DYmu1e6PyWi/,https://www.instagram.com/reel/DYmu1e6PyWi/?comment_id=18092989493254463,scraping_instagram,phen.shop78,😂😂😂😂😂
17930985210086549,2026-05-22T05:56:02+00:00,0,https://www.instagram.com/reel/DYmu1e6PyWi/,https://www.instagram.com/reel/DYmu1e6PyWi/?comment_id=17930985210086549,scraping_instagram,abduhalimw,Terima kasih 58 all in 😍
18092323169081585,2026-05-22T05:55:40+00:00,0,https://www.instagram.com/reel/DYmu1e6PyWi/,https://www.instagram.com/reel/DYmu1e6PyWi/?comment_id=18092323169081585,scraping_instagram,jimmyjimmy1854,Kreennzzzz
17970147852060011,2026-05-22T05:55:36+00:00,0,https://www.instagram.com/reel/DYmu1e6PyWi/,https://www.instagram.com/reel/DYmu1e6PyWi/?comment_id=17970147852060011,scraping_instagram,nining32444,PRESIDEN TER JAHAT DI INDONESIA JOKOWI PRABOWO
18327917755269509,2026-05-22T05:55:11+00:00,0,https://www.instagram.com/reel/DYmu1e6PyWi/,https://www.instagram.com/reel/DYmu1e6PyWi/?comment_id=18327917755269509,scraping_instagram,sri_yulismayanti,Bowo Gibran tolong yaaa jgn mempermalukan bangsa Indonesia tolong lah .. mundurrr🔥
18080297201634302,2026-05-22T05:54:34+00:00,0,https://www.instagram.com/reel/DYmu1e6PyWi/,https://www.instagram.com/reel/DYmu1e6PyWi/?comment_id=18080297201634302,scraping_instagram,ratna.septi.5,Parahhh.... Ya Allah..... 😢😢😢😢
17874483312609207,2026-05-22T05:54:09+00:00,0,https://www.instagram.com/reel/DYmu1e6PyWi/,https://www.instagram.com/reel/DYmu1e6PyWi/?comment_id=17874483312609207,scraping_instagram,phqi_pi,Wujud asli fans PESSI
18111704293681479,2026-05-22T05:53:50+00:00,1,https://www.instagram.com/reel/DYmu1e6PyWi/,https://www.instagram.com/reel/DYmu1e6PyWi/?comment_id=18111704293681479,scraping_instagram,hanzs262,jadikanlah Indonesia damai
18047925557770830,2026-05-22T05:53:00+00:00,1,https://www.instagram.com/reel/DYmu1e6PyWi/,https://www.instagram.com/reel/DYmu1e6PyWi/?comment_id=18047925557770830,scraping_instagram,macanutara012,PrbwgbrnBABI
17940054054214891,2026-05-22T05:52:55+00:00,0,https://www.instagram.com/reel/DYmu1e6PyWi/,https://www.instagram.com/reel/DYmu1e6PyWi/?comment_id=17940054054214891,scraping_instagram,putrisfeb,@prabowo @gibran_rakabuming
17881873674579557,2026-05-22T05:52:54+00:00,0,https://www.instagram.com/reel/DYmu1e6PyWi/,https://www.instagram.com/reel/DYmu1e6PyWi/?comment_id=17881873674579557,scraping_instagram,pasaribusuharman,😂😂😂😂😂 ANJING YG DI VIDIO INI
17929841880090760,2026-05-22T05:52:42+00:00,0,https://www.instagram.com/reel/DYmu1e6PyWi/,https://www.instagram.com/reel/DYmu1e6PyWi/?comment_id=17929841880090760,scraping_instagram,andysanimas2023,Presiden  MBG dan KOP MERAH PUTIH
18212366317327243,2026-05-22T05:52:07+00:00,0,https://www.instagram.com/reel/DYmu1e6PyWi/,https://www.instagram.com/reel/DYmu1e6PyWi/?comment_id=18212366317327243,scraping_instagram,sucia_hida,Sedih bgt ya Allah
18116557786746323,2026-05-22T05:51:56+00:00,0,https://www.instagram.com/reel/DYmu1e6PyWi/,https://www.instagram.com/reel/DYmu1e6PyWi/?comment_id=18116557786746323,scraping_instagram,rizdio_5,Keren banget
18005605013916487,2026-05-22T05:51:27+00:00,0,https://www.instagram.com/reel/DYmu1e6PyWi/,https://www.instagram.com/reel/DYmu1e6PyWi/?comment_id=18005605013916487,scraping_instagram,yatirosa60,Parah tapi tk merasa ..miris
17988755087805923,2026-05-22T05:50:54+00:00,0,https://www.instagram.com/reel/DYmu1e6PyWi/,https://www.instagram.com/reel/DYmu1e6PyWi/?comment_id=17988755087805923,scraping_instagram,winn.995,@sruput.pipi
18450301405115688,2026-05-22T05:50:31+00:00,0,https://www.instagram.com/reel/DYmu1e6PyWi/,https://www.instagram.com/reel/DYmu1e6PyWi/?comment_id=18450301405115688,scraping_instagram,kurikulum9404,BB
18363050827229631,2026-05-22T05:48:39+00:00,0,https://www.instagram.com/reel/DYmu1e6PyWi/,https://www.instagram.com/reel/DYmu1e6PyWi/?comment_id=18363050827229631,scraping_instagram,syafiamunira,👏👏👏
17989436561801522,2026-05-22T05:47:58+00:00,0,https://www.instagram.com/reel/DYmu1e6PyWi/,https://www.instagram.com/reel/DYmu1e6PyWi/?comment_id=17989436561801522,scraping_instagram,kholil.nisa,Ya allah kenapa kita rakyat yg manut nurut harus di zholimi sama pemerintah sendiri 😭
18357096538240775,2026-05-22T05:47:29+00:00,0,https://www.instagram.com/reel/DYmu1e6PyWi/,https://www.instagram.com/reel/DYmu1e6PyWi/?comment_id=18357096538240775,scraping_instagram,nafizpisangijo,🔥🔥🔥
18008452421742746,2026-05-22T05:46:54+00:00,0,https://www.instagram.com/reel/DYmu1e6PyWi/,https://www.instagram.com/reel/DYmu1e6PyWi/?comment_id=18008452421742746,scraping_instagram,she_17070,Yg penting rakyatnya bisa makan dah titik...
18095257177927043,2026-05-22T05:44:49+00:00,0,https://www.instagram.com/reel/DYmu1e6PyWi/,https://www.instagram.com/reel/DYmu1e6PyWi/?comment_id=18095257177927043,scraping_instagram,harryfransiskushasugian_hfh,😂
18114579979865739,2026-05-22T05:44:20+00:00,0,https://www.instagram.com/reel/DYmu1e6PyWi/,https://www.instagram.com/reel/DYmu1e6PyWi/?comment_id=18114579979865739,scraping_instagram,rudi0002,"Gemoyyynya kyk AN...,....GGGG"
18153749386473926,2026-05-22T05:44:17+00:00,0,https://www.instagram.com/reel/DYmu1e6PyWi/,https://www.instagram.com/reel/DYmu1e6PyWi/?comment_id=18153749386473926,scraping_instagram,sitieliya_,"sebenernya udah ketaker sih bakal gini, cuma apa mau dikata, kalo ganjar bukan pdi aja, gua pilih diadah. mana ada mahfud md kan. 😂"
17909591802225229,2026-05-22T05:44:09+00:00,0,https://www.instagram.com/reel/DYmu1e6PyWi/,https://www.instagram.com/reel/DYmu1e6PyWi/?comment_id=17909591802225229,scraping_instagram,0613_ihsanfauzi,Jing ajing anjing anjing emng anjing
18181895923386265,2026-05-22T05:43:17+00:00,1,https://www.instagram.com/reel/DYmu1e6PyWi/,https://www.instagram.com/reel/DYmu1e6PyWi/?comment_id=18181895923386265,scraping_instagram,fadjarabdillah,Kebanyakan bayar buzzer
18082423544447038,2026-05-22T05:42:22+00:00,0,https://www.instagram.com/reel/DYmu1e6PyWi/,https://www.instagram.com/reel/DYmu1e6PyWi/?comment_id=18082423544447038,scraping_instagram,abahzihan,Yaa Allaah..... Segera ambil nyawanya para pemimpin dan pejabat yg korupsi
18076778978653125,2026-05-22T05:41:51+00:00,0,https://www.instagram.com/reel/DYmu1e6PyWi/,https://www.instagram.com/reel/DYmu1e6PyWi/?comment_id=18076778978653125,scraping_instagram,fita_marlinaa,parah dah pemimpin kita🔥🔥🔥
17998015025952302,2026-05-22T05:41:45+00:00,0,https://www.instagram.com/reel/DYmu1e6PyWi/,https://www.instagram.com/reel/DYmu1e6PyWi/?comment_id=17998015025952302,scraping_instagram,sinowino19,@prabowo  buzzer anjg
18409215187199582,2026-05-22T05:41:42+00:00,0,https://www.instagram.com/reel/DYmu1e6PyWi/,https://www.instagram.com/reel/DYmu1e6PyWi/?comment_id=18409215187199582,scraping_instagram,dnasthrays,MBG = Makanan Berformalin gratis
18088227935577993,2026-05-22T05:41:40+00:00,0,https://www.instagram.com/reel/DYmu1e6PyWi/,https://www.instagram.com/reel/DYmu1e6PyWi/?comment_id=18088227935577993,scraping_instagram,lastriynimassendra,Amnesia
18182637517386840,2026-05-22T05:41:31+00:00,0,https://www.instagram.com/reel/DYmu1e6PyWi/,https://www.instagram.com/reel/DYmu1e6PyWi/?comment_id=18182637517386840,scraping_instagram,sinowino19,@prabowo  goblok tolol
18065209040393346,2026-05-22T05:41:20+00:00,0,https://www.instagram.com/reel/DYmu1e6PyWi/,https://www.instagram.com/reel/DYmu1e6PyWi/?comment_id=18065209040393346,scraping_instagram,sinowino19,😂😂
18133020211563491,2026-05-22T05:39:58+00:00,0,https://www.instagram.com/reel/DYmu1e6PyWi/,https://www.instagram.com/reel/DYmu1e6PyWi/?comment_id=18133020211563491,scraping_instagram,suhihwaras,"Apa gak malu , mundur aja sih wo , kalian semua tikus , babi"
17872409961503916,2026-05-22T05:39:03+00:00,0,https://www.instagram.com/reel/DYmu1e6PyWi/,https://www.instagram.com/reel/DYmu1e6PyWi/?comment_id=17872409961503916,scraping_instagram,ismayati52,Keren lagu nya👏👏😂
18069382346676338,2026-05-22T05:38:52+00:00,0,https://www.instagram.com/reel/DYmu1e6PyWi/,https://www.instagram.com/reel/DYmu1e6PyWi/?comment_id=18069382346676338,scraping_instagram,bora.vin298,@prabowo
18096023765132797,2026-05-22T05:37:25+00:00,0,https://www.instagram.com/reel/DYmu1e6PyWi/,https://www.instagram.com/reel/DYmu1e6PyWi/?comment_id=18096023765132797,scraping_instagram,moookoooopuji,Hati hati guys terprovokasi sama konten konten unfaedah
18112706005878573,2026-05-22T05:36:38+00:00,0,https://www.instagram.com/reel/DYmu1e6PyWi/,https://www.instagram.com/reel/DYmu1e6PyWi/?comment_id=18112706005878573,scraping_instagram,alikasuryani17,@_kopipahitsss
17903505861261924,2026-05-22T05:36:18+00:00,0,https://www.instagram.com/reel/DYmu1e6PyWi/,https://www.instagram.com/reel/DYmu1e6PyWi/?comment_id=17903505861261924,scraping_instagram,eti_abidabidara,"Muak kali AQ liat orang² itu, kk"
17967750249107025,2026-05-22T05:36:10+00:00,0,https://www.instagram.com/reel/DYmu1e6PyWi/,https://www.instagram.com/reel/DYmu1e6PyWi/?comment_id=17967750249107025,scraping_instagram,resman_guetta,😢😢
18006574220878942,2026-05-22T05:34:51+00:00,0,https://www.instagram.com/reel/DYmu1e6PyWi/,https://www.instagram.com/reel/DYmu1e6PyWi/?comment_id=18006574220878942,scraping_instagram,gabrielaksmana,
17927995884290128,2026-05-22T05:33:52+00:00,0,https://www.instagram.com/reel/DYmu1e6PyWi/,https://www.instagram.com/reel/DYmu1e6PyWi/?comment_id=17927995884290128,scraping_instagram,indreswariparamita,Tadi dengerin curhat pedagang pasar...ngeluh sepi pembeli. Yg beli juga kaget kaget harga harga kok pada naik.... Astaghfirullah
18099015788028114,2026-05-22T05:33:06+00:00,0,https://www.instagram.com/reel/DYmu1e6PyWi/,https://www.instagram.com/reel/DYmu1e6PyWi/?comment_id=18099015788028114,scraping_instagram,indra_win58,Parahhhhh
17879327061597992,2026-05-22T05:32:45+00:00,0,https://www.instagram.com/reel/DYmu1e6PyWi/,https://www.instagram.com/reel/DYmu1e6PyWi/?comment_id=17879327061597992,scraping_instagram,abdurrahmanyasin_,@prabowo @mediaprabowo @prabowo.gibran2 lu harus liat ini
17850473163695872,2026-05-22T05:32:34+00:00,0,https://www.instagram.com/reel/DYmu1e6PyWi/,https://www.instagram.com/reel/DYmu1e6PyWi/?comment_id=17850473163695872,scraping_instagram,sam.ceking,Bosok
18163094197446142,2026-05-22T05:32:22+00:00,0,https://www.instagram.com/reel/DYmu1e6PyWi/,https://www.instagram.com/reel/DYmu1e6PyWi/?comment_id=18163094197446142,scraping_instagram,chikmahas,.ķwqqdvdbvdqeðddè
17963935220928953,2026-05-22T05:31:48+00:00,0,https://www.instagram.com/reel/DYmu1e6PyWi/,https://www.instagram.com/reel/DYmu1e6PyWi/?comment_id=17963935220928953,scraping_instagram,riza_kiyah,Kok berasa lama betul ya 2029😢😢😢😢.. pengen rasanya melihat Indonesia d pimpin oleh org2 yg bnr3 cinta Indonesia dn rakyatnya...
18046901543783487,2026-05-22T05:31:28+00:00,14,https://www.instagram.com/reel/DYmu1e6PyWi/,https://www.instagram.com/reel/DYmu1e6PyWi/?comment_id=18046901543783487,scraping_instagram,endang_tri_setyowati,Ijin unduh ya .. mau aku share di story WA dan tiktok.
18107146319311389,2026-05-22T05:30:59+00:00,19,https://www.instagram.com/reel/DYmu1e6PyWi/,https://www.instagram.com/reel/DYmu1e6PyWi/?comment_id=18107146319311389,scraping_instagram,wonder.wita,Pengelolan opini publik 800juta😮
18029713517813700,2026-05-22T05:30:23+00:00,0,https://www.instagram.com/reel/DYmu1e6PyWi/,https://www.instagram.com/reel/DYmu1e6PyWi/?comment_id=18029713517813700,scraping_instagram,senraitoyahya,😮😮😮😮
18338195215216176,2026-05-22T05:29:42+00:00,0,https://www.instagram.com/reel/DYmu1e6PyWi/,https://www.instagram.com/reel/DYmu1e6PyWi/?comment_id=18338195215216176,scraping_instagram,aimi_ratnasari,Antek aseeeeng
18110243857898750,2026-05-22T05:29:42+00:00,2,https://www.instagram.com/reel/DYmu1e6PyWi/,https://www.instagram.com/reel/DYmu1e6PyWi/?comment_id=18110243857898750,scraping_instagram,bilnrnz,Iya mending mbg dibubarin aja mending duitnya dipakai buat perbaikan jalan dan jembatan untuk daerah2 terpencil yg jauh dari puskesmas dan rs yg mana mereka harus berjalan sampai puluhan kilometer untuk berobat dan melahirkan miris bahkan bnyak kejadian yg ibu dan bayinya sampai meninggal ketika masih diperjalanan dan bnyk lg yg harus dibenahi dari pada mbg yg ga mutu
17915645091181980,2026-05-22T05:26:04+00:00,0,https://www.instagram.com/reel/DYmu1e6PyWi/,https://www.instagram.com/reel/DYmu1e6PyWi/?comment_id=17915645091181980,scraping_instagram,pegro717pakepanji,Kok pass banget
17869080498535493,2026-05-22T05:25:36+00:00,0,https://www.instagram.com/reel/DYmu1e6PyWi/,https://www.instagram.com/reel/DYmu1e6PyWi/?comment_id=17869080498535493,scraping_instagram,suwarni210666,Yah bgitulah...jngn d lanjit
18103304807070919,2026-05-22T05:25:24+00:00,0,https://www.instagram.com/reel/DYmu1e6PyWi/,https://www.instagram.com/reel/DYmu1e6PyWi/?comment_id=18103304807070919,scraping_instagram,ikamardiana1988,Maaf ya Allah...kami bangsa Indonesia... selamat kan kami dari siksa neraka karena pemimpin yg dzolim😢
18044984393785001,2026-05-22T05:24:42+00:00,0,https://www.instagram.com/reel/DYmu1e6PyWi/,https://www.instagram.com/reel/DYmu1e6PyWi/?comment_id=18044984393785001,scraping_instagram,rinni_rinduu,Mang aasssyuuuu 😮
17881287366591674,2026-05-22T05:24:32+00:00,0,https://www.instagram.com/reel/DYmu1e6PyWi/,https://www.instagram.com/reel/DYmu1e6PyWi/?comment_id=17881287366591674,scraping_instagram,_gathandelisa,PEABOWO
18067238060383353,2026-05-22T05:23:45+00:00,0,https://www.instagram.com/reel/DYmu1e6PyWi/,https://www.instagram.com/reel/DYmu1e6PyWi/?comment_id=18067238060383353,scraping_instagram,ifkiy_jaya,@prabowo
18182877535380738,2026-05-22T05:23:08+00:00,0,https://www.instagram.com/reel/DYmu1e6PyWi/,https://www.instagram.com/reel/DYmu1e6PyWi/?comment_id=18182877535380738,scraping_instagram,andriyani9188,dan secepatnya semoga dia cepat m**i.....(meneruskan isi lagu)
18589573930004202,2026-05-22T05:22:07+00:00,0,https://www.instagram.com/reel/DYmu1e6PyWi/,https://www.instagram.com/reel/DYmu1e6PyWi/?comment_id=18589573930004202,scraping_instagram,khumairah2215,President biadappp
18103617433991735,2026-05-22T05:20:54+00:00,0,https://www.instagram.com/reel/DYmu1e6PyWi/,https://www.instagram.com/reel/DYmu1e6PyWi/?comment_id=18103617433991735,scraping_instagram,dwiete,Dollar 17845 Indonesia merdeka😂
18111747895808177,2026-05-22T05:20:53+00:00,70,https://www.instagram.com/reel/DYmu1e6PyWi/,https://www.instagram.com/reel/DYmu1e6PyWi/?comment_id=18111747895808177,scraping_instagram,niahhasniah775,"Bangg,.. Lagunya bagus banget.. Bisa ga di jual ke Spotify.. 🙌 🙏"
18117649660775770,2026-05-22T05:20:23+00:00,137,https://www.instagram.com/reel/DYmu1e6PyWi/,https://www.instagram.com/reel/DYmu1e6PyWi/?comment_id=18117649660775770,scraping_instagram,ermiwatiresna,Na'uzubillahiminzalik inilah potret yg nyata pemimpin yang tidak peduli jeritan rakyat.
17969874765103924,2026-05-22T05:19:35+00:00,0,https://www.instagram.com/reel/DYmu1e6PyWi/,https://www.instagram.com/reel/DYmu1e6PyWi/?comment_id=17969874765103924,scraping_instagram,baiqernaliana,suksees Yaa dan berbahagia  lah selalu
18391563187093524,2026-05-22T05:19:11+00:00,0,https://www.instagram.com/reel/DYmu1e6PyWi/,https://www.instagram.com/reel/DYmu1e6PyWi/?comment_id=18391563187093524,scraping_instagram,lilihau44,👏👏👏👏👏👏
18076098335656907,2026-05-22T05:18:53+00:00,8,https://www.instagram.com/reel/DYmu1e6PyWi/,https://www.instagram.com/reel/DYmu1e6PyWi/?comment_id=18076098335656907,scraping_instagram,baiqernaliana,Alhamdulilah presiden pilihan Ku
18178710643399137,2026-05-22T05:18:26+00:00,0,https://www.instagram.com/reel/DYmu1e6PyWi/,https://www.instagram.com/reel/DYmu1e6PyWi/?comment_id=18178710643399137,scraping_instagram,yuyunnuerainie,Ada ada aja 😂
18081836624452012,2026-05-22T05:17:03+00:00,0,https://www.instagram.com/reel/DYmu1e6PyWi/,https://www.instagram.com/reel/DYmu1e6PyWi/?comment_id=18081836624452012,scraping_instagram,little_black_pomapoo,lebih baik jadi negara syariah anti riba dan syariat islam berlaku
18181415374389570,2026-05-22T05:16:17+00:00,0,https://www.instagram.com/reel/DYmu1e6PyWi/,https://www.instagram.com/reel/DYmu1e6PyWi/?comment_id=18181415374389570,scraping_instagram,alnsyhfdn_07,"wowo sayang Tedy, Tedi gigit telur Wowo, telur Wowo tinggal satu😢"
18092264350986072,2026-05-22T05:15:46+00:00,0,https://www.instagram.com/reel/DYmu1e6PyWi/,https://www.instagram.com/reel/DYmu1e6PyWi/?comment_id=18092264350986072,scraping_instagram,laila.sofiyah.9,Laailaahailla anta subhanaka inni kuntuminaddzalimiin.... Hasbunalloh wanikmall wakil nikmal maula wanikmannashir😢
18138841903536520,2026-05-22T05:15:32+00:00,0,https://www.instagram.com/reel/DYmu1e6PyWi/,https://www.instagram.com/reel/DYmu1e6PyWi/?comment_id=18138841903536520,scraping_instagram,mayangdyr,Yaa Robb.. 🥺🥺
18102811037107644,2026-05-22T05:15:21+00:00,0,https://www.instagram.com/reel/DYmu1e6PyWi/,https://www.instagram.com/reel/DYmu1e6PyWi/?comment_id=18102811037107644,scraping_instagram,ricosipahutar,Kupikir macan ternyata anak kucing
17988539577004802,2026-05-22T05:15:21+00:00,0,https://www.instagram.com/reel/DYmu1e6PyWi/,https://www.instagram.com/reel/DYmu1e6PyWi/?comment_id=17988539577004802,scraping_instagram,bajor_jah,liat muka Prabowo kayak antek antek asing
17913031005399962,2026-05-22T05:14:55+00:00,0,https://www.instagram.com/reel/DYmu1e6PyWi/,https://www.instagram.com/reel/DYmu1e6PyWi/?comment_id=17913031005399962,scraping_instagram,shantiibrahim6,@prabowo malu atuh pak ihh...minimal melek sm keadaan dan jgn tutup kuping sm suara rakyat...kami ga butuh MBG sm kopdes pak lebih urgen lapangan kerja sm bahan pokok murah
17928352893301575,2026-05-22T05:14:27+00:00,0,https://www.instagram.com/reel/DYmu1e6PyWi/,https://www.instagram.com/reel/DYmu1e6PyWi/?comment_id=17928352893301575,scraping_instagram,elitati840,"Innalillahi pemimpin ,wakil skrg semoga Allah SWT beri azab yg pedih didunia dan akhirat telah meresahkan hidup rakyat dan merusak negri ini, ya Allah SWT kabulkan 🤲 rakyat yg tertindas. Oleh oligarki,"
18080281772404695,2026-05-22T05:13:22+00:00,0,https://www.instagram.com/reel/DYmu1e6PyWi/,https://www.instagram.com/reel/DYmu1e6PyWi/?comment_id=18080281772404695,scraping_instagram,vi86924,untung sya gak milih wowo.😂
18104296306982471,2026-05-22T05:13:14+00:00,0,https://www.instagram.com/reel/DYmu1e6PyWi/,https://www.instagram.com/reel/DYmu1e6PyWi/?comment_id=18104296306982471,scraping_instagram,fujiastriani,Ihhhh enak bgt lagunya
17973825195042738,2026-05-22T05:11:16+00:00,0,https://www.instagram.com/reel/DYmu1e6PyWi/,https://www.instagram.com/reel/DYmu1e6PyWi/?comment_id=17973825195042738,scraping_instagram,nuriladi,😂😂😂
18434320558189588,2026-05-22T05:10:54+00:00,0,https://www.instagram.com/reel/DYmu1e6PyWi/,https://www.instagram.com/reel/DYmu1e6PyWi/?comment_id=18434320558189588,scraping_instagram,wilda.ekaputri,😢
17888240898520452,2026-05-22T05:10:38+00:00,0,https://www.instagram.com/reel/DYmu1e6PyWi/,https://www.instagram.com/reel/DYmu1e6PyWi/?comment_id=17888240898520452,scraping_instagram,erlytaita,Maaanttaap.....🔥🔥😍😍😍🔥🔥
17940593883228858,2026-05-22T05:10:14+00:00,0,https://www.instagram.com/reel/DYmu1e6PyWi/,https://www.instagram.com/reel/DYmu1e6PyWi/?comment_id=17940593883228858,scraping_instagram,ellysetya082,Ngeri sama kejadian ini...
18106764355942713,2026-05-22T05:08:52+00:00,0,https://www.instagram.com/reel/DYmu1e6PyWi/,https://www.instagram.com/reel/DYmu1e6PyWi/?comment_id=18106764355942713,scraping_instagram,happyjastipdong,Reall
18391566082094095,2026-05-22T05:06:57+00:00,0,https://www.instagram.com/reel/DYmu1e6PyWi/,https://www.instagram.com/reel/DYmu1e6PyWi/?comment_id=18391566082094095,scraping_instagram,rafikanint,👎
18207769624337807,2026-05-22T05:05:48+00:00,0,https://www.instagram.com/reel/DYmu1e6PyWi/,https://www.instagram.com/reel/DYmu1e6PyWi/?comment_id=18207769624337807,scraping_instagram,camila_triandelis,😢
18104257285784267,2026-05-22T05:05:43+00:00,0,https://www.instagram.com/reel/DYmu1e6PyWi/,https://www.instagram.com/reel/DYmu1e6PyWi/?comment_id=18104257285784267,scraping_instagram,nrhnurchayati,🤔🤦‍♂️😇
18101583635003244,2026-05-22T05:04:24+00:00,0,https://www.instagram.com/reel/DYmu1e6PyWi/,https://www.instagram.com/reel/DYmu1e6PyWi/?comment_id=18101583635003244,scraping_instagram,vanila1304,😒
18099794516111206,2026-05-22T05:02:42+00:00,0,https://www.instagram.com/reel/DYmu1e6PyWi/,https://www.instagram.com/reel/DYmu1e6PyWi/?comment_id=18099794516111206,scraping_instagram,ryantinoor.real,Kreatif... Lanjutkan👏👏👏
18585197740063724,2026-05-22T05:02:31+00:00,0,https://www.instagram.com/reel/DYmu1e6PyWi/,https://www.instagram.com/reel/DYmu1e6PyWi/?comment_id=18585197740063724,scraping_instagram,_sofyantaufik,Mknya jgn dolar nilai tukarnya... Beralih ke Yuan aja
17877779388598507,2026-05-22T05:01:24+00:00,0,https://www.instagram.com/reel/DYmu1e6PyWi/,https://www.instagram.com/reel/DYmu1e6PyWi/?comment_id=17877779388598507,scraping_instagram,antonnchenn,Badut gemoy sakit jiwa
18097449677151982,2026-05-22T05:00:49+00:00,0,https://www.instagram.com/reel/DYmu1e6PyWi/,https://www.instagram.com/reel/DYmu1e6PyWi/?comment_id=18097449677151982,scraping_instagram,ristianalord,Pinter mas
18112677499856834,2026-05-22T05:00:14+00:00,0,https://www.instagram.com/reel/DYmu1e6PyWi/,https://www.instagram.com/reel/DYmu1e6PyWi/?comment_id=18112677499856834,scraping_instagram,thetanaya,AT Mahmud bangga lagunya di aransemen sesuai kenyataan 😂
17944995726197580,2026-05-22T04:59:56+00:00,0,https://www.instagram.com/reel/DYmu1e6PyWi/,https://www.instagram.com/reel/DYmu1e6PyWi/?comment_id=17944995726197580,scraping_instagram,sfrgstinaa_,orang kek gini matinya susah karena ngumpulin dosa trs 😂
18070241711666351,2026-05-22T04:59:07+00:00,0,https://www.instagram.com/reel/DYmu1e6PyWi/,https://www.instagram.com/reel/DYmu1e6PyWi/?comment_id=18070241711666351,scraping_instagram,nanda_dwi_septyaningrum,Min lu dmna sharelok trs ya
18080031614540805,2026-05-22T04:58:48+00:00,0,https://www.instagram.com/reel/DYmu1e6PyWi/,https://www.instagram.com/reel/DYmu1e6PyWi/?comment_id=18080031614540805,scraping_instagram,danton536,Bagus jg syairnya😂
18087111158063782,2026-05-22T04:58:22+00:00,0,https://www.instagram.com/reel/DYmu1e6PyWi/,https://www.instagram.com/reel/DYmu1e6PyWi/?comment_id=18087111158063782,scraping_instagram,bayeerr1,dulu di copot sama pak habibi sekarang malah diangkat sama rakyat.
17965441142918443,2026-05-22T04:56:57+00:00,0,https://www.instagram.com/reel/DYmu1e6PyWi/,https://www.instagram.com/reel/DYmu1e6PyWi/?comment_id=17965441142918443,scraping_instagram,tony_president,Wowo jahat banget sama rakyatnya 😭🥀
17974776063013539,2026-05-22T04:56:03+00:00,0,https://www.instagram.com/reel/DYmu1e6PyWi/,https://www.instagram.com/reel/DYmu1e6PyWi/?comment_id=17974776063013539,scraping_instagram,mas_andreazt,https://www.instagram.com/reel/DYmiX5Ltn2D/?igsh=NXczdXFwaHEyaTdj
18082884860134944,2026-05-22T04:55:59+00:00,0,https://www.instagram.com/reel/DYmu1e6PyWi/,https://www.instagram.com/reel/DYmu1e6PyWi/?comment_id=18082884860134944,scraping_instagram,andreatyaass,@lusiannamelaa mbk
18185552956342943,2026-05-22T04:55:37+00:00,0,https://www.instagram.com/reel/DYmu1e6PyWi/,https://www.instagram.com/reel/DYmu1e6PyWi/?comment_id=18185552956342943,scraping_instagram,rumahkontersahabatcell,😢😢😢
18103874345075352,2026-05-22T04:55:18+00:00,0,https://www.instagram.com/reel/DYmu1e6PyWi/,https://www.instagram.com/reel/DYmu1e6PyWi/?comment_id=18103874345075352,scraping_instagram,sdm_laut,Menuju 30 rb
18104675089980690,2026-05-22T04:55:07+00:00,2,https://www.instagram.com/reel/DYmu1e6PyWi/,https://www.instagram.com/reel/DYmu1e6PyWi/?comment_id=18104675089980690,scraping_instagram,heruu.id,😢
17876949486600917,2026-05-22T04:53:55+00:00,0,https://www.instagram.com/reel/DYmu1e6PyWi/,https://www.instagram.com/reel/DYmu1e6PyWi/?comment_id=17876949486600917,scraping_instagram,mas_andreazt,https://www.instagram.com/reel/DWBU5zpkvMc/?igsh=MXh1MHI3OXl2aHl3OQ==
18020788946835453,2026-05-22T04:53:49+00:00,0,https://www.instagram.com/reel/DYmu1e6PyWi/,https://www.instagram.com/reel/DYmu1e6PyWi/?comment_id=18020788946835453,scraping_instagram,rwin_adera,"Kok masih hidup mereka"" yang serakah ini"
17884805469561726,2026-05-22T04:52:54+00:00,0,https://www.instagram.com/reel/DYmu1e6PyWi/,https://www.instagram.com/reel/DYmu1e6PyWi/?comment_id=17884805469561726,scraping_instagram,diananurhamidah89,😢
18132316525599293,2026-05-22T04:52:39+00:00,0,https://www.instagram.com/reel/DYmu1e6PyWi/,https://www.instagram.com/reel/DYmu1e6PyWi/?comment_id=18132316525599293,scraping_instagram,sitirohimahhh,😂😂😂😂😂😂
17930467461273736,2026-05-22T04:51:35+00:00,0,https://www.instagram.com/reel/DYmu1e6PyWi/,https://www.instagram.com/reel/DYmu1e6PyWi/?comment_id=17930467461273736,scraping_instagram,julius_joe_gultom,Ijin repost ya kak
18029894852811274,2026-05-22T04:50:28+00:00,0,https://www.instagram.com/reel/DYmu1e6PyWi/,https://www.instagram.com/reel/DYmu1e6PyWi/?comment_id=18029894852811274,scraping_instagram,aaguszaelani,mau diam saja?
18013384172893777,2026-05-22T04:50:19+00:00,0,https://www.instagram.com/reel/DYmu1e6PyWi/,https://www.instagram.com/reel/DYmu1e6PyWi/?comment_id=18013384172893777,scraping_instagram,wahyunitrie2023,Bpjs dari pemerintah kalau mau aktifkan di dinsos kak..
17941235709036607,2026-05-22T04:50:13+00:00,0,https://www.instagram.com/reel/DYmu1e6PyWi/,https://www.instagram.com/reel/DYmu1e6PyWi/?comment_id=17941235709036607,scraping_instagram,young_tiger26_,Rezim bajingan tolol bangsattt
18054390434559045,2026-05-22T04:47:39+00:00,0,https://www.instagram.com/reel/DYmu1e6PyWi/,https://www.instagram.com/reel/DYmu1e6PyWi/?comment_id=18054390434559045,scraping_instagram,avudbenoa,semoga dolar nyampe 17.845 ribu Merdekaa
18107853019936286,2026-05-22T04:47:28+00:00,0,https://www.instagram.com/reel/DYmu1e6PyWi/,https://www.instagram.com/reel/DYmu1e6PyWi/?comment_id=18107853019936286,scraping_instagram,merrykristina8,😮
17867107884623275,2026-05-22T04:46:51+00:00,0,https://www.instagram.com/reel/DYmu1e6PyWi/,https://www.instagram.com/reel/DYmu1e6PyWi/?comment_id=17867107884623275,scraping_instagram,uptome_bstrd,Prabodoh anjing
17955063240130345,2026-05-22T04:46:35+00:00,0,https://www.instagram.com/reel/DYmu1e6PyWi/,https://www.instagram.com/reel/DYmu1e6PyWi/?comment_id=17955063240130345,scraping_instagram,mas_rtt,"Hebat nya Prabowo y gini kalo ngomong sok tegas,,Tapi nyatanya letoy"
18117990328683228,2026-05-22T04:45:47+00:00,0,https://www.instagram.com/reel/DYmu1e6PyWi/,https://www.instagram.com/reel/DYmu1e6PyWi/?comment_id=18117990328683228,scraping_instagram,hasnawiyahwiwi,💃💃💃💃💃💃💃💃💃💃💃joget gemoy 💃💃💃💃💃
18101752154106132,2026-05-22T04:42:45+00:00,0,https://www.instagram.com/reel/DYmu1e6PyWi/,https://www.instagram.com/reel/DYmu1e6PyWi/?comment_id=18101752154106132,scraping_instagram,dya_berutu,@prabowo @presidenrepublikindonesia @gibran_rakabuming @titieksoeharto
17999618807762679,2026-05-22T04:42:28+00:00,0,https://www.instagram.com/reel/DYmu1e6PyWi/,https://www.instagram.com/reel/DYmu1e6PyWi/?comment_id=17999618807762679,scraping_instagram,wangmeiling880,👏👏 mantap lagu nya 😂😂😂
18085509890624910,2026-05-22T04:42:22+00:00,0,https://www.instagram.com/reel/DYmu1e6PyWi/,https://www.instagram.com/reel/DYmu1e6PyWi/?comment_id=18085509890624910,scraping_instagram,rereandreannn,seru lagu nye
18584108899041314,2026-05-22T04:41:44+00:00,0,https://www.instagram.com/reel/DYmu1e6PyWi/,https://www.instagram.com/reel/DYmu1e6PyWi/?comment_id=18584108899041314,scraping_instagram,dewifarhanasarah,Cocok 100%😂😂😂
18591845455032136,2026-05-22T04:39:54+00:00,0,https://www.instagram.com/reel/DYmu1e6PyWi/,https://www.instagram.com/reel/DYmu1e6PyWi/?comment_id=18591845455032136,scraping_instagram,erlangga271181,n
18342094267173729,2026-05-22T04:39:54+00:00,0,https://www.instagram.com/reel/DYmu1e6PyWi/,https://www.instagram.com/reel/DYmu1e6PyWi/?comment_id=18342094267173729,scraping_instagram,erlangga271181,.m
17963165615935801,2026-05-22T04:39:54+00:00,0,https://www.instagram.com/reel/DYmu1e6PyWi/,https://www.instagram.com/reel/DYmu1e6PyWi/?comment_id=17963165615935801,scraping_instagram,erlangga271181,b
18317835685259891,2026-05-22T04:39:53+00:00,0,https://www.instagram.com/reel/DYmu1e6PyWi/,https://www.instagram.com/reel/DYmu1e6PyWi/?comment_id=18317835685259891,scraping_instagram,erlangga271181,n
18017738096684602,2026-05-22T04:39:53+00:00,0,https://www.instagram.com/reel/DYmu1e6PyWi/,https://www.instagram.com/reel/DYmu1e6PyWi/?comment_id=18017738096684602,scraping_instagram,erlangga271181,mb
18157689487405462,2026-05-22T04:39:52+00:00,0,https://www.instagram.com/reel/DYmu1e6PyWi/,https://www.instagram.com/reel/DYmu1e6PyWi/?comment_id=18157689487405462,scraping_instagram,erlangga271181,.
17927099847317243,2026-05-22T04:39:51+00:00,0,https://www.instagram.com/reel/DYmu1e6PyWi/,https://www.instagram.com/reel/DYmu1e6PyWi/?comment_id=17927099847317243,scraping_instagram,erlangga271181,h
17915286399180790,2026-05-22T04:39:51+00:00,0,https://www.instagram.com/reel/DYmu1e6PyWi/,https://www.instagram.com/reel/DYmu1e6PyWi/?comment_id=17915286399180790,scraping_instagram,erlangga271181,.
17873529744611922,2026-05-22T04:39:51+00:00,0,https://www.instagram.com/reel/DYmu1e6PyWi/,https://www.instagram.com/reel/DYmu1e6PyWi/?comment_id=17873529744611922,scraping_instagram,erlangga271181,n
18109877131903869,2026-05-22T04:39:50+00:00,0,https://www.instagram.com/reel/DYmu1e6PyWi/,https://www.instagram.com/reel/DYmu1e6PyWi/?comment_id=18109877131903869,scraping_instagram,erlangga271181,m
18077820056646245,2026-05-22T04:39:50+00:00,0,https://www.instagram.com/reel/DYmu1e6PyWi/,https://www.instagram.com/reel/DYmu1e6PyWi/?comment_id=18077820056646245,scraping_instagram,erlangga271181,m
18530746801072389,2026-05-22T04:39:49+00:00,0,https://www.instagram.com/reel/DYmu1e6PyWi/,https://www.instagram.com/reel/DYmu1e6PyWi/?comment_id=18530746801072389,scraping_instagram,erlangga271181,n
18228534670314352,2026-05-22T04:39:49+00:00,0,https://www.instagram.com/reel/DYmu1e6PyWi/,https://www.instagram.com/reel/DYmu1e6PyWi/?comment_id=18228534670314352,scraping_instagram,erlangga271181,m
18080141468402270,2026-05-22T04:39:49+00:00,0,https://www.instagram.com/reel/DYmu1e6PyWi/,https://www.instagram.com/reel/DYmu1e6PyWi/?comment_id=18080141468402270,scraping_instagram,erlangga271181,n
18142309273454611,2026-05-22T04:39:48+00:00,0,https://www.instagram.com/reel/DYmu1e6PyWi/,https://www.instagram.com/reel/DYmu1e6PyWi/?comment_id=18142309273454611,scraping_instagram,erlangga271181,n
17949152589175953,2026-05-22T04:39:48+00:00,0,https://www.instagram.com/reel/DYmu1e6PyWi/,https://www.instagram.com/reel/DYmu1e6PyWi/?comment_id=17949152589175953,scraping_instagram,erlangga271181,.
17939983260220129,2026-05-22T04:39:48+00:00,0,https://www.instagram.com/reel/DYmu1e6PyWi/,https://www.instagram.com/reel/DYmu1e6PyWi/?comment_id=17939983260220129,scraping_instagram,erlangga271181,n..
18099770471277653,2026-05-22T04:39:47+00:00,0,https://www.instagram.com/reel/DYmu1e6PyWi/,https://www.instagram.com/reel/DYmu1e6PyWi/?comment_id=18099770471277653,scraping_instagram,erlangga271181,mnm
18179282845393645,2026-05-22T04:39:46+00:00,0,https://www.instagram.com/reel/DYmu1e6PyWi/,https://www.instagram.com/reel/DYmu1e6PyWi/?comment_id=18179282845393645,scraping_instagram,erlangga271181,nn
18091602584249890,2026-05-22T04:39:46+00:00,0,https://www.instagram.com/reel/DYmu1e6PyWi/,https://www.instagram.com/reel/DYmu1e6PyWi/?comment_id=18091602584249890,scraping_instagram,erlangga271181,bnh
18073756112306245,2026-05-22T04:39:46+00:00,0,https://www.instagram.com/reel/DYmu1e6PyWi/,https://www.instagram.com/reel/DYmu1e6PyWi/?comment_id=18073756112306245,scraping_instagram,erlangga271181,qmnmn
18355818217241237,2026-05-22T04:39:45+00:00,0,https://www.instagram.com/reel/DYmu1e6PyWi/,https://www.instagram.com/reel/DYmu1e6PyWi/?comment_id=18355818217241237,scraping_instagram,erlangga271181,mn.n
18088275965372427,2026-05-22T04:39:45+00:00,0,https://www.instagram.com/reel/DYmu1e6PyWi/,https://www.instagram.com/reel/DYmu1e6PyWi/?comment_id=18088275965372427,scraping_instagram,erlangga271181,.mn
18116629186755230,2026-05-22T04:39:44+00:00,0,https://www.instagram.com/reel/DYmu1e6PyWi/,https://www.instagram.com/reel/DYmu1e6PyWi/?comment_id=18116629186755230,scraping_instagram,erlangga271181,.m
17875484304479760,2026-05-22T04:39:44+00:00,0,https://www.instagram.com/reel/DYmu1e6PyWi/,https://www.instagram.com/reel/DYmu1e6PyWi/?comment_id=17875484304479760,scraping_instagram,erlangga271181,m
18088580501153040,2026-05-22T04:39:43+00:00,0,https://www.instagram.com/reel/DYmu1e6PyWi/,https://www.instagram.com/reel/DYmu1e6PyWi/?comment_id=18088580501153040,scraping_instagram,erlangga271181,mm.m
18033928940799767,2026-05-22T04:39:43+00:00,0,https://www.instagram.com/reel/DYmu1e6PyWi/,https://www.instagram.com/reel/DYmu1e6PyWi/?comment_id=18033928940799767,scraping_instagram,erlangga271181,.nmm
18111077870500822,2026-05-22T04:39:42+00:00,0,https://www.instagram.com/reel/DYmu1e6PyWi/,https://www.instagram.com/reel/DYmu1e6PyWi/?comment_id=18111077870500822,scraping_instagram,erlangga271181,n
18105411419475449,2026-05-22T04:39:42+00:00,0,https://www.instagram.com/reel/DYmu1e6PyWi/,https://www.instagram.com/reel/DYmu1e6PyWi/?comment_id=18105411419475449,scraping_instagram,erlangga271181,mbm
18102966917051185,2026-05-22T04:39:42+00:00,0,https://www.instagram.com/reel/DYmu1e6PyWi/,https://www.instagram.com/reel/DYmu1e6PyWi/?comment_id=18102966917051185,scraping_instagram,erlangga271181,n
18097879981893219,2026-05-22T04:39:41+00:00,0,https://www.instagram.com/reel/DYmu1e6PyWi/,https://www.instagram.com/reel/DYmu1e6PyWi/?comment_id=18097879981893219,scraping_instagram,erlangga271181,m.
18082707995293794,2026-05-22T04:39:40+00:00,0,https://www.instagram.com/reel/DYmu1e6PyWi/,https://www.instagram.com/reel/DYmu1e6PyWi/?comment_id=18082707995293794,scraping_instagram,erlangga271181,mnm
18059055437526843,2026-05-22T04:39:40+00:00,0,https://www.instagram.com/reel/DYmu1e6PyWi/,https://www.instagram.com/reel/DYmu1e6PyWi/?comment_id=18059055437526843,scraping_instagram,erlangga271181,m
18104564441052297,2026-05-22T04:39:39+00:00,0,https://www.instagram.com/reel/DYmu1e6PyWi/,https://www.instagram.com/reel/DYmu1e6PyWi/?comment_id=18104564441052297,scraping_instagram,erlangga271181,mmmm
17954211843144090,2026-05-22T04:39:39+00:00,0,https://www.instagram.com/reel/DYmu1e6PyWi/,https://www.instagram.com/reel/DYmu1e6PyWi/?comment_id=17954211843144090,scraping_instagram,erlangga271181,n
18353523142213509,2026-05-22T04:39:38+00:00,0,https://www.instagram.com/reel/DYmu1e6PyWi/,https://www.instagram.com/reel/DYmu1e6PyWi/?comment_id=18353523142213509,scraping_instagram,erlangga271181,h
17871781407512110,2026-05-22T04:39:38+00:00,0,https://www.instagram.com/reel/DYmu1e6PyWi/,https://www.instagram.com/reel/DYmu1e6PyWi/?comment_id=17871781407512110,scraping_instagram,erlangga271181,m
18334833340217231,2026-05-22T04:39:37+00:00,0,https://www.instagram.com/reel/DYmu1e6PyWi/,https://www.instagram.com/reel/DYmu1e6PyWi/?comment_id=18334833340217231,scraping_instagram,erlangga271181,n
18137004040479963,2026-05-22T04:39:37+00:00,0,https://www.instagram.com/reel/DYmu1e6PyWi/,https://www.instagram.com/reel/DYmu1e6PyWi/?comment_id=18137004040479963,scraping_instagram,erlangga271181,nm
17881191954589980,2026-05-22T04:39:37+00:00,0,https://www.instagram.com/reel/DYmu1e6PyWi/,https://www.instagram.com/reel/DYmu1e6PyWi/?comment_id=17881191954589980,scraping_instagram,erlangga271181,b
18378917782167493,2026-05-22T04:39:36+00:00,0,https://www.instagram.com/reel/DYmu1e6PyWi/,https://www.instagram.com/reel/DYmu1e6PyWi/?comment_id=18378917782167493,scraping_instagram,erlangga271181,.
18077556425645183,2026-05-22T04:39:36+00:00,0,https://www.instagram.com/reel/DYmu1e6PyWi/,https://www.instagram.com/reel/DYmu1e6PyWi/?comment_id=18077556425645183,scraping_instagram,erlangga271181,m
17963159670088699,2026-05-22T04:39:35+00:00,0,https://www.instagram.com/reel/DYmu1e6PyWi/,https://www.instagram.com/reel/DYmu1e6PyWi/?comment_id=17963159670088699,scraping_instagram,erlangga271181,h
17880746349595080,2026-05-22T04:39:35+00:00,0,https://www.instagram.com/reel/DYmu1e6PyWi/,https://www.instagram.com/reel/DYmu1e6PyWi/?comment_id=17880746349595080,scraping_instagram,erlangga271181,m
17952428387980964,2026-05-22T04:39:34+00:00,0,https://www.instagram.com/reel/DYmu1e6PyWi/,https://www.instagram.com/reel/DYmu1e6PyWi/?comment_id=17952428387980964,scraping_instagram,erlangga271181,n
17950711824170559,2026-05-22T04:39:34+00:00,0,https://www.instagram.com/reel/DYmu1e6PyWi/,https://www.instagram.com/reel/DYmu1e6PyWi/?comment_id=17950711824170559,scraping_instagram,erlangga271181,.n
17878256139459214,2026-05-22T04:39:34+00:00,0,https://www.instagram.com/reel/DYmu1e6PyWi/,https://www.instagram.com/reel/DYmu1e6PyWi/?comment_id=17878256139459214,scraping_instagram,erlangga271181,.m
18117505522765737,2026-05-22T04:39:33+00:00,0,https://www.instagram.com/reel/DYmu1e6PyWi/,https://www.instagram.com/reel/DYmu1e6PyWi/?comment_id=18117505522765737,scraping_instagram,erlangga271181,.
18103193600000831,2026-05-22T04:39:33+00:00,0,https://www.instagram.com/reel/DYmu1e6PyWi/,https://www.instagram.com/reel/DYmu1e6PyWi/?comment_id=18103193600000831,scraping_instagram,erlangga271181,m
18117427396685311,2026-05-22T04:39:32+00:00,0,https://www.instagram.com/reel/DYmu1e6PyWi/,https://www.instagram.com/reel/DYmu1e6PyWi/?comment_id=18117427396685311,scraping_instagram,erlangga271181,.
18103650442809212,2026-05-22T04:39:32+00:00,0,https://www.instagram.com/reel/DYmu1e6PyWi/,https://www.instagram.com/reel/DYmu1e6PyWi/?comment_id=18103650442809212,scraping_instagram,erlangga271181,b
18090293636202282,2026-05-22T04:39:32+00:00,0,https://www.instagram.com/reel/DYmu1e6PyWi/,https://www.instagram.com/reel/DYmu1e6PyWi/?comment_id=18090293636202282,scraping_instagram,erlangga271181,m
17941733631032807,2026-05-22T04:39:32+00:00,0,https://www.instagram.com/reel/DYmu1e6PyWi/,https://www.instagram.com/reel/DYmu1e6PyWi/?comment_id=17941733631032807,scraping_instagram,erlangga271181,nb
17915218566184899,2026-05-22T04:39:32+00:00,0,https://www.instagram.com/reel/DYmu1e6PyWi/,https://www.instagram.com/reel/DYmu1e6PyWi/?comment_id=17915218566184899,scraping_instagram,erlangga271181,m
17900970825282056,2026-05-22T04:39:32+00:00,0,https://www.instagram.com/reel/DYmu1e6PyWi/,https://www.instagram.com/reel/DYmu1e6PyWi/?comment_id=17900970825282056,scraping_instagram,erlangga271181,n
18088776485169012,2026-05-22T04:39:31+00:00,0,https://www.instagram.com/reel/DYmu1e6PyWi/,https://www.instagram.com/reel/DYmu1e6PyWi/?comment_id=18088776485169012,scraping_instagram,erlangga271181,m
18085894607086698,2026-05-22T04:39:31+00:00,0,https://www.instagram.com/reel/DYmu1e6PyWi/,https://www.instagram.com/reel/DYmu1e6PyWi/?comment_id=18085894607086698,scraping_instagram,erlangga271181,m
18085415213567148,2026-05-22T04:39:31+00:00,0,https://www.instagram.com/reel/DYmu1e6PyWi/,https://www.instagram.com/reel/DYmu1e6PyWi/?comment_id=18085415213567148,scraping_instagram,erlangga271181,n
18056825753718045,2026-05-22T04:39:30+00:00,0,https://www.instagram.com/reel/DYmu1e6PyWi/,https://www.instagram.com/reel/DYmu1e6PyWi/?comment_id=18056825753718045,scraping_instagram,erlangga271181,m
17879148972446985,2026-05-22T04:39:30+00:00,0,https://www.instagram.com/reel/DYmu1e6PyWi/,https://www.instagram.com/reel/DYmu1e6PyWi/?comment_id=17879148972446985,scraping_instagram,erlangga271181,.
18170634700418797,2026-05-22T04:39:29+00:00,0,https://www.instagram.com/reel/DYmu1e6PyWi/,https://www.instagram.com/reel/DYmu1e6PyWi/?comment_id=18170634700418797,scraping_instagram,erlangga271181,m
18145285786499320,2026-05-22T04:39:29+00:00,0,https://www.instagram.com/reel/DYmu1e6PyWi/,https://www.instagram.com/reel/DYmu1e6PyWi/?comment_id=18145285786499320,scraping_instagram,erlangga271181,.m
18097748765162922,2026-05-22T04:39:29+00:00,0,https://www.instagram.com/reel/DYmu1e6PyWi/,https://www.instagram.com/reel/DYmu1e6PyWi/?comment_id=18097748765162922,scraping_instagram,erlangga271181,mmn
17908460325410543,2026-05-22T04:39:29+00:00,0,https://www.instagram.com/reel/DYmu1e6PyWi/,https://www.instagram.com/reel/DYmu1e6PyWi/?comment_id=17908460325410543,scraping_instagram,erlangga271181,n
18374136298207982,2026-05-22T04:39:28+00:00,0,https://www.instagram.com/reel/DYmu1e6PyWi/,https://www.instagram.com/reel/DYmu1e6PyWi/?comment_id=18374136298207982,scraping_instagram,erlangga271181,b
18270285697292766,2026-05-22T04:39:28+00:00,0,https://www.instagram.com/reel/DYmu1e6PyWi/,https://www.instagram.com/reel/DYmu1e6PyWi/?comment_id=18270285697292766,scraping_instagram,erlangga271181,mm
18126280387542423,2026-05-22T04:39:28+00:00,0,https://www.instagram.com/reel/DYmu1e6PyWi/,https://www.instagram.com/reel/DYmu1e6PyWi/?comment_id=18126280387542423,scraping_instagram,erlangga271181,m
18080681219551522,2026-05-22T04:39:28+00:00,0,https://www.instagram.com/reel/DYmu1e6PyWi/,https://www.instagram.com/reel/DYmu1e6PyWi/?comment_id=18080681219551522,scraping_instagram,erlangga271181,n
18009073898883225,2026-05-22T04:39:28+00:00,0,https://www.instagram.com/reel/DYmu1e6PyWi/,https://www.instagram.com/reel/DYmu1e6PyWi/?comment_id=18009073898883225,scraping_instagram,erlangga271181,mm
18063438059441034,2026-05-22T04:39:27+00:00,0,https://www.instagram.com/reel/DYmu1e6PyWi/,https://www.instagram.com/reel/DYmu1e6PyWi/?comment_id=18063438059441034,scraping_instagram,erlangga271181,nmmm
17901421200434380,2026-05-22T04:39:27+00:00,0,https://www.instagram.com/reel/DYmu1e6PyWi/,https://www.instagram.com/reel/DYmu1e6PyWi/?comment_id=17901421200434380,scraping_instagram,erlangga271181,b
17862725217630822,2026-05-22T04:39:27+00:00,0,https://www.instagram.com/reel/DYmu1e6PyWi/,https://www.instagram.com/reel/DYmu1e6PyWi/?comment_id=17862725217630822,scraping_instagram,erlangga271181,n.bbm
18173192590411718,2026-05-22T04:39:26+00:00,0,https://www.instagram.com/reel/DYmu1e6PyWi/,https://www.instagram.com/reel/DYmu1e6PyWi/?comment_id=18173192590411718,scraping_instagram,erlangga271181,m
18090842963209342,2026-05-22T04:39:26+00:00,0,https://www.instagram.com/reel/DYmu1e6PyWi/,https://www.instagram.com/reel/DYmu1e6PyWi/?comment_id=18090842963209342,scraping_instagram,erlangga271181,b
18088430036353951,2026-05-22T04:39:26+00:00,0,https://www.instagram.com/reel/DYmu1e6PyWi/,https://www.instagram.com/reel/DYmu1e6PyWi/?comment_id=18088430036353951,scraping_instagram,erlangga271181,n
18083152217393668,2026-05-22T04:39:26+00:00,0,https://www.instagram.com/reel/DYmu1e6PyWi/,https://www.instagram.com/reel/DYmu1e6PyWi/?comment_id=18083152217393668,scraping_instagram,erlangga271181,b
18078395417540492,2026-05-22T04:39:26+00:00,0,https://www.instagram.com/reel/DYmu1e6PyWi/,https://www.instagram.com/reel/DYmu1e6PyWi/?comment_id=18078395417540492,scraping_instagram,erlangga271181,mb
17931559893267814,2026-05-22T04:39:26+00:00,0,https://www.instagram.com/reel/DYmu1e6PyWi/,https://www.instagram.com/reel/DYmu1e6PyWi/?comment_id=17931559893267814,scraping_instagram,erlangga271181,m.
17925981192301247,2026-05-22T04:39:26+00:00,0,https://www.instagram.com/reel/DYmu1e6PyWi/,https://www.instagram.com/reel/DYmu1e6PyWi/?comment_id=17925981192301247,scraping_instagram,erlangga271181,mnm
18107506102936084,2026-05-22T04:39:25+00:00,0,https://www.instagram.com/reel/DYmu1e6PyWi/,https://www.instagram.com/reel/DYmu1e6PyWi/?comment_id=18107506102936084,scraping_instagram,erlangga271181,n.
17995764368780504,2026-05-22T04:39:24+00:00,0,https://www.instagram.com/reel/DYmu1e6PyWi/,https://www.instagram.com/reel/DYmu1e6PyWi/?comment_id=17995764368780504,scraping_instagram,erlangga271181,n
17978927531851808,2026-05-22T04:39:24+00:00,0,https://www.instagram.com/reel/DYmu1e6PyWi/,https://www.instagram.com/reel/DYmu1e6PyWi/?comment_id=17978927531851808,scraping_instagram,erlangga271181,..nnm
17976888405040959,2026-05-22T04:39:24+00:00,0,https://www.instagram.com/reel/DYmu1e6PyWi/,https://www.instagram.com/reel/DYmu1e6PyWi/?comment_id=17976888405040959,scraping_instagram,erlangga271181,.mb
18114811639832582,2026-05-22T04:39:23+00:00,0,https://www.instagram.com/reel/DYmu1e6PyWi/,https://www.instagram.com/reel/DYmu1e6PyWi/?comment_id=18114811639832582,scraping_instagram,erlangga271181,n
18091107710605060,2026-05-22T04:39:23+00:00,0,https://www.instagram.com/reel/DYmu1e6PyWi/,https://www.instagram.com/reel/DYmu1e6PyWi/?comment_id=18091107710605060,scraping_instagram,erlangga271181,n
17969553273050574,2026-05-22T04:39:23+00:00,0,https://www.instagram.com/reel/DYmu1e6PyWi/,https://www.instagram.com/reel/DYmu1e6PyWi/?comment_id=17969553273050574,scraping_instagram,erlangga271181,b
17855658444662514,2026-05-22T04:39:23+00:00,0,https://www.instagram.com/reel/DYmu1e6PyWi/,https://www.instagram.com/reel/DYmu1e6PyWi/?comment_id=17855658444662514,scraping_instagram,erlangga271181,n
18071815097321569,2026-05-22T04:39:22+00:00,0,https://www.instagram.com/reel/DYmu1e6PyWi/,https://www.instagram.com/reel/DYmu1e6PyWi/?comment_id=18071815097321569,scraping_instagram,erlangga271181,b
17924461695337781,2026-05-22T04:39:22+00:00,0,https://www.instagram.com/reel/DYmu1e6PyWi/,https://www.instagram.com/reel/DYmu1e6PyWi/?comment_id=17924461695337781,scraping_instagram,erlangga271181,m
17987221145810804,2026-05-22T04:39:21+00:00,0,https://www.instagram.com/reel/DYmu1e6PyWi/,https://www.instagram.com/reel/DYmu1e6PyWi/?comment_id=17987221145810804,scraping_instagram,erlangga271181,n
17968883862104915,2026-05-22T04:39:21+00:00,0,https://www.instagram.com/reel/DYmu1e6PyWi/,https://www.instagram.com/reel/DYmu1e6PyWi/?comment_id=17968883862104915,scraping_instagram,erlangga271181,n
17874332880486356,2026-05-22T04:39:21+00:00,0,https://www.instagram.com/reel/DYmu1e6PyWi/,https://www.instagram.com/reel/DYmu1e6PyWi/?comment_id=17874332880486356,scraping_instagram,erlangga271181,b
18244609426307785,2026-05-22T04:39:20+00:00,0,https://www.instagram.com/reel/DYmu1e6PyWi/,https://www.instagram.com/reel/DYmu1e6PyWi/?comment_id=18244609426307785,scraping_instagram,erlangga271181,m
18103726411789457,2026-05-22T04:39:20+00:00,0,https://www.instagram.com/reel/DYmu1e6PyWi/,https://www.instagram.com/reel/DYmu1e6PyWi/?comment_id=18103726411789457,scraping_instagram,erlangga271181,nbnb
18102083987283869,2026-05-22T04:39:20+00:00,0,https://www.instagram.com/reel/DYmu1e6PyWi/,https://www.instagram.com/reel/DYmu1e6PyWi/?comment_id=18102083987283869,scraping_instagram,erlangga271181,..nm
18079334909639911,2026-05-22T04:39:20+00:00,0,https://www.instagram.com/reel/DYmu1e6PyWi/,https://www.instagram.com/reel/DYmu1e6PyWi/?comment_id=18079334909639911,scraping_instagram,erlangga271181,nm.m
18113175310846366,2026-05-22T04:39:18+00:00,0,https://www.instagram.com/reel/DYmu1e6PyWi/,https://www.instagram.com/reel/DYmu1e6PyWi/?comment_id=18113175310846366,scraping_instagram,erlangga271181,m
18090196919595111,2026-05-22T04:39:18+00:00,0,https://www.instagram.com/reel/DYmu1e6PyWi/,https://www.instagram.com/reel/DYmu1e6PyWi/?comment_id=18090196919595111,scraping_instagram,erlangga271181,m
17969104881097326,2026-05-22T04:39:18+00:00,0,https://www.instagram.com/reel/DYmu1e6PyWi/,https://www.instagram.com/reel/DYmu1e6PyWi/?comment_id=17969104881097326,scraping_instagram,erlangga271181,m
17924943942337722,2026-05-22T04:39:18+00:00,0,https://www.instagram.com/reel/DYmu1e6PyWi/,https://www.instagram.com/reel/DYmu1e6PyWi/?comment_id=17924943942337722,scraping_instagram,erlangga271181,..
18138560152527464,2026-05-22T04:39:17+00:00,0,https://www.instagram.com/reel/DYmu1e6PyWi/,https://www.instagram.com/reel/DYmu1e6PyWi/?comment_id=18138560152527464,scraping_instagram,erlangga271181,m
18124394629618900,2026-05-22T04:39:17+00:00,0,https://www.instagram.com/reel/DYmu1e6PyWi/,https://www.instagram.com/reel/DYmu1e6PyWi/?comment_id=18124394629618900,scraping_instagram,erlangga271181,mb
18085795022624834,2026-05-22T04:39:17+00:00,0,https://www.instagram.com/reel/DYmu1e6PyWi/,https://www.instagram.com/reel/DYmu1e6PyWi/?comment_id=18085795022624834,scraping_instagram,erlangga271181,m
18101637806109037,2026-05-22T04:39:16+00:00,0,https://www.instagram.com/reel/DYmu1e6PyWi/,https://www.instagram.com/reel/DYmu1e6PyWi/?comment_id=18101637806109037,scraping_instagram,erlangga271181,mmn
18046826225559656,2026-05-22T04:39:16+00:00,0,https://www.instagram.com/reel/DYmu1e6PyWi/,https://www.instagram.com/reel/DYmu1e6PyWi/?comment_id=18046826225559656,scraping_instagram,erlangga271181,mm
17896013988465043,2026-05-22T04:39:16+00:00,0,https://www.instagram.com/reel/DYmu1e6PyWi/,https://www.instagram.com/reel/DYmu1e6PyWi/?comment_id=17896013988465043,scraping_instagram,erlangga271181,nmn.n
18097586264148903,2026-05-22T04:39:15+00:00,0,https://www.instagram.com/reel/DYmu1e6PyWi/,https://www.instagram.com/reel/DYmu1e6PyWi/?comment_id=18097586264148903,scraping_instagram,erlangga271181,nnmm
18089384174039289,2026-05-22T04:39:15+00:00,0,https://www.instagram.com/reel/DYmu1e6PyWi/,https://www.instagram.com/reel/DYmu1e6PyWi/?comment_id=18089384174039289,scraping_instagram,erlangga271181,m
18052779224740398,2026-05-22T04:39:15+00:00,0,https://www.instagram.com/reel/DYmu1e6PyWi/,https://www.instagram.com/reel/DYmu1e6PyWi/?comment_id=18052779224740398,scraping_instagram,erlangga271181,b
18341723383173384,2026-05-22T04:39:14+00:00,0,https://www.instagram.com/reel/DYmu1e6PyWi/,https://www.instagram.com/reel/DYmu1e6PyWi/?comment_id=18341723383173384,scraping_instagram,erlangga271181,n
18083769560415135,2026-05-22T04:39:14+00:00,0,https://www.instagram.com/reel/DYmu1e6PyWi/,https://www.instagram.com/reel/DYmu1e6PyWi/?comment_id=18083769560415135,scraping_instagram,erlangga271181,bnmmm
18202668073346155,2026-05-22T04:39:13+00:00,0,https://www.instagram.com/reel/DYmu1e6PyWi/,https://www.instagram.com/reel/DYmu1e6PyWi/?comment_id=18202668073346155,scraping_instagram,erlangga271181,m
18116856061740693,2026-05-22T04:39:13+00:00,0,https://www.instagram.com/reel/DYmu1e6PyWi/,https://www.instagram.com/reel/DYmu1e6PyWi/?comment_id=18116856061740693,scraping_instagram,erlangga271181,m
18100930346014866,2026-05-22T04:39:13+00:00,0,https://www.instagram.com/reel/DYmu1e6PyWi/,https://www.instagram.com/reel/DYmu1e6PyWi/?comment_id=18100930346014866,scraping_instagram,erlangga271181,m
18091987784337373,2026-05-22T04:39:13+00:00,0,https://www.instagram.com/reel/DYmu1e6PyWi/,https://www.instagram.com/reel/DYmu1e6PyWi/?comment_id=18091987784337373,scraping_instagram,erlangga271181,mb
18090736241214231,2026-05-22T04:39:13+00:00,0,https://www.instagram.com/reel/DYmu1e6PyWi/,https://www.instagram.com/reel/DYmu1e6PyWi/?comment_id=18090736241214231,scraping_instagram,erlangga271181,m
18125783905621280,2026-05-22T04:39:12+00:00,0,https://www.instagram.com/reel/DYmu1e6PyWi/,https://www.instagram.com/reel/DYmu1e6PyWi/?comment_id=18125783905621280,scraping_instagram,erlangga271181,.
18116674363686201,2026-05-22T04:39:12+00:00,0,https://www.instagram.com/reel/DYmu1e6PyWi/,https://www.instagram.com/reel/DYmu1e6PyWi/?comment_id=18116674363686201,scraping_instagram,erlangga271181,b
18073560764303427,2026-05-22T04:39:12+00:00,0,https://www.instagram.com/reel/DYmu1e6PyWi/,https://www.instagram.com/reel/DYmu1e6PyWi/?comment_id=18073560764303427,scraping_instagram,erlangga271181,n
17986708428002411,2026-05-22T04:39:12+00:00,0,https://www.instagram.com/reel/DYmu1e6PyWi/,https://www.instagram.com/reel/DYmu1e6PyWi/?comment_id=17986708428002411,scraping_instagram,erlangga271181,n
17862292152585918,2026-05-22T04:39:12+00:00,0,https://www.instagram.com/reel/DYmu1e6PyWi/,https://www.instagram.com/reel/DYmu1e6PyWi/?comment_id=17862292152585918,scraping_instagram,erlangga271181,m
17953920468140930,2026-05-22T04:39:11+00:00,0,https://www.instagram.com/reel/DYmu1e6PyWi/,https://www.instagram.com/reel/DYmu1e6PyWi/?comment_id=17953920468140930,scraping_instagram,erlangga271181,b
18099948944039522,2026-05-22T04:39:10+00:00,0,https://www.instagram.com/reel/DYmu1e6PyWi/,https://www.instagram.com/reel/DYmu1e6PyWi/?comment_id=18099948944039522,scraping_instagram,erlangga271181,n
18094065131189255,2026-05-22T04:39:10+00:00,0,https://www.instagram.com/reel/DYmu1e6PyWi/,https://www.instagram.com/reel/DYmu1e6PyWi/?comment_id=18094065131189255,scraping_instagram,erlangga271181,n
18091466989992762,2026-05-22T04:39:10+00:00,0,https://www.instagram.com/reel/DYmu1e6PyWi/,https://www.instagram.com/reel/DYmu1e6PyWi/?comment_id=18091466989992762,scraping_instagram,erlangga271181,m
18085238588243895,2026-05-22T04:39:10+00:00,0,https://www.instagram.com/reel/DYmu1e6PyWi/,https://www.instagram.com/reel/DYmu1e6PyWi/?comment_id=18085238588243895,scraping_instagram,erlangga271181,b
17861644131593458,2026-05-22T04:39:10+00:00,0,https://www.instagram.com/reel/DYmu1e6PyWi/,https://www.instagram.com/reel/DYmu1e6PyWi/?comment_id=17861644131593458,scraping_instagram,erlangga271181,n
17878230462455861,2026-05-22T04:39:09+00:00,0,https://www.instagram.com/reel/DYmu1e6PyWi/,https://www.instagram.com/reel/DYmu1e6PyWi/?comment_id=17878230462455861,scraping_instagram,erlangga271181,n
17869193733618311,2026-05-22T04:39:09+00:00,0,https://www.instagram.com/reel/DYmu1e6PyWi/,https://www.instagram.com/reel/DYmu1e6PyWi/?comment_id=17869193733618311,scraping_instagram,erlangga271181,hb.
18589183252044826,2026-05-22T04:39:08+00:00,0,https://www.instagram.com/reel/DYmu1e6PyWi/,https://www.instagram.com/reel/DYmu1e6PyWi/?comment_id=18589183252044826,scraping_instagram,erlangga271181,m
18338450989221523,2026-05-22T04:39:08+00:00,0,https://www.instagram.com/reel/DYmu1e6PyWi/,https://www.instagram.com/reel/DYmu1e6PyWi/?comment_id=18338450989221523,scraping_instagram,erlangga271181,.
18164061688380161,2026-05-22T04:39:08+00:00,0,https://www.instagram.com/reel/DYmu1e6PyWi/,https://www.instagram.com/reel/DYmu1e6PyWi/?comment_id=18164061688380161,scraping_instagram,erlangga271181,n
17971383357025254,2026-05-22T04:39:08+00:00,0,https://www.instagram.com/reel/DYmu1e6PyWi/,https://www.instagram.com/reel/DYmu1e6PyWi/?comment_id=17971383357025254,scraping_instagram,erlangga271181,b
17947866999175474,2026-05-22T04:39:08+00:00,0,https://www.instagram.com/reel/DYmu1e6PyWi/,https://www.instagram.com/reel/DYmu1e6PyWi/?comment_id=17947866999175474,scraping_instagram,erlangga271181,n
18106637884745693,2026-05-22T04:39:07+00:00,0,https://www.instagram.com/reel/DYmu1e6PyWi/,https://www.instagram.com/reel/DYmu1e6PyWi/?comment_id=18106637884745693,scraping_instagram,erlangga271181,b
17917965999161408,2026-05-22T04:39:07+00:00,0,https://www.instagram.com/reel/DYmu1e6PyWi/,https://www.instagram.com/reel/DYmu1e6PyWi/?comment_id=17917965999161408,scraping_instagram,erlangga271181,.
17869526778674315,2026-05-22T04:39:07+00:00,0,https://www.instagram.com/reel/DYmu1e6PyWi/,https://www.instagram.com/reel/DYmu1e6PyWi/?comment_id=17869526778674315,scraping_instagram,erlangga271181,m
18125810791547585,2026-05-22T04:39:06+00:00,0,https://www.instagram.com/reel/DYmu1e6PyWi/,https://www.instagram.com/reel/DYmu1e6PyWi/?comment_id=18125810791547585,scraping_instagram,erlangga271181,b
18106835236941971,2026-05-22T04:39:06+00:00,0,https://www.instagram.com/reel/DYmu1e6PyWi/,https://www.instagram.com/reel/DYmu1e6PyWi/?comment_id=18106835236941971,scraping_instagram,erlangga271181,m.f
18017336843683770,2026-05-22T04:39:06+00:00,0,https://www.instagram.com/reel/DYmu1e6PyWi/,https://www.instagram.com/reel/DYmu1e6PyWi/?comment_id=18017336843683770,scraping_instagram,erlangga271181,.
17952198260980579,2026-05-22T04:39:05+00:00,0,https://www.instagram.com/reel/DYmu1e6PyWi/,https://www.instagram.com/reel/DYmu1e6PyWi/?comment_id=17952198260980579,scraping_instagram,erlangga271181,h
17855814765659035,2026-05-22T04:39:05+00:00,0,https://www.instagram.com/reel/DYmu1e6PyWi/,https://www.instagram.com/reel/DYmu1e6PyWi/?comment_id=17855814765659035,scraping_instagram,erlangga271181,.m
18221098465319605,2026-05-22T04:39:04+00:00,0,https://www.instagram.com/reel/DYmu1e6PyWi/,https://www.instagram.com/reel/DYmu1e6PyWi/?comment_id=18221098465319605,scraping_instagram,erlangga271181,m
18176199541406368,2026-05-22T04:39:04+00:00,0,https://www.instagram.com/reel/DYmu1e6PyWi/,https://www.instagram.com/reel/DYmu1e6PyWi/?comment_id=18176199541406368,scraping_instagram,erlangga271181,.
17937926415234525,2026-05-22T04:39:04+00:00,0,https://www.instagram.com/reel/DYmu1e6PyWi/,https://www.instagram.com/reel/DYmu1e6PyWi/?comment_id=17937926415234525,scraping_instagram,erlangga271181,h
17898601362449087,2026-05-22T04:39:04+00:00,0,https://www.instagram.com/reel/DYmu1e6PyWi/,https://www.instagram.com/reel/DYmu1e6PyWi/?comment_id=17898601362449087,scraping_instagram,erlangga271181,.
18122245414726444,2026-05-22T04:39:03+00:00,0,https://www.instagram.com/reel/DYmu1e6PyWi/,https://www.instagram.com/reel/DYmu1e6PyWi/?comment_id=18122245414726444,scraping_instagram,erlangga271181,nm
17881139190583682,2026-05-22T04:39:03+00:00,0,https://www.instagram.com/reel/DYmu1e6PyWi/,https://www.instagram.com/reel/DYmu1e6PyWi/?comment_id=17881139190583682,scraping_instagram,erlangga271181,.
18350871382241424,2026-05-22T04:39:02+00:00,0,https://www.instagram.com/reel/DYmu1e6PyWi/,https://www.instagram.com/reel/DYmu1e6PyWi/?comment_id=18350871382241424,scraping_instagram,erlangga271181,n
17879420391598344,2026-05-22T04:39:02+00:00,0,https://www.instagram.com/reel/DYmu1e6PyWi/,https://www.instagram.com/reel/DYmu1e6PyWi/?comment_id=17879420391598344,scraping_instagram,erlangga271181,n
18105971932748996,2026-05-22T04:39:01+00:00,0,https://www.instagram.com/reel/DYmu1e6PyWi/,https://www.instagram.com/reel/DYmu1e6PyWi/?comment_id=18105971932748996,scraping_instagram,erlangga271181,n
18090244796016488,2026-05-22T04:39:01+00:00,0,https://www.instagram.com/reel/DYmu1e6PyWi/,https://www.instagram.com/reel/DYmu1e6PyWi/?comment_id=18090244796016488,scraping_instagram,erlangga271181,h
17891285658491219,2026-05-22T04:39:01+00:00,0,https://www.instagram.com/reel/DYmu1e6PyWi/,https://www.instagram.com/reel/DYmu1e6PyWi/?comment_id=17891285658491219,scraping_instagram,erlangga271181,b
18130637149606585,2026-05-22T04:39:00+00:00,0,https://www.instagram.com/reel/DYmu1e6PyWi/,https://www.instagram.com/reel/DYmu1e6PyWi/?comment_id=18130637149606585,scraping_instagram,erlangga271181,.
18020137997836707,2026-05-22T04:39:00+00:00,0,https://www.instagram.com/reel/DYmu1e6PyWi/,https://www.instagram.com/reel/DYmu1e6PyWi/?comment_id=18020137997836707,scraping_instagram,erlangga271181,m
18123654955653130,2026-05-22T04:38:59+00:00,0,https://www.instagram.com/reel/DYmu1e6PyWi/,https://www.instagram.com/reel/DYmu1e6PyWi/?comment_id=18123654955653130,scraping_instagram,erlangga271181,n
18102971000003869,2026-05-22T04:38:59+00:00,0,https://www.instagram.com/reel/DYmu1e6PyWi/,https://www.instagram.com/reel/DYmu1e6PyWi/?comment_id=18102971000003869,scraping_instagram,erlangga271181,mn
18101468744082365,2026-05-22T04:38:59+00:00,0,https://www.instagram.com/reel/DYmu1e6PyWi/,https://www.instagram.com/reel/DYmu1e6PyWi/?comment_id=18101468744082365,scraping_instagram,erlangga271181,mm
18092449166603481,2026-05-22T04:38:59+00:00,0,https://www.instagram.com/reel/DYmu1e6PyWi/,https://www.instagram.com/reel/DYmu1e6PyWi/?comment_id=18092449166603481,scraping_instagram,erlangga271181,n
17923871856346192,2026-05-22T04:38:58+00:00,0,https://www.instagram.com/reel/DYmu1e6PyWi/,https://www.instagram.com/reel/DYmu1e6PyWi/?comment_id=17923871856346192,scraping_instagram,erlangga271181,.
17864339493686516,2026-05-22T04:38:58+00:00,0,https://www.instagram.com/reel/DYmu1e6PyWi/,https://www.instagram.com/reel/DYmu1e6PyWi/?comment_id=17864339493686516,scraping_instagram,erlangga271181,n
17850691647694342,2026-05-22T04:38:58+00:00,0,https://www.instagram.com/reel/DYmu1e6PyWi/,https://www.instagram.com/reel/DYmu1e6PyWi/?comment_id=17850691647694342,scraping_instagram,erlangga271181,..
18144161485505223,2026-05-22T04:38:57+00:00,0,https://www.instagram.com/reel/DYmu1e6PyWi/,https://www.instagram.com/reel/DYmu1e6PyWi/?comment_id=18144161485505223,scraping_instagram,erlangga271181,.
18080746232547534,2026-05-22T04:38:57+00:00,0,https://www.instagram.com/reel/DYmu1e6PyWi/,https://www.instagram.com/reel/DYmu1e6PyWi/?comment_id=18080746232547534,scraping_instagram,erlangga271181,j
18010129982711978,2026-05-22T04:38:57+00:00,0,https://www.instagram.com/reel/DYmu1e6PyWi/,https://www.instagram.com/reel/DYmu1e6PyWi/?comment_id=18010129982711978,scraping_instagram,erlangga271181,n
17924931690123383,2026-05-22T04:38:57+00:00,0,https://www.instagram.com/reel/DYmu1e6PyWi/,https://www.instagram.com/reel/DYmu1e6PyWi/?comment_id=17924931690123383,scraping_instagram,erlangga271181,n
17869278741678907,2026-05-22T04:38:57+00:00,0,https://www.instagram.com/reel/DYmu1e6PyWi/,https://www.instagram.com/reel/DYmu1e6PyWi/?comment_id=17869278741678907,scraping_instagram,erlangga271181,.n
18318139456282545,2026-05-22T04:38:56+00:00,0,https://www.instagram.com/reel/DYmu1e6PyWi/,https://www.instagram.com/reel/DYmu1e6PyWi/?comment_id=18318139456282545,scraping_instagram,erlangga271181,m
18057869414708717,2026-05-22T04:38:56+00:00,0,https://www.instagram.com/reel/DYmu1e6PyWi/,https://www.instagram.com/reel/DYmu1e6PyWi/?comment_id=18057869414708717,scraping_instagram,erlangga271181,n
17950075599178674,2026-05-22T04:38:56+00:00,0,https://www.instagram.com/reel/DYmu1e6PyWi/,https://www.instagram.com/reel/DYmu1e6PyWi/?comment_id=17950075599178674,scraping_instagram,erlangga271181,m
18150716317485252,2026-05-22T04:38:55+00:00,0,https://www.instagram.com/reel/DYmu1e6PyWi/,https://www.instagram.com/reel/DYmu1e6PyWi/?comment_id=18150716317485252,scraping_instagram,erlangga271181,m
18092313911206560,2026-05-22T04:38:55+00:00,0,https://www.instagram.com/reel/DYmu1e6PyWi/,https://www.instagram.com/reel/DYmu1e6PyWi/?comment_id=18092313911206560,scraping_instagram,erlangga271181,m
18048105791772244,2026-05-22T04:38:55+00:00,0,https://www.instagram.com/reel/DYmu1e6PyWi/,https://www.instagram.com/reel/DYmu1e6PyWi/?comment_id=18048105791772244,scraping_instagram,erlangga271181,.n
18268227247294081,2026-05-22T04:38:54+00:00,0,https://www.instagram.com/reel/DYmu1e6PyWi/,https://www.instagram.com/reel/DYmu1e6PyWi/?comment_id=18268227247294081,scraping_instagram,erlangga271181,n
18122426956652494,2026-05-22T04:38:54+00:00,0,https://www.instagram.com/reel/DYmu1e6PyWi/,https://www.instagram.com/reel/DYmu1e6PyWi/?comment_id=18122426956652494,scraping_instagram,erlangga271181,.
17902377987432649,2026-05-22T04:38:54+00:00,0,https://www.instagram.com/reel/DYmu1e6PyWi/,https://www.instagram.com/reel/DYmu1e6PyWi/?comment_id=17902377987432649,scraping_instagram,erlangga271181,.
18163761985433309,2026-05-22T04:38:53+00:00,0,https://www.instagram.com/reel/DYmu1e6PyWi/,https://www.instagram.com/reel/DYmu1e6PyWi/?comment_id=18163761985433309,scraping_instagram,erlangga271181,.
18111128129496731,2026-05-22T04:38:53+00:00,0,https://www.instagram.com/reel/DYmu1e6PyWi/,https://www.instagram.com/reel/DYmu1e6PyWi/?comment_id=18111128129496731,scraping_instagram,erlangga271181,m.m
17917015278368451,2026-05-22T04:38:53+00:00,0,https://www.instagram.com/reel/DYmu1e6PyWi/,https://www.instagram.com/reel/DYmu1e6PyWi/?comment_id=17917015278368451,scraping_instagram,erlangga271181,m
18220893787321664,2026-05-22T04:38:52+00:00,0,https://www.instagram.com/reel/DYmu1e6PyWi/,https://www.instagram.com/reel/DYmu1e6PyWi/?comment_id=18220893787321664,scraping_instagram,erlangga271181,.
18101217187910706,2026-05-22T04:38:52+00:00,0,https://www.instagram.com/reel/DYmu1e6PyWi/,https://www.instagram.com/reel/DYmu1e6PyWi/?comment_id=18101217187910706,scraping_instagram,erlangga271181,mm
17934363591068966,2026-05-22T04:38:52+00:00,0,https://www.instagram.com/reel/DYmu1e6PyWi/,https://www.instagram.com/reel/DYmu1e6PyWi/?comment_id=17934363591068966,scraping_instagram,erlangga271181,m
18313205986276616,2026-05-22T04:38:51+00:00,0,https://www.instagram.com/reel/DYmu1e6PyWi/,https://www.instagram.com/reel/DYmu1e6PyWi/?comment_id=18313205986276616,scraping_instagram,erlangga271181,n
18130736401601346,2026-05-22T04:38:51+00:00,0,https://www.instagram.com/reel/DYmu1e6PyWi/,https://www.instagram.com/reel/DYmu1e6PyWi/?comment_id=18130736401601346,scraping_instagram,erlangga271181,m
18077303975355374,2026-05-22T04:38:51+00:00,0,https://www.instagram.com/reel/DYmu1e6PyWi/,https://www.instagram.com/reel/DYmu1e6PyWi/?comment_id=18077303975355374,scraping_instagram,erlangga271181,.
18046451255780010,2026-05-22T04:38:51+00:00,0,https://www.instagram.com/reel/DYmu1e6PyWi/,https://www.instagram.com/reel/DYmu1e6PyWi/?comment_id=18046451255780010,scraping_instagram,erlangga271181,mm
18118009159703414,2026-05-22T04:38:50+00:00,0,https://www.instagram.com/reel/DYmu1e6PyWi/,https://www.instagram.com/reel/DYmu1e6PyWi/?comment_id=18118009159703414,scraping_instagram,erlangga271181,mm
17915032137184431,2026-05-22T04:38:50+00:00,0,https://www.instagram.com/reel/DYmu1e6PyWi/,https://www.instagram.com/reel/DYmu1e6PyWi/?comment_id=17915032137184431,scraping_instagram,erlangga271181,mmm.m
18086336720608908,2026-05-22T04:38:49+00:00,0,https://www.instagram.com/reel/DYmu1e6PyWi/,https://www.instagram.com/reel/DYmu1e6PyWi/?comment_id=18086336720608908,scraping_instagram,erlangga271181,mm
17974575470878838,2026-05-22T04:38:49+00:00,0,https://www.instagram.com/reel/DYmu1e6PyWi/,https://www.instagram.com/reel/DYmu1e6PyWi/?comment_id=17974575470878838,scraping_instagram,erlangga271181,.m
17891176584472084,2026-05-22T04:38:49+00:00,0,https://www.instagram.com/reel/DYmu1e6PyWi/,https://www.instagram.com/reel/DYmu1e6PyWi/?comment_id=17891176584472084,scraping_instagram,erlangga271181,mm
18125583859612817,2026-05-22T04:38:48+00:00,0,https://www.instagram.com/reel/DYmu1e6PyWi/,https://www.instagram.com/reel/DYmu1e6PyWi/?comment_id=18125583859612817,scraping_instagram,erlangga271181,m.m
18109766408494398,2026-05-22T04:38:48+00:00,0,https://www.instagram.com/reel/DYmu1e6PyWi/,https://www.instagram.com/reel/DYmu1e6PyWi/?comment_id=18109766408494398,scraping_instagram,erlangga271181,m
18105881140766846,2026-05-22T04:38:48+00:00,0,https://www.instagram.com/reel/DYmu1e6PyWi/,https://www.instagram.com/reel/DYmu1e6PyWi/?comment_id=18105881140766846,scraping_instagram,erlangga271181,n
17957254686104340,2026-05-22T04:38:48+00:00,0,https://www.instagram.com/reel/DYmu1e6PyWi/,https://www.instagram.com/reel/DYmu1e6PyWi/?comment_id=17957254686104340,scraping_instagram,erlangga271181,m
18437861956137097,2026-05-22T04:38:47+00:00,0,https://www.instagram.com/reel/DYmu1e6PyWi/,https://www.instagram.com/reel/DYmu1e6PyWi/?comment_id=18437861956137097,scraping_instagram,erlangga271181,.
18090762617255086,2026-05-22T04:38:47+00:00,0,https://www.instagram.com/reel/DYmu1e6PyWi/,https://www.instagram.com/reel/DYmu1e6PyWi/?comment_id=18090762617255086,scraping_instagram,erlangga271181,m
17899772754441653,2026-05-22T04:38:47+00:00,0,https://www.instagram.com/reel/DYmu1e6PyWi/,https://www.instagram.com/reel/DYmu1e6PyWi/?comment_id=17899772754441653,scraping_instagram,erlangga271181,mm
18112014817888388,2026-05-22T04:38:46+00:00,0,https://www.instagram.com/reel/DYmu1e6PyWi/,https://www.instagram.com/reel/DYmu1e6PyWi/?comment_id=18112014817888388,scraping_instagram,erlangga271181,mnmnm.nm
18073932245667337,2026-05-22T04:38:46+00:00,0,https://www.instagram.com/reel/DYmu1e6PyWi/,https://www.instagram.com/reel/DYmu1e6PyWi/?comment_id=18073932245667337,scraping_instagram,erlangga271181,m
17920731117144175,2026-05-22T04:38:46+00:00,0,https://www.instagram.com/reel/DYmu1e6PyWi/,https://www.instagram.com/reel/DYmu1e6PyWi/?comment_id=17920731117144175,scraping_instagram,erlangga271181,.
17889067824372158,2026-05-22T04:38:46+00:00,0,https://www.instagram.com/reel/DYmu1e6PyWi/,https://www.instagram.com/reel/DYmu1e6PyWi/?comment_id=17889067824372158,scraping_instagram,erlangga271181,mm
18326334265249633,2026-05-22T04:38:45+00:00,10,https://www.instagram.com/reel/DYmu1e6PyWi/,https://www.instagram.com/reel/DYmu1e6PyWi/?comment_id=18326334265249633,scraping_instagram,scoot_eerr,Yg terakhir itu siapa yg dibungkam..😂😂
18133455019500223,2026-05-22T04:38:45+00:00,0,https://www.instagram.com/reel/DYmu1e6PyWi/,https://www.instagram.com/reel/DYmu1e6PyWi/?comment_id=18133455019500223,scraping_instagram,erlangga271181,mm
17963587742932783,2026-05-22T04:38:44+00:00,0,https://www.instagram.com/reel/DYmu1e6PyWi/,https://www.instagram.com/reel/DYmu1e6PyWi/?comment_id=17963587742932783,scraping_instagram,erlangga271181,.
18099589160121604,2026-05-22T04:38:43+00:00,0,https://www.instagram.com/reel/DYmu1e6PyWi/,https://www.instagram.com/reel/DYmu1e6PyWi/?comment_id=18099589160121604,scraping_instagram,erlangga271181,jm
18060039557487590,2026-05-22T04:38:43+00:00,0,https://www.instagram.com/reel/DYmu1e6PyWi/,https://www.instagram.com/reel/DYmu1e6PyWi/?comment_id=18060039557487590,scraping_instagram,erlangga271181,m
18021440093664854,2026-05-22T04:38:43+00:00,0,https://www.instagram.com/reel/DYmu1e6PyWi/,https://www.instagram.com/reel/DYmu1e6PyWi/?comment_id=18021440093664854,scraping_instagram,erlangga271181,.mnmw
17973914778051463,2026-05-22T04:38:43+00:00,0,https://www.instagram.com/reel/DYmu1e6PyWi/,https://www.instagram.com/reel/DYmu1e6PyWi/?comment_id=17973914778051463,scraping_instagram,erlangga271181,m
18082461524412865,2026-05-22T04:38:42+00:00,0,https://www.instagram.com/reel/DYmu1e6PyWi/,https://www.instagram.com/reel/DYmu1e6PyWi/?comment_id=18082461524412865,scraping_instagram,erlangga271181,mm
18014304761702380,2026-05-22T04:38:42+00:00,0,https://www.instagram.com/reel/DYmu1e6PyWi/,https://www.instagram.com/reel/DYmu1e6PyWi/?comment_id=18014304761702380,scraping_instagram,erlangga271181,.m
17938162737048926,2026-05-22T04:38:42+00:00,0,https://www.instagram.com/reel/DYmu1e6PyWi/,https://www.instagram.com/reel/DYmu1e6PyWi/?comment_id=17938162737048926,scraping_instagram,erlangga271181,.m
18062147168709864,2026-05-22T04:38:41+00:00,0,https://www.instagram.com/reel/DYmu1e6PyWi/,https://www.instagram.com/reel/DYmu1e6PyWi/?comment_id=18062147168709864,scraping_instagram,erlangga271181,m
17948192265011257,2026-05-22T04:38:41+00:00,0,https://www.instagram.com/reel/DYmu1e6PyWi/,https://www.instagram.com/reel/DYmu1e6PyWi/?comment_id=17948192265011257,scraping_instagram,erlangga271181,m
18084858005105231,2026-05-22T04:38:40+00:00,0,https://www.instagram.com/reel/DYmu1e6PyWi/,https://www.instagram.com/reel/DYmu1e6PyWi/?comment_id=18084858005105231,scraping_instagram,erlangga271181,m
17990472176971004,2026-05-22T04:38:40+00:00,0,https://www.instagram.com/reel/DYmu1e6PyWi/,https://www.instagram.com/reel/DYmu1e6PyWi/?comment_id=17990472176971004,scraping_instagram,erlangga271181,m.
17880539958440041,2026-05-22T04:38:40+00:00,0,https://www.instagram.com/reel/DYmu1e6PyWi/,https://www.instagram.com/reel/DYmu1e6PyWi/?comment_id=17880539958440041,scraping_instagram,erlangga271181,.
18115596820697065,2026-05-22T04:38:39+00:00,0,https://www.instagram.com/reel/DYmu1e6PyWi/,https://www.instagram.com/reel/DYmu1e6PyWi/?comment_id=18115596820697065,scraping_instagram,erlangga271181,n.
18108971804500050,2026-05-22T04:38:39+00:00,0,https://www.instagram.com/reel/DYmu1e6PyWi/,https://www.instagram.com/reel/DYmu1e6PyWi/?comment_id=18108971804500050,scraping_instagram,erlangga271181,m.m
18079664783640494,2026-05-22T04:38:39+00:00,0,https://www.instagram.com/reel/DYmu1e6PyWi/,https://www.instagram.com/reel/DYmu1e6PyWi/?comment_id=18079664783640494,scraping_instagram,erlangga271181,..
17981493096007690,2026-05-22T04:38:39+00:00,0,https://www.instagram.com/reel/DYmu1e6PyWi/,https://www.instagram.com/reel/DYmu1e6PyWi/?comment_id=17981493096007690,scraping_instagram,erlangga271181,m
18102001337020713,2026-05-22T04:38:38+00:00,0,https://www.instagram.com/reel/DYmu1e6PyWi/,https://www.instagram.com/reel/DYmu1e6PyWi/?comment_id=18102001337020713,scraping_instagram,erlangga271181,n
18047227079773583,2026-05-22T04:38:38+00:00,0,https://www.instagram.com/reel/DYmu1e6PyWi/,https://www.instagram.com/reel/DYmu1e6PyWi/?comment_id=18047227079773583,scraping_instagram,erlangga271181,m
17961120843094212,2026-05-22T04:38:38+00:00,0,https://www.instagram.com/reel/DYmu1e6PyWi/,https://www.instagram.com/reel/DYmu1e6PyWi/?comment_id=17961120843094212,scraping_instagram,erlangga271181,nn
18102903553996259,2026-05-22T04:38:37+00:00,0,https://www.instagram.com/reel/DYmu1e6PyWi/,https://www.instagram.com/reel/DYmu1e6PyWi/?comment_id=18102903553996259,scraping_instagram,erlangga271181,m
18101150168010230,2026-05-22T04:38:37+00:00,0,https://www.instagram.com/reel/DYmu1e6PyWi/,https://www.instagram.com/reel/DYmu1e6PyWi/?comment_id=18101150168010230,scraping_instagram,erlangga271181,m
18089370479360325,2026-05-22T04:38:37+00:00,0,https://www.instagram.com/reel/DYmu1e6PyWi/,https://www.instagram.com/reel/DYmu1e6PyWi/?comment_id=18089370479360325,scraping_instagram,erlangga271181,m..mm
17874531099488295,2026-05-22T04:38:37+00:00,0,https://www.instagram.com/reel/DYmu1e6PyWi/,https://www.instagram.com/reel/DYmu1e6PyWi/?comment_id=17874531099488295,scraping_instagram,erlangga271181,n
17915555652183235,2026-05-22T04:38:36+00:00,0,https://www.instagram.com/reel/DYmu1e6PyWi/,https://www.instagram.com/reel/DYmu1e6PyWi/?comment_id=17915555652183235,scraping_instagram,erlangga271181,mm
17876063358603725,2026-05-22T04:38:36+00:00,0,https://www.instagram.com/reel/DYmu1e6PyWi/,https://www.instagram.com/reel/DYmu1e6PyWi/?comment_id=17876063358603725,scraping_instagram,erlangga271181,mm.
18009926000713181,2026-05-22T04:38:35+00:00,0,https://www.instagram.com/reel/DYmu1e6PyWi/,https://www.instagram.com/reel/DYmu1e6PyWi/?comment_id=18009926000713181,scraping_instagram,erlangga271181,..
17914102905382109,2026-05-22T04:38:35+00:00,0,https://www.instagram.com/reel/DYmu1e6PyWi/,https://www.instagram.com/reel/DYmu1e6PyWi/?comment_id=17914102905382109,scraping_instagram,erlangga271181,nq
18582231196057250,2026-05-22T04:38:34+00:00,0,https://www.instagram.com/reel/DYmu1e6PyWi/,https://www.instagram.com/reel/DYmu1e6PyWi/?comment_id=18582231196057250,scraping_instagram,erlangga271181,mm
18122224279567464,2026-05-22T04:38:34+00:00,0,https://www.instagram.com/reel/DYmu1e6PyWi/,https://www.instagram.com/reel/DYmu1e6PyWi/?comment_id=18122224279567464,scraping_instagram,erlangga271181,mn
17929902024275307,2026-05-22T04:38:33+00:00,0,https://www.instagram.com/reel/DYmu1e6PyWi/,https://www.instagram.com/reel/DYmu1e6PyWi/?comment_id=17929902024275307,scraping_instagram,erlangga271181,n
18352348057208854,2026-05-22T04:38:32+00:00,0,https://www.instagram.com/reel/DYmu1e6PyWi/,https://www.instagram.com/reel/DYmu1e6PyWi/?comment_id=18352348057208854,scraping_instagram,erlangga271181,nmm.m
17875017249668955,2026-05-22T04:38:32+00:00,0,https://www.instagram.com/reel/DYmu1e6PyWi/,https://www.instagram.com/reel/DYmu1e6PyWi/?comment_id=17875017249668955,scraping_instagram,erlangga271181,mm
18123136522654058,2026-05-22T04:38:31+00:00,0,https://www.instagram.com/reel/DYmu1e6PyWi/,https://www.instagram.com/reel/DYmu1e6PyWi/?comment_id=18123136522654058,scraping_instagram,erlangga271181,.
18024896165653005,2026-05-22T04:38:31+00:00,0,https://www.instagram.com/reel/DYmu1e6PyWi/,https://www.instagram.com/reel/DYmu1e6PyWi/?comment_id=18024896165653005,scraping_instagram,erlangga271181,mn.
18115796407763695,2026-05-22T04:38:30+00:00,0,https://www.instagram.com/reel/DYmu1e6PyWi/,https://www.instagram.com/reel/DYmu1e6PyWi/?comment_id=18115796407763695,scraping_instagram,erlangga271181,.m.
18075074471656966,2026-05-22T04:38:30+00:00,0,https://www.instagram.com/reel/DYmu1e6PyWi/,https://www.instagram.com/reel/DYmu1e6PyWi/?comment_id=18075074471656966,scraping_instagram,erlangga271181,m
18065119610414597,2026-05-22T04:38:29+00:00,0,https://www.instagram.com/reel/DYmu1e6PyWi/,https://www.instagram.com/reel/DYmu1e6PyWi/?comment_id=18065119610414597,scraping_instagram,erlangga271181,m.mnm
18101677724066552,2026-05-22T04:38:28+00:00,0,https://www.instagram.com/reel/DYmu1e6PyWi/,https://www.instagram.com/reel/DYmu1e6PyWi/?comment_id=18101677724066552,scraping_instagram,erlangga271181,nn
18096642170146260,2026-05-22T04:38:27+00:00,0,https://www.instagram.com/reel/DYmu1e6PyWi/,https://www.instagram.com/reel/DYmu1e6PyWi/?comment_id=18096642170146260,scraping_instagram,erlangga271181,nmnmmmmmn
18075996011657142,2026-05-22T04:38:27+00:00,0,https://www.instagram.com/reel/DYmu1e6PyWi/,https://www.instagram.com/reel/DYmu1e6PyWi/?comment_id=18075996011657142,scraping_instagram,erlangga271181,mnn
18005915582873958,2026-05-22T04:38:26+00:00,0,https://www.instagram.com/reel/DYmu1e6PyWi/,https://www.instagram.com/reel/DYmu1e6PyWi/?comment_id=18005915582873958,scraping_instagram,erlangga271181,mmm
18003983537923899,2026-05-22T04:38:24+00:00,0,https://www.instagram.com/reel/DYmu1e6PyWi/,https://www.instagram.com/reel/DYmu1e6PyWi/?comment_id=18003983537923899,scraping_instagram,erlangga271181,m
17850541122694710,2026-05-22T04:38:23+00:00,0,https://www.instagram.com/reel/DYmu1e6PyWi/,https://www.instagram.com/reel/DYmu1e6PyWi/?comment_id=17850541122694710,scraping_instagram,erlangga271181,m.
18175258813404699,2026-05-22T04:38:22+00:00,0,https://www.instagram.com/reel/DYmu1e6PyWi/,https://www.instagram.com/reel/DYmu1e6PyWi/?comment_id=18175258813404699,scraping_instagram,erlangga271181,mm
18125700097623455,2026-05-22T04:38:22+00:00,0,https://www.instagram.com/reel/DYmu1e6PyWi/,https://www.instagram.com/reel/DYmu1e6PyWi/?comment_id=18125700097623455,scraping_instagram,erlangga271181,n
18108090157915316,2026-05-22T04:38:20+00:00,0,https://www.instagram.com/reel/DYmu1e6PyWi/,https://www.instagram.com/reel/DYmu1e6PyWi/?comment_id=18108090157915316,scraping_instagram,erlangga271181,m.
18079383740339778,2026-05-22T04:38:20+00:00,0,https://www.instagram.com/reel/DYmu1e6PyWi/,https://www.instagram.com/reel/DYmu1e6PyWi/?comment_id=18079383740339778,scraping_instagram,erlangga271181,m
18137954542476748,2026-05-22T04:38:19+00:00,0,https://www.instagram.com/reel/DYmu1e6PyWi/,https://www.instagram.com/reel/DYmu1e6PyWi/?comment_id=18137954542476748,scraping_instagram,erlangga271181,m.
18421340446131500,2026-05-22T04:38:18+00:00,0,https://www.instagram.com/reel/DYmu1e6PyWi/,https://www.instagram.com/reel/DYmu1e6PyWi/?comment_id=18421340446131500,scraping_instagram,erlangga271181,n
18092905106249382,2026-05-22T04:38:18+00:00,0,https://www.instagram.com/reel/DYmu1e6PyWi/,https://www.instagram.com/reel/DYmu1e6PyWi/?comment_id=18092905106249382,scraping_instagram,erlangga271181,n.
18159728197455380,2026-05-22T04:38:16+00:00,0,https://www.instagram.com/reel/DYmu1e6PyWi/,https://www.instagram.com/reel/DYmu1e6PyWi/?comment_id=18159728197455380,scraping_instagram,erlangga271181,.
17927211150324763,2026-05-22T04:38:16+00:00,0,https://www.instagram.com/reel/DYmu1e6PyWi/,https://www.instagram.com/reel/DYmu1e6PyWi/?comment_id=17927211150324763,scraping_instagram,erlangga271181,mn
17903331381428294,2026-05-22T04:38:14+00:00,0,https://www.instagram.com/reel/DYmu1e6PyWi/,https://www.instagram.com/reel/DYmu1e6PyWi/?comment_id=17903331381428294,scraping_instagram,erlangga271181,.n
17857736688647840,2026-05-22T04:38:13+00:00,0,https://www.instagram.com/reel/DYmu1e6PyWi/,https://www.instagram.com/reel/DYmu1e6PyWi/?comment_id=17857736688647840,scraping_instagram,erlangga271181,m
18121886887653445,2026-05-22T04:38:12+00:00,0,https://www.instagram.com/reel/DYmu1e6PyWi/,https://www.instagram.com/reel/DYmu1e6PyWi/?comment_id=18121886887653445,scraping_instagram,erlangga271181,.
18104655632295846,2026-05-22T04:38:10+00:00,0,https://www.instagram.com/reel/DYmu1e6PyWi/,https://www.instagram.com/reel/DYmu1e6PyWi/?comment_id=18104655632295846,scraping_instagram,erlangga271181,.
18103139377790030,2026-05-22T04:38:08+00:00,0,https://www.instagram.com/reel/DYmu1e6PyWi/,https://www.instagram.com/reel/DYmu1e6PyWi/?comment_id=18103139377790030,scraping_instagram,erlangga271181,.
17861943102651726,2026-05-22T04:38:05+00:00,0,https://www.instagram.com/reel/DYmu1e6PyWi/,https://www.instagram.com/reel/DYmu1e6PyWi/?comment_id=17861943102651726,scraping_instagram,erlangga271181,.
17955003225131846,2026-05-22T04:38:04+00:00,0,https://www.instagram.com/reel/DYmu1e6PyWi/,https://www.instagram.com/reel/DYmu1e6PyWi/?comment_id=17955003225131846,scraping_instagram,erlangga271181,n
17994952694974009,2026-05-22T04:38:02+00:00,0,https://www.instagram.com/reel/DYmu1e6PyWi/,https://www.instagram.com/reel/DYmu1e6PyWi/?comment_id=17994952694974009,scraping_instagram,erlangga271181,m
18438406120189028,2026-05-22T04:38:01+00:00,0,https://www.instagram.com/reel/DYmu1e6PyWi/,https://www.instagram.com/reel/DYmu1e6PyWi/?comment_id=18438406120189028,scraping_instagram,erlangga271181,.
18107527103478848,2026-05-22T04:38:01+00:00,0,https://www.instagram.com/reel/DYmu1e6PyWi/,https://www.instagram.com/reel/DYmu1e6PyWi/?comment_id=18107527103478848,scraping_instagram,erlangga271181,...
18140931763523562,2026-05-22T04:38:00+00:00,0,https://www.instagram.com/reel/DYmu1e6PyWi/,https://www.instagram.com/reel/DYmu1e6PyWi/?comment_id=18140931763523562,scraping_instagram,erlangga271181,..
18205978102347103,2026-05-22T04:37:59+00:00,0,https://www.instagram.com/reel/DYmu1e6PyWi/,https://www.instagram.com/reel/DYmu1e6PyWi/?comment_id=18205978102347103,scraping_instagram,erlangga271181,.
17917131249368014,2026-05-22T04:37:59+00:00,0,https://www.instagram.com/reel/DYmu1e6PyWi/,https://www.instagram.com/reel/DYmu1e6PyWi/?comment_id=17917131249368014,scraping_instagram,erlangga271181,.
18311601115263919,2026-05-22T04:37:57+00:00,0,https://www.instagram.com/reel/DYmu1e6PyWi/,https://www.instagram.com/reel/DYmu1e6PyWi/?comment_id=18311601115263919,scraping_instagram,erlangga271181,.m
18116762740688974,2026-05-22T04:37:57+00:00,0,https://www.instagram.com/reel/DYmu1e6PyWi/,https://www.instagram.com/reel/DYmu1e6PyWi/?comment_id=18116762740688974,scraping_instagram,erlangga271181,.
18087407996595854,2026-05-22T04:37:57+00:00,0,https://www.instagram.com/reel/DYmu1e6PyWi/,https://www.instagram.com/reel/DYmu1e6PyWi/?comment_id=18087407996595854,scraping_instagram,erlangga271181,.
18324785602271882,2026-05-22T04:37:56+00:00,0,https://www.instagram.com/reel/DYmu1e6PyWi/,https://www.instagram.com/reel/DYmu1e6PyWi/?comment_id=18324785602271882,scraping_instagram,erlangga271181,m.
18069323414690654,2026-05-22T04:37:55+00:00,0,https://www.instagram.com/reel/DYmu1e6PyWi/,https://www.instagram.com/reel/DYmu1e6PyWi/?comment_id=18069323414690654,scraping_instagram,erlangga271181,m
17903711187263234,2026-05-22T04:37:55+00:00,0,https://www.instagram.com/reel/DYmu1e6PyWi/,https://www.instagram.com/reel/DYmu1e6PyWi/?comment_id=17903711187263234,scraping_instagram,erlangga271181,.
18138273391528963,2026-05-22T04:37:54+00:00,0,https://www.instagram.com/reel/DYmu1e6PyWi/,https://www.instagram.com/reel/DYmu1e6PyWi/?comment_id=18138273391528963,scraping_instagram,erlangga271181,😮.m..
18085775126626191,2026-05-22T04:37:54+00:00,0,https://www.instagram.com/reel/DYmu1e6PyWi/,https://www.instagram.com/reel/DYmu1e6PyWi/?comment_id=18085775126626191,scraping_instagram,erlangga271181,.....
18079110317541953,2026-05-22T04:37:32+00:00,0,https://www.instagram.com/reel/DYmu1e6PyWi/,https://www.instagram.com/reel/DYmu1e6PyWi/?comment_id=18079110317541953,scraping_instagram,dewi.kha5_tusyah,Keren editannya
18027865562815679,2026-05-22T04:37:30+00:00,0,https://www.instagram.com/reel/DYmu1e6PyWi/,https://www.instagram.com/reel/DYmu1e6PyWi/?comment_id=18027865562815679,scraping_instagram,umri870_,"Omon"" si Unyil brooo😂"
18091069865246431,2026-05-22T04:37:19+00:00,0,https://www.instagram.com/reel/DYmu1e6PyWi/,https://www.instagram.com/reel/DYmu1e6PyWi/?comment_id=18091069865246431,scraping_instagram,tarigan.anwar,Jgn pernah pilih pemimpin yg bodoh dan tolol sprt ini
18062037509713706,2026-05-22T04:36:55+00:00,0,https://www.instagram.com/reel/DYmu1e6PyWi/,https://www.instagram.com/reel/DYmu1e6PyWi/?comment_id=18062037509713706,scraping_instagram,mien_sundoro71,Kok sedih liat ilustrasi yg bapak narik gerobak😢
18098388761515783,2026-05-22T04:36:14+00:00,0,https://www.instagram.com/reel/DYmu1e6PyWi/,https://www.instagram.com/reel/DYmu1e6PyWi/?comment_id=18098388761515783,scraping_instagram,spriyti10,Turunkan hidayah dari ilahii untuk para pejabat semua itu 😢😢Rakyatnya semua sudah mnjerit
17961903971938458,2026-05-22T04:35:51+00:00,0,https://www.instagram.com/reel/DYmu1e6PyWi/,https://www.instagram.com/reel/DYmu1e6PyWi/?comment_id=17961903971938458,scraping_instagram,bbangfadil74,maafkan saya yah kawan² karena sya sudah memilih prabowo sangat nyesel banget keadaan saya masih 18 tahun belum paham politik
18100219160117884,2026-05-22T04:34:55+00:00,0,https://www.instagram.com/reel/DYmu1e6PyWi/,https://www.instagram.com/reel/DYmu1e6PyWi/?comment_id=18100219160117884,scraping_instagram,spriyti10,Ya Allah buka kan mata hatinya sikake pemimpin yg tidak bisa ngatur rakyatnya 😢😢😢😢
18327378469264967,2026-05-22T04:34:32+00:00,0,https://www.instagram.com/reel/DYmu1e6PyWi/,https://www.instagram.com/reel/DYmu1e6PyWi/?comment_id=18327378469264967,scraping_instagram,syamsuarni.syamsuarni.165,Ya Alloh  akan jadi apa negeri ini ya Alloh  tlg selamatkanlah ya Alloh dari orang-orang jahat  ya Alloh
17940424650208228,2026-05-22T04:34:22+00:00,0,https://www.instagram.com/reel/DYmu1e6PyWi/,https://www.instagram.com/reel/DYmu1e6PyWi/?comment_id=17940424650208228,scraping_instagram,septy_eco,"Mangkin d pimpin sm penerus otak kosong mangkin hancur,rakyat yg sengsara skrg"
17941253481206480,2026-05-22T04:34:11+00:00,0,https://www.instagram.com/reel/DYmu1e6PyWi/,https://www.instagram.com/reel/DYmu1e6PyWi/?comment_id=17941253481206480,scraping_instagram,tessarnst,
18070570412482493,2026-05-22T04:34:02+00:00,0,https://www.instagram.com/reel/DYmu1e6PyWi/,https://www.instagram.com/reel/DYmu1e6PyWi/?comment_id=18070570412482493,scraping_instagram,dalmat_777,👏👏👏👏👏 MANTAAAB 👏👏👏👏
18124397116619365,2026-05-22T04:33:47+00:00,0,https://www.instagram.com/reel/DYmu1e6PyWi/,https://www.instagram.com/reel/DYmu1e6PyWi/?comment_id=18124397116619365,scraping_instagram,dapoer.119,😂😂😂😂😂 keyeeeeeen lagu nya bang....👍👍👍
18109588838309575,2026-05-22T04:32:58+00:00,0,https://www.instagram.com/reel/DYmu1e6PyWi/,https://www.instagram.com/reel/DYmu1e6PyWi/?comment_id=18109588838309575,scraping_instagram,ratiheyang,Ini  presiden belum 2 th negara dah da karuan ..bangkrut negara krn nya .
17918267274166512,2026-05-22T04:32:29+00:00,0,https://www.instagram.com/reel/DYmu1e6PyWi/,https://www.instagram.com/reel/DYmu1e6PyWi/?comment_id=17918267274166512,scraping_instagram,hendy5851,@prabowo ingat kekuasaan di tangan RAKYAT 🔥🔥🔥
18327830620252164,2026-05-22T04:28:55+00:00,0,https://www.instagram.com/reel/DYmu1e6PyWi/,https://www.instagram.com/reel/DYmu1e6PyWi/?comment_id=18327830620252164,scraping_instagram,uma_anti_murtad,"Tag ah @prabowo ...anda harus buka mata telinga pak.
Rakyatmu merintih"
17927179872336269,2026-05-22T04:28:37+00:00,0,https://www.instagram.com/reel/DYmu1e6PyWi/,https://www.instagram.com/reel/DYmu1e6PyWi/?comment_id=17927179872336269,scraping_instagram,khilyah.azzakiyah,Blh ngmg kasar g sih
18377668819164575,2026-05-22T04:26:38+00:00,0,https://www.instagram.com/reel/DYmu1e6PyWi/,https://www.instagram.com/reel/DYmu1e6PyWi/?comment_id=18377668819164575,scraping_instagram,iecuk_sharon,"Paling gak,saya terlalu menyesal Krn bukan memilih mereka. Saya pilih Mahfud md"
17998766453767717,2026-05-22T04:25:39+00:00,0,https://www.instagram.com/reel/DYmu1e6PyWi/,https://www.instagram.com/reel/DYmu1e6PyWi/?comment_id=17998766453767717,scraping_instagram,aquinoaquy,Cukup satu priode
18110393747488952,2026-05-22T04:24:36+00:00,0,https://www.instagram.com/reel/DYmu1e6PyWi/,https://www.instagram.com/reel/DYmu1e6PyWi/?comment_id=18110393747488952,scraping_instagram,rmdnlol,
18080811674403851,2026-05-22T04:22:10+00:00,0,https://www.instagram.com/reel/DYmu1e6PyWi/,https://www.instagram.com/reel/DYmu1e6PyWi/?comment_id=18080811674403851,scraping_instagram,eduard_adhi,Orang Indo kreatif😂😂 sengsara boleh tapi kritik sambil ngelawak jalan😂
18103275115803576,2026-05-22T04:21:36+00:00,0,https://www.instagram.com/reel/DYmu1e6PyWi/,https://www.instagram.com/reel/DYmu1e6PyWi/?comment_id=18103275115803576,scraping_instagram,shanz_el_rafif,
18065845790404446,2026-05-22T04:21:25+00:00,0,https://www.instagram.com/reel/DYmu1e6PyWi/,https://www.instagram.com/reel/DYmu1e6PyWi/?comment_id=18065845790404446,scraping_instagram,apranggono,Ternyata masih banyak rakyat indonesia yang bodoh lebih pintar menilai dari pada berpikir
17869992735527694,2026-05-22T04:20:49+00:00,0,https://www.instagram.com/reel/DYmu1e6PyWi/,https://www.instagram.com/reel/DYmu1e6PyWi/?comment_id=17869992735527694,scraping_instagram,liee_2035,Pak Harto tolong bawa mantan mantu mu ini hanya bikin kerusuhan di negri ini
17997098438949540,2026-05-22T04:19:16+00:00,0,https://www.instagram.com/reel/DYmu1e6PyWi/,https://www.instagram.com/reel/DYmu1e6PyWi/?comment_id=17997098438949540,scraping_instagram,kadarsih_darsihh,😂
18082090667385330,2026-05-22T04:17:34+00:00,0,https://www.instagram.com/reel/DYmu1e6PyWi/,https://www.instagram.com/reel/DYmu1e6PyWi/?comment_id=18082090667385330,scraping_instagram,dyh_333,Amit amit......😤😤😮‍💨
18085771364087678,2026-05-22T04:17:16+00:00,0,https://www.instagram.com/reel/DYmu1e6PyWi/,https://www.instagram.com/reel/DYmu1e6PyWi/?comment_id=18085771364087678,scraping_instagram,bridawilujeng,😢😢😢
18084078272382843,2026-05-22T04:16:48+00:00,0,https://www.instagram.com/reel/DYmu1e6PyWi/,https://www.instagram.com/reel/DYmu1e6PyWi/?comment_id=18084078272382843,scraping_instagram,icha.jria,"Kita memanen pahala, wahai masyarakat indonesia 🔥. Gini amat jadi WNI😢"
18323410645271213,2026-05-22T04:15:45+00:00,0,https://www.instagram.com/reel/DYmu1e6PyWi/,https://www.instagram.com/reel/DYmu1e6PyWi/?comment_id=18323410645271213,scraping_instagram,the_managementconsultant,Bguesss bguet ironinya
17906615523241985,2026-05-22T04:15:20+00:00,0,https://www.instagram.com/reel/DYmu1e6PyWi/,https://www.instagram.com/reel/DYmu1e6PyWi/?comment_id=17906615523241985,scraping_instagram,iffathikrom,
18007283768863783,2026-05-22T04:14:48+00:00,0,https://www.instagram.com/reel/DYmu1e6PyWi/,https://www.instagram.com/reel/DYmu1e6PyWi/?comment_id=18007283768863783,scraping_instagram,sitianisah852,Kertajati sekarang mau di kuasai Amerika
17950331654991702,2026-05-22T04:12:56+00:00,0,https://www.instagram.com/reel/DYmu1e6PyWi/,https://www.instagram.com/reel/DYmu1e6PyWi/?comment_id=17950331654991702,scraping_instagram,kusnadi.mauriznau,Smg presiden prabowa cepat sadar dan istiqomah agar rakyatnya bisa sejahteta sy slalu berdoa agar rakyat indonesia cepat terbebas dari kemiskinan dan terbebas dri pejabat korup dan zolim Aamiin
17899116051449642,2026-05-22T04:12:09+00:00,0,https://www.instagram.com/reel/DYmu1e6PyWi/,https://www.instagram.com/reel/DYmu1e6PyWi/?comment_id=17899116051449642,scraping_instagram,123noviand,😂😂😂
18055064687753567,2026-05-22T04:11:15+00:00,0,https://www.instagram.com/reel/DYmu1e6PyWi/,https://www.instagram.com/reel/DYmu1e6PyWi/?comment_id=18055064687753567,scraping_instagram,dinar_junar,Benci banget Sama Rakyatnya ...
18064355330446725,2026-05-22T04:10:51+00:00,0,https://www.instagram.com/reel/DYmu1e6PyWi/,https://www.instagram.com/reel/DYmu1e6PyWi/?comment_id=18064355330446725,scraping_instagram,dyrk92,Pendukungnya Sangat Bangga oke gaes ....oke gaes....oke gaes
17970398220054536,2026-05-22T04:10:40+00:00,0,https://www.instagram.com/reel/DYmu1e6PyWi/,https://www.instagram.com/reel/DYmu1e6PyWi/?comment_id=17970398220054536,scraping_instagram,yuyukoswara45,Ternyata sama parahnya dgn wakilnya😢
18100259177022543,2026-05-22T04:09:05+00:00,0,https://www.instagram.com/reel/DYmu1e6PyWi/,https://www.instagram.com/reel/DYmu1e6PyWi/?comment_id=18100259177022543,scraping_instagram,adrignw97,Yg joget gemoy dlu menangis melihat ini
18327651877250620,2026-05-22T04:08:04+00:00,0,https://www.instagram.com/reel/DYmu1e6PyWi/,https://www.instagram.com/reel/DYmu1e6PyWi/?comment_id=18327651877250620,scraping_instagram,istiqomah63520,"Nggak pantes jadi presiden, turun kan Prabowo"
18170616616374004,2026-05-22T04:06:44+00:00,0,https://www.instagram.com/reel/DYmu1e6PyWi/,https://www.instagram.com/reel/DYmu1e6PyWi/?comment_id=18170616616374004,scraping_instagram,oei_mel,ha ha ha bagus juga lagu y 👏👏
18086387852617772,2026-05-22T04:06:37+00:00,0,https://www.instagram.com/reel/DYmu1e6PyWi/,https://www.instagram.com/reel/DYmu1e6PyWi/?comment_id=18086387852617772,scraping_instagram,ivan0vich88,Wwiwi wwowok sama2 bikin h4ncur
18132790855497209,2026-05-22T04:06:02+00:00,0,https://www.instagram.com/reel/DYmu1e6PyWi/,https://www.instagram.com/reel/DYmu1e6PyWi/?comment_id=18132790855497209,scraping_instagram,ibbnuabbazallviro,Ini Indonesia yah
18112686121885130,2026-05-22T04:03:57+00:00,0,https://www.instagram.com/reel/DYmu1e6PyWi/,https://www.instagram.com/reel/DYmu1e6PyWi/?comment_id=18112686121885130,scraping_instagram,k4n9_k0m3nt,👏🔥🔥🔥
18107875105779051,2026-05-22T04:03:51+00:00,9,https://www.instagram.com/reel/DYmu1e6PyWi/,https://www.instagram.com/reel/DYmu1e6PyWi/?comment_id=18107875105779051,scraping_instagram,oscardona99,pak @prabowo apa ini betul perangai nya
18011296772904085,2026-05-22T04:02:22+00:00,0,https://www.instagram.com/reel/DYmu1e6PyWi/,https://www.instagram.com/reel/DYmu1e6PyWi/?comment_id=18011296772904085,scraping_instagram,rissa_jasmin,nih spt nya buzer .. yg bikin vidio
17857744833640848,2026-05-22T04:01:35+00:00,1,https://www.instagram.com/reel/DYmu1e6PyWi/,https://www.instagram.com/reel/DYmu1e6PyWi/?comment_id=17857744833640848,scraping_instagram,rafaniaishaahmad,Its real.. ini yg terjadi di indonesia😭😭😭
18175330336405154,2026-05-22T04:01:20+00:00,0,https://www.instagram.com/reel/DYmu1e6PyWi/,https://www.instagram.com/reel/DYmu1e6PyWi/?comment_id=18175330336405154,scraping_instagram,charnalian,"Udah d kasi 3x nyalon GAGAL ,malah d pilih😂👏"
18103167802810952,2026-05-22T04:00:17+00:00,0,https://www.instagram.com/reel/DYmu1e6PyWi/,https://www.instagram.com/reel/DYmu1e6PyWi/?comment_id=18103167802810952,scraping_instagram,man121725,Cwek yg d tutup karung goni itu si Nazwa kah 😂
18083181890452710,2026-05-22T03:59:08+00:00,77,https://www.instagram.com/reel/DYmu1e6PyWi/,https://www.instagram.com/reel/DYmu1e6PyWi/?comment_id=18083181890452710,scraping_instagram,wien_elisabeth,"Pemimpin di jadikan bahan ejekan begini , sedih kan ? Tp ya gmn ya ?  Ga mau terima kritik dan masukan sih😬"
18096310340156200,2026-05-22T03:58:03+00:00,0,https://www.instagram.com/reel/DYmu1e6PyWi/,https://www.instagram.com/reel/DYmu1e6PyWi/?comment_id=18096310340156200,scraping_instagram,retno.damayanti.568,🤭🤭🤭🤭🤭🤭
17930931966087159,2026-05-22T03:56:16+00:00,0,https://www.instagram.com/reel/DYmu1e6PyWi/,https://www.instagram.com/reel/DYmu1e6PyWi/?comment_id=17930931966087159,scraping_instagram,irmanhr26,Pricidin pilihan siapa ini @arifbd_ 😂😂
17940592608226851,2026-05-22T03:55:07+00:00,0,https://www.instagram.com/reel/DYmu1e6PyWi/,https://www.instagram.com/reel/DYmu1e6PyWi/?comment_id=17940592608226851,scraping_instagram,ammarkhanal,@mohriadii
17951627070150277,2026-05-22T03:54:35+00:00,0,https://www.instagram.com/reel/DYmu1e6PyWi/,https://www.instagram.com/reel/DYmu1e6PyWi/?comment_id=17951627070150277,scraping_instagram,ahmad.yusuuuf,Up
17951392431155104,2026-05-22T03:53:53+00:00,0,https://www.instagram.com/reel/DYmu1e6PyWi/,https://www.instagram.com/reel/DYmu1e6PyWi/?comment_id=17951392431155104,scraping_instagram,paijosuprem,wowowowowo Prabowo emang anjing
18142390729455141,2026-05-22T03:53:18+00:00,0,https://www.instagram.com/reel/DYmu1e6PyWi/,https://www.instagram.com/reel/DYmu1e6PyWi/?comment_id=18142390729455141,scraping_instagram,inndra.oebit,Program gagal dari presiden gagal
17853035880680427,2026-05-22T03:50:55+00:00,0,https://www.instagram.com/reel/DYmu1e6PyWi/,https://www.instagram.com/reel/DYmu1e6PyWi/?comment_id=17853035880680427,scraping_instagram,aah.juhaeriah,Innalillahi wa innailaihi roojiuun untk pejabat di pemerintah RI
18527637001078176,2026-05-22T03:50:38+00:00,0,https://www.instagram.com/reel/DYmu1e6PyWi/,https://www.instagram.com/reel/DYmu1e6PyWi/?comment_id=18527637001078176,scraping_instagram,tengkulathifah,Iiih MALU deh ...seorang PRESIDEN YG SDH HILANG KEWIBAWAAN NYA
18011797031897591,2026-05-22T03:49:51+00:00,11,https://www.instagram.com/reel/DYmu1e6PyWi/,https://www.instagram.com/reel/DYmu1e6PyWi/?comment_id=18011797031897591,scraping_instagram,jatmiko2608,"4 x selalu kalah, sekali menang jadi kapal keruk trus buat gantiin yg kemarin"".. Jogetin aja ok gas ok gas..."
18091944998360564,2026-05-22T03:49:18+00:00,0,https://www.instagram.com/reel/DYmu1e6PyWi/,https://www.instagram.com/reel/DYmu1e6PyWi/?comment_id=18091944998360564,scraping_instagram,lovelyhaha2026,🔥🔥
17939192130243615,2026-05-22T03:48:54+00:00,0,https://www.instagram.com/reel/DYmu1e6PyWi/,https://www.instagram.com/reel/DYmu1e6PyWi/?comment_id=17939192130243615,scraping_instagram,noerfarid_y2,😂🔥🔥🔥salah satu bagus selain BOM BOM tel aviv
18106509982745363,2026-05-22T03:47:37+00:00,0,https://www.instagram.com/reel/DYmu1e6PyWi/,https://www.instagram.com/reel/DYmu1e6PyWi/?comment_id=18106509982745363,scraping_instagram,lindadarnis,Pemimpin penipu rakyat tega bget muak liat nya malah ketawa ketiwi ... sialan bersenang d ats penderitaan rakyat ....!!!!😭😭😭
18205608226342227,2026-05-22T03:45:37+00:00,0,https://www.instagram.com/reel/DYmu1e6PyWi/,https://www.instagram.com/reel/DYmu1e6PyWi/?comment_id=18205608226342227,scraping_instagram,win_winelia,yg jadi buzzer si dedi corbuzier itu ya? pas masih jadi pesulap kan kek gitu potongan rambutnya.
18164923147429550,2026-05-22T03:44:05+00:00,0,https://www.instagram.com/reel/DYmu1e6PyWi/,https://www.instagram.com/reel/DYmu1e6PyWi/?comment_id=18164923147429550,scraping_instagram,radendrasarah,LUCU MACAM KECEBONG DI AQUARIUM!!!!
18108380744485240,2026-05-22T03:43:41+00:00,0,https://www.instagram.com/reel/DYmu1e6PyWi/,https://www.instagram.com/reel/DYmu1e6PyWi/?comment_id=18108380744485240,scraping_instagram,johnson.wijaya.731,Muslim terdungu sedunia terbanyak di Indonesia... apalagi yg pilih PRABODOH
18110279602745163,2026-05-22T03:43:02+00:00,0,https://www.instagram.com/reel/DYmu1e6PyWi/,https://www.instagram.com/reel/DYmu1e6PyWi/?comment_id=18110279602745163,scraping_instagram,jonyjr17,"Pantes saja bj habibi pecat prabowo @prabowo ternya prabowo otak kosong , tidak cerdas  pintar"
18219682327321470,2026-05-22T03:42:43+00:00,0,https://www.instagram.com/reel/DYmu1e6PyWi/,https://www.instagram.com/reel/DYmu1e6PyWi/?comment_id=18219682327321470,scraping_instagram,sukarni1942,Astaghfirullah astaghfirullah astaghfirullah
18468663607097832,2026-05-22T03:42:39+00:00,0,https://www.instagram.com/reel/DYmu1e6PyWi/,https://www.instagram.com/reel/DYmu1e6PyWi/?comment_id=18468663607097832,scraping_instagram,rinaherlinlestari,😢 sedih banget liatnyaa
18407978716197354,2026-05-22T03:41:45+00:00,0,https://www.instagram.com/reel/DYmu1e6PyWi/,https://www.instagram.com/reel/DYmu1e6PyWi/?comment_id=18407978716197354,scraping_instagram,irma_says,Hmmm @gerindra sampe kapan ini
18054852506718950,2026-05-22T03:40:26+00:00,0,https://www.instagram.com/reel/DYmu1e6PyWi/,https://www.instagram.com/reel/DYmu1e6PyWi/?comment_id=18054852506718950,scraping_instagram,figisyahrul,@gerindra Ni partai nya pantek
18078602957540393,2026-05-22T03:36:15+00:00,0,https://www.instagram.com/reel/DYmu1e6PyWi/,https://www.instagram.com/reel/DYmu1e6PyWi/?comment_id=18078602957540393,scraping_instagram,okiii2_,"Pak Prabowo ada aja gebrakannya, bukannya bikin rakyat senang,tapi bikin rakyat susah....mana masih 3 tahun lagi 😂"
17978667497852959,2026-05-22T03:35:25+00:00,0,https://www.instagram.com/reel/DYmu1e6PyWi/,https://www.instagram.com/reel/DYmu1e6PyWi/?comment_id=17978667497852959,scraping_instagram,lucky_6470,Warga 58 😢
18124514122713285,2026-05-22T03:35:03+00:00,0,https://www.instagram.com/reel/DYmu1e6PyWi/,https://www.instagram.com/reel/DYmu1e6PyWi/?comment_id=18124514122713285,scraping_instagram,ramli980,Kenyataan
17921170329144822,2026-05-22T03:35:03+00:00,0,https://www.instagram.com/reel/DYmu1e6PyWi/,https://www.instagram.com/reel/DYmu1e6PyWi/?comment_id=17921170329144822,scraping_instagram,digtaamzary,terburuk 🔥
18463127521105292,2026-05-22T03:34:33+00:00,0,https://www.instagram.com/reel/DYmu1e6PyWi/,https://www.instagram.com/reel/DYmu1e6PyWi/?comment_id=18463127521105292,scraping_instagram,res__wp,🔥🔥🔥
18147378796494762,2026-05-22T03:28:57+00:00,0,https://www.instagram.com/reel/DYmu1e6PyWi/,https://www.instagram.com/reel/DYmu1e6PyWi/?comment_id=18147378796494762,scraping_instagram,sriekowati67,Asli tidak pingin lihat tapi selalu muncul dan mondar mandir.. Bikin tambah mules .
17977655733034477,2026-05-22T03:26:56+00:00,0,https://www.instagram.com/reel/DYmu1e6PyWi/,https://www.instagram.com/reel/DYmu1e6PyWi/?comment_id=17977655733034477,scraping_instagram,eksabhama,Mundur 60 tahun lebelakang
17864611068567602,2026-05-22T03:26:09+00:00,0,https://www.instagram.com/reel/DYmu1e6PyWi/,https://www.instagram.com/reel/DYmu1e6PyWi/?comment_id=17864611068567602,scraping_instagram,asika_64,Presiden TERBURUK
18119854186676626,2026-05-22T03:24:35+00:00,0,https://www.instagram.com/reel/DYmu1e6PyWi/,https://www.instagram.com/reel/DYmu1e6PyWi/?comment_id=18119854186676626,scraping_instagram,r_zahra_248,🙄🤔
18107779234899201,2026-05-22T03:22:51+00:00,0,https://www.instagram.com/reel/DYmu1e6PyWi/,https://www.instagram.com/reel/DYmu1e6PyWi/?comment_id=18107779234899201,scraping_instagram,khristyviana92,😢😢😢 Semoga Indonesia bisa di perbaiki ...tidak kolep seperti sekarang
17932064700270316,2026-05-22T03:22:49+00:00,0,https://www.instagram.com/reel/DYmu1e6PyWi/,https://www.instagram.com/reel/DYmu1e6PyWi/?comment_id=17932064700270316,scraping_instagram,gendratmiyanti,Tu Hasil Pilihan siapa Dri awal Dia Nyalon Presiden sampai 4 X klo gak salah Saya Gk Pernah ada Niatan Pilih Dia Krna mata hati saya Menolak
18091346777005278,2026-05-22T03:21:24+00:00,0,https://www.instagram.com/reel/DYmu1e6PyWi/,https://www.instagram.com/reel/DYmu1e6PyWi/?comment_id=18091346777005278,scraping_instagram,ridhofauzansyifa,Termul mana termul
18002031416935047,2026-05-22T03:20:00+00:00,0,https://www.instagram.com/reel/DYmu1e6PyWi/,https://www.instagram.com/reel/DYmu1e6PyWi/?comment_id=18002031416935047,scraping_instagram,agustri443,Figur Presidennya Kaum Pelangi 💩💩💩
18136351030556887,2026-05-22T03:19:59+00:00,0,https://www.instagram.com/reel/DYmu1e6PyWi/,https://www.instagram.com/reel/DYmu1e6PyWi/?comment_id=18136351030556887,scraping_instagram,23_bkool,Bangsat ni lagu 😂
18014358959854211,2026-05-22T03:11:48+00:00,0,https://www.instagram.com/reel/DYmu1e6PyWi/,https://www.instagram.com/reel/DYmu1e6PyWi/?comment_id=18014358959854211,scraping_instagram,nitanofianita,Untung dulu gw ga milih dia 🤭
18083622470120195,2026-05-22T03:09:35+00:00,0,https://www.instagram.com/reel/DYmu1e6PyWi/,https://www.instagram.com/reel/DYmu1e6PyWi/?comment_id=18083622470120195,scraping_instagram,suryohadiprasetya,mabuk ini orng😅
18061446068707781,2026-05-22T03:08:43+00:00,0,https://www.instagram.com/reel/DYmu1e6PyWi/,https://www.instagram.com/reel/DYmu1e6PyWi/?comment_id=18061446068707781,scraping_instagram,eny_jendol,👍👍👍👍👍
18013213856854571,2026-05-22T03:06:56+00:00,0,https://www.instagram.com/reel/DYmu1e6PyWi/,https://www.instagram.com/reel/DYmu1e6PyWi/?comment_id=18013213856854571,scraping_instagram,im_mut_27,Presiden paling goblok menurut ku
18090910706204915,2026-05-22T03:05:46+00:00,2,https://www.instagram.com/reel/DYmu1e6PyWi/,https://www.instagram.com/reel/DYmu1e6PyWi/?comment_id=18090910706204915,scraping_instagram,om_coboy,Tek tek tek tek Wowo Antek Pantekkkkkkk
18120607918671371,2026-05-22T03:03:01+00:00,0,https://www.instagram.com/reel/DYmu1e6PyWi/,https://www.instagram.com/reel/DYmu1e6PyWi/?comment_id=18120607918671371,scraping_instagram,cicih.kurniasih.737,Astagfirullah Alajim
18203080426349530,2026-05-22T03:02:06+00:00,0,https://www.instagram.com/reel/DYmu1e6PyWi/,https://www.instagram.com/reel/DYmu1e6PyWi/?comment_id=18203080426349530,scraping_instagram,aq.ila5990,Muaaaak bgt
18088029830166870,2026-05-22T03:02:03+00:00,0,https://www.instagram.com/reel/DYmu1e6PyWi/,https://www.instagram.com/reel/DYmu1e6PyWi/?comment_id=18088029830166870,scraping_instagram,cutlindawati_10,Mantap goyang trus tunggu dipanggil
18123887038642677,2026-05-22T03:01:44+00:00,0,https://www.instagram.com/reel/DYmu1e6PyWi/,https://www.instagram.com/reel/DYmu1e6PyWi/?comment_id=18123887038642677,scraping_instagram,yulisaska,"Akun.gak mutu,"
17938078446247718,2026-05-22T02:59:03+00:00,0,https://www.instagram.com/reel/DYmu1e6PyWi/,https://www.instagram.com/reel/DYmu1e6PyWi/?comment_id=17938078446247718,scraping_instagram,anak_asgar12,Ekonomi semakin ancur dan sulit cari duit
18044425835674703,2026-05-22T02:58:20+00:00,0,https://www.instagram.com/reel/DYmu1e6PyWi/,https://www.instagram.com/reel/DYmu1e6PyWi/?comment_id=18044425835674703,scraping_instagram,bunda_yunii,Liat lah kau @prabowo @gibran_rakabuming @presidenrepublikindonesia @gerindra
18114760951632068,2026-05-22T02:56:52+00:00,0,https://www.instagram.com/reel/DYmu1e6PyWi/,https://www.instagram.com/reel/DYmu1e6PyWi/?comment_id=18114760951632068,scraping_instagram,emerald_1prime,"Prabowo : MBG program berhasil ✅️
MBG : Kita tidak peduli apa kata pendapat rakyat mengenai MBG 👀
Prabowo & Program MBG : Kita hanya peduli apa yang dicatat & ditulis ke dalam sejarah mengenai MBG 📝
🤡🤡🤡"
17930546361272124,2026-05-22T02:55:18+00:00,0,https://www.instagram.com/reel/DYmu1e6PyWi/,https://www.instagram.com/reel/DYmu1e6PyWi/?comment_id=17930546361272124,scraping_instagram,mang.badung,mahasiswa tolong dong
17919888435360694,2026-05-22T02:55:17+00:00,4,https://www.instagram.com/reel/DYmu1e6PyWi/,https://www.instagram.com/reel/DYmu1e6PyWi/?comment_id=17919888435360694,scraping_instagram,benk_mdn,"KALAU MAU BUAT HANCUR NEGARA, BUAT LAH HANCUR DARI MATA UANG ITU SENDIRI...😢😢"
18140411503524745,2026-05-22T02:55:00+00:00,2,https://www.instagram.com/reel/DYmu1e6PyWi/,https://www.instagram.com/reel/DYmu1e6PyWi/?comment_id=18140411503524745,scraping_instagram,khalbaniputra,
17916973686369658,2026-05-22T02:54:29+00:00,0,https://www.instagram.com/reel/DYmu1e6PyWi/,https://www.instagram.com/reel/DYmu1e6PyWi/?comment_id=17916973686369658,scraping_instagram,aurotul_m,Miris sekali dg keadaan indonesia skrg stlh dipimpin oleh pres gemoy ini😢
18449719285117160,2026-05-22T02:53:03+00:00,61,https://www.instagram.com/reel/DYmu1e6PyWi/,https://www.instagram.com/reel/DYmu1e6PyWi/?comment_id=18449719285117160,scraping_instagram,dian_kosakisabang,Keren... Kak boleh save dan share gak video kerennya ini?
18330181231271314,2026-05-22T02:48:01+00:00,0,https://www.instagram.com/reel/DYmu1e6PyWi/,https://www.instagram.com/reel/DYmu1e6PyWi/?comment_id=18330181231271314,scraping_instagram,sam_rios99,
17925907563323379,2026-05-22T02:47:53+00:00,0,https://www.instagram.com/reel/DYmu1e6PyWi/,https://www.instagram.com/reel/DYmu1e6PyWi/?comment_id=17925907563323379,scraping_instagram,madsurip,Berkuasa cuma untuk  kepentingan bisnis
17915397204382492,2026-05-22T02:47:05+00:00,0,https://www.instagram.com/reel/DYmu1e6PyWi/,https://www.instagram.com/reel/DYmu1e6PyWi/?comment_id=17915397204382492,scraping_instagram,aril102938,Pejabat otaknya udah rusak semua yg mereka pikir kan hanya bagai mana mempertahankan korupsi sebesar-besarnya
18072065366659788,2026-05-22T02:46:49+00:00,0,https://www.instagram.com/reel/DYmu1e6PyWi/,https://www.instagram.com/reel/DYmu1e6PyWi/?comment_id=18072065366659788,scraping_instagram,welas4890,"Tertawalah,,, karena ajab itu ada tinggal menunggu waktu aja"
18115824661823348,2026-05-22T02:46:30+00:00,0,https://www.instagram.com/reel/DYmu1e6PyWi/,https://www.instagram.com/reel/DYmu1e6PyWi/?comment_id=18115824661823348,scraping_instagram,hd__labb,@presidenrepublikindonesia
18006888296921933,2026-05-22T02:45:58+00:00,0,https://www.instagram.com/reel/DYmu1e6PyWi/,https://www.instagram.com/reel/DYmu1e6PyWi/?comment_id=18006888296921933,scraping_instagram,fzn._1,@prabowo
18101354033091447,2026-05-22T02:44:43+00:00,0,https://www.instagram.com/reel/DYmu1e6PyWi/,https://www.instagram.com/reel/DYmu1e6PyWi/?comment_id=18101354033091447,scraping_instagram,rajirohmah_,@prabowo ingat mati pak
18081733379414793,2026-05-22T02:43:38+00:00,0,https://www.instagram.com/reel/DYmu1e6PyWi/,https://www.instagram.com/reel/DYmu1e6PyWi/?comment_id=18081733379414793,scraping_instagram,wdorca,
18340965667222143,2026-05-22T02:43:22+00:00,0,https://www.instagram.com/reel/DYmu1e6PyWi/,https://www.instagram.com/reel/DYmu1e6PyWi/?comment_id=18340965667222143,scraping_instagram,litapursell,😂😂😂
18066055229418889,2026-05-22T02:42:56+00:00,0,https://www.instagram.com/reel/DYmu1e6PyWi/,https://www.instagram.com/reel/DYmu1e6PyWi/?comment_id=18066055229418889,scraping_instagram,iner_beau,Rusaaaaak dirusak para bajingan dunguuuu pimpinan Dajjal dunia💩💩💩
17888649111488552,2026-05-22T02:42:41+00:00,0,https://www.instagram.com/reel/DYmu1e6PyWi/,https://www.instagram.com/reel/DYmu1e6PyWi/?comment_id=17888649111488552,scraping_instagram,ryo_deko_day91,Makanya jgn pake dollar...usir IMF....stop ketergantungan dollar...bersatu lawan amerika lewat BRICS
18095557922585766,2026-05-22T02:41:48+00:00,0,https://www.instagram.com/reel/DYmu1e6PyWi/,https://www.instagram.com/reel/DYmu1e6PyWi/?comment_id=18095557922585766,scraping_instagram,glxssy_moon04,
18126617851611616,2026-05-22T02:41:11+00:00,0,https://www.instagram.com/reel/DYmu1e6PyWi/,https://www.instagram.com/reel/DYmu1e6PyWi/?comment_id=18126617851611616,scraping_instagram,chuzaimah216,presiden terhebat didunia 58 0/0
18172188313416264,2026-05-22T02:39:30+00:00,0,https://www.instagram.com/reel/DYmu1e6PyWi/,https://www.instagram.com/reel/DYmu1e6PyWi/?comment_id=18172188313416264,scraping_instagram,trikurniawanyogi18,@gerindra
18415880545178335,2026-05-22T02:37:34+00:00,0,https://www.instagram.com/reel/DYmu1e6PyWi/,https://www.instagram.com/reel/DYmu1e6PyWi/?comment_id=18415880545178335,scraping_instagram,aries.s.adi.9,Bagaimana ??? Apakah masih menyalahkan rakyat Indonesia dan asing ?? @prabowo sudah hampir 25 bulan kepercayaan rakyat lewat konstitusi negara dipercayakan ke pundak anda... tetapi anda terlalu sembrono dan sering Bluder mengelola managerial moneter dan fiskal negara sebesar Indonesia CC ; @jokowi @gibran_rakabuming @puspentni @tni_angkatan_laut @marinir_tni_al @militer.udara
18124839814625224,2026-05-22T02:35:13+00:00,0,https://www.instagram.com/reel/DYmu1e6PyWi/,https://www.instagram.com/reel/DYmu1e6PyWi/?comment_id=18124839814625224,scraping_instagram,sintadianharika,"Sejahat-jahatnya presiden dulu, sekarang lebih jahat lagi"
17936405793236847,2026-05-22T02:31:08+00:00,0,https://www.instagram.com/reel/DYmu1e6PyWi/,https://www.instagram.com/reel/DYmu1e6PyWi/?comment_id=17936405793236847,scraping_instagram,latteevu,Asik jg lagunya @ahsyamz @lassy.young
18366895420228390,2026-05-22T02:29:49+00:00,4,https://www.instagram.com/reel/DYmu1e6PyWi/,https://www.instagram.com/reel/DYmu1e6PyWi/?comment_id=18366895420228390,scraping_instagram,neneng_maryam_,Mundur dengan hormat 😍
17940877299214898,2026-05-22T02:29:07+00:00,0,https://www.instagram.com/reel/DYmu1e6PyWi/,https://www.instagram.com/reel/DYmu1e6PyWi/?comment_id=17940877299214898,scraping_instagram,atiek_nitiwikromo,Liat ini paakkk..@prabowo
17999682161950524,2026-05-22T02:25:15+00:00,0,https://www.instagram.com/reel/DYmu1e6PyWi/,https://www.instagram.com/reel/DYmu1e6PyWi/?comment_id=17999682161950524,scraping_instagram,itasita2026,😂😂😂😂😂😂
18471654787103423,2026-05-22T02:24:51+00:00,0,https://www.instagram.com/reel/DYmu1e6PyWi/,https://www.instagram.com/reel/DYmu1e6PyWi/?comment_id=18471654787103423,scraping_instagram,umikalsum.980,Emng anak dajjal
18321623773257697,2026-05-22T02:22:38+00:00,2,https://www.instagram.com/reel/DYmu1e6PyWi/,https://www.instagram.com/reel/DYmu1e6PyWi/?comment_id=18321623773257697,scraping_instagram,al_barack,Keras lu bng... Lanjutkan 🔥
17923775955344908,2026-05-22T02:22:33+00:00,6,https://www.instagram.com/reel/DYmu1e6PyWi/,https://www.instagram.com/reel/DYmu1e6PyWi/?comment_id=17923775955344908,scraping_instagram,agus_ibad,miris...& alhamdulillahnya kami tak memilihnya
18013131608897109,2026-05-22T02:22:03+00:00,0,https://www.instagram.com/reel/DYmu1e6PyWi/,https://www.instagram.com/reel/DYmu1e6PyWi/?comment_id=18013131608897109,scraping_instagram,mubarak101119,Najis
17889636102536116,2026-05-22T02:21:09+00:00,0,https://www.instagram.com/reel/DYmu1e6PyWi/,https://www.instagram.com/reel/DYmu1e6PyWi/?comment_id=17889636102536116,scraping_instagram,baby4791406,Ancur sudah negara ini di tangan si Wowo
17976482699867000,2026-05-22T02:20:10+00:00,49,https://www.instagram.com/reel/DYmu1e6PyWi/,https://www.instagram.com/reel/DYmu1e6PyWi/?comment_id=17976482699867000,scraping_instagram,ha.mzah5223,Kata pak anis pejabat tdk boleh berbisnis dgn rakyat
17999075744932090,2026-05-22T02:18:46+00:00,0,https://www.instagram.com/reel/DYmu1e6PyWi/,https://www.instagram.com/reel/DYmu1e6PyWi/?comment_id=17999075744932090,scraping_instagram,nanowijayawijaya,🤣🤭
18006500441736138,2026-05-22T02:17:34+00:00,0,https://www.instagram.com/reel/DYmu1e6PyWi/,https://www.instagram.com/reel/DYmu1e6PyWi/?comment_id=18006500441736138,scraping_instagram,icah_farichah,gemoy
17889755622524755,2026-05-22T02:15:05+00:00,0,https://www.instagram.com/reel/DYmu1e6PyWi/,https://www.instagram.com/reel/DYmu1e6PyWi/?comment_id=17889755622524755,scraping_instagram,rizkygunawan9734,Presiden paok
18089142074340662,2026-05-22T02:14:50+00:00,0,https://www.instagram.com/reel/DYmu1e6PyWi/,https://www.instagram.com/reel/DYmu1e6PyWi/?comment_id=18089142074340662,scraping_instagram,supiyaah1,YG VOTE DOI BKN 58  GUYS .TAPI TERMUL N.  BOS NYA...
18093611528192772,2026-05-22T02:06:54+00:00,0,https://www.instagram.com/reel/DYmu1e6PyWi/,https://www.instagram.com/reel/DYmu1e6PyWi/?comment_id=18093611528192772,scraping_instagram,mbako178,Semoga wowok kena serangan jantung setelah lihat klip ini😂😂😂😂😂😂😂😂
18104918494769950,2026-05-22T02:02:21+00:00,0,https://www.instagram.com/reel/DYmu1e6PyWi/,https://www.instagram.com/reel/DYmu1e6PyWi/?comment_id=18104918494769950,scraping_instagram,apriandrandy24,tinggal tunggu rakyak marah atau azaab dari Allah
17941066623213395,2026-05-22T02:00:48+00:00,0,https://www.instagram.com/reel/DYmu1e6PyWi/,https://www.instagram.com/reel/DYmu1e6PyWi/?comment_id=17941066623213395,scraping_instagram,najaathalla05,❤️
18590802205035036,2026-05-22T02:00:40+00:00,0,https://www.instagram.com/reel/DYmu1e6PyWi/,https://www.instagram.com/reel/DYmu1e6PyWi/?comment_id=18590802205035036,scraping_instagram,windadwanish,Gak ada yg lebih bermanfaat lagi gitu selain mbg sama kopdes
17969273031105021,2026-05-22T01:59:43+00:00,0,https://www.instagram.com/reel/DYmu1e6PyWi/,https://www.instagram.com/reel/DYmu1e6PyWi/?comment_id=17969273031105021,scraping_instagram,indah_herlina12,Pilih pki
18185190397377919,2026-05-22T01:56:05+00:00,3753,https://www.instagram.com/reel/DYmu1e6PyWi/,https://www.instagram.com/reel/DYmu1e6PyWi/?comment_id=18185190397377919,scraping_instagram,kgms_ariii,Gulingkan prabowo gibran.
18000200036928887,2026-05-22T01:51:36+00:00,0,https://www.instagram.com/reel/DYmu1e6PyWi/,https://www.instagram.com/reel/DYmu1e6PyWi/?comment_id=18000200036928887,scraping_instagram,noey.slg88,😂😂😂
17944723800193933,2026-05-22T01:50:16+00:00,0,https://www.instagram.com/reel/DYmu1e6PyWi/,https://www.instagram.com/reel/DYmu1e6PyWi/?comment_id=17944723800193933,scraping_instagram,kentrunk75,😂😂😂😂🔥🔥🔥
18147687220495092,2026-05-22T01:50:09+00:00,0,https://www.instagram.com/reel/DYmu1e6PyWi/,https://www.instagram.com/reel/DYmu1e6PyWi/?comment_id=18147687220495092,scraping_instagram,nyaidasimo,Kirain kreatifitas anak milenial melebihi era 90an..... Ternyata sama skali gak punya kreasi..... Mirip dengan parodi 90an..... Padahal ada A1.... pun kalian gak bermutu......
17885296167397534,2026-05-22T01:48:30+00:00,0,https://www.instagram.com/reel/DYmu1e6PyWi/,https://www.instagram.com/reel/DYmu1e6PyWi/?comment_id=17885296167397534,scraping_instagram,andre.coy.1989,Karna selama 20 thn tak berkuasa bisnisnya mandek' kini saatnya berkibar lagi
18208012480339952,2026-05-22T01:45:56+00:00,0,https://www.instagram.com/reel/DYmu1e6PyWi/,https://www.instagram.com/reel/DYmu1e6PyWi/?comment_id=18208012480339952,scraping_instagram,diff19720,Mending itu bagus menu ny... Realita nya kan cm telor rebus ama timun😂
18108975619917250,2026-05-22T01:45:19+00:00,0,https://www.instagram.com/reel/DYmu1e6PyWi/,https://www.instagram.com/reel/DYmu1e6PyWi/?comment_id=18108975619917250,scraping_instagram,ithaadlis,PENGUSAHA  RASA  PRESIDEN
17928569919293015,2026-05-22T01:44:48+00:00,0,https://www.instagram.com/reel/DYmu1e6PyWi/,https://www.instagram.com/reel/DYmu1e6PyWi/?comment_id=17928569919293015,scraping_instagram,sumarnimartapura99,Gara gara MBG banyak seniman yang hebat hebat....🔥🔥🔥
17863852758573657,2026-05-22T01:44:45+00:00,1,https://www.instagram.com/reel/DYmu1e6PyWi/,https://www.instagram.com/reel/DYmu1e6PyWi/?comment_id=17863852758573657,scraping_instagram,kakxwahyu,Dasar persiden dancok goblok gak punya otak kepala busuk dancok goblok gak bisa mengatur negara dasar otak mati anjing gela dancok goblok amin
17955915186122885,2026-05-22T01:43:06+00:00,0,https://www.instagram.com/reel/DYmu1e6PyWi/,https://www.instagram.com/reel/DYmu1e6PyWi/?comment_id=17955915186122885,scraping_instagram,merdikisman4,Makzulkan prabowo & gibran🔥🔥🔥
18115640782827671,2026-05-22T01:41:20+00:00,0,https://www.instagram.com/reel/DYmu1e6PyWi/,https://www.instagram.com/reel/DYmu1e6PyWi/?comment_id=18115640782827671,scraping_instagram,nurm.an37,Nanti kalau rusuh lagi kau jangan kabur lagi ke yordania ya 😂😂😂😂
18586566235035967,2026-05-22T01:38:55+00:00,0,https://www.instagram.com/reel/DYmu1e6PyWi/,https://www.instagram.com/reel/DYmu1e6PyWi/?comment_id=18586566235035967,scraping_instagram,lindasaid7,Badutx IND.🤑🤑
18061285970477931,2026-05-22T01:34:46+00:00,0,https://www.instagram.com/reel/DYmu1e6PyWi/,https://www.instagram.com/reel/DYmu1e6PyWi/?comment_id=18061285970477931,scraping_instagram,cutmutiasari21,Padahal dulu udah dia bilang sendri bisnisnya gak jalan karna gak ounya kuasa ... tapi masih aja pilih pak gemoy .. 😢😢
18091131905253313,2026-05-22T01:34:17+00:00,1,https://www.instagram.com/reel/DYmu1e6PyWi/,https://www.instagram.com/reel/DYmu1e6PyWi/?comment_id=18091131905253313,scraping_instagram,lia.nggun,"Maaf guys, saya mau tanya, yg tau mohon dijwb ya. Cara aktif kan BPJS yg di non-aktif kan gmna ya? BPJS dr pemerintah. Sebelum nya gak pernah non-aktif baru kali ini seperti itu huhu:'"
18012211559897072,2026-05-22T01:33:25+00:00,0,https://www.instagram.com/reel/DYmu1e6PyWi/,https://www.instagram.com/reel/DYmu1e6PyWi/?comment_id=18012211559897072,scraping_instagram,riccierands,@prabowo ulahmu cok
18108950200932165,2026-05-22T01:30:18+00:00,0,https://www.instagram.com/reel/DYmu1e6PyWi/,https://www.instagram.com/reel/DYmu1e6PyWi/?comment_id=18108950200932165,scraping_instagram,salis.salisfarida,Tetap sehat dan waras ya kalian pejuang keluarga 👏👏 di era nya oke gas tapi ternyata gak oke sama sekali
17880840384591197,2026-05-22T01:29:41+00:00,0,https://www.instagram.com/reel/DYmu1e6PyWi/,https://www.instagram.com/reel/DYmu1e6PyWi/?comment_id=17880840384591197,scraping_instagram,ayashputrii,Kereen...lanjutkan be
18091245152587579,2026-05-22T01:29:23+00:00,0,https://www.instagram.com/reel/DYmu1e6PyWi/,https://www.instagram.com/reel/DYmu1e6PyWi/?comment_id=18091245152587579,scraping_instagram,aminsyahlevi,Lebih parah dari penjajahan kolonial cara memeras rakyat luar biasa.
18095226236466086,2026-05-22T01:29:06+00:00,0,https://www.instagram.com/reel/DYmu1e6PyWi/,https://www.instagram.com/reel/DYmu1e6PyWi/?comment_id=18095226236466086,scraping_instagram,ashimotolpk,Marai emosi lihat  orang pemerintahan negara konoha ini
18085253894374011,2026-05-22T01:28:15+00:00,0,https://www.instagram.com/reel/DYmu1e6PyWi/,https://www.instagram.com/reel/DYmu1e6PyWi/?comment_id=18085253894374011,scraping_instagram,santosoofurniture,Bangkruts
18166399804426086,2026-05-22T01:27:04+00:00,0,https://www.instagram.com/reel/DYmu1e6PyWi/,https://www.instagram.com/reel/DYmu1e6PyWi/?comment_id=18166399804426086,scraping_instagram,nyiayu_erni,"Br periode ini presiden yg seperti ini , itula kali semua telah dikendalikan oleh TERMUL , JD tak sadarkan diri apa telah dikerjakannyaembuat RSKYAT MUAK LIATNYA SEPERTI SEORANG YG TAK BERADAB"
18138737722541577,2026-05-22T01:26:55+00:00,0,https://www.instagram.com/reel/DYmu1e6PyWi/,https://www.instagram.com/reel/DYmu1e6PyWi/?comment_id=18138737722541577,scraping_instagram,wahyutw0111,Untung wowo nggak main sosmed😂😂
18127351381714669,2026-05-22T01:26:04+00:00,0,https://www.instagram.com/reel/DYmu1e6PyWi/,https://www.instagram.com/reel/DYmu1e6PyWi/?comment_id=18127351381714669,scraping_instagram,robbinson_christtopher,Makanya kalo pilih pemimpin jangan bocil yg mudah tantrum
18000943310854152,2026-05-22T01:22:19+00:00,0,https://www.instagram.com/reel/DYmu1e6PyWi/,https://www.instagram.com/reel/DYmu1e6PyWi/?comment_id=18000943310854152,scraping_instagram,janjikusmono,"Dari awal dia dak ngomong klo bisnisnya macet total saat di luar pemerintah, makanya sekarang dia manfaatin betul momen ini."
18062192393710801,2026-05-22T01:18:49+00:00,0,https://www.instagram.com/reel/DYmu1e6PyWi/,https://www.instagram.com/reel/DYmu1e6PyWi/?comment_id=18062192393710801,scraping_instagram,the_joker696969,
18203965114349809,2026-05-22T01:15:31+00:00,0,https://www.instagram.com/reel/DYmu1e6PyWi/,https://www.instagram.com/reel/DYmu1e6PyWi/?comment_id=18203965114349809,scraping_instagram,amj_boys96,Indonesia kacau🙌🙌
18126149911620115,2026-05-22T01:15:00+00:00,0,https://www.instagram.com/reel/DYmu1e6PyWi/,https://www.instagram.com/reel/DYmu1e6PyWi/?comment_id=18126149911620115,scraping_instagram,bennykartakusumah,Pemimpin bodoh dan dzolim
18104366479807935,2026-05-22T01:13:10+00:00,0,https://www.instagram.com/reel/DYmu1e6PyWi/,https://www.instagram.com/reel/DYmu1e6PyWi/?comment_id=18104366479807935,scraping_instagram,om_condro,"ya allah ya rrobbi maha mendengar dan mengetahui , turunkan AzabMu dan kiamat untuk pemimpin2 Laknat dan zalim negeri ini, berikan kesengsaraan dan siksaMu didunia sebelum Kau masukan ke nerakaMu, Amin"
18116069557694191,2026-05-22T01:12:34+00:00,0,https://www.instagram.com/reel/DYmu1e6PyWi/,https://www.instagram.com/reel/DYmu1e6PyWi/?comment_id=18116069557694191,scraping_instagram,ernibasirun,Jogetin aja......
18062958182476954,2026-05-22T01:12:15+00:00,0,https://www.instagram.com/reel/DYmu1e6PyWi/,https://www.instagram.com/reel/DYmu1e6PyWi/?comment_id=18062958182476954,scraping_instagram,wawansetiawan8999,Haha omkeh gams kalo kata pendukungnya
17927958669318512,2026-05-22T01:08:10+00:00,0,https://www.instagram.com/reel/DYmu1e6PyWi/,https://www.instagram.com/reel/DYmu1e6PyWi/?comment_id=17927958669318512,scraping_instagram,qodi.r897,hidup jokodok😂
17892301191355499,2026-05-22T01:04:54+00:00,0,https://www.instagram.com/reel/DYmu1e6PyWi/,https://www.instagram.com/reel/DYmu1e6PyWi/?comment_id=17892301191355499,scraping_instagram,maimunahmunah09,😂😂
18065526686399159,2026-05-22T00:59:07+00:00,1,https://www.instagram.com/reel/DYmu1e6PyWi/,https://www.instagram.com/reel/DYmu1e6PyWi/?comment_id=18065526686399159,scraping_instagram,ahmad_mirwansyah,Dadan dan Wowo asu
18102588994991841,2026-05-22T00:58:50+00:00,0,https://www.instagram.com/reel/DYmu1e6PyWi/,https://www.instagram.com/reel/DYmu1e6PyWi/?comment_id=18102588994991841,scraping_instagram,dini.syr,ini manusa sowak
18047697809555149,2026-05-22T00:55:51+00:00,0,https://www.instagram.com/reel/DYmu1e6PyWi/,https://www.instagram.com/reel/DYmu1e6PyWi/?comment_id=18047697809555149,scraping_instagram,siwantiwanti12,❤️❤️❤️❤️❤️❤️❤️❤️❤️❤️❤️❤️❤️
18101684018051705,2026-05-22T00:54:59+00:00,0,https://www.instagram.com/reel/DYmu1e6PyWi/,https://www.instagram.com/reel/DYmu1e6PyWi/?comment_id=18101684018051705,scraping_instagram,rathroes,Inalillahi
18579276496023263,2026-05-22T00:54:23+00:00,0,https://www.instagram.com/reel/DYmu1e6PyWi/,https://www.instagram.com/reel/DYmu1e6PyWi/?comment_id=18579276496023263,scraping_instagram,ach.z.fikri14,Presiden gendut tai
18095755612933781,2026-05-22T00:52:31+00:00,0,https://www.instagram.com/reel/DYmu1e6PyWi/,https://www.instagram.com/reel/DYmu1e6PyWi/?comment_id=18095755612933781,scraping_instagram,11masfufah324,muak lihat wajah wowo
18111220396731339,2026-05-22T00:50:11+00:00,0,https://www.instagram.com/reel/DYmu1e6PyWi/,https://www.instagram.com/reel/DYmu1e6PyWi/?comment_id=18111220396731339,scraping_instagram,felixkasim,Ada Deddy Corbuzier dulu 😂😂
17913645891399213,2026-05-22T00:44:55+00:00,0,https://www.instagram.com/reel/DYmu1e6PyWi/,https://www.instagram.com/reel/DYmu1e6PyWi/?comment_id=17913645891399213,scraping_instagram,ecsupriadi,Mantaap....semangaatt kreatif..!!👍
18090398006012133,2026-05-22T00:44:38+00:00,0,https://www.instagram.com/reel/DYmu1e6PyWi/,https://www.instagram.com/reel/DYmu1e6PyWi/?comment_id=18090398006012133,scraping_instagram,mta4jj,Beban Negara MBG KDMP & Joko
18130770736562959,2026-05-22T00:44:09+00:00,0,https://www.instagram.com/reel/DYmu1e6PyWi/,https://www.instagram.com/reel/DYmu1e6PyWi/?comment_id=18130770736562959,scraping_instagram,setiwan_elektronik,Izin dongdot min
18338863606217071,2026-05-22T00:40:18+00:00,0,https://www.instagram.com/reel/DYmu1e6PyWi/,https://www.instagram.com/reel/DYmu1e6PyWi/?comment_id=18338863606217071,scraping_instagram,mubarokah686,
18088849478458458,2026-05-22T00:38:50+00:00,0,https://www.instagram.com/reel/DYmu1e6PyWi/,https://www.instagram.com/reel/DYmu1e6PyWi/?comment_id=18088849478458458,scraping_instagram,budimanbudi29,Yaa Allah buka kan pikiran nya otak presiden semoga gerti keadaan negara ini
18091805294253826,2026-05-22T00:35:53+00:00,0,https://www.instagram.com/reel/DYmu1e6PyWi/,https://www.instagram.com/reel/DYmu1e6PyWi/?comment_id=18091805294253826,scraping_instagram,dewa_luzz,Ok gas ok gas
18203651722352352,2026-05-22T00:32:12+00:00,0,https://www.instagram.com/reel/DYmu1e6PyWi/,https://www.instagram.com/reel/DYmu1e6PyWi/?comment_id=18203651722352352,scraping_instagram,alif_fathur_rochman,Di cari
17973655131057435,2026-05-22T00:31:51+00:00,0,https://www.instagram.com/reel/DYmu1e6PyWi/,https://www.instagram.com/reel/DYmu1e6PyWi/?comment_id=17973655131057435,scraping_instagram,yaja84550,Anjing2 serakah
18450406579114014,2026-05-22T00:21:43+00:00,0,https://www.instagram.com/reel/DYmu1e6PyWi/,https://www.instagram.com/reel/DYmu1e6PyWi/?comment_id=18450406579114014,scraping_instagram,catatan_keylla,@aiuuyuni @shemakookie @panji.asmoro21
18086866838615771,2026-05-22T00:21:05+00:00,0,https://www.instagram.com/reel/DYmu1e6PyWi/,https://www.instagram.com/reel/DYmu1e6PyWi/?comment_id=18086866838615771,scraping_instagram,hahasan9801,😂😂😂
18589404592010984,2026-05-22T00:14:43+00:00,0,https://www.instagram.com/reel/DYmu1e6PyWi/,https://www.instagram.com/reel/DYmu1e6PyWi/?comment_id=18589404592010984,scraping_instagram,muhammadiqbal699,
17882868201570953,2026-05-22T00:07:14+00:00,0,https://www.instagram.com/reel/DYmu1e6PyWi/,https://www.instagram.com/reel/DYmu1e6PyWi/?comment_id=17882868201570953,scraping_instagram,ayubrobinsyah,Sesuai dengan yang di ingin kan bagi orang2 yang memilih pak wowo
18040844588790464,2026-05-22T00:04:47+00:00,0,https://www.instagram.com/reel/DYmu1e6PyWi/,https://www.instagram.com/reel/DYmu1e6PyWi/?comment_id=18040844588790464,scraping_instagram,axell2294,"@prabowo Apapun masalah negara, solusinya adalah MBG. MEMALUKAN!"
18104604866286234,2026-05-22T00:02:29+00:00,0,https://www.instagram.com/reel/DYmu1e6PyWi/,https://www.instagram.com/reel/DYmu1e6PyWi/?comment_id=18104604866286234,scraping_instagram,hehawk_02,Betul sekali ....
17985322544823377,2026-05-21T23:52:28+00:00,0,https://www.instagram.com/reel/DYmu1e6PyWi/,https://www.instagram.com/reel/DYmu1e6PyWi/?comment_id=17985322544823377,scraping_instagram,sutomogunawan,Kutang kutang lagi lagi😂😂
18136228120547306,2026-05-21T23:48:23+00:00,0,https://www.instagram.com/reel/DYmu1e6PyWi/,https://www.instagram.com/reel/DYmu1e6PyWi/?comment_id=18136228120547306,scraping_instagram,barnas273,Cocok sekali 😂🤣
18063204134446694,2026-05-21T23:40:31+00:00,0,https://www.instagram.com/reel/DYmu1e6PyWi/,https://www.instagram.com/reel/DYmu1e6PyWi/?comment_id=18063204134446694,scraping_instagram,gusma_ernita,Selamatkan negri ini dari orang rakus serakah
17996928092771861,2026-05-21T23:37:18+00:00,10,https://www.instagram.com/reel/DYmu1e6PyWi/,https://www.instagram.com/reel/DYmu1e6PyWi/?comment_id=17996928092771861,scraping_instagram,ardi.dewanto.16,M 1 RIS
18296123293303228,2026-05-21T23:30:19+00:00,0,https://www.instagram.com/reel/DYmu1e6PyWi/,https://www.instagram.com/reel/DYmu1e6PyWi/?comment_id=18296123293303228,scraping_instagram,hernawatii71,😢😢😢😢
18116571811773849,2026-05-21T23:23:01+00:00,0,https://www.instagram.com/reel/DYmu1e6PyWi/,https://www.instagram.com/reel/DYmu1e6PyWi/?comment_id=18116571811773849,scraping_instagram,afd_oke,
18158934265456925,2026-05-21T22:51:58+00:00,1,https://www.instagram.com/reel/DYmu1e6PyWi/,https://www.instagram.com/reel/DYmu1e6PyWi/?comment_id=18158934265456925,scraping_instagram,ikasetya.wibowo,Terlalu banget nda punya hati nurani untuk rakyat Indonesia
18032196530956152,2026-05-21T22:41:39+00:00,7,https://www.instagram.com/reel/DYmu1e6PyWi/,https://www.instagram.com/reel/DYmu1e6PyWi/?comment_id=18032196530956152,scraping_instagram,randyoctavian10,
18046016759563043,2026-05-21T22:36:42+00:00,0,https://www.instagram.com/reel/DYmu1e6PyWi/,https://www.instagram.com/reel/DYmu1e6PyWi/?comment_id=18046016759563043,scraping_instagram,sandy_uwais,😂😂😂
18173028670371766,2026-05-21T22:24:01+00:00,0,https://www.instagram.com/reel/DYmu1e6PyWi/,https://www.instagram.com/reel/DYmu1e6PyWi/?comment_id=18173028670371766,scraping_instagram,yatin0964,PRESIDEN GOBLOG...!!!
18171313441414952,2026-05-21T22:04:23+00:00,0,https://www.instagram.com/reel/DYmu1e6PyWi/,https://www.instagram.com/reel/DYmu1e6PyWi/?comment_id=18171313441414952,scraping_instagram,berthuschristiadi,
18178313272357801,2026-05-21T21:56:38+00:00,5,https://www.instagram.com/reel/DYmu1e6PyWi/,https://www.instagram.com/reel/DYmu1e6PyWi/?comment_id=18178313272357801,scraping_instagram,hendrosetiaj,BADUT
17909803344224768,2026-05-21T20:15:15+00:00,7,https://www.instagram.com/reel/DYmu1e6PyWi/,https://www.instagram.com/reel/DYmu1e6PyWi/?comment_id=17909803344224768,scraping_instagram,silaja_05,Miris 😢😢
17989847567976907,2026-05-21T16:12:07+00:00,39,https://www.instagram.com/reel/DYmu1e6PyWi/,https://www.instagram.com/reel/DYmu1e6PyWi/?comment_id=17989847567976907,scraping_instagram,yuristian_24,Semoga admin aman😂😂
