id,timestamp,likesCount,postUrl,commentUrl,source_file,ownerUsername,text
18084654134073636,2026-04-30T04:10:48+00:00,1,https://www.instagram.com/p/DUFPyntkuvi/,https://www.instagram.com/p/DUFPyntkuvi/?comment_id=18084654134073636,scraping_instagram,mdpisme,"Saya ingin mendaftar NPWP di Coretax. Setelah saya masukkan NIK, tertulis kalau NIK saya sudah terdaftar. Namun, ketika mencoba login, malah tertulis kalau data tidak ditemukan. Bagaimana ya?"
17880267237563598,2026-05-03T23:55:23+00:00,0,https://www.instagram.com/p/DUFPyntkuvi/,https://www.instagram.com/p/DUFPyntkuvi/?comment_id=17880267237563598,scraping_instagram,hudahanzalah,Yg wajib solat 5 waktu....klo mau sukses dunia akhirat
18315770836262320,2026-05-01T11:40:13+00:00,0,https://www.instagram.com/p/DUFPyntkuvi/,https://www.instagram.com/p/DUFPyntkuvi/?comment_id=18315770836262320,scraping_instagram,kusaiin25,Fungsi ne aku bayar PPh opo?jelasno
17983245647994983,2026-04-27T01:26:34+00:00,1,https://www.instagram.com/p/DUFPyntkuvi/,https://www.instagram.com/p/DUFPyntkuvi/?comment_id=17983245647994983,scraping_instagram,laurentialalita,"Miiiiin , web coretax error sudah dari minggu kemarin mau lapor PPN ini sebelum akhir bulan . Tolong dibenahi"
17853586974662473,2026-04-30T09:01:18+00:00,3,https://www.instagram.com/p/DUFPyntkuvi/,https://www.instagram.com/p/DUFPyntkuvi/?comment_id=17853586974662473,scraping_instagram,vema1996,Coretaxxx aplikasi BUSUUKK
18349023706229601,2026-02-06T04:21:38+00:00,1237,https://www.instagram.com/p/DUFPyntkuvi/,https://www.instagram.com/p/DUFPyntkuvi/?comment_id=18349023706229601,scraping_instagram,lailifarah_,"Hebatnya..hampir semua keluahan masyarakat di kolom komentar, gak ada yg ditanggapi ama admin👏👏👏"
17983177715977481,2026-03-22T10:41:12+00:00,30,https://www.instagram.com/p/DUFPyntkuvi/,https://www.instagram.com/p/DUFPyntkuvi/?comment_id=17983177715977481,scraping_instagram,angie.mci10,"Kak, selama libur lebaran ini coretax down ya? Saya sudah 3 hari ke belakang ini coba masuk coretax mau bkin SPT tahunan pribadi tapi coretaxnya down terus webnya. Apa bisa dibantu?? Thanks"
17975068865844874,2026-03-15T08:07:42+00:00,275,https://www.instagram.com/p/DUFPyntkuvi/,https://www.instagram.com/p/DUFPyntkuvi/?comment_id=17975068865844874,scraping_instagram,jerry_rivaldo_jnj,"Bapak yang terhormat izin memberikan saran. KENAPA SAYA YG BAYAR PAJAK, SAYA PULA YANG HARUS LAPOR DENGAN SEGALA KERIBETANNYA. bisakah SPT ini dibuat mudah untuk saya yang pembayar pajak ini, misalnya si pegawai pajak yang mendata, mengecek, membuat apalah data rincian kemudian tinggal kirim ke saya, melalui email atau apalah untuk saya pastikan valid atau tidak. Sederhana sama2 menguntungkan BUKAN?, SI Pegawai pajaknya kerja, Dan si pembayar pajak tidak perlu repot2 lapor ngurus ini itu. Tinggal cek dan Terima HASIL RINCIAN DARI kalian untuk VALIDASI Pengeluaran pajaknya sesuai atau tidak."
18078751871600164,2026-02-15T01:39:43+00:00,480,https://www.instagram.com/p/DUFPyntkuvi/,https://www.instagram.com/p/DUFPyntkuvi/?comment_id=18078751871600164,scraping_instagram,ogie_guns,"Taat lah pajak, demi pembangunan rumah pejabat, mobil untuk pejabat dan memperkaya keluarga nya😂😂😂😂😂"
18316869565256777,2026-04-01T04:56:55+00:00,3,https://www.instagram.com/p/DUFPyntkuvi/,https://www.instagram.com/p/DUFPyntkuvi/?comment_id=18316869565256777,scraping_instagram,handisobut,"Ga bisa login, padahal ga ganti password gmana si ini mau lapor spt aja ribet"
18052315739464277,2026-01-29T08:03:32+00:00,425,https://www.instagram.com/p/DUFPyntkuvi/,https://www.instagram.com/p/DUFPyntkuvi/?comment_id=18052315739464277,scraping_instagram,pab.lo3380,Coba itu para pejabat Eselon 3 DJP suruh lapor SPT sendiri jangan dibantu staff bisa ga?
18011899013668624,2026-02-09T04:27:06+00:00,1639,https://www.instagram.com/p/DUFPyntkuvi/,https://www.instagram.com/p/DUFPyntkuvi/?comment_id=18011899013668624,scraping_instagram,itsmewindiptta,"Kalian yang motong uang rakyat , tapi rakyat yang harus lapor."
17994172412748587,2026-02-13T15:35:22+00:00,444,https://www.instagram.com/p/DUFPyntkuvi/,https://www.instagram.com/p/DUFPyntkuvi/?comment_id=17994172412748587,scraping_instagram,mrbreakdown07,"Rasulullah ﷺ bersabda :
“Sesungguhnya pemungut pajak (Shahibul Maks) berada di Neraka.”
[HR. Ahmad, Abu Dawud]
. 
Rasulullah ﷺ bersabda : 
""Sesungguhnya pelaku/pemungut pajak (diadzab) di Neraka."" (HR Ahmad 4/109, Abu Dawud kitab Al-Imarah : 7). Hadits ini dishahihkan oleh Syaikh Al-Albani rahimahullah.
. 
“Seseorang mungkin akan bertanya, 'Kalau pemerintah bisa mencetak uang dalam jumlah tak terbatas, lalu kenapa mereka memungut Pajak?'”
[Nayib Bukele, Presiden El Salvador] 
🔥🔥🔥🔥🔥🔥🔥🔥🔥🔥🔥🔥🔥🔥🔥🔥"
18074470940105910,2026-01-29T06:50:35+00:00,365,https://www.instagram.com/p/DUFPyntkuvi/,https://www.instagram.com/p/DUFPyntkuvi/?comment_id=18074470940105910,scraping_instagram,zippieziip,"Dampingi apaan, di chat ngga di respon"
17906203824202950,2026-03-15T12:37:34+00:00,39,https://www.instagram.com/p/DUFPyntkuvi/,https://www.instagram.com/p/DUFPyntkuvi/?comment_id=17906203824202950,scraping_instagram,friani_kasumi,"di jepang gk ada tu lapor2 pajak, setiap bulan dipotong dan datang bayaran bayar tak perlu lapor,justru mereka yang lapor ke kami dan kalau mau ada pengembalian pajak berkas kami gampang2. Ini negara berkembang aja memalukan, rakyat yang bayar tapi rakyat juga yang lapor. Kocak"
17881493073496705,2026-03-16T15:17:57+00:00,43,https://www.instagram.com/p/DUFPyntkuvi/,https://www.instagram.com/p/DUFPyntkuvi/?comment_id=17881493073496705,scraping_instagram,isyvania,"Aplikasi coretax itu ribettt!!! Sangat menjengkelkan!! Kenapa sih harus ganti2 aplikasi??!! Aplikasi yg lama kn udah cukup mengakomodir kebutuhan laporan pajak. Kenapa gak disempurnakan aja itu dr pada beralih!  Diperbaiki kek, ditambahin fitur kek. Nyusahin banget! Ngeribetin! Mana hasil hitungnya gak sesuai pula antara hitungan manual sm sistem. Ini kalo orang awam yg kurang paham sm perhitungan perpajakan, bisa bisa percaya2 aja tu dgn status kurang bayar! Jangan ngada2 ya tu sistem!"
17877191013470685,2026-01-30T12:35:19+00:00,30,https://www.instagram.com/p/DUFPyntkuvi/,https://www.instagram.com/p/DUFPyntkuvi/?comment_id=17877191013470685,scraping_instagram,d.alpialpi,Minnnn katanya harus isi sesuai formattt. Tp GK dikasih tau yg mana yg salah. Format nya lihat dimana pula? Jdi gatau yg mana yg harus diperbaiki ihhh
18111011572647520,2026-01-29T06:34:33+00:00,43,https://www.instagram.com/p/DUFPyntkuvi/,https://www.instagram.com/p/DUFPyntkuvi/?comment_id=18111011572647520,scraping_instagram,radrinaldi,Susah amat
17856222447631315,2026-03-31T04:08:50+00:00,4,https://www.instagram.com/p/DUFPyntkuvi/,https://www.instagram.com/p/DUFPyntkuvi/?comment_id=17856222447631315,scraping_instagram,hogiartha.sutiono,"Halo, coretax g bisa diaksesss"
18145771915468456,2026-03-25T01:47:29+00:00,33,https://www.instagram.com/p/DUFPyntkuvi/,https://www.instagram.com/p/DUFPyntkuvi/?comment_id=18145771915468456,scraping_instagram,panduernowo,Coretax dibangun dengan anggaran 1T tapi hasilnya lemot ga bisa diandalkan😢
18103405534932353,2026-04-09T06:50:45+00:00,2,https://www.instagram.com/p/DUFPyntkuvi/,https://www.instagram.com/p/DUFPyntkuvi/?comment_id=18103405534932353,scraping_instagram,_saktkov,"Saya mau bayar pajak aja males, apalagi harus lapor dan menurut saya sangat-sangat ribet. Malesnya jadi 2x lipat."
17988561128968230,2026-04-23T04:22:21+00:00,1,https://www.instagram.com/p/DUFPyntkuvi/,https://www.instagram.com/p/DUFPyntkuvi/?comment_id=17988561128968230,scraping_instagram,edwinhutapea,"Kita bayar pajak, dipotong pajak, trus uangnya buat dihambur2kan buat MBG, beli kaos kaki lah, semir sepatu lah..ga jelas"
17906663934371861,2026-03-16T09:16:48+00:00,2,https://www.instagram.com/p/DUFPyntkuvi/,https://www.instagram.com/p/DUFPyntkuvi/?comment_id=17906663934371861,scraping_instagram,sampersiana,Kalau bisa dipersulit kenapa harus dipermudah
18110398099813136,2026-03-31T10:39:55+00:00,5,https://www.instagram.com/p/DUFPyntkuvi/,https://www.instagram.com/p/DUFPyntkuvi/?comment_id=18110398099813136,scraping_instagram,mrnaeko,"hari ini adalah hari terakhir batas pelaporan pajak, namun saat kami mau lapor, situs pajak eror dan buffer terus menerus sejak pagi. Apakah kami akan terkena denda keterlambatan? @ditjenpajakri"
18171548818405557,2026-03-31T11:08:53+00:00,4,https://www.instagram.com/p/DUFPyntkuvi/,https://www.instagram.com/p/DUFPyntkuvi/?comment_id=18171548818405557,scraping_instagram,ayuye0422,Aplikasinya error terus nih😢
18138518071509986,2026-03-27T11:36:00+00:00,1,https://www.instagram.com/p/DUFPyntkuvi/,https://www.instagram.com/p/DUFPyntkuvi/?comment_id=18138518071509986,scraping_instagram,ms.j_hane2025,"@ditjenpajakri  @purbayayudhi.official @prabowo @gibran_rakabuming @sekretariat.kabinet 

Halo Pak, ijin menyampaikan permintaan aplikasi coretax pada bagian pelaporan SPT untuk ditambahka di bagian Harta khususnya untuk WP Badan agar kami dapat download harta yang sudah tertera di coretax  tidak hanya 50 list sekali download, tetapi harus seperti PPn yang bisa sekali download 1000 list. 

Bayangkan kaau WP Badan punya aset lebih dari 500 khususnya di klasifikasi aset lain, lalu ketika akan unduh data hanya bisa 50 list sekali ekspor . Cape saya berapa halaman berkali unduh. 

Tolong jangan menyulitkan pekerja. Perbaharui lagi coretax nya yang lebih lengkap. 

Terima kasih"
18071315600259613,2026-04-01T06:38:06+00:00,1,https://www.instagram.com/p/DUFPyntkuvi/,https://www.instagram.com/p/DUFPyntkuvi/?comment_id=18071315600259613,scraping_instagram,tri_murtiani,Bapak nppn mohon diperpanjang
18076596032148812,2026-03-27T10:13:24+00:00,10,https://www.instagram.com/p/DUFPyntkuvi/,https://www.instagram.com/p/DUFPyntkuvi/?comment_id=18076596032148812,scraping_instagram,fransiska_angg,"Gak adakah manusia di Dirjen Pajak yg bisa menyederhanakan bahasa & prosedur di formulir SPT? Mumet sejak masih lapor di DJP online! Itu bahasa cuma kalian, org yg kerja di Pajak, yg ngerti!"
17884660347377518,2026-04-03T16:21:01+00:00,1,https://www.instagram.com/p/DUFPyntkuvi/,https://www.instagram.com/p/DUFPyntkuvi/?comment_id=17884660347377518,scraping_instagram,joanitamt,"Klo rakyat juga yg ribet, trs gunanya kalian di gaji sm rakyat itu apa ya?"
17878143687393787,2026-03-04T04:28:26+00:00,163,https://www.instagram.com/p/DUFPyntkuvi/,https://www.instagram.com/p/DUFPyntkuvi/?comment_id=17878143687393787,scraping_instagram,fawaidaff,admin sibuk ngitungin THR RAKYAT YANG DIPOTONG CAIR CAIR CAIR
18006945095688971,2026-02-03T03:39:24+00:00,41,https://www.instagram.com/p/DUFPyntkuvi/,https://www.instagram.com/p/DUFPyntkuvi/?comment_id=18006945095688971,scraping_instagram,elgato_silveradoz,Hi orang pajak. Aplikasi mah banyak erornya. Harusnya kalian mikir ketika error sperti itu ada kebijakan atau masa transisi yg diantisipasi. Bukan hanya mengancam2 rakyat indonesia buat lapor dengan deadline tgl sekian dengan sanksi ini itu. Emangnya kalian mgasih reward ke pelapor yang taat?
18169693072402087,2026-03-12T07:40:30+00:00,1,https://www.instagram.com/p/DUFPyntkuvi/,https://www.instagram.com/p/DUFPyntkuvi/?comment_id=18169693072402087,scraping_instagram,fayrfli,website lu ribet
18086090912200028,2026-04-03T13:56:49+00:00,1,https://www.instagram.com/p/DUFPyntkuvi/,https://www.instagram.com/p/DUFPyntkuvi/?comment_id=18086090912200028,scraping_instagram,aiwajdi,mau lapor spt tapi minta bantuan ke admin malah nggk di respon. trus klo telat kita yang di rugikan.
17916958674296768,2026-03-09T01:55:11+00:00,34,https://www.instagram.com/p/DUFPyntkuvi/,https://www.instagram.com/p/DUFPyntkuvi/?comment_id=17916958674296768,scraping_instagram,ssabelaabel,"TOLONG KALAU ADA LAPORAN ITU DI TINDAK BUKAN DIDIEMIN!!!! INI SAYA MAU LAPORAN SPT GABISA TERUS, UDAJ DICOBA 1 BULAN BERTURUT-TURUT MASIH AJA BELOM BISA!!! POKOKNYA SAYA GAMAU DI DENDA TITIK! INI BUKAN SALAH SAYA! SALAH CORETAX EROR MULU GABISA LOGIN."
17919074181143557,2026-04-30T21:03:10+00:00,1,https://www.instagram.com/p/DUFPyntkuvi/,https://www.instagram.com/p/DUFPyntkuvi/?comment_id=17919074181143557,scraping_instagram,firdiputra,"Peraturan paling konyol di dunia. Rakyat yg bayar pajak, rakyat pula yg wajib lapor. Tidak lapor didenda. Konoha konoha.."
18043912439530402,2026-03-27T01:25:32+00:00,2,https://www.instagram.com/p/DUFPyntkuvi/,https://www.instagram.com/p/DUFPyntkuvi/?comment_id=18043912439530402,scraping_instagram,ridho_thomi,Kalian ini udh kami belom makan gaji kami udh kalian potong pajak teros kami lagi klen suruh lapor enak kali kalian terima beres guna dikit ngapa udh malak mau terima beres terus kerja klen ngapain ngabiskan uang kami?
18109024762930437,2026-05-18T16:36:39+00:00,1,https://www.instagram.com/p/DUFPyntkuvi/,https://www.instagram.com/p/DUFPyntkuvi/?comment_id=18109024762930437,scraping_instagram,rafistar_show,"Web lu noh benerin,web 1T tapi busuk bgt"
18118193647649269,2026-04-01T17:43:26+00:00,1,https://www.instagram.com/p/DUFPyntkuvi/,https://www.instagram.com/p/DUFPyntkuvi/?comment_id=18118193647649269,scraping_instagram,masrere21,Jadi pegawai pajak pada malu ngga sih? Ini komentar isinya orang pada menyampaikan fakta
18098834086814402,2026-03-30T07:17:00+00:00,1,https://www.instagram.com/p/DUFPyntkuvi/,https://www.instagram.com/p/DUFPyntkuvi/?comment_id=18098834086814402,scraping_instagram,grintrihos,LAPOR PAJAK CUMA NYUSAHIN RAKYAT!!!
17959066922936250,2026-04-14T04:21:51+00:00,0,https://www.instagram.com/p/DUFPyntkuvi/,https://www.instagram.com/p/DUFPyntkuvi/?comment_id=17959066922936250,scraping_instagram,riskosimorang,"@reni_indah_yuliati
@vietrinadia REKAN MU GA BERES YA, AMBIL DUIT PERUSAHAAAN BELASAN JUTAAA"
18091829863929364,2026-04-13T05:00:00+00:00,1,https://www.instagram.com/p/DUFPyntkuvi/,https://www.instagram.com/p/DUFPyntkuvi/?comment_id=18091829863929364,scraping_instagram,hikmathayat,Pak @menkeu.purbaya kring pajak 1500200 dibuat WhatsApp Call canggih seperti call center @djahu_kemenkum dong
17904677946221051,2026-03-29T13:02:03+00:00,2,https://www.instagram.com/p/DUFPyntkuvi/,https://www.instagram.com/p/DUFPyntkuvi/?comment_id=17904677946221051,scraping_instagram,hasbro.fa,"Websitenya error, ga bisa masuk"
18133633945538508,2026-04-03T05:11:33+00:00,3,https://www.instagram.com/p/DUFPyntkuvi/,https://www.instagram.com/p/DUFPyntkuvi/?comment_id=18133633945538508,scraping_instagram,nta_pinasthika,"Hallo, Kak. Saya mau laporan pajak dari kemarin gak bisa terus karena katanya lupa sandi, padahal gak salah. Lalu aku lupa sandi dan dikirim lewat SMS, tapi malah GK bisa diganti. Saya udah habis pulsa sampai 20k dari bulan kemarin untuk urus akun saya ini"
17902410234389054,2026-03-16T02:40:05+00:00,8,https://www.instagram.com/p/DUFPyntkuvi/,https://www.instagram.com/p/DUFPyntkuvi/?comment_id=17902410234389054,scraping_instagram,bes_yabes,"REG-KODJP-00024: Passphrase Tidak Valid

Data yang Anda masukkan tidak valid. Silakan periksa semua kolom yang wajib diisi dan pastikan formatnya benar."
18193784056361582,2026-04-04T23:31:21+00:00,1,https://www.instagram.com/p/DUFPyntkuvi/,https://www.instagram.com/p/DUFPyntkuvi/?comment_id=18193784056361582,scraping_instagram,doni_herdian.syah,Pa @purbayayudhi.official kalo bisa bubarin Direktorat Jendral Pajak....gaka ada gunanya banget...rakyat bayar pajak....rakyat harus lapor....tukin lo pada gede diatas ASN umumnya....terus kerjanya pegawai pajak ngapain aja....gw gak rela pajak gw dipake foya foya bayar pegawe pajak yang gak ada kerjanya....mampus lo Anjing Bangsat Sialan 😡👊🤮🤪
18073836623201775,2026-04-03T11:51:46+00:00,2,https://www.instagram.com/p/DUFPyntkuvi/,https://www.instagram.com/p/DUFPyntkuvi/?comment_id=18073836623201775,scraping_instagram,kenzi_zulfa,Percuma bayar pajak
17890727475319300,2026-03-22T14:05:37+00:00,1,https://www.instagram.com/p/DUFPyntkuvi/,https://www.instagram.com/p/DUFPyntkuvi/?comment_id=17890727475319300,scraping_instagram,dyno_whispers,"Hapus aja min webnya, mau daftar aja ribet amat, regisnya gak kelar"" gangguan mulu"
17847868827678017,2026-03-24T00:57:04+00:00,7,https://www.instagram.com/p/DUFPyntkuvi/,https://www.instagram.com/p/DUFPyntkuvi/?comment_id=17847868827678017,scraping_instagram,kristianto_ig,"Min, mau lapor pajak di cortex tp ga bisa login2. knp ya?"
17943929952172296,2026-03-27T13:02:00+00:00,2,https://www.instagram.com/p/DUFPyntkuvi/,https://www.instagram.com/p/DUFPyntkuvi/?comment_id=17943929952172296,scraping_instagram,satriayozaka,System down yak min?
18042424010533263,2026-03-15T01:11:44+00:00,1,https://www.instagram.com/p/DUFPyntkuvi/,https://www.instagram.com/p/DUFPyntkuvi/?comment_id=18042424010533263,scraping_instagram,paolaaalice,"Ini gimanaaa, pagi2 hari Minggu udah ke kantor pajak, website nya malah ga bisa dibuka"
18076252898448401,2026-03-24T04:10:16+00:00,1,https://www.instagram.com/p/DUFPyntkuvi/,https://www.instagram.com/p/DUFPyntkuvi/?comment_id=18076252898448401,scraping_instagram,akhmadr15,"Min website coretax down nih, mau lapor spt gabisa"
17942967071999109,2026-03-24T16:52:08+00:00,1,https://www.instagram.com/p/DUFPyntkuvi/,https://www.instagram.com/p/DUFPyntkuvi/?comment_id=17942967071999109,scraping_instagram,athalianike,Kak coretax down terus ini aduhh
18583143403028765,2026-03-26T11:12:42+00:00,2,https://www.instagram.com/p/DUFPyntkuvi/,https://www.instagram.com/p/DUFPyntkuvi/?comment_id=18583143403028765,scraping_instagram,donny_reston,Dari pagi sampai malam gak berhasi ngisi. Mending aplikasi yg lama. Lebih mudah.
18027771662799912,2026-03-27T11:01:59+00:00,2,https://www.instagram.com/p/DUFPyntkuvi/,https://www.instagram.com/p/DUFPyntkuvi/?comment_id=18027771662799912,scraping_instagram,yudyud_0605,"Ini gimanaa bisa pakainya kalau daftarnya aja sulit bukan main.. masalah kode verifikasi seharian ga kelar"""
18078499613121079,2026-03-30T01:14:04+00:00,1,https://www.instagram.com/p/DUFPyntkuvi/,https://www.instagram.com/p/DUFPyntkuvi/?comment_id=18078499613121079,scraping_instagram,ffnaufal999,"Tidak bisa login terus, padahal id dan pass sudah betul. Sudah di reset tetep aja ga bisa. Mau lapor aja dipersulit"
17869989438488316,2026-03-31T02:07:34+00:00,1,https://www.instagram.com/p/DUFPyntkuvi/,https://www.instagram.com/p/DUFPyntkuvi/?comment_id=17869989438488316,scraping_instagram,kunsi.athi,Kalau belum siap dengan penggunaan sistem dengan segala database yang besar dan server yang mumpuni. Tolong dikaji ulang. Kita lapor ke kantor pajak yang pekerja harus ijin dari kantor. Mana ijin dipotong gaji.
17872887078579059,2026-03-31T04:16:30+00:00,1,https://www.instagram.com/p/DUFPyntkuvi/,https://www.instagram.com/p/DUFPyntkuvi/?comment_id=17872887078579059,scraping_instagram,salsa.firdausia,Coretax error ga bs kerja😢
18058503797453624,2026-03-31T10:50:23+00:00,1,https://www.instagram.com/p/DUFPyntkuvi/,https://www.instagram.com/p/DUFPyntkuvi/?comment_id=18058503797453624,scraping_instagram,rikalibriati,"Website coretax susah d akses min,"
18057557366446663,2026-03-22T09:30:28+00:00,2,https://www.instagram.com/p/DUFPyntkuvi/,https://www.instagram.com/p/DUFPyntkuvi/?comment_id=18057557366446663,scraping_instagram,sndy.fkrr,woy coretax eror mulu
18091920860006880,2026-02-06T09:39:32+00:00,27,https://www.instagram.com/p/DUFPyntkuvi/,https://www.instagram.com/p/DUFPyntkuvi/?comment_id=18091920860006880,scraping_instagram,tha.tyanaaa_,Bisa gak sih lapor SPT nya jangan pake sistem coretax dulu.. ribet banget dan butuh penyesuaian jugaaa 😢
18090112681843592,2026-02-05T02:24:17+00:00,16,https://www.instagram.com/p/DUFPyntkuvi/,https://www.instagram.com/p/DUFPyntkuvi/?comment_id=18090112681843592,scraping_instagram,bang.saragih.garingging,Min saya mau dftr di coretax kok susah amat
18076815251421841,2026-03-31T12:21:54+00:00,0,https://www.instagram.com/p/DUFPyntkuvi/,https://www.instagram.com/p/DUFPyntkuvi/?comment_id=18076815251421841,scraping_instagram,mrs.diniati,Min jadi ga diperpanjang pelaporan utk wp pp?
18077767679623515,2026-03-30T07:15:11+00:00,5,https://www.instagram.com/p/DUFPyntkuvi/,https://www.instagram.com/p/DUFPyntkuvi/?comment_id=18077767679623515,scraping_instagram,grintrihos,"WOI MAU LAPOR PAJAK AJA SUSAHNYA MINTA AMPUN!!!! UANG JANGAN DIKORUPSI. BIKIN WEBSITE YG BENER. APLIKASI LU ERROR YA PEMERINTAH GA BECUS. LIVE CHAT JUGA GA BECUS!!! CORETAX NGERIBETIN!!! NANTI KALO GA DIBAYAR, KITA PULA YG KENA DENDA PADAHAL WEBSITE TOLOL KALIAN YG NGGAK BECUS!!!! MAU LAPOR AJA RIBETNYA MINTA AMPUN!!!! HIDUP UDAH SUSAH. MASIH HARUS LAPOR PAJAK. MASIH HARUS NGURUSIN KALIAN YG NGGAK BECUS BIKIN WEBSITE!!!!"
17852454579646198,2026-03-30T13:05:30+00:00,2,https://www.instagram.com/p/DUFPyntkuvi/,https://www.instagram.com/p/DUFPyntkuvi/?comment_id=17852454579646198,scraping_instagram,dziva_fkc,"😢😢😢 min tahap 3 kode otp masuk tapi gak bisa klik lanjut,habis in pulsa min😢"
17866541232564700,2026-02-11T07:03:59+00:00,4,https://www.instagram.com/p/DUFPyntkuvi/,https://www.instagram.com/p/DUFPyntkuvi/?comment_id=17866541232564700,scraping_instagram,lintniken,"kenapa sih ga satu sistem terintegrasi aja? coretax ini  malah menyulitkan masyarakat. beberapa kolom yg tidak termasuk wajib diisi. padahal ga tau mau diisi apa krn ga sesuai kebutuhan. sekalinya isi malah eror. gaji org pajak elit tapi bikin sistem untuk masyarakat  yg mudah, praktis dan sederhana sulit. kek mana?"
18052761416709206,2026-03-23T08:51:51+00:00,5,https://www.instagram.com/p/DUFPyntkuvi/,https://www.instagram.com/p/DUFPyntkuvi/?comment_id=18052761416709206,scraping_instagram,paulinesentosa,Ini tega banget sihh kalau misal ga diperpanjang mah 😭😭
17873003817524558,2026-02-02T09:12:50+00:00,136,https://www.instagram.com/p/DUFPyntkuvi/,https://www.instagram.com/p/DUFPyntkuvi/?comment_id=17873003817524558,scraping_instagram,sadd_nightart,Ini mau bikin NPWP pribadi aj verifikasi nomor nya error Mulu kenapa setiap layanan website pemerintah mesti bermasalah 😭
18199725100354572,2026-03-31T03:56:09+00:00,1,https://www.instagram.com/p/DUFPyntkuvi/,https://www.instagram.com/p/DUFPyntkuvi/?comment_id=18199725100354572,scraping_instagram,ikhsanmakrobin,Aplikasi error pak tolong proses lah
18096828554049807,2026-03-31T01:08:53+00:00,1,https://www.instagram.com/p/DUFPyntkuvi/,https://www.instagram.com/p/DUFPyntkuvi/?comment_id=18096828554049807,scraping_instagram,wayan_oka06,@yudajaya5 amah blulong gen pis masyarakat e yan😂
17852063322637503,2026-03-19T08:56:36+00:00,13,https://www.instagram.com/p/DUFPyntkuvi/,https://www.instagram.com/p/DUFPyntkuvi/?comment_id=17852063322637503,scraping_instagram,galihptrb_,"validasi foto 3 hape, dr ios sampe andro ttep gabisa? 🤣, om website resmi masa kalah sama web abal” yang sekali validasi foto berhasil, urusin website dulu om baru urusin pajak orang”"
18124089598512276,2026-03-13T10:41:43+00:00,54,https://www.instagram.com/p/DUFPyntkuvi/,https://www.instagram.com/p/DUFPyntkuvi/?comment_id=18124089598512276,scraping_instagram,rahmad_sitanggang,"Woy, kasi kejelasan dong tentang penjual ayam potong di labuhan baru selatan, kok bsa di pajakin sampe 700 juta lebih, smpe sekarang belum ada tanggapan tdi dpp labusel"
18001245035858054,2026-03-24T13:37:37+00:00,2,https://www.instagram.com/p/DUFPyntkuvi/,https://www.instagram.com/p/DUFPyntkuvi/?comment_id=18001245035858054,scraping_instagram,stephen_tiodo,"Aturan PP 55 jadi keluar??? Disuruh lapor gk telat tpi aturan gk keluar, gmna dah kocak"
18095001182512302,2026-01-29T08:02:24+00:00,145,https://www.instagram.com/p/DUFPyntkuvi/,https://www.instagram.com/p/DUFPyntkuvi/?comment_id=18095001182512302,scraping_instagram,pab.lo3380,"Yg bikin hashtag #kamidampingi siapa tuh? Ga liat di KPP 1 SPT Coretax bisa 1/2 jam 1 SPT mana aplikasi ribet. Dia mah enak tinggal bilang ""kami dampingi"" dari kantor kementerian/pusat ga ikut turun ke masyarakat"
18202034521330025,2026-03-10T10:07:35+00:00,2,https://www.instagram.com/p/DUFPyntkuvi/,https://www.instagram.com/p/DUFPyntkuvi/?comment_id=18202034521330025,scraping_instagram,suryawd,"Payah ah, verif aja sulit"
18058554980359412,2026-02-22T04:52:53+00:00,4,https://www.instagram.com/p/DUFPyntkuvi/,https://www.instagram.com/p/DUFPyntkuvi/?comment_id=18058554980359412,scraping_instagram,rfkyhafizhan_,"tolong benerin dong sistem nya, jgn menyulitkan masyarakat. Mau lapor pajak aja hrs seribet ini, udh mau submit, passphrase nya tidak valid padahal udh bener dan udh ganti berkali kali juga tetep tidak valid. GIMANA INI??"
18073087235550415,2026-03-26T13:33:40+00:00,1,https://www.instagram.com/p/DUFPyntkuvi/,https://www.instagram.com/p/DUFPyntkuvi/?comment_id=18073087235550415,scraping_instagram,hendrik.er,"Yth. Bapak/ibu saya ingin mengadukan keluhan saya terkait akun npwp saya yang lupa sandi dan email nya ga bisa saya akses lagi. Saya butuh masuk ke akun NPWP nya untuk keperluan persyaratan pendaftaran shopee affiliate. 
Mohon kiranya dibantu untuk mendapatkan lagi akun saya yang lupa
Terimakasih."
18036374108757807,2026-02-10T06:08:09+00:00,58,https://www.instagram.com/p/DUFPyntkuvi/,https://www.instagram.com/p/DUFPyntkuvi/?comment_id=18036374108757807,scraping_instagram,ddeyannaaa,"ini gimana sih mau daftar npwp susah, lapor susah apa apa susah ya Allah gini amat WNI"
17910615330302838,2026-02-13T13:54:37+00:00,45,https://www.instagram.com/p/DUFPyntkuvi/,https://www.instagram.com/p/DUFPyntkuvi/?comment_id=17910615330302838,scraping_instagram,devqielutfiah,"Ribet lah 😭 ada banget yaa kita yang bayar, kita juga yang musti laporan 🔥"
18104169460824305,2026-01-29T14:10:30+00:00,6,https://www.instagram.com/p/DUFPyntkuvi/,https://www.instagram.com/p/DUFPyntkuvi/?comment_id=18104169460824305,scraping_instagram,afaiyya_,"Min, bikin NPWP eror yahh? 😢"
17943162843000472,2026-03-29T16:35:21+00:00,1,https://www.instagram.com/p/DUFPyntkuvi/,https://www.instagram.com/p/DUFPyntkuvi/?comment_id=17943162843000472,scraping_instagram,monikanasya,Sistem ribet 👏
17971207487841292,2026-01-29T14:29:25+00:00,5,https://www.instagram.com/p/DUFPyntkuvi/,https://www.instagram.com/p/DUFPyntkuvi/?comment_id=17971207487841292,scraping_instagram,fialutfiatunnisa__,ganti sandi akun aja ribet banget buset gagal terussss
18099184783800537,2026-03-30T12:36:10+00:00,0,https://www.instagram.com/p/DUFPyntkuvi/,https://www.instagram.com/p/DUFPyntkuvi/?comment_id=18099184783800537,scraping_instagram,pipoooyyy_______,"halo min, saya mau buat npwp online kan di coretax, tapi kok pas tahap data nomor hp dan email tidak bisa di klik tombol LANJUT nya yaa ? padahal masuk kok otp di email dan nomor hp"
18125333212598978,2026-03-26T02:03:46+00:00,3,https://www.instagram.com/p/DUFPyntkuvi/,https://www.instagram.com/p/DUFPyntkuvi/?comment_id=18125333212598978,scraping_instagram,andika.nata.92,harusnya pegawai pajak yg ke intansi2 kasih penyuluhan atau isiin laporannya inimah buat pekerja pusing banyak yg gagal-lah dasarmah dah capek kerja harus laporan ofline ke kantor pajak bukan di permudah malah mempersulit 😢
18081645788611898,2026-03-16T21:27:16+00:00,15,https://www.instagram.com/p/DUFPyntkuvi/,https://www.instagram.com/p/DUFPyntkuvi/?comment_id=18081645788611898,scraping_instagram,m.mahbub24,pajak ku 21%?????? 😭 11jt ku dalam semalam kau ambil.. ga ikhlas lahir batin. ga selamat orang pajak di akhirat nanti😭💔
18091835378275272,2026-03-26T13:08:01+00:00,2,https://www.instagram.com/p/DUFPyntkuvi/,https://www.instagram.com/p/DUFPyntkuvi/?comment_id=18091835378275272,scraping_instagram,agusryean,Apa apa pajak gelo
18317165251252581,2026-02-25T11:42:03+00:00,3,https://www.instagram.com/p/DUFPyntkuvi/,https://www.instagram.com/p/DUFPyntkuvi/?comment_id=18317165251252581,scraping_instagram,didierdominiq,"gua yang bayar pajak, gua yang repot harus ngelapor 💯"
17933737416038608,2026-03-04T10:50:51+00:00,2,https://www.instagram.com/p/DUFPyntkuvi/,https://www.instagram.com/p/DUFPyntkuvi/?comment_id=17933737416038608,scraping_instagram,mightdaniel,
18309268039275309,2026-03-22T02:30:15+00:00,3,https://www.instagram.com/p/DUFPyntkuvi/,https://www.instagram.com/p/DUFPyntkuvi/?comment_id=18309268039275309,scraping_instagram,aristoahmad,"#kamidampingisampaiberhasil 😂😂😂😂. Gimana kalo, #kamibayarpajakandabuatlaporan"
18573318979037072,2026-03-26T11:39:55+00:00,1,https://www.instagram.com/p/DUFPyntkuvi/,https://www.instagram.com/p/DUFPyntkuvi/?comment_id=18573318979037072,scraping_instagram,febriannajoesman,"Pak, ini gimana daftar keluarganya kok dikurangi?"
17871241833588790,2026-03-26T13:21:22+00:00,1,https://www.instagram.com/p/DUFPyntkuvi/,https://www.instagram.com/p/DUFPyntkuvi/?comment_id=17871241833588790,scraping_instagram,rendyep,"untuk pekerjaan bebas, KLU 62xxx kok ga ada ya di daftar KLU?"
18168935176409550,2026-03-26T13:15:54+00:00,1,https://www.instagram.com/p/DUFPyntkuvi/,https://www.instagram.com/p/DUFPyntkuvi/?comment_id=18168935176409550,scraping_instagram,adirosaidi12,"Yang butuh duit dia kita yg repot , fuck lahhh ribet bnget lapor spt"
18101564123311243,2026-03-02T14:47:49+00:00,2,https://www.instagram.com/p/DUFPyntkuvi/,https://www.instagram.com/p/DUFPyntkuvi/?comment_id=18101564123311243,scraping_instagram,r.d.fas,Coretax apakah down malam ini ?
18076747991092264,2026-02-26T15:40:08+00:00,0,https://www.instagram.com/p/DUFPyntkuvi/,https://www.instagram.com/p/DUFPyntkuvi/?comment_id=18076747991092264,scraping_instagram,iamapestor25,Ayo bantu jawab.. dividen yg direinvestasikan wajib buat realisasi investasi. Apakah harus dimasuk lagi pada SPT tahunan OP??
18091708991521759,2026-05-24T02:21:11+00:00,0,https://www.instagram.com/p/DUFPyntkuvi/,https://www.instagram.com/p/DUFPyntkuvi/?comment_id=18091708991521759,scraping_instagram,mama_reyhan6,Ka lupa efin gmna
17882750481568550,2026-05-23T08:01:40+00:00,0,https://www.instagram.com/p/DUFPyntkuvi/,https://www.instagram.com/p/DUFPyntkuvi/?comment_id=17882750481568550,scraping_instagram,fyaldy1408,Asatag mo login aja susah bgtttttttttt sebel nyesel jga bkin npwp
18108140905939180,2026-05-22T16:15:47+00:00,0,https://www.instagram.com/p/DUFPyntkuvi/,https://www.instagram.com/p/DUFPyntkuvi/?comment_id=18108140905939180,scraping_instagram,ghuezbachilpoetra,"Udah berapa ribu pls kepotong,,gini amat cuma mau bikin npwp doang..."
18101117417093826,2026-05-22T16:14:17+00:00,0,https://www.instagram.com/p/DUFPyntkuvi/,https://www.instagram.com/p/DUFPyntkuvi/?comment_id=18101117417093826,scraping_instagram,ghuezbachilpoetra,"Katanya suruh bayar pajak,giliran mau daftar npwp online,susah banget di bagian data geometris nya..."
17975236944019222,2026-05-21T13:13:18+00:00,0,https://www.instagram.com/p/DUFPyntkuvi/,https://www.instagram.com/p/DUFPyntkuvi/?comment_id=17975236944019222,scraping_instagram,malasariyl,"Cm di indo yg go•lok gini, udahan gua byar pajak!! Gua jg yg lapor.. syibal bgt klian!"
17914813173387699,2026-05-20T11:55:39+00:00,0,https://www.instagram.com/p/DUFPyntkuvi/,https://www.instagram.com/p/DUFPyntkuvi/?comment_id=17914813173387699,scraping_instagram,rdwaansp_,"tolol anjing pulsa gua abis gara gara cuman bikin npwp ribet banget tai, pulsa udh abis npwp belum jadi!!!"
17900341710284392,2026-05-18T22:31:55+00:00,0,https://www.instagram.com/p/DUFPyntkuvi/,https://www.instagram.com/p/DUFPyntkuvi/?comment_id=17900341710284392,scraping_instagram,hanaagustiin,"Hallo saya mau daftar NPWP pribadi, udah 5 kali ngulang selalu gagal di SWAFOTO, kenapa seperti itu ? Mohon maaf pak/Bu, itu pake pulsa loh 😢 mau DM juga masak harus bapak/ibu yg follback saya, kan gk mungkin, mohon respon nya, ditunggu!"
18109024762930437,2026-05-18T16:36:39+00:00,1,https://www.instagram.com/p/DUFPyntkuvi/,https://www.instagram.com/p/DUFPyntkuvi/?comment_id=18109024762930437,scraping_instagram,rafistar_show,"Web lu noh benerin,web 1T tapi busuk bgt"
18067711625357820,2026-05-18T16:15:32+00:00,0,https://www.instagram.com/p/DUFPyntkuvi/,https://www.instagram.com/p/DUFPyntkuvi/?comment_id=18067711625357820,scraping_instagram,aminm7675,Mau lapor aja ribet..mendingan ga punya npwp
17860521168634747,2026-05-18T16:15:00+00:00,0,https://www.instagram.com/p/DUFPyntkuvi/,https://www.instagram.com/p/DUFPyntkuvi/?comment_id=17860521168634747,scraping_instagram,aminm7675,"Ribet,udah gitu mau log in susah"
18089879606018568,2026-05-18T14:48:02+00:00,0,https://www.instagram.com/p/DUFPyntkuvi/,https://www.instagram.com/p/DUFPyntkuvi/?comment_id=18089879606018568,scraping_instagram,risonetoo,"Nyariin kerjaan kagak, begitu dpt kerjaan, dipaksa bayar pajak ,..,. Taik"
18100234531918834,2026-05-17T12:59:40+00:00,0,https://www.instagram.com/p/DUFPyntkuvi/,https://www.instagram.com/p/DUFPyntkuvi/?comment_id=18100234531918834,scraping_instagram,satriabin_,"JEMBOTTTTT RIBET TENANN,DIKATA DAH GA PAKE EFIN,LUPA PASWORD MALAH SURUH MASUKAN NOMOR EFIN PADAHAL SUDAH DI CORETAX @bc.8a41121a bilangin bokap lu bro"
17864583693562668,2026-05-17T01:18:31+00:00,0,https://www.instagram.com/p/DUFPyntkuvi/,https://www.instagram.com/p/DUFPyntkuvi/?comment_id=17864583693562668,scraping_instagram,rohmat_aji_pangestu,"Inikah sistem pajak? Masa login di salah""hin mulu!"
17886708504518750,2026-05-15T20:24:49+00:00,0,https://www.instagram.com/p/DUFPyntkuvi/,https://www.instagram.com/p/DUFPyntkuvi/?comment_id=17886708504518750,scraping_instagram,kintananggraeni_,"Resto Golden Wok Jl. Palapa, Serua, Kec. Ciputat, Kota Tangerang Selatan, Banten 15414 (cek pajak nya)"
18428696635181128,2026-05-15T14:46:42+00:00,0,https://www.instagram.com/p/DUFPyntkuvi/,https://www.instagram.com/p/DUFPyntkuvi/?comment_id=18428696635181128,scraping_instagram,muhammadfabri,"Usaha cari modal sendiri, bangkrut ditanggung sendiri, giliran untung walau dikit pemerintah minta upeti suruh lapor lagi hadee 😂"
18113764369867646,2026-05-14T13:32:42+00:00,0,https://www.instagram.com/p/DUFPyntkuvi/,https://www.instagram.com/p/DUFPyntkuvi/?comment_id=18113764369867646,scraping_instagram,malvin_garrixen,Tidak sudi bayar pajak untuk merayakan ultah kaum sodom 🤮
17937718176230603,2026-05-14T03:58:18+00:00,0,https://www.instagram.com/p/DUFPyntkuvi/,https://www.instagram.com/p/DUFPyntkuvi/?comment_id=17937718176230603,scraping_instagram,rizkynugraha_20,website mu perhatikan masyarakat kau palaki baru kita mau resgistrasi saja web mu kayak sampah kita mau bayar kita di persulit apa maumu
18037036091604962,2026-05-13T02:22:54+00:00,0,https://www.instagram.com/p/DUFPyntkuvi/,https://www.instagram.com/p/DUFPyntkuvi/?comment_id=18037036091604962,scraping_instagram,haidar_alfairuz16,لا يدخل الجنة صاحب مكس tidak akan masuk surga para pemungut pajak (HR.Abu Daud)
17955742982962141,2026-05-12T12:04:18+00:00,0,https://www.instagram.com/p/DUFPyntkuvi/,https://www.instagram.com/p/DUFPyntkuvi/?comment_id=17955742982962141,scraping_instagram,too_yating,"Web lu sering eror min, benerin kek"
18127748992717922,2026-05-10T14:34:26+00:00,0,https://www.instagram.com/p/DUFPyntkuvi/,https://www.instagram.com/p/DUFPyntkuvi/?comment_id=18127748992717922,scraping_instagram,fahri9999_mhd,RIBET
18056056841506440,2026-05-10T06:26:26+00:00,0,https://www.instagram.com/p/DUFPyntkuvi/,https://www.instagram.com/p/DUFPyntkuvi/?comment_id=18056056841506440,scraping_instagram,otterizer99,Cek pajak expat yang bekerja di O&G COMPANY H****B****N gajinya ga total dibayarkan Rupiah jadi potongan pajaknya hanya sedikit sedangkan yang dihasilkan realnya >10rb USD. Apalagi untuk spouse expat yang suaminya sudah tdk bertugas lagi di indo tapi masih tinggal di P***Buwono apartment. Warga indo diminta patuh pajak jangan mau kita diakal2in sama perusahaan asing dan WNA. Tolong ditindak secara adil.
18142041832508650,2026-05-08T09:17:53+00:00,0,https://www.instagram.com/p/DUFPyntkuvi/,https://www.instagram.com/p/DUFPyntkuvi/?comment_id=18142041832508650,scraping_instagram,ricovhiliank1990,#stopbayarpajak
17862744051685462,2026-05-08T02:21:16+00:00,0,https://www.instagram.com/p/DUFPyntkuvi/,https://www.instagram.com/p/DUFPyntkuvi/?comment_id=17862744051685462,scraping_instagram,tirtaniaarsara,Kak mau nanya kemaren. Aku ngurus npwp untuk afliate aja tp smpe skrg aku ga berpenghasilan terus gimn kak bantu jawab
18326703061269698,2026-05-08T00:46:34+00:00,0,https://www.instagram.com/p/DUFPyntkuvi/,https://www.instagram.com/p/DUFPyntkuvi/?comment_id=18326703061269698,scraping_instagram,avbny07,"Anjing sa gaji buat ksi makan kam orang, lintah darat, sa tra ikhlas"
18107615131723171,2026-05-07T11:49:49+00:00,0,https://www.instagram.com/p/DUFPyntkuvi/,https://www.instagram.com/p/DUFPyntkuvi/?comment_id=18107615131723171,scraping_instagram,catur_kp_2616,https://www.youtube.com/live/X5ZTBCdfnyo?si=wlJf_0eOEPuXqNUt
17886518097484563,2026-05-07T07:25:17+00:00,0,https://www.instagram.com/p/DUFPyntkuvi/,https://www.instagram.com/p/DUFPyntkuvi/?comment_id=17886518097484563,scraping_instagram,rofianaaaaa,"WEBNYA GABISA Y MIN, ah gmn sih"
18082956179565888,2026-05-06T09:02:11+00:00,0,https://www.instagram.com/p/DUFPyntkuvi/,https://www.instagram.com/p/DUFPyntkuvi/?comment_id=18082956179565888,scraping_instagram,sherlyoliviam,"Ka sampe 31 Mei? Kok aku barusan dari KPP
Kebayoran Baru Satu Jaksel , katanya udah ngga bisa trs di tolak. Gimana kak?"
17919360324145358,2026-05-06T07:20:38+00:00,0,https://www.instagram.com/p/DUFPyntkuvi/,https://www.instagram.com/p/DUFPyntkuvi/?comment_id=17919360324145358,scraping_instagram,ghustu_putra25,Ini mau nyari kerja aja di ribetkan😢😢
17962002381113934,2026-05-06T07:19:40+00:00,0,https://www.instagram.com/p/DUFPyntkuvi/,https://www.instagram.com/p/DUFPyntkuvi/?comment_id=17962002381113934,scraping_instagram,ghustu_putra25,"Pak/ibu admin tolong untuk data geometrisnya,jangan di persulit,,saya mau mendaftar npwp aja sulit pake banget,,,segala cara sdh di coba tapi masih sama (tidak mau)😢😢"
17878990599433844,2026-05-05T12:38:10+00:00,0,https://www.instagram.com/p/DUFPyntkuvi/,https://www.instagram.com/p/DUFPyntkuvi/?comment_id=17878990599433844,scraping_instagram,aingsawidi838,Bikin online susah
18435558712190544,2026-05-05T03:32:16+00:00,0,https://www.instagram.com/p/DUFPyntkuvi/,https://www.instagram.com/p/DUFPyntkuvi/?comment_id=18435558712190544,scraping_instagram,ciara_net8888,"Betulll, lapor terus Bayar, tapi SPT ngacooo ga bisa di print, yang penting uang uang uang dulu masukkkk, ngapain aja Pak, benerin oi jgn cuma nunggu rakyat lapor mulu tpi sistem ngaco nyusahin"
18120369193644620,2026-05-05T02:56:41+00:00,0,https://www.instagram.com/p/DUFPyntkuvi/,https://www.instagram.com/p/DUFPyntkuvi/?comment_id=18120369193644620,scraping_instagram,ajay_ghale_08,"Maaf saya sudah aktivasi akun coretax dengan email, tetapi saat saya lupa password email yang saya tulis dibilang tidak terdaftar, mohon solve"
17878939203592496,2026-05-04T08:57:29+00:00,0,https://www.instagram.com/p/DUFPyntkuvi/,https://www.instagram.com/p/DUFPyntkuvi/?comment_id=17878939203592496,scraping_instagram,iaikotasemarangofficial,"mohon diperbaiki sistem Bupot lebih bayarnya, banyak WP yang terjebak dengan sistem bupot lebih bayar ini, atau tidak berikan kami tutorial penyelesaian lebih bayar ini, terima kasih"
17880267237563598,2026-05-03T23:55:23+00:00,0,https://www.instagram.com/p/DUFPyntkuvi/,https://www.instagram.com/p/DUFPyntkuvi/?comment_id=17880267237563598,scraping_instagram,hudahanzalah,Yg wajib solat 5 waktu....klo mau sukses dunia akhirat
17899261734430318,2026-05-02T11:42:21+00:00,0,https://www.instagram.com/p/DUFPyntkuvi/,https://www.instagram.com/p/DUFPyntkuvi/?comment_id=17899261734430318,scraping_instagram,samb_xox,"BUAT LU SEMUA PEGAWAI PAJAK , INGAT KALIAN PERSULIT KAMI MAKA SEMOGA ALLAH PERSULIT HIDUP KALIAN SEMUA"
18105728210510198,2026-05-02T11:40:49+00:00,0,https://www.instagram.com/p/DUFPyntkuvi/,https://www.instagram.com/p/DUFPyntkuvi/?comment_id=18105728210510198,scraping_instagram,samb_xox,JARINGAN MU KAYAK TAI @dirjenpajak.go.id KALIAN SUDAH PUNGUT PAJAK MALAH PERSULIT KAMI ...
17886324249488599,2026-05-02T10:43:13+00:00,0,https://www.instagram.com/p/DUFPyntkuvi/,https://www.instagram.com/p/DUFPyntkuvi/?comment_id=17886324249488599,scraping_instagram,agustinaa049,"Orang2 pajak laknatulloh. Begal yg menguras penghasilan rakyat. Ikut kerja enggak, ngasih modal enggak. Cuih. Uang pajak jadi api neraka diperut orang2 pajak !!!!!!"
17894498226451912,2026-05-02T07:57:14+00:00,0,https://www.instagram.com/p/DUFPyntkuvi/,https://www.instagram.com/p/DUFPyntkuvi/?comment_id=17894498226451912,scraping_instagram,__irone03,Marukkk marukkk
18315770836262320,2026-05-01T11:40:13+00:00,0,https://www.instagram.com/p/DUFPyntkuvi/,https://www.instagram.com/p/DUFPyntkuvi/?comment_id=18315770836262320,scraping_instagram,kusaiin25,Fungsi ne aku bayar PPh opo?jelasno
17873583606600027,2026-05-01T09:26:38+00:00,0,https://www.instagram.com/p/DUFPyntkuvi/,https://www.instagram.com/p/DUFPyntkuvi/?comment_id=17873583606600027,scraping_instagram,derio234,"Tolong dibenahi lagi pak website nya, karena saya daftar sudah seminggu lebih masih terkendala, hadeuhhh😄"
18068550785678912,2026-05-01T07:16:44+00:00,0,https://www.instagram.com/p/DUFPyntkuvi/,https://www.instagram.com/p/DUFPyntkuvi/?comment_id=18068550785678912,scraping_instagram,gottagonow123,Jujur website lukhhh aplikasi lukhhh  jelek banget demii
17919074181143557,2026-04-30T21:03:10+00:00,1,https://www.instagram.com/p/DUFPyntkuvi/,https://www.instagram.com/p/DUFPyntkuvi/?comment_id=17919074181143557,scraping_instagram,firdiputra,"Peraturan paling konyol di dunia. Rakyat yg bayar pajak, rakyat pula yg wajib lapor. Tidak lapor didenda. Konoha konoha.."
18077827013539598,2026-04-30T17:31:39+00:00,0,https://www.instagram.com/p/DUFPyntkuvi/,https://www.instagram.com/p/DUFPyntkuvi/?comment_id=18077827013539598,scraping_instagram,shadow_init_d,"Ini coretax masih bermasalah dari akhir maret smpai april tdk bisa dikirim, kembalikan yg lama saja lah"
18099758971831178,2026-04-30T16:58:50+00:00,0,https://www.instagram.com/p/DUFPyntkuvi/,https://www.instagram.com/p/DUFPyntkuvi/?comment_id=18099758971831178,scraping_instagram,ennshyyy,"gatauuu dehh aku ga laporr udah nyerah nyoba dari kemarin gabisa teruss padahal kemarin pake djp online lebih mudah, jangan sampe karna ga lapor karna coretax yg gajelas ini kita yg nanggung dendanya di chat pun ga baless jd mu gimanaa, ini mau datang langsung juga lagi sibuk kerjaaa, kaya dibikin susah bangettt"
18104172689484534,2026-04-30T14:20:16+00:00,0,https://www.instagram.com/p/DUFPyntkuvi/,https://www.instagram.com/p/DUFPyntkuvi/?comment_id=18104172689484534,scraping_instagram,amarylistyle9246,Di gue udah dipotong sistem sopi pajaknya....kenapa malah gue kurang bayar....anehhh!!! 😒 mana ribet ini-itu... Ajggg.. Ga tau harus ngapain lagi... Banyak kolom... Ga ngerti gue...
18095804987114793,2026-04-30T14:09:18+00:00,0,https://www.instagram.com/p/DUFPyntkuvi/,https://www.instagram.com/p/DUFPyntkuvi/?comment_id=18095804987114793,scraping_instagram,mariafelicia.t,"Udh mau submit lapor mendadak keluar notif mesti masukin NIK suami, tapi kolom nya abu2 gak bisa di edit"
18216175885320139,2026-04-30T13:54:18+00:00,0,https://www.instagram.com/p/DUFPyntkuvi/,https://www.instagram.com/p/DUFPyntkuvi/?comment_id=18216175885320139,scraping_instagram,punya.apri,"Mohon di audit BAPENDA KOTA BEKASI !!
Masa tiba-tiba ada tagihan terhutang PBB dari tahun 1994 ??
Alasanya komputer jaman dulu belum terintegrasi !!
•
Klw memang ada tunggakan kenapa gk per-5 tahun??
Orang gila mana yang nyimpen bukti bayar udah puluhan tahun??..

Berkas dokumen umumnya dimusnahkan setelah habis masa retensinya, dengan standar umum minimal 5 tahun..

Nyari duit gini amat??
Mohon di Audit 🙏🏻

Ngawur emang, udah masuk kategori macet dan seharusnya dihapuskan aja itu. Kecuali tunggakan 10 tahun terakhir
@bapenda_kotabekasi @mastriadhianto @dedimulyadi71 @kdm_jawabarat @ombudsmanri137 @official.kpk"
18196179652361583,2026-04-30T13:40:29+00:00,0,https://www.instagram.com/p/DUFPyntkuvi/,https://www.instagram.com/p/DUFPyntkuvi/?comment_id=18196179652361583,scraping_instagram,jpg.218,lu cuman bisa ngedenda tanpa memperbaiki web lu
18010776803703914,2026-04-30T13:40:12+00:00,0,https://www.instagram.com/p/DUFPyntkuvi/,https://www.instagram.com/p/DUFPyntkuvi/?comment_id=18010776803703914,scraping_instagram,jpg.218,web lu jelek lalot taiiiiiiii
18092010850959093,2026-04-30T12:36:48+00:00,0,https://www.instagram.com/p/DUFPyntkuvi/,https://www.instagram.com/p/DUFPyntkuvi/?comment_id=18092010850959093,scraping_instagram,yofangfang,"Sumpah, berkali kali gagal. Lelah bgt sama aplikasinya. Udh bayar masi di suruh lapor pulak 😔😮‍💨"
18348426103210827,2026-04-30T11:49:53+00:00,0,https://www.instagram.com/p/DUFPyntkuvi/,https://www.instagram.com/p/DUFPyntkuvi/?comment_id=18348426103210827,scraping_instagram,hldn.7,"Website nya jelek,, loading lama.."
18098328533471461,2026-04-30T11:44:14+00:00,0,https://www.instagram.com/p/DUFPyntkuvi/,https://www.instagram.com/p/DUFPyntkuvi/?comment_id=18098328533471461,scraping_instagram,rizkadhania,"pak itu pegawai di gatsu suka cingkuh punya web judi, narkoba sm korupsi. kok ga diusut sih pak?:("
18106859482931453,2026-04-30T11:10:06+00:00,0,https://www.instagram.com/p/DUFPyntkuvi/,https://www.instagram.com/p/DUFPyntkuvi/?comment_id=18106859482931453,scraping_instagram,yn.hamdani,"ribet amat ganti password kagak ada notif masuk ke no hp/email, kerja yg bener dong"
17870794659656657,2026-04-30T09:44:49+00:00,0,https://www.instagram.com/p/DUFPyntkuvi/,https://www.instagram.com/p/DUFPyntkuvi/?comment_id=17870794659656657,scraping_instagram,sultonaldilasena,"Rasulullah ﷺ bersabda :
“Sesungguhnya pemungut pajak (Shahibul Maks) berada di Neraka.”
[HR. Ahmad, Abu Dawud]
.
Rasulullah ﷺ bersabda :
""Sesungguhnya pelaku/pemungut pajak (diadzab) di Neraka."" (HR Ahmad 4/109, Abu Dawud kitab Al-Imarah : 7). Hadits ini dishahihkan oleh Syaikh Al-Albani rahimahullah.
.
“Seseorang mungkin akan bertanya, 'Kalau pemerintah bisa mencetak uang dalam jumlah tak terbatas, lalu kenapa mereka memungut Pajak?'”
[Nayib Bukele, Presiden El Salvador]
🔥🔥🔥🔥🔥🔥🔥🔥🔥🔥🔥🔥🔥🔥🔥🔥"
18083115440610982,2026-04-30T09:43:16+00:00,0,https://www.instagram.com/p/DUFPyntkuvi/,https://www.instagram.com/p/DUFPyntkuvi/?comment_id=18083115440610982,scraping_instagram,bluemsha,WEBSITE BODOH
18159353929456088,2026-04-30T09:23:51+00:00,0,https://www.instagram.com/p/DUFPyntkuvi/,https://www.instagram.com/p/DUFPyntkuvi/?comment_id=18159353929456088,scraping_instagram,ilhamyudapermana,server nya down 502 tuhh
18088673660198882,2026-04-30T09:18:20+00:00,0,https://www.instagram.com/p/DUFPyntkuvi/,https://www.instagram.com/p/DUFPyntkuvi/?comment_id=18088673660198882,scraping_instagram,tex4ssss,SAMPAHHHHHHHHH ASUUUUUUUUUUUUUUUUUU
18313051585276397,2026-04-30T09:15:57+00:00,0,https://www.instagram.com/p/DUFPyntkuvi/,https://www.instagram.com/p/DUFPyntkuvi/?comment_id=18313051585276397,scraping_instagram,gavvriell,link bokep
18118239619680365,2026-04-30T09:15:51+00:00,0,https://www.instagram.com/p/DUFPyntkuvi/,https://www.instagram.com/p/DUFPyntkuvi/?comment_id=18118239619680365,scraping_instagram,sikentangsofa,"Pak tgl 30 April 2026, jam 4 PM website coretax kok under maintenance??"
18095557727152510,2026-04-30T09:05:14+00:00,0,https://www.instagram.com/p/DUFPyntkuvi/,https://www.instagram.com/p/DUFPyntkuvi/?comment_id=18095557727152510,scraping_instagram,liliansandra,Aplikasi error ga bs di buka di hari terakhir
17853586974662473,2026-04-30T09:01:18+00:00,3,https://www.instagram.com/p/DUFPyntkuvi/,https://www.instagram.com/p/DUFPyntkuvi/?comment_id=17853586974662473,scraping_instagram,vema1996,Coretaxxx aplikasi BUSUUKK
18313766698287319,2026-04-30T09:00:11+00:00,0,https://www.instagram.com/p/DUFPyntkuvi/,https://www.instagram.com/p/DUFPyntkuvi/?comment_id=18313766698287319,scraping_instagram,afrina_tom,"Halo kalo gangguan terus diperpanjang saja untuk orang pribadi jangan cuma badan yg diperpanjang, tadi saya ke @pajakcilegon orang membludak n petugas ga bs ngapa ngapain orang coretax error, anak saya sampe kasian nunggu, saya sudah mencoba beberapa x dari bln lalu tapi memang sering error"
17909241255400338,2026-04-30T08:53:41+00:00,0,https://www.instagram.com/p/DUFPyntkuvi/,https://www.instagram.com/p/DUFPyntkuvi/?comment_id=17909241255400338,scraping_instagram,firhattt_,"Woy ,,, mau lapor error web mu. Today terahir dull"
17895619983310661,2026-04-30T08:42:30+00:00,0,https://www.instagram.com/p/DUFPyntkuvi/,https://www.instagram.com/p/DUFPyntkuvi/?comment_id=17895619983310661,scraping_instagram,masbro_leonardo,Udah berminggu minggu ini webnya error terus
17861615820576705,2026-04-30T08:30:45+00:00,0,https://www.instagram.com/p/DUFPyntkuvi/,https://www.instagram.com/p/DUFPyntkuvi/?comment_id=17861615820576705,scraping_instagram,ardiyusa,Kenapa hari ini coretax eror ???
18157240843454709,2026-04-30T08:29:12+00:00,0,https://www.instagram.com/p/DUFPyntkuvi/,https://www.instagram.com/p/DUFPyntkuvi/?comment_id=18157240843454709,scraping_instagram,fanss_vv,"Eror lagi eror lagi kenapa ini coretax """"502 Bad Gateway
Server Response Error, Please Try Again Later"""""
17875103742598280,2026-04-30T08:28:43+00:00,0,https://www.instagram.com/p/DUFPyntkuvi/,https://www.instagram.com/p/DUFPyntkuvi/?comment_id=17875103742598280,scraping_instagram,woo_jeans,Coretax gabisa di aksessssssss gimana ayo solusinyaaaaaaa💥💥💥
18071420921418706,2026-04-30T08:17:01+00:00,0,https://www.instagram.com/p/DUFPyntkuvi/,https://www.instagram.com/p/DUFPyntkuvi/?comment_id=18071420921418706,scraping_instagram,yasayodhayatalana,Menunggu SE
17976647280001596,2026-04-30T08:13:41+00:00,0,https://www.instagram.com/p/DUFPyntkuvi/,https://www.instagram.com/p/DUFPyntkuvi/?comment_id=17976647280001596,scraping_instagram,drew.storage,sistem sampahhhhhhhhhh oh sampppahhh
18049973672754699,2026-04-30T08:10:35+00:00,0,https://www.instagram.com/p/DUFPyntkuvi/,https://www.instagram.com/p/DUFPyntkuvi/?comment_id=18049973672754699,scraping_instagram,jettika.d.r.siregar,Coretax error Mulu😢😢😢😢
18101280986060227,2026-04-30T08:09:33+00:00,0,https://www.instagram.com/p/DUFPyntkuvi/,https://www.instagram.com/p/DUFPyntkuvi/?comment_id=18101280986060227,scraping_instagram,rika.dewi009,"Gilaa sih ini coretax belum siap juga.. yg bener aja sih bikin malu loh, WP mau bayar dan lapor kasih uang ke negara aja dipersyulitt"
18119415301634817,2026-04-30T07:44:36+00:00,0,https://www.instagram.com/p/DUFPyntkuvi/,https://www.instagram.com/p/DUFPyntkuvi/?comment_id=18119415301634817,scraping_instagram,viraprlia_,anjrit benerin ga web bapuk elu yang seharga triliunan ntu 😭🫵
18043708442554996,2026-04-30T07:17:01+00:00,0,https://www.instagram.com/p/DUFPyntkuvi/,https://www.instagram.com/p/DUFPyntkuvi/?comment_id=18043708442554996,scraping_instagram,winefernau,"tobat lu pada nyuruh rakyat bayar pajak tp disusahin, kayak yg pajaknya dipake bener aja ah"
17936892690210142,2026-04-30T07:15:06+00:00,0,https://www.instagram.com/p/DUFPyntkuvi/,https://www.instagram.com/p/DUFPyntkuvi/?comment_id=17936892690210142,scraping_instagram,mas_arief_kurniawan,"Coretax canggih, tapi hari ini 30 April 2026 coretax ga bisa dibuka @ditjenpajakri"
18163547191439089,2026-04-30T07:14:17+00:00,0,https://www.instagram.com/p/DUFPyntkuvi/,https://www.instagram.com/p/DUFPyntkuvi/?comment_id=18163547191439089,scraping_instagram,winefernau,disuruh lapor pajak tp webnya aja gajelas
18098542300843497,2026-04-30T06:58:55+00:00,0,https://www.instagram.com/p/DUFPyntkuvi/,https://www.instagram.com/p/DUFPyntkuvi/?comment_id=18098542300843497,scraping_instagram,firdalocka,"Mahal doang, fungsi nya tolol! 
Satu tahun ga sempurna2"
18213015976322363,2026-04-30T06:48:28+00:00,0,https://www.instagram.com/p/DUFPyntkuvi/,https://www.instagram.com/p/DUFPyntkuvi/?comment_id=18213015976322363,scraping_instagram,rntaalma,"Coretaxxx erorrrr minnn, buka spt aja gabisaa, udh stngh hri sndri input stu badan, penyusutann ga bisa di delete/impor lagiiiii"
17861453307627695,2026-04-30T06:16:23+00:00,0,https://www.instagram.com/p/DUFPyntkuvi/,https://www.instagram.com/p/DUFPyntkuvi/?comment_id=17861453307627695,scraping_instagram,jecky_patriadi,Tolong jaringan Cortax di perbaiki kami sedang lapor pajak tahunan tapi jaringan Cortax bermasalah sejak pagi
18036356033603892,2026-04-30T06:05:02+00:00,0,https://www.instagram.com/p/DUFPyntkuvi/,https://www.instagram.com/p/DUFPyntkuvi/?comment_id=18036356033603892,scraping_instagram,hendrinova,"Gimana nih Mimin, tanda tangan elektronik aku sudah terverifikasi dan terdaftar, tapi saat diinput dengan passphrase yang benar, dibilang nggak terdaftar melulu oleh sistem aplikasi DJP nya. Gimana nih saya mau lapor SPT tahunan?"
18595943107002104,2026-04-30T05:46:44+00:00,0,https://www.instagram.com/p/DUFPyntkuvi/,https://www.instagram.com/p/DUFPyntkuvi/?comment_id=18595943107002104,scraping_instagram,adityamercedez,"kita yg bayar pajak,kita juga yg harus lapor. harus nya pemerintah yg lapor uang pajak nya untuk apa???"
18134662894479346,2026-04-30T05:38:51+00:00,0,https://www.instagram.com/p/DUFPyntkuvi/,https://www.instagram.com/p/DUFPyntkuvi/?comment_id=18134662894479346,scraping_instagram,mutiaraadawiya,Ini yg masih gak bisa login karna salah email padahal jelas jelas benar gimna?
18004484003734375,2026-04-30T04:59:05+00:00,0,https://www.instagram.com/p/DUFPyntkuvi/,https://www.instagram.com/p/DUFPyntkuvi/?comment_id=18004484003734375,scraping_instagram,natnatanatalia,"Website down terus, susah bgt mau bikin laporan"
18580593184041572,2026-04-30T04:55:56+00:00,0,https://www.instagram.com/p/DUFPyntkuvi/,https://www.instagram.com/p/DUFPyntkuvi/?comment_id=18580593184041572,scraping_instagram,choir_1971,Mau lapor pajak tapi coretax nya bermasalah padahal bbrp kali di WA disarankan segera lapor pajak tapi websitenya Zonk
18049281110744517,2026-04-30T04:22:47+00:00,0,https://www.instagram.com/p/DUFPyntkuvi/,https://www.instagram.com/p/DUFPyntkuvi/?comment_id=18049281110744517,scraping_instagram,johnyjumper1998,System tertolol!!!!
18084654134073636,2026-04-30T04:10:48+00:00,1,https://www.instagram.com/p/DUFPyntkuvi/,https://www.instagram.com/p/DUFPyntkuvi/?comment_id=18084654134073636,scraping_instagram,mdpisme,"Saya ingin mendaftar NPWP di Coretax. Setelah saya masukkan NIK, tertulis kalau NIK saya sudah terdaftar. Namun, ketika mencoba login, malah tertulis kalau data tidak ditemukan. Bagaimana ya?"
17930495124254481,2026-04-30T04:08:31+00:00,0,https://www.instagram.com/p/DUFPyntkuvi/,https://www.instagram.com/p/DUFPyntkuvi/?comment_id=17930495124254481,scraping_instagram,irmayanim,"Mulai lambat sistemnya, hari terkahir spt"
18022789829651386,2026-04-30T03:51:44+00:00,0,https://www.instagram.com/p/DUFPyntkuvi/,https://www.instagram.com/p/DUFPyntkuvi/?comment_id=18022789829651386,scraping_instagram,fikriadiasnan,Mau lapor pph badan gabisa nih pak
18098335640514491,2026-04-30T03:47:28+00:00,0,https://www.instagram.com/p/DUFPyntkuvi/,https://www.instagram.com/p/DUFPyntkuvi/?comment_id=18098335640514491,scraping_instagram,_aajisantoso,sistem error woii
18091578124952831,2026-04-30T03:46:19+00:00,0,https://www.instagram.com/p/DUFPyntkuvi/,https://www.instagram.com/p/DUFPyntkuvi/?comment_id=18091578124952831,scraping_instagram,wietaditya,yg bikin coretax siapa si ajg jijik bgt gw liat pop up error mulu
18115431943754691,2026-04-30T03:12:13+00:00,0,https://www.instagram.com/p/DUFPyntkuvi/,https://www.instagram.com/p/DUFPyntkuvi/?comment_id=18115431943754691,scraping_instagram,boutlets,Baleken 1t gue woi
18149806348466572,2026-04-30T02:45:19+00:00,0,https://www.instagram.com/p/DUFPyntkuvi/,https://www.instagram.com/p/DUFPyntkuvi/?comment_id=18149806348466572,scraping_instagram,safarudin.anugrah,Sudah bayar pajak terus suruh laporan tapi masuk website saja susah😂
17970092925044403,2026-04-30T02:20:22+00:00,0,https://www.instagram.com/p/DUFPyntkuvi/,https://www.instagram.com/p/DUFPyntkuvi/?comment_id=17970092925044403,scraping_instagram,gresyel,Kenapa coretax selalu tidak terakses ..seharusnya ketika sdh tersistem spt ini ga boleh pake alasan Krn semua akses buat lapor sistem down...itu tanggung jawab Anda minta semua tepat waktu so .. sistemnya hrs kuat dong...
18099015314102582,2026-04-29T12:41:47+00:00,0,https://www.instagram.com/p/DUFPyntkuvi/,https://www.instagram.com/p/DUFPyntkuvi/?comment_id=18099015314102582,scraping_instagram,sandi_kusnadi,"SPT Badan sudah selesai diisi, tapi hanya ada tombol ""SIMPAN KONSEP"". Tidak ada tombol ""LAPOR"" atau ""BAYAR DAN LAPOR"" seperti di video tutorial. Apakah ini normal?"
18524682322079288,2026-04-29T04:56:47+00:00,0,https://www.instagram.com/p/DUFPyntkuvi/,https://www.instagram.com/p/DUFPyntkuvi/?comment_id=18524682322079288,scraping_instagram,irirs1pi3kaktaks160kdaglut4,"@ditjenpajakri Kalian yg motong penghasilan rakyat, harusnya kalian yg bertanggung jawab melaporkan berapa yg kalian potong ke rakyat.... gaji gedhe tapi goblog dan nyusahin rakyat"
17906728137402982,2026-04-29T04:07:02+00:00,0,https://www.instagram.com/p/DUFPyntkuvi/,https://www.instagram.com/p/DUFPyntkuvi/?comment_id=17906728137402982,scraping_instagram,yunitaaa10,TOLONGGGG DONGGGGG CORETAX NYA PAKKKK BISA DIPAKE DI JAM KERJAAAA
17899007172431953,2026-04-29T02:45:52+00:00,0,https://www.instagram.com/p/DUFPyntkuvi/,https://www.instagram.com/p/DUFPyntkuvi/?comment_id=17899007172431953,scraping_instagram,riko_uwais,"Yang bayar ,yang di suruh lapor pfffftt nyusahin"
17912463033388031,2026-04-28T09:03:31+00:00,0,https://www.instagram.com/p/DUFPyntkuvi/,https://www.instagram.com/p/DUFPyntkuvi/?comment_id=17912463033388031,scraping_instagram,iracandra,pak plis saya udahcapek banget😭
18082529864575803,2026-04-28T07:50:49+00:00,0,https://www.instagram.com/p/DUFPyntkuvi/,https://www.instagram.com/p/DUFPyntkuvi/?comment_id=18082529864575803,scraping_instagram,sylvestergs19,"Ini mau buat id billing spt tahunan eror, ntr denda telat bayar dan lapor"
18117840622663153,2026-04-28T06:46:17+00:00,0,https://www.instagram.com/p/DUFPyntkuvi/,https://www.instagram.com/p/DUFPyntkuvi/?comment_id=18117840622663153,scraping_instagram,_zulfan_nafluz_,"@ditjenpajakri coretax kenapa dari pagi ga bisa diakses??😅
Gimana nih pak @purbayasadewa.official ?"
18149654542465528,2026-04-28T03:51:20+00:00,0,https://www.instagram.com/p/DUFPyntkuvi/,https://www.instagram.com/p/DUFPyntkuvi/?comment_id=18149654542465528,scraping_instagram,andy_zhang22,Time out
18349929535240023,2026-04-28T03:12:54+00:00,0,https://www.instagram.com/p/DUFPyntkuvi/,https://www.instagram.com/p/DUFPyntkuvi/?comment_id=18349929535240023,scraping_instagram,raka.amr,"TOLONG RELAKSASI PPH BADANN, CORETAX GABISA BUKAAA"
18129789244565163,2026-04-27T18:32:04+00:00,0,https://www.instagram.com/p/DUFPyntkuvi/,https://www.instagram.com/p/DUFPyntkuvi/?comment_id=18129789244565163,scraping_instagram,dwimarliyawati_l14,"Nppn 2026 tolong bisa dibuka pengurusannya, jangan semua kerja keras kami dipotong"
17953500458965421,2026-04-27T14:48:01+00:00,0,https://www.instagram.com/p/DUFPyntkuvi/,https://www.instagram.com/p/DUFPyntkuvi/?comment_id=17953500458965421,scraping_instagram,bambangpurwanto24,"tolong dibenerin webnya mau bikin SPT tidak bisa, sudah beberapa minggu terus begini, nanti kalau tidak buat dan lapor dibilang tidak taat pajak.KERJA KALIAN JANGAN MAKAN GAJI BUTA"
17968787106054992,2026-04-27T12:51:55+00:00,0,https://www.instagram.com/p/DUFPyntkuvi/,https://www.instagram.com/p/DUFPyntkuvi/?comment_id=17968787106054992,scraping_instagram,wahyu_noer30,"udah ada niat mau lapor spt tahunan tapi ribetnya gilakkkk makin ribet makin sulit dari tahun sblumnya, bukannya sistem dibuat makin mudah malah makin rumit, gmna rakyat mau senang lapor pajak/bayar pajak?"
17963571906066219,2026-04-27T12:06:47+00:00,0,https://www.instagram.com/p/DUFPyntkuvi/,https://www.instagram.com/p/DUFPyntkuvi/?comment_id=17963571906066219,scraping_instagram,ilhamkwr,p p corex down
18088830149005257,2026-04-27T05:52:24+00:00,0,https://www.instagram.com/p/DUFPyntkuvi/,https://www.instagram.com/p/DUFPyntkuvi/?comment_id=18088830149005257,scraping_instagram,alanrizqimaulana,Minimal diperbaiki dulu apknya baru nyuruh org lapor
17864805228547196,2026-04-27T04:22:58+00:00,0,https://www.instagram.com/p/DUFPyntkuvi/,https://www.instagram.com/p/DUFPyntkuvi/?comment_id=17864805228547196,scraping_instagram,bone_crusher99,"EH MONYET GUA SUSAH BANGET REGISTRASI AKUN PAJAK MONYET PEMERINTAH BAJINHAN,LO TAU NGGA LO ITU MONYET....."
18096577789877829,2026-04-27T04:04:16+00:00,0,https://www.instagram.com/p/DUFPyntkuvi/,https://www.instagram.com/p/DUFPyntkuvi/?comment_id=18096577789877829,scraping_instagram,aristontjendra,akses website coretaxnya down pagi ini 27 April 2026
17892442206331058,2026-04-27T02:38:38+00:00,0,https://www.instagram.com/p/DUFPyntkuvi/,https://www.instagram.com/p/DUFPyntkuvi/?comment_id=17892442206331058,scraping_instagram,atlantis751,"Infokan karyawan atas nama 
RUDI ISMOYO buat bayar UTANG nya. Semua foto selfi & KTP lengkap Suruh bayar skrg sblm nama baik INSTANSI kalian RUSAK!!!"
18041011160788836,2026-04-27T02:38:36+00:00,0,https://www.instagram.com/p/DUFPyntkuvi/,https://www.instagram.com/p/DUFPyntkuvi/?comment_id=18041011160788836,scraping_instagram,atlantis751,"Infokan karyawan atas nama 
RUDI ISMOYO buat bayar UTANG nya. Semua foto selfi & KTP lengkap Suruh bayar skrg sblm nama baik INSTANSI kalian RUSAK!!!"
18002100350869873,2026-04-27T01:47:12+00:00,0,https://www.instagram.com/p/DUFPyntkuvi/,https://www.instagram.com/p/DUFPyntkuvi/?comment_id=18002100350869873,scraping_instagram,doni_lodan,"di suruh lapor pajak, coretax nya aja udah beberapa hari sudah buat masuk, eror trus gimana buat laporan tahunan 😔"
17983245647994983,2026-04-27T01:26:34+00:00,1,https://www.instagram.com/p/DUFPyntkuvi/,https://www.instagram.com/p/DUFPyntkuvi/?comment_id=17983245647994983,scraping_instagram,laurentialalita,"Miiiiin , web coretax error sudah dari minggu kemarin mau lapor PPN ini sebelum akhir bulan . Tolong dibenahi"
18089817752597586,2026-04-26T11:40:40+00:00,0,https://www.instagram.com/p/DUFPyntkuvi/,https://www.instagram.com/p/DUFPyntkuvi/?comment_id=18089817752597586,scraping_instagram,wawanmu72,gmn mau lapor. mau login aja ga bisa2 dari kemaren..
18105266740902349,2026-04-26T07:59:45+00:00,0,https://www.instagram.com/p/DUFPyntkuvi/,https://www.instagram.com/p/DUFPyntkuvi/?comment_id=18105266740902349,scraping_instagram,rzka_fdlh,"Minnn, hitungan coretaxxx errrorr"
17923641453315206,2026-04-26T07:17:47+00:00,0,https://www.instagram.com/p/DUFPyntkuvi/,https://www.instagram.com/p/DUFPyntkuvi/?comment_id=17923641453315206,scraping_instagram,dhimazxxi,bayar pajak buat apa? buat ngasih makan para koruptor. pajak kendaraan dan SPT udah dari jaman covid gak gua bayar tuh aman2 aja 😂 percuma bayar tapi gak ada feedbacknya mending gausah bayar sekalian
18062773817404574,2026-04-25T23:50:10+00:00,0,https://www.instagram.com/p/DUFPyntkuvi/,https://www.instagram.com/p/DUFPyntkuvi/?comment_id=18062773817404574,scraping_instagram,gogotjaul,Wellcome to hell kata Ustadz FS 🔥🔥🔥🔥🔥
17883218484541040,2026-04-25T10:41:44+00:00,0,https://www.instagram.com/p/DUFPyntkuvi/,https://www.instagram.com/p/DUFPyntkuvi/?comment_id=17883218484541040,scraping_instagram,bwsnoobs,"RIBET!! Mau lapor aja systemnya ribet banget, apalagi buat orang awam yg bukan akuntan, pusing. Kita yang dipotong, kita yang lapor, kita yang pusing, yang nikmatin pejabat dungu. Fak lah."
17876738682586237,2026-04-25T01:42:07+00:00,0,https://www.instagram.com/p/DUFPyntkuvi/,https://www.instagram.com/p/DUFPyntkuvi/?comment_id=17876738682586237,scraping_instagram,rsaleeci,emng negara bobrok punya pemerintah buta mata budeg telianga kta komen jga di anggap angin lewat
18096032603330008,2026-04-24T15:18:58+00:00,0,https://www.instagram.com/p/DUFPyntkuvi/,https://www.instagram.com/p/DUFPyntkuvi/?comment_id=18096032603330008,scraping_instagram,jauzy_mfa,Pengen bayar pajak aja dipersulit gimana mau melayani rakyat dengan uang pajak 😢
18408920041183949,2026-04-24T13:53:45+00:00,0,https://www.instagram.com/p/DUFPyntkuvi/,https://www.instagram.com/p/DUFPyntkuvi/?comment_id=18408920041183949,scraping_instagram,meinarirene,Kenapa musti lapor sih. Nanya serius. Mohon dijawab
18090005180211882,2026-04-24T09:27:16+00:00,0,https://www.instagram.com/p/DUFPyntkuvi/,https://www.instagram.com/p/DUFPyntkuvi/?comment_id=18090005180211882,scraping_instagram,josephkriz13,Error mlu cokkkk
18581960794061724,2026-04-24T09:08:36+00:00,0,https://www.instagram.com/p/DUFPyntkuvi/,https://www.instagram.com/p/DUFPyntkuvi/?comment_id=18581960794061724,scraping_instagram,farul_abdi,Pajak aja loh pikirin😂😂😂
17931307632252645,2026-04-24T06:53:01+00:00,0,https://www.instagram.com/p/DUFPyntkuvi/,https://www.instagram.com/p/DUFPyntkuvi/?comment_id=17931307632252645,scraping_instagram,tomy.arif.har,"Kak, saya mau bayar pajak 180 Milyar tapi tidak bisa buat ID Billing di Coretax karena error. Ini gimana ya?"
17894927793307107,2026-04-24T05:40:22+00:00,0,https://www.instagram.com/p/DUFPyntkuvi/,https://www.instagram.com/p/DUFPyntkuvi/?comment_id=17894927793307107,scraping_instagram,moiwerh,Susah loh min bagaimana cara aktifasi nya
18587812654056298,2026-04-24T05:37:21+00:00,0,https://www.instagram.com/p/DUFPyntkuvi/,https://www.instagram.com/p/DUFPyntkuvi/?comment_id=18587812654056298,scraping_instagram,riniok62,Biadab Kalian makanlah uang haram makalian
18356201950232787,2026-04-24T00:57:02+00:00,0,https://www.instagram.com/p/DUFPyntkuvi/,https://www.instagram.com/p/DUFPyntkuvi/?comment_id=18356201950232787,scraping_instagram,dasp2802,THRpun dipotong pajak😂😂😂
17967533045902277,2026-04-23T14:19:26+00:00,0,https://www.instagram.com/p/DUFPyntkuvi/,https://www.instagram.com/p/DUFPyntkuvi/?comment_id=17967533045902277,scraping_instagram,syahiraulvia,Website down terusssss🔥
18365748646205400,2026-04-23T13:50:43+00:00,0,https://www.instagram.com/p/DUFPyntkuvi/,https://www.instagram.com/p/DUFPyntkuvi/?comment_id=18365748646205400,scraping_instagram,intan_intan_01,"Di telfon gak bisa , di email gak di bales, live chatt lagi gak bisa , maunya apa sih lu"
17988561128968230,2026-04-23T04:22:21+00:00,1,https://www.instagram.com/p/DUFPyntkuvi/,https://www.instagram.com/p/DUFPyntkuvi/?comment_id=17988561128968230,scraping_instagram,edwinhutapea,"Kita bayar pajak, dipotong pajak, trus uangnya buat dihambur2kan buat MBG, beli kaos kaki lah, semir sepatu lah..ga jelas"
18579758725006459,2026-04-22T16:53:44+00:00,0,https://www.instagram.com/p/DUFPyntkuvi/,https://www.instagram.com/p/DUFPyntkuvi/?comment_id=18579758725006459,scraping_instagram,hardianpr,
18058300409706880,2026-04-22T11:45:56+00:00,0,https://www.instagram.com/p/DUFPyntkuvi/,https://www.instagram.com/p/DUFPyntkuvi/?comment_id=18058300409706880,scraping_instagram,zulfarabbani,Ga bisa di buka
18104217145746371,2026-04-22T10:27:31+00:00,0,https://www.instagram.com/p/DUFPyntkuvi/,https://www.instagram.com/p/DUFPyntkuvi/?comment_id=18104217145746371,scraping_instagram,liozieebaim,"Bukanya mempermudah tapi mempersulit,,eror Mulu..ga laporan denda,mau laporan ribet,taat pajak sulit,ga taat pajak dipersulit.pemerintah sebenernya tugasnya mempermudah rakyat apa mempersulit rakyat sih.."
17896945107441420,2026-04-22T07:19:12+00:00,0,https://www.instagram.com/p/DUFPyntkuvi/,https://www.instagram.com/p/DUFPyntkuvi/?comment_id=17896945107441420,scraping_instagram,danisteviro,Halo saya mau daftar NPWP PT tapi kenapa kok tidak bisa masuk kode verifikasi Handphone
18078171572410722,2026-04-21T13:32:16+00:00,0,https://www.instagram.com/p/DUFPyntkuvi/,https://www.instagram.com/p/DUFPyntkuvi/?comment_id=18078171572410722,scraping_instagram,fhlvaro,BENERIN SITUS LOOOOOOOOOO JIG
18067592774460086,2026-04-21T02:10:13+00:00,1,https://www.instagram.com/p/DUFPyntkuvi/,https://www.instagram.com/p/DUFPyntkuvi/?comment_id=18067592774460086,scraping_instagram,bidibibabidibooboo,Bapuk
18143593111511859,2026-04-21T01:53:14+00:00,0,https://www.instagram.com/p/DUFPyntkuvi/,https://www.instagram.com/p/DUFPyntkuvi/?comment_id=18143593111511859,scraping_instagram,doriss1899,Infokan karyawan kau atas nama RIZKI KURNIAWAN SAPUTRA A MD buat bayar UTANG nya. Semua foto selfi & KTP lengkap Suruh bayar skrg sblm nama baik media kalian RUSAK!!!
18332460844220211,2026-04-21T01:50:12+00:00,0,https://www.instagram.com/p/DUFPyntkuvi/,https://www.instagram.com/p/DUFPyntkuvi/?comment_id=18332460844220211,scraping_instagram,muh_zakyy,"apalah, apa2 pajak👏🙌😂"
17994843563933065,2026-04-21T00:48:19+00:00,0,https://www.instagram.com/p/DUFPyntkuvi/,https://www.instagram.com/p/DUFPyntkuvi/?comment_id=17994843563933065,scraping_instagram,achmadiqbal13,"Gaji kalian gede"" masak g ad 1 orang pun yg balas komen keluhan masyarakat disini, padahal pegawai pajak ad jutaan orang 

Giliran penagihan dan pemeriksaan aja main keroyokan yg datang smpe 5 orang terkadang lebih 😢"
17886650121478136,2026-04-20T14:24:49+00:00,0,https://www.instagram.com/p/DUFPyntkuvi/,https://www.instagram.com/p/DUFPyntkuvi/?comment_id=17886650121478136,scraping_instagram,playlist.forlife,"Kalian dong yg harus laporan..ngehe..bikin susah aja, gaji udah kalian potong, apa2 kena pajak..sialan memang."
17870704311492563,2026-04-20T11:52:03+00:00,0,https://www.instagram.com/p/DUFPyntkuvi/,https://www.instagram.com/p/DUFPyntkuvi/?comment_id=17870704311492563,scraping_instagram,patila_9,
18110589820848139,2026-04-20T06:31:02+00:00,0,https://www.instagram.com/p/DUFPyntkuvi/,https://www.instagram.com/p/DUFPyntkuvi/?comment_id=18110589820848139,scraping_instagram,___modiiiiy,"Ini gmn dah dari pagi gabisa buka akses coretax?????? Mempersulit kerjaan orang aja, jadi ketunda gini kerjaan"
17982183539825068,2026-04-20T04:19:14+00:00,0,https://www.instagram.com/p/DUFPyntkuvi/,https://www.instagram.com/p/DUFPyntkuvi/?comment_id=17982183539825068,scraping_instagram,takijoroyoroyo2021,"Ah ribet banget di perbarui terus, uda bener yg kemarin masih aja pembaruan mana ga ada tutorialnya"
17912730930180369,2026-04-20T03:59:46+00:00,0,https://www.instagram.com/p/DUFPyntkuvi/,https://www.instagram.com/p/DUFPyntkuvi/?comment_id=17912730930180369,scraping_instagram,yaslindautari_,"Min, sy mau aktivasi akun di coretax, saat disimpan tulisannya ""Kesalahan saat mengirimkan permintaan akses digital"", tolong itu kenapa? Udh 2 jam masalahnya bgitu, downkah webnya? SULIT D AKSES"
18161566834435851,2026-04-19T23:17:36+00:00,0,https://www.instagram.com/p/DUFPyntkuvi/,https://www.instagram.com/p/DUFPyntkuvi/?comment_id=18161566834435851,scraping_instagram,ahmadzail123,Ngapain udah bayar kita juga yang pusing ngelapor? Nyusahin aja lu kita juga yang kerja ngurusin pelaporan. Lol
18105357758511554,2026-04-19T06:30:32+00:00,0,https://www.instagram.com/p/DUFPyntkuvi/,https://www.instagram.com/p/DUFPyntkuvi/?comment_id=18105357758511554,scraping_instagram,miaoktaayu,"KALIAN YANG HARUS NYA LAPOR KE RAKYAT, ITU UANG BUAT APA AJAAAAAAAAAAA"
18047148701772416,2026-04-18T05:46:40+00:00,0,https://www.instagram.com/p/DUFPyntkuvi/,https://www.instagram.com/p/DUFPyntkuvi/?comment_id=18047148701772416,scraping_instagram,sarasamuscaya399,Coretax KONTOI
18108600826875117,2026-04-18T03:58:26+00:00,0,https://www.instagram.com/p/DUFPyntkuvi/,https://www.instagram.com/p/DUFPyntkuvi/?comment_id=18108600826875117,scraping_instagram,irfannawidi,Tiap tahun berubah2 melulu ... pdhl cm lapor pajak... minimal di permudah lah... saya org kerja... klo minta 1 hari libur udh rugi waktu kudu ke kantor pajak... sabtu minggu buka ga... saya mau ke sana... ga bisa masuk jga.. udh foto validasi jga
18089524460463991,2026-04-18T02:21:43+00:00,0,https://www.instagram.com/p/DUFPyntkuvi/,https://www.instagram.com/p/DUFPyntkuvi/?comment_id=18089524460463991,scraping_instagram,ada_code69,Cuma² nyerocos juga. Gak kan d denger.
17985255593812454,2026-04-17T16:30:15+00:00,0,https://www.instagram.com/p/DUFPyntkuvi/,https://www.instagram.com/p/DUFPyntkuvi/?comment_id=17985255593812454,scraping_instagram,a.setiawan025__,"Gimana kalo kita lapor manual ke kantor pajak, biar kalian ngerasain susahnya web kalian yang busuk itu diakses"
18107505385807350,2026-04-17T11:56:39+00:00,0,https://www.instagram.com/p/DUFPyntkuvi/,https://www.instagram.com/p/DUFPyntkuvi/?comment_id=18107505385807350,scraping_instagram,bahrul_sinatra,Web bangsdd gajelas anggaran banyak web gini aja susah di akses
18091220435185190,2026-04-17T11:49:01+00:00,0,https://www.instagram.com/p/DUFPyntkuvi/,https://www.instagram.com/p/DUFPyntkuvi/?comment_id=18091220435185190,scraping_instagram,poengky10,"Duh kak, kok web coretax nya ga bisa dibuka ya? Mau lapor spt tp kendala teknis. Tlg segera diperbaiki. Terima kasih."
18198292252347129,2026-04-17T09:28:36+00:00,0,https://www.instagram.com/p/DUFPyntkuvi/,https://www.instagram.com/p/DUFPyntkuvi/?comment_id=18198292252347129,scraping_instagram,samuel_h_sihaloho,B2
17933481321230371,2026-04-17T09:15:43+00:00,0,https://www.instagram.com/p/DUFPyntkuvi/,https://www.instagram.com/p/DUFPyntkuvi/?comment_id=17933481321230371,scraping_instagram,mila.naimah15,"Sudah lewat setahun tp masih aja bikin orang stress 😢 lapor sdh mendekati batas akhir susunan pengurus n pemegang saham malah hilang semua, aneh😮"
18133580140546584,2026-04-17T04:01:09+00:00,0,https://www.instagram.com/p/DUFPyntkuvi/,https://www.instagram.com/p/DUFPyntkuvi/?comment_id=18133580140546584,scraping_instagram,jefany_33,Mohon maaf  klo aktivasi baru untuk akun yg uda terdaftar tpi tidak isa di akses gimana ya ka caranya
18444590563113104,2026-04-17T03:35:41+00:00,0,https://www.instagram.com/p/DUFPyntkuvi/,https://www.instagram.com/p/DUFPyntkuvi/?comment_id=18444590563113104,scraping_instagram,rmmanao,"Sampai hari ini, kenapa aktivasi Coretax masih blm bisa yaa ? selalu muncul ""gagal operasi"""
17986237508973293,2026-04-16T09:28:54+00:00,0,https://www.instagram.com/p/DUFPyntkuvi/,https://www.instagram.com/p/DUFPyntkuvi/?comment_id=17986237508973293,scraping_instagram,maimaliangelia,"Ka, coretaxnya erro terus nggak bisa di pake, tolong"
17880293298551310,2026-04-16T07:48:14+00:00,0,https://www.instagram.com/p/DUFPyntkuvi/,https://www.instagram.com/p/DUFPyntkuvi/?comment_id=17880293298551310,scraping_instagram,ike.ld.1,Ini cuma saya apa semua coretax gak responsive yaa????
18087096842605364,2026-04-16T07:32:39+00:00,0,https://www.instagram.com/p/DUFPyntkuvi/,https://www.instagram.com/p/DUFPyntkuvi/?comment_id=18087096842605364,scraping_instagram,mhmd__ridwn,Gen bomer klo bkin aplikasi emang suka eror trus
18089519927265907,2026-04-15T23:32:59+00:00,0,https://www.instagram.com/p/DUFPyntkuvi/,https://www.instagram.com/p/DUFPyntkuvi/?comment_id=18089519927265907,scraping_instagram,donistagram,Semoga klian dineraka
18149194639465876,2026-04-15T16:05:43+00:00,0,https://www.instagram.com/p/DUFPyntkuvi/,https://www.instagram.com/p/DUFPyntkuvi/?comment_id=18149194639465876,scraping_instagram,user2626627227727,"ini gimana ya , mau verif aja sulit banget"
18077577962176308,2026-04-15T13:04:19+00:00,0,https://www.instagram.com/p/DUFPyntkuvi/,https://www.instagram.com/p/DUFPyntkuvi/?comment_id=18077577962176308,scraping_instagram,ika_nurcahya_i,Lebih mudah pake e-felling
18359959279228602,2026-04-15T07:49:00+00:00,0,https://www.instagram.com/p/DUFPyntkuvi/,https://www.instagram.com/p/DUFPyntkuvi/?comment_id=18359959279228602,scraping_instagram,hf_alams,"Aplikasi opo wi min, erar eror wae. Wkwk"
17862158943562550,2026-04-14T13:17:05+00:00,0,https://www.instagram.com/p/DUFPyntkuvi/,https://www.instagram.com/p/DUFPyntkuvi/?comment_id=17862158943562550,scraping_instagram,roaddin,Error dancok!
18355154419228401,2026-04-14T04:32:57+00:00,0,https://www.instagram.com/p/DUFPyntkuvi/,https://www.instagram.com/p/DUFPyntkuvi/?comment_id=18355154419228401,scraping_instagram,fajarhestiyuliani,Pak dirjen untuk spt pph badan mohon di perpanjang ya karena masih masa transisi masih bingung untuk impor2 datanya mohon di kabulkan terima kasih
17959066922936250,2026-04-14T04:21:51+00:00,0,https://www.instagram.com/p/DUFPyntkuvi/,https://www.instagram.com/p/DUFPyntkuvi/?comment_id=17959066922936250,scraping_instagram,riskosimorang,"@reni_indah_yuliati
@vietrinadia REKAN MU GA BERES YA, AMBIL DUIT PERUSAHAAAN BELASAN JUTAAA"
18097195646012479,2026-04-14T04:21:23+00:00,0,https://www.instagram.com/p/DUFPyntkuvi/,https://www.instagram.com/p/DUFPyntkuvi/?comment_id=18097195646012479,scraping_instagram,riskosimorang,"PEGAWAINYA GA BERES PAK, ATAS NAMA RIZKI KURNIAWAN SAPUTRA A.MD NGUTANG KOK GA BAYAR"
18587368690036223,2026-04-13T06:02:55+00:00,0,https://www.instagram.com/p/DUFPyntkuvi/,https://www.instagram.com/p/DUFPyntkuvi/?comment_id=18587368690036223,scraping_instagram,amd_shl,"website taik, bug gak jelas, desainer UI UX nya siapa njg, bahasa susah di pahami"
18091829863929364,2026-04-13T05:00:00+00:00,1,https://www.instagram.com/p/DUFPyntkuvi/,https://www.instagram.com/p/DUFPyntkuvi/?comment_id=18091829863929364,scraping_instagram,hikmathayat,Pak @menkeu.purbaya kring pajak 1500200 dibuat WhatsApp Call canggih seperti call center @djahu_kemenkum dong
18064944458678999,2026-04-13T03:10:28+00:00,0,https://www.instagram.com/p/DUFPyntkuvi/,https://www.instagram.com/p/DUFPyntkuvi/?comment_id=18064944458678999,scraping_instagram,prettprettprettt,GUA YANG BAYAR GUA YANG LAPOR? DONGOO ANYING
17958358118939256,2026-04-12T09:48:14+00:00,0,https://www.instagram.com/p/DUFPyntkuvi/,https://www.instagram.com/p/DUFPyntkuvi/?comment_id=17958358118939256,scraping_instagram,felittaau,Cara daftarin EFIN gimana?
17890634088452437,2026-04-12T04:51:01+00:00,0,https://www.instagram.com/p/DUFPyntkuvi/,https://www.instagram.com/p/DUFPyntkuvi/?comment_id=17890634088452437,scraping_instagram,muhammadjayidan,Benerin atuh ya ampunnn coretaxnyaaaaaa
17911672431363526,2026-04-11T13:59:45+00:00,0,https://www.instagram.com/p/DUFPyntkuvi/,https://www.instagram.com/p/DUFPyntkuvi/?comment_id=17911672431363526,scraping_instagram,nurulindraaenni,loading d apps pun lama kali
17866561053525236,2026-04-11T11:57:31+00:00,0,https://www.instagram.com/p/DUFPyntkuvi/,https://www.instagram.com/p/DUFPyntkuvi/?comment_id=17866561053525236,scraping_instagram,justwhatilike1,RIBET
18088858078977581,2026-04-10T23:52:11+00:00,0,https://www.instagram.com/p/DUFPyntkuvi/,https://www.instagram.com/p/DUFPyntkuvi/?comment_id=18088858078977581,scraping_instagram,qeenaya.sibaweh,Padahal anggaran buat coretax pasti nya ga main² tapi web nya aja payah bener
18417185245120178,2026-04-10T06:08:56+00:00,0,https://www.instagram.com/p/DUFPyntkuvi/,https://www.instagram.com/p/DUFPyntkuvi/?comment_id=18417185245120178,scraping_instagram,yogi.adi.pranata,Sistem aja bermasalah apalagi SDM nya
18105319906901543,2026-04-10T03:55:39+00:00,0,https://www.instagram.com/p/DUFPyntkuvi/,https://www.instagram.com/p/DUFPyntkuvi/?comment_id=18105319906901543,scraping_instagram,opaymap,Lapor pajak aja ribet terkesan d persulit. Kita harus isi ini itu lah mereka yg kerja d pajak ngapain aja tinggal nunggu beres laporan dari kita gitu. Kita yg bayar kita juga yg ribet. Yaa Allah
18018893996830631,2026-04-09T12:36:44+00:00,0,https://www.instagram.com/p/DUFPyntkuvi/,https://www.instagram.com/p/DUFPyntkuvi/?comment_id=18018893996830631,scraping_instagram,crimsomclovers,"Gue yg bayar, gue juga yg lapor, OTAK LU DIMANA DITJEN PAJAK. BIADAB"
18103405534932353,2026-04-09T06:50:45+00:00,2,https://www.instagram.com/p/DUFPyntkuvi/,https://www.instagram.com/p/DUFPyntkuvi/?comment_id=18103405534932353,scraping_instagram,_saktkov,"Saya mau bayar pajak aja males, apalagi harus lapor dan menurut saya sangat-sangat ribet. Malesnya jadi 2x lipat."
18195774379355734,2026-04-08T17:41:53+00:00,0,https://www.instagram.com/p/DUFPyntkuvi/,https://www.instagram.com/p/DUFPyntkuvi/?comment_id=18195774379355734,scraping_instagram,theinternetguywithoutname,BENERIN KAGA CORTEX LU 🫵🏻
18037459190586691,2026-04-08T02:02:58+00:00,0,https://www.instagram.com/p/DUFPyntkuvi/,https://www.instagram.com/p/DUFPyntkuvi/?comment_id=18037459190586691,scraping_instagram,y_ussop,Sialan
17950372422139718,2026-04-08T01:16:46+00:00,0,https://www.instagram.com/p/DUFPyntkuvi/,https://www.instagram.com/p/DUFPyntkuvi/?comment_id=17950372422139718,scraping_instagram,satrianur.ya,bayar pajak? males
18060997256416154,2026-04-07T23:09:58+00:00,0,https://www.instagram.com/p/DUFPyntkuvi/,https://www.instagram.com/p/DUFPyntkuvi/?comment_id=18060997256416154,scraping_instagram,fioni_official,"Yang bener aja potongan pajak perorang thr + gaji hampir 500 rb ??? Bahkan ada yg di potong sampai 1 juta lebih 
Disini kami karyawan PT , tiap bulan atau tahun bayar pajak !! Lapor lah Transparansi uang kami untuk apa ? Banyak kasus korupsi pakai uang siapa???!!"
17881636242532579,2026-04-07T12:52:17+00:00,0,https://www.instagram.com/p/DUFPyntkuvi/,https://www.instagram.com/p/DUFPyntkuvi/?comment_id=17881636242532579,scraping_instagram,n_ekapratiwi,Sistem nyusahin.
18105737143894643,2026-04-07T10:46:32+00:00,0,https://www.instagram.com/p/DUFPyntkuvi/,https://www.instagram.com/p/DUFPyntkuvi/?comment_id=18105737143894643,scraping_instagram,claudiaanaii,coretax gk bisa dibuka lewat hp ya msk macet di buat konsep spt tpi gk bisa diklik
18026487482658903,2026-04-07T07:56:19+00:00,0,https://www.instagram.com/p/DUFPyntkuvi/,https://www.instagram.com/p/DUFPyntkuvi/?comment_id=18026487482658903,scraping_instagram,sparc888,"Ribet amat. Sistem premature, kita dipaksa pakai. Ini error itu error. Kita malah yg kena ribet bolak balik kpp. Kita yg bayar, kita pula yang di ribetin. Ga jelas sma skali ini. Dari dulu pake djp udah familiar, diganti coretax yg error mulu dan menyusahkan. Giliran ga bayar di denda, giliran sistem error atau kena ribet krn harus bolak balik kpp gimana? Bisa kita denda kpp nya?"
18150189550461857,2026-04-07T03:01:17+00:00,0,https://www.instagram.com/p/DUFPyntkuvi/,https://www.instagram.com/p/DUFPyntkuvi/?comment_id=18150189550461857,scraping_instagram,douladiana,"bikin NPWP di CORETAX, ngga tau gimana kok pekerjaan adikku jadi anggita DPR,DPRD, mau di revisi ditolak @ditjenpajakri padahal pekerjaan freelance. Lucu tapi gimana ya😂😂😂 butuh surat keterangan, emangnya segitu ngga percayanya kalau freelance itu bukan anggota DPR. Bahkan di googling juga ketemu"
18110860024698575,2026-04-07T01:54:22+00:00,0,https://www.instagram.com/p/DUFPyntkuvi/,https://www.instagram.com/p/DUFPyntkuvi/?comment_id=18110860024698575,scraping_instagram,nuramrullah25,Kementrian paling bobrok
18077831774428314,2026-04-06T14:24:26+00:00,0,https://www.instagram.com/p/DUFPyntkuvi/,https://www.instagram.com/p/DUFPyntkuvi/?comment_id=18077831774428314,scraping_instagram,hartini_094,Kalo udah lapor coretex masih dipotong pajak jg ya
18340187260243617,2026-04-06T10:00:19+00:00,0,https://www.instagram.com/p/DUFPyntkuvi/,https://www.instagram.com/p/DUFPyntkuvi/?comment_id=18340187260243617,scraping_instagram,jakarta_sideshots,"Aktivitasi badan untuk PIC email dan hp sudah bener, email centang hijau , no HP ❌ mau sampai kapan ini pajekk pajek coretax"
18344996692208822,2026-04-06T08:58:14+00:00,0,https://www.instagram.com/p/DUFPyntkuvi/,https://www.instagram.com/p/DUFPyntkuvi/?comment_id=18344996692208822,scraping_instagram,firdaus_zava,"Woi dri kemaren berisik nyuruh bayar pajak bayar pajak, sekarang website rusak ga ada diperbaiki samsek. Apasih maunya? Ohhhhh nunggu biar kami nunggak dan bayar denda ke kalian ya"
18104400583907497,2026-04-06T08:54:09+00:00,0,https://www.instagram.com/p/DUFPyntkuvi/,https://www.instagram.com/p/DUFPyntkuvi/?comment_id=18104400583907497,scraping_instagram,herjunedali,Hallo kenapa website nya ga bisa di akses yaa ereg.pajak.go.id/ceknpwp
17868493146607774,2026-04-06T07:22:21+00:00,0,https://www.instagram.com/p/DUFPyntkuvi/,https://www.instagram.com/p/DUFPyntkuvi/?comment_id=17868493146607774,scraping_instagram,felixxlim,Up your game pls
18367064914165223,2026-04-06T06:14:15+00:00,0,https://www.instagram.com/p/DUFPyntkuvi/,https://www.instagram.com/p/DUFPyntkuvi/?comment_id=18367064914165223,scraping_instagram,pt.abbasbumiperkasa232026,"siang bapak/ibu pajak perkenalkan nama saya fadhli tadi saya mencoba akses npwp badan pt perorangan di step ke 2 untuk verifikasi email dan nomor telepon sudah di lakukan lalu  saya coba ke step ke 3 tidak bisa di lanjutkan,mohon bantuan nya bapak/ibu.terima kasih."
17973156638862663,2026-04-06T04:10:12+00:00,0,https://www.instagram.com/p/DUFPyntkuvi/,https://www.instagram.com/p/DUFPyntkuvi/?comment_id=17973156638862663,scraping_instagram,kooazis,Jangan lupa nanti gantian lapor duit pajak rakyat dipake buat apa aja
18383822503095300,2026-04-06T03:53:24+00:00,0,https://www.instagram.com/p/DUFPyntkuvi/,https://www.instagram.com/p/DUFPyntkuvi/?comment_id=18383822503095300,scraping_instagram,flzlal,"saya sudah mengisi data dan segala sesuatunya sudah sesuai, mengapa operasi gagal muluh? lapor langsung juga gak membantu, ini gimana ya jadinya? belum lagi kalo gak lapor tepat waktunya takutnya kena denda sedangkan sistem kalian amburadul"
17851609593656972,2026-04-05T18:50:50+00:00,0,https://www.instagram.com/p/DUFPyntkuvi/,https://www.instagram.com/p/DUFPyntkuvi/?comment_id=17851609593656972,scraping_instagram,syaamphony,"Tolong di benerin web nya dong mas/mba/pak/bu, tolong permudah kami sebagai rakyat untuk lapor pajak, kalau web nya error dri lama untuk apa dibuat opsi online dan offline? pulsa kami jg habis karna kode OTP yg ujung² nya walau sudah di verifikasi ttp tdk bisa tombol klik lanjut"
17947823153981475,2026-04-05T15:59:19+00:00,0,https://www.instagram.com/p/DUFPyntkuvi/,https://www.instagram.com/p/DUFPyntkuvi/?comment_id=17947823153981475,scraping_instagram,adkhan1106,"Plot twist bngt, korteks ga bsa diakses, eror mulu, ga lapor di denda 125rebu, kan amsyong yg eror siapa yang di denda siapa, sudah bayar, di cap ga mau lapor, didenda lagi, triplel kill"
17866333926609143,2026-04-05T14:21:44+00:00,0,https://www.instagram.com/p/DUFPyntkuvi/,https://www.instagram.com/p/DUFPyntkuvi/?comment_id=17866333926609143,scraping_instagram,joharasikin,"Min, saya butuh bantuan nih. Masak mau aktivasi ribet banget g jadi jadi, dah lewat website nya padahal, sampai saya download app djp. Giliran registrasi aktivasi sudah berhasil, pas saya login malah data tidak ditemukan. Gimana ini, hasilnya aktivasi saya berhasil atau mengulang lagi ini. Dah mau seminggu saya otak-atik terus."
18262852750288224,2026-04-05T13:58:18+00:00,0,https://www.instagram.com/p/DUFPyntkuvi/,https://www.instagram.com/p/DUFPyntkuvi/?comment_id=18262852750288224,scraping_instagram,trisno4227,Woii perbaiki aplikasimu sudah hbis orang beli pulsa . Sudah masukan otp email dan no handpone . Tombol lanjut nga bisa- bisa .. oon memang
17887318353467158,2026-04-05T11:46:04+00:00,0,https://www.instagram.com/p/DUFPyntkuvi/,https://www.instagram.com/p/DUFPyntkuvi/?comment_id=17887318353467158,scraping_instagram,vnilvt,"Ribet kali, mana ga bisa login mulu"
17883318327482315,2026-04-05T05:20:59+00:00,0,https://www.instagram.com/p/DUFPyntkuvi/,https://www.instagram.com/p/DUFPyntkuvi/?comment_id=17883318327482315,scraping_instagram,arbuntohal,"Mau bayar pajak kalian buat SUSAH, Semoga Tuhan memberkati kalian"
17952814050119058,2026-04-05T04:38:15+00:00,0,https://www.instagram.com/p/DUFPyntkuvi/,https://www.instagram.com/p/DUFPyntkuvi/?comment_id=17952814050119058,scraping_instagram,fri31121999,Halo… Bugsnya bikin makin ribet … hasilnya jd kurang bayar (pajak ditanggung kantor loh)
17986342106984380,2026-04-05T03:58:23+00:00,0,https://www.instagram.com/p/DUFPyntkuvi/,https://www.instagram.com/p/DUFPyntkuvi/?comment_id=17986342106984380,scraping_instagram,utang_tuh_bayar,@adhikapandu  ADHIKA PANDU DEWANTARA
17947244550133497,2026-04-05T02:06:27+00:00,0,https://www.instagram.com/p/DUFPyntkuvi/,https://www.instagram.com/p/DUFPyntkuvi/?comment_id=17947244550133497,scraping_instagram,infocopaz88,"Cortax, bermasalah di verifikasi detail kontak, tidak bisa lanjut, padahal isian sudah benar semua"
18055161179491082,2026-04-05T00:17:34+00:00,0,https://www.instagram.com/p/DUFPyntkuvi/,https://www.instagram.com/p/DUFPyntkuvi/?comment_id=18055161179491082,scraping_instagram,maiiadewii94,Mahal mahal pajak di Indonesia tp rakyat nya susah
18193784056361582,2026-04-04T23:31:21+00:00,1,https://www.instagram.com/p/DUFPyntkuvi/,https://www.instagram.com/p/DUFPyntkuvi/?comment_id=18193784056361582,scraping_instagram,doni_herdian.syah,Pa @purbayayudhi.official kalo bisa bubarin Direktorat Jendral Pajak....gaka ada gunanya banget...rakyat bayar pajak....rakyat harus lapor....tukin lo pada gede diatas ASN umumnya....terus kerjanya pegawai pajak ngapain aja....gw gak rela pajak gw dipake foya foya bayar pegawe pajak yang gak ada kerjanya....mampus lo Anjing Bangsat Sialan 😡👊🤮🤪
18336237004169364,2026-04-04T20:01:28+00:00,0,https://www.instagram.com/p/DUFPyntkuvi/,https://www.instagram.com/p/DUFPyntkuvi/?comment_id=18336237004169364,scraping_instagram,restutamaa,"Harusnya kalian yg laporan ke rakyat, duit pajak nya buat apa aja. Bukan kita yg bikin laporan!!"
18117279493633876,2026-04-04T14:33:56+00:00,0,https://www.instagram.com/p/DUFPyntkuvi/,https://www.instagram.com/p/DUFPyntkuvi/?comment_id=18117279493633876,scraping_instagram,flory_nnnnnnnn,"Hebat kau pajak,, anjing babi bangsar"
17944321368152236,2026-04-04T10:00:39+00:00,0,https://www.instagram.com/p/DUFPyntkuvi/,https://www.instagram.com/p/DUFPyntkuvi/?comment_id=17944321368152236,scraping_instagram,kolifamuhasim,"Halo admin, saya mengalami kendala daftar NPWP badan di Coretax. Setelah verifikasi email & HP, tombol lanjut tidak bisa diklik. Mohon arahan solusinya 🙏"
18092684876130063,2026-04-04T07:10:33+00:00,0,https://www.instagram.com/p/DUFPyntkuvi/,https://www.instagram.com/p/DUFPyntkuvi/?comment_id=18092684876130063,scraping_instagram,mr.hozz,Komen nya jelek semua intropeksi diri
18156611533449832,2026-04-04T06:36:28+00:00,0,https://www.instagram.com/p/DUFPyntkuvi/,https://www.instagram.com/p/DUFPyntkuvi/?comment_id=18156611533449832,scraping_instagram,kk_andriyan,"Aplikasinya eror terus, mau laporan aja susah!"
18167349256410591,2026-04-04T05:52:36+00:00,0,https://www.instagram.com/p/DUFPyntkuvi/,https://www.instagram.com/p/DUFPyntkuvi/?comment_id=18167349256410591,scraping_instagram,bordi_r97,"KARYAWAN ATAS MULYADI H.M.YUSUF. K PUNYA HUTANG DI PINJOL YANG BELUM DI BAYARKAN, JANGAN SAMPAI REPUTASI PERUSAHAAN INI RUSAK DAN NAMA BAIK  PERUSAHAAN INI BURUK  HANYA KARENA SATU ORANG YANG TIDAK MAU BERTANGGUNG JAWAB ATAS HUTANG PINJOLNYA SURUH BAYAR HUTANG PINJOLNYA SEKARANG SEBELUM SEMUA ITU TERJADI."
18100013224798222,2026-04-04T05:38:04+00:00,0,https://www.instagram.com/p/DUFPyntkuvi/,https://www.instagram.com/p/DUFPyntkuvi/?comment_id=18100013224798222,scraping_instagram,rhealovegood,"Tolong lah min ini app cortex yang 1T itu kagak bisa di klik lanjut padahal mau buat npwp, buset dah mana g bisa di massage lagi akunya esmosi sekali jadinya bayar mahal cuma buat app kek curut itu"
18061572323689532,2026-04-04T05:29:30+00:00,0,https://www.instagram.com/p/DUFPyntkuvi/,https://www.instagram.com/p/DUFPyntkuvi/?comment_id=18061572323689532,scraping_instagram,xsan.88,Dongo🔥
18070434296285680,2026-04-04T05:21:27+00:00,0,https://www.instagram.com/p/DUFPyntkuvi/,https://www.instagram.com/p/DUFPyntkuvi/?comment_id=18070434296285680,scraping_instagram,bimbinx_nugroho,SALAH SATU INSTITUSI PALING KORUP
18212108023323938,2026-04-04T04:58:12+00:00,0,https://www.instagram.com/p/DUFPyntkuvi/,https://www.instagram.com/p/DUFPyntkuvi/?comment_id=18212108023323938,scraping_instagram,devy_ummahisyam_kahfi,Org2 Dzolim 👏👏👏
18283142341305221,2026-04-04T04:02:17+00:00,0,https://www.instagram.com/p/DUFPyntkuvi/,https://www.instagram.com/p/DUFPyntkuvi/?comment_id=18283142341305221,scraping_instagram,jokitugas_proof,"Selamat pagi Bapak/Ibu, mohon maaf mengganggu waktunya🙏
Izin bertanya terkait registrasi NPWP online via Coretax, apakah ada solusi di bagian verifikasi kontak wajib pajak yang sudah terverifikasi namun tombol lanjut tidak bisa diklik? 
Terima kasih🙏"
18074522138560915,2026-04-03T17:33:26+00:00,0,https://www.instagram.com/p/DUFPyntkuvi/,https://www.instagram.com/p/DUFPyntkuvi/?comment_id=18074522138560915,scraping_instagram,yansnatalogy88,"Harusnya kalian yang lapor ke kami (masyarakat) yang di pajakin,bayar sendiri lapor sendiri...."
18099587840056415,2026-04-03T17:27:49+00:00,0,https://www.instagram.com/p/DUFPyntkuvi/,https://www.instagram.com/p/DUFPyntkuvi/?comment_id=18099587840056415,scraping_instagram,cocomixx3456,"tunkin kalian yg paling Sultan, udahlah klo potong pajak, cukup bukti potong aja.. Pelaporan ya KALIAN YG LAPOR KE KAMI.. Itu baru bener, mana klo telat di denda.. Jangan dzolim2, kantor pajak dkk ga ada yg jelek, bagus2, pegawainya hampir semua naik mobil"
18091964243173790,2026-04-03T17:10:00+00:00,0,https://www.instagram.com/p/DUFPyntkuvi/,https://www.instagram.com/p/DUFPyntkuvi/?comment_id=18091964243173790,scraping_instagram,szarsi,"Gapapa pak klo saya kudy lapor, tapi minimal engga error Mulu, mau bikin aku coretax gabisa2 saya pak, Gmail dan no hp udah bner, mau ke kpp udah keburu masuk kerja, saya males jadi nya."
17884660347377518,2026-04-03T16:21:01+00:00,1,https://www.instagram.com/p/DUFPyntkuvi/,https://www.instagram.com/p/DUFPyntkuvi/?comment_id=17884660347377518,scraping_instagram,joanitamt,"Klo rakyat juga yg ribet, trs gunanya kalian di gaji sm rakyat itu apa ya?"
18086090912200028,2026-04-03T13:56:49+00:00,1,https://www.instagram.com/p/DUFPyntkuvi/,https://www.instagram.com/p/DUFPyntkuvi/?comment_id=18086090912200028,scraping_instagram,aiwajdi,mau lapor spt tapi minta bantuan ke admin malah nggk di respon. trus klo telat kita yang di rugikan.
18073836623201775,2026-04-03T11:51:46+00:00,2,https://www.instagram.com/p/DUFPyntkuvi/,https://www.instagram.com/p/DUFPyntkuvi/?comment_id=18073836623201775,scraping_instagram,kenzi_zulfa,Percuma bayar pajak
18076650143566866,2026-04-03T11:51:11+00:00,1,https://www.instagram.com/p/DUFPyntkuvi/,https://www.instagram.com/p/DUFPyntkuvi/?comment_id=18076650143566866,scraping_instagram,kenzi_zulfa,Busuk banget coretax woy
18062118224378472,2026-04-03T09:29:07+00:00,0,https://www.instagram.com/p/DUFPyntkuvi/,https://www.instagram.com/p/DUFPyntkuvi/?comment_id=18062118224378472,scraping_instagram,ingeherdiyantii,"Halo. Untuk pengajuan NPPN knp harus diajukan setiap tahun dan knpa juga diajukan tahun sebelumnya? Mohon di pertimbangkan kembali, lebih fleksibel saja. Pengajuan diawal sepertinya sudah cukup tanpa perlu di kunci"
17920479963124424,2026-04-03T08:46:06+00:00,0,https://www.instagram.com/p/DUFPyntkuvi/,https://www.instagram.com/p/DUFPyntkuvi/?comment_id=17920479963124424,scraping_instagram,sarahsahlah,"Sistem website payah, mau komplain kirim DM juga ga bisa. Cih. Cuma bisa berdoa semoga Allah kasih kesulitan yg lebih sulit"
18124076635609583,2026-04-03T08:43:36+00:00,0,https://www.instagram.com/p/DUFPyntkuvi/,https://www.instagram.com/p/DUFPyntkuvi/?comment_id=18124076635609583,scraping_instagram,sarahsahlah,BIKIN NPWP DIPERSULIT. GAGAL TERUS. WEBSITE MACAM APA INI YANG DIPAKE. BULAN SYAWAL DIBIKIN KESEL SAMA KELAKUAN DJP
18148315411472211,2026-04-03T08:32:51+00:00,0,https://www.instagram.com/p/DUFPyntkuvi/,https://www.instagram.com/p/DUFPyntkuvi/?comment_id=18148315411472211,scraping_instagram,suryagumelarhidayatulloh,Pajak musuhhh masyarakat
18090761219271930,2026-04-03T08:32:03+00:00,0,https://www.instagram.com/p/DUFPyntkuvi/,https://www.instagram.com/p/DUFPyntkuvi/?comment_id=18090761219271930,scraping_instagram,suryagumelarhidayatulloh,Bayar pajak Yo Yo kasihan ada pejabat belum makan dari kemarin
18115091059673978,2026-04-03T07:55:59+00:00,0,https://www.instagram.com/p/DUFPyntkuvi/,https://www.instagram.com/p/DUFPyntkuvi/?comment_id=18115091059673978,scraping_instagram,rd_nsyh26,admin nya turuuu
18133633945538508,2026-04-03T05:11:33+00:00,3,https://www.instagram.com/p/DUFPyntkuvi/,https://www.instagram.com/p/DUFPyntkuvi/?comment_id=18133633945538508,scraping_instagram,nta_pinasthika,"Hallo, Kak. Saya mau laporan pajak dari kemarin gak bisa terus karena katanya lupa sandi, padahal gak salah. Lalu aku lupa sandi dan dikirim lewat SMS, tapi malah GK bisa diganti. Saya udah habis pulsa sampai 20k dari bulan kemarin untuk urus akun saya ini"
18429676720140659,2026-04-03T02:45:53+00:00,0,https://www.instagram.com/p/DUFPyntkuvi/,https://www.instagram.com/p/DUFPyntkuvi/?comment_id=18429676720140659,scraping_instagram,edii_kurniawan,Riber anjing
18095074295095096,2026-04-02T10:27:19+00:00,0,https://www.instagram.com/p/DUFPyntkuvi/,https://www.instagram.com/p/DUFPyntkuvi/?comment_id=18095074295095096,scraping_instagram,iqbaldzkia,"Nomor HP gagal verifikasi, giliran gak lapor ada aja dimintain duit, dipersulit. Wallah di yaummul akhir gua persulit kalian kalian orang pajak. Keluar kalian!!! 🔥🔥🔥🔥"
18571329166054293,2026-04-02T08:11:13+00:00,0,https://www.instagram.com/p/DUFPyntkuvi/,https://www.instagram.com/p/DUFPyntkuvi/?comment_id=18571329166054293,scraping_instagram,bambang_gospel,"Kereeee, udah motong pajak, la kok aku report nglaporke meneh onlen lewat cortex, 

Bazengaaaaannnnn"
17862682272549102,2026-04-02T07:44:04+00:00,0,https://www.instagram.com/p/DUFPyntkuvi/,https://www.instagram.com/p/DUFPyntkuvi/?comment_id=17862682272549102,scraping_instagram,arsinchives,"min perpanjang lapor nppn dong, sistem error mulu jadi gak bisa lapor, terus sekarang udah kelewat😢"
17951223563963424,2026-04-02T04:46:38+00:00,0,https://www.instagram.com/p/DUFPyntkuvi/,https://www.instagram.com/p/DUFPyntkuvi/?comment_id=17951223563963424,scraping_instagram,erick_alkatiri,Coretax sampe saat ini masih sering error ya sampah banget apk coretax
18138925156511835,2026-04-02T03:04:26+00:00,0,https://www.instagram.com/p/DUFPyntkuvi/,https://www.instagram.com/p/DUFPyntkuvi/?comment_id=18138925156511835,scraping_instagram,ariska_bontot,"Benarin dlu Coretax , susah betul ihh"
18215997418321296,2026-04-02T02:50:45+00:00,0,https://www.instagram.com/p/DUFPyntkuvi/,https://www.instagram.com/p/DUFPyntkuvi/?comment_id=18215997418321296,scraping_instagram,dheaanmbem,"Mau aktivasi cortex tp katanya aq udah aktivasi dan cukup login, sedangkan email dan no hp bukan yg sekarang aq pake,udah lupa,apa ini solusinya harus ke kantor pajak"
18111779488754413,2026-04-02T02:35:53+00:00,0,https://www.instagram.com/p/DUFPyntkuvi/,https://www.instagram.com/p/DUFPyntkuvi/?comment_id=18111779488754413,scraping_instagram,misbahuddin_yusuf,"Halaaah bangs@t, perkara lapor pajak aja ribet banget .. kalian yang potong uang rakyat kita yang ribet harus lapor. Logika kebalik. Aturan kalian yang lapor  ke rakyat uangnya diapain."
18129083746491528,2026-04-02T02:07:08+00:00,0,https://www.instagram.com/p/DUFPyntkuvi/,https://www.instagram.com/p/DUFPyntkuvi/?comment_id=18129083746491528,scraping_instagram,wirabuana752,Ngeri kali ya...
17963798529026351,2026-04-01T21:59:52+00:00,0,https://www.instagram.com/p/DUFPyntkuvi/,https://www.instagram.com/p/DUFPyntkuvi/?comment_id=17963798529026351,scraping_instagram,ahmattriansah,"Jadi diperpanjang enggak sih? Dari kemarin"" gagal terus nih"
18099434443798066,2026-04-01T19:13:28+00:00,0,https://www.instagram.com/p/DUFPyntkuvi/,https://www.instagram.com/p/DUFPyntkuvi/?comment_id=18099434443798066,scraping_instagram,rachmakalpita,Males ngurus nya ribet ngga ada waktu
18118193647649269,2026-04-01T17:43:26+00:00,1,https://www.instagram.com/p/DUFPyntkuvi/,https://www.instagram.com/p/DUFPyntkuvi/?comment_id=18118193647649269,scraping_instagram,masrere21,Jadi pegawai pajak pada malu ngga sih? Ini komentar isinya orang pada menyampaikan fakta
18117891352630696,2026-04-01T14:07:20+00:00,0,https://www.instagram.com/p/DUFPyntkuvi/,https://www.instagram.com/p/DUFPyntkuvi/?comment_id=18117891352630696,scraping_instagram,deri_.apriansyah1,Coretax nya gabisa dibukaaa
18070995641265690,2026-04-01T13:29:42+00:00,0,https://www.instagram.com/p/DUFPyntkuvi/,https://www.instagram.com/p/DUFPyntkuvi/?comment_id=18070995641265690,scraping_instagram,onofff_,Sengaja ka website di buat eror terus biar kita make konsultan dan bayar lagi ? 😂
17862551760616692,2026-04-01T13:18:10+00:00,0,https://www.instagram.com/p/DUFPyntkuvi/,https://www.instagram.com/p/DUFPyntkuvi/?comment_id=17862551760616692,scraping_instagram,rak_besi_gk,"""Kesenjangan paling nyata itu bukan sikaya dan si miskin, tapi antara sipembayar pajak yg kerja 7 hari seminggu dan si penerima pajak yang jam 4 sore sudah rapi mau pulang, ama sabtu minggunya libur """
18121364752528628,2026-04-01T12:13:56+00:00,0,https://www.instagram.com/p/DUFPyntkuvi/,https://www.instagram.com/p/DUFPyntkuvi/?comment_id=18121364752528628,scraping_instagram,kurniawanas,ngapuss
17910039462363141,2026-04-01T11:08:22+00:00,0,https://www.instagram.com/p/DUFPyntkuvi/,https://www.instagram.com/p/DUFPyntkuvi/?comment_id=17910039462363141,scraping_instagram,coffeeandtheb,"Cc @ditjenpajakri saya belum buat passphrase tapi bisa submit SPT dan terima BPE, ini sistemnya ada bug kah? Karena udah dapet BPE ini udah aman kan yaaa artinya?"
18128085409577633,2026-04-01T10:11:51+00:00,0,https://www.instagram.com/p/DUFPyntkuvi/,https://www.instagram.com/p/DUFPyntkuvi/?comment_id=18128085409577633,scraping_instagram,ajo_nandaa,"Mafia semua🔥🔥
Buat npwp online aja susah 
Aplikasi di buat untuk korupsi
Dibayar dulu baru bisa aplikasi"
17883160929500222,2026-04-01T07:57:48+00:00,0,https://www.instagram.com/p/DUFPyntkuvi/,https://www.instagram.com/p/DUFPyntkuvi/?comment_id=17883160929500222,scraping_instagram,ernayw,Ikhlas bayar pajak tapi gak ridho dunia akhirat buat korupsi sama hal yang unfaedah
18068007542308132,2026-04-01T07:13:33+00:00,0,https://www.instagram.com/p/DUFPyntkuvi/,https://www.instagram.com/p/DUFPyntkuvi/?comment_id=18068007542308132,scraping_instagram,yana_nugraha285,Kenapa ya kode verif djp ga masuk ke email????
18071315600259613,2026-04-01T06:38:06+00:00,1,https://www.instagram.com/p/DUFPyntkuvi/,https://www.instagram.com/p/DUFPyntkuvi/?comment_id=18071315600259613,scraping_instagram,tri_murtiani,Bapak nppn mohon diperpanjang
18186329290364711,2026-04-01T05:03:43+00:00,0,https://www.instagram.com/p/DUFPyntkuvi/,https://www.instagram.com/p/DUFPyntkuvi/?comment_id=18186329290364711,scraping_instagram,fernandodinata,Najis ribet banget mau lapor pajak caranya ribet bgt
18316869565256777,2026-04-01T04:56:55+00:00,3,https://www.instagram.com/p/DUFPyntkuvi/,https://www.instagram.com/p/DUFPyntkuvi/?comment_id=18316869565256777,scraping_instagram,handisobut,"Ga bisa login, padahal ga ganti password gmana si ini mau lapor spt aja ribet"
17994837059926279,2026-04-01T04:16:23+00:00,0,https://www.instagram.com/p/DUFPyntkuvi/,https://www.instagram.com/p/DUFPyntkuvi/?comment_id=17994837059926279,scraping_instagram,tdh.iq,"Halo, ini website coretax lagi bermasalah ya?.. saya tidak bisa lanjut setelah verifikasi email dan no. telp utk bikin npwp"
18086526995260056,2026-04-01T04:08:41+00:00,0,https://www.instagram.com/p/DUFPyntkuvi/,https://www.instagram.com/p/DUFPyntkuvi/?comment_id=18086526995260056,scraping_instagram,zmmchm27,Woy anjir pph 21 gede banget bajingan
17890143501450888,2026-04-01T04:01:24+00:00,0,https://www.instagram.com/p/DUFPyntkuvi/,https://www.instagram.com/p/DUFPyntkuvi/?comment_id=17890143501450888,scraping_instagram,kinanrnl,min ini gimana mau lapor spt tapi login ggal muluuuu😭😭 tolong panduannya dongg
18516093391076985,2026-04-01T03:37:58+00:00,0,https://www.instagram.com/p/DUFPyntkuvi/,https://www.instagram.com/p/DUFPyntkuvi/?comment_id=18516093391076985,scraping_instagram,erlanggachester,For fuck sake
18062884409660372,2026-04-01T03:32:32+00:00,0,https://www.instagram.com/p/DUFPyntkuvi/,https://www.instagram.com/p/DUFPyntkuvi/?comment_id=18062884409660372,scraping_instagram,fiitri_rhmwt,web nya bosokkkkk
17990929586952631,2026-04-01T02:49:00+00:00,0,https://www.instagram.com/p/DUFPyntkuvi/,https://www.instagram.com/p/DUFPyntkuvi/?comment_id=17990929586952631,scraping_instagram,alfonwibisono,website coretax down ?
18090900667903379,2026-04-01T02:41:19+00:00,0,https://www.instagram.com/p/DUFPyntkuvi/,https://www.instagram.com/p/DUFPyntkuvi/?comment_id=18090900667903379,scraping_instagram,faiz1_58,Akun maling
18083149118202630,2026-04-01T02:24:41+00:00,0,https://www.instagram.com/p/DUFPyntkuvi/,https://www.instagram.com/p/DUFPyntkuvi/?comment_id=18083149118202630,scraping_instagram,ca.thrine7007,Min klo yang blm lapor gimana ada perpanjangan GK min
18093079475273985,2026-04-01T01:18:55+00:00,0,https://www.instagram.com/p/DUFPyntkuvi/,https://www.instagram.com/p/DUFPyntkuvi/?comment_id=18093079475273985,scraping_instagram,bryan2808,@prabowo @menkeuri @dpr_ri  BPK BPK terhormat coretax lobginana tidak bisa dibuka
18114526894735489,2026-03-31T23:28:14+00:00,0,https://www.instagram.com/p/DUFPyntkuvi/,https://www.instagram.com/p/DUFPyntkuvi/?comment_id=18114526894735489,scraping_instagram,firmanf_3,"Sengaja dibikin eror terus, sengaja dibikin ribet biar bisa collect denda"
17896305456281770,2026-03-31T23:25:43+00:00,0,https://www.instagram.com/p/DUFPyntkuvi/,https://www.instagram.com/p/DUFPyntkuvi/?comment_id=17896305456281770,scraping_instagram,firmanf_3,"Ta1 ajng, ga layak disebut sistem/aplikasi coretax ini... sangat ribet bajigan"
17970658944030602,2026-03-31T23:21:02+00:00,0,https://www.instagram.com/p/DUFPyntkuvi/,https://www.instagram.com/p/DUFPyntkuvi/?comment_id=17970658944030602,scraping_instagram,amin4612,Fck
18092294531128500,2026-03-31T22:35:17+00:00,0,https://www.instagram.com/p/DUFPyntkuvi/,https://www.instagram.com/p/DUFPyntkuvi/?comment_id=18092294531128500,scraping_instagram,ershandi,"no respon, netijen mana penting buat mereka kecuali duitnya..emang sengaruh itu harta haram ke otak, fisik, hati dan perilaku...👏👏🔥"
18107594224845664,2026-03-31T20:00:41+00:00,0,https://www.instagram.com/p/DUFPyntkuvi/,https://www.instagram.com/p/DUFPyntkuvi/?comment_id=18107594224845664,scraping_instagram,kingnasiirrrr12,KONTOL
18101533625502741,2026-03-31T17:07:25+00:00,0,https://www.instagram.com/p/DUFPyntkuvi/,https://www.instagram.com/p/DUFPyntkuvi/?comment_id=18101533625502741,scraping_instagram,yuriohalilintar,"RIBEEEETTTTTTTTT.. KITA YANG BAYAR KITA YANG LAPOR, KITA YANG PUSING.. MAUNYA APA SIH?!"
17939546754179063,2026-03-31T16:57:16+00:00,0,https://www.instagram.com/p/DUFPyntkuvi/,https://www.instagram.com/p/DUFPyntkuvi/?comment_id=17939546754179063,scraping_instagram,d.kid765,Nambah ribet doang nih coretax error mulu bikin males bayar pajak
17881569405504637,2026-03-31T16:12:33+00:00,0,https://www.instagram.com/p/DUFPyntkuvi/,https://www.instagram.com/p/DUFPyntkuvi/?comment_id=17881569405504637,scraping_instagram,arttha___,web longor
18077643683454048,2026-03-31T16:07:38+00:00,0,https://www.instagram.com/p/DUFPyntkuvi/,https://www.instagram.com/p/DUFPyntkuvi/?comment_id=18077643683454048,scraping_instagram,nexura_store_,"Mau tanya, batas terakhir lapor spt  bulan apa ya min ?"
18083576675055771,2026-03-31T15:16:36+00:00,0,https://www.instagram.com/p/DUFPyntkuvi/,https://www.instagram.com/p/DUFPyntkuvi/?comment_id=18083576675055771,scraping_instagram,rahmanthmrn,"Kita yg bayar pajak kita yg repot, sistemnya down mulu payah!!!"
18002099594730421,2026-03-31T15:10:47+00:00,0,https://www.instagram.com/p/DUFPyntkuvi/,https://www.instagram.com/p/DUFPyntkuvi/?comment_id=18002099594730421,scraping_instagram,devi_dini,Aplikasinya tuh benerin susah bener verifikasi. Ga jelas . Kalau ga siap ga usah bikin peraturan aneh2 kaji dulu punya akal di pakai. Aneh ! Ngabisin uang pajak w aja.
18066100646665911,2026-03-31T14:34:42+00:00,0,https://www.instagram.com/p/DUFPyntkuvi/,https://www.instagram.com/p/DUFPyntkuvi/?comment_id=18066100646665911,scraping_instagram,imamsatriatama,"Udh gua yg bayar pajak, gua yg d paksa lapor.. pas mau lapor aplikasi nya busuk... anj..."
18092899604139903,2026-03-31T14:16:36+00:00,0,https://www.instagram.com/p/DUFPyntkuvi/,https://www.instagram.com/p/DUFPyntkuvi/?comment_id=18092899604139903,scraping_instagram,martinushapoman,PAYAH GK BISA LOGIN MLL DAN ERROR MLL
17966516610045383,2026-03-31T13:56:09+00:00,0,https://www.instagram.com/p/DUFPyntkuvi/,https://www.instagram.com/p/DUFPyntkuvi/?comment_id=17966516610045383,scraping_instagram,sitiendangsari,pph21 potongannya emg gede begitu pak.. hampir 500rb😢
17899413249258114,2026-03-31T13:36:06+00:00,0,https://www.instagram.com/p/DUFPyntkuvi/,https://www.instagram.com/p/DUFPyntkuvi/?comment_id=17899413249258114,scraping_instagram,zldsira,Sya blm lapor 🔥
17925828126090526,2026-03-31T13:15:10+00:00,0,https://www.instagram.com/p/DUFPyntkuvi/,https://www.instagram.com/p/DUFPyntkuvi/?comment_id=17925828126090526,scraping_instagram,rianseptiyawan7,
18033181496798922,2026-03-31T13:07:23+00:00,0,https://www.instagram.com/p/DUFPyntkuvi/,https://www.instagram.com/p/DUFPyntkuvi/?comment_id=18033181496798922,scraping_instagram,setiawanarrasyid,Ribet aslina min
18579003178013182,2026-03-31T12:43:26+00:00,0,https://www.instagram.com/p/DUFPyntkuvi/,https://www.instagram.com/p/DUFPyntkuvi/?comment_id=18579003178013182,scraping_instagram,alty.digitalidentity,context down in 31 maret sore
18076815251421841,2026-03-31T12:21:54+00:00,0,https://www.instagram.com/p/DUFPyntkuvi/,https://www.instagram.com/p/DUFPyntkuvi/?comment_id=18076815251421841,scraping_instagram,mrs.diniati,Min jadi ga diperpanjang pelaporan utk wp pp?
18077854292435874,2026-03-31T11:54:26+00:00,0,https://www.instagram.com/p/DUFPyntkuvi/,https://www.instagram.com/p/DUFPyntkuvi/?comment_id=18077854292435874,scraping_instagram,pangestu_wisnuu,Web lu benerin dulu crash nohh😂
18084171611460945,2026-03-31T11:51:07+00:00,0,https://www.instagram.com/p/DUFPyntkuvi/,https://www.instagram.com/p/DUFPyntkuvi/?comment_id=18084171611460945,scraping_instagram,zudafilbs,Ribet banget aplikasi
18005049443713238,2026-03-31T11:12:20+00:00,0,https://www.instagram.com/p/DUFPyntkuvi/,https://www.instagram.com/p/DUFPyntkuvi/?comment_id=18005049443713238,scraping_instagram,kikinnn09,lemot
18171548818405557,2026-03-31T11:08:53+00:00,4,https://www.instagram.com/p/DUFPyntkuvi/,https://www.instagram.com/p/DUFPyntkuvi/?comment_id=18171548818405557,scraping_instagram,ayuye0422,Aplikasinya error terus nih😢
18091349599915961,2026-03-31T11:05:16+00:00,0,https://www.instagram.com/p/DUFPyntkuvi/,https://www.instagram.com/p/DUFPyntkuvi/?comment_id=18091349599915961,scraping_instagram,relyv_artiva,RUWET!
18058503797453624,2026-03-31T10:50:23+00:00,1,https://www.instagram.com/p/DUFPyntkuvi/,https://www.instagram.com/p/DUFPyntkuvi/?comment_id=18058503797453624,scraping_instagram,rikalibriati,"Website coretax susah d akses min,"
18072783815541412,2026-03-31T10:41:53+00:00,0,https://www.instagram.com/p/DUFPyntkuvi/,https://www.instagram.com/p/DUFPyntkuvi/?comment_id=18072783815541412,scraping_instagram,wahyu_wj,Per jam 17:16 gak bisa di akses
18110398099813136,2026-03-31T10:39:55+00:00,5,https://www.instagram.com/p/DUFPyntkuvi/,https://www.instagram.com/p/DUFPyntkuvi/?comment_id=18110398099813136,scraping_instagram,mrnaeko,"hari ini adalah hari terakhir batas pelaporan pajak, namun saat kami mau lapor, situs pajak eror dan buffer terus menerus sejak pagi. Apakah kami akan terkena denda keterlambatan? @ditjenpajakri"
18131979766544286,2026-03-31T10:21:01+00:00,0,https://www.instagram.com/p/DUFPyntkuvi/,https://www.instagram.com/p/DUFPyntkuvi/?comment_id=18131979766544286,scraping_instagram,richardsa84,Pukul 17.20 aplikasi Coretax error ya Pakk
18112421413666037,2026-03-31T10:17:32+00:00,0,https://www.instagram.com/p/DUFPyntkuvi/,https://www.instagram.com/p/DUFPyntkuvi/?comment_id=18112421413666037,scraping_instagram,searchengine0,RIBET TOTTTTT GA BISA LOGIN NIH GUE
18000624683873864,2026-03-31T09:56:33+00:00,0,https://www.instagram.com/p/DUFPyntkuvi/,https://www.instagram.com/p/DUFPyntkuvi/?comment_id=18000624683873864,scraping_instagram,yourbaestieluv,"Pusing bgt sumpah jadi badmood gara gara website mu bobrok parah, mau lapor aja dipersulit, padahal kan yg harusnya lapor anda semua ini."
18060742571390985,2026-03-31T09:55:42+00:00,0,https://www.instagram.com/p/DUFPyntkuvi/,https://www.instagram.com/p/DUFPyntkuvi/?comment_id=18060742571390985,scraping_instagram,yourbaestieluv,"Susah bgt buset nge lapor pajak aja ribet bgt webnya lemot parah pusing sampe badmood asli, lapor sendiri ajalah."
18016313162670051,2026-03-31T09:46:56+00:00,0,https://www.instagram.com/p/DUFPyntkuvi/,https://www.instagram.com/p/DUFPyntkuvi/?comment_id=18016313162670051,scraping_instagram,ceviwahyudi18,"Udah mah dipotong, disuruh lapor pulak, trs org pajak kerjanya ngapain😅"
18105172877307532,2026-03-31T08:36:03+00:00,0,https://www.instagram.com/p/DUFPyntkuvi/,https://www.instagram.com/p/DUFPyntkuvi/?comment_id=18105172877307532,scraping_instagram,rizalvixion0,Admin ga ada nanggapin keluhan 😂 AFK langsung @ditjenpajakri
18051113993524828,2026-03-31T08:09:29+00:00,0,https://www.instagram.com/p/DUFPyntkuvi/,https://www.instagram.com/p/DUFPyntkuvi/?comment_id=18051113993524828,scraping_instagram,baskara_dpb,"Gua dapet thr cuma setahun sekali, lu potong seakan penghasilan pertahun gua udah ratusan juta. Yang bener aja kimak"
18139566790452692,2026-03-31T07:43:51+00:00,0,https://www.instagram.com/p/DUFPyntkuvi/,https://www.instagram.com/p/DUFPyntkuvi/?comment_id=18139566790452692,scraping_instagram,lav0itr,Halo Min @ditjenpajakri  kode verif nomor hp tidak kunjung masuk. Solusinya bagaimana ya? Terima kasih
18068530793362078,2026-03-31T07:37:28+00:00,0,https://www.instagram.com/p/DUFPyntkuvi/,https://www.instagram.com/p/DUFPyntkuvi/?comment_id=18068530793362078,scraping_instagram,killuaa_o,"NYUSAHIN GOBLOK, BOOMER TOLOLL...GW BAYSR PAJAK DARI GAJI DI POTONG,APA2 DI KENAIN PAJAK...TAPI NGELAPOR SUSAH, BORO2 DI LAPORIN...EMNG BRENGSEKK"
18087072242262751,2026-03-31T07:35:30+00:00,0,https://www.instagram.com/p/DUFPyntkuvi/,https://www.instagram.com/p/DUFPyntkuvi/?comment_id=18087072242262751,scraping_instagram,andhika.afm,Daftar coretax susah amat
17929367949247104,2026-03-31T07:19:58+00:00,0,https://www.instagram.com/p/DUFPyntkuvi/,https://www.instagram.com/p/DUFPyntkuvi/?comment_id=17929367949247104,scraping_instagram,syauqi.husin,"Web Taek, developer kontol, infrastruktur sampah, UI kayak ga bisa hire frontend Dev ANJENG"
17856075960632510,2026-03-31T07:18:00+00:00,0,https://www.instagram.com/p/DUFPyntkuvi/,https://www.instagram.com/p/DUFPyntkuvi/?comment_id=17856075960632510,scraping_instagram,suthio___,Hallo sistemnya bisa diperbaiki dengan benar kah min
18336137065173130,2026-03-31T07:06:52+00:00,1,https://www.instagram.com/p/DUFPyntkuvi/,https://www.instagram.com/p/DUFPyntkuvi/?comment_id=18336137065173130,scraping_instagram,riduannn_f,Admin babi
18063368132350590,2026-03-31T06:58:33+00:00,0,https://www.instagram.com/p/DUFPyntkuvi/,https://www.instagram.com/p/DUFPyntkuvi/?comment_id=18063368132350590,scraping_instagram,s.muhammadfarisi,DIRJEN PAJAK TOLOL
18058610291448941,2026-03-31T06:58:27+00:00,0,https://www.instagram.com/p/DUFPyntkuvi/,https://www.instagram.com/p/DUFPyntkuvi/?comment_id=18058610291448941,scraping_instagram,s.muhammadfarisi,TOLOL
18093414155039378,2026-03-31T06:58:25+00:00,0,https://www.instagram.com/p/DUFPyntkuvi/,https://www.instagram.com/p/DUFPyntkuvi/?comment_id=18093414155039378,scraping_instagram,edysam48,"saya mau laporan SPT tahunan, tp lupa pasword saat login, terus diminta ganti pasword, ajaibnya pas diklik tautan yang dikirim via email, ternyata ga bisa, alias ga aktif. Dicoba berkali kali tetap ga bisa. Akhirnya ya sudah, tahun ini gak lapor SPT. Bukan kesalahan saya, tapi kesalahan tautan yang dikirim dari dpj itu tidak aktif."
17967740454020569,2026-03-31T06:58:19+00:00,0,https://www.instagram.com/p/DUFPyntkuvi/,https://www.instagram.com/p/DUFPyntkuvi/?comment_id=17967740454020569,scraping_instagram,s.muhammadfarisi,TOLOL
18042701336777448,2026-03-31T06:39:08+00:00,0,https://www.instagram.com/p/DUFPyntkuvi/,https://www.instagram.com/p/DUFPyntkuvi/?comment_id=18042701336777448,scraping_instagram,madwanz64,"Siang kak, saya sedang coba membuat konsep SPT tetapi saat pemilihan periode untuk SPT Tahunan sudah tidak ada opsi yang bisa saya pilih"
18078236072450285,2026-03-31T05:55:28+00:00,0,https://www.instagram.com/p/DUFPyntkuvi/,https://www.instagram.com/p/DUFPyntkuvi/?comment_id=18078236072450285,scraping_instagram,kangyanres,"Udah bayar pajak ko repot harus lapor lagi. Harusnya kalian yg lapor ke kita, benerin aplikasi coretaxnya masih banyak bug. Thx"
18056913176470849,2026-03-31T05:43:41+00:00,0,https://www.instagram.com/p/DUFPyntkuvi/,https://www.instagram.com/p/DUFPyntkuvi/?comment_id=18056913176470849,scraping_instagram,andidwinugraha,Coretax tai
18076962638530023,2026-03-31T05:39:33+00:00,0,https://www.instagram.com/p/DUFPyntkuvi/,https://www.instagram.com/p/DUFPyntkuvi/?comment_id=18076962638530023,scraping_instagram,kannperr,"Woi potongan pajak THR gede banget woi,the real maling berkedok cinta negara 👏"
18080142074106419,2026-03-31T05:26:40+00:00,0,https://www.instagram.com/p/DUFPyntkuvi/,https://www.instagram.com/p/DUFPyntkuvi/?comment_id=18080142074106419,scraping_instagram,yrrymandala14,ikut campur bat lu
18572598616049168,2026-03-31T05:25:36+00:00,0,https://www.instagram.com/p/DUFPyntkuvi/,https://www.instagram.com/p/DUFPyntkuvi/?comment_id=18572598616049168,scraping_instagram,mr.hutahean,Eh Kontol itu aplikasi kau eror...
18030767558796132,2026-03-31T05:22:23+00:00,0,https://www.instagram.com/p/DUFPyntkuvi/,https://www.instagram.com/p/DUFPyntkuvi/?comment_id=18030767558796132,scraping_instagram,sultandzk,"Permisi, saya sedang membuat NPWP PT Perseorangan, akan tetapi di website Coretax terdapat pemberitahuan “Tanggal Keputusan Pengesahan Tidak Valid”, saya sudah mendatangi kantor pajak tegal @pajaktegal akan tetapi masih belum menemukan solusianya, katanya mau ditanyakan ke kantor pusat, karena baru pertama kali melihat SK PT Perseorangan yang baru dari @djahu_kemenkum . Kemudian saya diminta untuk menunggu dan akan dihubungi melalui nomor Whatsapp, itu bagaiamana ya ? ko bisa seperti itu ? solusinya bagaimana ?"
18084656714363548,2026-03-31T05:02:51+00:00,0,https://www.instagram.com/p/DUFPyntkuvi/,https://www.instagram.com/p/DUFPyntkuvi/?comment_id=18084656714363548,scraping_instagram,masjulvan,Web u sampah 🙏🏻🙏🏻🙏🏻🙏🏻
17974092810007498,2026-03-31T04:54:41+00:00,0,https://www.instagram.com/p/DUFPyntkuvi/,https://www.instagram.com/p/DUFPyntkuvi/?comment_id=17974092810007498,scraping_instagram,rd_nsyh26,erorrrrr
17916226512147017,2026-03-31T04:43:17+00:00,0,https://www.instagram.com/p/DUFPyntkuvi/,https://www.instagram.com/p/DUFPyntkuvi/?comment_id=17916226512147017,scraping_instagram,antgik_,Ribettt
17993716064928005,2026-03-31T04:40:52+00:00,0,https://www.instagram.com/p/DUFPyntkuvi/,https://www.instagram.com/p/DUFPyntkuvi/?comment_id=17993716064928005,scraping_instagram,infhzl,TAPI GABISA SAYA LOGIN DARI PAGI
17852730495641470,2026-03-31T04:23:32+00:00,0,https://www.instagram.com/p/DUFPyntkuvi/,https://www.instagram.com/p/DUFPyntkuvi/?comment_id=17852730495641470,scraping_instagram,paullyaelahhhh,"situs webmu busuk, mau masuk lag bgt kntot"
18084493124199993,2026-03-31T04:22:49+00:00,0,https://www.instagram.com/p/DUFPyntkuvi/,https://www.instagram.com/p/DUFPyntkuvi/?comment_id=18084493124199993,scraping_instagram,irariska21_,Ribetttt ga sukaaaaa
17872887078579059,2026-03-31T04:16:30+00:00,1,https://www.instagram.com/p/DUFPyntkuvi/,https://www.instagram.com/p/DUFPyntkuvi/?comment_id=17872887078579059,scraping_instagram,salsa.firdausia,Coretax error ga bs kerja😢
17994753488942390,2026-03-31T04:09:18+00:00,0,https://www.instagram.com/p/DUFPyntkuvi/,https://www.instagram.com/p/DUFPyntkuvi/?comment_id=17994753488942390,scraping_instagram,yoga_shinigami,gabut gak ada kerjaan buat yang baru
17856222447631315,2026-03-31T04:08:50+00:00,4,https://www.instagram.com/p/DUFPyntkuvi/,https://www.instagram.com/p/DUFPyntkuvi/?comment_id=17856222447631315,scraping_instagram,hogiartha.sutiono,"Halo, coretax g bisa diaksesss"
18201616051339268,2026-03-31T04:08:37+00:00,0,https://www.instagram.com/p/DUFPyntkuvi/,https://www.instagram.com/p/DUFPyntkuvi/?comment_id=18201616051339268,scraping_instagram,yoga_shinigami,asu
18096314657090041,2026-03-31T04:08:17+00:00,0,https://www.instagram.com/p/DUFPyntkuvi/,https://www.instagram.com/p/DUFPyntkuvi/?comment_id=18096314657090041,scraping_instagram,yoga_shinigami,situs gendeng anj114g
18199725100354572,2026-03-31T03:56:09+00:00,1,https://www.instagram.com/p/DUFPyntkuvi/,https://www.instagram.com/p/DUFPyntkuvi/?comment_id=18199725100354572,scraping_instagram,ikhsanmakrobin,Aplikasi error pak tolong proses lah
18057007997702631,2026-03-31T03:55:59+00:00,0,https://www.instagram.com/p/DUFPyntkuvi/,https://www.instagram.com/p/DUFPyntkuvi/?comment_id=18057007997702631,scraping_instagram,iin.fatimah_,Min balikin pemindahbukuan min ribet banget salah kode harus pengembalian
18086222216216567,2026-03-31T03:20:44+00:00,0,https://www.instagram.com/p/DUFPyntkuvi/,https://www.instagram.com/p/DUFPyntkuvi/?comment_id=18086222216216567,scraping_instagram,ynra91,Batas lapor pajak
18431587057136668,2026-03-31T03:15:48+00:00,0,https://www.instagram.com/p/DUFPyntkuvi/,https://www.instagram.com/p/DUFPyntkuvi/?comment_id=18431587057136668,scraping_instagram,syafrianda.ikhsan,Ini kok pajak penghasilan habis lebaran naik 6x lipat😭. Padahal gaji ga seberapa lagi
18078168881133191,2026-03-31T03:02:07+00:00,0,https://www.instagram.com/p/DUFPyntkuvi/,https://www.instagram.com/p/DUFPyntkuvi/?comment_id=18078168881133191,scraping_instagram,nkhairnssa,ribet najis
18000552224872097,2026-03-31T02:18:17+00:00,0,https://www.instagram.com/p/DUFPyntkuvi/,https://www.instagram.com/p/DUFPyntkuvi/?comment_id=18000552224872097,scraping_instagram,mutiaracristine,"Irregular tax Lu ga ngotak sumpah!!!
Negara pangkasannya ga kira kira!!!"
18261648535293610,2026-03-31T02:13:02+00:00,0,https://www.instagram.com/p/DUFPyntkuvi/,https://www.instagram.com/p/DUFPyntkuvi/?comment_id=18261648535293610,scraping_instagram,yopy_yuliawan,Error terus ... Gimana mau lapor kalau sistem kalian se lemot ini
17869989438488316,2026-03-31T02:07:34+00:00,1,https://www.instagram.com/p/DUFPyntkuvi/,https://www.instagram.com/p/DUFPyntkuvi/?comment_id=17869989438488316,scraping_instagram,kunsi.athi,Kalau belum siap dengan penggunaan sistem dengan segala database yang besar dan server yang mumpuni. Tolong dikaji ulang. Kita lapor ke kantor pajak yang pekerja harus ijin dari kantor. Mana ijin dipotong gaji.
18096828554049807,2026-03-31T01:08:53+00:00,1,https://www.instagram.com/p/DUFPyntkuvi/,https://www.instagram.com/p/DUFPyntkuvi/?comment_id=18096828554049807,scraping_instagram,wayan_oka06,@yudajaya5 amah blulong gen pis masyarakat e yan😂
18397492894148918,2026-03-31T00:41:33+00:00,0,https://www.instagram.com/p/DUFPyntkuvi/,https://www.instagram.com/p/DUFPyntkuvi/?comment_id=18397492894148918,scraping_instagram,mhmmdsigani,segala bikin sistem baru wkwk
18128840590496385,2026-03-30T18:14:56+00:00,0,https://www.instagram.com/p/DUFPyntkuvi/,https://www.instagram.com/p/DUFPyntkuvi/?comment_id=18128840590496385,scraping_instagram,rrintiss92,link aktivasi nya ga masuk2 ke email miinn 😢😢
17933279061214967,2026-03-30T15:41:14+00:00,0,https://www.instagram.com/p/DUFPyntkuvi/,https://www.instagram.com/p/DUFPyntkuvi/?comment_id=17933279061214967,scraping_instagram,atrismochaa,"Susah bgt login min. Gimana nih? Ribet bgt verifikasi berkali2 lewat no TLP atau email gak muncul2. Malah ke ""atur password"". Nanti giliran saya gak lapor, saya kena denda 😢"
17914638768342557,2026-03-30T13:39:45+00:00,0,https://www.instagram.com/p/DUFPyntkuvi/,https://www.instagram.com/p/DUFPyntkuvi/?comment_id=17914638768342557,scraping_instagram,free2kpg,"Apa gunanya LAPOR PAJAK? Kenapa gak selesai bayar ya udh, ga usah pake LAPOR2. Harusnya kan KALIAN yg bikin LAPORAN! Kita yg bayar GAJI KALIAN 🤮🤮🤮🤮"
17852454579646198,2026-03-30T13:05:30+00:00,2,https://www.instagram.com/p/DUFPyntkuvi/,https://www.instagram.com/p/DUFPyntkuvi/?comment_id=17852454579646198,scraping_instagram,dziva_fkc,"😢😢😢 min tahap 3 kode otp masuk tapi gak bisa klik lanjut,habis in pulsa min😢"
18099184783800537,2026-03-30T12:36:10+00:00,0,https://www.instagram.com/p/DUFPyntkuvi/,https://www.instagram.com/p/DUFPyntkuvi/?comment_id=18099184783800537,scraping_instagram,pipoooyyy_______,"halo min, saya mau buat npwp online kan di coretax, tapi kok pas tahap data nomor hp dan email tidak bisa di klik tombol LANJUT nya yaa ? padahal masuk kok otp di email dan nomor hp"
17890051065333448,2026-03-30T12:24:31+00:00,0,https://www.instagram.com/p/DUFPyntkuvi/,https://www.instagram.com/p/DUFPyntkuvi/?comment_id=17890051065333448,scraping_instagram,ishak_ns,Aplikasi sampah nya tlg dierbaiki this site can't be reach terus
17910345873183901,2026-03-30T11:48:23+00:00,0,https://www.instagram.com/p/DUFPyntkuvi/,https://www.instagram.com/p/DUFPyntkuvi/?comment_id=17910345873183901,scraping_instagram,didai_08,Websitenya bummer banget gilaa ribet anjg
18110381104701513,2026-03-30T11:42:37+00:00,0,https://www.instagram.com/p/DUFPyntkuvi/,https://www.instagram.com/p/DUFPyntkuvi/?comment_id=18110381104701513,scraping_instagram,ragilpham,"Lu anjing, bikin web yg bener kek setan, udah habis pulsaku gegara nyepam web sampahmu itu cok"
18123370285609401,2026-03-30T11:31:30+00:00,0,https://www.instagram.com/p/DUFPyntkuvi/,https://www.instagram.com/p/DUFPyntkuvi/?comment_id=18123370285609401,scraping_instagram,anjingkecepit,"app sampah, orang pajak sampah semua gak guna😂"
18109737052692003,2026-03-30T11:05:35+00:00,0,https://www.instagram.com/p/DUFPyntkuvi/,https://www.instagram.com/p/DUFPyntkuvi/?comment_id=18109737052692003,scraping_instagram,velvetttddreams,Udah dicoba 1000x belum bisa login terus
18131903914558926,2026-03-30T11:05:20+00:00,0,https://www.instagram.com/p/DUFPyntkuvi/,https://www.instagram.com/p/DUFPyntkuvi/?comment_id=18131903914558926,scraping_instagram,velvetttddreams,Error terus astaghfirullah
18072312458539207,2026-03-30T11:03:25+00:00,0,https://www.instagram.com/p/DUFPyntkuvi/,https://www.instagram.com/p/DUFPyntkuvi/?comment_id=18072312458539207,scraping_instagram,vinnyfitriani05,"Tolong dong diperpanjang waktu pelaporannya, byk yg blm bisa sistemnya,"
18132009283535065,2026-03-30T09:51:00+00:00,0,https://www.instagram.com/p/DUFPyntkuvi/,https://www.instagram.com/p/DUFPyntkuvi/?comment_id=18132009283535065,scraping_instagram,fasaayoze_,Ruwet garai geger wong omah ae
18099624424787496,2026-03-30T08:28:49+00:00,0,https://www.instagram.com/p/DUFPyntkuvi/,https://www.instagram.com/p/DUFPyntkuvi/?comment_id=18099624424787496,scraping_instagram,mira_setyani02,"Izin tanya, klo ada case kurang bayar atau lebih bayar itu harus di gimana ?? Mohon pencerahan nya"
17953909806095921,2026-03-30T07:49:23+00:00,0,https://www.instagram.com/p/DUFPyntkuvi/,https://www.instagram.com/p/DUFPyntkuvi/?comment_id=17953909806095921,scraping_instagram,aditiahakim01,"Lu yg ngambil pajak, kita yg lapor, lu juga memperkaya lu sendiri dan keluarga lu, mana buat laporan susah lagi, taik-taik sistem pajak"
17868434577600625,2026-03-30T07:35:59+00:00,0,https://www.instagram.com/p/DUFPyntkuvi/,https://www.instagram.com/p/DUFPyntkuvi/?comment_id=17868434577600625,scraping_instagram,_degodego_,Ribeeeeet... 😂
17878425828418868,2026-03-30T07:24:19+00:00,0,https://www.instagram.com/p/DUFPyntkuvi/,https://www.instagram.com/p/DUFPyntkuvi/?comment_id=17878425828418868,scraping_instagram,kenny_dpardosi,kek mana web kalian ini gak bisa buat tanggal di reinvestasi. hancurrr hancurr
18098834086814402,2026-03-30T07:17:00+00:00,1,https://www.instagram.com/p/DUFPyntkuvi/,https://www.instagram.com/p/DUFPyntkuvi/?comment_id=18098834086814402,scraping_instagram,grintrihos,LAPOR PAJAK CUMA NYUSAHIN RAKYAT!!!
18077767679623515,2026-03-30T07:15:11+00:00,5,https://www.instagram.com/p/DUFPyntkuvi/,https://www.instagram.com/p/DUFPyntkuvi/?comment_id=18077767679623515,scraping_instagram,grintrihos,"WOI MAU LAPOR PAJAK AJA SUSAHNYA MINTA AMPUN!!!! UANG JANGAN DIKORUPSI. BIKIN WEBSITE YG BENER. APLIKASI LU ERROR YA PEMERINTAH GA BECUS. LIVE CHAT JUGA GA BECUS!!! CORETAX NGERIBETIN!!! NANTI KALO GA DIBAYAR, KITA PULA YG KENA DENDA PADAHAL WEBSITE TOLOL KALIAN YG NGGAK BECUS!!!! MAU LAPOR AJA RIBETNYA MINTA AMPUN!!!! HIDUP UDAH SUSAH. MASIH HARUS LAPOR PAJAK. MASIH HARUS NGURUSIN KALIAN YG NGGAK BECUS BIKIN WEBSITE!!!!"
17922745275273247,2026-03-30T05:59:14+00:00,0,https://www.instagram.com/p/DUFPyntkuvi/,https://www.instagram.com/p/DUFPyntkuvi/?comment_id=17922745275273247,scraping_instagram,sabilarama__,"Min, masak web sekelas pemerintah error terus buat buka page lain di coretax 😪"
18077570882434893,2026-03-30T05:44:45+00:00,0,https://www.instagram.com/p/DUFPyntkuvi/,https://www.instagram.com/p/DUFPyntkuvi/?comment_id=18077570882434893,scraping_instagram,swaaaaheb,"""Tidak menerima DM"" 🙌🙌🙌"
18109167808653695,2026-03-30T05:15:59+00:00,0,https://www.instagram.com/p/DUFPyntkuvi/,https://www.instagram.com/p/DUFPyntkuvi/?comment_id=18109167808653695,scraping_instagram,ririrgm,@ditjenpajakri
18386227960083593,2026-03-30T05:15:40+00:00,0,https://www.instagram.com/p/DUFPyntkuvi/,https://www.instagram.com/p/DUFPyntkuvi/?comment_id=18386227960083593,scraping_instagram,ririrgm,Koq aku gak bisa klik masukin no rek pribadi untuk kelebihan pajak?
18160313050436581,2026-03-30T04:55:12+00:00,0,https://www.instagram.com/p/DUFPyntkuvi/,https://www.instagram.com/p/DUFPyntkuvi/?comment_id=18160313050436581,scraping_instagram,iqbal_jaka_pratama,"Nyusahin, mau ngaktifin akun tapi email sama nomer telpon salah terus. Suruh telpon help desk tapi ga pernah nyambung. Maunya apa? Duit dipotong kerja ga jelas. Siap2 tanggung jawab di akherat yaaa"
18082136609375503,2026-03-30T04:49:25+00:00,0,https://www.instagram.com/p/DUFPyntkuvi/,https://www.instagram.com/p/DUFPyntkuvi/?comment_id=18082136609375503,scraping_instagram,clarita_evelyn,Jika data harta istri tdk masuk ke spt suami bagaimana cara utk gabung spt ya?
18575205190004154,2026-03-30T04:20:07+00:00,0,https://www.instagram.com/p/DUFPyntkuvi/,https://www.instagram.com/p/DUFPyntkuvi/?comment_id=18575205190004154,scraping_instagram,mamagitanya,Aku mau aktivasi NPWP nggak bisa bisa etdah..gk bisa diklik verifikasi.
18164042587421219,2026-03-30T04:06:41+00:00,0,https://www.instagram.com/p/DUFPyntkuvi/,https://www.instagram.com/p/DUFPyntkuvi/?comment_id=18164042587421219,scraping_instagram,sashahaziq,Pajak lebih bayar gmn solusinya??
18460303069100431,2026-03-30T02:38:40+00:00,0,https://www.instagram.com/p/DUFPyntkuvi/,https://www.instagram.com/p/DUFPyntkuvi/?comment_id=18460303069100431,scraping_instagram,irwan_erick_van_lessy,"BANGSAT BETUL INI KANTOR PAJAK MAKASSAR, KAMI SUDAH YG BAYAR PAJAK, LAPOR PAJAK ANTRIANNYA LAMA MALAH DI PIMPONG2 LAGI, YG JARAK GEDUNGNYA JAUH SEKALI...!!"
18082716881457275,2026-03-30T02:31:15+00:00,0,https://www.instagram.com/p/DUFPyntkuvi/,https://www.instagram.com/p/DUFPyntkuvi/?comment_id=18082716881457275,scraping_instagram,immatchaa__,RIBETTT!!!
17999173439745127,2026-03-30T02:23:35+00:00,0,https://www.instagram.com/p/DUFPyntkuvi/,https://www.instagram.com/p/DUFPyntkuvi/?comment_id=17999173439745127,scraping_instagram,hasian_oyi,"uang saya yg diambil malah saya yg harus lapor, sistem tolol"
17969521230031958,2026-03-30T01:30:49+00:00,0,https://www.instagram.com/p/DUFPyntkuvi/,https://www.instagram.com/p/DUFPyntkuvi/?comment_id=17969521230031958,scraping_instagram,rahma_muhardi,"Coretax error, mau lapor pajak pun ribet, kalau gk bayar pajak di denda"
18414730345120557,2026-03-30T01:18:09+00:00,0,https://www.instagram.com/p/DUFPyntkuvi/,https://www.instagram.com/p/DUFPyntkuvi/?comment_id=18414730345120557,scraping_instagram,yudiguntara023,Ripuhh website na
18078499613121079,2026-03-30T01:14:04+00:00,1,https://www.instagram.com/p/DUFPyntkuvi/,https://www.instagram.com/p/DUFPyntkuvi/?comment_id=18078499613121079,scraping_instagram,ffnaufal999,"Tidak bisa login terus, padahal id dan pass sudah betul. Sudah di reset tetep aja ga bisa. Mau lapor aja dipersulit"
18097935601961819,2026-03-30T01:03:28+00:00,0,https://www.instagram.com/p/DUFPyntkuvi/,https://www.instagram.com/p/DUFPyntkuvi/?comment_id=18097935601961819,scraping_instagram,natasya.yasmin09,Min coretax dr semalem ga bisa dibuka😢
18071034854257519,2026-03-30T00:39:06+00:00,0,https://www.instagram.com/p/DUFPyntkuvi/,https://www.instagram.com/p/DUFPyntkuvi/?comment_id=18071034854257519,scraping_instagram,picklesmicky,Isinya ditjenpajak maling semua
18410480182133477,2026-03-29T23:43:32+00:00,0,https://www.instagram.com/p/DUFPyntkuvi/,https://www.instagram.com/p/DUFPyntkuvi/?comment_id=18410480182133477,scraping_instagram,moch_dedys,🔥Instansi paling gak guna🔥
18107699746853371,2026-03-29T23:39:04+00:00,0,https://www.instagram.com/p/DUFPyntkuvi/,https://www.instagram.com/p/DUFPyntkuvi/?comment_id=18107699746853371,scraping_instagram,doni_lodan,"coretax eror lagi kah, pagi ini webnya tidak bisa diakses 😢"
18124283185591350,2026-03-29T20:15:34+00:00,0,https://www.instagram.com/p/DUFPyntkuvi/,https://www.instagram.com/p/DUFPyntkuvi/?comment_id=18124283185591350,scraping_instagram,dimsum4ddict,"Kok bisa instansi pemerintah nutup DM?!! Orang yang bingung gegara koretak koretek ini jadi gak bisa buat tanya2, kalo nanya di komen mana mungkin dibales! BUKA DM SEKARANG!!!!!"
18204810211332323,2026-03-29T16:40:42+00:00,0,https://www.instagram.com/p/DUFPyntkuvi/,https://www.instagram.com/p/DUFPyntkuvi/?comment_id=18204810211332323,scraping_instagram,aryromadhona,"Agama minta 2,5% bila mampu, ini pajak udah gede, macam nya banyak (PPH,PPN, NATURA). Udah dipotong pajak suruh lapor lagi, gak lapor kena denda. Anj** emang"
17943162843000472,2026-03-29T16:35:21+00:00,1,https://www.instagram.com/p/DUFPyntkuvi/,https://www.instagram.com/p/DUFPyntkuvi/?comment_id=17943162843000472,scraping_instagram,monikanasya,Sistem ribet 👏
18099688433482367,2026-03-29T14:45:00+00:00,0,https://www.instagram.com/p/DUFPyntkuvi/,https://www.instagram.com/p/DUFPyntkuvi/?comment_id=18099688433482367,scraping_instagram,andhimarwati,😢
18076736672428830,2026-03-29T14:44:08+00:00,0,https://www.instagram.com/p/DUFPyntkuvi/,https://www.instagram.com/p/DUFPyntkuvi/?comment_id=18076736672428830,scraping_instagram,lion_donovan,SPt ribet ..
18149217529476362,2026-03-29T13:28:44+00:00,0,https://www.instagram.com/p/DUFPyntkuvi/,https://www.instagram.com/p/DUFPyntkuvi/?comment_id=18149217529476362,scraping_instagram,chan_lie10,Tolol
17904677946221051,2026-03-29T13:02:03+00:00,2,https://www.instagram.com/p/DUFPyntkuvi/,https://www.instagram.com/p/DUFPyntkuvi/?comment_id=17904677946221051,scraping_instagram,hasbro.fa,"Websitenya error, ga bisa masuk"
18012304853844173,2026-03-29T12:33:32+00:00,0,https://www.instagram.com/p/DUFPyntkuvi/,https://www.instagram.com/p/DUFPyntkuvi/?comment_id=18012304853844173,scraping_instagram,sulawesi_mantap,"Berarti mereka ni kerja nnti pas awal tahun aj, sisanya ngapain yah? Atau disibukin sendiri kali, guna mereka nih ap? Mempersulit masyarakat!"
17991643052777710,2026-03-29T12:31:43+00:00,0,https://www.instagram.com/p/DUFPyntkuvi/,https://www.instagram.com/p/DUFPyntkuvi/?comment_id=17991643052777710,scraping_instagram,ffhjnfjkkbdk,"@prabowo semoga beliau lihat keluhan masyarakat di sini, jika beliau yg pegang sosmednya bukan orang lain yg pegang🙏🏼"
18400339342150001,2026-03-29T12:23:22+00:00,0,https://www.instagram.com/p/DUFPyntkuvi/,https://www.instagram.com/p/DUFPyntkuvi/?comment_id=18400339342150001,scraping_instagram,lenimarlena,Error min?
18096450641042815,2026-03-29T11:19:32+00:00,0,https://www.instagram.com/p/DUFPyntkuvi/,https://www.instagram.com/p/DUFPyntkuvi/?comment_id=18096450641042815,scraping_instagram,muhammad_imron666,Pak yokpo iki aplikasine coretax koyok taek. Mbulet koyok jembut
18146158069471371,2026-03-29T10:04:42+00:00,0,https://www.instagram.com/p/DUFPyntkuvi/,https://www.instagram.com/p/DUFPyntkuvi/?comment_id=18146158069471371,scraping_instagram,anditiya.oloan,RIBET BANGET INI COROTEX.. TERUTAMA RESET KATA SANDI EMAIL SALAH LAH NIK SALAH LAH.. PADAHAL SUDAH BENAR SEMUA..!
17946163026138686,2026-03-29T08:18:08+00:00,0,https://www.instagram.com/p/DUFPyntkuvi/,https://www.instagram.com/p/DUFPyntkuvi/?comment_id=17946163026138686,scraping_instagram,benbayoga,"sudah dapat panduannya, tp kenapa pas pilih Penghasilan Tidak Kena Pajak, tidak otomatis berubah, dan selalu “0” angkanya, meskipun udah diganti macam2. Ada yg senasib kah?"
18074157875545724,2026-03-29T07:27:01+00:00,0,https://www.instagram.com/p/DUFPyntkuvi/,https://www.instagram.com/p/DUFPyntkuvi/?comment_id=18074157875545724,scraping_instagram,frmnalvian_,Plenger
18021861488645827,2026-03-29T03:15:07+00:00,0,https://www.instagram.com/p/DUFPyntkuvi/,https://www.instagram.com/p/DUFPyntkuvi/?comment_id=18021861488645827,scraping_instagram,sari_syafiq,"Apakah dimasa perpanjangan laporan SPT, sabtu minggu tetap buka?"
18083080697341338,2026-03-29T02:56:43+00:00,0,https://www.instagram.com/p/DUFPyntkuvi/,https://www.instagram.com/p/DUFPyntkuvi/?comment_id=18083080697341338,scraping_instagram,derirustiawan,Ribet banget mau otp doang 👏👏
17863703193667145,2026-03-29T01:54:15+00:00,0,https://www.instagram.com/p/DUFPyntkuvi/,https://www.instagram.com/p/DUFPyntkuvi/?comment_id=17863703193667145,scraping_instagram,mfaachri,Kerjaan ga jelas
18146623690483557,2026-03-29T01:24:00+00:00,0,https://www.instagram.com/p/DUFPyntkuvi/,https://www.instagram.com/p/DUFPyntkuvi/?comment_id=18146623690483557,scraping_instagram,mestofa_,"Kalian kontol, nyari kerja sendiri, giliran udah dapet pemerintah yang nyomot. kontol emg negara ini 🔥"
17957194676939572,2026-03-29T00:52:44+00:00,0,https://www.instagram.com/p/DUFPyntkuvi/,https://www.instagram.com/p/DUFPyntkuvi/?comment_id=17957194676939572,scraping_instagram,mohamad_yana,Coretax lagi gangguan yaa mau uplod foot gk bisa
18109680247775496,2026-03-28T23:53:48+00:00,0,https://www.instagram.com/p/DUFPyntkuvi/,https://www.instagram.com/p/DUFPyntkuvi/?comment_id=18109680247775496,scraping_instagram,61214_dk,Aset kendaran itu ada istilah depresiasi....anehnya nilai nominal pajak gak mengikuti ini...kalian @ditjenpajakrii @ditjenpajak masih yakin itu halal???!
17983827431809658,2026-03-28T23:47:52+00:00,0,https://www.instagram.com/p/DUFPyntkuvi/,https://www.instagram.com/p/DUFPyntkuvi/?comment_id=17983827431809658,scraping_instagram,ismoyojati,Coretaxdjp gak bisa diakses knp nih?
18568122118014765,2026-03-28T22:46:50+00:00,0,https://www.instagram.com/p/DUFPyntkuvi/,https://www.instagram.com/p/DUFPyntkuvi/?comment_id=18568122118014765,scraping_instagram,man_arulhidayat,"Kalian yang minta pajak, kita pula yang lapor. Mikir dong pake akal, kalian dikasih akal buat mikir. Terus pake dalil ""Kalo ga mau lapor pajak ya silahkan, tapi jangan salahkan kita jika ada administrasi kita persulit. 😣"
17856938139683039,2026-03-28T19:16:25+00:00,0,https://www.instagram.com/p/DUFPyntkuvi/,https://www.instagram.com/p/DUFPyntkuvi/?comment_id=17856938139683039,scraping_instagram,mr.tiooooo,Kenapa harus gonta ganti. Yg ini terlalu rumit dan ribet bikin susah saja dasar tidak berguna kalian.
17856664971593743,2026-03-28T16:57:57+00:00,0,https://www.instagram.com/p/DUFPyntkuvi/,https://www.instagram.com/p/DUFPyntkuvi/?comment_id=17856664971593743,scraping_instagram,pendayung_sampan,Coretax error mulu min
18288728698303604,2026-03-28T15:59:06+00:00,0,https://www.instagram.com/p/DUFPyntkuvi/,https://www.instagram.com/p/DUFPyntkuvi/?comment_id=18288728698303604,scraping_instagram,muhamadrino90,Sebanyak ini yang complain gak ada solusi nya?
17983975925809438,2026-03-28T15:58:06+00:00,0,https://www.instagram.com/p/DUFPyntkuvi/,https://www.instagram.com/p/DUFPyntkuvi/?comment_id=17983975925809438,scraping_instagram,muhamadrino90,"Website lu noh urusin, jangan taubya pajak-pajak doang!!"
17870277540594297,2026-03-28T14:38:19+00:00,0,https://www.instagram.com/p/DUFPyntkuvi/,https://www.instagram.com/p/DUFPyntkuvi/?comment_id=17870277540594297,scraping_instagram,rioandikaaaa,Kita yang bayar pajak kita juga yang harus lapor😂
17905251183384704,2026-03-28T12:33:29+00:00,0,https://www.instagram.com/p/DUFPyntkuvi/,https://www.instagram.com/p/DUFPyntkuvi/?comment_id=17905251183384704,scraping_instagram,sintia916129,"Maaf pak ini pindah perusahaan jadi kurang bayar, sedangkan tiap bulan udah dipotong pajak, apakah masyarakat kerja keras hanya untuk bayar pajak. Ini susah cari kerja mngkanya pindah perusahaan, malah disuruh bayar pajak lagi ldhal tiap bulan udah dipotong sesuai dg penghasilanya.. Emang negeri kknohaa"
18206885482331019,2026-03-28T12:19:40+00:00,0,https://www.instagram.com/p/DUFPyntkuvi/,https://www.instagram.com/p/DUFPyntkuvi/?comment_id=18206885482331019,scraping_instagram,zulfikryarief,Website cacat
18099996002064241,2026-03-28T12:18:31+00:00,0,https://www.instagram.com/p/DUFPyntkuvi/,https://www.instagram.com/p/DUFPyntkuvi/?comment_id=18099996002064241,scraping_instagram,zulfikryarief,Susah bangat website rusak
18194608687358818,2026-03-28T11:36:00+00:00,0,https://www.instagram.com/p/DUFPyntkuvi/,https://www.instagram.com/p/DUFPyntkuvi/?comment_id=18194608687358818,scraping_instagram,tries_nn93,w udh lapor knp awalnya nihil malah kurang bayar dan disuruh bayar lagi
18089931844904053,2026-03-28T11:08:14+00:00,0,https://www.instagram.com/p/DUFPyntkuvi/,https://www.instagram.com/p/DUFPyntkuvi/?comment_id=18089931844904053,scraping_instagram,dp_sub,Pak mohon maaf setelah sy lapor spt tahunan knp ada spam video dan audio call dr alamat email pajak yg fake. Dr mn mrk dpt email sy????? Tlg segera ditindak lanjutin hal spt ini. Klo org yg krg phm pasti diangkat telp nya dan jd alat utk membuka akses
17870688525477610,2026-03-28T09:55:42+00:00,0,https://www.instagram.com/p/DUFPyntkuvi/,https://www.instagram.com/p/DUFPyntkuvi/?comment_id=17870688525477610,scraping_instagram,andyfff_,Kata pak pur bates jadi akhir april kan???
18110637745774217,2026-03-28T08:37:30+00:00,0,https://www.instagram.com/p/DUFPyntkuvi/,https://www.instagram.com/p/DUFPyntkuvi/?comment_id=18110637745774217,scraping_instagram,ssjbati,Webnya ga bisa diakses sekarang
17864852466663792,2026-03-28T07:38:56+00:00,0,https://www.instagram.com/p/DUFPyntkuvi/,https://www.instagram.com/p/DUFPyntkuvi/?comment_id=17864852466663792,scraping_instagram,rizmulyaa20,Ribet banget bos asli
18086873156248298,2026-03-28T07:31:28+00:00,0,https://www.instagram.com/p/DUFPyntkuvi/,https://www.instagram.com/p/DUFPyntkuvi/?comment_id=18086873156248298,scraping_instagram,rainaldygunawan,Ribet
18083714507523557,2026-03-28T04:39:10+00:00,0,https://www.instagram.com/p/DUFPyntkuvi/,https://www.instagram.com/p/DUFPyntkuvi/?comment_id=18083714507523557,scraping_instagram,jomacsosa,"lu bener"" ya, ribet banget"
18079937798091020,2026-03-28T04:38:23+00:00,0,https://www.instagram.com/p/DUFPyntkuvi/,https://www.instagram.com/p/DUFPyntkuvi/?comment_id=18079937798091020,scraping_instagram,safeimuslim,Apakah lapor SPT 2025 di perpanjang sampai 31 April 2026?
17917856967306149,2026-03-28T03:38:37+00:00,0,https://www.instagram.com/p/DUFPyntkuvi/,https://www.instagram.com/p/DUFPyntkuvi/?comment_id=17917856967306149,scraping_instagram,frendyptra,"INI CARA BIAT NPWP KOK RIBET WOE , NEGARA MACAM APA INI RIBET RUWET,SUDAH ISI ALAMAT MASIH SAJA SALAH"
18169670581405722,2026-03-28T02:43:22+00:00,0,https://www.instagram.com/p/DUFPyntkuvi/,https://www.instagram.com/p/DUFPyntkuvi/?comment_id=18169670581405722,scraping_instagram,ubaid_menyok,"Pajak Taek.Udah Bayar,Suruh Laporan kalau tidak Laporan bakal didenda.sekali mau laporan isi formulir sangat susah bahkan beberapa kali selalu gagal..Cok Kontolll"
17958052158081330,2026-03-28T02:31:03+00:00,0,https://www.instagram.com/p/DUFPyntkuvi/,https://www.instagram.com/p/DUFPyntkuvi/?comment_id=17958052158081330,scraping_instagram,albarsimilikity97,Assalamualaikum bisa di bantu dulu gan...🙏🙏
18046843172511936,2026-03-28T01:25:11+00:00,0,https://www.instagram.com/p/DUFPyntkuvi/,https://www.instagram.com/p/DUFPyntkuvi/?comment_id=18046843172511936,scraping_instagram,riski.insanee,Terus kalian dibayar buat apaan kalo masih kita yg ngurusin pelaporan pajak😂
18118148695730703,2026-03-27T21:50:36+00:00,0,https://www.instagram.com/p/DUFPyntkuvi/,https://www.instagram.com/p/DUFPyntkuvi/?comment_id=18118148695730703,scraping_instagram,dhioprastyo,"pak bu, kalo nyuruh kita yg lapor pajak sendiri, minimal itu bahasanya jgn pake bahasa teknis pak bu, pake bahasa orang awam, dipikir semua orang yg lapor orang finance atau perpajakan? mikir"
18102965818929440,2026-03-27T15:28:15+00:00,0,https://www.instagram.com/p/DUFPyntkuvi/,https://www.instagram.com/p/DUFPyntkuvi/?comment_id=18102965818929440,scraping_instagram,arulfasikh,Sumpah birokrasi yg ribet dan ruwet
18077286734417647,2026-03-27T15:01:23+00:00,0,https://www.instagram.com/p/DUFPyntkuvi/,https://www.instagram.com/p/DUFPyntkuvi/?comment_id=18077286734417647,scraping_instagram,_____yzg,harus bannget gw ksana ni. pd hal gue lg libur... d hape eror mulu anj.
17943929952172296,2026-03-27T13:02:00+00:00,2,https://www.instagram.com/p/DUFPyntkuvi/,https://www.instagram.com/p/DUFPyntkuvi/?comment_id=17943929952172296,scraping_instagram,satriayozaka,System down yak min?
18080823275370290,2026-03-27T12:10:39+00:00,0,https://www.instagram.com/p/DUFPyntkuvi/,https://www.instagram.com/p/DUFPyntkuvi/?comment_id=18080823275370290,scraping_instagram,pirohucull,Ribet bgt peraturan anj ...
18004150610856543,2026-03-27T12:00:57+00:00,0,https://www.instagram.com/p/DUFPyntkuvi/,https://www.instagram.com/p/DUFPyntkuvi/?comment_id=18004150610856543,scraping_instagram,syahputraardi,"Gimana cerita tiap gajian dipotong pajak, tapi ketika dilapor pajak malah kurang bayar. 😇😇"
18138518071509986,2026-03-27T11:36:00+00:00,1,https://www.instagram.com/p/DUFPyntkuvi/,https://www.instagram.com/p/DUFPyntkuvi/?comment_id=18138518071509986,scraping_instagram,ms.j_hane2025,"@ditjenpajakri  @purbayayudhi.official @prabowo @gibran_rakabuming @sekretariat.kabinet 

Halo Pak, ijin menyampaikan permintaan aplikasi coretax pada bagian pelaporan SPT untuk ditambahka di bagian Harta khususnya untuk WP Badan agar kami dapat download harta yang sudah tertera di coretax  tidak hanya 50 list sekali download, tetapi harus seperti PPn yang bisa sekali download 1000 list. 

Bayangkan kaau WP Badan punya aset lebih dari 500 khususnya di klasifikasi aset lain, lalu ketika akan unduh data hanya bisa 50 list sekali ekspor . Cape saya berapa halaman berkali unduh. 

Tolong jangan menyulitkan pekerja. Perbaharui lagi coretax nya yang lebih lengkap. 

Terima kasih"
18403724509176516,2026-03-27T11:32:26+00:00,0,https://www.instagram.com/p/DUFPyntkuvi/,https://www.instagram.com/p/DUFPyntkuvi/?comment_id=18403724509176516,scraping_instagram,irwansudarsono,"Taiiii ,gua capek cari duit smpe lembur nahan makan ,cuma buat bayar pajak yg sampe 500ribu ,konT*l"
18094369361276966,2026-03-27T11:10:15+00:00,0,https://www.instagram.com/p/DUFPyntkuvi/,https://www.instagram.com/p/DUFPyntkuvi/?comment_id=18094369361276966,scraping_instagram,nansssssss127,Dari kemarin mau aktivasi akun coretax aja susah banget pertama ga bisa validasi muka berulang ulang sampe gonta ganti device trus otp ga kekirim kirim udah sampe bawah datanya ga bisa di simpan aneh banget aneh nyerah banget capee😔😔😔
18027771662799912,2026-03-27T11:01:59+00:00,2,https://www.instagram.com/p/DUFPyntkuvi/,https://www.instagram.com/p/DUFPyntkuvi/?comment_id=18027771662799912,scraping_instagram,yudyud_0605,"Ini gimanaa bisa pakainya kalau daftarnya aja sulit bukan main.. masalah kode verifikasi seharian ga kelar"""
17954478810104709,2026-03-27T10:19:03+00:00,0,https://www.instagram.com/p/DUFPyntkuvi/,https://www.instagram.com/p/DUFPyntkuvi/?comment_id=17954478810104709,scraping_instagram,danielaquinop_,"Ribetttttt, SPT lebih bayar mau nambah rekening aja, susahnya bukan mainnn, ayoklah katanya aplikasi budget 2T lebih, kualitasnya gini amat , jaman udah serba AI verifikasi pergantian data pribadi masih manual🙂"
18076596032148812,2026-03-27T10:13:24+00:00,10,https://www.instagram.com/p/DUFPyntkuvi/,https://www.instagram.com/p/DUFPyntkuvi/?comment_id=18076596032148812,scraping_instagram,fransiska_angg,"Gak adakah manusia di Dirjen Pajak yg bisa menyederhanakan bahasa & prosedur di formulir SPT? Mumet sejak masih lapor di DJP online! Itu bahasa cuma kalian, org yg kerja di Pajak, yg ngerti!"
18110498941693024,2026-03-27T08:47:17+00:00,0,https://www.instagram.com/p/DUFPyntkuvi/,https://www.instagram.com/p/DUFPyntkuvi/?comment_id=18110498941693024,scraping_instagram,inokimoses,"Gue menganggur negara masa bodo sama sekali gak tau ngadu sama siapa, tapi kalau dah dapat kerja paling depan minta pajak negara ini."
18033519914790058,2026-03-27T08:44:27+00:00,0,https://www.instagram.com/p/DUFPyntkuvi/,https://www.instagram.com/p/DUFPyntkuvi/?comment_id=18033519914790058,scraping_instagram,nr.nurhidayati,Spt op masih belum bisa di download juga ini???
18016317815831970,2026-03-27T07:46:00+00:00,0,https://www.instagram.com/p/DUFPyntkuvi/,https://www.instagram.com/p/DUFPyntkuvi/?comment_id=18016317815831970,scraping_instagram,papanyaameera,"Coretaxmu pengisiannya ribet , masih enak sebelumnya , seharusnya kami sebagai pelapor pajak itu dipermudah , ini saya salah inputan jadi ada kurang bayar 450.000 , udah di potong pph perbulan masih aja kurang bayar"
18269695324288019,2026-03-27T07:15:41+00:00,0,https://www.instagram.com/p/DUFPyntkuvi/,https://www.instagram.com/p/DUFPyntkuvi/?comment_id=18269695324288019,scraping_instagram,wirma_yuliani,Ka @ditjenpajakri mohon info apakah pelaporan SPT pribadi di perpanjang ke bulan April?
17947258361983235,2026-03-27T07:13:58+00:00,0,https://www.instagram.com/p/DUFPyntkuvi/,https://www.instagram.com/p/DUFPyntkuvi/?comment_id=17947258361983235,scraping_instagram,imamtantowii,"Tolong ini punten *nada halus pisan "" Ko ane yg lapor si, kan ane bayar pajak nih, ya kalian lah urusin. Kan dibayar buat urus pajak weh."
18069472265284374,2026-03-27T06:53:35+00:00,0,https://www.instagram.com/p/DUFPyntkuvi/,https://www.instagram.com/p/DUFPyntkuvi/?comment_id=18069472265284374,scraping_instagram,indrasianipar11,Akun coretax terkunci setelah aktifasi
18128763439495532,2026-03-27T06:49:05+00:00,0,https://www.instagram.com/p/DUFPyntkuvi/,https://www.instagram.com/p/DUFPyntkuvi/?comment_id=18128763439495532,scraping_instagram,padasebuahkapal,Lapor SPT orang pribadi diundur 30 april?
17917625331306153,2026-03-27T06:14:19+00:00,0,https://www.instagram.com/p/DUFPyntkuvi/,https://www.instagram.com/p/DUFPyntkuvi/?comment_id=17917625331306153,scraping_instagram,frrhhhf_,Lebih mudah lapor spt pakai e-filling
18314347492282606,2026-03-27T05:11:30+00:00,0,https://www.instagram.com/p/DUFPyntkuvi/,https://www.instagram.com/p/DUFPyntkuvi/?comment_id=18314347492282606,scraping_instagram,cindyrizk,"ini kemarin saya sudah ikut pelatihan coretax namun terdapat pajak yang masih kurang yg harus saya bayar sebesar 3.757.341. sudah saya tanyakan ke orang pajak kemarin, beliau bilang bahwa ini perlu revisi dari cihos karena dibagian pada saat pelaporan pajak tidak dicantumkan nominal Penghasilan Neto dari Pemotongan Sebelumnya, bukan karena belum bayar pajak. karena pasti sudah gaji dipotong lgsg pajaknya. ini gmn ya?? saya gakmau bayar dong kenapa kok uang yg sudah kepotong dipotong potong potong lagi"
17879516268536052,2026-03-27T04:39:59+00:00,0,https://www.instagram.com/p/DUFPyntkuvi/,https://www.instagram.com/p/DUFPyntkuvi/?comment_id=17879516268536052,scraping_instagram,rudipratama_59,Kak @ditjenpajakri pembetulan spt di cortex gimana cara nya?
18060426581689960,2026-03-27T04:20:16+00:00,0,https://www.instagram.com/p/DUFPyntkuvi/,https://www.instagram.com/p/DUFPyntkuvi/?comment_id=18060426581689960,scraping_instagram,angga_enahengahenge_zidanee,Login ae gak isok trus pie lapore iki cuk... Nyusahno ae
18105200692703902,2026-03-27T03:36:27+00:00,0,https://www.instagram.com/p/DUFPyntkuvi/,https://www.instagram.com/p/DUFPyntkuvi/?comment_id=18105200692703902,scraping_instagram,naevirsss,web jelek semua jelek!!!! yanh salah webnya eh malah yg lapor harus ke kantor! dikira nganggur kek kalian
18089667967934635,2026-03-27T03:09:29+00:00,0,https://www.instagram.com/p/DUFPyntkuvi/,https://www.instagram.com/p/DUFPyntkuvi/?comment_id=18089667967934635,scraping_instagram,aldjabar180,Kalian yg motong uang Rakyat..tp Rakyat yg Repot ...aplikasi Online Eror akhirnya ngantri di kantor Pajak kaya Penerima BLT..wahai kalian SADARLAH ...
18107884357887609,2026-03-27T03:06:39+00:00,0,https://www.instagram.com/p/DUFPyntkuvi/,https://www.instagram.com/p/DUFPyntkuvi/?comment_id=18107884357887609,scraping_instagram,helmy.ardian,Pengisian spt tahunan via coretax deadline nya kapan?
17966762565047973,2026-03-27T02:49:44+00:00,0,https://www.instagram.com/p/DUFPyntkuvi/,https://www.instagram.com/p/DUFPyntkuvi/?comment_id=17966762565047973,scraping_instagram,anggita_apriliaa,WOII
18571556011045258,2026-03-27T02:37:10+00:00,0,https://www.instagram.com/p/DUFPyntkuvi/,https://www.instagram.com/p/DUFPyntkuvi/?comment_id=18571556011045258,scraping_instagram,_handoko_trie_93,"""Gaji imut potongan pajak amit-amit"". Tp tetep tak bayar. Bagi yg gak amanah mengelola pajak, saya gak iklhasss. Pokok NEROKOOOO🔥🔥🔥"
18097964720472564,2026-03-27T01:30:35+00:00,0,https://www.instagram.com/p/DUFPyntkuvi/,https://www.instagram.com/p/DUFPyntkuvi/?comment_id=18097964720472564,scraping_instagram,ridho27.id,"GEDE KALEE POTONGAN NYAA ,GA NGOTAK !!"
18043912439530402,2026-03-27T01:25:32+00:00,2,https://www.instagram.com/p/DUFPyntkuvi/,https://www.instagram.com/p/DUFPyntkuvi/?comment_id=18043912439530402,scraping_instagram,ridho_thomi,Kalian ini udh kami belom makan gaji kami udh kalian potong pajak teros kami lagi klen suruh lapor enak kali kalian terima beres guna dikit ngapa udh malak mau terima beres terus kerja klen ngapain ngabiskan uang kami?
18119459062619113,2026-03-27T01:22:32+00:00,0,https://www.instagram.com/p/DUFPyntkuvi/,https://www.instagram.com/p/DUFPyntkuvi/?comment_id=18119459062619113,scraping_instagram,ahfaahmadfauzan,"Website busuk, login ajah susah tai!"
17940412899169857,2026-03-27T01:14:55+00:00,0,https://www.instagram.com/p/DUFPyntkuvi/,https://www.instagram.com/p/DUFPyntkuvi/?comment_id=17940412899169857,scraping_instagram,rmutia23,Najis pajak
18143674570435455,2026-03-27T00:25:19+00:00,0,https://www.instagram.com/p/DUFPyntkuvi/,https://www.instagram.com/p/DUFPyntkuvi/?comment_id=18143674570435455,scraping_instagram,dim_ardi,"lupa password tapi email nya ga kekirim"" ini min"
17859812352566054,2026-03-26T23:06:58+00:00,0,https://www.instagram.com/p/DUFPyntkuvi/,https://www.instagram.com/p/DUFPyntkuvi/?comment_id=17859812352566054,scraping_instagram,nurizqi.13,"Mau aktivasi aja gabisa, gimana ini🙃"
18131532190530927,2026-03-26T17:52:52+00:00,0,https://www.instagram.com/p/DUFPyntkuvi/,https://www.instagram.com/p/DUFPyntkuvi/?comment_id=18131532190530927,scraping_instagram,asharcules,"@ditjenpajakri woiiii seriusss kerjaaan lu semua apa 🗿❓ udh kita yg baya kita juga yg pusing bikin laporan, mana ribet bikin pusing minta ampun 🗿! Apa guna kalian sebagai pegawai pajak yg dibayar sama pajka kami k****L. Jelasin kerjaaan kalian biar 🗿🗿🗿🗿🗿🗿🗿🗿🗿🗿🗿🗿🗿"
18073087235550415,2026-03-26T13:33:40+00:00,1,https://www.instagram.com/p/DUFPyntkuvi/,https://www.instagram.com/p/DUFPyntkuvi/?comment_id=18073087235550415,scraping_instagram,hendrik.er,"Yth. Bapak/ibu saya ingin mengadukan keluhan saya terkait akun npwp saya yang lupa sandi dan email nya ga bisa saya akses lagi. Saya butuh masuk ke akun NPWP nya untuk keperluan persyaratan pendaftaran shopee affiliate. 
Mohon kiranya dibantu untuk mendapatkan lagi akun saya yang lupa
Terimakasih."
17936438040197786,2026-03-26T13:31:30+00:00,0,https://www.instagram.com/p/DUFPyntkuvi/,https://www.instagram.com/p/DUFPyntkuvi/?comment_id=17936438040197786,scraping_instagram,florutpp,berak dah digedein
17871241833588790,2026-03-26T13:21:22+00:00,1,https://www.instagram.com/p/DUFPyntkuvi/,https://www.instagram.com/p/DUFPyntkuvi/?comment_id=17871241833588790,scraping_instagram,rendyep,"untuk pekerjaan bebas, KLU 62xxx kok ga ada ya di daftar KLU?"
18168935176409550,2026-03-26T13:15:54+00:00,1,https://www.instagram.com/p/DUFPyntkuvi/,https://www.instagram.com/p/DUFPyntkuvi/?comment_id=18168935176409550,scraping_instagram,adirosaidi12,"Yang butuh duit dia kita yg repot , fuck lahhh ribet bnget lapor spt"
18091835378275272,2026-03-26T13:08:01+00:00,2,https://www.instagram.com/p/DUFPyntkuvi/,https://www.instagram.com/p/DUFPyntkuvi/?comment_id=18091835378275272,scraping_instagram,agusryean,Apa apa pajak gelo
18117286240653074,2026-03-26T12:57:09+00:00,0,https://www.instagram.com/p/DUFPyntkuvi/,https://www.instagram.com/p/DUFPyntkuvi/?comment_id=18117286240653074,scraping_instagram,biantara.fbramastha,SPT INDUK ABIS LAPOR GA BISA DOWNLOAD MAKSUDNYA APA? BIKIN RAKYAT SUSAH?
18460661704101149,2026-03-26T12:15:15+00:00,0,https://www.instagram.com/p/DUFPyntkuvi/,https://www.instagram.com/p/DUFPyntkuvi/?comment_id=18460661704101149,scraping_instagram,imarman1738,"@prabowo mending ganti sistem aja ga sih dari pada mbayar pajak susah, ganti yang lebih independen dan juga mudah, kalau pembayaran dan apapun mudah orang pasti bayar kok, bayangin udah bayarnya ribet masih disuruh mengurus hal ribet lainnya, itu sih yang bikin pemasukan negara sere"
18095665592021899,2026-03-26T11:41:04+00:00,0,https://www.instagram.com/p/DUFPyntkuvi/,https://www.instagram.com/p/DUFPyntkuvi/?comment_id=18095665592021899,scraping_instagram,fikmuttaqi,Ada yang buka jasa lapor pajak?
18573318979037072,2026-03-26T11:39:55+00:00,1,https://www.instagram.com/p/DUFPyntkuvi/,https://www.instagram.com/p/DUFPyntkuvi/?comment_id=18573318979037072,scraping_instagram,febriannajoesman,"Pak, ini gimana daftar keluarganya kok dikurangi?"
18583143403028765,2026-03-26T11:12:42+00:00,2,https://www.instagram.com/p/DUFPyntkuvi/,https://www.instagram.com/p/DUFPyntkuvi/?comment_id=18583143403028765,scraping_instagram,donny_reston,Dari pagi sampai malam gak berhasi ngisi. Mending aplikasi yg lama. Lebih mudah.
17917599579319130,2026-03-26T10:35:10+00:00,0,https://www.instagram.com/p/DUFPyntkuvi/,https://www.instagram.com/p/DUFPyntkuvi/?comment_id=17917599579319130,scraping_instagram,yunitapu886,"Miin @ditjenpajakri, gimana solusinya kalau bukti potong untuk SPT Tahunan tidak muncul di coretax. Terima kasih"
18180224656378182,2026-03-26T09:58:06+00:00,0,https://www.instagram.com/p/DUFPyntkuvi/,https://www.instagram.com/p/DUFPyntkuvi/?comment_id=18180224656378182,scraping_instagram,dewanggawase,"ada yang ngalamin juga ga pas aktifasi gagal karna ""anda belum terdaftar"" tapi pas daftar muncul tulisan ""anda sudah terdaftar"". ada yg tau solusinya?"
17875369818558054,2026-03-26T09:38:43+00:00,0,https://www.instagram.com/p/DUFPyntkuvi/,https://www.instagram.com/p/DUFPyntkuvi/?comment_id=17875369818558054,scraping_instagram,hendra_sentana,"Aku seng kerjo, aku seng soro, jek dikongkon mbulet pekoro ngene"
18072965330559135,2026-03-26T07:42:16+00:00,0,https://www.instagram.com/p/DUFPyntkuvi/,https://www.instagram.com/p/DUFPyntkuvi/?comment_id=18072965330559135,scraping_instagram,rofiq097,Ribettt baget dah lapor pajak pake coratex segala gak jelas
17852980377650141,2026-03-26T07:18:16+00:00,0,https://www.instagram.com/p/DUFPyntkuvi/,https://www.instagram.com/p/DUFPyntkuvi/?comment_id=17852980377650141,scraping_instagram,novittasari1210,Tahun pajak susah isi nya (not found) tolong bantu
17859845079672439,2026-03-26T05:38:15+00:00,0,https://www.instagram.com/p/DUFPyntkuvi/,https://www.instagram.com/p/DUFPyntkuvi/?comment_id=17859845079672439,scraping_instagram,zuenhendra37,Mksdnya pajak kita yg bkrja di suatu prushaN.. Caranyabgmna
18115641628656723,2026-03-26T05:37:40+00:00,0,https://www.instagram.com/p/DUFPyntkuvi/,https://www.instagram.com/p/DUFPyntkuvi/?comment_id=18115641628656723,scraping_instagram,zuenhendra37,Cara lapor spt tahunan itu mandiri
18053385803706019,2026-03-26T05:03:04+00:00,0,https://www.instagram.com/p/DUFPyntkuvi/,https://www.instagram.com/p/DUFPyntkuvi/?comment_id=18053385803706019,scraping_instagram,refacoegs,Teman-teman. Tolong jangan marah karena mereka yang memakai pajaknya tapi kita yang lapor. Mereka juga laporan juga kok ke kita pajaknya digunakan kemana saja. Nanti laporan pajaknya akan muncul diplatrform berita dalam bentuk KORUPSI
18089357491945999,2026-03-26T04:16:25+00:00,0,https://www.instagram.com/p/DUFPyntkuvi/,https://www.instagram.com/p/DUFPyntkuvi/?comment_id=18089357491945999,scraping_instagram,aaaaeprl,Apa pada masih wfh????
17879876022516914,2026-03-26T04:15:53+00:00,0,https://www.instagram.com/p/DUFPyntkuvi/,https://www.instagram.com/p/DUFPyntkuvi/?comment_id=17879876022516914,scraping_instagram,aaaaeprl,"Udah disuruh bayar, susah buat aktivasi verify susah. Di dm ga nerima pesan, gada solusi kocak!"
17944696482141253,2026-03-26T04:10:17+00:00,0,https://www.instagram.com/p/DUFPyntkuvi/,https://www.instagram.com/p/DUFPyntkuvi/?comment_id=17944696482141253,scraping_instagram,m.ri_03,"Benerin woi web ny susah beet, makan angaran buta tol"
18100298695752394,2026-03-26T03:33:56+00:00,0,https://www.instagram.com/p/DUFPyntkuvi/,https://www.instagram.com/p/DUFPyntkuvi/?comment_id=18100298695752394,scraping_instagram,aisyahnadhif_,Benerkah batas pelaporan wp pribadi diperpanjang?
18125333212598978,2026-03-26T02:03:46+00:00,3,https://www.instagram.com/p/DUFPyntkuvi/,https://www.instagram.com/p/DUFPyntkuvi/?comment_id=18125333212598978,scraping_instagram,andika.nata.92,harusnya pegawai pajak yg ke intansi2 kasih penyuluhan atau isiin laporannya inimah buat pekerja pusing banyak yg gagal-lah dasarmah dah capek kerja harus laporan ofline ke kantor pajak bukan di permudah malah mempersulit 😢
18075548294394694,2026-03-26T01:32:02+00:00,0,https://www.instagram.com/p/DUFPyntkuvi/,https://www.instagram.com/p/DUFPyntkuvi/?comment_id=18075548294394694,scraping_instagram,lovely_md6,Mustinya kita dapat laporan penggunaan uang pajak kita dong.. masa kita yg byar kita juga yg lapor.. gk berani ya lapor penggunaan uang pajak kita 🤔🤔 atau jangan2 banyak yg di K... hahaha lucu pemerintahan ini
17942226564163863,2026-03-26T01:23:15+00:00,1,https://www.instagram.com/p/DUFPyntkuvi/,https://www.instagram.com/p/DUFPyntkuvi/?comment_id=17942226564163863,scraping_instagram,rbps10,"Bangsat tai mau lapor pajak aja susah kali, bangsat gak ada guna kalian itu tai!! Bayangkan Cuma lapor pajak aja dipersulit bangsat, babik!!"
18110568145697809,2026-03-26T00:40:55+00:00,0,https://www.instagram.com/p/DUFPyntkuvi/,https://www.instagram.com/p/DUFPyntkuvi/?comment_id=18110568145697809,scraping_instagram,asya_ari,"Min bantu aku, aku gak bisa masuk akun mau laporan tuh 🥺"
18087714952980535,2026-03-25T23:55:48+00:00,0,https://www.instagram.com/p/DUFPyntkuvi/,https://www.instagram.com/p/DUFPyntkuvi/?comment_id=18087714952980535,scraping_instagram,destiwartijah,"Saya eror terus, kmrn coba nihil, hari ini coba malah kurang bayar,"
18368608738160332,2026-03-25T22:40:21+00:00,0,https://www.instagram.com/p/DUFPyntkuvi/,https://www.instagram.com/p/DUFPyntkuvi/?comment_id=18368608738160332,scraping_instagram,ryukisabiqfadillah,LONTE KABEH
18116886472727701,2026-03-25T17:28:21+00:00,0,https://www.instagram.com/p/DUFPyntkuvi/,https://www.instagram.com/p/DUFPyntkuvi/?comment_id=18116886472727701,scraping_instagram,wahyuhidayatsutarno,Gak bs masuk coretax😌😌😌😌 kntol lu anjg kesel gw
18122501770611425,2026-03-25T16:22:12+00:00,0,https://www.instagram.com/p/DUFPyntkuvi/,https://www.instagram.com/p/DUFPyntkuvi/?comment_id=18122501770611425,scraping_instagram,yudhi_k.sihombing,"Tolol GOBLOK kalian yang udah potong penghasilan kami, kenapa kami yang harus lapor TOLOL INTANSI PALING GOBLOK"
17992341017932006,2026-03-25T15:24:31+00:00,0,https://www.instagram.com/p/DUFPyntkuvi/,https://www.instagram.com/p/DUFPyntkuvi/?comment_id=17992341017932006,scraping_instagram,rentaljip99,"Negara tidak mencarikan pekerjaan, sekolah biaya sendiri. Giliran penghasilan dikenakan pph21, suruh lapor sendiri pulak. Memang otak udang ini PNS DJP. GIMANA RAKYAT GAK MUAK COBA. Awas rakyat marah."
18260844172291182,2026-03-25T14:49:15+00:00,0,https://www.instagram.com/p/DUFPyntkuvi/,https://www.instagram.com/p/DUFPyntkuvi/?comment_id=18260844172291182,scraping_instagram,primagustiyand7,"Oh iyaa, sekali sma otp dari situs coretax berapa? Gak modal itu doang? Mesti kami yg bayar? Siapa sih kepala sistem informasi nya? Anak smk bikin ginian juga beres"
17901368466405863,2026-03-25T14:45:50+00:00,0,https://www.instagram.com/p/DUFPyntkuvi/,https://www.instagram.com/p/DUFPyntkuvi/?comment_id=17901368466405863,scraping_instagram,primagustiyand7,"Nyusahin doang, 2 jam gw verivikasi identitas, salah mulu, padahal dh ricek berkali2. Kalian emang gak modal bikin situs apa? Tolol"
18004613906713259,2026-03-25T13:08:12+00:00,0,https://www.instagram.com/p/DUFPyntkuvi/,https://www.instagram.com/p/DUFPyntkuvi/?comment_id=18004613906713259,scraping_instagram,agusd45,"Gw yg krja, gw yg bayar, gw yg lapor. Harusnya gw yg trima laporan duit gw buat apa aja. Saaat"
18352700092226385,2026-03-25T11:56:51+00:00,0,https://www.instagram.com/p/DUFPyntkuvi/,https://www.instagram.com/p/DUFPyntkuvi/?comment_id=18352700092226385,scraping_instagram,wehwayy,ERROR MULU CORETAX ANJ
17862106044548599,2026-03-25T10:59:39+00:00,0,https://www.instagram.com/p/DUFPyntkuvi/,https://www.instagram.com/p/DUFPyntkuvi/?comment_id=17862106044548599,scraping_instagram,johanlim8,"Dm saya lah kalian 
Saya niat mau lapor pajak tp data invalid 
Kalian yg cari saya ya masa sya yg lapor saya lagi yg cari di tunggu dm nya"
18089070086335622,2026-03-25T10:26:59+00:00,1,https://www.instagram.com/p/DUFPyntkuvi/,https://www.instagram.com/p/DUFPyntkuvi/?comment_id=18089070086335622,scraping_instagram,e_evithagaluh,"Permisi ini lapornya gimana yaa saya sama temen2 saya dari pertengahan bulan ga bisa aktivasi akun, tolong bimbingannya dongg pak/buk😭 susah kali bah @noveliasn"
17906941146205845,2026-03-25T09:07:09+00:00,0,https://www.instagram.com/p/DUFPyntkuvi/,https://www.instagram.com/p/DUFPyntkuvi/?comment_id=17906941146205845,scraping_instagram,salmfarisii,daftar npwp susah bgt ga pernah dapet kode otp
18105461158807025,2026-03-25T08:37:10+00:00,0,https://www.instagram.com/p/DUFPyntkuvi/,https://www.instagram.com/p/DUFPyntkuvi/?comment_id=18105461158807025,scraping_instagram,smartket_mg,"katanya wajib payment sblm 31 maret, kok login aja ga bisa ? duitnya pajaknya ga dipake buat benerin website ?"
18087642818264641,2026-03-25T08:25:16+00:00,0,https://www.instagram.com/p/DUFPyntkuvi/,https://www.instagram.com/p/DUFPyntkuvi/?comment_id=18087642818264641,scraping_instagram,11.ryme,Semua komentar ga di tanggapi👏👏
18124644121590237,2026-03-25T08:08:37+00:00,0,https://www.instagram.com/p/DUFPyntkuvi/,https://www.instagram.com/p/DUFPyntkuvi/?comment_id=18124644121590237,scraping_instagram,aldiitjan,"Ini udah login kok masih di suruh tetapkan kata sandi dah, ribet bgt woi"
18042007697581241,2026-03-25T07:29:45+00:00,0,https://www.instagram.com/p/DUFPyntkuvi/,https://www.instagram.com/p/DUFPyntkuvi/?comment_id=18042007697581241,scraping_instagram,ikajulyana84,"Izin bapak ibu, ini Coretax muter2 terus gak bisa login bahkan ke pagenya. Gimana cara lapornya ini pak bu? Kalau mmg ada kendala di sistem sebaiknya diberikan dispensasi/relaksasi ke WP agar bisa naik juga tingkat compliancenya 🙏🏻"
18079863455620927,2026-03-25T06:41:48+00:00,0,https://www.instagram.com/p/DUFPyntkuvi/,https://www.instagram.com/p/DUFPyntkuvi/?comment_id=18079863455620927,scraping_instagram,edi_gothicmetal,Kl salah ngisi jdi kurang bayar ngebenerinnya gmn ya
18098468551964722,2026-03-25T06:19:59+00:00,0,https://www.instagram.com/p/DUFPyntkuvi/,https://www.instagram.com/p/DUFPyntkuvi/?comment_id=18098468551964722,scraping_instagram,hendriagustyawan,"Aplikasi apaan ini, masuk Ndak bisa aktivasi gabisa padahal email sama nomer telpon sudah bener, terus maunya gimana fu*k"
17890278204443903,2026-03-25T06:12:04+00:00,0,https://www.instagram.com/p/DUFPyntkuvi/,https://www.instagram.com/p/DUFPyntkuvi/?comment_id=17890278204443903,scraping_instagram,wisnu_witantra,"halo saya dari kemarin nyoba untuk menghubungi pajak lewat email ditjen pajak, info, dan pengaduan cuman gak bisa dihubungin, pake live pajak juga gak bisa sama sekali. trus ini harus dihubungin lewat mana lagi brow?"
17914095867346508,2026-03-25T06:06:41+00:00,0,https://www.instagram.com/p/DUFPyntkuvi/,https://www.instagram.com/p/DUFPyntkuvi/?comment_id=17914095867346508,scraping_instagram,_dimas.pratama_,Sy ga bisa login coretex gmn caranya
17873379300563715,2026-03-25T05:41:48+00:00,0,https://www.instagram.com/p/DUFPyntkuvi/,https://www.instagram.com/p/DUFPyntkuvi/?comment_id=17873379300563715,scraping_instagram,an.dreprtm,Kring pajak aktif mulai kapan ya min?
18077025068562894,2026-03-25T04:53:42+00:00,0,https://www.instagram.com/p/DUFPyntkuvi/,https://www.instagram.com/p/DUFPyntkuvi/?comment_id=18077025068562894,scraping_instagram,armandawira,THR segala dipajak zolim bngt dah😂kerja banting tulang dipalakin pemerintah yg ga ngebantu apa apa.sampah
18057564239449902,2026-03-25T04:22:02+00:00,0,https://www.instagram.com/p/DUFPyntkuvi/,https://www.instagram.com/p/DUFPyntkuvi/?comment_id=18057564239449902,scraping_instagram,pragunadharmayana,"Generating Document Is In Progress pada Unduh SPT TAHUNAN akan sampai kapan ya?
WP jangan disuruh nunggu...."
18073680491635999,2026-03-25T04:07:03+00:00,0,https://www.instagram.com/p/DUFPyntkuvi/,https://www.instagram.com/p/DUFPyntkuvi/?comment_id=18073680491635999,scraping_instagram,ahmadn____,Sistem terbobrok sepanjang masa
18019733723820925,2026-03-25T04:03:06+00:00,0,https://www.instagram.com/p/DUFPyntkuvi/,https://www.instagram.com/p/DUFPyntkuvi/?comment_id=18019733723820925,scraping_instagram,d4d4n.r,"Kak hari mnggu buka ga sih?? Info nya selama pelaporan pajak buka , mhoni info nya"
18069147251295604,2026-03-25T04:02:30+00:00,0,https://www.instagram.com/p/DUFPyntkuvi/,https://www.instagram.com/p/DUFPyntkuvi/?comment_id=18069147251295604,scraping_instagram,yunia.ast30,Min kantor pajak mulai masuk kapan ya ??
18139168279504933,2026-03-25T04:00:17+00:00,0,https://www.instagram.com/p/DUFPyntkuvi/,https://www.instagram.com/p/DUFPyntkuvi/?comment_id=18139168279504933,scraping_instagram,andiriandikap,Klo Lebih Bayar gimana ya min ?? Kok ngga bisa isi Nomor Rekening Pengembalian PPh Lebih bayar.
18192680857360788,2026-03-25T03:59:52+00:00,0,https://www.instagram.com/p/DUFPyntkuvi/,https://www.instagram.com/p/DUFPyntkuvi/?comment_id=18192680857360788,scraping_instagram,alshamira_29,"Dzalim sekali kalian para pejabat, kita yg cape-cape kerja potongan ga kira-kira, giliran ngangur tutup mata semua"
18206626087331811,2026-03-25T03:46:38+00:00,0,https://www.instagram.com/p/DUFPyntkuvi/,https://www.instagram.com/p/DUFPyntkuvi/?comment_id=18206626087331811,scraping_instagram,ahmadn____,Verify no hp aja uda seminggu ga k kirim ckckck
18077263958428816,2026-03-25T03:09:52+00:00,0,https://www.instagram.com/p/DUFPyntkuvi/,https://www.instagram.com/p/DUFPyntkuvi/?comment_id=18077263958428816,scraping_instagram,junotkur,"Cortex lu error mulu, dancook"
18095870423103769,2026-03-25T02:20:46+00:00,0,https://www.instagram.com/p/DUFPyntkuvi/,https://www.instagram.com/p/DUFPyntkuvi/?comment_id=18095870423103769,scraping_instagram,ankwyg,"Duit2 gua, nyari kerja nyari sendiri, kerja capek2 sekian persen lu ambil atas nama negara, udah gitu gua disuruh ngisi coretax sendiri lagi, gw yg bayarin buat gaji2 lu pada orang2 pemerintahan, gua juga yg harus repot2 lapor SPT tahunan, kerja lu ngapain??????"
18104115457906850,2026-03-25T01:52:50+00:00,0,https://www.instagram.com/p/DUFPyntkuvi/,https://www.instagram.com/p/DUFPyntkuvi/?comment_id=18104115457906850,scraping_instagram,fikooooo_,RASUDI LAPORAN!
18075401438560895,2026-03-25T01:50:10+00:00,0,https://www.instagram.com/p/DUFPyntkuvi/,https://www.instagram.com/p/DUFPyntkuvi/?comment_id=18075401438560895,scraping_instagram,z.melati.s,coretax gabisa di akses cokk
18145771915468456,2026-03-25T01:47:29+00:00,33,https://www.instagram.com/p/DUFPyntkuvi/,https://www.instagram.com/p/DUFPyntkuvi/?comment_id=18145771915468456,scraping_instagram,panduernowo,Coretax dibangun dengan anggaran 1T tapi hasilnya lemot ga bisa diandalkan😢
18092939870026650,2026-03-25T01:35:00+00:00,0,https://www.instagram.com/p/DUFPyntkuvi/,https://www.instagram.com/p/DUFPyntkuvi/?comment_id=18092939870026650,scraping_instagram,yuyyina,Selamat kita WNI😂
18082780868058377,2026-03-25T01:14:06+00:00,0,https://www.instagram.com/p/DUFPyntkuvi/,https://www.instagram.com/p/DUFPyntkuvi/?comment_id=18082780868058377,scraping_instagram,fajarsyaifulakbar,Core Tax nya jg cuti bersama
18090043426928317,2026-03-25T00:56:52+00:00,0,https://www.instagram.com/p/DUFPyntkuvi/,https://www.instagram.com/p/DUFPyntkuvi/?comment_id=18090043426928317,scraping_instagram,rico_deyhart,WOIIII BI4D4*... PPH21 YANG KALIAN PUNGUT PERIODE THR + GAJI ITU SANGAT2 BESAR.. KEJAM SEKALI KALIAN LAKNATULLAH ... #B4NGS4T
18082904522347484,2026-03-25T00:45:41+00:00,0,https://www.instagram.com/p/DUFPyntkuvi/,https://www.instagram.com/p/DUFPyntkuvi/?comment_id=18082904522347484,scraping_instagram,ihsanatllh,"tolong ya untuk laporan spt selanjutnya itu kalian aja yg kerjain, kan itu kerjaan kalian🙂, kalian digaji apbn kan? masa yang bayar pajak yang buat laporan mana ribet lagi sistem nya, kemana pikiran kalian coba? @purbayayudhi.official baca ni menteri boomers"
18419798602192025,2026-03-25T00:03:25+00:00,0,https://www.instagram.com/p/DUFPyntkuvi/,https://www.instagram.com/p/DUFPyntkuvi/?comment_id=18419798602192025,scraping_instagram,herulwahyudi,Halahh 🤏🏼🧠
17853233340688362,2026-03-24T23:26:40+00:00,0,https://www.instagram.com/p/DUFPyntkuvi/,https://www.instagram.com/p/DUFPyntkuvi/?comment_id=17853233340688362,scraping_instagram,mine_i.n,"Bapak ibu dewan pajak yang narik otomatis dari gaji kita tiap bulan ya kalian semua kok kitanya yg suruh laporan, yaa harusnya kalian.... Astaghfirullah pajek kita 8.8% guede banget, zakat infak aja 2.5%, demi Alloh gak trima, ratusan juta rakyat akan tuntut kalian semua diakhirat, cobalah kalian cermati. Hari gajian begitu senengnya udah plan utk bbrp Kep klg n anak2 sekolah eeeh shock liat potongan pajak gede. Astaghfirullah.... Ya kalian bayaran gede ada tujunjangan macem2 itu semua uang kita"
18102180268906974,2026-03-24T23:04:44+00:00,0,https://www.instagram.com/p/DUFPyntkuvi/,https://www.instagram.com/p/DUFPyntkuvi/?comment_id=18102180268906974,scraping_instagram,arkadav_stuff,"Cape bgt hidup ditambah suruh bayar pajak ditambah suruh lapor skrg lapor suami istri harus digabung klo istri berpenghasilan, capeek bgt dah ,"
17862668397611651,2026-03-24T22:16:32+00:00,0,https://www.instagram.com/p/DUFPyntkuvi/,https://www.instagram.com/p/DUFPyntkuvi/?comment_id=17862668397611651,scraping_instagram,s25xf83bpl,#StopLaporPajak
18190818286321533,2026-03-24T22:14:19+00:00,0,https://www.instagram.com/p/DUFPyntkuvi/,https://www.instagram.com/p/DUFPyntkuvi/?comment_id=18190818286321533,scraping_instagram,s25xf83bpl,"kalo ga terima cari dan lacak gua., GUA PECAHIN PALA LO SATU-SATU"
18112946602708216,2026-03-24T22:13:28+00:00,0,https://www.instagram.com/p/DUFPyntkuvi/,https://www.instagram.com/p/DUFPyntkuvi/?comment_id=18112946602708216,scraping_instagram,s25xf83bpl,"Pake otak lo semua, ANJING!! ga ada sejarahnya KACUNG nyuruh juragan laporan.. dasar rampok lo semua NGENTOTT"
17848566771671262,2026-03-24T22:10:55+00:00,0,https://www.instagram.com/p/DUFPyntkuvi/,https://www.instagram.com/p/DUFPyntkuvi/?comment_id=17848566771671262,scraping_instagram,s25xf83bpl,Darimana sejarahnya KACUNG minta juragan lapor?
18083953676035181,2026-03-24T17:35:45+00:00,0,https://www.instagram.com/p/DUFPyntkuvi/,https://www.instagram.com/p/DUFPyntkuvi/?comment_id=18083953676035181,scraping_instagram,dnisalif,"Gua yang bayar gua yang Ribettttt,,,,"
17875545360432782,2026-03-24T17:20:28+00:00,0,https://www.instagram.com/p/DUFPyntkuvi/,https://www.instagram.com/p/DUFPyntkuvi/?comment_id=17875545360432782,scraping_instagram,rizallcyber,Goblog
18122843926593270,2026-03-24T16:52:51+00:00,2,https://www.instagram.com/p/DUFPyntkuvi/,https://www.instagram.com/p/DUFPyntkuvi/?comment_id=18122843926593270,scraping_instagram,me_penny,"Ini kan masih penyesuaian sistem.. belum lagi kepotong cuti bersama + error"" jg coretaxnya 
Adilnya perlu perpanjangan ga sih?"
18089832784937806,2026-03-24T16:30:16+00:00,0,https://www.instagram.com/p/DUFPyntkuvi/,https://www.instagram.com/p/DUFPyntkuvi/?comment_id=18089832784937806,scraping_instagram,nicky_waone,"Kocak yak, gini amat ya Allah jadi wni 😂😂😂"
18349630087233557,2026-03-24T14:22:55+00:00,0,https://www.instagram.com/p/DUFPyntkuvi/,https://www.instagram.com/p/DUFPyntkuvi/?comment_id=18349630087233557,scraping_instagram,fikriardiansyah683,Giliran nganggur diam diam bae lo.. Giliran gw udh kerja.. Main potong aja pajak penghasilan..
18536260069064645,2026-03-24T13:36:37+00:00,0,https://www.instagram.com/p/DUFPyntkuvi/,https://www.instagram.com/p/DUFPyntkuvi/?comment_id=18536260069064645,scraping_instagram,stephen_tiodo,Aturan Perpanjangan PP 55 jadi keluar??
18130986628480480,2026-03-24T12:55:45+00:00,0,https://www.instagram.com/p/DUFPyntkuvi/,https://www.instagram.com/p/DUFPyntkuvi/?comment_id=18130986628480480,scraping_instagram,remahankatsu,Lu tau kontol?
17940079140015428,2026-03-24T12:37:56+00:00,0,https://www.instagram.com/p/DUFPyntkuvi/,https://www.instagram.com/p/DUFPyntkuvi/?comment_id=17940079140015428,scraping_instagram,kyuna_0302,"Ribet banget asli, kita yang bayar pajak, kita yang mesti laporan..giliran mau lapor di persulit lagii 🔥🔥🔥"
18070140356313506,2026-03-24T12:22:57+00:00,0,https://www.instagram.com/p/DUFPyntkuvi/,https://www.instagram.com/p/DUFPyntkuvi/?comment_id=18070140356313506,scraping_instagram,ascaputra,"kringpajak info: ""hanya melayani kolom komentar tidak DM"" tapii kolom komentar di off-in gimana sihh!!!"
18572651692017732,2026-03-24T12:19:36+00:00,0,https://www.instagram.com/p/DUFPyntkuvi/,https://www.instagram.com/p/DUFPyntkuvi/?comment_id=18572651692017732,scraping_instagram,ascaputra,"mau invest kena pajak ga jelas, pantesan orang ga bisa kaya ya disini, lintah darat semua kalian!"
18180064843389966,2026-03-24T12:03:25+00:00,0,https://www.instagram.com/p/DUFPyntkuvi/,https://www.instagram.com/p/DUFPyntkuvi/?comment_id=18180064843389966,scraping_instagram,trisha_nasha,Iya Error sampe minta bantuan sohib jir @james_abraham99 hands up deh 🙌🙌🙌
18204588913336738,2026-03-24T11:23:02+00:00,0,https://www.instagram.com/p/DUFPyntkuvi/,https://www.instagram.com/p/DUFPyntkuvi/?comment_id=18204588913336738,scraping_instagram,fatamorgana.95,"Aplikasi ribet.... Gimana klw yg isi nenek"" kakek"" atau katarak ya."
18094759585844163,2026-03-24T09:40:50+00:00,0,https://www.instagram.com/p/DUFPyntkuvi/,https://www.instagram.com/p/DUFPyntkuvi/?comment_id=18094759585844163,scraping_instagram,alltomaldini,Najeess
18101803438935313,2026-03-24T08:12:33+00:00,0,https://www.instagram.com/p/DUFPyntkuvi/,https://www.instagram.com/p/DUFPyntkuvi/?comment_id=18101803438935313,scraping_instagram,cincau.cendol_,"GUE YG BAYAR, GUE YG KERJAIN JUGA? LU NGAPAIN GUE TANYA KERJANYA????"
18575181172046862,2026-03-24T08:07:00+00:00,0,https://www.instagram.com/p/DUFPyntkuvi/,https://www.instagram.com/p/DUFPyntkuvi/?comment_id=18575181172046862,scraping_instagram,akmalfnsy,Buat web yang bener tolol
17954714469095001,2026-03-24T06:15:22+00:00,0,https://www.instagram.com/p/DUFPyntkuvi/,https://www.instagram.com/p/DUFPyntkuvi/?comment_id=17954714469095001,scraping_instagram,agungg.n,"Weh kocak, gua nambah rekening bank ngapa kaga bisa2 ini dah 2 minggu @ditjenpajakri"
18309201145286571,2026-03-24T04:54:55+00:00,0,https://www.instagram.com/p/DUFPyntkuvi/,https://www.instagram.com/p/DUFPyntkuvi/?comment_id=18309201145286571,scraping_instagram,don_nych,"Sistem prematur dipaksain, yang nanggung rakyat, yang dipersulit rakyat, yang disalahin juga rakyat 🤝"
18351717244211046,2026-03-24T04:35:52+00:00,0,https://www.instagram.com/p/DUFPyntkuvi/,https://www.instagram.com/p/DUFPyntkuvi/?comment_id=18351717244211046,scraping_instagram,_yudhaperkasa_,minimal lapor juga pajak dipakai untuk apa saja selain masuk kantong pribadi
17916330429326699,2026-03-24T04:30:57+00:00,0,https://www.instagram.com/p/DUFPyntkuvi/,https://www.instagram.com/p/DUFPyntkuvi/?comment_id=17916330429326699,scraping_instagram,hadyhalim94,Website kau gak bs di akses woiiiiiii
18147998860420055,2026-03-24T04:30:19+00:00,0,https://www.instagram.com/p/DUFPyntkuvi/,https://www.instagram.com/p/DUFPyntkuvi/?comment_id=18147998860420055,scraping_instagram,ibnu_prnt,"WKWKWKWK MALES BGT GUE LAPOR PAJAK, UDAH BAYAR MALAH SURUH LAPOR SENDIRI WKAKAKAK RUGIIIII 2 X LIPAT"
18102608992736092,2026-03-24T04:07:34+00:00,0,https://www.instagram.com/p/DUFPyntkuvi/,https://www.instagram.com/p/DUFPyntkuvi/?comment_id=18102608992736092,scraping_instagram,octavio__f,error.weh.. ga bisa masuk
18104880016807700,2026-03-24T03:40:28+00:00,0,https://www.instagram.com/p/DUFPyntkuvi/,https://www.instagram.com/p/DUFPyntkuvi/?comment_id=18104880016807700,scraping_instagram,lovely_md6,DISURUH LAPOR PAJAK MALAH EROR.. APAAN SIH MAUNYA ? NYUSAHIN RAKYAT
18073939475560820,2026-03-24T02:49:54+00:00,0,https://www.instagram.com/p/DUFPyntkuvi/,https://www.instagram.com/p/DUFPyntkuvi/?comment_id=18073939475560820,scraping_instagram,budy1530,"Login aja susah,"
18097521625821831,2026-03-24T01:26:19+00:00,0,https://www.instagram.com/p/DUFPyntkuvi/,https://www.instagram.com/p/DUFPyntkuvi/?comment_id=18097521625821831,scraping_instagram,rachmat1016,Mao lapor aja situs mu error terus...sekelas pemerintah...
18568197400043755,2026-03-24T01:17:44+00:00,0,https://www.instagram.com/p/DUFPyntkuvi/,https://www.instagram.com/p/DUFPyntkuvi/?comment_id=18568197400043755,scraping_instagram,tri.insy,kalo oon minimal malu lah
18108388024870489,2026-03-24T00:59:36+00:00,0,https://www.instagram.com/p/DUFPyntkuvi/,https://www.instagram.com/p/DUFPyntkuvi/?comment_id=18108388024870489,scraping_instagram,kanggans,"Karyawan udah pada kerja belum seh? Website lemot abis, pelayanan publik loh"
18076886819561829,2026-03-24T00:38:28+00:00,0,https://www.instagram.com/p/DUFPyntkuvi/,https://www.instagram.com/p/DUFPyntkuvi/?comment_id=18076886819561829,scraping_instagram,a.f.aziz,IYA NYUSAHIN BANGET
18108106138872135,2026-03-23T23:54:45+00:00,0,https://www.instagram.com/p/DUFPyntkuvi/,https://www.instagram.com/p/DUFPyntkuvi/?comment_id=18108106138872135,scraping_instagram,erick_heintje_kaligis,"Kita yg bayar pajak tapi lapornya aja repott banget!!!!! Mau bayar kurang bayar, pilihan bayarnya cm melalui mandiri atau BRI aja!! Woy emang yg bayar pajak pake mandiri sm BRI doank?"
18049455347711710,2026-03-23T23:50:49+00:00,0,https://www.instagram.com/p/DUFPyntkuvi/,https://www.instagram.com/p/DUFPyntkuvi/?comment_id=18049455347711710,scraping_instagram,rizkisembiring,Ribet
18047138441721695,2026-03-23T22:32:24+00:00,0,https://www.instagram.com/p/DUFPyntkuvi/,https://www.instagram.com/p/DUFPyntkuvi/?comment_id=18047138441721695,scraping_instagram,toni.praswira,"Sudah 18 jam sejak Siang Sore Malam hingga dini hari tadi saya coba akses Coretax namun tidak pernah berhasil, hanya bisa login lalu setelah itu tidak pernah bisa sampai ke halaman dashboard. CUma muncul halaman putih aja"
18562237000001465,2026-03-23T19:56:21+00:00,0,https://www.instagram.com/p/DUFPyntkuvi/,https://www.instagram.com/p/DUFPyntkuvi/?comment_id=18562237000001465,scraping_instagram,razan.thegreat,"Males banget bayar pajak kalo ini hasilnya, sampah😂"
18439930684117527,2026-03-23T17:16:21+00:00,0,https://www.instagram.com/p/DUFPyntkuvi/,https://www.instagram.com/p/DUFPyntkuvi/?comment_id=18439930684117527,scraping_instagram,adidharmasetiadi,mana kagak bisa dibuka ini web anjirrr
17931147810219244,2026-03-23T13:32:36+00:00,0,https://www.instagram.com/p/DUFPyntkuvi/,https://www.instagram.com/p/DUFPyntkuvi/?comment_id=17931147810219244,scraping_instagram,mad_dayyyyy,websitenya tahii. nyusahin. udah terdaftar tp login ga bisa. mo gimana lapor. bodo amat lah.
18094057811035974,2026-03-23T11:28:56+00:00,0,https://www.instagram.com/p/DUFPyntkuvi/,https://www.instagram.com/p/DUFPyntkuvi/?comment_id=18094057811035974,scraping_instagram,kimriderrlyy,"Masukin data mau login coretax tdk ada yg cocok email,no hp,pdhl sama dgn DJP .rjbet bangettt"
17963839511908030,2026-03-23T08:46:57+00:00,0,https://www.instagram.com/p/DUFPyntkuvi/,https://www.instagram.com/p/DUFPyntkuvi/?comment_id=17963839511908030,scraping_instagram,eva.rosmelia,Mau aktivasi aja susahnya 1/2 mati...confirmation failed terus setelah masukin email dan no HP. Malas jadinya mau nerusin 😢😢 aku menyerah
17917876902325571,2026-03-23T08:38:30+00:00,0,https://www.instagram.com/p/DUFPyntkuvi/,https://www.instagram.com/p/DUFPyntkuvi/?comment_id=17917876902325571,scraping_instagram,resty_uliani,"ngisi formulir na gee lieur 😂 duit pajak tdk transparan dipake buat apa aj, karyawan di sini ga kerja ? sampe kita sendiri yg lapor, pejabat² di gajih tinggi sama rakyat cuaks Lahh"
17888746968451589,2026-03-23T06:27:33+00:00,0,https://www.instagram.com/p/DUFPyntkuvi/,https://www.instagram.com/p/DUFPyntkuvi/?comment_id=17888746968451589,scraping_instagram,yuliaistiwanti,halo saya mau tanya perhitungan penghasilan kotor bayar pakajnya apakah benar mencapai 5-7% .. mohon keterangan nya
18429031867136035,2026-03-23T05:48:58+00:00,0,https://www.instagram.com/p/DUFPyntkuvi/,https://www.instagram.com/p/DUFPyntkuvi/?comment_id=18429031867136035,scraping_instagram,jtssiba,dari tgl 21 maret 2026 coretax tidak bisa di akses kenapa ya...? saya sudah selesai draft tinggal kirim saja nih tapi susahnya minta ampun
18147017383472384,2026-03-23T05:48:13+00:00,0,https://www.instagram.com/p/DUFPyntkuvi/,https://www.instagram.com/p/DUFPyntkuvi/?comment_id=18147017383472384,scraping_instagram,jtssiba,dari tgl 21 maret 2026 coretax tidak bisa di akses kenapa ya...? saya sudah selesai draft tinggal kirim saja nih tapi susahnya minta ampun
18180681196338519,2026-03-23T03:33:11+00:00,0,https://www.instagram.com/p/DUFPyntkuvi/,https://www.instagram.com/p/DUFPyntkuvi/?comment_id=18180681196338519,scraping_instagram,arsbk7,Login coretax kok ga bisa ini knapa
18354947869225861,2026-03-23T03:25:09+00:00,0,https://www.instagram.com/p/DUFPyntkuvi/,https://www.instagram.com/p/DUFPyntkuvi/?comment_id=18354947869225861,scraping_instagram,liauwkiki,Ini coretax ga bs d akses dari sabtu gmn min ? @ditjenpajakri
18320203501267573,2026-03-23T02:27:40+00:00,0,https://www.instagram.com/p/DUFPyntkuvi/,https://www.instagram.com/p/DUFPyntkuvi/?comment_id=18320203501267573,scraping_instagram,lylychristian,"Bgmn itu bagian IT DJP kok lemot, WP mau login utk laporan SPT tdk bisa. Kasus spt ini spt yg salah.."
18042950582572693,2026-03-23T01:35:47+00:00,0,https://www.instagram.com/p/DUFPyntkuvi/,https://www.instagram.com/p/DUFPyntkuvi/?comment_id=18042950582572693,scraping_instagram,amdazialim,negara sakit
18103140133736455,2026-03-23T01:17:50+00:00,0,https://www.instagram.com/p/DUFPyntkuvi/,https://www.instagram.com/p/DUFPyntkuvi/?comment_id=18103140133736455,scraping_instagram,yosua_situru,Tidak jelas...
17942859111153025,2026-03-23T01:05:07+00:00,0,https://www.instagram.com/p/DUFPyntkuvi/,https://www.instagram.com/p/DUFPyntkuvi/?comment_id=17942859111153025,scraping_instagram,tcahkediri_oiioii90,"Bangun woy ,banyak tikus yang harus kita beri makan 🔥🔥"
18097971190965695,2026-03-23T00:17:42+00:00,0,https://www.instagram.com/p/DUFPyntkuvi/,https://www.instagram.com/p/DUFPyntkuvi/?comment_id=18097971190965695,scraping_instagram,dang.rajo.___,"aplikasi ga guna, stuck di kode otp sms padahal pulsa ada 👎🏻"
18102247745505163,2026-03-22T22:29:41+00:00,0,https://www.instagram.com/p/DUFPyntkuvi/,https://www.instagram.com/p/DUFPyntkuvi/?comment_id=18102247745505163,scraping_instagram,ann_iiiiida,"Lebih gong lagi mudik tiba'sodara kasih kwitansi pembyrn pajak hahha tpi fisik sppt blm ada,, baru nemu konsep tgihn pajak begini euyyy😂"
18157712995433347,2026-03-22T20:46:25+00:00,0,https://www.instagram.com/p/DUFPyntkuvi/,https://www.instagram.com/p/DUFPyntkuvi/?comment_id=18157712995433347,scraping_instagram,al.fuzn,Eta pajak cukai turunkeun
17855163588632084,2026-03-22T17:55:19+00:00,0,https://www.instagram.com/p/DUFPyntkuvi/,https://www.instagram.com/p/DUFPyntkuvi/?comment_id=17855163588632084,scraping_instagram,prwntyindh,"kalo bikin laporan pajak tuh jangan ribet ribet sattt!! duit gue yg lu potong tapi gue juga yg lapor, bangkeeeeeee"
18156376591448465,2026-03-22T16:40:14+00:00,0,https://www.instagram.com/p/DUFPyntkuvi/,https://www.instagram.com/p/DUFPyntkuvi/?comment_id=18156376591448465,scraping_instagram,denny_maulanaa,Jika lebih bayar bagaimana solusinya agar nihil @ditjenpajakri tolong direspon urgen mau lapor
17985828218963642,2026-03-22T12:51:03+00:00,0,https://www.instagram.com/p/DUFPyntkuvi/,https://www.instagram.com/p/DUFPyntkuvi/?comment_id=17985828218963642,scraping_instagram,eka_justkidding,"PERATURAN PALING NYUSAHIN, Dividen kena pajak 10% gua ok-ok aja, TAPI LAPORAN NYA JANGAN MANUAL NYUSAHIN, KALO KAMI RUGI KAGA DI TANGGEPIN, GILIRAN DAPAT CUAN LANGSUNG DI PALAK, MINIMAL NGOTAK, BUAT PROSESNYA JADI LEBIH PRAKTIS, DISURUH BUAT MANUAL PROSES RIBET, MANA KUALITAS WEBNYA MASIH KALAH JAUH SAMA WEBSITE JUDI ONLINE SAMA P**NHUB, BAGUSAN DIKIT NAPA DANA DIKELUARIN BANYAK-BANYAK PROGRAMNYA JUGA SAMPAH, TINGGAL BALIKIN KAYA DULU, DIVIDEN PAJAK 10% OTOMATIS DI POTONG DARI SEKURITAS BIAR KAGA RIBET, INI DIVIDEN CUMA DAPAT 200 RIBU LU SURUH LAPORAN MANUAL, BUANG-BUANG TENAGA BUAT BAYAR DUIT KE NEGARA YANG HASILNYA GAK ADA."
18410609497130270,2026-03-22T12:18:39+00:00,0,https://www.instagram.com/p/DUFPyntkuvi/,https://www.instagram.com/p/DUFPyntkuvi/?comment_id=18410609497130270,scraping_instagram,fendi__hs,"Tanggal 31 maret 2026 , tinggal 8 hari lagi, pekerjaan office sudah banyak ditambahi administrasi seperti ini. Sudah motong gaji, seharusnya kantor pajak yang kasih laporan ke masyarakat yg di potong pajaknya agar tinggal validasi saja . kalau ingin memastikan perusahaan sudah benar benar bayar pajak apa belum, kocak bener kalau gini nambahi pekerjaan"
18368912575164714,2026-03-22T11:29:29+00:00,3,https://www.instagram.com/p/DUFPyntkuvi/,https://www.instagram.com/p/DUFPyntkuvi/?comment_id=18368912575164714,scraping_instagram,suciawanrizki,Ngapain sih pada lapor pajak? Buang buang waktu
18286702390303364,2026-03-22T10:28:30+00:00,0,https://www.instagram.com/p/DUFPyntkuvi/,https://www.instagram.com/p/DUFPyntkuvi/?comment_id=18286702390303364,scraping_instagram,imanfatha,💩💩💩
17936855040195169,2026-03-22T09:37:02+00:00,3,https://www.instagram.com/p/DUFPyntkuvi/,https://www.instagram.com/p/DUFPyntkuvi/?comment_id=17936855040195169,scraping_instagram,ariefmiftahulll,NYUSAHIN !!!
18070785650258969,2026-03-22T09:19:45+00:00,0,https://www.instagram.com/p/DUFPyntkuvi/,https://www.instagram.com/p/DUFPyntkuvi/?comment_id=18070785650258969,scraping_instagram,bianrizc,Sistem goblok
18215755792316995,2026-03-22T04:01:45+00:00,0,https://www.instagram.com/p/DUFPyntkuvi/,https://www.instagram.com/p/DUFPyntkuvi/?comment_id=18215755792316995,scraping_instagram,antoniusdeta_,Malesnye nutug asu
17929757004214375,2026-03-22T03:55:08+00:00,0,https://www.instagram.com/p/DUFPyntkuvi/,https://www.instagram.com/p/DUFPyntkuvi/?comment_id=17929757004214375,scraping_instagram,nda_daiht,Ko ada orang yg kerja di sini ya
18092346155512363,2026-03-22T03:36:26+00:00,0,https://www.instagram.com/p/DUFPyntkuvi/,https://www.instagram.com/p/DUFPyntkuvi/?comment_id=18092346155512363,scraping_instagram,herlan_rizki,aplikasi jelak gini sisten jelek kaya gini abisin anggaran 1.3 T.  Mantap korup nyaa
18086162654264586,2026-03-22T03:25:14+00:00,0,https://www.instagram.com/p/DUFPyntkuvi/,https://www.instagram.com/p/DUFPyntkuvi/?comment_id=18086162654264586,scraping_instagram,rnatashya,#KAMIBAYARPAJAKANDABUATLAPORAN
18306582235273632,2026-03-22T02:31:15+00:00,0,https://www.instagram.com/p/DUFPyntkuvi/,https://www.instagram.com/p/DUFPyntkuvi/?comment_id=18306582235273632,scraping_instagram,wkwkwwek,"Yang harusnya lapor pajak itu KALIAN. Lagian kalopun harus dilapor pajak, harusnya yg mendetailkan itu pegawai pajak dong, masa org udh kerja, dipotong pajaknya, masih harus lapor dgn segala keruwetan coretax!!! terus pegawai pajaknya ngapain? sibuk open q&a terkait coretax error di kantor pajak??? mesti tiap error login coretax itu dtg dan antri utk tanya ke CS di kantor pajak??? ORANG SIBUK WOI!!! BENERIN SISTEM KALIAN BUKAN MALAH KASIH SOLUSI MANUAL KAYAK GINI"
18176856880377815,2026-03-22T02:20:36+00:00,0,https://www.instagram.com/p/DUFPyntkuvi/,https://www.instagram.com/p/DUFPyntkuvi/?comment_id=18176856880377815,scraping_instagram,s25xf83bpl,
18116016757574375,2026-03-22T01:47:09+00:00,0,https://www.instagram.com/p/DUFPyntkuvi/,https://www.instagram.com/p/DUFPyntkuvi/?comment_id=18116016757574375,scraping_instagram,agung_nug888,"Hadits Nabi SAW menegaskan, ""Sesungguhnya pemungut pajak (shahibul maks) masuk neraka"" [HR Ahmad 4/109, Abu Dawud]."
18193861789359574,2026-03-21T20:54:23+00:00,0,https://www.instagram.com/p/DUFPyntkuvi/,https://www.instagram.com/p/DUFPyntkuvi/?comment_id=18193861789359574,scraping_instagram,rika____114,"BISA2NYA YG BAYAR KUDU LAPOR. YG BAYAR SIAPA, YG BUTUH SIAPA? PEGAWAI SEGITU BANYAK GUNANYA APAAAA HAAAA. GK AFDHOL YAA KALO GK NYUSAIN WNI"
18022966001654977,2026-03-21T20:53:56+00:00,0,https://www.instagram.com/p/DUFPyntkuvi/,https://www.instagram.com/p/DUFPyntkuvi/?comment_id=18022966001654977,scraping_instagram,rika____114,"BISA2NYA YG BAYAR KUDU LAPOR. YG BAYAR SIAPA, YG BUTUH SIAPA? PEGAWAI SEGITU BANYAK GUNANYA APAAAA HAAAA. GK AFDHOL YAA KALO GK NYUSAIN WNI"
18171282034397566,2026-03-21T20:53:54+00:00,0,https://www.instagram.com/p/DUFPyntkuvi/,https://www.instagram.com/p/DUFPyntkuvi/?comment_id=18171282034397566,scraping_instagram,rika____114,"BISA2NYA YG BAYAR KUDU LAPOR. YG BAYAR SIAPA, YG BUTUH SIAPA? PEGAWAI SEGITU BANYAK GUNANYA APAAAA HAAAA. GK AFDHOL YAA KALO GK NYUSAIN WNI"
18119966446539993,2026-03-21T20:53:52+00:00,0,https://www.instagram.com/p/DUFPyntkuvi/,https://www.instagram.com/p/DUFPyntkuvi/?comment_id=18119966446539993,scraping_instagram,rika____114,"BISA2NYA YG BAYAR KUDU LAPOR. YG BAYAR SIAPA, YG BUTUH SIAPA? PEGAWAI SEGITU BANYAK GUNANYA APAAAA HAAAA. GK AFDHOL YAA KALO GK NYUSAIN WNI"
18176243416384497,2026-03-21T20:53:50+00:00,0,https://www.instagram.com/p/DUFPyntkuvi/,https://www.instagram.com/p/DUFPyntkuvi/?comment_id=18176243416384497,scraping_instagram,rika____114,"BISA2NYA YG BAYAR KUDU LAPOR. YG BAYAR SIAPA, YG BUTUH SIAPA? PEGAWAI SEGITU BANYAK GUNANYA APAAAA HAAAA. GK AFDHOL YAA KALO GK NYUSAIN WNI"
18065387744679765,2026-03-21T20:53:48+00:00,0,https://www.instagram.com/p/DUFPyntkuvi/,https://www.instagram.com/p/DUFPyntkuvi/?comment_id=18065387744679765,scraping_instagram,rika____114,"BISA2NYA YG BAYAR KUDU LAPOR. YG BAYAR SIAPA, YG BUTUH SIAPA? PEGAWAI SEGITU BANYAK GUNANYA APAAAA HAAAA. GK AFDHOL YAA KALO GK NYUSAIN WNI"
18085982096253318,2026-03-21T20:53:39+00:00,0,https://www.instagram.com/p/DUFPyntkuvi/,https://www.instagram.com/p/DUFPyntkuvi/?comment_id=18085982096253318,scraping_instagram,rika____114,"BISA2NYA YG BAYAR KUDU LAPOR. YG BAYAR SIAPA, YG BUTUH SIAPA? PEGAWAI SEGITU BANYAK GUNANYA APAAAA HAAAA. GK AFDHOL YAA KALO GK NYUSAIN WNI"
17870767665589801,2026-03-21T20:27:13+00:00,3,https://www.instagram.com/p/DUFPyntkuvi/,https://www.instagram.com/p/DUFPyntkuvi/?comment_id=17870767665589801,scraping_instagram,andryanxz,"pajak harus lapor, giliran lapor malah jadi ribet 😂"
17906854362363642,2026-03-21T17:34:11+00:00,0,https://www.instagram.com/p/DUFPyntkuvi/,https://www.instagram.com/p/DUFPyntkuvi/?comment_id=17906854362363642,scraping_instagram,rina.nanatt,Bubar Aja Lah Dirjen Pajak
18104219650905318,2026-03-21T16:29:00+00:00,0,https://www.instagram.com/p/DUFPyntkuvi/,https://www.instagram.com/p/DUFPyntkuvi/?comment_id=18104219650905318,scraping_instagram,njiiiikkkk,"Ribet, duit duit kite, kite juga yg ngisi"
18037358231575899,2026-03-21T15:51:33+00:00,3,https://www.instagram.com/p/DUFPyntkuvi/,https://www.instagram.com/p/DUFPyntkuvi/?comment_id=18037358231575899,scraping_instagram,alexandermrcl,"Sebenrnya ogah ngurus bayar” pajak udh mana birokrasi ribet kepengurusannya , mending sudi uang buat anak yatim aja"
17917376019317756,2026-03-21T12:20:45+00:00,0,https://www.instagram.com/p/DUFPyntkuvi/,https://www.instagram.com/p/DUFPyntkuvi/?comment_id=17917376019317756,scraping_instagram,carlylgl,Ribet sistem tai
18115946446633532,2026-03-21T11:40:04+00:00,0,https://www.instagram.com/p/DUFPyntkuvi/,https://www.instagram.com/p/DUFPyntkuvi/?comment_id=18115946446633532,scraping_instagram,keylarassati,"Ga ada yg mau rame2 ngegugat coretax ke MK kah ini? Jdi WNI udah bayar pajak gede yg ga jelas gunanya, masih aja dikasih kerjaan lapor2 karena ketidakmampuan lembaga dalam mengelola administrasi, tiba2 kurang bayar, lebih bayar, apose apose trus tau2 kena sanksi, DJP ngerepotin rakyar sama kek babu ngerepotin majikannya."
17897900592262412,2026-03-21T11:07:29+00:00,0,https://www.instagram.com/p/DUFPyntkuvi/,https://www.instagram.com/p/DUFPyntkuvi/?comment_id=17897900592262412,scraping_instagram,egiriyandi58,Ya bayar ya lapor ya dibuat semakin ribet 👏👏
17968648232880007,2026-03-21T01:58:13+00:00,0,https://www.instagram.com/p/DUFPyntkuvi/,https://www.instagram.com/p/DUFPyntkuvi/?comment_id=17968648232880007,scraping_instagram,captenatio.id,Idih najis di. Suruh melapor sendiri malas bgt kerja ya
18389942275155997,2026-03-21T01:57:39+00:00,0,https://www.instagram.com/p/DUFPyntkuvi/,https://www.instagram.com/p/DUFPyntkuvi/?comment_id=18389942275155997,scraping_instagram,captenatio.id,Pajak di salah gunakan buat apa
18321614011301988,2026-03-21T00:56:04+00:00,0,https://www.instagram.com/p/DUFPyntkuvi/,https://www.instagram.com/p/DUFPyntkuvi/?comment_id=18321614011301988,scraping_instagram,iwanrahmat12,PAJAK KHONTOL EMANG
18344408506215688,2026-03-20T14:35:31+00:00,0,https://www.instagram.com/p/DUFPyntkuvi/,https://www.instagram.com/p/DUFPyntkuvi/?comment_id=18344408506215688,scraping_instagram,leeo_win,"Komennya pada ngeluh , bikin tanggapan keek, ribet"
18123262762598602,2026-03-20T14:27:58+00:00,0,https://www.instagram.com/p/DUFPyntkuvi/,https://www.instagram.com/p/DUFPyntkuvi/?comment_id=18123262762598602,scraping_instagram,andreas_powerrangers,CORTEX SAMPAH buatan anak magang 🥱
17915406354322302,2026-03-20T10:02:12+00:00,0,https://www.instagram.com/p/DUFPyntkuvi/,https://www.instagram.com/p/DUFPyntkuvi/?comment_id=17915406354322302,scraping_instagram,nugrohosulistiono5,Kesini gara podcast ust Felix sama panji 😁 dan Komenan ga ada yg bagus wkwkkwkwk aduh
18112725862782699,2026-03-20T05:49:34+00:00,0,https://www.instagram.com/p/DUFPyntkuvi/,https://www.instagram.com/p/DUFPyntkuvi/?comment_id=18112725862782699,scraping_instagram,_alifamoy,we aku mau nonaktifkan pajak
18081573719068587,2026-03-20T05:43:57+00:00,5,https://www.instagram.com/p/DUFPyntkuvi/,https://www.instagram.com/p/DUFPyntkuvi/?comment_id=18081573719068587,scraping_instagram,ketiduran99,"Emang taik banget ini instansi, instansi paling males keknya. Gw yg bayar gw yg lapor gw yg ribet😂"
18076453160139390,2026-03-20T05:28:48+00:00,0,https://www.instagram.com/p/DUFPyntkuvi/,https://www.instagram.com/p/DUFPyntkuvi/?comment_id=18076453160139390,scraping_instagram,colpadie,K
18103470742913124,2026-03-20T05:20:51+00:00,0,https://www.instagram.com/p/DUFPyntkuvi/,https://www.instagram.com/p/DUFPyntkuvi/?comment_id=18103470742913124,scraping_instagram,farhansyamil_,kita yang bayar pajak kita jg yg harus lapor agak agak emang lu @ditjenpajakri
18571625404028170,2026-03-20T04:00:44+00:00,0,https://www.instagram.com/p/DUFPyntkuvi/,https://www.instagram.com/p/DUFPyntkuvi/?comment_id=18571625404028170,scraping_instagram,robyekapramudita,"Coretax sampah, buang-buang uang percuma, lebih bagus sistem yang lama.. di coretax bukti potong dll ga otomatis masuk"
17993559917922432,2026-03-20T03:42:49+00:00,0,https://www.instagram.com/p/DUFPyntkuvi/,https://www.instagram.com/p/DUFPyntkuvi/?comment_id=17993559917922432,scraping_instagram,ameliachatab,pak lapor deadline tetep 31 maret?
18312851293268343,2026-03-20T02:24:09+00:00,0,https://www.instagram.com/p/DUFPyntkuvi/,https://www.instagram.com/p/DUFPyntkuvi/?comment_id=18312851293268343,scraping_instagram,wahyuuumaarif,korupsi enak ga min
18124933318509348,2026-03-20T01:21:55+00:00,0,https://www.instagram.com/p/DUFPyntkuvi/,https://www.instagram.com/p/DUFPyntkuvi/?comment_id=18124933318509348,scraping_instagram,iyan.dyen,"sialll, gak rido gua .nanti di alam barzah gua akan bersaksi ke lembaga pajak"
18084165116198720,2026-03-20T01:08:54+00:00,0,https://www.instagram.com/p/DUFPyntkuvi/,https://www.instagram.com/p/DUFPyntkuvi/?comment_id=18084165116198720,scraping_instagram,ariady_c,Ribet kli cara lapor skrg kek taik. Potongan gede malah hrs lapor lapor sgala! Anj konoha ni
17949398244108651,2026-03-19T21:02:37+00:00,0,https://www.instagram.com/p/DUFPyntkuvi/,https://www.instagram.com/p/DUFPyntkuvi/?comment_id=17949398244108651,scraping_instagram,rendyrzein_,"LU UDAH NGAMBIL UANG GUA, GW YG NGELAPOR ???????"
18143476174490726,2026-03-19T18:42:37+00:00,0,https://www.instagram.com/p/DUFPyntkuvi/,https://www.instagram.com/p/DUFPyntkuvi/?comment_id=18143476174490726,scraping_instagram,abingkuy,Ko saya harus lapor? Uang saya kau ambil
18169011976395485,2026-03-19T17:07:56+00:00,0,https://www.instagram.com/p/DUFPyntkuvi/,https://www.instagram.com/p/DUFPyntkuvi/?comment_id=18169011976395485,scraping_instagram,deviero_alwizar,"Banyak keluhan tuh min, segera tanggapi"
17949973667966324,2026-03-19T15:51:39+00:00,0,https://www.instagram.com/p/DUFPyntkuvi/,https://www.instagram.com/p/DUFPyntkuvi/?comment_id=17949973667966324,scraping_instagram,hantamb_,"Bayar sendiri Lapor sendiri, trus ada nya instansi ini BUAT APA anj"
17971742115007525,2026-03-19T14:05:21+00:00,0,https://www.instagram.com/p/DUFPyntkuvi/,https://www.instagram.com/p/DUFPyntkuvi/?comment_id=17971742115007525,scraping_instagram,lianfzhrl__,"Petugas pajak segitu banyak gunanya apa ????? Kita juga yg hrs lapor. Mana ribet, error aplikasinya kek tai"
17878751532518362,2026-03-19T14:03:24+00:00,0,https://www.instagram.com/p/DUFPyntkuvi/,https://www.instagram.com/p/DUFPyntkuvi/?comment_id=17878751532518362,scraping_instagram,lianfzhrl__,"Udah kita yg dirampok, kita lagi yg laporan. Tai"
18082958180581851,2026-03-19T13:06:15+00:00,0,https://www.instagram.com/p/DUFPyntkuvi/,https://www.instagram.com/p/DUFPyntkuvi/?comment_id=18082958180581851,scraping_instagram,kono_dapaa_da,Kenapa gw yang harus lapor. Kan kita bayar juga buat ngegaji lu pada
18001689710911558,2026-03-19T11:09:18+00:00,0,https://www.instagram.com/p/DUFPyntkuvi/,https://www.instagram.com/p/DUFPyntkuvi/?comment_id=18001689710911558,scraping_instagram,colpadie,Ini otp sms gamasuk ? Rusak banget kinerja nya
17996242484752705,2026-03-19T11:02:00+00:00,0,https://www.instagram.com/p/DUFPyntkuvi/,https://www.instagram.com/p/DUFPyntkuvi/?comment_id=17996242484752705,scraping_instagram,adilfina,#kamidampingisampaiberhasil  artinya malas kerja.. kita sudah bayar kok melapor. System aneh..
18119490865546478,2026-03-19T10:59:16+00:00,0,https://www.instagram.com/p/DUFPyntkuvi/,https://www.instagram.com/p/DUFPyntkuvi/?comment_id=18119490865546478,scraping_instagram,adilfina,"System paling tidak jelas. Kita bayar, kita lapor, kita di denda.. kita pengangguran, tidak ada yg urus padahal selama ini kita kerja buat negara. Tapi uang pajak kita di korupsi orang-orang  pajak."
17983645265975788,2026-03-19T10:41:14+00:00,1,https://www.instagram.com/p/DUFPyntkuvi/,https://www.instagram.com/p/DUFPyntkuvi/?comment_id=17983645265975788,scraping_instagram,mukhtar10a,😂😂
17869746867583323,2026-03-19T10:38:52+00:00,0,https://www.instagram.com/p/DUFPyntkuvi/,https://www.instagram.com/p/DUFPyntkuvi/?comment_id=17869746867583323,scraping_instagram,ramongufar,Aku daftar cortax online tapi di tahap verifikasi nomor telepon kode SMS verifikasi nya gak pernah muncul sampai bolak balik isi pulsa 75 ribu habis untuk pemotongan sms
17858368395623360,2026-03-19T09:11:57+00:00,0,https://www.instagram.com/p/DUFPyntkuvi/,https://www.instagram.com/p/DUFPyntkuvi/?comment_id=17858368395623360,scraping_instagram,oejhank_oger88,"Hahahahahaha,,, menjijikan kalian yang kerja di pajak. Makan uang haram kalian."
18417798640121764,2026-03-19T08:26:36+00:00,0,https://www.instagram.com/p/DUFPyntkuvi/,https://www.instagram.com/p/DUFPyntkuvi/?comment_id=18417798640121764,scraping_instagram,mdaffarivaldy,ANEH
18097090649054663,2026-03-19T07:04:23+00:00,0,https://www.instagram.com/p/DUFPyntkuvi/,https://www.instagram.com/p/DUFPyntkuvi/?comment_id=18097090649054663,scraping_instagram,yendry_spt,"nambahin rekening bank persetujuan brp lama? blm berhasil jg, cek dm"
18001016903879142,2026-03-19T04:15:36+00:00,0,https://www.instagram.com/p/DUFPyntkuvi/,https://www.instagram.com/p/DUFPyntkuvi/?comment_id=18001016903879142,scraping_instagram,bengkelfirizkimotor,"Eeh pegawai pajak jahannam, kalian itu makan uang HARAM, kamu yang tiba² kalian potong uang kami terus kami yang kalian persulit lapor macam² jahannam memang"
17949464658116320,2026-03-19T03:46:10+00:00,0,https://www.instagram.com/p/DUFPyntkuvi/,https://www.instagram.com/p/DUFPyntkuvi/?comment_id=17949464658116320,scraping_instagram,fajar.alifsukmana,Coba org pajak uang rakyat dipake apa aja kunyuk  heh dongo lu . Negara maju kaya japan aja mereka laporan ke rakyat dipake apa aja
17978186175002508,2026-03-19T03:42:52+00:00,0,https://www.instagram.com/p/DUFPyntkuvi/,https://www.instagram.com/p/DUFPyntkuvi/?comment_id=17978186175002508,scraping_instagram,ichlasula_,"Gua yg bayar gua yg suruh lapor? Terus tugas anda ngapain?? Analogi nya klo gua makan di restoran terus pegawai resto nya bilang ""mas nanti hitung sendiri ya biaya makan nya berapa"" kan anehh"
18577579957023145,2026-03-19T02:49:50+00:00,0,https://www.instagram.com/p/DUFPyntkuvi/,https://www.instagram.com/p/DUFPyntkuvi/?comment_id=18577579957023145,scraping_instagram,_akbastard,Ini maling yg di lindungi negara
18082374329058622,2026-03-19T02:20:45+00:00,0,https://www.instagram.com/p/DUFPyntkuvi/,https://www.instagram.com/p/DUFPyntkuvi/?comment_id=18082374329058622,scraping_instagram,l_okky,PAJAK PALAK beda 1 huruf
18112555036688312,2026-03-19T02:17:17+00:00,0,https://www.instagram.com/p/DUFPyntkuvi/,https://www.instagram.com/p/DUFPyntkuvi/?comment_id=18112555036688312,scraping_instagram,khadziqq,Kan lu yg mau beli Rubicon kok gw yg ribet sih
18403049389195284,2026-03-19T01:10:22+00:00,0,https://www.instagram.com/p/DUFPyntkuvi/,https://www.instagram.com/p/DUFPyntkuvi/?comment_id=18403049389195284,scraping_instagram,ratih_slyntherin,Terus tugas pegawai pajak apa ? Kenapa kita yang repot 😂
18109904584685813,2026-03-18T22:32:00+00:00,0,https://www.instagram.com/p/DUFPyntkuvi/,https://www.instagram.com/p/DUFPyntkuvi/?comment_id=18109904584685813,scraping_instagram,adit.fadillahh,"Kita bayar pajak, kita yg lapor. Tugas kalian apa? Kerja kalian apa?"
17957066379080497,2026-03-18T21:17:19+00:00,0,https://www.instagram.com/p/DUFPyntkuvi/,https://www.instagram.com/p/DUFPyntkuvi/?comment_id=17957066379080497,scraping_instagram,pqmungkast,Niat nya mau keliatan berkembang dan maju ehh kenyataan nya minim edukasi dan malah keliatan goblok
17869223637592086,2026-03-18T19:01:24+00:00,0,https://www.instagram.com/p/DUFPyntkuvi/,https://www.instagram.com/p/DUFPyntkuvi/?comment_id=17869223637592086,scraping_instagram,stephen_tiodo,Ini PP55 jadi di panjang??
18384447547087151,2026-03-18T18:51:41+00:00,0,https://www.instagram.com/p/DUFPyntkuvi/,https://www.instagram.com/p/DUFPyntkuvi/?comment_id=18384447547087151,scraping_instagram,yasfa95,"Coretax sampah banget, error mulu smpai skrng. Itu yang kerja di Djp pada ngapain aja.!!!"
18158250715440574,2026-03-18T18:09:08+00:00,0,https://www.instagram.com/p/DUFPyntkuvi/,https://www.instagram.com/p/DUFPyntkuvi/?comment_id=18158250715440574,scraping_instagram,robby.kp,Ane yg bayar pajak ane juga yg harus lapor trus ente ente pada ngapain ????? Cuma verifikasi doang ??? Robot juga bisa
17891661927306287,2026-03-18T16:55:07+00:00,0,https://www.instagram.com/p/DUFPyntkuvi/,https://www.instagram.com/p/DUFPyntkuvi/?comment_id=17891661927306287,scraping_instagram,riskymufc25,"KARYAWAN PAJAKLAH YANG KERJAIN LAPORAN PAJAK, JANGAN MAKAN GAJI BUTA AJA LU PADA NYET !!"
18387200671152279,2026-03-18T15:45:32+00:00,0,https://www.instagram.com/p/DUFPyntkuvi/,https://www.instagram.com/p/DUFPyntkuvi/?comment_id=18387200671152279,scraping_instagram,gusty_ngajas,"Dengarkan keluhan rakyat woy, ini bukan akun AI kan? Mnta perbaiki sistem sja gk bener2, gmna mau mnta rincihan alokasi pajak yg dibayarkan rakyat, kalian kerjanya apasih?"
18411406822130934,2026-03-18T15:44:49+00:00,0,https://www.instagram.com/p/DUFPyntkuvi/,https://www.instagram.com/p/DUFPyntkuvi/?comment_id=18411406822130934,scraping_instagram,s.bfirm,"SUDAH AKTIVASI KE KANTOR PAJAK TAPI TETAP GAK BISA LOGIN, KALIAN KERJA APA COBA??"
18093766667018863,2026-03-18T10:53:13+00:00,0,https://www.instagram.com/p/DUFPyntkuvi/,https://www.instagram.com/p/DUFPyntkuvi/?comment_id=18093766667018863,scraping_instagram,dyms.23,Adededededededeeeeeehhhhh ribet skli caranya weeee
18068277413298312,2026-03-18T10:53:07+00:00,0,https://www.instagram.com/p/DUFPyntkuvi/,https://www.instagram.com/p/DUFPyntkuvi/?comment_id=18068277413298312,scraping_instagram,rizkyferdenalp,"SAYA GABISA VERIFIKASI FOTO TERUS WOI ALESANNYA GAGAL TAPI GADIKASIH TAU APA GAGALNYA, INI GUA MAU LAPOR AJA RIBET BANGET"
18060606845375567,2026-03-18T09:53:13+00:00,0,https://www.instagram.com/p/DUFPyntkuvi/,https://www.instagram.com/p/DUFPyntkuvi/?comment_id=18060606845375567,scraping_instagram,shniee_98,Gue ga punya cutiii skrng di ribetin harus ke kantor pajak padahal taun kmren gue udh ganti email sma nmr hp dan skrng email yg baruu tetep ga bisaaaaaaa arhhhhh
17929257210234673,2026-03-18T09:00:19+00:00,0,https://www.instagram.com/p/DUFPyntkuvi/,https://www.instagram.com/p/DUFPyntkuvi/?comment_id=17929257210234673,scraping_instagram,yokosu536,PAJAK KONTOL🔥
18096047762007502,2026-03-18T08:31:02+00:00,0,https://www.instagram.com/p/DUFPyntkuvi/,https://www.instagram.com/p/DUFPyntkuvi/?comment_id=18096047762007502,scraping_instagram,aditpatii_,Hastag lu keberatan dan gimick der
18146342890478094,2026-03-18T08:30:34+00:00,0,https://www.instagram.com/p/DUFPyntkuvi/,https://www.instagram.com/p/DUFPyntkuvi/?comment_id=18146342890478094,scraping_instagram,dimasirianto,"1. Kalau bikin sistem itu yang memudahkan masyarakat, bukan yang memudahkan kalian...2. Bahasa di sistem pakai yang mudah dipahami, gak semua orang paham perpajakan...3. KALIAN SUDAH PUNYA BERAPA JUMLAH PEMOTONGAN, TAPI KENAPA KITA HARUS LAPORAN LAGI???? DENGAN SEGALA TETEK BENGEKNYA???"
18157337962430136,2026-03-18T08:25:27+00:00,0,https://www.instagram.com/p/DUFPyntkuvi/,https://www.instagram.com/p/DUFPyntkuvi/?comment_id=18157337962430136,scraping_instagram,masbiimm,Dongo
18065883380652781,2026-03-18T07:34:49+00:00,0,https://www.instagram.com/p/DUFPyntkuvi/,https://www.instagram.com/p/DUFPyntkuvi/?comment_id=18065883380652781,scraping_instagram,wakamono2nd,Kerja gblk
18065178470669480,2026-03-18T05:48:22+00:00,0,https://www.instagram.com/p/DUFPyntkuvi/,https://www.instagram.com/p/DUFPyntkuvi/?comment_id=18065178470669480,scraping_instagram,primasans,"Ini kek mana sih, disuruh verifikasi tapi nggak ada kolom buat isi kodenya"
18091097183155524,2026-03-18T05:41:26+00:00,0,https://www.instagram.com/p/DUFPyntkuvi/,https://www.instagram.com/p/DUFPyntkuvi/?comment_id=18091097183155524,scraping_instagram,deniafandi25,Saya PMI udah bayar pajak di negara tempat saya bekerja. Sudah coba menonefektifkan NPWP biar ga wajib pajak. Mintol ke siapa semua semua ga direspon 😢😢.
18114543523732065,2026-03-18T05:24:29+00:00,0,https://www.instagram.com/p/DUFPyntkuvi/,https://www.instagram.com/p/DUFPyntkuvi/?comment_id=18114543523732065,scraping_instagram,alieffrmdn,Aplikasi goblokk
17907010365364994,2026-03-18T04:09:54+00:00,0,https://www.instagram.com/p/DUFPyntkuvi/,https://www.instagram.com/p/DUFPyntkuvi/?comment_id=17907010365364994,scraping_instagram,mouseoffice,"Pegawai lu noh nganggur anjing, gausah nyusahin rakyat"
18119100532537425,2026-03-18T03:18:53+00:00,0,https://www.instagram.com/p/DUFPyntkuvi/,https://www.instagram.com/p/DUFPyntkuvi/?comment_id=18119100532537425,scraping_instagram,young_husband66,"min, verif nomer telfon kok susah amat dah"
18085889495193718,2026-03-18T02:49:47+00:00,0,https://www.instagram.com/p/DUFPyntkuvi/,https://www.instagram.com/p/DUFPyntkuvi/?comment_id=18085889495193718,scraping_instagram,bryan2808,@prabowo @prabowo.gibran2 @menkeuri @dpr_ri  BPK Ibu yang terhormat tolong coretax nya dibenerin jangan libur coretax juga libur trus tgl akhir lapor tetap di akhir Maret 2026
18076364489137164,2026-03-18T02:48:58+00:00,0,https://www.instagram.com/p/DUFPyntkuvi/,https://www.instagram.com/p/DUFPyntkuvi/?comment_id=18076364489137164,scraping_instagram,mhdsyaifulritonga,"udah berkali-kali coba akses web cortex, error terus. memepersulit aja ni aplikasi cortex. haaaaaaaaaaaaaaaaaaaaaaaaaaaaaaaaaaaaaaaaaaaaaaaaaaaaaaaaaaaaaaaaaaaaaaaaaaaaaaaaaaaaaaaaaaaaaaaaaaaaaaaaaaaaaaaaaaa..."
17991711197933414,2026-03-18T02:30:12+00:00,0,https://www.instagram.com/p/DUFPyntkuvi/,https://www.instagram.com/p/DUFPyntkuvi/?comment_id=17991711197933414,scraping_instagram,hafizhbankam,"SUSAH BANGET MAU LAPOR DOANG!! INPUT EROR TERUSS!!!!!! UDAH MAH KITA BAYAR, KITA JUGA YANG LAPOR. EH PAS TELAT LAPOR KENA DENDA. DZOLIM!!!!!!!!!"
17965349070019444,2026-03-18T02:26:35+00:00,0,https://www.instagram.com/p/DUFPyntkuvi/,https://www.instagram.com/p/DUFPyntkuvi/?comment_id=17965349070019444,scraping_instagram,bubbub_bubble,klo nihil tetap harus lapor ya? apa ada yg kesulitan bikin akun tp verif di nope ngga masuk masuk otp nya? smoga ada yg bantu jawab 🥲
18085213163345173,2026-03-18T01:43:17+00:00,0,https://www.instagram.com/p/DUFPyntkuvi/,https://www.instagram.com/p/DUFPyntkuvi/?comment_id=18085213163345173,scraping_instagram,liyasostenes,Pak.. Diakses error mulu. . gak bisa dibuka...
18086876627220219,2026-03-18T00:59:05+00:00,0,https://www.instagram.com/p/DUFPyntkuvi/,https://www.instagram.com/p/DUFPyntkuvi/?comment_id=18086876627220219,scraping_instagram,yanuarsumadikarta,"gua yang bayar gua juga yang lapor, kerjaan lu ngapain asw!!!"
18306936622275754,2026-03-17T23:11:05+00:00,0,https://www.instagram.com/p/DUFPyntkuvi/,https://www.instagram.com/p/DUFPyntkuvi/?comment_id=18306936622275754,scraping_instagram,didolodianto,Sebenarnya budaknya siapa sih ini? Masak orang bayar disuruh ribet
18065547278322762,2026-03-17T22:21:19+00:00,0,https://www.instagram.com/p/DUFPyntkuvi/,https://www.instagram.com/p/DUFPyntkuvi/?comment_id=18065547278322762,scraping_instagram,radenputera,Pemungut pajak tempat nya di neraka
18035929919581725,2026-03-17T18:40:11+00:00,0,https://www.instagram.com/p/DUFPyntkuvi/,https://www.instagram.com/p/DUFPyntkuvi/?comment_id=18035929919581725,scraping_instagram,dhomadho,Ribet
17847217725680687,2026-03-17T18:08:31+00:00,0,https://www.instagram.com/p/DUFPyntkuvi/,https://www.instagram.com/p/DUFPyntkuvi/?comment_id=17847217725680687,scraping_instagram,blackbird.g18,"memang tolol orang2 ini, kita yg bayar kita yg lapor. idiot"
18077861321384160,2026-03-17T18:03:42+00:00,0,https://www.instagram.com/p/DUFPyntkuvi/,https://www.instagram.com/p/DUFPyntkuvi/?comment_id=18077861321384160,scraping_instagram,npc_fzl,"EH KONTOI, GW BAYAR PAJAK.. GW JUGA SURUH NGISI !!! KONTOI MAKAN DUIT HARAM AJING. LOE KASIH MAKAN KELUARGA DARI HASIL SUMPAHAN RAKYAT AJING"
18097756060797614,2026-03-17T17:12:44+00:00,0,https://www.instagram.com/p/DUFPyntkuvi/,https://www.instagram.com/p/DUFPyntkuvi/?comment_id=18097756060797614,scraping_instagram,adityakukuh,"Kenapa ga elu aja yg ngisiin spt gw woi, masa udah bayar masih suru kerja woi"
17919700788278727,2026-03-17T16:58:21+00:00,0,https://www.instagram.com/p/DUFPyntkuvi/,https://www.instagram.com/p/DUFPyntkuvi/?comment_id=17919700788278727,scraping_instagram,westbig511,"Kalian para polisi di Indonesia, kalian sangat bodoh dan lambat dalam menyelidiki kasus MADE DANAN JAYA ANTARA yang menipu uang saya. Kalian sama sekali tidak bekerja. Saya sudah memberi tahu kalian bahwa ada penipu dari Indonesia yang menipu saya dan kalian tidak melakukan apa pun. Penipu ini telah menipu banyak orang menggunakan paspor asli, KTP asli, dan nama aslinya juga, dan kalian tidak melakukan apa pun. Ini aneh karena sepertinya polisi Indonesia mendukung penipuan karena kalian sama sekali tidak melakukan apa pun. Ini salah."
17903579334224431,2026-03-17T15:49:16+00:00,0,https://www.instagram.com/p/DUFPyntkuvi/,https://www.instagram.com/p/DUFPyntkuvi/?comment_id=17903579334224431,scraping_instagram,riannmaulanaa,"Gua yg bayar pajak gua yg lapor , coba gantian dong gua bayar pajak lau lau orang lapor ke kita kita udah digunain apa pajak nya berguna gak ,biar adil"
18073184612442456,2026-03-17T14:04:55+00:00,0,https://www.instagram.com/p/DUFPyntkuvi/,https://www.instagram.com/p/DUFPyntkuvi/?comment_id=18073184612442456,scraping_instagram,andrsatryeah,"Usaha in this ekonomi suruh bayar pajak ratusan jta , modal sendiri usaha sendiri giliran cuan minta 😂😂😂"
17905214616378923,2026-03-17T13:45:17+00:00,0,https://www.instagram.com/p/DUFPyntkuvi/,https://www.instagram.com/p/DUFPyntkuvi/?comment_id=17905214616378923,scraping_instagram,ekozakinaruto_23,"Bisa ngk si kami dapat resi potongan pajak aja, kan data kami udah ada terus potongan pajaknya juga udah diterima. Kenapa harus lapor lg, kami yg bayar kami yg repot."
18081543350458986,2026-03-17T13:38:34+00:00,0,https://www.instagram.com/p/DUFPyntkuvi/,https://www.instagram.com/p/DUFPyntkuvi/?comment_id=18081543350458986,scraping_instagram,m.fairuznafis,Tahun depan berubah lagi tuh skema pelaporan SPT tahunan. Ribet.
17911982199163670,2026-03-17T13:30:41+00:00,0,https://www.instagram.com/p/DUFPyntkuvi/,https://www.instagram.com/p/DUFPyntkuvi/?comment_id=17911982199163670,scraping_instagram,hengkyko80,"@ditjenpajakri Pak/Bu, saya hendak tanya, apabila saya punya polis asuransi kesehatan murni yg preminya dibayar tiap tahun, dan akan hangus tiap tahun (tidak memiliki nilai tunai) . Itu apakah harus dilaporkan di spt tahunan?"
18007706675696466,2026-03-17T13:17:53+00:00,0,https://www.instagram.com/p/DUFPyntkuvi/,https://www.instagram.com/p/DUFPyntkuvi/?comment_id=18007706675696466,scraping_instagram,udahdari.toddy,Ribed kontol
18058239458700796,2026-03-17T12:53:48+00:00,0,https://www.instagram.com/p/DUFPyntkuvi/,https://www.instagram.com/p/DUFPyntkuvi/?comment_id=18058239458700796,scraping_instagram,irvinesebastian,"Ribet lo, apa"" kena pajak...masih harus lapor dengan sistem lo yg gajelas"
18098803336787979,2026-03-17T12:23:02+00:00,0,https://www.instagram.com/p/DUFPyntkuvi/,https://www.instagram.com/p/DUFPyntkuvi/?comment_id=18098803336787979,scraping_instagram,defiansagita,Lu yg harus laporan dong jgn rakyat
18146084518465151,2026-03-17T10:43:59+00:00,0,https://www.instagram.com/p/DUFPyntkuvi/,https://www.instagram.com/p/DUFPyntkuvi/?comment_id=18146084518465151,scraping_instagram,chriztyandt,apalah kerja kelean ini
17869007862582894,2026-03-17T09:22:19+00:00,3,https://www.instagram.com/p/DUFPyntkuvi/,https://www.instagram.com/p/DUFPyntkuvi/?comment_id=17869007862582894,scraping_instagram,hikmathayat,call center 1500200 gratiskan dong...dibuat seperti ahulink pake no whatsapp
17879255358503210,2026-03-17T07:31:46+00:00,0,https://www.instagram.com/p/DUFPyntkuvi/,https://www.instagram.com/p/DUFPyntkuvi/?comment_id=17879255358503210,scraping_instagram,priskilaqla,ini mau tarik spt induknya gimana kalau sudah lapor? 😢
18093895355034288,2026-03-17T05:30:48+00:00,0,https://www.instagram.com/p/DUFPyntkuvi/,https://www.instagram.com/p/DUFPyntkuvi/?comment_id=18093895355034288,scraping_instagram,monday.futsal,"Aplikasi tergoblok, lupa kata sandi ga bisa2"
18098986468941063,2026-03-17T04:56:24+00:00,0,https://www.instagram.com/p/DUFPyntkuvi/,https://www.instagram.com/p/DUFPyntkuvi/?comment_id=18098986468941063,scraping_instagram,ohwhatisthis95,"Ayo semua gak usah bayar pajak, biar negara ini Mhe-Lha-Rhat"
17854809081631456,2026-03-17T04:53:38+00:00,0,https://www.instagram.com/p/DUFPyntkuvi/,https://www.instagram.com/p/DUFPyntkuvi/?comment_id=17854809081631456,scraping_instagram,erlitaryp,Dikejar bayar pajak boleh tapi izin layanan kring pajaknya juga lebih baik di telepon susah banget
18061985081676123,2026-03-17T04:53:15+00:00,0,https://www.instagram.com/p/DUFPyntkuvi/,https://www.instagram.com/p/DUFPyntkuvi/?comment_id=18061985081676123,scraping_instagram,urfavoritobae,website 1.3 T berasa website 10 jutaan CACAT
17878419954517046,2026-03-17T04:41:30+00:00,0,https://www.instagram.com/p/DUFPyntkuvi/,https://www.instagram.com/p/DUFPyntkuvi/?comment_id=17878419954517046,scraping_instagram,dan_idgaf0704,Enjoy neraka ya lu semua aj9
18069052406270963,2026-03-17T04:38:20+00:00,0,https://www.instagram.com/p/DUFPyntkuvi/,https://www.instagram.com/p/DUFPyntkuvi/?comment_id=18069052406270963,scraping_instagram,pab.lo3380,Pejabat yg memutuskan supaya Coretax dipaksakan utk digunakan meskipun belum siap. Akan kami minta pertanggung jawaban di akhirat
17885372472461646,2026-03-17T04:01:24+00:00,0,https://www.instagram.com/p/DUFPyntkuvi/,https://www.instagram.com/p/DUFPyntkuvi/?comment_id=17885372472461646,scraping_instagram,saefulfikri_77,Bisa ga lu yg bkin laporan ke kita itu duit hasil pajak kita lu pake apa aja. Masa kita yg bayar kita juga yg suruh bkin laporan 🥸 @ditjenpajakri
18255220168306923,2026-03-17T03:56:26+00:00,0,https://www.instagram.com/p/DUFPyntkuvi/,https://www.instagram.com/p/DUFPyntkuvi/?comment_id=18255220168306923,scraping_instagram,ferdy_yovanny,"Ribet bgst, server lu down teerus. Gua yg bayar pajak gua juga yg lapor."
18080561156583139,2026-03-17T03:36:18+00:00,0,https://www.instagram.com/p/DUFPyntkuvi/,https://www.instagram.com/p/DUFPyntkuvi/?comment_id=18080561156583139,scraping_instagram,april_apriliayu,Saya bingung lapor cortex badan. Kok option hanya simpan konsep ga bisa submit? @ditjenpajakri
18070777016651530,2026-03-17T02:15:22+00:00,0,https://www.instagram.com/p/DUFPyntkuvi/,https://www.instagram.com/p/DUFPyntkuvi/?comment_id=18070777016651530,scraping_instagram,aangdedypermana,Masih pada hidup ga?
18045844136711743,2026-03-17T01:13:46+00:00,0,https://www.instagram.com/p/DUFPyntkuvi/,https://www.instagram.com/p/DUFPyntkuvi/?comment_id=18045844136711743,scraping_instagram,ayahnya_melody,NJING SIH KALIAN YG D GAJI TP KITA YG HARUS NGISI... TROS KERJAAN KALIAN APA SIH NJING
18086555020966157,2026-03-17T01:01:04+00:00,0,https://www.instagram.com/p/DUFPyntkuvi/,https://www.instagram.com/p/DUFPyntkuvi/?comment_id=18086555020966157,scraping_instagram,wantedrg,"Pajak ngelebihin zakat, disuruh lapor juga. Lo yg harus laporan ke gue, setiap  pajak penghasilan yg dipotong perRupiahnya buat apa ajah. Gapapa lu tulis potongan pajak sebagian buat gibran. Lapor ajah dulu ke gua"
17879212452515708,2026-03-17T00:57:17+00:00,0,https://www.instagram.com/p/DUFPyntkuvi/,https://www.instagram.com/p/DUFPyntkuvi/?comment_id=17879212452515708,scraping_instagram,sri_ekop,Asu memang.... Akunkerja lu kagak nyarikan... Giliran dapat gaji main potong gila2an... Gak iklas duitku buat gaji kalian
18084498776018398,2026-03-16T22:25:44+00:00,0,https://www.instagram.com/p/DUFPyntkuvi/,https://www.instagram.com/p/DUFPyntkuvi/?comment_id=18084498776018398,scraping_instagram,bill.official__,"Kita kerja ga dicariin pemerintah, giliran sudah kerja duit kita dimaling dengan embel2 ""bayar pajak untuk kemajuan negeri"", setelah duit kita dimaling untuk pajak kita juga yg harus lapor dengan segala sistem yg sok keren itu, setelah bayar pajak gak ada feedback nya sama sekali buat kita. Harusnya kebalik kalian yg lapor secara detail uang pajak kita alokasinya kemana aja, dipake buat apa aja, kebermanfaatannya buat kita itu apa. Tolol"
17965439511041185,2026-03-16T21:52:39+00:00,0,https://www.instagram.com/p/DUFPyntkuvi/,https://www.instagram.com/p/DUFPyntkuvi/?comment_id=17965439511041185,scraping_instagram,chandracesc,👎
18105144508877440,2026-03-16T21:32:29+00:00,0,https://www.instagram.com/p/DUFPyntkuvi/,https://www.instagram.com/p/DUFPyntkuvi/?comment_id=18105144508877440,scraping_instagram,iiqbal.muhammad,Instansi paling gk guna selain DPR
18359839699207330,2026-03-16T21:28:51+00:00,0,https://www.instagram.com/p/DUFPyntkuvi/,https://www.instagram.com/p/DUFPyntkuvi/?comment_id=18359839699207330,scraping_instagram,ariwyo,"Kita yang bayar kita yang nginput, kerjaan anda apa woy?"
17854961349628165,2026-03-16T21:15:37+00:00,0,https://www.instagram.com/p/DUFPyntkuvi/,https://www.instagram.com/p/DUFPyntkuvi/?comment_id=17854961349628165,scraping_instagram,rizky_iqii,"Yth, yang punya jabatan, tolong jelasin FUNGSI masyarakat untuk Lapor Pajak secara mandiri itu apa penjelasannya? Sibuk di kantor, sibuk sama kerjaa? Sama kita juga sibuk engga ada waktu buat kaya beginian,, tolong pikirkan juga ke orang yang sudah tua tapi harus lapor pajak, KACAUUU!!!!"
18091216748122961,2026-03-16T21:11:55+00:00,0,https://www.instagram.com/p/DUFPyntkuvi/,https://www.instagram.com/p/DUFPyntkuvi/?comment_id=18091216748122961,scraping_instagram,mulimtd,Bikin akun ig cuma buat meramaikan aja ini selebih nya gak berguna
17956907849934655,2026-03-16T21:06:41+00:00,0,https://www.instagram.com/p/DUFPyntkuvi/,https://www.instagram.com/p/DUFPyntkuvi/?comment_id=17956907849934655,scraping_instagram,me_morials_is_gone,Sampah
17988166346786011,2026-03-16T20:20:06+00:00,0,https://www.instagram.com/p/DUFPyntkuvi/,https://www.instagram.com/p/DUFPyntkuvi/?comment_id=17988166346786011,scraping_instagram,danishrl_,"RIBETTT, SUSAHHHHH"
17968055813877852,2026-03-16T18:42:08+00:00,0,https://www.instagram.com/p/DUFPyntkuvi/,https://www.instagram.com/p/DUFPyntkuvi/?comment_id=17968055813877852,scraping_instagram,akmalldnnt,magabut
18572442430002454,2026-03-16T17:25:47+00:00,0,https://www.instagram.com/p/DUFPyntkuvi/,https://www.instagram.com/p/DUFPyntkuvi/?comment_id=18572442430002454,scraping_instagram,andikusdinar15,Mau lapor pajak ja ribett! Kita yg bayar laah kitabuuga yg harus laport... kalian lah pada kerjaaa
17852489349637863,2026-03-16T17:16:49+00:00,0,https://www.instagram.com/p/DUFPyntkuvi/,https://www.instagram.com/p/DUFPyntkuvi/?comment_id=17852489349637863,scraping_instagram,rudy_agus_nady,Cortex mu benerin
17903635638220996,2026-03-16T16:42:28+00:00,0,https://www.instagram.com/p/DUFPyntkuvi/,https://www.instagram.com/p/DUFPyntkuvi/?comment_id=17903635638220996,scraping_instagram,ikmandikap,
17955922062082428,2026-03-16T16:40:45+00:00,0,https://www.instagram.com/p/DUFPyntkuvi/,https://www.instagram.com/p/DUFPyntkuvi/?comment_id=17955922062082428,scraping_instagram,bigy.me,"coba dong apkai sistem seperti Singapura punya, PRE-FILLED TAX RETURN. Jadi warga tinggal verifikasi aja di portal online.. efisien pula."
18074156378175986,2026-03-16T16:20:14+00:00,0,https://www.instagram.com/p/DUFPyntkuvi/,https://www.instagram.com/p/DUFPyntkuvi/?comment_id=18074156378175986,scraping_instagram,stankovictzy,Najisss negara ga ngasih kerjaan giliran ada penghasilan lu pajakin kontol !!!!
18047444315709158,2026-03-16T15:58:57+00:00,0,https://www.instagram.com/p/DUFPyntkuvi/,https://www.instagram.com/p/DUFPyntkuvi/?comment_id=18047444315709158,scraping_instagram,grebagas,terus kalian ngapain??
18116540287711210,2026-03-16T15:52:56+00:00,0,https://www.instagram.com/p/DUFPyntkuvi/,https://www.instagram.com/p/DUFPyntkuvi/?comment_id=18116540287711210,scraping_instagram,hanungzhr,Aplikasi kamvungg demi nomor bener kirim otp ga masuk-masuk njssss
17878713840405192,2026-03-16T15:52:33+00:00,0,https://www.instagram.com/p/DUFPyntkuvi/,https://www.instagram.com/p/DUFPyntkuvi/?comment_id=17878713840405192,scraping_instagram,prista.veljanoski,Ribet 👏👏👏👏 ampun dehhh
18088876459906406,2026-03-16T15:52:17+00:00,0,https://www.instagram.com/p/DUFPyntkuvi/,https://www.instagram.com/p/DUFPyntkuvi/?comment_id=18088876459906406,scraping_instagram,prista.veljanoski,Ribet 👍👍👍👍
18076715387115489,2026-03-16T15:42:03+00:00,0,https://www.instagram.com/p/DUFPyntkuvi/,https://www.instagram.com/p/DUFPyntkuvi/?comment_id=18076715387115489,scraping_instagram,eko_pujianto_,"Pajak thr luar biasa besarnya masa 9%, kami kamum buruh keberatan @ditjenpajakri pak @prabowo"
18173772148391323,2026-03-16T15:38:08+00:00,0,https://www.instagram.com/p/DUFPyntkuvi/,https://www.instagram.com/p/DUFPyntkuvi/?comment_id=18173772148391323,scraping_instagram,move.tea,ribet lu boomer
18098047577072552,2026-03-16T15:21:28+00:00,0,https://www.instagram.com/p/DUFPyntkuvi/,https://www.instagram.com/p/DUFPyntkuvi/?comment_id=18098047577072552,scraping_instagram,hshigi,Gausah bayar pajak boleh gak . Percuma pajak nya ga bermanfaat buat pembayar pajak juga
18082753937200043,2026-03-16T14:43:07+00:00,0,https://www.instagram.com/p/DUFPyntkuvi/,https://www.instagram.com/p/DUFPyntkuvi/?comment_id=18082753937200043,scraping_instagram,wildan_crew,"gaji dipotong, thr dipotong, gak lapor spt di denda. saking gak bisa kerjanya?"
18095752634290543,2026-03-16T14:34:38+00:00,0,https://www.instagram.com/p/DUFPyntkuvi/,https://www.instagram.com/p/DUFPyntkuvi/?comment_id=18095752634290543,scraping_instagram,sindhyka_banurea_,"Gabisa lebih ribet lagi melapor pajak ini? Buat sengsara kali kalian. Gaji otomatis terpotong, tapi telat lapor pajak pun kena denda."
18310645672281433,2026-03-16T14:23:41+00:00,0,https://www.instagram.com/p/DUFPyntkuvi/,https://www.instagram.com/p/DUFPyntkuvi/?comment_id=18310645672281433,scraping_instagram,anisanada_f,Punten bgt itu web nya riweh bgttt
17850976635646086,2026-03-16T14:01:49+00:00,0,https://www.instagram.com/p/DUFPyntkuvi/,https://www.instagram.com/p/DUFPyntkuvi/?comment_id=17850976635646086,scraping_instagram,mulya_aden,Korup korup korup 🙌
18447979489105955,2026-03-16T13:35:34+00:00,0,https://www.instagram.com/p/DUFPyntkuvi/,https://www.instagram.com/p/DUFPyntkuvi/?comment_id=18447979489105955,scraping_instagram,tigorduranarlian,"KALIAN BIADAB , KALIAN BIADAB , KALIAN BIADAB , LALALALALALA , KALIAN BIADAB , KALIAN BIADAB , KALIAN BIADAB , LALALALALALALALA"
18112849252755335,2026-03-16T13:21:13+00:00,0,https://www.instagram.com/p/DUFPyntkuvi/,https://www.instagram.com/p/DUFPyntkuvi/?comment_id=18112849252755335,scraping_instagram,d.originalshoes.id,"Liatin lu yah klw keluhan masyarakat kalian diem aja, liatin nanti di akhirat kelak, kami semua akan tertawa terbahak"" dari atas surga, karna melihat kalian para pemungut pajak di neraka zahanam disiksa tanpa henti 😂😂 kami semua rakyat indonesia menjadi saksi diakhirat kelak, kalian selalu berbuat dzolim kepada kami. Inget itu yah."
18074825315571217,2026-03-16T13:09:17+00:00,0,https://www.instagram.com/p/DUFPyntkuvi/,https://www.instagram.com/p/DUFPyntkuvi/?comment_id=18074825315571217,scraping_instagram,reza_adrian34,BANGSAT aplikasi kalian nyusahin... Nambah rekening data bank gagal mulu.
17927722977232412,2026-03-16T12:43:59+00:00,0,https://www.instagram.com/p/DUFPyntkuvi/,https://www.instagram.com/p/DUFPyntkuvi/?comment_id=17927722977232412,scraping_instagram,r_rompies_,"Kaya kontol ,registrasi NPWP aja susah nya setengah mati"
18122926837598214,2026-03-16T12:03:00+00:00,0,https://www.instagram.com/p/DUFPyntkuvi/,https://www.instagram.com/p/DUFPyntkuvi/?comment_id=18122926837598214,scraping_instagram,yono_dhar,System pajak perlu di benahi supaya tidak ada pemotongan pajak sepihak bahkan menyulitkan para pelapor pajak dan sebenarnya orang pajak ini bener2 bisa pada kerja gak sih
18100826008931063,2026-03-16T12:00:28+00:00,0,https://www.instagram.com/p/DUFPyntkuvi/,https://www.instagram.com/p/DUFPyntkuvi/?comment_id=18100826008931063,scraping_instagram,notorious.kahlil,"Apakah kalian tau benda hitam milik sahroni?, yak betul itu adalah instansi pajak"
18006467297847857,2026-03-16T11:55:44+00:00,0,https://www.instagram.com/p/DUFPyntkuvi/,https://www.instagram.com/p/DUFPyntkuvi/?comment_id=18006467297847857,scraping_instagram,bapackwendraaja,"Gegayaan naikin pajak mulu, sistem makin ribet, knp yg susah malah yg bayar pajaknya yak...ni konsepnya gimana lagi..makin bingung😂"
17951783283102876,2026-03-16T10:55:33+00:00,0,https://www.instagram.com/p/DUFPyntkuvi/,https://www.instagram.com/p/DUFPyntkuvi/?comment_id=17951783283102876,scraping_instagram,gita_auliaputri,"Ya Allah bikin NPWP CV aja sistemnya eror terus ini kenapa ????? Kalau memang gak bisa sistemnya mending gak usah2 online2an, sok2an tapi gak kelar2, malah habisin waktu aja"
18118352944722408,2026-03-16T10:25:55+00:00,0,https://www.instagram.com/p/DUFPyntkuvi/,https://www.instagram.com/p/DUFPyntkuvi/?comment_id=18118352944722408,scraping_instagram,jahbiantara,"Sisitim yg sangatlah ribet, kita SDH mau lho bayar pajak, mbok dipermudah"
18119492713623772,2026-03-16T10:12:50+00:00,0,https://www.instagram.com/p/DUFPyntkuvi/,https://www.instagram.com/p/DUFPyntkuvi/?comment_id=18119492713623772,scraping_instagram,oktavianus_nln,Wwdkn
18139804687497125,2026-03-16T09:25:10+00:00,0,https://www.instagram.com/p/DUFPyntkuvi/,https://www.instagram.com/p/DUFPyntkuvi/?comment_id=18139804687497125,scraping_instagram,cronicle_one,"Banyak penipuan memakai nama coretax korban udah byk, ditjen pajak bikin tindakan apa nih, diem2 aja.."
18078916067099649,2026-03-16T07:24:00+00:00,0,https://www.instagram.com/p/DUFPyntkuvi/,https://www.instagram.com/p/DUFPyntkuvi/?comment_id=18078916067099649,scraping_instagram,lisandrean,Enggak user friendly😌
18042810416732628,2026-03-16T06:45:44+00:00,0,https://www.instagram.com/p/DUFPyntkuvi/,https://www.instagram.com/p/DUFPyntkuvi/?comment_id=18042810416732628,scraping_instagram,heruka131,"Minimal hire orang buat bikin sistem yang nggak ribet!!! lapor ribet, gak lapor dibikinin hukum buat denda dan penjara."
17908502934361387,2026-03-16T06:44:28+00:00,0,https://www.instagram.com/p/DUFPyntkuvi/,https://www.instagram.com/p/DUFPyntkuvi/?comment_id=17908502934361387,scraping_instagram,drio_saputro,Mau login ke akun coretax pajak aja gagal terus gimana mau laporan kocak
18097854982971685,2026-03-16T06:29:42+00:00,0,https://www.instagram.com/p/DUFPyntkuvi/,https://www.instagram.com/p/DUFPyntkuvi/?comment_id=18097854982971685,scraping_instagram,kenn.octavya,"Mimin pajak saya mau lapor pajak tapi ga bisa trussssss kenapa ya coretax ini😢, saya ga mau didenda 🥹"
17880633234501095,2026-03-16T06:25:56+00:00,0,https://www.instagram.com/p/DUFPyntkuvi/,https://www.instagram.com/p/DUFPyntkuvi/?comment_id=17880633234501095,scraping_instagram,ormas.bangsat,Kememeterian bangsat
18101647370507350,2026-03-16T06:13:04+00:00,0,https://www.instagram.com/p/DUFPyntkuvi/,https://www.instagram.com/p/DUFPyntkuvi/?comment_id=18101647370507350,scraping_instagram,sonnssw,"Tolong pak @purbayayudhi.official sistem perpajakan harus dibenahi, kitq yg bayar pajak, kita juga yg harus lapor, dan ribet"
17996517977916640,2026-03-16T05:24:31+00:00,0,https://www.instagram.com/p/DUFPyntkuvi/,https://www.instagram.com/p/DUFPyntkuvi/?comment_id=17996517977916640,scraping_instagram,rotokemindo,Udah kalian yg motong pajak kita yg suruh laporan ke kalian. Harusnya kalian yg laporan ke kita potong berapa banyak trs digunain buat apa aja uangnya. Buat sistem pengen keliat keren tapi malah bikin susah rakyat. @ditjenpajakri
18075432272151090,2026-03-16T05:24:29+00:00,0,https://www.instagram.com/p/DUFPyntkuvi/,https://www.instagram.com/p/DUFPyntkuvi/?comment_id=18075432272151090,scraping_instagram,youronii_,Sistem mu ribet gw yang bayar gw yang laporin kontol
18089775868920244,2026-03-16T05:17:43+00:00,0,https://www.instagram.com/p/DUFPyntkuvi/,https://www.instagram.com/p/DUFPyntkuvi/?comment_id=18089775868920244,scraping_instagram,dennisfebry,"Kita yang bayar, kita yang dikuras, kita juga yang lapor

Kenapa ngk pihak @ditjenpajakri yang lapor ke warga, tuh uangnya dipake apa aja

CC : Pak Presiden @prabowo  Mas Wapress @gibran_rakabuming"
17903558130225837,2026-03-16T04:43:55+00:00,0,https://www.instagram.com/p/DUFPyntkuvi/,https://www.instagram.com/p/DUFPyntkuvi/?comment_id=17903558130225837,scraping_instagram,lutfi_prillya,GW YG BAYAR. GW YG GAJI LO SEMUA NJING. GW JGA YG HARUS LAPOR. TERUS KERJAAN LO APAAN? MAKAN GAJI BUTA LO SEMUA
18184401442373894,2026-03-16T04:41:08+00:00,0,https://www.instagram.com/p/DUFPyntkuvi/,https://www.instagram.com/p/DUFPyntkuvi/?comment_id=18184401442373894,scraping_instagram,viqy.fadiola18,"Ribet salah mulu ,padahal udh bener, web lu ga bener woi"
18089435359908944,2026-03-16T04:28:25+00:00,0,https://www.instagram.com/p/DUFPyntkuvi/,https://www.instagram.com/p/DUFPyntkuvi/?comment_id=18089435359908944,scraping_instagram,fck_dnny,Tebak fungsi ditjenpajak ?
18078921695099568,2026-03-16T03:48:55+00:00,0,https://www.instagram.com/p/DUFPyntkuvi/,https://www.instagram.com/p/DUFPyntkuvi/?comment_id=18078921695099568,scraping_instagram,radandi_dwi,Gok gok gok gok
18079401902611313,2026-03-16T03:29:15+00:00,0,https://www.instagram.com/p/DUFPyntkuvi/,https://www.instagram.com/p/DUFPyntkuvi/?comment_id=18079401902611313,scraping_instagram,odengdede,"Ribeettt, kita yang bayar, kita yang lapor.. Lah kocaakk"
18002557307895512,2026-03-16T03:20:33+00:00,0,https://www.instagram.com/p/DUFPyntkuvi/,https://www.instagram.com/p/DUFPyntkuvi/?comment_id=18002557307895512,scraping_instagram,sanggramawijaya_,"Eh bang, nih kan kami yang kerja terus gaji kami juga otomatis udah dipotong buat pajak. Kenapa harus kami yang ngisi laporan pajaknya? Duit kan udah masuk kesana, nggak ada struk/resi otomatis kah? Supermarket aja punya kasir buat menghitung dan memberikan laporan harga belanja, kalian terus kerjanya ngapain? Mungut pajak doang? Anjirlah 🤣"
17908948128184970,2026-03-16T03:18:31+00:00,0,https://www.instagram.com/p/DUFPyntkuvi/,https://www.instagram.com/p/DUFPyntkuvi/?comment_id=17908948128184970,scraping_instagram,ranto_hartono,"Pajaaaak gw balikin mungut pajak kaga ngotak,,, bangs******t lu pada"
18075496220450862,2026-03-16T03:12:18+00:00,0,https://www.instagram.com/p/DUFPyntkuvi/,https://www.instagram.com/p/DUFPyntkuvi/?comment_id=18075496220450862,scraping_instagram,arifin87nade,sakarep-karepee
18090785744127021,2026-03-16T02:42:39+00:00,0,https://www.instagram.com/p/DUFPyntkuvi/,https://www.instagram.com/p/DUFPyntkuvi/?comment_id=18090785744127021,scraping_instagram,sepratama95,"Tolong bahasa di aplikasi yg mudah dimengerti semua orang, jelaskan pakai bahasa bayi. Kami ga paham bahasa2 yg cuma kalian sndri yg paham"
18110625580763353,2026-03-16T02:39:11+00:00,0,https://www.instagram.com/p/DUFPyntkuvi/,https://www.instagram.com/p/DUFPyntkuvi/?comment_id=18110625580763353,scraping_instagram,aa_aceng12,"Gw yg bayar gw yg lapir gw yg ribet, lo yg enak 🔥🔥"
18094289438012783,2026-03-16T02:28:52+00:00,0,https://www.instagram.com/p/DUFPyntkuvi/,https://www.instagram.com/p/DUFPyntkuvi/?comment_id=18094289438012783,scraping_instagram,soniabunawas,Di lapangan mau bayar pajak aja susah...bolak balik ...ngg efisien pdhl mau bayar pajak
18155674165440119,2026-03-16T02:25:26+00:00,0,https://www.instagram.com/p/DUFPyntkuvi/,https://www.instagram.com/p/DUFPyntkuvi/?comment_id=18155674165440119,scraping_instagram,weweed__,"Tolong ya pengrus pajak sklian, saya mau aktivasi aj kudu ngasah emosi.. udah cek email dan no tlp di djp udah bener, tpi masih ggal krna konfirmasi email gagal?! Pdhl email aktf, dan sdh ssuai sama yg di djp"
18091625147516265,2026-03-16T02:15:59+00:00,0,https://www.instagram.com/p/DUFPyntkuvi/,https://www.instagram.com/p/DUFPyntkuvi/?comment_id=18091625147516265,scraping_instagram,nilamquilim,Udah duit kita yang dipotong kita JUGA YANG RIBET
17961041724059227,2026-03-16T02:14:43+00:00,0,https://www.instagram.com/p/DUFPyntkuvi/,https://www.instagram.com/p/DUFPyntkuvi/?comment_id=17961041724059227,scraping_instagram,nilamquilim,Terus PEGAWAI PAJAK YANG GAJINYA SANGAT BESAR ITU KERJANYA APA KLO KITA YANG HARUS LAPOR?
17891387286310356,2026-03-16T02:11:35+00:00,0,https://www.instagram.com/p/DUFPyntkuvi/,https://www.instagram.com/p/DUFPyntkuvi/?comment_id=17891387286310356,scraping_instagram,robyakbar,Mba mas. Ini gimana yah kring pajak di tlp ga bisa. Chat di wab dijawab robot
17940610248168028,2026-03-16T02:11:32+00:00,0,https://www.instagram.com/p/DUFPyntkuvi/,https://www.instagram.com/p/DUFPyntkuvi/?comment_id=17940610248168028,scraping_instagram,heyyadien,"ribet bgt udah di ptoong pajak ,masih suruh laporin sendiri wkwkwk ,EDANNNNNNNNNNNNN emang negeri ini"
18114647074638409,2026-03-16T02:09:54+00:00,0,https://www.instagram.com/p/DUFPyntkuvi/,https://www.instagram.com/p/DUFPyntkuvi/?comment_id=18114647074638409,scraping_instagram,yourself__84,"Coretax lu ruwet . Emng gabisa upload berkas SPT  doang , disitu data nya lengkap tinggal kalian cari sendiri , knp kita yg ribet ngisi form nya ."
17964872223043968,2026-03-16T01:42:02+00:00,0,https://www.instagram.com/p/DUFPyntkuvi/,https://www.instagram.com/p/DUFPyntkuvi/?comment_id=17964872223043968,scraping_instagram,weweed__,Pagi 16/03 ini kenapa lagiii yatuhan… udh tau bntar lg libur krjaannya sllu error error
18097443575052322,2026-03-16T01:40:48+00:00,0,https://www.instagram.com/p/DUFPyntkuvi/,https://www.instagram.com/p/DUFPyntkuvi/?comment_id=18097443575052322,scraping_instagram,dmsahmdddd,Aplikasi sampah
18438135250114800,2026-03-16T01:40:13+00:00,0,https://www.instagram.com/p/DUFPyntkuvi/,https://www.instagram.com/p/DUFPyntkuvi/?comment_id=18438135250114800,scraping_instagram,dmsahmdddd,"Udah bayar pajak di suruh lapor sendiri lagi, ga sehat lu pada. Kerjaan lu apa cuma bikin aplikasi kah"
18122477155581550,2026-03-16T01:39:56+00:00,0,https://www.instagram.com/p/DUFPyntkuvi/,https://www.instagram.com/p/DUFPyntkuvi/?comment_id=18122477155581550,scraping_instagram,dfqnawl,"ERROR ERROR DAN ERROR APLIKASI EDAAAN GAGUNA TETAP APA APA HARUS KE KPP APA APA KE KPP, buat apa di buat online, disaat live chat agen SANGAT SANGAT TIDAK MEMBANTU TIDAK KOMPETEN. SAYA TIDAK BANGGA BAYAR PAJAK"
17886344697462966,2026-03-16T01:39:42+00:00,0,https://www.instagram.com/p/DUFPyntkuvi/,https://www.instagram.com/p/DUFPyntkuvi/?comment_id=17886344697462966,scraping_instagram,doneilhamsyah,"harusnya ada laporan juga uang pajak ini didistribusikan ke mana saja, dipakai utk apa….laporan yg transparan diumumkan ke rakyat yg bayar pajak"
18101325484733240,2026-03-16T00:55:45+00:00,0,https://www.instagram.com/p/DUFPyntkuvi/,https://www.instagram.com/p/DUFPyntkuvi/?comment_id=18101325484733240,scraping_instagram,drone_lebak,Ribetttt
17880313872490306,2026-03-16T00:54:30+00:00,0,https://www.instagram.com/p/DUFPyntkuvi/,https://www.instagram.com/p/DUFPyntkuvi/?comment_id=17880313872490306,scraping_instagram,polman_update,Gw yg lapor pajak... gw yg pusing😂
18007006082850038,2026-03-16T00:54:05+00:00,0,https://www.instagram.com/p/DUFPyntkuvi/,https://www.instagram.com/p/DUFPyntkuvi/?comment_id=18007006082850038,scraping_instagram,ahmaddanufauzan,Duit pajak gua udah dibelanjain apa aja? Tolong laporannya ya
18174280690387652,2026-03-16T00:44:16+00:00,0,https://www.instagram.com/p/DUFPyntkuvi/,https://www.instagram.com/p/DUFPyntkuvi/?comment_id=18174280690387652,scraping_instagram,masmasjowo2024,Harus ambil cuti buat lapor spt tahunan doank !!!!
17939375181171320,2026-03-16T00:39:16+00:00,7,https://www.instagram.com/p/DUFPyntkuvi/,https://www.instagram.com/p/DUFPyntkuvi/?comment_id=17939375181171320,scraping_instagram,mukhlisbetter,Ngapain ada admin kalo keluhan masyarakat kaga di tanggepin😑
18570867112022724,2026-03-16T00:30:36+00:00,0,https://www.instagram.com/p/DUFPyntkuvi/,https://www.instagram.com/p/DUFPyntkuvi/?comment_id=18570867112022724,scraping_instagram,rinodwi30,Neraka jahanam tempat kalian
18364574290163688,2026-03-16T00:23:54+00:00,0,https://www.instagram.com/p/DUFPyntkuvi/,https://www.instagram.com/p/DUFPyntkuvi/?comment_id=18364574290163688,scraping_instagram,heyhellovan,EMANG ANEH LU GUA YG BAYAR PAJAK GUA JUGA YG HARUS LAPOR !! TOLOL !! HARUSNYA LU YG KASIH RINCIAN DUIT PAJAK BUAT APA AJA !!! UDAH BAYAR PAJAK DIBIKIN RIBET HARUS LAPOR PAJAK !!
18339913120245502,2026-03-16T00:11:44+00:00,0,https://www.instagram.com/p/DUFPyntkuvi/,https://www.instagram.com/p/DUFPyntkuvi/?comment_id=18339913120245502,scraping_instagram,cakramadhan,"Sudah potong kiri kanan hak org yg belum tentu orgnya ikhlas, masih aja persulit untuk pelaporan pajak tahunannya.
Kerja kalian apa, di bayar dengan pajak kita…."
18383197531089454,2026-03-15T23:51:57+00:00,0,https://www.instagram.com/p/DUFPyntkuvi/,https://www.instagram.com/p/DUFPyntkuvi/?comment_id=18383197531089454,scraping_instagram,feblio,Dan lucu ny kalian pake Buat ap duit pajak ny kita gak pernah lapor  tuh perincian ny.. Tuman!
18103535086721467,2026-03-15T22:48:47+00:00,0,https://www.instagram.com/p/DUFPyntkuvi/,https://www.instagram.com/p/DUFPyntkuvi/?comment_id=18103535086721467,scraping_instagram,heyyadien,Kita yang bayar kita yang laporan juga 😂 gk warass
18074800064439879,2026-03-15T22:03:10+00:00,0,https://www.instagram.com/p/DUFPyntkuvi/,https://www.instagram.com/p/DUFPyntkuvi/?comment_id=18074800064439879,scraping_instagram,siwumboo,"Negara ga punya penghasilan selain dari pajak rakyat, katanya negara kaya ko miskin"
17855777682593923,2026-03-15T21:44:17+00:00,0,https://www.instagram.com/p/DUFPyntkuvi/,https://www.instagram.com/p/DUFPyntkuvi/?comment_id=17855777682593923,scraping_instagram,aswandi29999,Enak ya kalian pegawai pajak... Dapat gaji gede plus tunjangan dari hasil keringat rakyat....dapat pensiun pula dari hasil keringat rakyat....kami ga  ikhlas dunia akhirat...kami tuntut kalian d akhirat
18095350274475373,2026-03-15T21:32:28+00:00,0,https://www.instagram.com/p/DUFPyntkuvi/,https://www.instagram.com/p/DUFPyntkuvi/?comment_id=18095350274475373,scraping_instagram,ilman_fahma,Kita yg bayar kok kita yg lapor..hehe
18098721811770782,2026-03-15T21:13:15+00:00,0,https://www.instagram.com/p/DUFPyntkuvi/,https://www.instagram.com/p/DUFPyntkuvi/?comment_id=18098721811770782,scraping_instagram,_saputro95raynmz,Sudah bayar pajak di suruh lapor tugasmu ngopo terusan...... Blokkk
17987170997960387,2026-03-15T20:59:53+00:00,0,https://www.instagram.com/p/DUFPyntkuvi/,https://www.instagram.com/p/DUFPyntkuvi/?comment_id=17987170997960387,scraping_instagram,fikriatul.ilmi,"Woyyy ini ribet banget bayar pajak. Kga bisa apa mempermudah bagi masyarakat gini banget jadi WNI. Gua yang kerja, gua juga yg laporr. Mana ribet lagi."
18091774870893217,2026-03-15T19:42:15+00:00,0,https://www.instagram.com/p/DUFPyntkuvi/,https://www.instagram.com/p/DUFPyntkuvi/?comment_id=18091774870893217,scraping_instagram,mylnpsdinata,Tolol loe. Gua yg bayar. Gua juga yang lapor. Kerja loe apa cok
17891459721304763,2026-03-15T19:38:04+00:00,0,https://www.instagram.com/p/DUFPyntkuvi/,https://www.instagram.com/p/DUFPyntkuvi/?comment_id=17891459721304763,scraping_instagram,harris_dilhan,"Gw yg bayar, gw juga yg lapor."
18130595809482121,2026-03-15T18:39:53+00:00,0,https://www.instagram.com/p/DUFPyntkuvi/,https://www.instagram.com/p/DUFPyntkuvi/?comment_id=18130595809482121,scraping_instagram,rizik.rnldy,Tolol
18087798188465598,2026-03-15T18:17:47+00:00,0,https://www.instagram.com/p/DUFPyntkuvi/,https://www.instagram.com/p/DUFPyntkuvi/?comment_id=18087798188465598,scraping_instagram,mhmdiqbldnsyh,"Lo lah yg lapor ke masyarakat, enak aje gabut. Kite yg bayar pajak, kite juga yg lapor. Udh mane coretax error mulu"
18083069072027431,2026-03-15T18:02:21+00:00,0,https://www.instagram.com/p/DUFPyntkuvi/,https://www.instagram.com/p/DUFPyntkuvi/?comment_id=18083069072027431,scraping_instagram,myrusma.j.a,
18071367917212852,2026-03-15T17:56:04+00:00,0,https://www.instagram.com/p/DUFPyntkuvi/,https://www.instagram.com/p/DUFPyntkuvi/?comment_id=18071367917212852,scraping_instagram,fajarpramana22,"kl semua penghasilan, mulai dari gaji,jasa,konsumsi, sudah dipotong pajak otomatis, trus apakah kewajiban lapor SPT sebenarnya memberikan konsekuensi nyata jika tidak dilakukan? Dari sisi administrasi dan hukum,saya ingin tau manfaat atau risiko lapor manual dibandingkan sistem pemotongan otomatis yang sudah berjalan (?)@ditjenpajakri"
18059162234444483,2026-03-15T17:31:57+00:00,1,https://www.instagram.com/p/DUFPyntkuvi/,https://www.instagram.com/p/DUFPyntkuvi/?comment_id=18059162234444483,scraping_instagram,indonesia.amburadul,Goblok instansi sampah
18208249399323037,2026-03-15T17:02:43+00:00,0,https://www.instagram.com/p/DUFPyntkuvi/,https://www.instagram.com/p/DUFPyntkuvi/?comment_id=18208249399323037,scraping_instagram,bagasmach,"Ribeettt, lo yg kerja lah tolol!!!!"
18097680094954391,2026-03-15T16:56:17+00:00,16,https://www.instagram.com/p/DUFPyntkuvi/,https://www.instagram.com/p/DUFPyntkuvi/?comment_id=18097680094954391,scraping_instagram,yendi.setyadi,"tolong y jangan mempersulit rakyat, kalian sudah memotong pajak kami padahal itu hak kami tidak mendapatkan fasilitas yg sesuai, jangan suruh kami lapor pajak menyusahkan."
17859001569619084,2026-03-15T16:31:54+00:00,0,https://www.instagram.com/p/DUFPyntkuvi/,https://www.instagram.com/p/DUFPyntkuvi/?comment_id=17859001569619084,scraping_instagram,no.mercy877,Nih Purbaya denger apa ebusettt noh rakyat pada ngedumel denger ngapa pur elah @purbayayudhi.official
18124029244518135,2026-03-15T16:30:55+00:00,0,https://www.instagram.com/p/DUFPyntkuvi/,https://www.instagram.com/p/DUFPyntkuvi/?comment_id=18124029244518135,scraping_instagram,no.mercy877,"Ribet lu ah, yang kerja gua, yang kena pajak gua, gua pula yang kudu lapor ngitung, terus tugas pegawai lu ngapain anjir?"
18076669472124994,2026-03-15T16:28:53+00:00,0,https://www.instagram.com/p/DUFPyntkuvi/,https://www.instagram.com/p/DUFPyntkuvi/?comment_id=18076669472124994,scraping_instagram,arriyeta,Saya yang bayar saya yang lapor .. gk jelas
18091481804161219,2026-03-15T16:23:47+00:00,0,https://www.instagram.com/p/DUFPyntkuvi/,https://www.instagram.com/p/DUFPyntkuvi/?comment_id=18091481804161219,scraping_instagram,rantyasmin1991,Kesel gw ama luuuu jak pajak
18034413671782518,2026-03-15T16:06:37+00:00,0,https://www.instagram.com/p/DUFPyntkuvi/,https://www.instagram.com/p/DUFPyntkuvi/?comment_id=18034413671782518,scraping_instagram,tata_sierrawishky,Sumpah
18172777732395114,2026-03-15T16:04:46+00:00,0,https://www.instagram.com/p/DUFPyntkuvi/,https://www.instagram.com/p/DUFPyntkuvi/?comment_id=18172777732395114,scraping_instagram,tata_sierrawishky,Pak bisa di bantu nonaktifkan NPWP. saya sudah lama sekali tidak kerja dr 2020. Pas 2022 keluarga saya tlf katanya org pajak ada ngasih sp blm laporan pajak😂😂😂😂😂pdhal dr perusahaan kerj terakhir jg udh dibayar pajaknya. Trs sya juga ga dpt laporan dr perusahaan lama klo hrus lapor pajak krna ga ad spt dr perusahaan lama. Udh minta eh pesan di kunci dan saya di daerah pelosok yg jelas sinyal ga ad listrik ga ad dlu. Skr mau nonaktifkan. Bisa di bantu soalnya Sudah lama sekali. Saya saran kalo dr perusahaan Sudah di potong pajaknya gausah laporan lagi pak. Apalagi waktu itu lupa e-Filing ... Saya kecewa sekali sama kinerja org pajak
17879057814514562,2026-03-15T15:22:24+00:00,0,https://www.instagram.com/p/DUFPyntkuvi/,https://www.instagram.com/p/DUFPyntkuvi/?comment_id=17879057814514562,scraping_instagram,el__kecepatan,Dongo
17999701394913034,2026-03-15T14:41:32+00:00,0,https://www.instagram.com/p/DUFPyntkuvi/,https://www.instagram.com/p/DUFPyntkuvi/?comment_id=17999701394913034,scraping_instagram,riskisulistyani,Ah ribet banget lu ! Udah duit gw yang lu potong masih juga gw yang lapor??? Lu pada kerjanya apaan?? Malak doang?
17949127689102697,2026-03-15T14:38:51+00:00,0,https://www.instagram.com/p/DUFPyntkuvi/,https://www.instagram.com/p/DUFPyntkuvi/?comment_id=17949127689102697,scraping_instagram,h4di.pratama,"Di akhirat ribet lu semua karyawannya anjing ga rido gw, gw yg bayar gw yg lapor, tolol emang lu orang pajak 🔥"
18064500071330295,2026-03-15T14:27:23+00:00,0,https://www.instagram.com/p/DUFPyntkuvi/,https://www.instagram.com/p/DUFPyntkuvi/?comment_id=18064500071330295,scraping_instagram,nita_anto1902,"Kenapa rakyat di bikin susah dan sistem nya bikin jelimet blm tentu setiap warga paham sistem yg jelimet gitu, makan uang rakyat tp di persulit, spt merampok rakyat aja pajak sekarang."
18052293989491752,2026-03-15T13:58:47+00:00,0,https://www.instagram.com/p/DUFPyntkuvi/,https://www.instagram.com/p/DUFPyntkuvi/?comment_id=18052293989491752,scraping_instagram,dickoaarayan,"Di bulan ramadhan ini gw sumpahin semua yg kerja mungut upeti rakyat alias pajak hidupnya gak berkah, kluarganya kyak iblis, penyakitan dan matinya masuk neraka jahanam."
17909354196182734,2026-03-15T13:42:20+00:00,0,https://www.instagram.com/p/DUFPyntkuvi/,https://www.instagram.com/p/DUFPyntkuvi/?comment_id=17909354196182734,scraping_instagram,christiant_donald,"Teknologi udah canggih tapi masih aja ribet😂, sok2an namanya😂😂😂"
18114187555584912,2026-03-15T13:16:42+00:00,0,https://www.instagram.com/p/DUFPyntkuvi/,https://www.instagram.com/p/DUFPyntkuvi/?comment_id=18114187555584912,scraping_instagram,enal_modjo,Bahahaaa 😂
17952815973087660,2026-03-15T13:05:59+00:00,0,https://www.instagram.com/p/DUFPyntkuvi/,https://www.instagram.com/p/DUFPyntkuvi/?comment_id=17952815973087660,scraping_instagram,r.i.f.i.n,"Bisa gak sih kalian aja yg bikin laporan? Uang rakyat kita yg dipotong kita juga yang lapor, lapornya ribet banget pula. Minimal kalo bukan kalian yg bikin laporan jangan dibikin ribet lah webnya, yg simpel aja yang penting valid, yang nyocokkan kita juga kok"
17980982879973467,2026-03-15T13:05:32+00:00,0,https://www.instagram.com/p/DUFPyntkuvi/,https://www.instagram.com/p/DUFPyntkuvi/?comment_id=17980982879973467,scraping_instagram,adidtyobp,ribet sistem lu
17880296946481517,2026-03-15T13:04:18+00:00,0,https://www.instagram.com/p/DUFPyntkuvi/,https://www.instagram.com/p/DUFPyntkuvi/?comment_id=17880296946481517,scraping_instagram,smitfraud,"Gw yg bayar, gw yg lapor, kerja elu pade ngapaen"
18059012420678154,2026-03-15T12:29:53+00:00,0,https://www.instagram.com/p/DUFPyntkuvi/,https://www.instagram.com/p/DUFPyntkuvi/?comment_id=18059012420678154,scraping_instagram,sptrawr999,"nyusahin aja,  mau mat1 aja susah lo pada , kortax kortex ga jelas.. lu yg motong duit rakyat lu jg yg nyusahin rakyat, trus kerja lu ngapain ?"
18002686496857057,2026-03-15T12:27:38+00:00,0,https://www.instagram.com/p/DUFPyntkuvi/,https://www.instagram.com/p/DUFPyntkuvi/?comment_id=18002686496857057,scraping_instagram,_iam_villain_____,INSTANSI LOL
17935904832191956,2026-03-15T12:09:15+00:00,0,https://www.instagram.com/p/DUFPyntkuvi/,https://www.instagram.com/p/DUFPyntkuvi/?comment_id=17935904832191956,scraping_instagram,bambang0915,😂😂😂😂😂😂😂
18096391352079551,2026-03-15T11:42:33+00:00,0,https://www.instagram.com/p/DUFPyntkuvi/,https://www.instagram.com/p/DUFPyntkuvi/?comment_id=18096391352079551,scraping_instagram,dwirizky.o,Gni amat yaa.. Kita bayar pajak tapi suruh lapor juga.. Itupun mau lapor sulitnya dh kaya apaan tau websitenya
17854071096652194,2026-03-15T11:00:10+00:00,0,https://www.instagram.com/p/DUFPyntkuvi/,https://www.instagram.com/p/DUFPyntkuvi/?comment_id=17854071096652194,scraping_instagram,bebevgs,"ribetttttt semua harus rakyat, kerja kalian apa?"
18226537945309802,2026-03-15T10:40:43+00:00,0,https://www.instagram.com/p/DUFPyntkuvi/,https://www.instagram.com/p/DUFPyntkuvi/?comment_id=18226537945309802,scraping_instagram,d4d4n.r,"Ini gmnasih konsep nya😢 saya krja di potong pajak trus, 😢 masa kurang bayar hadeuh, saya rakyat biasa kak tlong bantu"
18060059633380472,2026-03-15T10:22:14+00:00,0,https://www.instagram.com/p/DUFPyntkuvi/,https://www.instagram.com/p/DUFPyntkuvi/?comment_id=18060059633380472,scraping_instagram,acep_hdy,Ribet
18082511495034942,2026-03-15T09:40:19+00:00,0,https://www.instagram.com/p/DUFPyntkuvi/,https://www.instagram.com/p/DUFPyntkuvi/?comment_id=18082511495034942,scraping_instagram,da_my6,"Kerja, jangan makan gajinya doang. Duit rakyat dipotong, rakyat juga yang harus ngelapor"
17963467796900952,2026-03-15T09:39:40+00:00,0,https://www.instagram.com/p/DUFPyntkuvi/,https://www.instagram.com/p/DUFPyntkuvi/?comment_id=17963467796900952,scraping_instagram,kohfelik,Bang eror bang data ga ngelink.
18576342355046041,2026-03-15T09:27:36+00:00,0,https://www.instagram.com/p/DUFPyntkuvi/,https://www.instagram.com/p/DUFPyntkuvi/?comment_id=18576342355046041,scraping_instagram,ican.u,"Ga niat bikin aplikasi ya begitu, coretax coretax"
18148811806460233,2026-03-15T08:19:12+00:00,0,https://www.instagram.com/p/DUFPyntkuvi/,https://www.instagram.com/p/DUFPyntkuvi/?comment_id=18148811806460233,scraping_instagram,_sialan01,"Laah nyuruh, kalian kerjanya ngapain?"
17861088129615219,2026-03-15T08:12:05+00:00,0,https://www.instagram.com/p/DUFPyntkuvi/,https://www.instagram.com/p/DUFPyntkuvi/?comment_id=17861088129615219,scraping_instagram,abdl.azis99,ibarat kata kita makan di restoran pas selesai makan kita di suruh ngitung sendiri kita abis nya berapa lalu bayar🤦‍♂️
18014457203821649,2026-03-15T07:57:58+00:00,0,https://www.instagram.com/p/DUFPyntkuvi/,https://www.instagram.com/p/DUFPyntkuvi/?comment_id=18014457203821649,scraping_instagram,toel.kuntul,boomer mundur gih. gak usah ngurus gininan. ribet tau gak?!
18119166505614602,2026-03-15T07:51:45+00:00,0,https://www.instagram.com/p/DUFPyntkuvi/,https://www.instagram.com/p/DUFPyntkuvi/?comment_id=18119166505614602,scraping_instagram,ranggadwiputra_,Saya tuntut di akherat yg kerja di dirjen pajak
18571390459025412,2026-03-15T07:48:46+00:00,0,https://www.instagram.com/p/DUFPyntkuvi/,https://www.instagram.com/p/DUFPyntkuvi/?comment_id=18571390459025412,scraping_instagram,mauketemuyusuke,Males bayar pajak🤪🤪🤪😜
18436130332119521,2026-03-15T07:41:13+00:00,0,https://www.instagram.com/p/DUFPyntkuvi/,https://www.instagram.com/p/DUFPyntkuvi/?comment_id=18436130332119521,scraping_instagram,arterycardio,Neraka kao pekerja pajak
17861210736547289,2026-03-15T07:37:09+00:00,0,https://www.instagram.com/p/DUFPyntkuvi/,https://www.instagram.com/p/DUFPyntkuvi/?comment_id=17861210736547289,scraping_instagram,nofryanptr,Gue yg bayar trus gue juga yg lapor konsepnya gmna sih? Trus lu kerja apa?
17984730545956306,2026-03-15T07:31:17+00:00,0,https://www.instagram.com/p/DUFPyntkuvi/,https://www.instagram.com/p/DUFPyntkuvi/?comment_id=17984730545956306,scraping_instagram,kimjongur.babe,Ngapain lapor. Kerja kalian!!
18435964567114614,2026-03-15T07:29:23+00:00,0,https://www.instagram.com/p/DUFPyntkuvi/,https://www.instagram.com/p/DUFPyntkuvi/?comment_id=18435964567114614,scraping_instagram,ubaid_fan07,"Dulu tuh saya rajin banget lapor spt tahunan pribadi waktu masih ada yang ngebantuin tapi lama lama saya males karena ribet di tambah berubah ke coretax, tolong lah ini tuh logikanya saya yang bayar pajak tapi kenapa saya yang harus lapor kalau memang harus lapor gpp tapi sistem nya di buat semudah mungkin biar nggak kayak sekarang"
18105225604884542,2026-03-15T06:57:22+00:00,0,https://www.instagram.com/p/DUFPyntkuvi/,https://www.instagram.com/p/DUFPyntkuvi/?comment_id=18105225604884542,scraping_instagram,andrianto_ika09,
18571233775030831,2026-03-15T06:54:24+00:00,0,https://www.instagram.com/p/DUFPyntkuvi/,https://www.instagram.com/p/DUFPyntkuvi/?comment_id=18571233775030831,scraping_instagram,wifforwiffoutyou,goblok goblok
18077023268121342,2026-03-15T06:47:13+00:00,0,https://www.instagram.com/p/DUFPyntkuvi/,https://www.instagram.com/p/DUFPyntkuvi/?comment_id=18077023268121342,scraping_instagram,teguhpras99,Aneh
17914468077142877,2026-03-15T06:33:44+00:00,0,https://www.instagram.com/p/DUFPyntkuvi/,https://www.instagram.com/p/DUFPyntkuvi/?comment_id=17914468077142877,scraping_instagram,nughii,"MEMANG KERJA KALIAN NGAPAIN AHH ???????????, FREAK BANGAT, UDA MOTONG UANG GUE, TERUS GUE JUGA YANG LAPOR. LOGIKA KALIAN DIMANA ?????????? 🔥🔥🔥"
18089840588129595,2026-03-15T06:17:37+00:00,0,https://www.instagram.com/p/DUFPyntkuvi/,https://www.instagram.com/p/DUFPyntkuvi/?comment_id=18089840588129595,scraping_instagram,wildanatz,RIBEEETTTTTT SUMPAJ
18084478061214540,2026-03-15T05:45:42+00:00,1,https://www.instagram.com/p/DUFPyntkuvi/,https://www.instagram.com/p/DUFPyntkuvi/?comment_id=18084478061214540,scraping_instagram,aqmal_bener,CALON PENGHUNI NERAKA HAWIYAH SEMUA MULAI ATAS SAMPE BAWAHANNYA.. MEMAKAN YANG BUKAN HAKNYA.. SEMOGA KALIAN KEKAL DI NERAKA🔥
18056153696695886,2026-03-15T05:44:05+00:00,1,https://www.instagram.com/p/DUFPyntkuvi/,https://www.instagram.com/p/DUFPyntkuvi/?comment_id=18056153696695886,scraping_instagram,aqmal_bener,HALO CALON PENGHUNI NERAKA HAWIYAH..
17855582490593413,2026-03-15T05:34:40+00:00,0,https://www.instagram.com/p/DUFPyntkuvi/,https://www.instagram.com/p/DUFPyntkuvi/?comment_id=17855582490593413,scraping_instagram,marzarw,Rudet blok. Tagar kami dampingi sampai berhasil berarti memang banyak yang kesulitan sampai berhasil. Evaluasi.
18109597069690894,2026-03-15T05:32:46+00:00,0,https://www.instagram.com/p/DUFPyntkuvi/,https://www.instagram.com/p/DUFPyntkuvi/?comment_id=18109597069690894,scraping_instagram,indra_kelana95,Negara sakit
18106152553875821,2026-03-15T05:19:55+00:00,0,https://www.instagram.com/p/DUFPyntkuvi/,https://www.instagram.com/p/DUFPyntkuvi/?comment_id=18106152553875821,scraping_instagram,nrrhalimh,Nih kalian robot semua ?
18103982104697470,2026-03-15T05:06:11+00:00,0,https://www.instagram.com/p/DUFPyntkuvi/,https://www.instagram.com/p/DUFPyntkuvi/?comment_id=18103982104697470,scraping_instagram,nadiiyaa_23,instansi maling duit rakyat
17885989236459673,2026-03-15T04:55:48+00:00,0,https://www.instagram.com/p/DUFPyntkuvi/,https://www.instagram.com/p/DUFPyntkuvi/?comment_id=17885989236459673,scraping_instagram,dhksdwntr,"rakyat tujuannya byr pajak mah balik lagi ke bentuk fasilitas yak, dr perawatan jalan, lampu jalan, keamanan, pelayanan kesehatan, dll. kita tuh byr pajak ibarat uang kas, sisanya buat gaji yg ngatur semua, sisanya balik lagi ke rakyat, paham ga si? heran."
18097227340987487,2026-03-15T04:43:00+00:00,0,https://www.instagram.com/p/DUFPyntkuvi/,https://www.instagram.com/p/DUFPyntkuvi/?comment_id=18097227340987487,scraping_instagram,azewzew,Gue yg ribet lo yg kaya
17918784309297877,2026-03-15T04:39:19+00:00,0,https://www.instagram.com/p/DUFPyntkuvi/,https://www.instagram.com/p/DUFPyntkuvi/?comment_id=17918784309297877,scraping_instagram,jaywijaya014,"Lapor ketua saya sudah bayar pajak ,laporan selesai 🔥"
18056781680688176,2026-03-15T04:37:58+00:00,0,https://www.instagram.com/p/DUFPyntkuvi/,https://www.instagram.com/p/DUFPyntkuvi/?comment_id=18056781680688176,scraping_instagram,alfanarsyad,ide boomer kacau
18058401110435611,2026-03-15T04:36:11+00:00,0,https://www.instagram.com/p/DUFPyntkuvi/,https://www.instagram.com/p/DUFPyntkuvi/?comment_id=18058401110435611,scraping_instagram,rendr.r_aditya,Ribet banget hidup min2… Apa sih gunanya karyawan pajak kalau prihal laporan harus masyarakat sendiri yg isi?
18097521212689192,2026-03-15T04:35:38+00:00,4,https://www.instagram.com/p/DUFPyntkuvi/,https://www.instagram.com/p/DUFPyntkuvi/?comment_id=18097521212689192,scraping_instagram,helmieriki,Ngapain dampingi sampai berhasil ?
17874523584550513,2026-03-15T04:35:31+00:00,0,https://www.instagram.com/p/DUFPyntkuvi/,https://www.instagram.com/p/DUFPyntkuvi/?comment_id=17874523584550513,scraping_instagram,z_xtuf,kalian kerja nya ngapain dong? ngewe doang?
18415857742122215,2026-03-15T04:32:36+00:00,0,https://www.instagram.com/p/DUFPyntkuvi/,https://www.instagram.com/p/DUFPyntkuvi/?comment_id=18415857742122215,scraping_instagram,andrian.ifd,BUBARIN ANJ
18057393047703419,2026-03-15T04:11:28+00:00,0,https://www.instagram.com/p/DUFPyntkuvi/,https://www.instagram.com/p/DUFPyntkuvi/?comment_id=18057393047703419,scraping_instagram,ericksukma_rasyid,"Orang susuah bikin usaha dri nol, kalian minta bagian, apakah pekerjaan kalian tidak bertentangan dengan hato nurani kalian??"
18061149344361275,2026-03-15T03:40:08+00:00,0,https://www.instagram.com/p/DUFPyntkuvi/,https://www.instagram.com/p/DUFPyntkuvi/?comment_id=18061149344361275,scraping_instagram,fpaiszall,"gw yang bayar, gw yang dibikin ribet, terus kerja orang pajak ngapain? tiktokan?"
18059360978400488,2026-03-15T03:30:37+00:00,0,https://www.instagram.com/p/DUFPyntkuvi/,https://www.instagram.com/p/DUFPyntkuvi/?comment_id=18059360978400488,scraping_instagram,fahmiakbarz_,Ribet apk lu min
17859890886617472,2026-03-15T03:15:46+00:00,0,https://www.instagram.com/p/DUFPyntkuvi/,https://www.instagram.com/p/DUFPyntkuvi/?comment_id=17859890886617472,scraping_instagram,hananta_tan,"males, ribet, bye"
18009802004888678,2026-03-15T03:14:47+00:00,0,https://www.instagram.com/p/DUFPyntkuvi/,https://www.instagram.com/p/DUFPyntkuvi/?comment_id=18009802004888678,scraping_instagram,amiras_uk,"modalin enggakk…bangkrut tangung sendiri,untung minta upetii ah puki"
18243400864306808,2026-03-15T03:06:10+00:00,0,https://www.instagram.com/p/DUFPyntkuvi/,https://www.instagram.com/p/DUFPyntkuvi/?comment_id=18243400864306808,scraping_instagram,said_hasibuan,"Dari dari ngak peduli nama nya lapor pajak , walaupun sudah di kasi pemberitahuan."
18109216270760242,2026-03-15T02:57:35+00:00,0,https://www.instagram.com/p/DUFPyntkuvi/,https://www.instagram.com/p/DUFPyntkuvi/?comment_id=18109216270760242,scraping_instagram,garysyukra,"Semoga yg mencetuskan ide lapor pajak sebulan cuma berak sekali, udah motong duit rakyat, rakyatnya juga yg kudu lapor. Kontol kalian anjing"
18381999931093726,2026-03-15T02:49:20+00:00,0,https://www.instagram.com/p/DUFPyntkuvi/,https://www.instagram.com/p/DUFPyntkuvi/?comment_id=18381999931093726,scraping_instagram,sandynuga2,"Enak ni instansi, kita yang bayar kita juga yang lapor, mikir lu"
17856962097653802,2026-03-15T02:38:57+00:00,0,https://www.instagram.com/p/DUFPyntkuvi/,https://www.instagram.com/p/DUFPyntkuvi/?comment_id=17856962097653802,scraping_instagram,deindriana,RIIIIBEEEEEET
18336477430244721,2026-03-15T02:36:32+00:00,0,https://www.instagram.com/p/DUFPyntkuvi/,https://www.instagram.com/p/DUFPyntkuvi/?comment_id=18336477430244721,scraping_instagram,andala.angga,"Adminya baca komentar ga si? Demi apapun kalo dia tau dan baca tapi ga perduli, sy sumpahin idupnya susah"
18066118523662389,2026-03-15T02:33:20+00:00,0,https://www.instagram.com/p/DUFPyntkuvi/,https://www.instagram.com/p/DUFPyntkuvi/?comment_id=18066118523662389,scraping_instagram,raditsalman_mulyadi,Gw yang bayar pajak Gw yang lapor anjing tolol😂
18095011505044500,2026-03-15T02:28:50+00:00,0,https://www.instagram.com/p/DUFPyntkuvi/,https://www.instagram.com/p/DUFPyntkuvi/?comment_id=18095011505044500,scraping_instagram,riskykurniawan69,"Nyusahii rakya hobi banget ya,ksian bu dewi pengusaha ayam,modali juga gk prnh,ngasih sosialisasi petenakan jg gk prnh,suport peternak gk prnh,giliran untung di pajakin di todong dengan alih pajakkk,pajaknya kmn??? Gk jls kan cmn buat akomoadasi pejabat????"
18007376555701117,2026-03-15T02:17:13+00:00,0,https://www.instagram.com/p/DUFPyntkuvi/,https://www.instagram.com/p/DUFPyntkuvi/?comment_id=18007376555701117,scraping_instagram,softboi____,"Kerjaan boomer selalu nyusahin, sistem baru dibuat celah baru juga😂😂"
18067234241653338,2026-03-15T02:14:51+00:00,0,https://www.instagram.com/p/DUFPyntkuvi/,https://www.instagram.com/p/DUFPyntkuvi/?comment_id=18067234241653338,scraping_instagram,nandosibarani68,"Apa sih kami yang gaji kalian dari pajak , tapi kami yang harus lapor 😏."
18112647841604600,2026-03-15T02:09:10+00:00,0,https://www.instagram.com/p/DUFPyntkuvi/,https://www.instagram.com/p/DUFPyntkuvi/?comment_id=18112647841604600,scraping_instagram,itszoladiki,Repot lu
17968294278033002,2026-03-15T01:38:18+00:00,0,https://www.instagram.com/p/DUFPyntkuvi/,https://www.instagram.com/p/DUFPyntkuvi/?comment_id=17968294278033002,scraping_instagram,latiefsidik10,Satu Kataa Ribettt 👏
18062196353371266,2026-03-15T01:21:27+00:00,0,https://www.instagram.com/p/DUFPyntkuvi/,https://www.instagram.com/p/DUFPyntkuvi/?comment_id=18062196353371266,scraping_instagram,lalalulu44.8,"Ya Allaaahhhh kapannn sihhhh negara ini gak ribet, kayak ngapain kita mesti lapor spt 😂😭 harusnya elu yang lapor ke kitaaa soak bgt"
18569337433036389,2026-03-15T01:19:39+00:00,0,https://www.instagram.com/p/DUFPyntkuvi/,https://www.instagram.com/p/DUFPyntkuvi/?comment_id=18569337433036389,scraping_instagram,njann17_,Lebih ribet mending yg sblm nya
17856718362582503,2026-03-15T01:10:19+00:00,0,https://www.instagram.com/p/DUFPyntkuvi/,https://www.instagram.com/p/DUFPyntkuvi/?comment_id=17856718362582503,scraping_instagram,wibowo.prahara,Makin kesini makin kesana 😂
18097708130063723,2026-03-15T01:08:57+00:00,0,https://www.instagram.com/p/DUFPyntkuvi/,https://www.instagram.com/p/DUFPyntkuvi/?comment_id=18097708130063723,scraping_instagram,fathiahmaad,Wallahi ga ridho pajak2 ginian
17905984020374514,2026-03-15T01:01:10+00:00,0,https://www.instagram.com/p/DUFPyntkuvi/,https://www.instagram.com/p/DUFPyntkuvi/?comment_id=17905984020374514,scraping_instagram,haafismhd,RIBETTTTTTTTR
18081473564374515,2026-03-15T00:32:04+00:00,0,https://www.instagram.com/p/DUFPyntkuvi/,https://www.instagram.com/p/DUFPyntkuvi/?comment_id=18081473564374515,scraping_instagram,heri.alvi,"Puyeng isinya 👏 menyusahkan, mna jalan pada bolong kagak dibener2in noh"
18012800561828675,2026-03-14T23:21:36+00:00,0,https://www.instagram.com/p/DUFPyntkuvi/,https://www.instagram.com/p/DUFPyntkuvi/?comment_id=18012800561828675,scraping_instagram,denyting,Sistem ga jelasssss ribettt
18000752966728127,2026-03-14T23:16:56+00:00,4,https://www.instagram.com/p/DUFPyntkuvi/,https://www.instagram.com/p/DUFPyntkuvi/?comment_id=18000752966728127,scraping_instagram,wahyuparananda,Website ter ribet 😂 lapor sndiri bayar sndiri 😂
18041327528534919,2026-03-14T22:59:40+00:00,0,https://www.instagram.com/p/DUFPyntkuvi/,https://www.instagram.com/p/DUFPyntkuvi/?comment_id=18041327528534919,scraping_instagram,aseplutpi95,Minta duit aja ribet luh
18156337690439847,2026-03-14T22:32:32+00:00,0,https://www.instagram.com/p/DUFPyntkuvi/,https://www.instagram.com/p/DUFPyntkuvi/?comment_id=18156337690439847,scraping_instagram,ogeew,"Hey boomer, website lu ribet asli"
17922650340097703,2026-03-14T22:13:40+00:00,0,https://www.instagram.com/p/DUFPyntkuvi/,https://www.instagram.com/p/DUFPyntkuvi/?comment_id=17922650340097703,scraping_instagram,olyvian.ip,DZOLIMMM DZOLIMMM
17903101395390205,2026-03-14T21:55:16+00:00,0,https://www.instagram.com/p/DUFPyntkuvi/,https://www.instagram.com/p/DUFPyntkuvi/?comment_id=17903101395390205,scraping_instagram,fufwpink,"Heiii tugas anda sekalian yg bikin laporan, bukan yg bayar pajak"
17864090733528787,2026-03-14T21:50:35+00:00,0,https://www.instagram.com/p/DUFPyntkuvi/,https://www.instagram.com/p/DUFPyntkuvi/?comment_id=17864090733528787,scraping_instagram,habiliqraamsidyq,GAJI BUTA
18084894311190032,2026-03-14T21:35:17+00:00,0,https://www.instagram.com/p/DUFPyntkuvi/,https://www.instagram.com/p/DUFPyntkuvi/?comment_id=18084894311190032,scraping_instagram,fauzanamd_,ribet
17903629692389032,2026-03-14T21:02:44+00:00,1,https://www.instagram.com/p/DUFPyntkuvi/,https://www.instagram.com/p/DUFPyntkuvi/?comment_id=17903629692389032,scraping_instagram,d.fnmrd,"Wkwkwk kita bayar kita pula yg lapor, logika dungu dari jaman dulu yang masih berlaku sampe sekarang 😂😂😂"
18195039421355574,2026-03-14T20:43:07+00:00,0,https://www.instagram.com/p/DUFPyntkuvi/,https://www.instagram.com/p/DUFPyntkuvi/?comment_id=18195039421355574,scraping_instagram,rawon.keju,"daftar coretax kayak mau daftar jadi polisi aja, gaada yg bener"
18057937106409042,2026-03-14T20:42:13+00:00,0,https://www.instagram.com/p/DUFPyntkuvi/,https://www.instagram.com/p/DUFPyntkuvi/?comment_id=18057937106409042,scraping_instagram,rawon.keju,
17941109310150362,2026-03-14T20:40:47+00:00,0,https://www.instagram.com/p/DUFPyntkuvi/,https://www.instagram.com/p/DUFPyntkuvi/?comment_id=17941109310150362,scraping_instagram,matcha_lat8,maling duit orang mulu kerjaannya
18117697645628479,2026-03-14T20:40:33+00:00,0,https://www.instagram.com/p/DUFPyntkuvi/,https://www.instagram.com/p/DUFPyntkuvi/?comment_id=18117697645628479,scraping_instagram,matcha_lat8,ini pajak nyusahin orang mulu anj
18095130812282371,2026-03-14T18:40:10+00:00,0,https://www.instagram.com/p/DUFPyntkuvi/,https://www.instagram.com/p/DUFPyntkuvi/?comment_id=18095130812282371,scraping_instagram,prayogo_ardiwicaksono,komntar 100% isinya keluhan masyarakat semua wkwkwkwkw..artinya apa gengs..?
18121849870526247,2026-03-14T17:33:35+00:00,0,https://www.instagram.com/p/DUFPyntkuvi/,https://www.instagram.com/p/DUFPyntkuvi/?comment_id=18121849870526247,scraping_instagram,lasaveur.14,woiii aplikasi lu error mulu ya bangkeee.  mau login aja gagal terus🖕🖕🖕🖕🖕🖕
17968510707040202,2026-03-14T17:29:11+00:00,0,https://www.instagram.com/p/DUFPyntkuvi/,https://www.instagram.com/p/DUFPyntkuvi/?comment_id=17968510707040202,scraping_instagram,lxffy666,"gak bakal berkah lo semua yg kerja disini, bakal dituntut di akhirat Lo anjing!!!!!"
18107513347827495,2026-03-14T16:59:00+00:00,0,https://www.instagram.com/p/DUFPyntkuvi/,https://www.instagram.com/p/DUFPyntkuvi/?comment_id=18107513347827495,scraping_instagram,omgengs,Ini kalau selisih lebih bayar ada risiko ga kalau kita hapus bukti potong pajak supaya nihil @ditjenpajakri ?
17893847727423896,2026-03-14T16:58:09+00:00,0,https://www.instagram.com/p/DUFPyntkuvi/,https://www.instagram.com/p/DUFPyntkuvi/?comment_id=17893847727423896,scraping_instagram,herry_permaddy,Bapak pajak rakyat buat apa. Buat anak istri bapak?
18112034491667969,2026-03-14T14:54:25+00:00,0,https://www.instagram.com/p/DUFPyntkuvi/,https://www.instagram.com/p/DUFPyntkuvi/?comment_id=18112034491667969,scraping_instagram,belhijabs.id,harusnya elu yg laporan ke kita uang pajak dipake apa aja
18039219089551146,2026-03-14T08:06:39+00:00,1,https://www.instagram.com/p/DUFPyntkuvi/,https://www.instagram.com/p/DUFPyntkuvi/?comment_id=18039219089551146,scraping_instagram,ismails_s,"Pajak aja diminta diwajibkan lapor, kerjaan negara jg ga nyariin!!! Giliran uang gaji dll dipotong pajak tp dimakan koruptor pajak!!! Kalau utk kesejahteraan negara tp ini pajak kita dimakan koruptor, GA IKHLAS gw..."
18141179044493907,2026-03-14T06:25:33+00:00,0,https://www.instagram.com/p/DUFPyntkuvi/,https://www.instagram.com/p/DUFPyntkuvi/?comment_id=18141179044493907,scraping_instagram,tsrohman,CAIR🔥
17967387707880904,2026-03-14T04:48:17+00:00,0,https://www.instagram.com/p/DUFPyntkuvi/,https://www.instagram.com/p/DUFPyntkuvi/?comment_id=17967387707880904,scraping_instagram,happystuvvy,Haram heh
18058797824439521,2026-03-14T04:25:05+00:00,2,https://www.instagram.com/p/DUFPyntkuvi/,https://www.instagram.com/p/DUFPyntkuvi/?comment_id=18058797824439521,scraping_instagram,vergianerailasha,"Tolong ditingkatkan keamanan data masyarakat. Saya baru saja menerima email terkait aktivasi coretax padahal saya sdh melakukannya. Jadi saya coba WA no yg tertera di email dan saya kaget, mereka sdh memiliki data saya seperti nama, email, alamat, no hp, hingga tmpt bekerja. Ini jelas penipuan. Bagaimana negara menjaga data pribadi masyarakatnya? Benar2 mengecewakan."
18432863173136140,2026-03-14T03:37:28+00:00,0,https://www.instagram.com/p/DUFPyntkuvi/,https://www.instagram.com/p/DUFPyntkuvi/?comment_id=18432863173136140,scraping_instagram,rendsan025,"Selamat pagi @ditjenpajakri ..maaf pak, buk.. sekarang ada email penipuan yang masuk..mohon bantuan dirjen pajak bantu blokir nomor wa penipuan ini dan bekerjasama dengan kominfo untuk hal tersebut"
18090281150169390,2026-03-14T03:18:51+00:00,0,https://www.instagram.com/p/DUFPyntkuvi/,https://www.instagram.com/p/DUFPyntkuvi/?comment_id=18090281150169390,scraping_instagram,rezarhamadany,"Kami sudah 2 minggu ini cm untuk lapor coretaex tp tidak berhasil, kami telp ke 1500200 tidak sama sekali membantu. kita mau tanya kmn jadi?"
18101732602913469,2026-03-14T03:04:24+00:00,0,https://www.instagram.com/p/DUFPyntkuvi/,https://www.instagram.com/p/DUFPyntkuvi/?comment_id=18101732602913469,scraping_instagram,andresmptr,Apa aja di pajakin bgst segala THR
17893714914425628,2026-03-14T02:18:24+00:00,1,https://www.instagram.com/p/DUFPyntkuvi/,https://www.instagram.com/p/DUFPyntkuvi/?comment_id=17893714914425628,scraping_instagram,lovelace_c0,"Masayarakat butuh makan, negara ga kasih makan, giliran masyarakat kerja, negara minta penghasilan kita, padahal cariin kerja aja kagak. Sekarang mereka yg pake duit kita, kita juga harus lapor. Giliran duit pajak kita di korupsi, mereka diem2 aja, yg paling tragis pegawai pajaknya malah flexing di sosmed😂.
Sepertinya kalian semua pejabat dan pegawai pajak yg makan duit pajak untuk kepentingan pribadi dilahirkan dari perempuan pelacur ya… iya kalian semua dilahirnya dari rahim pelacur. Bahkan pelacur aja kalian tarik pajaknya😂."
17905429875374844,2026-03-14T01:49:24+00:00,0,https://www.instagram.com/p/DUFPyntkuvi/,https://www.instagram.com/p/DUFPyntkuvi/?comment_id=17905429875374844,scraping_instagram,aji_irwinsyah,"Dah gaji dipotong pajak, disuruh lapor pula. Lah lu lah yg lapor duit gua lu apain aja. Halah"
18092826290095607,2026-03-14T01:26:55+00:00,0,https://www.instagram.com/p/DUFPyntkuvi/,https://www.instagram.com/p/DUFPyntkuvi/?comment_id=18092826290095607,scraping_instagram,_dinarasri,"Alhamdulillah, sudah mengikhlaskan pembayaran pajak penghasilan taun ini

Kewajiban sebagai umat , lewat zakat ✅ 
Kewajiban sebagai warga negara, lewat pajak ✅

Hak kita sekarang mendapatkan fasilitas terbaik dari negara
Tugas para pemimpin sekarang, sebaik baiknya  mengelola uang untuk kemanfaatan seluruh warga 

Semoga amanah ya Pak Bu diatas 

Apabila tidak amanah, mungkin kami ga bisa meminta pertanggungjawaban dunia, tapi ingatlah di akhirat semua akan dipertanggungjawabkan 
😇"
17879034396506483,2026-03-14T01:22:11+00:00,0,https://www.instagram.com/p/DUFPyntkuvi/,https://www.instagram.com/p/DUFPyntkuvi/?comment_id=17879034396506483,scraping_instagram,putukrisn,"Aplikasi SAMPAH, PROYEK SAMPAH. INDONESIA MERDEKA CUMA DIATAS KERTAS, REALITANYA MASIH TERJAJAH OLEH ORANG2 YG KATANTA TERHORMAT TA*"
17945422458135317,2026-03-14T00:58:38+00:00,0,https://www.instagram.com/p/DUFPyntkuvi/,https://www.instagram.com/p/DUFPyntkuvi/?comment_id=17945422458135317,scraping_instagram,hdytfrz,"RAMPOK BERANI NYA SAMA RAKYAT KECIL, TUH SAMA KORUPTOR BERANI GAK???"
18074428292421449,2026-03-14T00:32:38+00:00,0,https://www.instagram.com/p/DUFPyntkuvi/,https://www.instagram.com/p/DUFPyntkuvi/?comment_id=18074428292421449,scraping_instagram,fahriafaa,Lha lu lagi yang nyuru duit rakyat pedagang ayam. Jijik banget sih anjing ngga ada harga dirnya
18111576382615463,2026-03-13T23:50:57+00:00,1,https://www.instagram.com/p/DUFPyntkuvi/,https://www.instagram.com/p/DUFPyntkuvi/?comment_id=18111576382615463,scraping_instagram,ehbang_im,Tai
18574953388011037,2026-03-13T20:57:21+00:00,0,https://www.instagram.com/p/DUFPyntkuvi/,https://www.instagram.com/p/DUFPyntkuvi/?comment_id=18574953388011037,scraping_instagram,willyleonard00,"Halo pajak pajak kontollll , udahnya awak mau laporan , sistemnya pun ribett macam taikkk, invalidlah , inilah itulah , pepekkk"
18123292441575738,2026-03-13T20:13:48+00:00,0,https://www.instagram.com/p/DUFPyntkuvi/,https://www.instagram.com/p/DUFPyntkuvi/?comment_id=18123292441575738,scraping_instagram,lathifnr_,"Pajak Hama, tolol idiot pajak kontol"
17849817540691672,2026-03-13T16:34:14+00:00,0,https://www.instagram.com/p/DUFPyntkuvi/,https://www.instagram.com/p/DUFPyntkuvi/?comment_id=17849817540691672,scraping_instagram,k.llelly,Pegawainya masuk neraka semua amin
18001900130855276,2026-03-13T15:02:22+00:00,0,https://www.instagram.com/p/DUFPyntkuvi/,https://www.instagram.com/p/DUFPyntkuvi/?comment_id=18001900130855276,scraping_instagram,mithorking,"Semoga kalian yg kerja di institusi ini masuk neraka semuanya, aminn"
18095916493824399,2026-03-13T14:58:40+00:00,0,https://www.instagram.com/p/DUFPyntkuvi/,https://www.instagram.com/p/DUFPyntkuvi/?comment_id=18095916493824399,scraping_instagram,adhitya.exe,Manusia² kontol
17879227518396773,2026-03-13T14:27:34+00:00,0,https://www.instagram.com/p/DUFPyntkuvi/,https://www.instagram.com/p/DUFPyntkuvi/?comment_id=17879227518396773,scraping_instagram,furqanma1,Apakah di arab ada pajak?
18060556517400999,2026-03-13T14:25:38+00:00,0,https://www.instagram.com/p/DUFPyntkuvi/,https://www.instagram.com/p/DUFPyntkuvi/?comment_id=18060556517400999,scraping_instagram,eldael_da,"udh pusing nyari duit, eh disuruh pusing lagi suruh ngurus pajak ampun"
17986051499953012,2026-03-13T14:16:29+00:00,0,https://www.instagram.com/p/DUFPyntkuvi/,https://www.instagram.com/p/DUFPyntkuvi/?comment_id=17986051499953012,scraping_instagram,adeluvaeri,"Ini gmn admin, saya barusan bikin kartu NPWP di website CORETAX tapi kq engga ada di Gmail saya. Yg ada/terkirim malah Panduan Hak & Kewajiban OP serta Surat2 Keterangan Aktivasi NIK😬 mana kartu NPWP saya?😭 @pajakjateng1 @pajakjateng2 @ditjenpajakri"
18562851055013873,2026-03-13T13:54:44+00:00,0,https://www.instagram.com/p/DUFPyntkuvi/,https://www.instagram.com/p/DUFPyntkuvi/?comment_id=18562851055013873,scraping_instagram,papagal__,Laporan penggunaan uang pajak bisa di akses dimana??
18091419268887057,2026-03-13T13:52:19+00:00,0,https://www.instagram.com/p/DUFPyntkuvi/,https://www.instagram.com/p/DUFPyntkuvi/?comment_id=18091419268887057,scraping_instagram,gustialamsyahh,BODOAMAT GUA MALES BAYAR PAJAK
18135680929506332,2026-03-13T12:39:37+00:00,0,https://www.instagram.com/p/DUFPyntkuvi/,https://www.instagram.com/p/DUFPyntkuvi/?comment_id=18135680929506332,scraping_instagram,rofisensei,@ditjenpajakri lu bakal di hisab di akhirat ya anjing 😂😂😂😂 uang haram. Pajak itu haram.
18401084104195437,2026-03-13T12:16:36+00:00,0,https://www.instagram.com/p/DUFPyntkuvi/,https://www.instagram.com/p/DUFPyntkuvi/?comment_id=18401084104195437,scraping_instagram,widiishere,PAJAK PALAK Cuman kebalik J doang
18087216191246419,2026-03-13T11:43:27+00:00,0,https://www.instagram.com/p/DUFPyntkuvi/,https://www.instagram.com/p/DUFPyntkuvi/?comment_id=18087216191246419,scraping_instagram,babaa_w_w,Dada 🙌. Alhamdulillah kalean sebersih apapun. Tetep TIDAK MASUK SURGA 🔥🔥
18067647467292111,2026-03-13T11:08:38+00:00,0,https://www.instagram.com/p/DUFPyntkuvi/,https://www.instagram.com/p/DUFPyntkuvi/?comment_id=18067647467292111,scraping_instagram,aszael.ram,Klik disini
18573042268004153,2026-03-13T10:36:37+00:00,0,https://www.instagram.com/p/DUFPyntkuvi/,https://www.instagram.com/p/DUFPyntkuvi/?comment_id=18573042268004153,scraping_instagram,akh_arifin,"Woy sistem cortex lu noh benerin biar ga lola kata gua mah , kerja cuma makan gaji buta doang lu gaji gede tapi sitem kaya keong sawah lemot kaya otak lu noh"
17940246180152204,2026-03-13T09:09:42+00:00,0,https://www.instagram.com/p/DUFPyntkuvi/,https://www.instagram.com/p/DUFPyntkuvi/?comment_id=17940246180152204,scraping_instagram,b_hadiyatno,Ampas!!!!!!!!!!
18096751681803306,2026-03-13T08:57:46+00:00,0,https://www.instagram.com/p/DUFPyntkuvi/,https://www.instagram.com/p/DUFPyntkuvi/?comment_id=18096751681803306,scraping_instagram,natasza.elsadai,Kok kepo semua saldo di akhir tahun sih? 😒
18086682629241024,2026-03-13T08:51:40+00:00,0,https://www.instagram.com/p/DUFPyntkuvi/,https://www.instagram.com/p/DUFPyntkuvi/?comment_id=18086682629241024,scraping_instagram,tasaufi,Mau di siksa gmn kalian pejabat pajak dan karyawan ya? Pajak buat flexing pejabat
17944635642124150,2026-03-13T08:42:20+00:00,0,https://www.instagram.com/p/DUFPyntkuvi/,https://www.instagram.com/p/DUFPyntkuvi/?comment_id=17944635642124150,scraping_instagram,b.y_emigrate_store,kenapa isinya pejabat indo hujatan semua
18058685837448036,2026-03-13T08:25:00+00:00,1,https://www.instagram.com/p/DUFPyntkuvi/,https://www.instagram.com/p/DUFPyntkuvi/?comment_id=18058685837448036,scraping_instagram,joepottergreen,GAK PERNAH SEBENCI INI SAMA NEGARA... ISTRI PUNYA NPWP SENDIRI DAN PISAH HARTA JADI PAJAKNYA KURANG BAYAR.. !!!!!!! FIX MASUK SURGA JALUR WNI GW!!!
18120367084717594,2026-03-13T08:19:57+00:00,0,https://www.instagram.com/p/DUFPyntkuvi/,https://www.instagram.com/p/DUFPyntkuvi/?comment_id=18120367084717594,scraping_instagram,iipungggg,Ngapa pph21 motog thr jga ya
18057844733694134,2026-03-13T07:36:35+00:00,0,https://www.instagram.com/p/DUFPyntkuvi/,https://www.instagram.com/p/DUFPyntkuvi/?comment_id=18057844733694134,scraping_instagram,unstani16,"Semua ae di pajakin, tapi hasil pajaknya gak keliatan😂"
18101813896929040,2026-03-13T06:58:04+00:00,0,https://www.instagram.com/p/DUFPyntkuvi/,https://www.instagram.com/p/DUFPyntkuvi/?comment_id=18101813896929040,scraping_instagram,syafiq.a.fidz,Asli suruh lapor. Tapi eror trus gak kaya taun kmrin lapornya... Capekkkkkkk
17857426755622113,2026-03-13T06:09:38+00:00,0,https://www.instagram.com/p/DUFPyntkuvi/,https://www.instagram.com/p/DUFPyntkuvi/?comment_id=17857426755622113,scraping_instagram,siblingshoescare,Makan klen la ya bayar pajak ini 🤣🤣
18084528779249949,2026-03-13T02:57:29+00:00,0,https://www.instagram.com/p/DUFPyntkuvi/,https://www.instagram.com/p/DUFPyntkuvi/?comment_id=18084528779249949,scraping_instagram,robyakbar,Kring pajak ga nyambung2 yah
17902526139390103,2026-03-13T01:03:14+00:00,0,https://www.instagram.com/p/DUFPyntkuvi/,https://www.instagram.com/p/DUFPyntkuvi/?comment_id=17902526139390103,scraping_instagram,itinzheng,"mau ty...sy ikut WP UMKM dr 2024, sdh lapor SPT 2025..sdh ajukan NPPN 2026, apa perlu ajukan NPPN thn 2025?"
18083976608248664,2026-03-12T22:00:31+00:00,0,https://www.instagram.com/p/DUFPyntkuvi/,https://www.instagram.com/p/DUFPyntkuvi/?comment_id=18083976608248664,scraping_instagram,agung.pratama98,"Ribet kli paok Kelen yg motong PPh 21 kami secara paksa ,terus kami harus lapor lagi dengan cara yg ribet ,kalok tidak melapor kena denda 2% ,di mana otk kalian"
18139615495498184,2026-03-12T18:17:02+00:00,0,https://www.instagram.com/p/DUFPyntkuvi/,https://www.instagram.com/p/DUFPyntkuvi/?comment_id=18139615495498184,scraping_instagram,spot.meme,yang kerja mandi keringat gue. yang cari kerja gue. ngapai gue lapor2 gaji gue ke elu?
18102328156909227,2026-03-12T16:23:48+00:00,0,https://www.instagram.com/p/DUFPyntkuvi/,https://www.instagram.com/p/DUFPyntkuvi/?comment_id=18102328156909227,scraping_instagram,devanterabass,"min gimana ini otp coretax gamasuk masuk udah berkali kali coba, nomor depannya udah pake 0 atau +62 sama aja ga ngaruh"
18139447165498039,2026-03-12T15:34:56+00:00,0,https://www.instagram.com/p/DUFPyntkuvi/,https://www.instagram.com/p/DUFPyntkuvi/?comment_id=18139447165498039,scraping_instagram,pak.yuuta92,Sekian banyak keluhan tidak ada yg ditanggapi... Kerja modelan sampah 🖕
18333414319169595,2026-03-12T13:58:34+00:00,0,https://www.instagram.com/p/DUFPyntkuvi/,https://www.instagram.com/p/DUFPyntkuvi/?comment_id=18333414319169595,scraping_instagram,xyzorin_baisila,Sistem Jelek. Loading Dkit Katanya Eror...Gk Jelas.
17874339039436361,2026-03-12T13:57:57+00:00,0,https://www.instagram.com/p/DUFPyntkuvi/,https://www.instagram.com/p/DUFPyntkuvi/?comment_id=17874339039436361,scraping_instagram,xyzorin_baisila,Sistem Jelek
17876004651541028,2026-03-12T13:08:18+00:00,0,https://www.instagram.com/p/DUFPyntkuvi/,https://www.instagram.com/p/DUFPyntkuvi/?comment_id=17876004651541028,scraping_instagram,anggunpratiwiputri,Ribetnya min kayakmanaaa ini L-5 ini musti isi apa plisss
18083220632015159,2026-03-12T11:50:08+00:00,0,https://www.instagram.com/p/DUFPyntkuvi/,https://www.instagram.com/p/DUFPyntkuvi/?comment_id=18083220632015159,scraping_instagram,caturyulihartono,Cuman bilang👉ASTAGHFIRULLAH 🔥🔥🔥🔥
18170022031396361,2026-03-12T11:11:56+00:00,0,https://www.instagram.com/p/DUFPyntkuvi/,https://www.instagram.com/p/DUFPyntkuvi/?comment_id=18170022031396361,scraping_instagram,juliohenakin,Apakah ada cara buat billing pembayaran pajak pph 21 tenaga ahli CV
18112356925662437,2026-03-12T09:40:41+00:00,0,https://www.instagram.com/p/DUFPyntkuvi/,https://www.instagram.com/p/DUFPyntkuvi/?comment_id=18112356925662437,scraping_instagram,brownochrome,udha usaha mau lapor ini log ini aja susah woy
18055683191487553,2026-03-12T09:17:42+00:00,0,https://www.instagram.com/p/DUFPyntkuvi/,https://www.instagram.com/p/DUFPyntkuvi/?comment_id=18055683191487553,scraping_instagram,indra_cristo,kalo kurang bayar krn pindag kantor gmn min?
17894675343281730,2026-03-12T08:36:28+00:00,0,https://www.instagram.com/p/DUFPyntkuvi/,https://www.instagram.com/p/DUFPyntkuvi/?comment_id=17894675343281730,scraping_instagram,ekasetyad_,Mikir kids
18068179949271770,2026-03-12T08:30:27+00:00,0,https://www.instagram.com/p/DUFPyntkuvi/,https://www.instagram.com/p/DUFPyntkuvi/?comment_id=18068179949271770,scraping_instagram,jay.zboys,Aplikasi atau websitenya tolol
18350322451231276,2026-03-12T07:40:37+00:00,0,https://www.instagram.com/p/DUFPyntkuvi/,https://www.instagram.com/p/DUFPyntkuvi/?comment_id=18350322451231276,scraping_instagram,bagusshobri,Mantappp padahal udah di save nya password nya tapi tetep salah. Susah juga buat ganti password. Aku cinta birokrasi Indonesia
18107025523833172,2026-03-12T06:20:06+00:00,0,https://www.instagram.com/p/DUFPyntkuvi/,https://www.instagram.com/p/DUFPyntkuvi/?comment_id=18107025523833172,scraping_instagram,irhdy,"Saya melakukan pembetulan SPT Masa PPh Pasal 21/26 pegawai tidak tetap. Pada SPT normal sebelumnya, kode billing sudah dibuat dan pajak sudah dibayar melalui virtual account.

Namun saat melakukan pembetulan dengan jumlah pajak yang sama, sistem tetap meminta pembuatan kode billing baru seolah harus membayar kembali. Mengapa hal ini bisa terjadi?"
18072827768185910,2026-03-12T05:20:30+00:00,0,https://www.instagram.com/p/DUFPyntkuvi/,https://www.instagram.com/p/DUFPyntkuvi/?comment_id=18072827768185910,scraping_instagram,irfan.ipangg,"Suruh verifikasi email tapi ga di kirim"" OTPnya kocak nih aplikasi, gua yg bayar pajak gua yg laporan jg"
18564680314032053,2026-03-12T03:59:54+00:00,0,https://www.instagram.com/p/DUFPyntkuvi/,https://www.instagram.com/p/DUFPyntkuvi/?comment_id=18564680314032053,scraping_instagram,rd_nsyh26,eror terus
18123596872510891,2026-03-12T03:25:08+00:00,0,https://www.instagram.com/p/DUFPyntkuvi/,https://www.instagram.com/p/DUFPyntkuvi/?comment_id=18123596872510891,scraping_instagram,oriza_sinaga,"Ribet banged pak! Mau lapor-login-trus GAGAL MASUK. Duit diambil, lapor sendiri trus dipersulit ama sistem"
18315364576280600,2026-03-12T00:54:42+00:00,3,https://www.instagram.com/p/DUFPyntkuvi/,https://www.instagram.com/p/DUFPyntkuvi/?comment_id=18315364576280600,scraping_instagram,meipdgn,Zakat dan Perpuluhan itu kan kewajiban umat beragama.. Pajak itu kewajiban buat pemerintah.. KLO semua orang patuh terhadap kewajiban ada dong hak yang di dapat.. umat beragama hak bebas memilih .. hak yang di dapat dari pemerintah apa ya?
18076610081570888,2026-03-12T00:47:42+00:00,3,https://www.instagram.com/p/DUFPyntkuvi/,https://www.instagram.com/p/DUFPyntkuvi/?comment_id=18076610081570888,scraping_instagram,meipdgn,"Pernah ngak sih pejabat"" itu berpikir nasib rakyatnya sudah gajilah ngak seberapa, harus bayar pajak, udah tu pas lapor kurang bayar, dan ternyata tdak punya harta sama sekali?"
18129164023481211,2026-03-11T17:04:52+00:00,0,https://www.instagram.com/p/DUFPyntkuvi/,https://www.instagram.com/p/DUFPyntkuvi/?comment_id=18129164023481211,scraping_instagram,yensi_kusuma2704,Tidak bisa mengunduh bukti potongan pph. Ada yg bisa bantu?
17849388432661150,2026-03-11T11:25:00+00:00,0,https://www.instagram.com/p/DUFPyntkuvi/,https://www.instagram.com/p/DUFPyntkuvi/?comment_id=17849388432661150,scraping_instagram,ridwan.subekti,Pph thr gede bgt bgst
18068651885649090,2026-03-11T11:13:57+00:00,2,https://www.instagram.com/p/DUFPyntkuvi/,https://www.instagram.com/p/DUFPyntkuvi/?comment_id=18068651885649090,scraping_instagram,rianaagistta,"Ribet banget mau daftar buat npwp di web coretax, error terus, kalah sama web swasta yg mempermudah user 😢"
18058065092415845,2026-03-11T10:08:13+00:00,254,https://www.instagram.com/p/DUFPyntkuvi/,https://www.instagram.com/p/DUFPyntkuvi/?comment_id=18058065092415845,scraping_instagram,aufdllrs,"eh kita capek kerja gada waktu ya anj isi isi begini, udh duit gue lu ambil, gue jg direpotin dg begini2.. mana susah bgt websitenya ribet.. udh ambil aja pajak gue gausa ngerepotin gue lg yaaa"
18098129671748990,2026-03-11T09:37:32+00:00,0,https://www.instagram.com/p/DUFPyntkuvi/,https://www.instagram.com/p/DUFPyntkuvi/?comment_id=18098129671748990,scraping_instagram,frizal151,"Ayolah tolong, sistem nya tolong dibikin sekali klik!"
18331210558222763,2026-03-11T09:09:37+00:00,0,https://www.instagram.com/p/DUFPyntkuvi/,https://www.instagram.com/p/DUFPyntkuvi/?comment_id=18331210558222763,scraping_instagram,krtmlm,"izin bertanya min, apakah coretax form tidak bisa menggunakan browser android/ ponsel? harus pake komputer laptop ya min?"
18135768877504051,2026-03-11T07:10:13+00:00,0,https://www.instagram.com/p/DUFPyntkuvi/,https://www.instagram.com/p/DUFPyntkuvi/?comment_id=18135768877504051,scraping_instagram,dwiki_li2202,"Aplikasi yang sangat ribet. Sudah lapor SPT tetapi tidak ada pemberitahuan ke email terkait bukti. Masih banyak masyarakat yang tidak paham cara menggunakan coretax. Saya merasa kurang sekali sosialisasinya. Alhasil merepotkan banyak masyarakat. Perlu evaluasi serius, perlu sosialisasi yang meluas. Cukup dan terimakasih... Segera DIKOREKSI"
18084495950211207,2026-03-11T06:18:09+00:00,0,https://www.instagram.com/p/DUFPyntkuvi/,https://www.instagram.com/p/DUFPyntkuvi/?comment_id=18084495950211207,scraping_instagram,tengkyuupa,"Aplikasi tolong diperbaiki bapak ibuk, tolong sangat biar mudah kmi, dan tidak antri panjang sepanjang jln tol"
18098100118944698,2026-03-11T06:17:16+00:00,0,https://www.instagram.com/p/DUFPyntkuvi/,https://www.instagram.com/p/DUFPyntkuvi/?comment_id=18098100118944698,scraping_instagram,tengkyuupa,"Tolong dibuat mudah aplikasinya, ini udh tiga kali ke kntor pajak jdinya"
18005472875849352,2026-03-11T06:03:27+00:00,0,https://www.instagram.com/p/DUFPyntkuvi/,https://www.instagram.com/p/DUFPyntkuvi/?comment_id=18005472875849352,scraping_instagram,harist_michael,"Ini sy yg salah isi atau gmn sey. Kok disuruh bayar malah. Duit juga ga ada. Makanya pajak haram hukumnya. Ya gini ini, aslinya ga ada duit. Begitu isi coretax knp jd malah suruh bayar pajak.  Melebihi riba ini jahatnya"
18104829040868083,2026-03-11T06:02:16+00:00,0,https://www.instagram.com/p/DUFPyntkuvi/,https://www.instagram.com/p/DUFPyntkuvi/?comment_id=18104829040868083,scraping_instagram,harist_michael,"Pajak jahat bgt. Udh ngisi coretax uang ga seberapa, tp di coretax disuruh bayar pajak"
17956401153077145,2026-03-11T05:32:49+00:00,0,https://www.instagram.com/p/DUFPyntkuvi/,https://www.instagram.com/p/DUFPyntkuvi/?comment_id=17956401153077145,scraping_instagram,rrss_rahantan,Sistem down terus 👎🏻
17861059227611770,2026-03-11T04:32:03+00:00,0,https://www.instagram.com/p/DUFPyntkuvi/,https://www.instagram.com/p/DUFPyntkuvi/?comment_id=17861059227611770,scraping_instagram,bonekamerah,"weh kenapa gak bisa input nomor rekening buat refund kelebihan bayar, giliran narik cepet banget, giliran balikin ribet ih"
17844186006696867,2026-03-11T03:22:05+00:00,0,https://www.instagram.com/p/DUFPyntkuvi/,https://www.instagram.com/p/DUFPyntkuvi/?comment_id=17844186006696867,scraping_instagram,az_lesmana,Akses untuk layanan aktivasi akun coretax ngk bisa di akses sama sekali
18130204447526668,2026-03-11T02:42:31+00:00,1,https://www.instagram.com/p/DUFPyntkuvi/,https://www.instagram.com/p/DUFPyntkuvi/?comment_id=18130204447526668,scraping_instagram,yuds_yp,"Ribet, aplikasi error, kalian sampah"
17869177818477616,2026-03-11T00:40:35+00:00,0,https://www.instagram.com/p/DUFPyntkuvi/,https://www.instagram.com/p/DUFPyntkuvi/?comment_id=17869177818477616,scraping_instagram,kadekadi_s,"min, saya pilih lupa password knp tdk ada kiriman email masuk untuk reset password"
18096114973804080,2026-03-10T20:06:57+00:00,0,https://www.instagram.com/p/DUFPyntkuvi/,https://www.instagram.com/p/DUFPyntkuvi/?comment_id=18096114973804080,scraping_instagram,prstyooj,"Kocak konyol 
Selain nyusahin masyarakat, kalian kerjanya ngapain sih ?"
18570556720062091,2026-03-10T19:33:58+00:00,0,https://www.instagram.com/p/DUFPyntkuvi/,https://www.instagram.com/p/DUFPyntkuvi/?comment_id=18570556720062091,scraping_instagram,nkookvky,Harammm jadaaah
18107221957884800,2026-03-10T15:26:08+00:00,0,https://www.instagram.com/p/DUFPyntkuvi/,https://www.instagram.com/p/DUFPyntkuvi/?comment_id=18107221957884800,scraping_instagram,denia.indi,"Duh gk usah aneh2 coba.. pake coretax coretex makin ribet dan susah.. suami udah capek2 seharian kerja, dirumah masih harus otak atik coretax yg RIBET.. udah bayar pajak, pake disuruh lapor pajak, di persulit lagi sama sistem baru coretax yg mirip💩💩"
18078702557080080,2026-03-10T15:10:37+00:00,0,https://www.instagram.com/p/DUFPyntkuvi/,https://www.instagram.com/p/DUFPyntkuvi/?comment_id=18078702557080080,scraping_instagram,doelgimbal,Bikin aplikasi yg mudah + bikin cara laporan nya juga bikin yg mudah juga :: yg awam tekhnologi masih banyak :: kita udah jengkel sama pemerintah tapi kita tetep mau bikin laporan pajak :: jadi bikin aplikasi yg semudah mudahnya :: jangan sampai laporan aja kita juga males jadi nya..
18137320696444998,2026-03-10T14:44:50+00:00,0,https://www.instagram.com/p/DUFPyntkuvi/,https://www.instagram.com/p/DUFPyntkuvi/?comment_id=18137320696444998,scraping_instagram,penembakberkelas_,"efisiensi lah sistem lu yg kacung ini, yg bayar pajak malah yg diribetin blok"
17995082573755858,2026-03-10T10:07:02+00:00,0,https://www.instagram.com/p/DUFPyntkuvi/,https://www.instagram.com/p/DUFPyntkuvi/?comment_id=17995082573755858,scraping_instagram,miff_dh,"THR GA SEBERAPA, MASIH KEMAKAN PULA AMA PAJAK SIALAN INI, UDAH GAJI KENA PAJAK, THP PUN KENA PAJAK ANJ"
17850425190645630,2026-03-10T07:53:48+00:00,0,https://www.instagram.com/p/DUFPyntkuvi/,https://www.instagram.com/p/DUFPyntkuvi/?comment_id=17850425190645630,scraping_instagram,wu_landari3314,Dasar Para Rampok
18097692532938095,2026-03-10T05:45:36+00:00,0,https://www.instagram.com/p/DUFPyntkuvi/,https://www.instagram.com/p/DUFPyntkuvi/?comment_id=18097692532938095,scraping_instagram,aldiatta,Sampah
17867961480487016,2026-03-10T05:11:06+00:00,0,https://www.instagram.com/p/DUFPyntkuvi/,https://www.instagram.com/p/DUFPyntkuvi/?comment_id=17867961480487016,scraping_instagram,banganggatanjung,Tolong min kita mau buat NPWP Perusahaan gak bisa2
18068269451251149,2026-03-10T04:42:32+00:00,0,https://www.instagram.com/p/DUFPyntkuvi/,https://www.instagram.com/p/DUFPyntkuvi/?comment_id=18068269451251149,scraping_instagram,the_moel_thevilbatz,Selalu id tidak du temukan
18102967846712408,2026-03-10T04:42:12+00:00,0,https://www.instagram.com/p/DUFPyntkuvi/,https://www.instagram.com/p/DUFPyntkuvi/?comment_id=18102967846712408,scraping_instagram,the_moel_thevilbatz,Saya kok g bisa masuk
18106117804845736,2026-03-10T04:41:59+00:00,0,https://www.instagram.com/p/DUFPyntkuvi/,https://www.instagram.com/p/DUFPyntkuvi/?comment_id=18106117804845736,scraping_instagram,indaaa__0,pajak buat kasi makan koruptor
18092632295114803,2026-03-10T04:08:57+00:00,0,https://www.instagram.com/p/DUFPyntkuvi/,https://www.instagram.com/p/DUFPyntkuvi/?comment_id=18092632295114803,scraping_instagram,dhie_jass,Kenapa tahun pajaknya tidak muncul
18074396633388062,2026-03-10T03:17:24+00:00,0,https://www.instagram.com/p/DUFPyntkuvi/,https://www.instagram.com/p/DUFPyntkuvi/?comment_id=18074396633388062,scraping_instagram,deastrophilia03,"Gw yang bayar gw juga yg lapor , BENERIN APP LU setan nyusahin mulu"
18085049738371317,2026-03-10T03:06:16+00:00,0,https://www.instagram.com/p/DUFPyntkuvi/,https://www.instagram.com/p/DUFPyntkuvi/?comment_id=18085049738371317,scraping_instagram,deswiani,"mau bayar pajak aja ribet banget, harus liat tutorial YouTube, capek dehhh"
17941979817153596,2026-03-10T02:09:29+00:00,0,https://www.instagram.com/p/DUFPyntkuvi/,https://www.instagram.com/p/DUFPyntkuvi/?comment_id=17941979817153596,scraping_instagram,samsifitrisigalinggig,"Hei orang-orang pajak tolong lah di perbaiki sistem capek loh kita mau lapor aja susah giliran mau posting spt, sumber penghasilan nya wajib di isi padahal sudah di klik pekerjaan 😡"
18026354498635660,2026-03-10T01:56:01+00:00,0,https://www.instagram.com/p/DUFPyntkuvi/,https://www.instagram.com/p/DUFPyntkuvi/?comment_id=18026354498635660,scraping_instagram,uidoya_sari,"Min kenapa aku hanya bisa simpan konsep di pengajuan SPT tahunan, knp tidak ada bagian ""mengajukan SPT""?"
17914279413327817,2026-03-09T14:20:44+00:00,0,https://www.instagram.com/p/DUFPyntkuvi/,https://www.instagram.com/p/DUFPyntkuvi/?comment_id=17914279413327817,scraping_instagram,awan_kita,Saya mau laporan nga bisa masuk2 coretax parah bgd... Makin tahun malah tambah ribet.. padahal kita udah bayar pajak di suruh lapor pajak... Giliran mau lapor jadi ribet bgd... 😭😭😭😭
17885189076353095,2026-03-09T13:59:47+00:00,0,https://www.instagram.com/p/DUFPyntkuvi/,https://www.instagram.com/p/DUFPyntkuvi/?comment_id=17885189076353095,scraping_instagram,stevenjooan,Min ini ttd sertifikat digitalnya bagaimana kok eror mulu😢
18366469987167934,2026-03-09T13:47:10+00:00,0,https://www.instagram.com/p/DUFPyntkuvi/,https://www.instagram.com/p/DUFPyntkuvi/?comment_id=18366469987167934,scraping_instagram,imm88nuel,SEMUA RAKYAT BEKERJA KERAS CUMA UNTUK MEMBERIKAN UANG KEPADA IBLIS NEGARA YAITU PAJAK😂😂
18398907616177869,2026-03-09T08:21:31+00:00,0,https://www.instagram.com/p/DUFPyntkuvi/,https://www.instagram.com/p/DUFPyntkuvi/?comment_id=18398907616177869,scraping_instagram,michael_cristofel,"THR setahun sekali malah dipajakin, Masih kurang selama setahun gaji setiap bulan dipotong pajak 🗿"
18103464610702238,2026-03-09T07:09:33+00:00,0,https://www.instagram.com/p/DUFPyntkuvi/,https://www.instagram.com/p/DUFPyntkuvi/?comment_id=18103464610702238,scraping_instagram,mabbas.s9,Sialan
18164920366415803,2026-03-09T07:09:19+00:00,0,https://www.instagram.com/p/DUFPyntkuvi/,https://www.instagram.com/p/DUFPyntkuvi/?comment_id=18164920366415803,scraping_instagram,mabbas.s9,"Error mulu ajg,"
17879001828487303,2026-03-09T04:54:13+00:00,0,https://www.instagram.com/p/DUFPyntkuvi/,https://www.instagram.com/p/DUFPyntkuvi/?comment_id=17879001828487303,scraping_instagram,galangwijayadp,"Bego bener aplikasinya. Mau daftar NIK sudah digunakan, giliran lupa password dibilang nama pengguna tidak ditemukan. 😂"
18078456134455704,2026-03-09T04:25:05+00:00,0,https://www.instagram.com/p/DUFPyntkuvi/,https://www.instagram.com/p/DUFPyntkuvi/?comment_id=18078456134455704,scraping_instagram,fachriys23,Apaan aplikasi ga bisa dipake gitu. Mau login error mulu
18088637600273037,2026-03-09T03:08:11+00:00,0,https://www.instagram.com/p/DUFPyntkuvi/,https://www.instagram.com/p/DUFPyntkuvi/?comment_id=18088637600273037,scraping_instagram,rfqjackson,"Gak bisa masukin data bank kenapa sih? Gak ada tombol savenya, hubungi Whatsappnya gak dibales"
18328451575218195,2026-03-09T02:03:38+00:00,0,https://www.instagram.com/p/DUFPyntkuvi/,https://www.instagram.com/p/DUFPyntkuvi/?comment_id=18328451575218195,scraping_instagram,syifaaulias,Sampe skrg masih gabisa masuk akun coretax krn disuruh masukin email buat ganti password eh salah emailnya. Padahal itu email yg gue pake buat daftar pajak🥹🥹🥹
18127187116486120,2026-03-09T01:21:39+00:00,0,https://www.instagram.com/p/DUFPyntkuvi/,https://www.instagram.com/p/DUFPyntkuvi/?comment_id=18127187116486120,scraping_instagram,azijahnurul16,"Kak, kenapa unduh document Pdf SPT OP setelah lapor masih tidak bisa ya? Tolong segera d perbaiki .."
18186803290363698,2026-03-09T00:40:11+00:00,0,https://www.instagram.com/p/DUFPyntkuvi/,https://www.instagram.com/p/DUFPyntkuvi/?comment_id=18186803290363698,scraping_instagram,rhrdjo_21,"Terimakasih sudah memotong hak THR SAYA walaupun hanya 400 ribu mungkin,nominal itu sangat berguna untuk kebutuhan lebaran DEMI ALLAH RASULULLAH saya gak akan pernah RELA,akan saya TUNTUT semua di akhirat SAMPAI jumpa di kehidupan yang KEKAL."
18095105548990479,2026-03-09T00:16:25+00:00,0,https://www.instagram.com/p/DUFPyntkuvi/,https://www.instagram.com/p/DUFPyntkuvi/?comment_id=18095105548990479,scraping_instagram,nasrofiiii,kekurangan duit lu ??!!!
17929051791228552,2026-03-08T22:25:10+00:00,0,https://www.instagram.com/p/DUFPyntkuvi/,https://www.instagram.com/p/DUFPyntkuvi/?comment_id=17929051791228552,scraping_instagram,amekaze_zzz,"Weh, skarang pencuri punya Instagram ya"
18011180777835226,2026-03-08T21:51:45+00:00,0,https://www.instagram.com/p/DUFPyntkuvi/,https://www.instagram.com/p/DUFPyntkuvi/?comment_id=18011180777835226,scraping_instagram,fikihendriprasetyo,Wes wes
17905531404203134,2026-03-08T15:45:36+00:00,0,https://www.instagram.com/p/DUFPyntkuvi/,https://www.instagram.com/p/DUFPyntkuvi/?comment_id=17905531404203134,scraping_instagram,akbarryan_z,Woy masuk coretax gak bisa bisa ini njir
17855384304673473,2026-03-08T13:01:20+00:00,0,https://www.instagram.com/p/DUFPyntkuvi/,https://www.instagram.com/p/DUFPyntkuvi/?comment_id=17855384304673473,scraping_instagram,__ridho__,cuih najis
18088501412142609,2026-03-08T12:24:16+00:00,0,https://www.instagram.com/p/DUFPyntkuvi/,https://www.instagram.com/p/DUFPyntkuvi/?comment_id=18088501412142609,scraping_instagram,alle_kpg,Sampe THR karyawan swasta juga harus kena pajak ..emang anjing kalian .....babi !!!!!!
18202626382330462,2026-03-08T12:21:45+00:00,0,https://www.instagram.com/p/DUFPyntkuvi/,https://www.instagram.com/p/DUFPyntkuvi/?comment_id=18202626382330462,scraping_instagram,aii_aiidevaazie,@prabowo  baca pak baca!!! Jangan tutup telinga. Katanya pro rakyat. Lha rakyat yg mana????
17997193256745872,2026-03-08T12:20:37+00:00,0,https://www.instagram.com/p/DUFPyntkuvi/,https://www.instagram.com/p/DUFPyntkuvi/?comment_id=17997193256745872,scraping_instagram,aii_aiidevaazie,Kenapa gaji dpr tidak kena pajak? Kenapa gaji rakyat yg ga seberapa kena pajak. Gaji kena pajak laporan tiap taun. Ntr THR kena pajak lagi. Lha kita yg kerja knp kalian minta hak kita. Kalian itu ga jauh beda sama pemerasan tp elit. Gila ya... Blm kndaraan dll pajak mulu. Gpp... Nikmatin saja di akherat ya kalian2 yg berkuasa selalu mrnindas dan ambil hak rakyat
18089547980139889,2026-03-08T09:45:56+00:00,0,https://www.instagram.com/p/DUFPyntkuvi/,https://www.instagram.com/p/DUFPyntkuvi/?comment_id=18089547980139889,scraping_instagram,alexandercaraka,apa wae susah apk busuk 2 jam ngurus aktivasi doang ga bisa kontol
18095140259051359,2026-03-08T07:55:33+00:00,0,https://www.instagram.com/p/DUFPyntkuvi/,https://www.instagram.com/p/DUFPyntkuvi/?comment_id=18095140259051359,scraping_instagram,_oreorange_,Link nya error @ditjenpajakri
18110879500791967,2026-03-08T05:10:45+00:00,0,https://www.instagram.com/p/DUFPyntkuvi/,https://www.instagram.com/p/DUFPyntkuvi/?comment_id=18110879500791967,scraping_instagram,bryan2808,@prabowo @menkeuri @dpr_ri  coretax nya donk Pak tolong dibenerin mau lapor pph 21 katanya defisit ini mau bayar aja dibuat susah
18084146423220282,2026-03-08T05:04:54+00:00,0,https://www.instagram.com/p/DUFPyntkuvi/,https://www.instagram.com/p/DUFPyntkuvi/?comment_id=18084146423220282,scraping_instagram,despurba25,"Bukti Potong pajak saya kok ada masuk ke aplikasi coretax saya, gimana biar dpt bukti potong pajaknya min"
18092506664113374,2026-03-08T04:27:44+00:00,0,https://www.instagram.com/p/DUFPyntkuvi/,https://www.instagram.com/p/DUFPyntkuvi/?comment_id=18092506664113374,scraping_instagram,krmanggoro,Anjing ngerepotin
17930175183056671,2026-03-08T04:26:29+00:00,0,https://www.instagram.com/p/DUFPyntkuvi/,https://www.instagram.com/p/DUFPyntkuvi/?comment_id=17930175183056671,scraping_instagram,hendrinng,thr 3800 pajak 700 rb buset makan tuh duit gedein perutlu
18075032990388540,2026-03-08T02:49:46+00:00,0,https://www.instagram.com/p/DUFPyntkuvi/,https://www.instagram.com/p/DUFPyntkuvi/?comment_id=18075032990388540,scraping_instagram,odesdesti24,"Tahun kemarin suami lapor spt lancar lancar aja gampang pake hp. sekarang dia bilang susah dan ribet ,mana ada datanya salah lagi masa ibunya suami jd istri dan tanggungan pajak, sedangkan suami bikin npwp aja posisi udah punya kk sendiri dan udah nikah."
18097039465980106,2026-03-08T02:36:31+00:00,0,https://www.instagram.com/p/DUFPyntkuvi/,https://www.instagram.com/p/DUFPyntkuvi/?comment_id=18097039465980106,scraping_instagram,wayay21,Ribet
18097104601982416,2026-03-08T02:13:29+00:00,0,https://www.instagram.com/p/DUFPyntkuvi/,https://www.instagram.com/p/DUFPyntkuvi/?comment_id=18097104601982416,scraping_instagram,ilysiregar13,RIBET..!!!!!!!
18175569676377319,2026-03-07T22:16:32+00:00,0,https://www.instagram.com/p/DUFPyntkuvi/,https://www.instagram.com/p/DUFPyntkuvi/?comment_id=18175569676377319,scraping_instagram,alfia_rahmawati,Ada yg bisa ta guys susah banget
18072305912536443,2026-03-07T22:15:43+00:00,0,https://www.instagram.com/p/DUFPyntkuvi/,https://www.instagram.com/p/DUFPyntkuvi/?comment_id=18072305912536443,scraping_instagram,alfia_rahmawati,Tolong donk yg sudah bisa login
18086002019463734,2026-03-07T22:15:25+00:00,0,https://www.instagram.com/p/DUFPyntkuvi/,https://www.instagram.com/p/DUFPyntkuvi/?comment_id=18086002019463734,scraping_instagram,alfia_rahmawati,Gk bisa di akses
18005732189704521,2026-03-07T21:39:49+00:00,0,https://www.instagram.com/p/DUFPyntkuvi/,https://www.instagram.com/p/DUFPyntkuvi/?comment_id=18005732189704521,scraping_instagram,_arvyalkahfi,"Gamau nyariin kerja, ga ngasih lapangan pekerjaan.. eh dpt thr minta jatah preman 30%.. kalah rentenirr ama kang pajakk... Eh asn polri bebas pajakk pdhl mrk yg gajinya tunjang nya paling buanyaaakkkkk .. kita cuma ngandalin UMR kerja sampe sempak basah.. maauu dia pinta jg 30% ... Kalian warasssss!!!!! Hauss uang rakyat yaaa..."
18099204284489449,2026-03-07T19:00:32+00:00,0,https://www.instagram.com/p/DUFPyntkuvi/,https://www.instagram.com/p/DUFPyntkuvi/?comment_id=18099204284489449,scraping_instagram,katakuri217,"Rasulullah shallallahu ‘alaihi wa sallam bersabda,
إِنَّ صَاحِبَ الْمَكسِ فِيْ النَّارِ
“Sesungguhnya pelaku/pemungut pajak (diadzab) di neraka” (HR Ahmad 4/109, Abu Dawud kitab Al-Imarah : 7)"
17943594564145883,2026-03-07T15:52:59+00:00,0,https://www.instagram.com/p/DUFPyntkuvi/,https://www.instagram.com/p/DUFPyntkuvi/?comment_id=17943594564145883,scraping_instagram,putrialova_house,Kok ga ikhlas ya gaji d potong pajak ... 😢
18096922255998287,2026-03-07T15:46:37+00:00,0,https://www.instagram.com/p/DUFPyntkuvi/,https://www.instagram.com/p/DUFPyntkuvi/?comment_id=18096922255998287,scraping_instagram,yssey_ip,😢
18098467052299023,2026-03-07T15:37:04+00:00,0,https://www.instagram.com/p/DUFPyntkuvi/,https://www.instagram.com/p/DUFPyntkuvi/?comment_id=18098467052299023,scraping_instagram,rudikusuma029,Bangsat bajingan lu pada linta darat lu smua
18093637427097906,2026-03-07T14:43:26+00:00,0,https://www.instagram.com/p/DUFPyntkuvi/,https://www.instagram.com/p/DUFPyntkuvi/?comment_id=18093637427097906,scraping_instagram,akbarperdana__,Ini spt lebih bayar tapi gak ada data rekening pengembalian juga gak bisa milih but kompensasi tahun depan gimana ya
18091307435038004,2026-03-07T12:57:23+00:00,0,https://www.instagram.com/p/DUFPyntkuvi/,https://www.instagram.com/p/DUFPyntkuvi/?comment_id=18091307435038004,scraping_instagram,rajkusnia,Najong anda semua. Seluruh rakyat yg tidak ridho akan berhitubng di akhirat kelak
18087135077226933,2026-03-07T12:33:19+00:00,0,https://www.instagram.com/p/DUFPyntkuvi/,https://www.instagram.com/p/DUFPyntkuvi/?comment_id=18087135077226933,scraping_instagram,muscle_for_you,"Saya aktivasi core tax gak bisa, mandek di verivikasi nomor telepon, gimana solusinya? Buang waktu saya gak bisa bisa"
18042488615764995,2026-03-07T09:13:52+00:00,0,https://www.instagram.com/p/DUFPyntkuvi/,https://www.instagram.com/p/DUFPyntkuvi/?comment_id=18042488615764995,scraping_instagram,vatiru_alfathhaza,Buset kenyang
17998848698737273,2026-03-07T08:21:52+00:00,0,https://www.instagram.com/p/DUFPyntkuvi/,https://www.instagram.com/p/DUFPyntkuvi/?comment_id=17998848698737273,scraping_instagram,agusfikartan,🙈💩
18094113257280946,2026-03-07T08:15:53+00:00,0,https://www.instagram.com/p/DUFPyntkuvi/,https://www.instagram.com/p/DUFPyntkuvi/?comment_id=18094113257280946,scraping_instagram,na_na21__,Demi allah ga ikhlas !! Kita tagih diakhirat
18000401837907896,2026-03-07T08:10:51+00:00,0,https://www.instagram.com/p/DUFPyntkuvi/,https://www.instagram.com/p/DUFPyntkuvi/?comment_id=18000401837907896,scraping_instagram,am.hi10,NYUSAHIN
18071469671396172,2026-03-07T07:44:46+00:00,0,https://www.instagram.com/p/DUFPyntkuvi/,https://www.instagram.com/p/DUFPyntkuvi/?comment_id=18071469671396172,scraping_instagram,poltaksimorangkir,"minta pajak aja getol lu
sistem pelaporan noh benerin"
17854917873594971,2026-03-07T06:50:30+00:00,0,https://www.instagram.com/p/DUFPyntkuvi/,https://www.instagram.com/p/DUFPyntkuvi/?comment_id=17854917873594971,scraping_instagram,m_yasaa226,"Coretax kek tai, mau aktivitasi aja ribet bngt"
18077427929382845,2026-03-07T06:44:26+00:00,1,https://www.instagram.com/p/DUFPyntkuvi/,https://www.instagram.com/p/DUFPyntkuvi/?comment_id=18077427929382845,scraping_instagram,sinloe.inside,Yang masih error untuk Bikin NPWP - Atau Lapor spt tahunan Bisa DM
18114024871726961,2026-03-07T06:00:13+00:00,0,https://www.instagram.com/p/DUFPyntkuvi/,https://www.instagram.com/p/DUFPyntkuvi/?comment_id=18114024871726961,scraping_instagram,ahmyq_,"@ditjenpajakri min, ini kenapa ya pas mau bikin konsep SPT Tahunan pas milih jenis SPT tidak ada pilihannya?"
17888802447441052,2026-03-07T05:21:17+00:00,0,https://www.instagram.com/p/DUFPyntkuvi/,https://www.instagram.com/p/DUFPyntkuvi/?comment_id=17888802447441052,scraping_instagram,fuji.s.hidayat,"Kurang bayar ditagih, lebih bayar ga pernah sampe duitnya.. keren"
18143106925487086,2026-03-07T04:57:53+00:00,0,https://www.instagram.com/p/DUFPyntkuvi/,https://www.instagram.com/p/DUFPyntkuvi/?comment_id=18143106925487086,scraping_instagram,ahmed_faridhil,Gk ridho aing anjing.  Pemerintah tolol
18171372208395540,2026-03-07T04:46:21+00:00,0,https://www.instagram.com/p/DUFPyntkuvi/,https://www.instagram.com/p/DUFPyntkuvi/?comment_id=18171372208395540,scraping_instagram,ruriz93,Ke coretax atau coreproblem?
18404702296177639,2026-03-07T04:25:04+00:00,0,https://www.instagram.com/p/DUFPyntkuvi/,https://www.instagram.com/p/DUFPyntkuvi/?comment_id=18404702296177639,scraping_instagram,rossyepusparatri,34% yang bener aja 😢
17902605870385345,2026-03-07T04:11:42+00:00,0,https://www.instagram.com/p/DUFPyntkuvi/,https://www.instagram.com/p/DUFPyntkuvi/?comment_id=17902605870385345,scraping_instagram,fbrianita,Bagian utang loading terus gmna ya
17893491324283322,2026-03-07T04:11:12+00:00,0,https://www.instagram.com/p/DUFPyntkuvi/,https://www.instagram.com/p/DUFPyntkuvi/?comment_id=17893491324283322,scraping_instagram,ratnadewipoetri,RIBET SEKALI. Sudah coba berulang2 tiba2 not found. Sistem yang sangat menyusahkan sekali.
18412501873120336,2026-03-07T03:40:59+00:00,0,https://www.instagram.com/p/DUFPyntkuvi/,https://www.instagram.com/p/DUFPyntkuvi/?comment_id=18412501873120336,scraping_instagram,prabawawawin,Orang kaya dapat insentif pajak kita wajib bayar pajak tepat waktu
18084193874195824,2026-03-07T03:34:35+00:00,0,https://www.instagram.com/p/DUFPyntkuvi/,https://www.instagram.com/p/DUFPyntkuvi/?comment_id=18084193874195824,scraping_instagram,ilhamfakhri27,
18108634852699490,2026-03-07T03:32:35+00:00,0,https://www.instagram.com/p/DUFPyntkuvi/,https://www.instagram.com/p/DUFPyntkuvi/?comment_id=18108634852699490,scraping_instagram,romadhon90s,@ditjenpajakri anda yg motong uang kami kok malah kami yg di suruh lapor anda waras?
17914766385326799,2026-03-07T02:09:31+00:00,0,https://www.instagram.com/p/DUFPyntkuvi/,https://www.instagram.com/p/DUFPyntkuvi/?comment_id=17914766385326799,scraping_instagram,dfirman80,"Pungutan pajak pada THR, terus terang saya tidak ikhlas dan tidak ridho.. Semoga yang membuat undang undang ini disahkan mendapatkan azab."
17911074777164619,2026-03-07T01:47:37+00:00,0,https://www.instagram.com/p/DUFPyntkuvi/,https://www.instagram.com/p/DUFPyntkuvi/?comment_id=17911074777164619,scraping_instagram,riantoby_azizah,Dasar preman berseragam
18100107784820866,2026-03-07T01:47:25+00:00,0,https://www.instagram.com/p/DUFPyntkuvi/,https://www.instagram.com/p/DUFPyntkuvi/?comment_id=18100107784820866,scraping_instagram,riantoby_azizah,THR kena pajak... Gila kalian. Sialan...
18080360984340865,2026-03-07T00:32:26+00:00,0,https://www.instagram.com/p/DUFPyntkuvi/,https://www.instagram.com/p/DUFPyntkuvi/?comment_id=18080360984340865,scraping_instagram,ichal.al.faridzi,Kita yang bayar kita yang suruh lapor... Terus kerja lu apa KOCAK
18082730882200759,2026-03-06T23:48:12+00:00,0,https://www.instagram.com/p/DUFPyntkuvi/,https://www.instagram.com/p/DUFPyntkuvi/?comment_id=18082730882200759,scraping_instagram,regawidjaja,"Telpon CALL CENTER AJA BERBAYAR? GINI AMAT NEGARA CARI UANG, PADAHAL UDAH BAYAR PAJAK, DISURUH LAPOR PAJAK TP SISTEMNYA RIBET EH CALL CENTER AJA RIBET DAHLAH😂😂😂😂"
18133710916516812,2026-03-06T23:46:05+00:00,0,https://www.instagram.com/p/DUFPyntkuvi/,https://www.instagram.com/p/DUFPyntkuvi/?comment_id=18133710916516812,scraping_instagram,regawidjaja,"SEKELAS DIRJEN PAJAK MASAK UNTUK CALL CENTER NO WA GA ADA, MASAK KALAH AMA SWASTA?🫢🫢🫢🫢🫢"
18165458701410901,2026-03-06T22:58:56+00:00,0,https://www.instagram.com/p/DUFPyntkuvi/,https://www.instagram.com/p/DUFPyntkuvi/?comment_id=18165458701410901,scraping_instagram,yadihendri91,SToP bayar pajak
18039394142751857,2026-03-06T22:06:17+00:00,0,https://www.instagram.com/p/DUFPyntkuvi/,https://www.instagram.com/p/DUFPyntkuvi/?comment_id=18039394142751857,scraping_instagram,vhs_224,Sialan kalian semua
18352473898224909,2026-03-06T21:58:53+00:00,0,https://www.instagram.com/p/DUFPyntkuvi/,https://www.instagram.com/p/DUFPyntkuvi/?comment_id=18352473898224909,scraping_instagram,bisaaja52,"Demi Allah Rasulullah gua ga ikhlas THR gua di potong pajak,gua tagih nanti di akhirat....demi Allah,giliran ASN lu gratiskan KONTOL EMNG LU"
18397708402199431,2026-03-06T16:21:29+00:00,0,https://www.instagram.com/p/DUFPyntkuvi/,https://www.instagram.com/p/DUFPyntkuvi/?comment_id=18397708402199431,scraping_instagram,96.badra,"Yg motong kalian, kok rakyat yang lapor 🤣"
18096740212941198,2026-03-06T15:53:06+00:00,0,https://www.instagram.com/p/DUFPyntkuvi/,https://www.instagram.com/p/DUFPyntkuvi/?comment_id=18096740212941198,scraping_instagram,rizkiiseptiansyah,Tolong Pajak di Platform Marketplace di kecilin dong pak buk… bikin lemas liat nominal pajak nyaaa ya Allaah…
18015757328824473,2026-03-06T15:42:11+00:00,0,https://www.instagram.com/p/DUFPyntkuvi/,https://www.instagram.com/p/DUFPyntkuvi/?comment_id=18015757328824473,scraping_instagram,deexx_27,Semoga kalian yg kerja di perpajakan mati nya ga di terima bumi
18108351679744492,2026-03-06T14:57:03+00:00,0,https://www.instagram.com/p/DUFPyntkuvi/,https://www.instagram.com/p/DUFPyntkuvi/?comment_id=18108351679744492,scraping_instagram,michaelvalent77,"Pak tolong Pak.. Di sektor pajak ketenagakerjaan bagi karyawan menurut saya juga enggak adil atau tidak fair Pak. Misal dalam 1 tahun seorang karyawan berpindah kerja pada 2 hingga 3 perusahaan di data pajak pph 21 akan terlaporkan bekerja lebih dari 1 perusahaan.
Sehingga menyebabkan selisih bayar pajak tahunan Pak. Hal ini terjadi jika kasusnya karyawan tersebut kena cut / phk sepihak dari perusahaan ybs. Kasihan rakyat kecil Pak jika susah mencari pekerjaan di jaman sekarang tetapi justru kena banyak pajak ketenagakerjaan. 🙏🏻"
18003191723857117,2026-03-06T14:49:39+00:00,0,https://www.instagram.com/p/DUFPyntkuvi/,https://www.instagram.com/p/DUFPyntkuvi/?comment_id=18003191723857117,scraping_instagram,al_hum12,"Maksud nya apaan sih , THR orang main potong aja, gue yg capek kerja , gue yg bangun pagi sampe malem eh lu yg nikmatin hasil gue , gk cukup apa sama pajak yg lain , segala THR di potong pajak ! Se miskin itu kan negara ini sampe THR yg secuil aja masi lu rampok !"
17972278889850719,2026-03-06T14:45:17+00:00,0,https://www.instagram.com/p/DUFPyntkuvi/,https://www.instagram.com/p/DUFPyntkuvi/?comment_id=17972278889850719,scraping_instagram,akhwafi,"Najissss banget.. gua yg kerja,, lu yang motong, dan gua yg laporrr. Mana THR mau dipotong juga.. 🤬😡"
17958256967915227,2026-03-06T14:04:02+00:00,0,https://www.instagram.com/p/DUFPyntkuvi/,https://www.instagram.com/p/DUFPyntkuvi/?comment_id=17958256967915227,scraping_instagram,n_hapidi,"gw yang bayar, gw yang harus laporan.."
18095100004957561,2026-03-06T13:00:58+00:00,0,https://www.instagram.com/p/DUFPyntkuvi/,https://www.instagram.com/p/DUFPyntkuvi/?comment_id=18095100004957561,scraping_instagram,echajullie,"Gimana mau lapor SPT kalau eBupot'nya gak nongol², udah direfresh jga hasilnya sama aja.. Mau tanya siapa kalau begini? Hadeeeeh, pak tolonglah @purbayayudhi.official jangan makin bikin susah rakyat"
17890533957430229,2026-03-06T12:59:25+00:00,0,https://www.instagram.com/p/DUFPyntkuvi/,https://www.instagram.com/p/DUFPyntkuvi/?comment_id=17890533957430229,scraping_instagram,bipedii,kerren kali slogan klen “tax should be fun” 😂😂
18083537198211284,2026-03-06T12:51:33+00:00,0,https://www.instagram.com/p/DUFPyntkuvi/,https://www.instagram.com/p/DUFPyntkuvi/?comment_id=18083537198211284,scraping_instagram,mikitantowii,"Pajakkkkkk bangsatt, demi tuhan ga ikhlas dah..😂"
17918167545278107,2026-03-06T11:32:46+00:00,0,https://www.instagram.com/p/DUFPyntkuvi/,https://www.instagram.com/p/DUFPyntkuvi/?comment_id=17918167545278107,scraping_instagram,doninktse,Luh enak narikin duit gua sebagai pegawai swasta dengan alasan pajak. Luh sendiri gak kena pajak. Luh punya otak kagak?? Luh Saha digaji dari duit gua. Mikirr luh
18569086489061228,2026-03-06T11:02:29+00:00,0,https://www.instagram.com/p/DUFPyntkuvi/,https://www.instagram.com/p/DUFPyntkuvi/?comment_id=18569086489061228,scraping_instagram,straycat2126,"Demi Allah saya bersaksi, kalian para penarik pajak akan diberikan seburuk-buruknya tempat yang Allah kehendaki. ☝️ ga ridho pajak THR sangat besar potongannya."
17999641400913328,2026-03-06T10:55:15+00:00,0,https://www.instagram.com/p/DUFPyntkuvi/,https://www.instagram.com/p/DUFPyntkuvi/?comment_id=17999641400913328,scraping_instagram,reyhandazrafi,"Enak bgt lu anjg motong pajak pekerja swasta bngsat lu pada, sedangkan cari kerja susah, dan kerja nyari sendiri pas udah kerja lo minta jattah"
18144755056473719,2026-03-06T10:49:19+00:00,0,https://www.instagram.com/p/DUFPyntkuvi/,https://www.instagram.com/p/DUFPyntkuvi/?comment_id=18144755056473719,scraping_instagram,veroozky,STOP BAYAR PAJAK AJA. Sampe thr aja di potong pajak!
18331628599168168,2026-03-06T10:38:40+00:00,0,https://www.instagram.com/p/DUFPyntkuvi/,https://www.instagram.com/p/DUFPyntkuvi/?comment_id=18331628599168168,scraping_instagram,faizallyusuf,Saya haramkan duit pajak saya untuk pemerintah. Saya tidak ridho
18075714350571488,2026-03-06T10:30:45+00:00,0,https://www.instagram.com/p/DUFPyntkuvi/,https://www.instagram.com/p/DUFPyntkuvi/?comment_id=18075714350571488,scraping_instagram,wallllllllllll____,Bernapas di indonesia bakal kena pajak jg ntar nih
18086035849952381,2026-03-06T09:58:33+00:00,0,https://www.instagram.com/p/DUFPyntkuvi/,https://www.instagram.com/p/DUFPyntkuvi/?comment_id=18086035849952381,scraping_instagram,ndrasyptrode,Tau aja ne @ditjenpajakri mau nrima THR 💸. @purbayayudhi.official
18347178004239471,2026-03-06T09:47:48+00:00,0,https://www.instagram.com/p/DUFPyntkuvi/,https://www.instagram.com/p/DUFPyntkuvi/?comment_id=18347178004239471,scraping_instagram,jay.araash,"Kita yang cari duit, kita yang bayar pajak, kita juga yg disuruh lapor pajak. Kerjaan lu ngapain woyy !!! Gak masuk akal asli 🔥🔥🔥"
18103774528872626,2026-03-06T09:07:44+00:00,0,https://www.instagram.com/p/DUFPyntkuvi/,https://www.instagram.com/p/DUFPyntkuvi/?comment_id=18103774528872626,scraping_instagram,achalputraa,"kami yg ngasih duit, kalian yg pakai untuk foya foya, tapi yg suruh laporan kami juga.. taik"
18571857664055999,2026-03-06T08:48:32+00:00,0,https://www.instagram.com/p/DUFPyntkuvi/,https://www.instagram.com/p/DUFPyntkuvi/?comment_id=18571857664055999,scraping_instagram,bagusrahmadhian,Guys ada yg tau cara bikin spt pembetulan? Udh nyari2 menu nya gaada
18056597225449946,2026-03-06T08:32:03+00:00,0,https://www.instagram.com/p/DUFPyntkuvi/,https://www.instagram.com/p/DUFPyntkuvi/?comment_id=18056597225449946,scraping_instagram,andinfj,"GAJI GUE YANG DI POTONG, GUE YG HARUS LAPOR, SISTEM KALIAN YG GAK BENER ERROR TERUS! MAKAN TUH DUIT"
18118063678544244,2026-03-06T08:21:51+00:00,0,https://www.instagram.com/p/DUFPyntkuvi/,https://www.instagram.com/p/DUFPyntkuvi/?comment_id=18118063678544244,scraping_instagram,rnapanji,Pojok pakak ada dimana aja min bulan ini ?
17883020415367974,2026-03-06T08:09:42+00:00,0,https://www.instagram.com/p/DUFPyntkuvi/,https://www.instagram.com/p/DUFPyntkuvi/?comment_id=17883020415367974,scraping_instagram,rskianormdm,HAMA SEMUA DI PAJAKIN
18084144731264605,2026-03-06T08:08:31+00:00,0,https://www.instagram.com/p/DUFPyntkuvi/,https://www.instagram.com/p/DUFPyntkuvi/?comment_id=18084144731264605,scraping_instagram,alan_munawar,Koplok
17988287954948372,2026-03-06T05:56:03+00:00,0,https://www.instagram.com/p/DUFPyntkuvi/,https://www.instagram.com/p/DUFPyntkuvi/?comment_id=17988287954948372,scraping_instagram,irma_sindii,"Suruh bikin SPT tapi dipersulit, giliran ga lapor kena denda. Maunya apa sih puasa"" juga nguji kesabaran orang mulu perasaan"
18104322196859682,2026-03-06T05:49:58+00:00,0,https://www.instagram.com/p/DUFPyntkuvi/,https://www.instagram.com/p/DUFPyntkuvi/?comment_id=18104322196859682,scraping_instagram,andriiuliano,Terus kapan anda lapor ke rakyat... Kemna aja pajak dari kami..... THR uang bonus tahunan pun di palak
17851159530650294,2026-03-06T05:17:11+00:00,0,https://www.instagram.com/p/DUFPyntkuvi/,https://www.instagram.com/p/DUFPyntkuvi/?comment_id=17851159530650294,scraping_instagram,mega8708,"DEMI ALLAH GAK IKHLAS ,apa2 dipot gaji byk pot ini dipot .. MAKAN TUH UANG HAR AM"
18095247610817860,2026-03-06T05:11:43+00:00,0,https://www.instagram.com/p/DUFPyntkuvi/,https://www.instagram.com/p/DUFPyntkuvi/?comment_id=18095247610817860,scraping_instagram,soeka.jeruk,"3 tahun terakhir lapor SPT via e-Filing lancar-lancar aja, baru sekarang ribet.."
18391827313145907,2026-03-06T04:37:41+00:00,0,https://www.instagram.com/p/DUFPyntkuvi/,https://www.instagram.com/p/DUFPyntkuvi/?comment_id=18391827313145907,scraping_instagram,sugarzolaaa,"1 Kata ""RIBET"""
18073668926408380,2026-03-06T04:35:36+00:00,0,https://www.instagram.com/p/DUFPyntkuvi/,https://www.instagram.com/p/DUFPyntkuvi/?comment_id=18073668926408380,scraping_instagram,annasubadi,"Mau lapor pajak, datang ke kantor pajaknya langsung biar mudah...eh malah nunggu lama katanya sistemnya lagi error. Trus saya tanya kalau error sampai akhir Maret trus blm lapor, nanti saya kena pinalti? Malah jawabannya ""berfikir itu jangan negatif dulu Bu, hari ini error belum tentu besok error juga"" What???? Jawaban konyol !! Emosi gua 😡"
18117933274622786,2026-03-06T04:15:05+00:00,0,https://www.instagram.com/p/DUFPyntkuvi/,https://www.instagram.com/p/DUFPyntkuvi/?comment_id=18117933274622786,scraping_instagram,im_akimkim,"Kita yg bayar kita jg yg disuruh lapor, mana lapornya RIBEET ! lu dihujat satu infonesia noh"
17976806670004874,2026-03-06T04:13:33+00:00,0,https://www.instagram.com/p/DUFPyntkuvi/,https://www.instagram.com/p/DUFPyntkuvi/?comment_id=17976806670004874,scraping_instagram,angeliquefeatures,nomer kringnya ga aktif gimana cara nanyanya kalo kesulitan??
17873604474438606,2026-03-06T02:46:27+00:00,0,https://www.instagram.com/p/DUFPyntkuvi/,https://www.instagram.com/p/DUFPyntkuvi/?comment_id=17873604474438606,scraping_instagram,jkgloomy_,"Ribet lu, lu yg motong kita juga lagi yang harus lapor. Si paling ribet"
18572566300029131,2026-03-06T02:41:40+00:00,0,https://www.instagram.com/p/DUFPyntkuvi/,https://www.instagram.com/p/DUFPyntkuvi/?comment_id=18572566300029131,scraping_instagram,ardhia_astuti,"Tiap klik ""Posting SPT"" Gak bisa.. Balik lagi balik lagiii... 
Puasa2 bikin darting"
17939871942164977,2026-03-06T01:25:04+00:00,0,https://www.instagram.com/p/DUFPyntkuvi/,https://www.instagram.com/p/DUFPyntkuvi/?comment_id=17939871942164977,scraping_instagram,rrraihan.a,"thr dapet setahun sekali kerja sampe mati” an, ehh dengan enaknya main potong” pajak gitu aja 🔥"
17988630299780905,2026-03-06T01:20:51+00:00,0,https://www.instagram.com/p/DUFPyntkuvi/,https://www.instagram.com/p/DUFPyntkuvi/?comment_id=17988630299780905,scraping_instagram,dedeprog,"THR cman 1 tahun sekali dan buat Keluarga saja kalian Punglii Pangkas besar, Dzolim bgt Pemerintah Rezim Ini"
18569004913011373,2026-03-06T00:39:45+00:00,0,https://www.instagram.com/p/DUFPyntkuvi/,https://www.instagram.com/p/DUFPyntkuvi/?comment_id=18569004913011373,scraping_instagram,jhuxi_n,Dirjen ajak kau sahkan peraturan kek mama kau ngelonte buat lahirin kau
18084870254189017,2026-03-06T00:29:56+00:00,0,https://www.instagram.com/p/DUFPyntkuvi/,https://www.instagram.com/p/DUFPyntkuvi/?comment_id=18084870254189017,scraping_instagram,worldsxox,"Minimal mah kalo apa apa di pajakin bikin web yang jelas, jgn sampah banget dikit dikit down server, mau ngurus ini itu aja ribet"
18130416799544077,2026-03-05T23:29:54+00:00,0,https://www.instagram.com/p/DUFPyntkuvi/,https://www.instagram.com/p/DUFPyntkuvi/?comment_id=18130416799544077,scraping_instagram,adiyadendi99,Gaji bonus THR semua di potong semoga kalian jadi teman firaun di neraka jahanam dan kekal di dalamnya para pemungut pajak laknatullah
18129551926548788,2026-03-05T23:27:26+00:00,0,https://www.instagram.com/p/DUFPyntkuvi/,https://www.instagram.com/p/DUFPyntkuvi/?comment_id=18129551926548788,scraping_instagram,34_mlysputra,
18100241642494956,2026-03-05T22:50:07+00:00,0,https://www.instagram.com/p/DUFPyntkuvi/,https://www.instagram.com/p/DUFPyntkuvi/?comment_id=18100241642494956,scraping_instagram,cherry.lou0,HARAM KALIAN MAKAN DUIT PAJAK. GA IKHLAS GA RIDHO DUIT PAJAK DIPOTONG SEENAKNYA. GW TAGIH DI AKHIRAT
18008106626693211,2026-03-05T22:44:31+00:00,0,https://www.instagram.com/p/DUFPyntkuvi/,https://www.instagram.com/p/DUFPyntkuvi/?comment_id=18008106626693211,scraping_instagram,just_keenn,Taek
18075818900572798,2026-03-05T20:36:06+00:00,0,https://www.instagram.com/p/DUFPyntkuvi/,https://www.instagram.com/p/DUFPyntkuvi/?comment_id=18075818900572798,scraping_instagram,arinda.husni,Coretax gak guna
17863611219600135,2026-03-05T20:35:31+00:00,1,https://www.instagram.com/p/DUFPyntkuvi/,https://www.instagram.com/p/DUFPyntkuvi/?comment_id=17863611219600135,scraping_instagram,haaannn_zzz,Anjing potongan THR gak ngotak. Mau duit kerja GBLK bukan malak. Gua tagih di akhirat Gak ikhlas gua🖕
18074376110436537,2026-03-05T20:19:38+00:00,0,https://www.instagram.com/p/DUFPyntkuvi/,https://www.instagram.com/p/DUFPyntkuvi/?comment_id=18074376110436537,scraping_instagram,maysyari,"Instansi paling ribet dan nyusahin kurasa. Udah dipotong tiap bulan duit kita, malah kita yg lapor sndri. Tugas kalian apa dong? Yapping doang? Ckckckck"
17989920818946722,2026-03-05T19:19:37+00:00,0,https://www.instagram.com/p/DUFPyntkuvi/,https://www.instagram.com/p/DUFPyntkuvi/?comment_id=17989920818946722,scraping_instagram,herneliapriani95,GILAAAA PAJAK MOBIL AJA BISA NAIK 400k BANGSATTTT KALIAN SEMUA. THR KARYAWAN SWASTA KALIAN POTONG JUGA???? TERUNTUK SEMUA ORANG YANG KERJA DIKANTOR PAJAK SEMOGA HIDUPNYA MERASA DIHANTUI DAN ADA SAJA KEKURANGAN BAGI MEREKA
18365169568162611,2026-03-05T19:10:23+00:00,0,https://www.instagram.com/p/DUFPyntkuvi/,https://www.instagram.com/p/DUFPyntkuvi/?comment_id=18365169568162611,scraping_instagram,wahyu73215,"Buat yang belum punya NPWP ga usah buat ,rugi seumur hidup."
18348671542226938,2026-03-05T18:50:42+00:00,0,https://www.instagram.com/p/DUFPyntkuvi/,https://www.instagram.com/p/DUFPyntkuvi/?comment_id=18348671542226938,scraping_instagram,gaszbagus,Lu yg harusnya lapor pajak rakyat di pake buat apa aja jelasin
18088966847173657,2026-03-05T17:51:39+00:00,0,https://www.instagram.com/p/DUFPyntkuvi/,https://www.instagram.com/p/DUFPyntkuvi/?comment_id=18088966847173657,scraping_instagram,macdsuu99,Kerjaan yg memakan uang haram🔥🔥🔥
18072279650181243,2026-03-05T17:51:14+00:00,0,https://www.instagram.com/p/DUFPyntkuvi/,https://www.instagram.com/p/DUFPyntkuvi/?comment_id=18072279650181243,scraping_instagram,maze.corp,Fungsi akun ini apa yaa??
17930584404203284,2026-03-05T17:50:11+00:00,0,https://www.instagram.com/p/DUFPyntkuvi/,https://www.instagram.com/p/DUFPyntkuvi/?comment_id=17930584404203284,scraping_instagram,is.maenk,coretax lu tai bajingan bangsat
18404447455176353,2026-03-05T15:58:00+00:00,0,https://www.instagram.com/p/DUFPyntkuvi/,https://www.instagram.com/p/DUFPyntkuvi/?comment_id=18404447455176353,scraping_instagram,motherofduck,Warga indonesia masuk surga lewat jalur pajak
17951989626090340,2026-03-05T15:38:03+00:00,0,https://www.instagram.com/p/DUFPyntkuvi/,https://www.instagram.com/p/DUFPyntkuvi/?comment_id=17951989626090340,scraping_instagram,serpong224indah,perampok rakyat🙌🏻
18083340842212311,2026-03-05T15:07:18+00:00,0,https://www.instagram.com/p/DUFPyntkuvi/,https://www.instagram.com/p/DUFPyntkuvi/?comment_id=18083340842212311,scraping_instagram,ilham_birmingham,THR peg swasta potong pajak anjay😂gk ridho makan tu uang haram enak ya org2 pajak kerjanya grogotin duit kita cuih
17924732973252426,2026-03-05T14:55:46+00:00,0,https://www.instagram.com/p/DUFPyntkuvi/,https://www.instagram.com/p/DUFPyntkuvi/?comment_id=17924732973252426,scraping_instagram,dullohjackson,Kenapa ga kalian aja yang buat laporan? Ini malah yang bayar suruh laporan. Aneh
17948193174104665,2026-03-05T14:55:24+00:00,0,https://www.instagram.com/p/DUFPyntkuvi/,https://www.instagram.com/p/DUFPyntkuvi/?comment_id=17948193174104665,scraping_instagram,dullohjackson,"Gamau, buat apa? Aku udah setor pendapatanku ngapain harus lapor?"
18090612977036923,2026-03-05T14:51:42+00:00,0,https://www.instagram.com/p/DUFPyntkuvi/,https://www.instagram.com/p/DUFPyntkuvi/?comment_id=18090612977036923,scraping_instagram,xoxochat3au,Nangkep uang rakyat paling terdepan ngaco
17855052612625051,2026-03-05T14:51:22+00:00,0,https://www.instagram.com/p/DUFPyntkuvi/,https://www.instagram.com/p/DUFPyntkuvi/?comment_id=17855052612625051,scraping_instagram,xoxochat3au,"Mikir sih, ga bisa mikir sih"
18203637499329403,2026-03-05T14:51:08+00:00,0,https://www.instagram.com/p/DUFPyntkuvi/,https://www.instagram.com/p/DUFPyntkuvi/?comment_id=18203637499329403,scraping_instagram,xoxochat3au,Semua dipajakin ampe thr kayak nyari kerja dibantu aje
18072982964178478,2026-03-05T14:40:14+00:00,0,https://www.instagram.com/p/DUFPyntkuvi/,https://www.instagram.com/p/DUFPyntkuvi/?comment_id=18072982964178478,scraping_instagram,rizkipratama2727,"Bisa tidak kalian kan udah di gaji, udah potong duit kita lagi, masa iya kami ini repot"" juga harus lapor pajak, terus kalian hanya terima gaji, TPP, bonus dinas, plus makan tidur???"
18097377601944979,2026-03-05T14:27:07+00:00,0,https://www.instagram.com/p/DUFPyntkuvi/,https://www.instagram.com/p/DUFPyntkuvi/?comment_id=18097377601944979,scraping_instagram,ryanozhan46,"Semoga elo elo elo elo elo elo yg makan duit gua, jd haramm jaddah🙌"
18098231162490763,2026-03-05T13:52:44+00:00,0,https://www.instagram.com/p/DUFPyntkuvi/,https://www.instagram.com/p/DUFPyntkuvi/?comment_id=18098231162490763,scraping_instagram,herusetya08,Mereka yg mungut rakyat yg dibuat repot
18056616977451595,2026-03-05T13:44:13+00:00,0,https://www.instagram.com/p/DUFPyntkuvi/,https://www.instagram.com/p/DUFPyntkuvi/?comment_id=18056616977451595,scraping_instagram,herbayurama,"Coretax sering kendala,  berhari hari cuman mau pengajuan otorisasi passphrase aja ga bisa2 gimana ya solusinya,  tolong diperbaiki segera"
18325901905221697,2026-03-05T13:37:56+00:00,0,https://www.instagram.com/p/DUFPyntkuvi/,https://www.instagram.com/p/DUFPyntkuvi/?comment_id=18325901905221697,scraping_instagram,faris_firmansyha,Semua saja kau kenakan pajak. Orang ngewe juga lu kasih pajak.
18103586932887519,2026-03-05T13:24:50+00:00,0,https://www.instagram.com/p/DUFPyntkuvi/,https://www.instagram.com/p/DUFPyntkuvi/?comment_id=18103586932887519,scraping_instagram,mas_hasan11,HARUSNYA ANDA YANG LAPOR KE KAMI. UANG KAMI TIAP BULAN DI BUAT APA SAJA ????
18069704201241171,2026-03-05T13:21:45+00:00,0,https://www.instagram.com/p/DUFPyntkuvi/,https://www.instagram.com/p/DUFPyntkuvi/?comment_id=18069704201241171,scraping_instagram,liulinnuha__,SUSAH AMAT HIDUP DIINDONESIA. PEMERINTAHANNYA SELALU MEMBUAT KEBIJAKAN PROBLEMATIK YG MEMERAS RAKYAT!!
17898353994404100,2026-03-05T13:05:17+00:00,0,https://www.instagram.com/p/DUFPyntkuvi/,https://www.instagram.com/p/DUFPyntkuvi/?comment_id=17898353994404100,scraping_instagram,fhmrmd_,"TIAP MOMEN NEGESIN RAKYAT BAYAR PAJAK + GAJI KENA PAJAK, PADAHAL SITU SENDIRI AJA GA MIKIRIN EKONOMI RAKYAT"
18068255729266831,2026-03-05T11:48:21+00:00,0,https://www.instagram.com/p/DUFPyntkuvi/,https://www.instagram.com/p/DUFPyntkuvi/?comment_id=18068255729266831,scraping_instagram,akbar_dalton,Jgn mao byr pajak
17850005604646455,2026-03-05T10:52:02+00:00,0,https://www.instagram.com/p/DUFPyntkuvi/,https://www.instagram.com/p/DUFPyntkuvi/?comment_id=17850005604646455,scraping_instagram,lana_molan,Jgn ada yang mau
17954524974089893,2026-03-05T10:47:39+00:00,0,https://www.instagram.com/p/DUFPyntkuvi/,https://www.instagram.com/p/DUFPyntkuvi/?comment_id=17954524974089893,scraping_instagram,_andikaprtama,Link rusak lu kirim pea
18153478492445312,2026-03-05T09:39:47+00:00,0,https://www.instagram.com/p/DUFPyntkuvi/,https://www.instagram.com/p/DUFPyntkuvi/?comment_id=18153478492445312,scraping_instagram,ajoori_1195,anjing.. profil aja kaga update sama ktp yg alamatnya udh ganti.. e ktp pantat.. coretax pantat.. yang ke data masih alamat lama anjing.. mau ngubah manual aja masih dipersulit.. apa fungsi tombol 'validasi data terbaru ke dukcapil' kalo eror terus pas di klik.. sistem kontol.. buang2 duit negara aja babi.. yang dipajakin gw.. yang ribet juga gw.. kerja lu ngapain anjing.. tolollll mati lu semua ke nerala
18060268346682557,2026-03-05T09:32:47+00:00,0,https://www.instagram.com/p/DUFPyntkuvi/,https://www.instagram.com/p/DUFPyntkuvi/?comment_id=18060268346682557,scraping_instagram,ajoori_1195,"Ya, menanggung orang tua kandung yang tidak berpenghasilan dan hidup sepenuhnya dari tanggungan Anda memungkinkan status PTKP menjadi TK/1 (Tidak Kawin dengan 1 tanggungan) jika Anda belum menikah, atau K/1 jika sudah menikah. Orang tua termasuk keluarga sedarah lurus yang diakui sebagai tanggungan sah dalam pajak. 
pajakku.com
pajakku.com
anjing lu .. selama gw kerja .. status pajak gw dianggep  tk/0.. begini ada kompensasi gak jing !?"
18103242025880708,2026-03-05T09:22:16+00:00,0,https://www.instagram.com/p/DUFPyntkuvi/,https://www.instagram.com/p/DUFPyntkuvi/?comment_id=18103242025880708,scraping_instagram,heyydiii,"Giliran rakyat harus transparan tentang pendapatan 
Lah klean semua kaga transparan sama uang RAKYAT"
17871472863557587,2026-03-05T08:57:20+00:00,0,https://www.instagram.com/p/DUFPyntkuvi/,https://www.instagram.com/p/DUFPyntkuvi/?comment_id=17871472863557587,scraping_instagram,hry_895,Berak kena pajak gak ?
17899717158240814,2026-03-05T08:48:56+00:00,0,https://www.instagram.com/p/DUFPyntkuvi/,https://www.instagram.com/p/DUFPyntkuvi/?comment_id=17899717158240814,scraping_instagram,achmadzulkarnain89,Ruwet kaya tele
18327446356221220,2026-03-05T08:40:26+00:00,0,https://www.instagram.com/p/DUFPyntkuvi/,https://www.instagram.com/p/DUFPyntkuvi/?comment_id=18327446356221220,scraping_instagram,habeeiib_,"Tolong ini pak, mau lapor spt pun verifikasi no hp di coretax otpnya ga masuk” hadeh, memang niat baik selalu ada tantangan @purbayayudhi.official"
18074019089566569,2026-03-05T08:38:54+00:00,0,https://www.instagram.com/p/DUFPyntkuvi/,https://www.instagram.com/p/DUFPyntkuvi/?comment_id=18074019089566569,scraping_instagram,ajoori_1195,ngentot mau bayar kekurangan pajak yang cuma puluhan perak demi spt yg statusnya nihil aja ribet anjinggg.. gabisa qris lagi. mana pake gw bri mandiri bni..
18096387118800261,2026-03-05T08:15:50+00:00,0,https://www.instagram.com/p/DUFPyntkuvi/,https://www.instagram.com/p/DUFPyntkuvi/?comment_id=18096387118800261,scraping_instagram,keanuken_,"min, kok gua wajib disuruh isi piutang di L-1 pas pembuatan SPT? kalau gapunya hutang dalam bentuk pinjaman online atau langsung gimana?"
17988522320778481,2026-03-05T08:04:03+00:00,0,https://www.instagram.com/p/DUFPyntkuvi/,https://www.instagram.com/p/DUFPyntkuvi/?comment_id=17988522320778481,scraping_instagram,ajoori_1195,ribet anjing. kurang bayar 18 perak. udh gitu gabisa di qris in lagi. babi..
18381129460088830,2026-03-05T07:42:21+00:00,0,https://www.instagram.com/p/DUFPyntkuvi/,https://www.instagram.com/p/DUFPyntkuvi/?comment_id=18381129460088830,scraping_instagram,mhmmduam,Gua kerja ampe bol bol perih lu enak banget tinggal motong gaji gua ngentot
18097487849489215,2026-03-05T06:51:21+00:00,0,https://www.instagram.com/p/DUFPyntkuvi/,https://www.instagram.com/p/DUFPyntkuvi/?comment_id=18097487849489215,scraping_instagram,dimasrizkisyah,Link eror mulu et
18011104274835094,2026-03-05T06:39:44+00:00,0,https://www.instagram.com/p/DUFPyntkuvi/,https://www.instagram.com/p/DUFPyntkuvi/?comment_id=18011104274835094,scraping_instagram,dirjamohammad,THR di pajakin gebleg
17878919259501145,2026-03-05T06:11:51+00:00,0,https://www.instagram.com/p/DUFPyntkuvi/,https://www.instagram.com/p/DUFPyntkuvi/?comment_id=17878919259501145,scraping_instagram,dapoerna_ceuceu,"disuruh lapor tapi log in gagal terossss, mana pengisian ribet. Heran, bukannya mempermudah malah mempersulit"
18121743403586457,2026-03-05T05:43:39+00:00,0,https://www.instagram.com/p/DUFPyntkuvi/,https://www.instagram.com/p/DUFPyntkuvi/?comment_id=18121743403586457,scraping_instagram,revolusiona,"Minta kode verifikasi pakai nomor hp gak dikasih, gimana mau lapor"
17999610977729058,2026-03-05T05:40:02+00:00,10,https://www.instagram.com/p/DUFPyntkuvi/,https://www.instagram.com/p/DUFPyntkuvi/?comment_id=17999610977729058,scraping_instagram,bukhorix,"Ogah banget gw bayar pajak, mending buat disumbangin ke anak yatim"
17989254158942096,2026-03-05T05:30:05+00:00,0,https://www.instagram.com/p/DUFPyntkuvi/,https://www.instagram.com/p/DUFPyntkuvi/?comment_id=17989254158942096,scraping_instagram,stevin.sen,min tolong ini otp nomor hp coretax gamasuk”😢
17933690190036180,2026-03-05T05:21:06+00:00,0,https://www.instagram.com/p/DUFPyntkuvi/,https://www.instagram.com/p/DUFPyntkuvi/?comment_id=17933690190036180,scraping_instagram,juliuz.caesar,"Mau aktivasi tp katanya sudah terdaftar, tinggal klik lupa password.pas ke lupa password masukin email sesuai yg di sensor tp bilang email tidak cocok.gmn ya"
17917896789289520,2026-03-05T04:29:45+00:00,0,https://www.instagram.com/p/DUFPyntkuvi/,https://www.instagram.com/p/DUFPyntkuvi/?comment_id=17917896789289520,scraping_instagram,r1oaggr_,Kontol
17872870566552957,2026-03-05T04:26:11+00:00,0,https://www.instagram.com/p/DUFPyntkuvi/,https://www.instagram.com/p/DUFPyntkuvi/?comment_id=17872870566552957,scraping_instagram,tridindaw,pas mau buat konsep SPT pilihan pajaknya kok gak ada ya?? :(
17856769221669492,2026-03-05T04:11:23+00:00,0,https://www.instagram.com/p/DUFPyntkuvi/,https://www.instagram.com/p/DUFPyntkuvi/?comment_id=17856769221669492,scraping_instagram,fauzyeah,DEMI ALLAH GA RIDHA LILLAHI TA'ALA... PERGI GELAP PULANG GELAP BUAT CARI DUIT DAN LU AMBIL SE ENAK NYA GITU AJA !!! DAMN
18113881819638952,2026-03-05T04:10:09+00:00,0,https://www.instagram.com/p/DUFPyntkuvi/,https://www.instagram.com/p/DUFPyntkuvi/?comment_id=18113881819638952,scraping_instagram,ahmad_fauzan_sitinjak,"Giliran nyari kerja ,gak ada perannya😂😂😂😂"
18081661037459919,2026-03-05T04:09:40+00:00,0,https://www.instagram.com/p/DUFPyntkuvi/,https://www.instagram.com/p/DUFPyntkuvi/?comment_id=18081661037459919,scraping_instagram,ahmad_fauzan_sitinjak,"Gak ikhlas dipajakin semoga kalian tanggung jawab dunia akhirat,"
18094146035054890,2026-03-05T04:09:00+00:00,0,https://www.instagram.com/p/DUFPyntkuvi/,https://www.instagram.com/p/DUFPyntkuvi/?comment_id=18094146035054890,scraping_instagram,ahmad_fauzan_sitinjak,Malas
18088709234126325,2026-03-05T03:43:57+00:00,0,https://www.instagram.com/p/DUFPyntkuvi/,https://www.instagram.com/p/DUFPyntkuvi/?comment_id=18088709234126325,scraping_instagram,yulski._,ada yg gak bisa untuk buka website coretex?
17944926464984498,2026-03-05T03:42:25+00:00,0,https://www.instagram.com/p/DUFPyntkuvi/,https://www.instagram.com/p/DUFPyntkuvi/?comment_id=17944926464984498,scraping_instagram,ppaulele,minnnn aku mau aktivasi coretax tapi nomor teleponnya gagal verifikasi terus.. solusinya gimana ya 🥲
18076331006116729,2026-03-05T03:19:06+00:00,0,https://www.instagram.com/p/DUFPyntkuvi/,https://www.instagram.com/p/DUFPyntkuvi/?comment_id=18076331006116729,scraping_instagram,pangaeaf,Jujur ribet banget
18347617228244424,2026-03-05T03:10:33+00:00,0,https://www.instagram.com/p/DUFPyntkuvi/,https://www.instagram.com/p/DUFPyntkuvi/?comment_id=18347617228244424,scraping_instagram,hannaulia10,kalian dong yang laporin pajaknya ke masyarakat buat apa aja selain buat di korupsi
18096631417787610,2026-03-05T02:59:54+00:00,0,https://www.instagram.com/p/DUFPyntkuvi/,https://www.instagram.com/p/DUFPyntkuvi/?comment_id=18096631417787610,scraping_instagram,edoyogo,ruwet pak ruwet 😂😂😂😂😂 kerjo wes angel akhir bulan dipotong eh malah ruwetttt ruwetttt
18104576872675515,2026-03-05T02:40:17+00:00,0,https://www.instagram.com/p/DUFPyntkuvi/,https://www.instagram.com/p/DUFPyntkuvi/?comment_id=18104576872675515,scraping_instagram,almeiji,Kontol ribet
18090911348025584,2026-03-05T02:20:49+00:00,0,https://www.instagram.com/p/DUFPyntkuvi/,https://www.instagram.com/p/DUFPyntkuvi/?comment_id=18090911348025584,scraping_instagram,ekocahyopurnomo,"Pak @purbayayudhi.official Layanan KringPajak 1500200 dari @ditjenpajakri kok offline terus ya, Pak?"
17944893923983982,2026-03-05T01:38:37+00:00,0,https://www.instagram.com/p/DUFPyntkuvi/,https://www.instagram.com/p/DUFPyntkuvi/?comment_id=17944893923983982,scraping_instagram,zuixuza,Stop bayar pajak. Biaya parkir aja dihitung dalam STNK ya kan pemerintah Indonesia itu bodoh
18565514605013777,2026-03-05T01:18:08+00:00,0,https://www.instagram.com/p/DUFPyntkuvi/,https://www.instagram.com/p/DUFPyntkuvi/?comment_id=18565514605013777,scraping_instagram,sarahariyanipasaribu,MAKIN HARI MAKIN RIBET..KAPAN SIH INDONESIA BENRAN BEBAS DARI LAPOR SPT??
18107990725814974,2026-03-05T00:50:28+00:00,0,https://www.instagram.com/p/DUFPyntkuvi/,https://www.instagram.com/p/DUFPyntkuvi/?comment_id=18107990725814974,scraping_instagram,anikaxxxxx,"Penghasilan dll udah dikenain pajak. Disuruh laporan pula, udah isi tapi tulisannya gagal, gak dikasih tau salahnya di mana dan hrs gmn. Gak asik coretax lu ribet! Yg motong pajak siapa yg bikin ribet siapa. Kalian hrsnya yg kasih laporan ke kami, di kemanain aja tuh hasil pajak."
18011550854833348,2026-03-04T23:31:45+00:00,0,https://www.instagram.com/p/DUFPyntkuvi/,https://www.instagram.com/p/DUFPyntkuvi/?comment_id=18011550854833348,scraping_instagram,syrbnnn_,"laporanmu ndi? rakyat seng bayar, rakyat seng kudu laporan. kontol"
17855340651588275,2026-03-04T22:01:06+00:00,0,https://www.instagram.com/p/DUFPyntkuvi/,https://www.instagram.com/p/DUFPyntkuvi/?comment_id=17855340651588275,scraping_instagram,deeyyy_dyks,"Buruh kena pph 21 ASN yang gak berbobot di tanggung negara, lawak lawak"
18112753186588336,2026-03-04T21:02:38+00:00,0,https://www.instagram.com/p/DUFPyntkuvi/,https://www.instagram.com/p/DUFPyntkuvi/?comment_id=18112753186588336,scraping_instagram,haykalbawazier,Taik gw Lu pajakin juga gk
17878433796488934,2026-03-04T21:02:14+00:00,0,https://www.instagram.com/p/DUFPyntkuvi/,https://www.instagram.com/p/DUFPyntkuvi/?comment_id=17878433796488934,scraping_instagram,haykalbawazier,smua - semua lu pajakiiinnn.... nyari kerja sndiri sekalinya dpet hasil Lu minta bagiaan
17856658917669476,2026-03-04T20:17:16+00:00,0,https://www.instagram.com/p/DUFPyntkuvi/,https://www.instagram.com/p/DUFPyntkuvi/?comment_id=17856658917669476,scraping_instagram,jojo_hidayt,"Gua sumpahin lu ya pada atasan yang kerja di sini masuk neraka jahanam semua gara"" memngut pajak dari THR karyawan, setan lu THR aja masih di pajakin goblok 😂"
18105914854804488,2026-03-04T19:26:35+00:00,0,https://www.instagram.com/p/DUFPyntkuvi/,https://www.instagram.com/p/DUFPyntkuvi/?comment_id=18105914854804488,scraping_instagram,alfahrizi_kapital,"Pegawai nya gak ada laporan pajak? Ku tengok gaji gak seberapa tapi harta kekayaan luar biasa, MENYALA neraka mu……."
18109905781686377,2026-03-04T18:48:39+00:00,0,https://www.instagram.com/p/DUFPyntkuvi/,https://www.instagram.com/p/DUFPyntkuvi/?comment_id=18109905781686377,scraping_instagram,bintang_di_surg4,Sampah
18199629808339258,2026-03-04T18:15:45+00:00,0,https://www.instagram.com/p/DUFPyntkuvi/,https://www.instagram.com/p/DUFPyntkuvi/?comment_id=18199629808339258,scraping_instagram,ikhsnydhaaa,"kontol asn gk kena pajak thr nya, memang anjing kalian"
18367252150162733,2026-03-04T16:21:01+00:00,0,https://www.instagram.com/p/DUFPyntkuvi/,https://www.instagram.com/p/DUFPyntkuvi/?comment_id=18367252150162733,scraping_instagram,akbar_rasyid_23,"DEMI ALLAH GK RIDHHO UANG THR KALIAN POTONG, SEMOGA YG MEMAKAN UANG YG GK RIDHO CEPET² DI HISAB"
18088132019119404,2026-03-04T16:15:06+00:00,0,https://www.instagram.com/p/DUFPyntkuvi/,https://www.instagram.com/p/DUFPyntkuvi/?comment_id=18088132019119404,scraping_instagram,fiqih.wingky,"Nganggur ga dicariin kerja,  giliran kerja di palakin pajak"
17913527235147807,2026-03-04T15:52:17+00:00,0,https://www.instagram.com/p/DUFPyntkuvi/,https://www.instagram.com/p/DUFPyntkuvi/?comment_id=17913527235147807,scraping_instagram,rizkidiputraa,isinya mafia semua
18115360261711486,2026-03-04T15:46:06+00:00,0,https://www.instagram.com/p/DUFPyntkuvi/,https://www.instagram.com/p/DUFPyntkuvi/?comment_id=18115360261711486,scraping_instagram,agussetianaaaa,duit thr di pajakin ???? Ngotak apa ngotak
17948336654964661,2026-03-04T15:34:32+00:00,0,https://www.instagram.com/p/DUFPyntkuvi/,https://www.instagram.com/p/DUFPyntkuvi/?comment_id=17948336654964661,scraping_instagram,rmdnmnda,THR pun dimaling pajak🤮
18185584870366099,2026-03-04T15:31:14+00:00,0,https://www.instagram.com/p/DUFPyntkuvi/,https://www.instagram.com/p/DUFPyntkuvi/?comment_id=18185584870366099,scraping_instagram,rini_mydi,ulalaaa
18122375827582968,2026-03-04T15:06:58+00:00,0,https://www.instagram.com/p/DUFPyntkuvi/,https://www.instagram.com/p/DUFPyntkuvi/?comment_id=18122375827582968,scraping_instagram,dendy_balungan,"Oooyyy, THR di potong pajak jg.. Gileee lu yaaa!!!!!!"
18084846194195541,2026-03-04T15:01:51+00:00,0,https://www.instagram.com/p/DUFPyntkuvi/,https://www.instagram.com/p/DUFPyntkuvi/?comment_id=18084846194195541,scraping_instagram,yoan_farma,"Kita yang bayar, kita juga yang harus di sulitkan dalam data. 😢"
17854684200672951,2026-03-04T14:23:42+00:00,0,https://www.instagram.com/p/DUFPyntkuvi/,https://www.instagram.com/p/DUFPyntkuvi/?comment_id=17854684200672951,scraping_instagram,deeyyy_dyks,
18340929175244250,2026-03-04T14:18:13+00:00,0,https://www.instagram.com/p/DUFPyntkuvi/,https://www.instagram.com/p/DUFPyntkuvi/?comment_id=18340929175244250,scraping_instagram,mr_saeful,"Pajak anjing lu, segala Thr di pajakin, bangsat lu pada"
17989246727776256,2026-03-04T14:04:54+00:00,0,https://www.instagram.com/p/DUFPyntkuvi/,https://www.instagram.com/p/DUFPyntkuvi/?comment_id=17989246727776256,scraping_instagram,rustamanwijaya_,Gua sumpahin lu yang motong pajak aing kuburannya sempit asu
18202171954327735,2026-03-04T12:41:55+00:00,0,https://www.instagram.com/p/DUFPyntkuvi/,https://www.instagram.com/p/DUFPyntkuvi/?comment_id=18202171954327735,scraping_instagram,juliosetiawanahmad,"THR potong pajak, kerjanya malakin rakyat Mulu anjeengg asuuuu, kerja mati²an tinggal potong, KLO GA BISA BANTU SEENGGAKNYA JANGAN NYUSAHIN"
18329936692221037,2026-03-04T12:27:54+00:00,0,https://www.instagram.com/p/DUFPyntkuvi/,https://www.instagram.com/p/DUFPyntkuvi/?comment_id=18329936692221037,scraping_instagram,rafyramadhani,Hak orang di pajakin terus MERAMPAS BERKEDOK PAJAK 😂😂
18075848651625478,2026-03-04T12:27:30+00:00,0,https://www.instagram.com/p/DUFPyntkuvi/,https://www.instagram.com/p/DUFPyntkuvi/?comment_id=18075848651625478,scraping_instagram,muhizal20,Mampus lu pada mau nagih diakherat terkait thr gaji yg kena pajak😮🔥
18021119861633933,2026-03-04T12:22:13+00:00,0,https://www.instagram.com/p/DUFPyntkuvi/,https://www.instagram.com/p/DUFPyntkuvi/?comment_id=18021119861633933,scraping_instagram,rudiadriian,"Yang kerja kita, yang capek dan pusing kita, yang bayar kita, yang lapor kita. Yuk bisa bebenah yuk"
17865566574595639,2026-03-04T12:14:56+00:00,0,https://www.instagram.com/p/DUFPyntkuvi/,https://www.instagram.com/p/DUFPyntkuvi/?comment_id=17865566574595639,scraping_instagram,wicaksono23sadawira,Ini lagi lembaga binatang rakus
18176053060380315,2026-03-04T12:00:24+00:00,0,https://www.instagram.com/p/DUFPyntkuvi/,https://www.instagram.com/p/DUFPyntkuvi/?comment_id=18176053060380315,scraping_instagram,nouzzha_kim,kerak neraka😂
18075214868133488,2026-03-04T11:54:29+00:00,0,https://www.instagram.com/p/DUFPyntkuvi/,https://www.instagram.com/p/DUFPyntkuvi/?comment_id=18075214868133488,scraping_instagram,ekafitriyati,Gini amat jadi WNI 😢
18061985216651905,2026-03-04T11:28:37+00:00,0,https://www.instagram.com/p/DUFPyntkuvi/,https://www.instagram.com/p/DUFPyntkuvi/?comment_id=18061985216651905,scraping_instagram,akbrmwlna_,"admin nya bocil, gada yg di tanggapi1 pun, di sosmed aja ga di tanggapi, kocakk kocak, kontol cicak"
18109682938685853,2026-03-04T11:22:12+00:00,0,https://www.instagram.com/p/DUFPyntkuvi/,https://www.instagram.com/p/DUFPyntkuvi/?comment_id=18109682938685853,scraping_instagram,frenk.inc,Laknatullahalaih @ditjenpajakri
17871522102557213,2026-03-04T11:14:35+00:00,0,https://www.instagram.com/p/DUFPyntkuvi/,https://www.instagram.com/p/DUFPyntkuvi/?comment_id=17871522102557213,scraping_instagram,alex.diraja,Kabeh weh di pajak in .. ai duit na teuing kamana 💸💸💸
18112575781678934,2026-03-04T11:14:29+00:00,0,https://www.instagram.com/p/DUFPyntkuvi/,https://www.instagram.com/p/DUFPyntkuvi/?comment_id=18112575781678934,scraping_instagram,rfyahps,Emang goblok kenapa kita yang harus buat laporan banyak ga ada otak udah dipotong ngurus laporan sendiri goblok nih negara
18090362029892381,2026-03-04T11:05:35+00:00,0,https://www.instagram.com/p/DUFPyntkuvi/,https://www.instagram.com/p/DUFPyntkuvi/?comment_id=18090362029892381,scraping_instagram,isalbajay,Emang babi kita yg bayar pajak.. Kita juga yg suruh lapor.. Kerjaan lu ngapaian anjing
18072152042634147,2026-03-04T11:02:48+00:00,0,https://www.instagram.com/p/DUFPyntkuvi/,https://www.instagram.com/p/DUFPyntkuvi/?comment_id=18072152042634147,scraping_instagram,fikrimulfimd_,Tol
18143841106481787,2026-03-04T10:54:56+00:00,0,https://www.instagram.com/p/DUFPyntkuvi/,https://www.instagram.com/p/DUFPyntkuvi/?comment_id=18143841106481787,scraping_instagram,rizki_faridah,"LU YG MAKAN DUIT, RAKYAT YG HARUS LAPOR 💩 tot"
18051529445703298,2026-03-04T10:48:14+00:00,0,https://www.instagram.com/p/DUFPyntkuvi/,https://www.instagram.com/p/DUFPyntkuvi/?comment_id=18051529445703298,scraping_instagram,nuugrahhaa,15% pajak thr ku di pangkas 😢
18083684618225966,2026-03-04T10:46:13+00:00,0,https://www.instagram.com/p/DUFPyntkuvi/,https://www.instagram.com/p/DUFPyntkuvi/?comment_id=18083684618225966,scraping_instagram,julyan_pr,MASA IYA THR JUGA KENA PAJAK SIHH ?
17969037126009168,2026-03-04T10:36:32+00:00,0,https://www.instagram.com/p/DUFPyntkuvi/,https://www.instagram.com/p/DUFPyntkuvi/?comment_id=17969037126009168,scraping_instagram,ydhstrs,motongin gaji rakyat kecil mulu bjs
17898762210401518,2026-03-04T10:20:17+00:00,0,https://www.instagram.com/p/DUFPyntkuvi/,https://www.instagram.com/p/DUFPyntkuvi/?comment_id=17898762210401518,scraping_instagram,aqsha18s,"Ga ikhlas w gaji w udh di potong trus suruh laporan, makan duit haram lu pada di dunia"
18068563949640275,2026-03-04T10:19:49+00:00,0,https://www.instagram.com/p/DUFPyntkuvi/,https://www.instagram.com/p/DUFPyntkuvi/?comment_id=18068563949640275,scraping_instagram,riansone,Rakyat dipalakin Mulu anjirr. Pajak juga balik lagi ke rakyatnya kagak sebanding!!!!
18112518001679281,2026-03-04T10:15:37+00:00,1,https://www.instagram.com/p/DUFPyntkuvi/,https://www.instagram.com/p/DUFPyntkuvi/?comment_id=18112518001679281,scraping_instagram,sandhyahsan,Lu yg ambil duit kita dan kitanya yang harus laporan. Pertanyaannya lu kerjanya apa bngst ?
18167463727408931,2026-03-04T10:04:40+00:00,0,https://www.instagram.com/p/DUFPyntkuvi/,https://www.instagram.com/p/DUFPyntkuvi/?comment_id=18167463727408931,scraping_instagram,drisidris,ga ikhlas gua sampe kapanpun sampe akhirat gua tagih kalian semua wahai pejabat ditjen pajak
18002518823855043,2026-03-04T09:57:54+00:00,0,https://www.instagram.com/p/DUFPyntkuvi/,https://www.instagram.com/p/DUFPyntkuvi/?comment_id=18002518823855043,scraping_instagram,bam.87,"Gue yg bayar gue yg lapor , kan sistem pembodohan !!! Harus nya gue yg bayar pajak elu @ditjenpajakri lapor pajak gue dipake buat apa saja !!!"
18082984166262183,2026-03-04T09:57:53+00:00,0,https://www.instagram.com/p/DUFPyntkuvi/,https://www.instagram.com/p/DUFPyntkuvi/?comment_id=18082984166262183,scraping_instagram,andiksan_suwedha,Masih pada yakin mau bayar pajak?
18096878104784226,2026-03-04T09:56:44+00:00,0,https://www.instagram.com/p/DUFPyntkuvi/,https://www.instagram.com/p/DUFPyntkuvi/?comment_id=18096878104784226,scraping_instagram,muhammadiqbalandreansah,Asuuuu
18105524396495118,2026-03-04T09:46:05+00:00,0,https://www.instagram.com/p/DUFPyntkuvi/,https://www.instagram.com/p/DUFPyntkuvi/?comment_id=18105524396495118,scraping_instagram,rafarafka86,"DEMI ALLAH SAYA NGGAK IKLHAS, KITA TAGIH NANTI DI AKHIRAT"
18398479297151069,2026-03-04T09:40:44+00:00,0,https://www.instagram.com/p/DUFPyntkuvi/,https://www.instagram.com/p/DUFPyntkuvi/?comment_id=18398479297151069,scraping_instagram,kevinmuh__,"gua yg kerja, lo seenaknya motongin pajek gua. ketemu diakhirat ya"
18114307729573904,2026-03-04T09:40:00+00:00,0,https://www.instagram.com/p/DUFPyntkuvi/,https://www.instagram.com/p/DUFPyntkuvi/?comment_id=18114307729573904,scraping_instagram,ariefichsann,Kontolkuontol
17917988943276645,2026-03-04T09:38:50+00:00,0,https://www.instagram.com/p/DUFPyntkuvi/,https://www.instagram.com/p/DUFPyntkuvi/?comment_id=17917988943276645,scraping_instagram,galih_.nanda,EROR MULUUU
18098370511940731,2026-03-04T09:31:58+00:00,0,https://www.instagram.com/p/DUFPyntkuvi/,https://www.instagram.com/p/DUFPyntkuvi/?comment_id=18098370511940731,scraping_instagram,fifid_lutfiana,Pantek emng 2 tahun ini thr kena potong mulu
17850012816645453,2026-03-04T09:29:27+00:00,0,https://www.instagram.com/p/DUFPyntkuvi/,https://www.instagram.com/p/DUFPyntkuvi/?comment_id=17850012816645453,scraping_instagram,marcelmichael,Ngentod
18122988313573574,2026-03-04T09:27:49+00:00,0,https://www.instagram.com/p/DUFPyntkuvi/,https://www.instagram.com/p/DUFPyntkuvi/?comment_id=18122988313573574,scraping_instagram,isninsyn,"Tolol udah bayar pajak tiap bulan, harus saya lagi yg lapor gila kalian, mana sistem kalian eror Mulu tak bisa saya ganti sandi gx jelas sumpah 🫵"
17887698246333526,2026-03-04T08:59:23+00:00,0,https://www.instagram.com/p/DUFPyntkuvi/,https://www.instagram.com/p/DUFPyntkuvi/?comment_id=17887698246333526,scraping_instagram,cahyaekpr_,Malas
18317636251267838,2026-03-04T08:56:43+00:00,0,https://www.instagram.com/p/DUFPyntkuvi/,https://www.instagram.com/p/DUFPyntkuvi/?comment_id=18317636251267838,scraping_instagram,__hana.kamila,Halo maling
18116546134722597,2026-03-04T08:56:21+00:00,0,https://www.instagram.com/p/DUFPyntkuvi/,https://www.instagram.com/p/DUFPyntkuvi/?comment_id=18116546134722597,scraping_instagram,desydesydesy.j,THR SETAHUN SEKALI AJA DIPUNGUT PAJAK🔥🔥MASIH KURANG APA GAJI TIAP BULAN DIPUNGUT JUGA???
18095750938804875,2026-03-04T08:55:18+00:00,0,https://www.instagram.com/p/DUFPyntkuvi/,https://www.instagram.com/p/DUFPyntkuvi/?comment_id=18095750938804875,scraping_instagram,diomifebryan,Smga klian2 ini jd ladang buat nmbh2in bekal akhrt kmi yg msih kurang2 tmbgan amalny...
18350133502239023,2026-03-04T08:54:31+00:00,0,https://www.instagram.com/p/DUFPyntkuvi/,https://www.instagram.com/p/DUFPyntkuvi/?comment_id=18350133502239023,scraping_instagram,efitfaizal,Jgn di buat rumit pelaporan itu.
18115007857724362,2026-03-04T08:53:35+00:00,0,https://www.instagram.com/p/DUFPyntkuvi/,https://www.instagram.com/p/DUFPyntkuvi/?comment_id=18115007857724362,scraping_instagram,wiiiiiidyaaaaaa,👏👏👏🔥🔥🔥🔥
18327674134247465,2026-03-04T08:43:32+00:00,0,https://www.instagram.com/p/DUFPyntkuvi/,https://www.instagram.com/p/DUFPyntkuvi/?comment_id=18327674134247465,scraping_instagram,artnandhi,Lembaga paling korup ya disini ini.
18098871797309978,2026-03-04T08:24:02+00:00,0,https://www.instagram.com/p/DUFPyntkuvi/,https://www.instagram.com/p/DUFPyntkuvi/?comment_id=18098871797309978,scraping_instagram,dwiyoi_,Divisi kontpllll
18125446201497768,2026-03-04T08:18:56+00:00,0,https://www.instagram.com/p/DUFPyntkuvi/,https://www.instagram.com/p/DUFPyntkuvi/?comment_id=18125446201497768,scraping_instagram,fajarmhmd_sidik,Kita yang bayar kita yang suruh lapor emang negara sakit wkwkwk
17917676055296424,2026-03-04T08:16:24+00:00,0,https://www.instagram.com/p/DUFPyntkuvi/,https://www.instagram.com/p/DUFPyntkuvi/?comment_id=17917676055296424,scraping_instagram,syalehrodady,Woy THR kalian pajakin juga gila bgt kalian ini inget dosa woy
17880598176471767,2026-03-04T08:15:45+00:00,0,https://www.instagram.com/p/DUFPyntkuvi/,https://www.instagram.com/p/DUFPyntkuvi/?comment_id=17880598176471767,scraping_instagram,jhorday3gp_hd,KEBANYAKAN MGMTOD LU
17933833401179564,2026-03-04T08:08:59+00:00,0,https://www.instagram.com/p/DUFPyntkuvi/,https://www.instagram.com/p/DUFPyntkuvi/?comment_id=17933833401179564,scraping_instagram,zerlinatammy,"Gak penting coment masyarakat, paling penting duitnya lancar pajakk terusss menyala"
18091134835869016,2026-03-04T08:03:34+00:00,0,https://www.instagram.com/p/DUFPyntkuvi/,https://www.instagram.com/p/DUFPyntkuvi/?comment_id=18091134835869016,scraping_instagram,didirohendy,"Pajak dipotong sebelum diterima, lu motong sendiri tanpa persetujuan giliran lapor harus  gw. Udah ngerampok masih aja bikin orang ribet"
18105639376879735,2026-03-04T08:01:05+00:00,0,https://www.instagram.com/p/DUFPyntkuvi/,https://www.instagram.com/p/DUFPyntkuvi/?comment_id=18105639376879735,scraping_instagram,iam_amrlh,Maling
18565460740025122,2026-03-04T07:59:08+00:00,0,https://www.instagram.com/p/DUFPyntkuvi/,https://www.instagram.com/p/DUFPyntkuvi/?comment_id=18565460740025122,scraping_instagram,ddepar._,APA2 DIPAJAKIN GAJI KECIL DIPERES BNGT MIRIS
18571943107061870,2026-03-04T07:57:29+00:00,0,https://www.instagram.com/p/DUFPyntkuvi/,https://www.instagram.com/p/DUFPyntkuvi/?comment_id=18571943107061870,scraping_instagram,untoldwisdom89,Ngapain lu motong motong THR orang? Gw yang kerja kok lu yang nikmatin????
18142688458427883,2026-03-04T07:54:43+00:00,0,https://www.instagram.com/p/DUFPyntkuvi/,https://www.instagram.com/p/DUFPyntkuvi/?comment_id=18142688458427883,scraping_instagram,rustamanwijaya_,Bayar juga jalanan di kaltim kaga ada yg bener
17927573007067608,2026-03-04T07:48:27+00:00,0,https://www.instagram.com/p/DUFPyntkuvi/,https://www.instagram.com/p/DUFPyntkuvi/?comment_id=17927573007067608,scraping_instagram,bobbyfadillah27,Instansi paling anti kritik 🔥
18045785603729506,2026-03-04T07:46:51+00:00,0,https://www.instagram.com/p/DUFPyntkuvi/,https://www.instagram.com/p/DUFPyntkuvi/?comment_id=18045785603729506,scraping_instagram,muhammad_rayyand,"Rakyat yang penghasilan nya minim di keruk terus pajak nya , harus nya pejabat pemerintah yang gaji nya serius kerja nya bercanda Dan belum lagi bonus dll. Zholim sekali anda. Di gaji Dari pajak rakyat , rakyat yang berjuang , anda semua yang pada kaya raya !!! Duit Haram / duit sumpahan akan menjadi penyakit di tubuh anda"
17945531313114894,2026-03-04T07:35:07+00:00,0,https://www.instagram.com/p/DUFPyntkuvi/,https://www.instagram.com/p/DUFPyntkuvi/?comment_id=17945531313114894,scraping_instagram,tiyas_tiyasa,THR yang cuma setahun sekali dipajakin juga! GILA!!
17945063615983534,2026-03-04T07:34:01+00:00,0,https://www.instagram.com/p/DUFPyntkuvi/,https://www.instagram.com/p/DUFPyntkuvi/?comment_id=17945063615983534,scraping_instagram,bang_ardhans,ORANG KONTOL KAYA KALIAN TERLAHIR DARI ORANG TUA TITIT
18083906486350016,2026-03-04T07:29:13+00:00,0,https://www.instagram.com/p/DUFPyntkuvi/,https://www.instagram.com/p/DUFPyntkuvi/?comment_id=18083906486350016,scraping_instagram,muholl9708,Busettt dahh THR stahun skali harus ajh di potong. Ampun gua mh... 🐖lu
17898808098392303,2026-03-04T07:28:51+00:00,0,https://www.instagram.com/p/DUFPyntkuvi/,https://www.instagram.com/p/DUFPyntkuvi/?comment_id=17898808098392303,scraping_instagram,mega_hendi,Lapor coretax untuk harta harus menulis data NPWP Bank yang bersangkutan. Cari di mana ya infonya
18090178478173384,2026-03-04T07:28:26+00:00,0,https://www.instagram.com/p/DUFPyntkuvi/,https://www.instagram.com/p/DUFPyntkuvi/?comment_id=18090178478173384,scraping_instagram,mhmmd.4fif_,Israel
18087467057208877,2026-03-04T07:26:39+00:00,0,https://www.instagram.com/p/DUFPyntkuvi/,https://www.instagram.com/p/DUFPyntkuvi/?comment_id=18087467057208877,scraping_instagram,dwscpuspita__,🤮🤮🤮🤮
18103087300899222,2026-03-04T07:25:56+00:00,0,https://www.instagram.com/p/DUFPyntkuvi/,https://www.instagram.com/p/DUFPyntkuvi/?comment_id=18103087300899222,scraping_instagram,rifqisyawalul,ADMIN BUNGKAM!!!! FEEDBACK APA YG KALIAN KASIH KE KAMI?!! SEMUANYA ZONK!!!!!!!!!!
17913743847326441,2026-03-04T07:20:18+00:00,54,https://www.instagram.com/p/DUFPyntkuvi/,https://www.instagram.com/p/DUFPyntkuvi/?comment_id=17913743847326441,scraping_instagram,dzufa.fadlin,Balikeun duit aing anjing
18091680386117763,2026-03-04T07:08:42+00:00,0,https://www.instagram.com/p/DUFPyntkuvi/,https://www.instagram.com/p/DUFPyntkuvi/?comment_id=18091680386117763,scraping_instagram,sbdrr_,"jangan apa apa dipajakin lah babi, thr aje lo pajakin, lo tagih tuh pajak ke dpr jangan cuma ke rakyat sialan"
18160706086420984,2026-03-04T06:55:23+00:00,0,https://www.instagram.com/p/DUFPyntkuvi/,https://www.instagram.com/p/DUFPyntkuvi/?comment_id=18160706086420984,scraping_instagram,agus19278,Pek tempek . Taek
17942250879144692,2026-03-04T06:50:53+00:00,0,https://www.instagram.com/p/DUFPyntkuvi/,https://www.instagram.com/p/DUFPyntkuvi/?comment_id=17942250879144692,scraping_instagram,frhngstyn,YANG ADA LU LAPORAN KE RAKYAT DUITNYA DIPAKE BUAT APA? LARI KEMANA ITU DUIT PAJAK GUA. GUA CAPE CAPE KERJA DIPOTONG PPH 21 TERUS GUA YG LAPOR LOGIKA BOS LOGIKA
18067687994256521,2026-03-04T06:48:54+00:00,0,https://www.instagram.com/p/DUFPyntkuvi/,https://www.instagram.com/p/DUFPyntkuvi/?comment_id=18067687994256521,scraping_instagram,nsrlalwi,Erorr terus tai 💩
17908292406180608,2026-03-04T06:44:15+00:00,0,https://www.instagram.com/p/DUFPyntkuvi/,https://www.instagram.com/p/DUFPyntkuvi/?comment_id=17908292406180608,scraping_instagram,jimmijimmi2811,Pada ngapain dah? Sibuk amat yee. Nerima duit pajak cepat lu pada
18562324573061484,2026-03-04T06:38:59+00:00,0,https://www.instagram.com/p/DUFPyntkuvi/,https://www.instagram.com/p/DUFPyntkuvi/?comment_id=18562324573061484,scraping_instagram,akbar_ahmad79,Rakyat di pajaki pejabat malah bebas pajak. Sehat sehat
18509861266076046,2026-03-04T06:38:46+00:00,0,https://www.instagram.com/p/DUFPyntkuvi/,https://www.instagram.com/p/DUFPyntkuvi/?comment_id=18509861266076046,scraping_instagram,aanggitaptrr,Bukannya lebih baik malah lebih busuk 🔥
18104806324840991,2026-03-04T06:36:31+00:00,0,https://www.instagram.com/p/DUFPyntkuvi/,https://www.instagram.com/p/DUFPyntkuvi/?comment_id=18104806324840991,scraping_instagram,sandipujialexander,MALING AJG LO KOMTOL
17929040250228454,2026-03-04T06:25:13+00:00,0,https://www.instagram.com/p/DUFPyntkuvi/,https://www.instagram.com/p/DUFPyntkuvi/?comment_id=17929040250228454,scraping_instagram,syahrilbkz,Tuntut di akhirat yg punya kebijakan
18149062921457000,2026-03-04T06:18:40+00:00,0,https://www.instagram.com/p/DUFPyntkuvi/,https://www.instagram.com/p/DUFPyntkuvi/?comment_id=18149062921457000,scraping_instagram,briliantara__,"UANG KERINGAT HASIL KERJA BERTARUH NYAWA KALIAN POTONG, GILIRAN GINI KAMI JUGA YG HARUS LAPOR. SHAME ON YOU"
18112732021656740,2026-03-04T06:07:34+00:00,0,https://www.instagram.com/p/DUFPyntkuvi/,https://www.instagram.com/p/DUFPyntkuvi/?comment_id=18112732021656740,scraping_instagram,rainbowww_banana,Ruwet
18113541478628857,2026-03-04T06:02:59+00:00,0,https://www.instagram.com/p/DUFPyntkuvi/,https://www.instagram.com/p/DUFPyntkuvi/?comment_id=18113541478628857,scraping_instagram,jatnapaisley,"Gak sudi gue THR dikenai pajak. Keringet keringet gue sendiri, kalian sibuk ngerenggut. Cuih"
18036601976781107,2026-03-04T05:56:59+00:00,0,https://www.instagram.com/p/DUFPyntkuvi/,https://www.instagram.com/p/DUFPyntkuvi/?comment_id=18036601976781107,scraping_instagram,waktunyatidursiang,"Apalagi ya yang bisa dipajak ,oksigen mungkin....???"
18075359093120391,2026-03-04T05:46:08+00:00,0,https://www.instagram.com/p/DUFPyntkuvi/,https://www.instagram.com/p/DUFPyntkuvi/?comment_id=18075359093120391,scraping_instagram,bobee28,Pajak gue di potong tai
18033600803786978,2026-03-04T05:37:01+00:00,0,https://www.instagram.com/p/DUFPyntkuvi/,https://www.instagram.com/p/DUFPyntkuvi/?comment_id=18033600803786978,scraping_instagram,zayn_bjn,"Kapan sih nggak ngutak atik hasil jerih payah personal? Utk  PBB dan kendaraan bermotor okelah, lah ini THR, THR tuh bonus loh knp musti dipajakin juga??? Nggk ikhlas dunia akhirat sy mah 🫪"
18107896999800302,2026-03-04T05:28:14+00:00,0,https://www.instagram.com/p/DUFPyntkuvi/,https://www.instagram.com/p/DUFPyntkuvi/?comment_id=18107896999800302,scraping_instagram,mhmdirfnmaarif_,"THR MAU DI PAJAKIN????LO GA CUKUP HAH NGAMBIL DUIT RAKYAT UDH SEBANYAK ITU,SEDANGKAN THR AJA BANYAK PEKERJA MISKIN YG NGAREPIN THR ITU,MALAH MAU LU POTONG LAGI,WAH GA NGERTI LAGI INI NEGARA"
18105329333502433,2026-03-04T05:24:07+00:00,0,https://www.instagram.com/p/DUFPyntkuvi/,https://www.instagram.com/p/DUFPyntkuvi/?comment_id=18105329333502433,scraping_instagram,dhullay_27,Gila sih THR pun mau di pajakin
17938030374175709,2026-03-04T05:23:45+00:00,0,https://www.instagram.com/p/DUFPyntkuvi/,https://www.instagram.com/p/DUFPyntkuvi/?comment_id=17938030374175709,scraping_instagram,yay_iyan,"kalian yang lapor, bukan rakyat... gua ga Sudi dunia akhirat, kalian potong THR kami, yang dapat satu tahun sekali, buat bayar kontrakan, anak 3, hampir 1 juta, kalian potong cuma cuma hasil keringat kami. 😢"
17923617345089453,2026-03-04T05:22:54+00:00,0,https://www.instagram.com/p/DUFPyntkuvi/,https://www.instagram.com/p/DUFPyntkuvi/?comment_id=17923617345089453,scraping_instagram,hemes47,MANA LAPORAN HASIL KITA MAJEK KE LU COKKK.. skrg THR juga lu mau pajekin.. moga slamet usus klean smua
18035989187759442,2026-03-04T05:09:28+00:00,0,https://www.instagram.com/p/DUFPyntkuvi/,https://www.instagram.com/p/DUFPyntkuvi/?comment_id=18035989187759442,scraping_instagram,hello_diky,Udh gajih kecil di pajakin bb1
18088079578912579,2026-03-04T05:09:12+00:00,0,https://www.instagram.com/p/DUFPyntkuvi/,https://www.instagram.com/p/DUFPyntkuvi/?comment_id=18088079578912579,scraping_instagram,hello_diky,Mojyet mojywt
18095527577490699,2026-03-04T05:01:14+00:00,0,https://www.instagram.com/p/DUFPyntkuvi/,https://www.instagram.com/p/DUFPyntkuvi/?comment_id=18095527577490699,scraping_instagram,putripkurnia,"Laporanmu penggunaan pajak rakyat manaaaa? Dimana2 yang lapor tuh yang nrima dan pake duitnya, bukan yg ngasih duit😂"
18112926046658092,2026-03-04T04:45:23+00:00,0,https://www.instagram.com/p/DUFPyntkuvi/,https://www.instagram.com/p/DUFPyntkuvi/?comment_id=18112926046658092,scraping_instagram,aguz_olkenz,H a r a m..
17849881662645668,2026-03-04T04:40:44+00:00,0,https://www.instagram.com/p/DUFPyntkuvi/,https://www.instagram.com/p/DUFPyntkuvi/?comment_id=17849881662645668,scraping_instagram,khadafi245,💩💩💩💩
18009022295688502,2026-03-04T04:38:43+00:00,0,https://www.instagram.com/p/DUFPyntkuvi/,https://www.instagram.com/p/DUFPyntkuvi/?comment_id=18009022295688502,scraping_instagram,kucingstang,Ribet amat min. Biar anggaran cair kah pake beribu apk/web???
18326727970217709,2026-03-04T04:34:19+00:00,0,https://www.instagram.com/p/DUFPyntkuvi/,https://www.instagram.com/p/DUFPyntkuvi/?comment_id=18326727970217709,scraping_instagram,rikyrikardoo,Woooiii Semua orang Pajak Kapan di audit ni??? Jangan Rakyat terus diincar pajak nya
18096112372950584,2026-03-04T04:32:44+00:00,0,https://www.instagram.com/p/DUFPyntkuvi/,https://www.instagram.com/p/DUFPyntkuvi/?comment_id=18096112372950584,scraping_instagram,ahmadbinkhusen,Bebal luu pada...
17977996679993902,2026-03-04T04:30:49+00:00,0,https://www.instagram.com/p/DUFPyntkuvi/,https://www.instagram.com/p/DUFPyntkuvi/?comment_id=17977996679993902,scraping_instagram,shalahuddin_al_ayyubii,"loe yg maksa rakyat suruh bayar pajak,  eh rakyat jg yg harus laporan,  harusnya loe laporan kerakyat duit pajak loe kemanain aja.."
18108031612773174,2026-03-04T04:30:44+00:00,0,https://www.instagram.com/p/DUFPyntkuvi/,https://www.instagram.com/p/DUFPyntkuvi/?comment_id=18108031612773174,scraping_instagram,rfllsmn,corecontoltax
18144192271474446,2026-03-04T04:20:16+00:00,0,https://www.instagram.com/p/DUFPyntkuvi/,https://www.instagram.com/p/DUFPyntkuvi/?comment_id=18144192271474446,scraping_instagram,eightballss_,ELU YANG HARUSNY LAPOR KE WARGA KALO GAJI KITA ELU KEMANAIN !!! @ditjenpajakri
17977526192823175,2026-03-04T04:20:11+00:00,0,https://www.instagram.com/p/DUFPyntkuvi/,https://www.instagram.com/p/DUFPyntkuvi/?comment_id=17977526192823175,scraping_instagram,fransis_ka_,Saran seks juga di pajakin ya pak setiap tarif seks ada pajak nya
18036209384716466,2026-03-04T04:19:30+00:00,0,https://www.instagram.com/p/DUFPyntkuvi/,https://www.instagram.com/p/DUFPyntkuvi/?comment_id=18036209384716466,scraping_instagram,fransis_ka_,Fungsi pajak tu apa ? Buat gaji pemerintah+ infrastruktur + apa lagi ? Kaya ga cukup amat di potong2 terus hamba orang buat NABUNG bilang GEN z ciri2 yg ga bisa NABUNG liat dong ini apa2 semua di pajakin
18073667138416903,2026-03-04T04:17:44+00:00,0,https://www.instagram.com/p/DUFPyntkuvi/,https://www.instagram.com/p/DUFPyntkuvi/?comment_id=18073667138416903,scraping_instagram,fransis_ka_,Gimana si ceritanya THR semua di pajak in uang pemerintah lagi ga cukup buat bayar hutang kah?
17924160294253073,2026-03-04T04:13:53+00:00,0,https://www.instagram.com/p/DUFPyntkuvi/,https://www.instagram.com/p/DUFPyntkuvi/?comment_id=17924160294253073,scraping_instagram,agungadewibowo,"Min, kalau SPT lebih bayar apa bisa dikembalikan? Bagaimana caranya? Di coretax tidak bisa diisi rekening penerima"
18136937368501205,2026-03-04T04:12:49+00:00,0,https://www.instagram.com/p/DUFPyntkuvi/,https://www.instagram.com/p/DUFPyntkuvi/?comment_id=18136937368501205,scraping_instagram,ismail_arek_88,Trus lapiran penerimaan pajak dari rakyat kami bisa akses dimana?
18095282668996865,2026-03-04T04:09:38+00:00,0,https://www.instagram.com/p/DUFPyntkuvi/,https://www.instagram.com/p/DUFPyntkuvi/?comment_id=18095282668996865,scraping_instagram,fahrur1206,THR di pajak .. masyaallah
18343333450213809,2026-03-04T04:06:58+00:00,0,https://www.instagram.com/p/DUFPyntkuvi/,https://www.instagram.com/p/DUFPyntkuvi/?comment_id=18343333450213809,scraping_instagram,saputraadil.as,sarang koruptor 🔥🔥
18056965046406009,2026-03-04T04:06:03+00:00,0,https://www.instagram.com/p/DUFPyntkuvi/,https://www.instagram.com/p/DUFPyntkuvi/?comment_id=18056965046406009,scraping_instagram,atep.hanter,yg musti lapor pajak tuh kalian dat ..kalian bayar pajak juga gak? laknat kalian...
17984570667003205,2026-03-04T03:53:25+00:00,0,https://www.instagram.com/p/DUFPyntkuvi/,https://www.instagram.com/p/DUFPyntkuvi/?comment_id=17984570667003205,scraping_instagram,luckyfrmnsyhhhh,Kocak
18071285321210973,2026-03-04T03:52:21+00:00,0,https://www.instagram.com/p/DUFPyntkuvi/,https://www.instagram.com/p/DUFPyntkuvi/?comment_id=18071285321210973,scraping_instagram,panjiichsn,THR gua kenapa di kenakan pajak ?
18311940334268581,2026-03-04T03:49:22+00:00,0,https://www.instagram.com/p/DUFPyntkuvi/,https://www.instagram.com/p/DUFPyntkuvi/?comment_id=18311940334268581,scraping_instagram,sumbaga13,INSTITUSI TOLOL MAKIN RIBET
18003796064909743,2026-03-04T03:48:18+00:00,0,https://www.instagram.com/p/DUFPyntkuvi/,https://www.instagram.com/p/DUFPyntkuvi/?comment_id=18003796064909743,scraping_instagram,yoga.tri88,"Sialan rakyat suruh bayar pajak uang Di korupsi jahanam banget , pegawai pajak hidup enak"
18226076929309665,2026-03-04T03:42:09+00:00,0,https://www.instagram.com/p/DUFPyntkuvi/,https://www.instagram.com/p/DUFPyntkuvi/?comment_id=18226076929309665,scraping_instagram,ekawahyusantoso19,
18072353228534450,2026-03-04T03:41:17+00:00,0,https://www.instagram.com/p/DUFPyntkuvi/,https://www.instagram.com/p/DUFPyntkuvi/?comment_id=18072353228534450,scraping_instagram,yasinthayesol,"Mau tanya dan tolong infokan dong,saya udah pernah buat NPWP tapi udah lama banget dan lupa email password aksesnya jadi mau coba daftar coretax gak bisa karna NIK udah terdaftar 🥲"
18452622034102376,2026-03-04T03:35:30+00:00,0,https://www.instagram.com/p/DUFPyntkuvi/,https://www.instagram.com/p/DUFPyntkuvi/?comment_id=18452622034102376,scraping_instagram,rizki.madan,"Kok si pembayar yg membuat laporan, harusnya si penerima yg membuat laporan uangnya digunakan kemana @purbayayudhi.official"
18019407296810881,2026-03-04T03:34:39+00:00,0,https://www.instagram.com/p/DUFPyntkuvi/,https://www.instagram.com/p/DUFPyntkuvi/?comment_id=18019407296810881,scraping_instagram,_dpputriiutii,kalian yg harus lapor kerakyat. ribet
18106266157795148,2026-03-04T03:30:01+00:00,0,https://www.instagram.com/p/DUFPyntkuvi/,https://www.instagram.com/p/DUFPyntkuvi/?comment_id=18106266157795148,scraping_instagram,wasonob19,Kapan ada Pojok Pajak di Blok M Plaza Bulungan JakSel th 2026 ini ? Tolong infonya
18365477923166915,2026-03-04T03:24:28+00:00,0,https://www.instagram.com/p/DUFPyntkuvi/,https://www.instagram.com/p/DUFPyntkuvi/?comment_id=18365477923166915,scraping_instagram,a.rioss,Admin kerja cuma asal posting gaa terima keluhan wkwk
18082560599200902,2026-03-04T03:22:20+00:00,0,https://www.instagram.com/p/DUFPyntkuvi/,https://www.instagram.com/p/DUFPyntkuvi/?comment_id=18082560599200902,scraping_instagram,fadil.lubisss,
18093281612033617,2026-03-04T03:09:26+00:00,0,https://www.instagram.com/p/DUFPyntkuvi/,https://www.instagram.com/p/DUFPyntkuvi/?comment_id=18093281612033617,scraping_instagram,dewiarlt,GILA DUIT 😂
18153085033451723,2026-03-04T03:03:55+00:00,0,https://www.instagram.com/p/DUFPyntkuvi/,https://www.instagram.com/p/DUFPyntkuvi/?comment_id=18153085033451723,scraping_instagram,sunandarism,Muak banget anjengggggg
17937593295176340,2026-03-04T02:52:25+00:00,0,https://www.instagram.com/p/DUFPyntkuvi/,https://www.instagram.com/p/DUFPyntkuvi/?comment_id=17937593295176340,scraping_instagram,sukarased,NERAKA JAHANAM KALIAN ORANG2 PAJAK AAMIIN
18084549863197609,2026-03-04T02:46:05+00:00,0,https://www.instagram.com/p/DUFPyntkuvi/,https://www.instagram.com/p/DUFPyntkuvi/?comment_id=18084549863197609,scraping_instagram,d_nrgh07,KERJAAN LO APA? OH IYA NYOLONGIN DUIT RAKYAT YA ANJING 👏🔥
17848808523663069,2026-03-04T02:41:31+00:00,0,https://www.instagram.com/p/DUFPyntkuvi/,https://www.instagram.com/p/DUFPyntkuvi/?comment_id=17848808523663069,scraping_instagram,nepayaa,"aduh gak ada deh negara yg semantep ini pajaknya, udah dipalak harus lapor 😍😍😍😍😍"
18398947483179536,2026-03-04T02:41:07+00:00,0,https://www.instagram.com/p/DUFPyntkuvi/,https://www.instagram.com/p/DUFPyntkuvi/?comment_id=18398947483179536,scraping_instagram,anni.sa2843,urus NPWP Perusahaan saja terutama CV. ribet amat... Tanggal Keputusan Pengesahan tidak valid! ... kampret ... bikin susah masyarakat saja asuhhhh.. tidak ada perubahan
18255651364288984,2026-03-04T02:40:39+00:00,0,https://www.instagram.com/p/DUFPyntkuvi/,https://www.instagram.com/p/DUFPyntkuvi/?comment_id=18255651364288984,scraping_instagram,nepayaa,SE THR THR JUGA DIPALAK MANTAPPPPP BGT NIH NEGARA
18105487150868678,2026-03-04T02:37:12+00:00,0,https://www.instagram.com/p/DUFPyntkuvi/,https://www.instagram.com/p/DUFPyntkuvi/?comment_id=18105487150868678,scraping_instagram,ggwpend,THR CAERRRRRRRRR
17912643492335541,2026-03-04T02:20:14+00:00,0,https://www.instagram.com/p/DUFPyntkuvi/,https://www.instagram.com/p/DUFPyntkuvi/?comment_id=17912643492335541,scraping_instagram,yongkyandreas,ANJING KERJAA SUSAH2 LO MAKSA  MOTONGI PAJAK BUAT GAJI PEJABAT DOANG
18514949119078322,2026-03-04T02:14:08+00:00,0,https://www.instagram.com/p/DUFPyntkuvi/,https://www.instagram.com/p/DUFPyntkuvi/?comment_id=18514949119078322,scraping_instagram,user.ian_,tlll emng
18062144441657744,2026-03-04T02:14:06+00:00,0,https://www.instagram.com/p/DUFPyntkuvi/,https://www.instagram.com/p/DUFPyntkuvi/?comment_id=18062144441657744,scraping_instagram,user.ian_,tll
18090248219037668,2026-03-04T02:11:04+00:00,0,https://www.instagram.com/p/DUFPyntkuvi/,https://www.instagram.com/p/DUFPyntkuvi/?comment_id=18090248219037668,scraping_instagram,aysha.aurelia,Kebalik..hrs nya kantor pajak lapor ke kita..duit kita d potong .. THR pun mau d potng..malah kita yg repot hrs lapor pajak..cape dehhhh
17887955409329182,2026-03-04T02:00:32+00:00,0,https://www.instagram.com/p/DUFPyntkuvi/,https://www.instagram.com/p/DUFPyntkuvi/?comment_id=17887955409329182,scraping_instagram,c.alyaaa,THR JUGA MAU DI PAJAKIN TAIII
18097019645068857,2026-03-04T01:51:32+00:00,0,https://www.instagram.com/p/DUFPyntkuvi/,https://www.instagram.com/p/DUFPyntkuvi/?comment_id=18097019645068857,scraping_instagram,squad_fisabilillah_,
17876677230532007,2026-03-04T01:50:46+00:00,0,https://www.instagram.com/p/DUFPyntkuvi/,https://www.instagram.com/p/DUFPyntkuvi/?comment_id=17876677230532007,scraping_instagram,faisalsyamsuri,"THR pun kena pajak, memang cocoknya masuk neraka kalian nih."
18069929315558637,2026-03-04T01:49:40+00:00,0,https://www.instagram.com/p/DUFPyntkuvi/,https://www.instagram.com/p/DUFPyntkuvi/?comment_id=18069929315558637,scraping_instagram,galuhhasanbahtiar,"Gw yg bayar pajak, gw yg ribet kocak. Harusnya terima jadi laporan potong pajak, pake harus lapor segala, ribet banget"
18313295314248259,2026-03-04T01:22:17+00:00,0,https://www.instagram.com/p/DUFPyntkuvi/,https://www.instagram.com/p/DUFPyntkuvi/?comment_id=18313295314248259,scraping_instagram,di_di162,"Sudah di potong pajak,, harus laporan juga pake ribet Lg laporanya,,,"
17884647201454123,2026-03-04T01:19:13+00:00,0,https://www.instagram.com/p/DUFPyntkuvi/,https://www.instagram.com/p/DUFPyntkuvi/?comment_id=17884647201454123,scraping_instagram,rizqiyuwono,THR kena pajak nih??? 😂😂😂😂😂
17851725540682958,2026-03-04T01:16:35+00:00,0,https://www.instagram.com/p/DUFPyntkuvi/,https://www.instagram.com/p/DUFPyntkuvi/?comment_id=17851725540682958,scraping_instagram,ryanhdr_,THR yang mulia kena potong pajak juga tidak tuan?
17950659630067387,2026-03-04T01:04:38+00:00,0,https://www.instagram.com/p/DUFPyntkuvi/,https://www.instagram.com/p/DUFPyntkuvi/?comment_id=17950659630067387,scraping_instagram,syonnna,JELEK. INSTANSI JELEK. SISTEM JELEKKKKKKK JELEK. NYUSAHIN ORANGGGHH
18425651260143697,2026-03-04T00:53:01+00:00,0,https://www.instagram.com/p/DUFPyntkuvi/,https://www.instagram.com/p/DUFPyntkuvi/?comment_id=18425651260143697,scraping_instagram,faizalee_,KONTOL
17930867067198326,2026-03-04T00:48:08+00:00,0,https://www.instagram.com/p/DUFPyntkuvi/,https://www.instagram.com/p/DUFPyntkuvi/?comment_id=17930867067198326,scraping_instagram,hablodasilva,"kita yg bayar kita juga yg lapor, BEGO"
18098299373486397,2026-03-04T00:33:28+00:00,0,https://www.instagram.com/p/DUFPyntkuvi/,https://www.instagram.com/p/DUFPyntkuvi/?comment_id=18098299373486397,scraping_instagram,wakakaka.w,"Demi Allah' saya gak ikhlas dunia akhirat, uang saya kalian makan untuk anak istri kalian yg kerja di kantor pajak !"
17998017860910619,2026-03-04T00:21:17+00:00,0,https://www.instagram.com/p/DUFPyntkuvi/,https://www.instagram.com/p/DUFPyntkuvi/?comment_id=17998017860910619,scraping_instagram,md.saeful_id,Pemdomseh...
17882311950370862,2026-03-04T00:16:15+00:00,0,https://www.instagram.com/p/DUFPyntkuvi/,https://www.instagram.com/p/DUFPyntkuvi/?comment_id=17882311950370862,scraping_instagram,milmilalala,"Ribet app ya, kalian aja lah yg ngisiin laporannya"
18174281935391284,2026-03-04T00:11:32+00:00,0,https://www.instagram.com/p/DUFPyntkuvi/,https://www.instagram.com/p/DUFPyntkuvi/?comment_id=18174281935391284,scraping_instagram,olifgina,"KABEH BAE DIDUITAN KU SIA. Nanaonan rakyat, nanaonan rakyat!!!"
18101594710899345,2026-03-04T00:11:00+00:00,0,https://www.instagram.com/p/DUFPyntkuvi/,https://www.instagram.com/p/DUFPyntkuvi/?comment_id=18101594710899345,scraping_instagram,olifgina,KOCAK RAKYAT YG SURUH LAPOR. Kampretttt emng!!
17911686612343028,2026-03-03T23:56:16+00:00,0,https://www.instagram.com/p/DUFPyntkuvi/,https://www.instagram.com/p/DUFPyntkuvi/?comment_id=17911686612343028,scraping_instagram,debbyindrian,BENERAN INI THR DIPAJAKIN? COBA DONG LAPORAN DUIT PAJAK KEMANA AJA?
18095498500994104,2026-03-03T23:16:21+00:00,0,https://www.instagram.com/p/DUFPyntkuvi/,https://www.instagram.com/p/DUFPyntkuvi/?comment_id=18095498500994104,scraping_instagram,black.star.125,YG ADA ELO YG KASIH LAPORAN KE RAKYAT !!!
18088376402268643,2026-03-03T22:49:57+00:00,0,https://www.instagram.com/p/DUFPyntkuvi/,https://www.instagram.com/p/DUFPyntkuvi/?comment_id=18088376402268643,scraping_instagram,ekmegsar82,Ngapain kelen bikin medsos kalo keluhan kami gak dianggap. Hapus aja ni akun sampah.
17911289310342771,2026-03-03T22:19:52+00:00,0,https://www.instagram.com/p/DUFPyntkuvi/,https://www.instagram.com/p/DUFPyntkuvi/?comment_id=17911289310342771,scraping_instagram,daftarmenujabodetabeka,"Uda suru bayar, suru lapor, hrusnya situ yg lapor duitnya dipake apa aja. Aneh."
18072694220174582,2026-03-03T21:40:19+00:00,0,https://www.instagram.com/p/DUFPyntkuvi/,https://www.instagram.com/p/DUFPyntkuvi/?comment_id=18072694220174582,scraping_instagram,pangestuyudhaarif,YAELAH
18300756553278681,2026-03-03T19:54:33+00:00,0,https://www.instagram.com/p/DUFPyntkuvi/,https://www.instagram.com/p/DUFPyntkuvi/?comment_id=18300756553278681,scraping_instagram,mas_alam2183,Demi Allah saya tidak IKHLAS dipajakin klo masih gini cara pengelolaannya keuangan di negara KORUP
18100571263910809,2026-03-03T18:26:12+00:00,0,https://www.instagram.com/p/DUFPyntkuvi/,https://www.instagram.com/p/DUFPyntkuvi/?comment_id=18100571263910809,scraping_instagram,zhfranm_,"APA APA DIPAJAKIN, THR DIPAJAKIN, GAJI KALIAN SEBULAN 2 DIGIT KURANG BUAT HIDUP APA??? 🥵"
17933394264194166,2026-03-03T16:51:32+00:00,0,https://www.instagram.com/p/DUFPyntkuvi/,https://www.instagram.com/p/DUFPyntkuvi/?comment_id=17933394264194166,scraping_instagram,muhfalibzy,Perampok
17963255874045101,2026-03-03T15:53:55+00:00,1,https://www.instagram.com/p/DUFPyntkuvi/,https://www.instagram.com/p/DUFPyntkuvi/?comment_id=17963255874045101,scraping_instagram,desta.bagas,Masuk neraka lo semua!
18086116928186053,2026-03-03T15:40:42+00:00,0,https://www.instagram.com/p/DUFPyntkuvi/,https://www.instagram.com/p/DUFPyntkuvi/?comment_id=18086116928186053,scraping_instagram,yueeen_15,Rakus!!! THR AJA HARUS DI PAJAKIN. LAMA MATINYA KALIAN YA MAKAN DUIT HARAM. DUNIA AKHIRAT GAK RELA!!! PERTANGGUNG JAWABKAN DI AKHIRAT YA!!!
18095281847058073,2026-03-03T15:36:15+00:00,0,https://www.instagram.com/p/DUFPyntkuvi/,https://www.instagram.com/p/DUFPyntkuvi/?comment_id=18095281847058073,scraping_instagram,ariantoni7,Rusak
18070295906637023,2026-03-03T15:34:00+00:00,0,https://www.instagram.com/p/DUFPyntkuvi/,https://www.instagram.com/p/DUFPyntkuvi/?comment_id=18070295906637023,scraping_instagram,uyototo,YAALLAH ZOLIM BENER ZOLIM BENER
18098654128948949,2026-03-03T15:12:26+00:00,0,https://www.instagram.com/p/DUFPyntkuvi/,https://www.instagram.com/p/DUFPyntkuvi/?comment_id=18098654128948949,scraping_instagram,mistiqlaaal,"Kontol, ngapain THR kena pajak bangsat."
18097562270498620,2026-03-03T15:04:13+00:00,0,https://www.instagram.com/p/DUFPyntkuvi/,https://www.instagram.com/p/DUFPyntkuvi/?comment_id=18097562270498620,scraping_instagram,scdharzzz,"data anggota keluarga ada yg hilang padahal KK tdk berubah, upload lampiran gak bisa pdf wajib xml..lah ogut kaga tau cara convertnya, nyusahin aja ente.. jak pajak..lu kira semua org kudu pinter2 ky ente2?😂"
18382600444084400,2026-03-03T15:00:42+00:00,0,https://www.instagram.com/p/DUFPyntkuvi/,https://www.instagram.com/p/DUFPyntkuvi/?comment_id=18382600444084400,scraping_instagram,infojoy_,🖕🏻
17918771526272887,2026-03-03T13:45:43+00:00,0,https://www.instagram.com/p/DUFPyntkuvi/,https://www.instagram.com/p/DUFPyntkuvi/?comment_id=17918771526272887,scraping_instagram,cornelius_neto,ada yg sama nggak di datangin mengatasnama kan pegawai pajak datang kerumah? (mereka bawa surat isi nya penunggakan tapi rincian nya cuma transaksi bank selama 4 bulan). kan aneh pegawai pajak bisa akses database di bank! gila nya lagi hitungan nya pajak 50%
18065333753309887,2026-03-03T12:00:12+00:00,0,https://www.instagram.com/p/DUFPyntkuvi/,https://www.instagram.com/p/DUFPyntkuvi/?comment_id=18065333753309887,scraping_instagram,rasalokalindo,"Cuma mau ngomong Babi, udh itu aj"
17853422028630425,2026-03-03T10:30:37+00:00,0,https://www.instagram.com/p/DUFPyntkuvi/,https://www.instagram.com/p/DUFPyntkuvi/?comment_id=17853422028630425,scraping_instagram,zaraameliia,Eleh sistem sekelas pajak aja kek eek
17974129652841017,2026-03-03T08:44:48+00:00,0,https://www.instagram.com/p/DUFPyntkuvi/,https://www.instagram.com/p/DUFPyntkuvi/?comment_id=17974129652841017,scraping_instagram,jpsrap2013,"Min tolong buat tutorial utk lapor SPT WP yang kegiatananya trading saham donk, tidak bekerja dia"
18103134508700287,2026-03-03T08:25:48+00:00,0,https://www.instagram.com/p/DUFPyntkuvi/,https://www.instagram.com/p/DUFPyntkuvi/?comment_id=18103134508700287,scraping_instagram,dikikrismnd,"Saya ada kendala, tanya kpp ditunda2, dilama2in, akhirnya sampe jam pulang kantor"
18086268916958989,2026-03-03T08:07:02+00:00,2,https://www.instagram.com/p/DUFPyntkuvi/,https://www.instagram.com/p/DUFPyntkuvi/?comment_id=18086268916958989,scraping_instagram,irwansyah.ig,"Hallo Min ditjenpajakri , sampai saat ini Koq belum keluar ketentuan UMKM terbaru?!?, pelaku UMKM banyak kebingungan... Harus gimana?, pelalu UMKM banyak yg mengajukan permohonan NPPN karena takut... Mohon dipercepat kami RAKYAT menunggu, jangan membuat Khawatir terlalu lama... Terimakasih 🙏🏻"
18082699994021441,2026-03-03T07:36:02+00:00,0,https://www.instagram.com/p/DUFPyntkuvi/,https://www.instagram.com/p/DUFPyntkuvi/?comment_id=18082699994021441,scraping_instagram,yodi_pratama,Min kenapa saya tidak mendapatkan SMS Verifikasi aktifasi Cortex
18073024349170133,2026-03-03T07:13:03+00:00,0,https://www.instagram.com/p/DUFPyntkuvi/,https://www.instagram.com/p/DUFPyntkuvi/?comment_id=18073024349170133,scraping_instagram,fandinff_,Susah banget mau liat npwp online pun
18154832479435313,2026-03-03T06:47:09+00:00,0,https://www.instagram.com/p/DUFPyntkuvi/,https://www.instagram.com/p/DUFPyntkuvi/?comment_id=18154832479435313,scraping_instagram,susyadiwidy,Saya sudah daftar akun coretax djp kok belum dapat pasporwd yaa
18325076572220272,2026-03-03T04:22:29+00:00,0,https://www.instagram.com/p/DUFPyntkuvi/,https://www.instagram.com/p/DUFPyntkuvi/?comment_id=18325076572220272,scraping_instagram,irchaammm,Ribettt di hp field ketumpuk2 berantakan
18088064612177705,2026-03-03T03:18:16+00:00,0,https://www.instagram.com/p/DUFPyntkuvi/,https://www.instagram.com/p/DUFPyntkuvi/?comment_id=18088064612177705,scraping_instagram,eko_nomiyaki,"Cara cek bukti potong sudah di upload instansi gimana cara, kalo udah aktivasi kita tak perlu lapor lagi kah?"
18076600691113155,2026-03-03T01:39:20+00:00,0,https://www.instagram.com/p/DUFPyntkuvi/,https://www.instagram.com/p/DUFPyntkuvi/?comment_id=18076600691113155,scraping_instagram,brhndabdlh,Min kenapa verify nomor kode nya ga muncul ajaa???
18036530150586742,2026-03-03T01:28:36+00:00,0,https://www.instagram.com/p/DUFPyntkuvi/,https://www.instagram.com/p/DUFPyntkuvi/?comment_id=18036530150586742,scraping_instagram,shenyinhao_official.referee,"Yoo,koruptor ni ambil duit gw lumayan loh 2x perhitungan wkwk, gak sekalian hitung ulang terus Ampe abis bangsat 😂"
18094336736059044,2026-03-02T17:24:42+00:00,0,https://www.instagram.com/p/DUFPyntkuvi/,https://www.instagram.com/p/DUFPyntkuvi/?comment_id=18094336736059044,scraping_instagram,syakhrial_harahap,"Dulu suami dan istri pisah,sekarang gabung,buat jengkel dan pusing"
18407207743133307,2026-03-02T15:09:24+00:00,0,https://www.instagram.com/p/DUFPyntkuvi/,https://www.instagram.com/p/DUFPyntkuvi/?comment_id=18407207743133307,scraping_instagram,aabbcc1__________,Masih error
18092261093038080,2026-03-02T14:13:02+00:00,3,https://www.instagram.com/p/DUFPyntkuvi/,https://www.instagram.com/p/DUFPyntkuvi/?comment_id=18092261093038080,scraping_instagram,ilhammmp,Mantap link nya eror 🔥
17917162665126731,2026-03-02T12:39:45+00:00,0,https://www.instagram.com/p/DUFPyntkuvi/,https://www.instagram.com/p/DUFPyntkuvi/?comment_id=17917162665126731,scraping_instagram,necu_zee,Lbh bayar g ba lapor ngisi rekening g bs2😢
17869237488468362,2026-03-02T12:38:59+00:00,0,https://www.instagram.com/p/DUFPyntkuvi/,https://www.instagram.com/p/DUFPyntkuvi/?comment_id=17869237488468362,scraping_instagram,tokyoany14,Website bukannya mempermudah malah menyulitkan masa setiap hari ada aja gebrakan nya yang bermasalah
17933651895193582,2026-03-02T12:10:32+00:00,4,https://www.instagram.com/p/DUFPyntkuvi/,https://www.instagram.com/p/DUFPyntkuvi/?comment_id=17933651895193582,scraping_instagram,mrsmamamia_,Msh error nih coretax nya min
18097101593511385,2026-03-02T08:31:29+00:00,0,https://www.instagram.com/p/DUFPyntkuvi/,https://www.instagram.com/p/DUFPyntkuvi/?comment_id=18097101593511385,scraping_instagram,arifw_24,"Masih kurang kah pajak kendaraan sampai  potong gaji? Itu hasil keringat sendiri lo masih tega kalian potong gaji, orang yang g ikhlas lihat saja di akhirat nanti ya,🔥"
18100620854510226,2026-03-02T07:04:15+00:00,0,https://www.instagram.com/p/DUFPyntkuvi/,https://www.instagram.com/p/DUFPyntkuvi/?comment_id=18100620854510226,scraping_instagram,denipuspita18,"Min saya sudah lupa kata sandi tetap tidak bisa masuk harus gimana nim min @ditjenpajakri  telpon 1500200 tidak bisa terus, DM IG juga tidak bisa, saya harus lapor dengan siapa kalau datang ke pajak saya harus kerja 😢"
17965898180885605,2026-03-02T06:16:29+00:00,0,https://www.instagram.com/p/DUFPyntkuvi/,https://www.instagram.com/p/DUFPyntkuvi/?comment_id=17965898180885605,scraping_instagram,khanti_adi,"bagaimana cara pembetulan SPT Pajak Tahun 2024? bukankah website djp sudah tidak bisa diakses? jika di coretax, tidak ada menu pembetulan tahun lama.. tolong infonya @ditjenpajakri . terima kasih"
18091301968852759,2026-03-02T06:02:01+00:00,0,https://www.instagram.com/p/DUFPyntkuvi/,https://www.instagram.com/p/DUFPyntkuvi/?comment_id=18091301968852759,scraping_instagram,ibnufaris_28,Pajak? Maksudnya memalak dengan gaya
18108258106771703,2026-03-02T03:20:45+00:00,0,https://www.instagram.com/p/DUFPyntkuvi/,https://www.instagram.com/p/DUFPyntkuvi/?comment_id=18108258106771703,scraping_instagram,subiantoro.feri.feri,"pada youtube direktorat jendral pajak dengan titel : Tutorial Coretax Resmi : Panduan SPT Tahunan Wajib Pajak Orang Pribadi - Karyawan, pada bagian I PERNYATAAN TRANSAKSI LAINNYA di sebutkan terisi otomatis dari SPT tahun pajak sebelumnya... kok punya saya gak muncul kenapa?"
18062780186658580,2026-03-02T02:38:13+00:00,0,https://www.instagram.com/p/DUFPyntkuvi/,https://www.instagram.com/p/DUFPyntkuvi/?comment_id=18062780186658580,scraping_instagram,erlin_tania,"Halo min, mau tanya. Kalau Pekerja + Affiliate terus statusnya jadi lebih bayar, itu harus gimana ya biar nihil?"
17917844310325953,2026-03-02T02:14:35+00:00,0,https://www.instagram.com/p/DUFPyntkuvi/,https://www.instagram.com/p/DUFPyntkuvi/?comment_id=17917844310325953,scraping_instagram,cheeksboom,"min, mau tanya cara aktivasi npwp belum pernah ada laporan pajakn gmna ya min?"
18006205631700058,2026-03-02T01:16:01+00:00,0,https://www.instagram.com/p/DUFPyntkuvi/,https://www.instagram.com/p/DUFPyntkuvi/?comment_id=18006205631700058,scraping_instagram,triekentrung,bukti potong gak bisa di download min
18027715406623659,2026-03-01T17:47:39+00:00,0,https://www.instagram.com/p/DUFPyntkuvi/,https://www.instagram.com/p/DUFPyntkuvi/?comment_id=18027715406623659,scraping_instagram,ardhan_ardiyana,"tolong dong klau bikin daftar online tuh di permudah, udh beberapa kali masukin password passpharase kagak valid valid. BLOK"
17995065938869005,2026-03-01T12:23:41+00:00,0,https://www.instagram.com/p/DUFPyntkuvi/,https://www.instagram.com/p/DUFPyntkuvi/?comment_id=17995065938869005,scraping_instagram,ropekse2,"Benerin itu Website Daftarnya NPWP, parah banget, gak bener ini pemerintahan"
18121776256513421,2026-03-01T11:26:54+00:00,0,https://www.instagram.com/p/DUFPyntkuvi/,https://www.instagram.com/p/DUFPyntkuvi/?comment_id=18121776256513421,scraping_instagram,amelia.lisdani,Bisa gk sih kalian gk maling dan malakkk  terus!!!! Ini negara gmna bisa maju ya . Anak bangsa mau berkembang aja dipalakin pajak yg gk jelas !
18108151099748617,2026-03-01T07:36:38+00:00,1,https://www.instagram.com/p/DUFPyntkuvi/,https://www.instagram.com/p/DUFPyntkuvi/?comment_id=18108151099748617,scraping_instagram,rosidifarid,"Bocah gemblung... Pajak suruh bayar dan lapor tepat waktu, kita orang swasta ngurus perijinan buat kerja aja dilama-lamain, padahal kita orang swasta gak minta modal sama negara, cuma minta ijin tok, gitu ruwetnya ora umum. Gak bisa dikomplain pula 😢"
17912633613338108,2026-03-01T03:12:58+00:00,0,https://www.instagram.com/p/DUFPyntkuvi/,https://www.instagram.com/p/DUFPyntkuvi/?comment_id=17912633613338108,scraping_instagram,add_id_,gak ikhlas dunia akhirat  bayar pajak
17933682207035657,2026-03-01T00:12:59+00:00,0,https://www.instagram.com/p/DUFPyntkuvi/,https://www.instagram.com/p/DUFPyntkuvi/?comment_id=17933682207035657,scraping_instagram,syukrilhamdi_umar,"MIN, TOMBOL TAMBAH KU G MUNCUL"
17878948872496199,2026-02-28T22:30:02+00:00,0,https://www.instagram.com/p/DUFPyntkuvi/,https://www.instagram.com/p/DUFPyntkuvi/?comment_id=17878948872496199,scraping_instagram,isfsahbar,Aplikasinya rusak
18128276338546195,2026-02-28T21:58:11+00:00,0,https://www.instagram.com/p/DUFPyntkuvi/,https://www.instagram.com/p/DUFPyntkuvi/?comment_id=18128276338546195,scraping_instagram,budiarif_13,Makin susah ye bayar pajak
17991652988919761,2026-02-28T17:15:18+00:00,0,https://www.instagram.com/p/DUFPyntkuvi/,https://www.instagram.com/p/DUFPyntkuvi/?comment_id=17991652988919761,scraping_instagram,afrzall.mel,Tai
17966955461878118,2026-02-28T14:29:29+00:00,0,https://www.instagram.com/p/DUFPyntkuvi/,https://www.instagram.com/p/DUFPyntkuvi/?comment_id=17966955461878118,scraping_instagram,malsky_ra,Kalau perusahaan belum kasih SPT gimana ya?
18074123378627716,2026-02-28T10:22:39+00:00,0,https://www.instagram.com/p/DUFPyntkuvi/,https://www.instagram.com/p/DUFPyntkuvi/?comment_id=18074123378627716,scraping_instagram,tedolz_,SUSAH. 🔥🔥🔥
17969375255865850,2026-02-28T10:18:52+00:00,0,https://www.instagram.com/p/DUFPyntkuvi/,https://www.instagram.com/p/DUFPyntkuvi/?comment_id=17969375255865850,scraping_instagram,mfttn10,
17968539884871761,2026-02-28T08:21:21+00:00,0,https://www.instagram.com/p/DUFPyntkuvi/,https://www.instagram.com/p/DUFPyntkuvi/?comment_id=17968539884871761,scraping_instagram,imma.lisma,Batas akhir lapor spt tahunan utk ASN
18072411896180133,2026-02-28T07:19:45+00:00,0,https://www.instagram.com/p/DUFPyntkuvi/,https://www.instagram.com/p/DUFPyntkuvi/?comment_id=18072411896180133,scraping_instagram,yukai_gede,"Anak bangsa banggain bikin game bisa terkenal ke luar negeri eh dipajakin nya ga ngotak, ampek mau pindah kantor ke luar negeri itu developer game nya, se rakus itu kah ampek bikin ceo dari sebuah developer game muak ama pajak rakus mu?"
18097404317492967,2026-02-28T06:35:28+00:00,0,https://www.instagram.com/p/DUFPyntkuvi/,https://www.instagram.com/p/DUFPyntkuvi/?comment_id=18097404317492967,scraping_instagram,septyhandayani_,"Tlg admin gmana ini udh hr terakhir pelaporan spt asn, tp pas buat konsep spt, jenis pajak gk muncul2, tlg solusinya"
17959855713049379,2026-02-28T06:19:15+00:00,0,https://www.instagram.com/p/DUFPyntkuvi/,https://www.instagram.com/p/DUFPyntkuvi/?comment_id=17959855713049379,scraping_instagram,hikariiexe,pajak kontol
18066519629295006,2026-02-28T05:50:43+00:00,0,https://www.instagram.com/p/DUFPyntkuvi/,https://www.instagram.com/p/DUFPyntkuvi/?comment_id=18066519629295006,scraping_instagram,zantbrq,"nanya di lempar sana sini, ah kontol lu"
17947085274112250,2026-02-28T04:48:27+00:00,0,https://www.instagram.com/p/DUFPyntkuvi/,https://www.instagram.com/p/DUFPyntkuvi/?comment_id=17947085274112250,scraping_instagram,nanda.freedy,"Penghasilan udah dipotong pajak, cuma lapor doang aja ribet banget, aplikasi coretax bukannya memudahkan malah menyulitkan. Paraaaahhh"
18155753542438800,2026-02-28T04:25:46+00:00,0,https://www.instagram.com/p/DUFPyntkuvi/,https://www.instagram.com/p/DUFPyntkuvi/?comment_id=18155753542438800,scraping_instagram,tyaapurnama,Kenapa kringpajak ga bisa dihubungi ya??
18413100760130868,2026-02-28T03:33:22+00:00,0,https://www.instagram.com/p/DUFPyntkuvi/,https://www.instagram.com/p/DUFPyntkuvi/?comment_id=18413100760130868,scraping_instagram,andrihairulli,Di email gak ada kolom verifikasi nya buat aktivasi akun coretax tolong dong
18111476305710151,2026-02-28T03:10:39+00:00,0,https://www.instagram.com/p/DUFPyntkuvi/,https://www.instagram.com/p/DUFPyntkuvi/?comment_id=18111476305710151,scraping_instagram,deaagustine_,"Min, bukti potong saya sampai hari ini belum muncul sedangkan hari ini batas terakhir pelaporan. Mohon arahannya min"
18096549658980131,2026-02-28T02:01:54+00:00,0,https://www.instagram.com/p/DUFPyntkuvi/,https://www.instagram.com/p/DUFPyntkuvi/?comment_id=18096549658980131,scraping_instagram,anja_liee02,"Aktivitas kog gak bisa Mulu nih, no OTP plus take Poto gagal mulu"
18095428304069911,2026-02-27T20:09:04+00:00,0,https://www.instagram.com/p/DUFPyntkuvi/,https://www.instagram.com/p/DUFPyntkuvi/?comment_id=18095428304069911,scraping_instagram,deeeeeeeeeeee222,Muter2 kek orang idiot
17870598813459241,2026-02-27T18:57:51+00:00,0,https://www.instagram.com/p/DUFPyntkuvi/,https://www.instagram.com/p/DUFPyntkuvi/?comment_id=17870598813459241,scraping_instagram,ydh_iiya,Min kok login susah bgt yaaa
17936575326176133,2026-02-27T16:53:41+00:00,0,https://www.instagram.com/p/DUFPyntkuvi/,https://www.instagram.com/p/DUFPyntkuvi/?comment_id=17936575326176133,scraping_instagram,gilangsyahputra030,Beban ya beban
18144802903465850,2026-02-27T15:43:49+00:00,0,https://www.instagram.com/p/DUFPyntkuvi/,https://www.instagram.com/p/DUFPyntkuvi/?comment_id=18144802903465850,scraping_instagram,bimoadhitya18,benerin dlu pak ini web nya lemot @menkeuri
18097318819768757,2026-02-27T15:41:32+00:00,0,https://www.instagram.com/p/DUFPyntkuvi/,https://www.instagram.com/p/DUFPyntkuvi/?comment_id=18097318819768757,scraping_instagram,bimoadhitya18,web nya benerin dulu ini mau lapor spt buka malem aja lemot @ditjenpajakri
18134213389509606,2026-02-27T15:06:52+00:00,0,https://www.instagram.com/p/DUFPyntkuvi/,https://www.instagram.com/p/DUFPyntkuvi/?comment_id=18134213389509606,scraping_instagram,adit678910,Udah pasti mampus pajak duit haram dimakanan terus gak bakal berkah lo makan duit haram pemungut pajak
18287171566303106,2026-02-27T13:09:36+00:00,0,https://www.instagram.com/p/DUFPyntkuvi/,https://www.instagram.com/p/DUFPyntkuvi/?comment_id=18287171566303106,scraping_instagram,_ariii2000,Bodo amat ...rakyat dipajakin .sesama mafia diam selamat
18338327311244357,2026-02-27T13:06:03+00:00,10,https://www.instagram.com/p/DUFPyntkuvi/,https://www.instagram.com/p/DUFPyntkuvi/?comment_id=18338327311244357,scraping_instagram,xsnn_f,Kemenkeu Purbaya udah nyuruh Perbaiki Coretax udah di perbaiki blom?
18072737624564265,2026-02-27T12:22:59+00:00,0,https://www.instagram.com/p/DUFPyntkuvi/,https://www.instagram.com/p/DUFPyntkuvi/?comment_id=18072737624564265,scraping_instagram,ramaachandraaa,"udah di suruh bayar , disuruh lapor pula , kalo ga lapor di denda gila cok pemerasan"
17898930792400804,2026-02-27T12:02:27+00:00,0,https://www.instagram.com/p/DUFPyntkuvi/,https://www.instagram.com/p/DUFPyntkuvi/?comment_id=17898930792400804,scraping_instagram,snbnjbbrj,gaji kami dipajaki .. memang kalian MALING BANGSAT BAJINGAN BOBROK
17849570517643613,2026-02-27T10:13:01+00:00,0,https://www.instagram.com/p/DUFPyntkuvi/,https://www.instagram.com/p/DUFPyntkuvi/?comment_id=17849570517643613,scraping_instagram,whatsdery,Ga becus jing
17857992771664074,2026-02-27T09:59:06+00:00,0,https://www.instagram.com/p/DUFPyntkuvi/,https://www.instagram.com/p/DUFPyntkuvi/?comment_id=17857992771664074,scraping_instagram,sadiqdisini,Oon
17912777802336821,2026-02-27T09:13:18+00:00,0,https://www.instagram.com/p/DUFPyntkuvi/,https://www.instagram.com/p/DUFPyntkuvi/?comment_id=17912777802336821,scraping_instagram,limbuana,"Yth Pak Purbaya , khusus untuk petugas pajak KPP Medan Barat kota Medan, bagian helpdesk, tolong dikasih training, update ilmunya.kok lebih tahu dan paham influencer jakarta daripada petugas pajak Medan. Coretax kan system baru, tentu nya kalau ada yang kita tidak paham, kita tanya ke petugas kan, kenapa mereka lebih tidak tau daripada wajib pajak? Masa kita yang harus update ilmu dari influencer pajak? Tugas petugas pajak sebenarnya apa? Yang bagian helpdesk?"
18050909399492442,2026-02-27T08:32:50+00:00,0,https://www.instagram.com/p/DUFPyntkuvi/,https://www.instagram.com/p/DUFPyntkuvi/?comment_id=18050909399492442,scraping_instagram,bb.envyy,TIDAK MASUK SURGA PARA PENARIK PAJAK.
18134043697503109,2026-02-27T06:52:56+00:00,0,https://www.instagram.com/p/DUFPyntkuvi/,https://www.instagram.com/p/DUFPyntkuvi/?comment_id=18134043697503109,scraping_instagram,deeonid,"Bang mohon informasinya yang pakai aplikasi Pintu dan mau lapor SPT Tahunan Orang Pribadi di coretax emang gak muncul kah BuPot nya? Padahal dari aplikasi Pintu sudah muncul.
Mau laporan depan biar lega gak mepet, tapi bupotnya belum muncul di coretax."
17957842949917729,2026-02-27T06:05:26+00:00,0,https://www.instagram.com/p/DUFPyntkuvi/,https://www.instagram.com/p/DUFPyntkuvi/?comment_id=17957842949917729,scraping_instagram,primaadit,Nyusahin!! Nanti ditunggu di pengadilan akhirat!! Haram hukumnya kerja di Pajak dan Cukai
18328342906223126,2026-02-27T06:05:22+00:00,0,https://www.instagram.com/p/DUFPyntkuvi/,https://www.instagram.com/p/DUFPyntkuvi/?comment_id=18328342906223126,scraping_instagram,amirmexx,"Eror terus, websitenya buruk banget, emng belum siap indonesia buat digitalisasi😢"
18083221232264279,2026-02-27T05:30:30+00:00,0,https://www.instagram.com/p/DUFPyntkuvi/,https://www.instagram.com/p/DUFPyntkuvi/?comment_id=18083221232264279,scraping_instagram,yoon.official23,"Tolong DJP jgn rumit2. , tidak semua orang bisa aksesnya. Harus pake laptop, tidak semua orang punya laptop.."
17862315879599976,2026-02-27T04:47:46+00:00,0,https://www.instagram.com/p/DUFPyntkuvi/,https://www.instagram.com/p/DUFPyntkuvi/?comment_id=17862315879599976,scraping_instagram,ziiyadtl_,Bukti potong kok hilang ya di dokumen akun wajib pajak? Sudah di refresh ttep gak muncul. Gimana mau lapor pajak kalo bukti potongnya di hilangkan
18058779101379272,2026-02-27T03:03:44+00:00,0,https://www.instagram.com/p/DUFPyntkuvi/,https://www.instagram.com/p/DUFPyntkuvi/?comment_id=18058779101379272,scraping_instagram,khairunnisadynaa,Coretax dari jaman rilis error muluuu. Bikin web mahal mahal aplikasinya gajelas 👏👏👏
17945874696107909,2026-02-27T03:02:47+00:00,0,https://www.instagram.com/p/DUFPyntkuvi/,https://www.instagram.com/p/DUFPyntkuvi/?comment_id=17945874696107909,scraping_instagram,rei.alvr,
17938426026159924,2026-02-27T03:00:06+00:00,0,https://www.instagram.com/p/DUFPyntkuvi/,https://www.instagram.com/p/DUFPyntkuvi/?comment_id=17938426026159924,scraping_instagram,dobsdobs9,"PERBAIKI SISTEM MU KAWAN!!!!! EROR TRUS RUSAK2, ANGGARAN TRILIUNAN"
18094990411958411,2026-02-27T03:00:04+00:00,0,https://www.instagram.com/p/DUFPyntkuvi/,https://www.instagram.com/p/DUFPyntkuvi/?comment_id=18094990411958411,scraping_instagram,zid.zdnn,sepi
18099944923930412,2026-02-27T01:42:07+00:00,0,https://www.instagram.com/p/DUFPyntkuvi/,https://www.instagram.com/p/DUFPyntkuvi/?comment_id=18099944923930412,scraping_instagram,nggi_anggii09,Makin tahun makin ribet lapor pajak🤬🤬🤬 makin tahun bukanya mempermudah lapor pajak ini malah mempersulit. Gila aja kita suruh baca 41 halaman langkah langkah lapor pajak
18084460112225319,2026-02-27T01:25:37+00:00,0,https://www.instagram.com/p/DUFPyntkuvi/,https://www.instagram.com/p/DUFPyntkuvi/?comment_id=18084460112225319,scraping_instagram,rahmara_feel,
17963954262029245,2026-02-27T00:29:37+00:00,0,https://www.instagram.com/p/DUFPyntkuvi/,https://www.instagram.com/p/DUFPyntkuvi/?comment_id=17963954262029245,scraping_instagram,bagong5111353,PALAK TEROSS
18255239476289456,2026-02-26T23:57:56+00:00,0,https://www.instagram.com/p/DUFPyntkuvi/,https://www.instagram.com/p/DUFPyntkuvi/?comment_id=18255239476289456,scraping_instagram,daus_ajaa,cuih
18093302732063682,2026-02-26T23:36:13+00:00,0,https://www.instagram.com/p/DUFPyntkuvi/,https://www.instagram.com/p/DUFPyntkuvi/?comment_id=18093302732063682,scraping_instagram,aniiiiww,"ini gimana si mau masuk akun aja susah banget, email nomer pajak semua udh bener tp ttp gabisa"
18092383049013411,2026-02-26T22:32:02+00:00,0,https://www.instagram.com/p/DUFPyntkuvi/,https://www.instagram.com/p/DUFPyntkuvi/?comment_id=18092383049013411,scraping_instagram,bakka1119,xixixiixixixxi
18074213210432997,2026-02-26T22:17:52+00:00,0,https://www.instagram.com/p/DUFPyntkuvi/,https://www.instagram.com/p/DUFPyntkuvi/?comment_id=18074213210432997,scraping_instagram,aku_siapa_0109,Pernah ngerasa malu ga sih udh aplikasinya dikeluhin banyak orang dari sekian lamanya dan gada perbaikan yg menunjukkan kalo keluhan kami itu bener-bener direspon 😏
17926803795226665,2026-02-26T18:53:06+00:00,0,https://www.instagram.com/p/DUFPyntkuvi/,https://www.instagram.com/p/DUFPyntkuvi/?comment_id=17926803795226665,scraping_instagram,zur4_8,Babiii
18092079407044485,2026-02-26T17:31:12+00:00,6,https://www.instagram.com/p/DUFPyntkuvi/,https://www.instagram.com/p/DUFPyntkuvi/?comment_id=18092079407044485,scraping_instagram,radite_00,Malu KONTOL
18097141943058759,2026-02-26T16:13:12+00:00,0,https://www.instagram.com/p/DUFPyntkuvi/,https://www.instagram.com/p/DUFPyntkuvi/?comment_id=18097141943058759,scraping_instagram,bektii.id,#STOPBAYARPAJAK
17974630461002370,2026-02-26T15:08:52+00:00,0,https://www.instagram.com/p/DUFPyntkuvi/,https://www.instagram.com/p/DUFPyntkuvi/?comment_id=17974630461002370,scraping_instagram,niky_affrizal,"Udah di suruh bayar pajak ribet di tambah yang bayar pajak di suruh bikin laporan keuangan emang anjj bngt, sebenarnya kalian yang laporan sama orang yg bayar pajak uang nya di pakai apa aja konyol"
17904569088203592,2026-02-26T11:53:55+00:00,0,https://www.instagram.com/p/DUFPyntkuvi/,https://www.instagram.com/p/DUFPyntkuvi/?comment_id=17904569088203592,scraping_instagram,lnurmyg,"Alhamdulillah sudah selesai 🙌 terima kasih min , lebih simpel dan ga ribet 🙌"
18091943627163663,2026-02-26T09:56:32+00:00,0,https://www.instagram.com/p/DUFPyntkuvi/,https://www.instagram.com/p/DUFPyntkuvi/?comment_id=18091943627163663,scraping_instagram,muslim_brothers10,Website lu noh kek kontol
18041118722759092,2026-02-26T09:25:16+00:00,0,https://www.instagram.com/p/DUFPyntkuvi/,https://www.instagram.com/p/DUFPyntkuvi/?comment_id=18041118722759092,scraping_instagram,kardu29_,"Min kalau mau daftar Coretax buat badan, dengan datang langsung ke KPP bawa persyaratan nya apa aja?"
17907214221184838,2026-02-26T08:49:26+00:00,0,https://www.instagram.com/p/DUFPyntkuvi/,https://www.instagram.com/p/DUFPyntkuvi/?comment_id=17907214221184838,scraping_instagram,jamesnugraha76,"Input  formulir Kasus, malah ga ada pilihan Negara Indonesia! Aplikasi sampah, nyusahin org."
18062516363659891,2026-02-26T07:58:46+00:00,0,https://www.instagram.com/p/DUFPyntkuvi/,https://www.instagram.com/p/DUFPyntkuvi/?comment_id=18062516363659891,scraping_instagram,yeshuas_painter_oka,Min @ditjenpajakri kalo harta ada pilihan daftar tambah di formnya. Hutangnya ga ada pilihan tambah itu error apa saya yg ga paham apa gmn?
18114107863713486,2026-02-26T07:53:04+00:00,0,https://www.instagram.com/p/DUFPyntkuvi/,https://www.instagram.com/p/DUFPyntkuvi/?comment_id=18114107863713486,scraping_instagram,yeshuas_painter_oka,Min @ditjenpajakri kalo harta ada pilihan daftar tambah di formnya. Hutangnya ga ada pilihan tambah itu error apa saya yg ga paham apa gmn?
18067644911275745,2026-02-26T07:32:36+00:00,0,https://www.instagram.com/p/DUFPyntkuvi/,https://www.instagram.com/p/DUFPyntkuvi/?comment_id=18067644911275745,scraping_instagram,yeshuas_painter_oka,Halo min @ditjenpajakri saya mau lapor hutang di website kok di formnya ga ada tulisan tambah nya? Yang lain ada padahal
18093164138021099,2026-02-26T07:18:25+00:00,29,https://www.instagram.com/p/DUFPyntkuvi/,https://www.instagram.com/p/DUFPyntkuvi/?comment_id=18093164138021099,scraping_instagram,eka_abs,
18128971366531086,2026-02-26T06:47:09+00:00,0,https://www.instagram.com/p/DUFPyntkuvi/,https://www.instagram.com/p/DUFPyntkuvi/?comment_id=18128971366531086,scraping_instagram,myhuman_66,HAMA
18044716838510622,2026-02-26T06:11:52+00:00,0,https://www.instagram.com/p/DUFPyntkuvi/,https://www.instagram.com/p/DUFPyntkuvi/?comment_id=18044716838510622,scraping_instagram,azharryandhi,@togeproductions harus dapat keadilan
17843292966693535,2026-02-26T05:54:21+00:00,0,https://www.instagram.com/p/DUFPyntkuvi/,https://www.instagram.com/p/DUFPyntkuvi/?comment_id=17843292966693535,scraping_instagram,addin.faskha,Selalu gabisa login coretax.. Cuma mau login
17929547376206647,2026-02-26T05:50:45+00:00,0,https://www.instagram.com/p/DUFPyntkuvi/,https://www.instagram.com/p/DUFPyntkuvi/?comment_id=17929547376206647,scraping_instagram,endigea07,Ribetty
17907489900183972,2026-02-26T04:58:23+00:00,0,https://www.instagram.com/p/DUFPyntkuvi/,https://www.instagram.com/p/DUFPyntkuvi/?comment_id=17907489900183972,scraping_instagram,hariyono_anwar,Buat konsep lama sekali kenapa ya masih muter
17984527643789563,2026-02-26T04:41:06+00:00,0,https://www.instagram.com/p/DUFPyntkuvi/,https://www.instagram.com/p/DUFPyntkuvi/?comment_id=17984527643789563,scraping_instagram,granatfc_777,"Kenapa sistem pemerintahan seperti ini? Dlu sebelum coretax aman aman aja,sekarang kenapa jadi ga bisa login? Selalu bacaan nya gagal login.Ada beberapa teman kerja saya seperti itu juga,kami tiap tahun lapor pajak,tapi baru ini seperti ini,buat aplikasi Abal abal"
18086514062237132,2026-02-26T04:26:08+00:00,0,https://www.instagram.com/p/DUFPyntkuvi/,https://www.instagram.com/p/DUFPyntkuvi/?comment_id=18086514062237132,scraping_instagram,dodic_h3n,Posting spt kok g keluar datanya
18116021515722205,2026-02-26T03:17:44+00:00,0,https://www.instagram.com/p/DUFPyntkuvi/,https://www.instagram.com/p/DUFPyntkuvi/?comment_id=18116021515722205,scraping_instagram,sirhan_fikri,TOGE PRODUCTION mau kabur gara2 ente min!
18073159295533561,2026-02-26T01:15:52+00:00,0,https://www.instagram.com/p/DUFPyntkuvi/,https://www.instagram.com/p/DUFPyntkuvi/?comment_id=18073159295533561,scraping_instagram,sir.mamat,Pajak
18072623402422579,2026-02-25T18:33:25+00:00,0,https://www.instagram.com/p/DUFPyntkuvi/,https://www.instagram.com/p/DUFPyntkuvi/?comment_id=18072623402422579,scraping_instagram,geno_only,najis
17867095491487066,2026-02-25T17:11:11+00:00,0,https://www.instagram.com/p/DUFPyntkuvi/,https://www.instagram.com/p/DUFPyntkuvi/?comment_id=17867095491487066,scraping_instagram,deadtoy0u666,kontol
17925826686234468,2026-02-25T13:26:08+00:00,0,https://www.instagram.com/p/DUFPyntkuvi/,https://www.instagram.com/p/DUFPyntkuvi/?comment_id=17925826686234468,scraping_instagram,maliki80980,"Admin, bukti potong belum masuk didokumentasikan saya, solusinya bagaiman?"
18350973316226273,2026-02-25T13:23:04+00:00,0,https://www.instagram.com/p/DUFPyntkuvi/,https://www.instagram.com/p/DUFPyntkuvi/?comment_id=18350973316226273,scraping_instagram,rsdfr,Cortax NYUSAHIN AJA SUDAH KITA YANG BAYAR PAJAK.DI KORUPSI LAGI.BAUT SPT RIBET
18173558206376065,2026-02-25T08:54:25+00:00,0,https://www.instagram.com/p/DUFPyntkuvi/,https://www.instagram.com/p/DUFPyntkuvi/?comment_id=18173558206376065,scraping_instagram,negarawira,ribet g jls. aktifasi aja g bisa
18163412785413184,2026-02-25T06:53:55+00:00,0,https://www.instagram.com/p/DUFPyntkuvi/,https://www.instagram.com/p/DUFPyntkuvi/?comment_id=18163412785413184,scraping_instagram,macanputih.1999,INSTANSI PAJAK HARUSNYA MEMBERIKAAN TELADAN YANG BAIK KEPADA MASYARAKAT. INI MALAH KARYAWAN TIDAK MAU SELESAIKAN KEWAJIBAN BAYAR HUTANG. GIMNA MASYARAKAT MAU TAAT PAJAK KALAU KARYAWAN KALIAN SAJA TIDAK TAAT. TOLONG SAMPAIKAN MARVIS DASON UNTUK SEGERA DIA BAYAR TAGIHANNYA SEKARANG
18109024174776349,2026-02-25T06:32:08+00:00,0,https://www.instagram.com/p/DUFPyntkuvi/,https://www.instagram.com/p/DUFPyntkuvi/?comment_id=18109024174776349,scraping_instagram,hasiaulia,"Oi min, coretax gw belum muncul nih bukti potong BPA1, beberapa temen juga begitu, ngebug kah?"
17847664866689601,2026-02-25T03:28:51+00:00,0,https://www.instagram.com/p/DUFPyntkuvi/,https://www.instagram.com/p/DUFPyntkuvi/?comment_id=17847664866689601,scraping_instagram,felixindo2,"pak, tolong di reconsider utk penggunaan cortex, krn msh bnyk yg error dan tdk paham, akibatnya akan bnyk yg tdk submit SPT thn ini, krn mereka takut salah & tdk paham. BISA TIDAK DIPILOTING DULU BBRAP INSTANSI, BARU THN DEPAN DIPAKAI PUBLIK, DNG ADANYA SOSIALISASI YG GENCAR & JELAS. TERUTAMA UTK PERHITUNGAN PAJAK SUAMI ISTRI PH, AGAR TDK DIJEBAK LG DGN  KURANG BAYAR, PDHAL KITA SDH TAAT BAYAR PAJAK DARI KANTOR! SEMOGA DIDENGAR & SEGERA DILAKSANAKAN! TX PAK"
18072691121532930,2026-02-25T02:25:23+00:00,0,https://www.instagram.com/p/DUFPyntkuvi/,https://www.instagram.com/p/DUFPyntkuvi/?comment_id=18072691121532930,scraping_instagram,_sembarang28,Min aktivasi akun tidak bisa karena kolom verify otp hilang di web
18097628342496079,2026-02-25T01:36:47+00:00,0,https://www.instagram.com/p/DUFPyntkuvi/,https://www.instagram.com/p/DUFPyntkuvi/?comment_id=18097628342496079,scraping_instagram,tzy_kakku,Ngapa RIBET BNGT SII !!!!
18015727637656797,2026-02-25T01:11:06+00:00,0,https://www.instagram.com/p/DUFPyntkuvi/,https://www.instagram.com/p/DUFPyntkuvi/?comment_id=18015727637656797,scraping_instagram,tzy_kakku,AYOLAHHJ !!!! . gua lgi ngejar waktu ini. Jangan smpe masalah krena keterlambatan sistem lu. Batas tgl 26. Elah gimana si nyusahin rakyat !!!
17855220225620414,2026-02-24T23:36:43+00:00,0,https://www.instagram.com/p/DUFPyntkuvi/,https://www.instagram.com/p/DUFPyntkuvi/?comment_id=17855220225620414,scraping_instagram,yahya.harun.1042,Dari Ruwaifi’ ibn Tsabit berkata: “Saya mendengar Rasulullah saw bersabda: “Pemungut pajak adalah ahli neraka”.
18180674446333019,2026-02-24T23:30:33+00:00,0,https://www.instagram.com/p/DUFPyntkuvi/,https://www.instagram.com/p/DUFPyntkuvi/?comment_id=18180674446333019,scraping_instagram,yahya.harun.1042,Wes bayar pajak ijeh kon lapor jan asu tenan ki wong pajak
17854557939654354,2026-02-24T22:10:38+00:00,0,https://www.instagram.com/p/DUFPyntkuvi/,https://www.instagram.com/p/DUFPyntkuvi/?comment_id=17854557939654354,scraping_instagram,yyuli1519,"Tolong la min semua yg komentar disni ditanggapi 😢gak tau mau ngaduh dan ngeluh dimana, gilak bener pph21 potongan besar bgt"
18045963119727230,2026-02-24T21:25:02+00:00,0,https://www.instagram.com/p/DUFPyntkuvi/,https://www.instagram.com/p/DUFPyntkuvi/?comment_id=18045963119727230,scraping_instagram,yovi.al.faridzi,
18080610875202387,2026-02-24T21:23:38+00:00,0,https://www.instagram.com/p/DUFPyntkuvi/,https://www.instagram.com/p/DUFPyntkuvi/?comment_id=18080610875202387,scraping_instagram,yovi.al.faridzi,"Web lu kek kntol, orang goblok mana yang lu suruh buat web tolol, nyuruh verifikasi nomor sama email tapi kaga ada kolom masukin code"
17965865951882122,2026-02-24T20:40:39+00:00,0,https://www.instagram.com/p/DUFPyntkuvi/,https://www.instagram.com/p/DUFPyntkuvi/?comment_id=17965865951882122,scraping_instagram,akusayaaku030,Ke kantor pajak buat npwp smpe kantor sistem error Di surh tunggu chat udh 1 bulan belum ada pesan yg masuk baik yg lewat wa /gmail
18086157836226116,2026-02-24T16:17:22+00:00,0,https://www.instagram.com/p/DUFPyntkuvi/,https://www.instagram.com/p/DUFPyntkuvi/?comment_id=18086157836226116,scraping_instagram,indahdesiya,WEBSITE CORTEK RIBET ANJ
18066763133274407,2026-02-24T15:46:28+00:00,0,https://www.instagram.com/p/DUFPyntkuvi/,https://www.instagram.com/p/DUFPyntkuvi/?comment_id=18066763133274407,scraping_instagram,dedonevv,"Kak, kalo cara mengedit atau merubah data yang sudah terlanjur dilaporkan bagaimana? Seharusnya Nihil tapi malah Kurang Bayar??"
18105850216834374,2026-02-24T13:20:35+00:00,0,https://www.instagram.com/p/DUFPyntkuvi/,https://www.instagram.com/p/DUFPyntkuvi/?comment_id=18105850216834374,scraping_instagram,iamapestor25,Hebat benar DJP bisa menjual saham investor yg nunggak
17925925479235183,2026-02-24T10:21:37+00:00,0,https://www.instagram.com/p/DUFPyntkuvi/,https://www.instagram.com/p/DUFPyntkuvi/?comment_id=17925925479235183,scraping_instagram,abina_trading,"Yth Pak Purbaya, mohon diberi perpanjangan waktu pelaporan SPT OP yg berakhir maret diperpanjang sampai Mei 2026 karena  system coretax yang baru dan banyak hari libur.terima kasih"
18411933886127622,2026-02-24T07:59:58+00:00,0,https://www.instagram.com/p/DUFPyntkuvi/,https://www.instagram.com/p/DUFPyntkuvi/?comment_id=18411933886127622,scraping_instagram,renrwa,Min solusi REG-KODJP-00024 gimana pas klik bayar dan lapor di bagian tanda tangan dokumen
18057399374398468,2026-02-24T07:49:37+00:00,0,https://www.instagram.com/p/DUFPyntkuvi/,https://www.instagram.com/p/DUFPyntkuvi/?comment_id=18057399374398468,scraping_instagram,lukidiansagita,Kak tanya dong. Aku kan kerja 21 th. Di PHK 31 des 25. Sampai skrg dan setwrusnya sdh gak mau kerja lagi. Apakah bs lgsg minta nonaktifkan NPWP ato harus lapor SPT 2025 dl?
17973642110841056,2026-02-24T07:45:27+00:00,0,https://www.instagram.com/p/DUFPyntkuvi/,https://www.instagram.com/p/DUFPyntkuvi/?comment_id=17973642110841056,scraping_instagram,nancy_kawaii,Jangan dikorupsi ya uang pajak kita. Udh cape mau lapor SPT nya jg.
18108250213685604,2026-02-24T03:34:26+00:00,0,https://www.instagram.com/p/DUFPyntkuvi/,https://www.instagram.com/p/DUFPyntkuvi/?comment_id=18108250213685604,scraping_instagram,fajar.kertodanuri,data anggota keluarga ngaco ga sesuai gimana solusinya
17887689222441260,2026-02-24T03:05:55+00:00,0,https://www.instagram.com/p/DUFPyntkuvi/,https://www.instagram.com/p/DUFPyntkuvi/?comment_id=17887689222441260,scraping_instagram,mochinalovely,"Taik ihhhhh harus bayar pajak setelah bekerja padahal pemerintah enga nyumbang apa, anjinglahhhhh"
18112899967728707,2026-02-24T02:20:57+00:00,0,https://www.instagram.com/p/DUFPyntkuvi/,https://www.instagram.com/p/DUFPyntkuvi/?comment_id=18112899967728707,scraping_instagram,devianainds,"@ditjenpajakri min mau tlp kring pajak kok sibuk terus ya, pagi siang selalu sibuk tidak bisa dihubungi."
18105585340637910,2026-02-24T00:51:17+00:00,0,https://www.instagram.com/p/DUFPyntkuvi/,https://www.instagram.com/p/DUFPyntkuvi/?comment_id=18105585340637910,scraping_instagram,akhmad91_,"Min, kalau waktu posting spt tahunan muncul notifikasi operasi gagal terus gimana?"
18090061547025212,2026-02-23T21:15:15+00:00,0,https://www.instagram.com/p/DUFPyntkuvi/,https://www.instagram.com/p/DUFPyntkuvi/?comment_id=18090061547025212,scraping_instagram,giegiepoe,Min... kalau mau non aktif karena sudah tidak bekerja bagaimana
18088417214152534,2026-02-23T15:18:48+00:00,0,https://www.instagram.com/p/DUFPyntkuvi/,https://www.instagram.com/p/DUFPyntkuvi/?comment_id=18088417214152534,scraping_instagram,davidsitinjak216,Min mhn pencerahan  kalo sdh pernah ikut TA bgm mengisi coretax  apakah hanya yang dikuar  periode atau yg sdh pernah dilapirkan di TA hartabya
17964797856010212,2026-02-23T10:18:12+00:00,0,https://www.instagram.com/p/DUFPyntkuvi/,https://www.instagram.com/p/DUFPyntkuvi/?comment_id=17964797856010212,scraping_instagram,william_adis,"Min menu aktivasi coretax gak bisa, mohon di bantu"
17895798939261730,2026-02-23T10:06:24+00:00,0,https://www.instagram.com/p/DUFPyntkuvi/,https://www.instagram.com/p/DUFPyntkuvi/?comment_id=17895798939261730,scraping_instagram,lesp4ul,"Min, saya mau bikin SPT pekerjaan bebas di coretax kok ga bisa? padahal sudah dapat NPPN"
17915912640292653,2026-02-23T09:33:04+00:00,0,https://www.instagram.com/p/DUFPyntkuvi/,https://www.instagram.com/p/DUFPyntkuvi/?comment_id=17915912640292653,scraping_instagram,mutaigopta,kalo gak dibalas2 ini akun bodong ya? bisa report aja dong?
18096798532949137,2026-02-23T09:29:54+00:00,0,https://www.instagram.com/p/DUFPyntkuvi/,https://www.instagram.com/p/DUFPyntkuvi/?comment_id=18096798532949137,scraping_instagram,mutaigopta,"@ditjenpajakri Heran, kalian saja sadar sistem kalian tidak mudah dimengerti, buktinya kalian tulis ""Jika kamu mengalami kesulitan..."" tapi masih saja diteruskan sistem2 ribet begini. Jika mau bayar pajak dgn benar saja harus disuruh belajar dulu, sampai keluar uang pake konsultan segala, itu namanya gak benar. Jd yg gak punya uang konsultasi kena sanksi? Ngomong gampang suruh ke kantor pajak? emangnya gak pake ongkos? belum lagi butuh sediakan waktu ngantri segala, apa kalian mau ganti waktu dan ongkosnya? Kok terkesan main2 sama rakyat?"
18094341287060448,2026-02-23T09:20:04+00:00,0,https://www.instagram.com/p/DUFPyntkuvi/,https://www.instagram.com/p/DUFPyntkuvi/?comment_id=18094341287060448,scraping_instagram,mutaigopta,"@ditjenpajakri duh kenapa sih tiap tahun urusan pajak aja kita harus ribet, harus belajar ulang? kayaknya hampir tiap tahun berubah2 aturan dan cara2nya. Kita mau bener bayar pajak aja jadi merasa dipersulit. Kalian para pejabat yg buat aturan apa tidak sadar? hal2 yg kalian buat jg berlaku buat diri kalian, kerabat dan saudara2 kalian. Jadi yg benar dalam membuat aturan. Karma itu nyata!"
18142681777471090,2026-02-23T08:06:27+00:00,0,https://www.instagram.com/p/DUFPyntkuvi/,https://www.instagram.com/p/DUFPyntkuvi/?comment_id=18142681777471090,scraping_instagram,muhamad_parhan_,"Org mau pd ngaish duit, di persulit, aneh nih dirjen pajak, sistemnya ribet bgt, taun kmrin lbh simple, skrg makin ribet, jd males bayar pajaknya jg"
18034497092578732,2026-02-23T08:03:46+00:00,0,https://www.instagram.com/p/DUFPyntkuvi/,https://www.instagram.com/p/DUFPyntkuvi/?comment_id=18034497092578732,scraping_instagram,muhamad_parhan_,"Ko makin kesini makin ribet ya sistemnya, bisa dipertimbangkan sistemnya jgn ribet seperti itu, malas orang mau bayar pajak"
18191172064348107,2026-02-23T07:59:07+00:00,0,https://www.instagram.com/p/DUFPyntkuvi/,https://www.instagram.com/p/DUFPyntkuvi/?comment_id=18191172064348107,scraping_instagram,qiqi_khoirul,"Ribet padahal pph 21 sudah otomatis di potong perbulan tapi kenapa saat lapor masih kurang bayar dan kolom nominal yang di bayarkan pemberi kerja jadi 0, sistem coretax sangat sangat gak guna"
17915628495291986,2026-02-23T07:23:26+00:00,0,https://www.instagram.com/p/DUFPyntkuvi/,https://www.instagram.com/p/DUFPyntkuvi/?comment_id=17915628495291986,scraping_instagram,maulidionicza,"Sampah banget login ga bisa, udah clear cookie jg ama clear cache @ditjenpajakri @kringpajak1500200"
17913607935316967,2026-02-23T07:20:06+00:00,0,https://www.instagram.com/p/DUFPyntkuvi/,https://www.instagram.com/p/DUFPyntkuvi/?comment_id=17913607935316967,scraping_instagram,joker_tarot7,"NAMA : MARVIS DASON
NIP : 197103161998031001
UNIT KERJA : KDKPPN Padang/KPP PRATAMA PADANG SATU
No Hp/wa : 08119401301
TOLONG DI TINDAK PNS @ditjenpajakri @menkeuri ,, Tlah mempunyai Utang Puluhan Juta di Perusahaan Aplikasi Pinjaman Online ,,Jangan di biarkan Negara ini Rusak dari Pegawai Negara yang mempunyai Jiwa jiwa Pencuri/Koruptor,"
17857448553663882,2026-02-23T06:50:04+00:00,0,https://www.instagram.com/p/DUFPyntkuvi/,https://www.instagram.com/p/DUFPyntkuvi/?comment_id=17857448553663882,scraping_instagram,noviesenan,Tolong donk pembuatan pajak jangan di bikin ribet. Percuma Lo buat website ujung ujungnya di perumit trus harus datang ke kantor pajak. Waktu gw yang berharga harus tersita hanya buat 1 kartu yang cuma bisa motong terus pendapatan gw !
17898337650392397,2026-02-23T06:09:16+00:00,0,https://www.instagram.com/p/DUFPyntkuvi/,https://www.instagram.com/p/DUFPyntkuvi/?comment_id=17898337650392397,scraping_instagram,wadhe_hoba,min bagaimana caranya kalau bukti potongnya belum muncul di dokumen..
17853389985671999,2026-02-23T04:23:00+00:00,0,https://www.instagram.com/p/DUFPyntkuvi/,https://www.instagram.com/p/DUFPyntkuvi/?comment_id=17853389985671999,scraping_instagram,rhabdul,Lebih ribet min @ditjenpajakri  #saveefiling 😂
18112122439636342,2026-02-23T04:14:26+00:00,0,https://www.instagram.com/p/DUFPyntkuvi/,https://www.instagram.com/p/DUFPyntkuvi/?comment_id=18112122439636342,scraping_instagram,rickyramadhan666,"SUMPAH GW MAU LAPOR SPT TAHUNAN, RIBET NYA MINTA MAPUN ERORR TERUS!!!!"
17999346590902388,2026-02-22T20:03:30+00:00,0,https://www.instagram.com/p/DUFPyntkuvi/,https://www.instagram.com/p/DUFPyntkuvi/?comment_id=17999346590902388,scraping_instagram,yamadhimas,"Ruwet, udah mulai terbiasa sama form 1770 malah utak atik mlulu"
18380021884081502,2026-02-22T07:52:21+00:00,0,https://www.instagram.com/p/DUFPyntkuvi/,https://www.instagram.com/p/DUFPyntkuvi/?comment_id=18380021884081502,scraping_instagram,se.facile,"3 jam duduk di depan laptop, masih gak bisa juga lapor pajak. TERLALU RIBET. Saya yang bayar kok saya yang ribet."
18103582000872111,2026-02-22T07:38:42+00:00,0,https://www.instagram.com/p/DUFPyntkuvi/,https://www.instagram.com/p/DUFPyntkuvi/?comment_id=18103582000872111,scraping_instagram,yeahbangbae,"Ribet bgtt, ganti lagi lu sistem baru"
18221376421310376,2026-02-22T04:49:35+00:00,0,https://www.instagram.com/p/DUFPyntkuvi/,https://www.instagram.com/p/DUFPyntkuvi/?comment_id=18221376421310376,scraping_instagram,sephiash,"halo min. NPWP saya kan sebelumnya non aktif, lalu mau di aktifkan kembali melalui coretax, tapi belum ada email balasan untuk pw sementara login akun coretax nya, itu bagaimana ya?"
18328406071222067,2026-02-22T04:18:17+00:00,0,https://www.instagram.com/p/DUFPyntkuvi/,https://www.instagram.com/p/DUFPyntkuvi/?comment_id=18328406071222067,scraping_instagram,andyfans_mufc,"Kenapa sih lapor pajak ribet bgt, lapornya pake kata2 yang hak dipahami masyarakat umum😢, model cortex ini jg bkin bingung"
18141980611488144,2026-02-22T03:52:17+00:00,0,https://www.instagram.com/p/DUFPyntkuvi/,https://www.instagram.com/p/DUFPyntkuvi/?comment_id=18141980611488144,scraping_instagram,rin_ni7,Sudah klik pekerjaan dan posting malah di bilang belum klik pekerjaan dari desember sampai februari itu aja masalahnya gak kelar² lapor spt nya
18106833025694971,2026-02-21T19:18:43+00:00,0,https://www.instagram.com/p/DUFPyntkuvi/,https://www.instagram.com/p/DUFPyntkuvi/?comment_id=18106833025694971,scraping_instagram,prassigiiit1,Kita yg bayar kita yg ribet. .negara ini sehat ?
18118977451610794,2026-02-21T11:33:24+00:00,0,https://www.instagram.com/p/DUFPyntkuvi/,https://www.instagram.com/p/DUFPyntkuvi/?comment_id=18118977451610794,scraping_instagram,404.testa,Ribetnyoooo punyaku gbsa bisa
18093671468045120,2026-02-21T10:55:45+00:00,0,https://www.instagram.com/p/DUFPyntkuvi/,https://www.instagram.com/p/DUFPyntkuvi/?comment_id=18093671468045120,scraping_instagram,royanih88,"Kok semenjak gangguan dari jumat minggu lalu selalu failed posting SPT Des'25 dah seneng jumat kemarin posting completed eh pas diperiksa kok lampiran 1b salah satu karyawan gajinya ampe minus 2milyar, solusi gmn min😐"
18455334007098415,2026-02-21T10:03:04+00:00,0,https://www.instagram.com/p/DUFPyntkuvi/,https://www.instagram.com/p/DUFPyntkuvi/?comment_id=18455334007098415,scraping_instagram,alsya_latief06,Males bgt nnti tuh duit masuk ke rekening nya Donald trump
17897177196253683,2026-02-21T08:32:57+00:00,0,https://www.instagram.com/p/DUFPyntkuvi/,https://www.instagram.com/p/DUFPyntkuvi/?comment_id=17897177196253683,scraping_instagram,heyyantii,"Ko ptkp engga muncul sih min, permohonan detail bank juga sama kagak muncul2 pdahal udah buat oermohonan"
18055097993697395,2026-02-21T07:36:31+00:00,0,https://www.instagram.com/p/DUFPyntkuvi/,https://www.instagram.com/p/DUFPyntkuvi/?comment_id=18055097993697395,scraping_instagram,notyours7715,Halo min
18172914667382554,2026-02-21T05:47:54+00:00,0,https://www.instagram.com/p/DUFPyntkuvi/,https://www.instagram.com/p/DUFPyntkuvi/?comment_id=18172914667382554,scraping_instagram,john.lemoonn,eror ga bisa login
18099099151929870,2026-02-21T04:49:13+00:00,0,https://www.instagram.com/p/DUFPyntkuvi/,https://www.instagram.com/p/DUFPyntkuvi/?comment_id=18099099151929870,scraping_instagram,iksnnsj,"tolong lah min bnrin tu web salah gagal mulu kolom jenis pekerjaan ga jelas banget layanan pemerintah banyak banget salahnya,ga pajak djp ga pajak pbb ga layanan kesehatan semua webnya gada yg bnr masa layanan pemerintah"
18088810808276949,2026-02-21T00:49:41+00:00,0,https://www.instagram.com/p/DUFPyntkuvi/,https://www.instagram.com/p/DUFPyntkuvi/?comment_id=18088810808276949,scraping_instagram,amalia_yusnia,"min mau tanya, klo belum ada bupot gmna ya..?"
18084244040264628,2026-02-20T15:26:32+00:00,0,https://www.instagram.com/p/DUFPyntkuvi/,https://www.instagram.com/p/DUFPyntkuvi/?comment_id=18084244040264628,scraping_instagram,christofer_lim,"Ngerti cara bikin web dan UI/UX nya ga? Ini web apaan, mulai dr aktivasi aja se-bobrok ini. Masih mending yg sebelumnya walaupun jelek, ini malah lebih parah"
18138095572494913,2026-02-20T14:51:38+00:00,0,https://www.instagram.com/p/DUFPyntkuvi/,https://www.instagram.com/p/DUFPyntkuvi/?comment_id=18138095572494913,scraping_instagram,nanda_rino,"Mau audit kekayaan rakyat , terus di pajak i, pdhl alokasi pajak untuk pembuatan web coretax yg abis 1 Trilliun tp jelek ini gak bisa diaudit kemana larinya tuh uang.."
18091341293322941,2026-02-20T10:05:20+00:00,0,https://www.instagram.com/p/DUFPyntkuvi/,https://www.instagram.com/p/DUFPyntkuvi/?comment_id=18091341293322941,scraping_instagram,jasalivestreamingmurah,❤️❤️❤️
17911880958304206,2026-02-20T09:12:14+00:00,0,https://www.instagram.com/p/DUFPyntkuvi/,https://www.instagram.com/p/DUFPyntkuvi/?comment_id=17911880958304206,scraping_instagram,5232ridwan,"Lupa akun sama emailnya karna hp kerestart, gimana yah?"
18094434044061630,2026-02-20T08:07:56+00:00,0,https://www.instagram.com/p/DUFPyntkuvi/,https://www.instagram.com/p/DUFPyntkuvi/?comment_id=18094434044061630,scraping_instagram,bvdisiregar,"min bagaimana mengenai tarif 0,5 % masih bisa dipakaikah untuk spt yang sudah berjalan dr tahun 2018, sedangkan beritanya di perpanjang sampai 2029 mohon penjelasannya"
18086706973936830,2026-02-20T07:51:09+00:00,0,https://www.instagram.com/p/DUFPyntkuvi/,https://www.instagram.com/p/DUFPyntkuvi/?comment_id=18086706973936830,scraping_instagram,secootcasper,"Situs nya ada tim CS nya gasih, ada kendala bingung mau minta tolong ke mana"
17953977404940208,2026-02-20T07:33:53+00:00,0,https://www.instagram.com/p/DUFPyntkuvi/,https://www.instagram.com/p/DUFPyntkuvi/?comment_id=17953977404940208,scraping_instagram,gemima_cloud,"Pegawai2 pajak ni dosanya gak main2 ya kalo ngambil yg bukan hak nya. Termasuk gajinya loh karna yg kalian kelola itukan amanah ya. Seperak aja ada pertanggungjawaban nya nanti di akhirat. Ya sekarang si kalian masih sehat masih okelah denial, tapi orang kan gak hidup selamanya. Saran guamah buru2 cari kerjaan yg lebih baik, halal, barokah, bikin hidup tenang deh."
18339187588211276,2026-02-20T07:32:04+00:00,0,https://www.instagram.com/p/DUFPyntkuvi/,https://www.instagram.com/p/DUFPyntkuvi/?comment_id=18339187588211276,scraping_instagram,ina_permadani,"Min, ini mau unduh potongan pph 21 A1 kok error 500. Bisa dibantu?"
18562293397016492,2026-02-20T04:30:55+00:00,0,https://www.instagram.com/p/DUFPyntkuvi/,https://www.instagram.com/p/DUFPyntkuvi/?comment_id=18562293397016492,scraping_instagram,candrakim__,"buat yg blm punya npwp, bisa ga sih bikinnya online aja? 🙌"
18254647738294689,2026-02-20T04:15:10+00:00,0,https://www.instagram.com/p/DUFPyntkuvi/,https://www.instagram.com/p/DUFPyntkuvi/?comment_id=18254647738294689,scraping_instagram,novitaaadr,Emailnyaa ga validd trsss taun taun sebelumnya padahal pake email itu hasil lapor pajak juga dikirim ke email ituu... Hrs lapor kemanaaa min?
17911371399299609,2026-02-20T03:54:43+00:00,0,https://www.instagram.com/p/DUFPyntkuvi/,https://www.instagram.com/p/DUFPyntkuvi/?comment_id=17911371399299609,scraping_instagram,arles_10,"Mohon info, mau lapor pph21 dari kmrn ga ada pilihan bayar dan lapor, kenapa ya.."
18133059262509513,2026-02-20T03:45:01+00:00,0,https://www.instagram.com/p/DUFPyntkuvi/,https://www.instagram.com/p/DUFPyntkuvi/?comment_id=18133059262509513,scraping_instagram,chariischa,helloooooowwww...... mau lapor spt 21 gk bisa.... cepat d perbaiki
18109875784736827,2026-02-20T03:33:47+00:00,0,https://www.instagram.com/p/DUFPyntkuvi/,https://www.instagram.com/p/DUFPyntkuvi/?comment_id=18109875784736827,scraping_instagram,adinda_wanodya,"Posting pph 21 seabad, sengaja apa gmn ini sistem supaya WP telat lapor gara2 sistem terus bisa mengenakan denda ke WP."
18117657466719463,2026-02-20T02:31:07+00:00,0,https://www.instagram.com/p/DUFPyntkuvi/,https://www.instagram.com/p/DUFPyntkuvi/?comment_id=18117657466719463,scraping_instagram,jumsaputri_,Pertanyaan orang2 ga ada yang dijawab
18093080828081238,2026-02-20T01:57:17+00:00,0,https://www.instagram.com/p/DUFPyntkuvi/,https://www.instagram.com/p/DUFPyntkuvi/?comment_id=18093080828081238,scraping_instagram,nurul_septianti,"Ada yang sama ya tombol lapor dan bayar di PPh 21 ga muncul dari smlm 😢, kenapa ya"
18089497186888156,2026-02-19T13:50:05+00:00,0,https://www.instagram.com/p/DUFPyntkuvi/,https://www.instagram.com/p/DUFPyntkuvi/?comment_id=18089497186888156,scraping_instagram,ong9232,"SPT  THNAN  OP  th  2025,  pelaporannya  diperpanjang  gak  yah ?"
18052201769665259,2026-02-19T13:48:37+00:00,0,https://www.instagram.com/p/DUFPyntkuvi/,https://www.instagram.com/p/DUFPyntkuvi/?comment_id=18052201769665259,scraping_instagram,sisiskaok,Miiin saya mau lapor SPT 2025 di coretax tapi OTP gak diterima. Saya sudah coba via email dan Nomer HP tapi OTP gak diterima.
18107001229692632,2026-02-19T11:40:24+00:00,0,https://www.instagram.com/p/DUFPyntkuvi/,https://www.instagram.com/p/DUFPyntkuvi/?comment_id=18107001229692632,scraping_instagram,_dian_wulandari,Ada yg tau ga kenapa tiba2 muncul L2 awalnya cuma L1 aja
18154391989431351,2026-02-19T11:35:44+00:00,0,https://www.instagram.com/p/DUFPyntkuvi/,https://www.instagram.com/p/DUFPyntkuvi/?comment_id=18154391989431351,scraping_instagram,abriliaa.liaa,Ini bikin pembetulan pph 21 emang gk bisa kah? Pph 21 bukan pegawai gk masuk di sistem?
17903708067362712,2026-02-19T10:04:07+00:00,0,https://www.instagram.com/p/DUFPyntkuvi/,https://www.instagram.com/p/DUFPyntkuvi/?comment_id=17903708067362712,scraping_instagram,adiputra_young,Saya dari tahun 2024 bikin npwp online ga pernah bisa min selalu gagal di kolong jenis pekerjaan
18074734121111374,2026-02-19T08:09:17+00:00,0,https://www.instagram.com/p/DUFPyntkuvi/,https://www.instagram.com/p/DUFPyntkuvi/?comment_id=18074734121111374,scraping_instagram,haryonosihombing,EH MONYET...INI MAU LAPOR SPT 21 KENAPA TOMBOL LAPORNYA ENTE ILANGIN @DITJENPAJAKRI
17889496311305021,2026-02-19T07:45:55+00:00,45,https://www.instagram.com/p/DUFPyntkuvi/,https://www.instagram.com/p/DUFPyntkuvi/?comment_id=17889496311305021,scraping_instagram,kenny_dpardosi,Coretax aplikasi apaan sih? kebanyakan nanya. Ini aplikasi tanya jawab kah?
18083344781218834,2026-02-19T06:57:42+00:00,0,https://www.instagram.com/p/DUFPyntkuvi/,https://www.instagram.com/p/DUFPyntkuvi/?comment_id=18083344781218834,scraping_instagram,aira.putri15,"mahal kali pajak indonesia pepek,uang nya pun tah kemana kelen buat bujang"
18126800962553890,2026-02-19T06:29:30+00:00,0,https://www.instagram.com/p/DUFPyntkuvi/,https://www.instagram.com/p/DUFPyntkuvi/?comment_id=18126800962553890,scraping_instagram,fjr.sidikz,udah apa2 dipajakin kita juga rakyat suruh kerja lapor pajak kocak
18081954224350201,2026-02-19T05:58:52+00:00,0,https://www.instagram.com/p/DUFPyntkuvi/,https://www.instagram.com/p/DUFPyntkuvi/?comment_id=18081954224350201,scraping_instagram,yulianto_eko22,"Pak kapan cortex di benerin, mau daftar npwp aja susah banget tai, eror mulu,"
18091931282013560,2026-02-19T05:10:59+00:00,0,https://www.instagram.com/p/DUFPyntkuvi/,https://www.instagram.com/p/DUFPyntkuvi/?comment_id=18091931282013560,scraping_instagram,ibenktory,Ribet bangetttt 😢
18116124004715637,2026-02-19T04:00:23+00:00,0,https://www.instagram.com/p/DUFPyntkuvi/,https://www.instagram.com/p/DUFPyntkuvi/?comment_id=18116124004715637,scraping_instagram,budiarif_13,Aduh susah bgt ya ini bikin NPWP online situsnya susah bgt di akses gamau masuk masuk
18344298472232839,2026-02-19T03:25:18+00:00,0,https://www.instagram.com/p/DUFPyntkuvi/,https://www.instagram.com/p/DUFPyntkuvi/?comment_id=18344298472232839,scraping_instagram,bynsobyn,Apakah PPPK Paruh Waktu wajib lapor pajak?
18073708541417319,2026-02-19T01:21:04+00:00,0,https://www.instagram.com/p/DUFPyntkuvi/,https://www.instagram.com/p/DUFPyntkuvi/?comment_id=18073708541417319,scraping_instagram,thaleeta_ta,"Min, npwp langsung terdaftar kah tanpa ybs mendaftar? Aku mau dftar coretax baru masukin nik tulisannya udah terdaftar."
18556254865029752,2026-02-18T23:26:56+00:00,0,https://www.instagram.com/p/DUFPyntkuvi/,https://www.instagram.com/p/DUFPyntkuvi/?comment_id=18556254865029752,scraping_instagram,robert_tjoawansan,"Ngntod lh byr pajak, kita capek2 cari kerja cari uang malah di mintain pajak gk ngotak pula"
18080229602036178,2026-02-18T22:26:26+00:00,0,https://www.instagram.com/p/DUFPyntkuvi/,https://www.instagram.com/p/DUFPyntkuvi/?comment_id=18080229602036178,scraping_instagram,ahmadr1156,HARI GINI KOK MASIH ADA YG MAU BAYAR GAJI GIBRAN WOWKOWWK
17950568085092227,2026-02-18T16:09:49+00:00,0,https://www.instagram.com/p/DUFPyntkuvi/,https://www.instagram.com/p/DUFPyntkuvi/?comment_id=17950568085092227,scraping_instagram,poccaripink,Min kalau suami tidak kerja dan npwp non-aktif apakah PTKP bisa dialihkan ke Istri?
17962757694044436,2026-02-18T15:08:42+00:00,0,https://www.instagram.com/p/DUFPyntkuvi/,https://www.instagram.com/p/DUFPyntkuvi/?comment_id=17962757694044436,scraping_instagram,fondada36,"Mau lapor, susah banget, sudah itikad baik lho. Tapi susah sekali"
18112981312730544,2026-02-18T07:34:48+00:00,0,https://www.instagram.com/p/DUFPyntkuvi/,https://www.instagram.com/p/DUFPyntkuvi/?comment_id=18112981312730544,scraping_instagram,poks_yann,Mau ngubah password cortexdjp Susah nya minta ampun...orang yg Mau setia ke negara dipersulit
18554898811055441,2026-02-18T07:31:13+00:00,0,https://www.instagram.com/p/DUFPyntkuvi/,https://www.instagram.com/p/DUFPyntkuvi/?comment_id=18554898811055441,scraping_instagram,icha_ichigo99,"Min kok ada pop up Operasi Gagal
X
Please input at least one asset on L1 Form!, padahal udah isi juga di L1 nya"
18071410349390911,2026-02-18T05:31:29+00:00,0,https://www.instagram.com/p/DUFPyntkuvi/,https://www.instagram.com/p/DUFPyntkuvi/?comment_id=18071410349390911,scraping_instagram,rulyfauzi,"Saya sudah membuang waktu saya dari pagi hingga siang hanya untuk memahami bagaimana cara SPT agar nihil. menambah anggota keluarga yg baru lahir. dll. saya yakin bisa lebih mudah, dengan istilah2 yang saya tidak perlu googling dulu. Pasrah saja lah, yg penting sudah usaha. Coretax luar biasa sulit untuk dimengerti."
17883677982351855,2026-02-18T05:14:56+00:00,0,https://www.instagram.com/p/DUFPyntkuvi/,https://www.instagram.com/p/DUFPyntkuvi/?comment_id=17883677982351855,scraping_instagram,mr_yspht,Ribet. Meningkatkan level stres sy.
18094485028983870,2026-02-18T02:24:03+00:00,0,https://www.instagram.com/p/DUFPyntkuvi/,https://www.instagram.com/p/DUFPyntkuvi/?comment_id=18094485028983870,scraping_instagram,tazkia_na,"ini kalo mau lapor ada kendala dan sejenisnya hubungi kemana ya? udh coba hubungin kring pajak gapernah bisa, hubungin call center KPP terdekat juga no respond, DM instagram ada notifikasi can’t receive new message. trs kalo masyarakat mau lapor gimana? masa kualitas pelayanan masyarakatnya rendah bgt @menkeuri @kemenkeuri @purbayayudhi.official"
17877654633493833,2026-02-17T17:08:01+00:00,0,https://www.instagram.com/p/DUFPyntkuvi/,https://www.instagram.com/p/DUFPyntkuvi/?comment_id=17877654633493833,scraping_instagram,igamarasta_putra,"Udah kerja gak dibantu negara, kita bayar pajak untuk negara, pas laporan pajak, ribwt banget sama bahasa² perpajakan, mereka yg orang pajak ini gak ada inovasi yg simpel ya 😂😂😂"
18402992788131035,2026-02-17T15:49:53+00:00,0,https://www.instagram.com/p/DUFPyntkuvi/,https://www.instagram.com/p/DUFPyntkuvi/?comment_id=18402992788131035,scraping_instagram,endrapontoh,"Mata duitan orang pajak, gak inget di alam kubur nanti 😡😡😡😡"
18172820341348093,2026-02-17T15:49:05+00:00,0,https://www.instagram.com/p/DUFPyntkuvi/,https://www.instagram.com/p/DUFPyntkuvi/?comment_id=18172820341348093,scraping_instagram,endrapontoh,"KEPADA BPK PRESIDEN PRABOWO ""  PECAT SEMUA DIRJEND DAN PEGAWAI PAJAK SELURUH INDONESIA.... GARA GARA KESALAHAN DR PAJAK SHM RUMAH SAYA JADI TERBENGKALAI.... VIRALKAN POSTINGAN KOMENT INI. 😡😡😡😡😡"
17901776160365401,2026-02-17T14:27:51+00:00,0,https://www.instagram.com/p/DUFPyntkuvi/,https://www.instagram.com/p/DUFPyntkuvi/?comment_id=17901776160365401,scraping_instagram,sudiyonoyonex,"Rumit dan ribet , apakah tidak bisa d permudah lurr"
18405293653135081,2026-02-17T08:21:23+00:00,0,https://www.instagram.com/p/DUFPyntkuvi/,https://www.instagram.com/p/DUFPyntkuvi/?comment_id=18405293653135081,scraping_instagram,frhdn06,"ko kolom rekening harus d isi sih? kan itu kolomnya abu2... gabisa clik 'bayar dan lapor"""
18171162514389959,2026-02-17T06:40:42+00:00,0,https://www.instagram.com/p/DUFPyntkuvi/,https://www.instagram.com/p/DUFPyntkuvi/?comment_id=18171162514389959,scraping_instagram,redxozss,"Eror trus kon, udah bagus bagus kayaq tahun kemarin malah beda lagi tahun ini cara pelaporan, bukan nya tambah dipermudah malah tambah mempersulit"
18164621509407501,2026-02-17T06:18:03+00:00,0,https://www.instagram.com/p/DUFPyntkuvi/,https://www.instagram.com/p/DUFPyntkuvi/?comment_id=18164621509407501,scraping_instagram,zhaf_hafid,"Mau aktivasi ja g bisa2, seminggu penuh ngoba g berhasil2 pas nyimpen gagal, digitalisasi kok Tamba nyusahkan, dari tahun ke tahun pajak g Tamba bagus adanya tambah g jelas nyusahin ,kalau mau dapat bansos sek lumayan dipersulit mau laporan ini wooooyyyyyyy"
18106838206828417,2026-02-17T04:25:30+00:00,0,https://www.instagram.com/p/DUFPyntkuvi/,https://www.instagram.com/p/DUFPyntkuvi/?comment_id=18106838206828417,scraping_instagram,yakuzanana8,Teh maap kenapa yah pajak saya masih berbayar padahal tiap tahun selalu bikin laporan pajak
17872281318437661,2026-02-17T02:48:13+00:00,0,https://www.instagram.com/p/DUFPyntkuvi/,https://www.instagram.com/p/DUFPyntkuvi/?comment_id=17872281318437661,scraping_instagram,dejayskunk,"nunggu kode OTP sampai sebulan gak ada masuk, dasar laknat ni negara..!!!"
17855246712576641,2026-02-16T14:18:07+00:00,0,https://www.instagram.com/p/DUFPyntkuvi/,https://www.instagram.com/p/DUFPyntkuvi/?comment_id=17855246712576641,scraping_instagram,triwidiarto_,"Eh lu kalo buat website yang jelas lah, efiling kaga bisa suruh pake coretax tp loginya pake yg akun efiling apa buat akun baru lah bangsat"
18104535685830507,2026-02-16T14:09:45+00:00,0,https://www.instagram.com/p/DUFPyntkuvi/,https://www.instagram.com/p/DUFPyntkuvi/?comment_id=18104535685830507,scraping_instagram,fimamiharja,"Admin, tanya klo kantor pakai konsultan pajak, apakah org trsb bisa ngintip aktifitas  atau buka cortax kita ga??"
18125998243556348,2026-02-16T13:13:58+00:00,0,https://www.instagram.com/p/DUFPyntkuvi/,https://www.instagram.com/p/DUFPyntkuvi/?comment_id=18125998243556348,scraping_instagram,bobicahyadi,minta .. pengusaha pekerjaan bebas (konsultan) mau pake NTPPN dan sudah daftar namun mau lapor di SPT kok NTPPN belum bisa ?
18049801040687376,2026-02-16T09:30:28+00:00,3,https://www.instagram.com/p/DUFPyntkuvi/,https://www.instagram.com/p/DUFPyntkuvi/?comment_id=18049801040687376,scraping_instagram,septapraws_,"Izin min, tabungan dplk yang dibayar setiap bulan okeh karyawan masuknya ke asset bukan? Kategori apa?"
18071846153159873,2026-02-16T06:06:35+00:00,0,https://www.instagram.com/p/DUFPyntkuvi/,https://www.instagram.com/p/DUFPyntkuvi/?comment_id=18071846153159873,scraping_instagram,rdwn.wrdn,Web lu benerin kntl
18107168488827267,2026-02-16T05:47:05+00:00,0,https://www.instagram.com/p/DUFPyntkuvi/,https://www.instagram.com/p/DUFPyntkuvi/?comment_id=18107168488827267,scraping_instagram,dimsusmanjaya,"Lu yg potong, rakyat yg suruh lapor. Ga lapor kena denda. Dzolim bngt"
18082464287207333,2026-02-16T04:58:43+00:00,0,https://www.instagram.com/p/DUFPyntkuvi/,https://www.instagram.com/p/DUFPyntkuvi/?comment_id=18082464287207333,scraping_instagram,refandi_024,mau lapor gimana ? login aja ngga bisa terus... udahisi bener ttep ngga bisa masuk.. minimalbenerin dulu sistemnya
18107288782750590,2026-02-16T04:25:30+00:00,37,https://www.instagram.com/p/DUFPyntkuvi/,https://www.instagram.com/p/DUFPyntkuvi/?comment_id=18107288782750590,scraping_instagram,heriekupril,System cap singkong!!!!!! Login berkali-kali gagal trs gak masuk2!!! Kebanyakan dikorupsinya!!!!
18117128536610412,2026-02-16T02:16:12+00:00,0,https://www.instagram.com/p/DUFPyntkuvi/,https://www.instagram.com/p/DUFPyntkuvi/?comment_id=18117128536610412,scraping_instagram,ryumawei,Please min ini gimana deh dari Rabu lalu s.d hari ini (Senin) gagal impersonate terus 🫩
17994763094877292,2026-02-15T13:09:13+00:00,0,https://www.instagram.com/p/DUFPyntkuvi/,https://www.instagram.com/p/DUFPyntkuvi/?comment_id=17994763094877292,scraping_instagram,tdtari,Ini gimana verifikasi nomor ga ke kirim terus? Padahal nomornya udah benar
18070335419438974,2026-02-15T10:39:08+00:00,0,https://www.instagram.com/p/DUFPyntkuvi/,https://www.instagram.com/p/DUFPyntkuvi/?comment_id=18070335419438974,scraping_instagram,_kafemfem,Kak tgl 16 feb buka gak layanan ?
18006706100838125,2026-02-15T01:59:00+00:00,0,https://www.instagram.com/p/DUFPyntkuvi/,https://www.instagram.com/p/DUFPyntkuvi/?comment_id=18006706100838125,scraping_instagram,cavey054,"Repot bgt duit dipotong msh hrs lapor, kalian kerja apa?"
18057008219399548,2026-02-14T22:53:49+00:00,0,https://www.instagram.com/p/DUFPyntkuvi/,https://www.instagram.com/p/DUFPyntkuvi/?comment_id=18057008219399548,scraping_instagram,chendhoyll,"Kita orang umum tidak tau banyak menu2 apa itu bahasa perpajakan.
Trs semua pajak yg dibayarkan seperti kendaraan, tanah bangunan kenapa tidak muncul di web ini?"
17942403567112005,2026-02-14T21:30:36+00:00,0,https://www.instagram.com/p/DUFPyntkuvi/,https://www.instagram.com/p/DUFPyntkuvi/?comment_id=17942403567112005,scraping_instagram,aansilantoro,Mau lapor spt kok susah banget.. Ga tau carannya
18335330566246053,2026-02-14T04:57:12+00:00,0,https://www.instagram.com/p/DUFPyntkuvi/,https://www.instagram.com/p/DUFPyntkuvi/?comment_id=18335330566246053,scraping_instagram,alpin_oktav,Web lu noh busuk
17953674267078234,2026-02-14T04:14:36+00:00,0,https://www.instagram.com/p/DUFPyntkuvi/,https://www.instagram.com/p/DUFPyntkuvi/?comment_id=17953674267078234,scraping_instagram,77en__,Aplikasi taiiii dipake eror Mulu anjrottt
18109621474738432,2026-02-14T00:57:05+00:00,0,https://www.instagram.com/p/DUFPyntkuvi/,https://www.instagram.com/p/DUFPyntkuvi/?comment_id=18109621474738432,scraping_instagram,teguhfirmnsyah_23,Busett input captcha aja sulit padal udah sesuai. Haha
18562441945055036,2026-02-13T12:48:18+00:00,0,https://www.instagram.com/p/DUFPyntkuvi/,https://www.instagram.com/p/DUFPyntkuvi/?comment_id=18562441945055036,scraping_instagram,hnz_02,Sistem pajak Indonesia sering dianggap sebagai salah satu yang paling rumit dan sulit di dunia. 😂..kinerja terburuk di dunia 😂
18208007218320309,2026-02-13T12:15:27+00:00,0,https://www.instagram.com/p/DUFPyntkuvi/,https://www.instagram.com/p/DUFPyntkuvi/?comment_id=18208007218320309,scraping_instagram,ilhxmsptra,Dari tahun kemarin sampe sekarang masih sama aja tuh web problemnya. Gembel
18099079474927383,2026-02-13T12:03:34+00:00,0,https://www.instagram.com/p/DUFPyntkuvi/,https://www.instagram.com/p/DUFPyntkuvi/?comment_id=18099079474927383,scraping_instagram,nian.sp,@ditjenpajakri mohon bantuannya untuk EFIN. Saya lupa kak admin. Saya DM tidak bisa
18168080959399062,2026-02-13T11:42:46+00:00,0,https://www.instagram.com/p/DUFPyntkuvi/,https://www.instagram.com/p/DUFPyntkuvi/?comment_id=18168080959399062,scraping_instagram,anything4u3.22,"Gua verifikasi nomer kaga masuk"" kodenya etdahhh"
18102775207892180,2026-02-13T10:04:31+00:00,1,https://www.instagram.com/p/DUFPyntkuvi/,https://www.instagram.com/p/DUFPyntkuvi/?comment_id=18102775207892180,scraping_instagram,yuliviads,"Min plis jawab. Aku nikah juni 2025, ni lapor pajaknya masih masing2 kah atau ubah status dulu"
18191996602352374,2026-02-13T09:14:29+00:00,0,https://www.instagram.com/p/DUFPyntkuvi/,https://www.instagram.com/p/DUFPyntkuvi/?comment_id=18191996602352374,scraping_instagram,naeui.iyagi,kalo passphrase lupa pas mau tandatangan SPT gimana yaa?
18109529212663505,2026-02-13T08:43:10+00:00,0,https://www.instagram.com/p/DUFPyntkuvi/,https://www.instagram.com/p/DUFPyntkuvi/?comment_id=18109529212663505,scraping_instagram,fauzi_stemsa,Harta terpisah apa gabung
18090772387865304,2026-02-13T08:42:58+00:00,0,https://www.instagram.com/p/DUFPyntkuvi/,https://www.instagram.com/p/DUFPyntkuvi/?comment_id=18090772387865304,scraping_instagram,fauzi_stemsa,Min Kalau Suami istri ASN semua
18087344555151168,2026-02-13T08:03:10+00:00,0,https://www.instagram.com/p/DUFPyntkuvi/,https://www.instagram.com/p/DUFPyntkuvi/?comment_id=18087344555151168,scraping_instagram,ruliansyah__,Kalau lebih bayar karena ada Shopee afilat gmn Min?
18157709380426440,2026-02-13T06:43:12+00:00,0,https://www.instagram.com/p/DUFPyntkuvi/,https://www.instagram.com/p/DUFPyntkuvi/?comment_id=18157709380426440,scraping_instagram,nunda_dita,Kring pajak itu msh ada ga sih? Ditelfon susah bgt slalu sibuk mulu😢
18104288653835168,2026-02-13T03:50:11+00:00,0,https://www.instagram.com/p/DUFPyntkuvi/,https://www.instagram.com/p/DUFPyntkuvi/?comment_id=18104288653835168,scraping_instagram,anton121187,"INFORMASIKAN KEPADA
MARVIS DASON

SELESAIKAN HUTANG BELASAN JUTA INI VIA ONLINE SEKARANG ATAU KAMI EKSEKUSI DATA BELIAU.

JIKA BELIAU MASIH SAYANG DENGAN AKTIFITAS HARIAN DAN DATA LENGKAP BELIAU, SILAHKAN SELESAIKAN SORE INI.

JIKA INVESTIGASI LANJUTAN TERDAPAT DATA YANG TIDAK VALID, KAMI SIAP PROSES PELAPORAN INDIKASI MANIPULASI DATA DAN PENGGELAPAN DANA PERUSAHAAN KAMI.

BAYAR, ATAU KAMI SELESAIKAN"
18308710894249312,2026-02-13T03:17:42+00:00,0,https://www.instagram.com/p/DUFPyntkuvi/,https://www.instagram.com/p/DUFPyntkuvi/?comment_id=18308710894249312,scraping_instagram,andrihairulli,Mau daftar coretax email udah centang hijau sama no hp tetap aja gak bisa mana pulsa kepotong terus
18081548192339536,2026-02-12T17:25:37+00:00,0,https://www.instagram.com/p/DUFPyntkuvi/,https://www.instagram.com/p/DUFPyntkuvi/?comment_id=18081548192339536,scraping_instagram,millanovianty25,Bikin web yang bnr jangan nyusahin orang blom eror udah di ganti email tetep gk bisa juga
18307738510281241,2026-02-12T17:24:40+00:00,0,https://www.instagram.com/p/DUFPyntkuvi/,https://www.instagram.com/p/DUFPyntkuvi/?comment_id=18307738510281241,scraping_instagram,millanovianty25,Knpa si harus di persulit coretax susah nya minta ampun
18194218792355322,2026-02-12T16:34:37+00:00,0,https://www.instagram.com/p/DUFPyntkuvi/,https://www.instagram.com/p/DUFPyntkuvi/?comment_id=18194218792355322,scraping_instagram,thie09_,Ngandelin uang rakyat dri pajak.. Tpi rakyat kebanyakan belum pada sejahtera... Dikemanin tuh duit??? Serem bgt balesan di akhirat buat kalian yg gak amanah
18190856083349223,2026-02-12T16:34:25+00:00,0,https://www.instagram.com/p/DUFPyntkuvi/,https://www.instagram.com/p/DUFPyntkuvi/?comment_id=18190856083349223,scraping_instagram,thie09_,Ngandelin uang rakyat dri pajak.. Tpi rakyat kebanyakan belum pada sejahtera... Dikemanin tuh duit??? Serem bgt balesan di akhirat buat kalian yg gak amanah
18167284813397779,2026-02-12T08:16:14+00:00,0,https://www.instagram.com/p/DUFPyntkuvi/,https://www.instagram.com/p/DUFPyntkuvi/?comment_id=18167284813397779,scraping_instagram,hikmahhusnuzon,1500200 kok gbisa ditelfon sihh. Hapus aja kalau gamau dihubungin
18093014225063864,2026-02-12T07:45:19+00:00,0,https://www.instagram.com/p/DUFPyntkuvi/,https://www.instagram.com/p/DUFPyntkuvi/?comment_id=18093014225063864,scraping_instagram,y_ana88,"Tolong biaya internet dimurahin, jatah2 dihilangin, biar koneksi coretax gak loading mulu, capek error login error login muter mpe jungkir balik"
17914097919294041,2026-02-12T07:30:03+00:00,0,https://www.instagram.com/p/DUFPyntkuvi/,https://www.instagram.com/p/DUFPyntkuvi/?comment_id=17914097919294041,scraping_instagram,_ree.ee,Cek email min
17883525786450536,2026-02-12T07:17:04+00:00,0,https://www.instagram.com/p/DUFPyntkuvi/,https://www.instagram.com/p/DUFPyntkuvi/?comment_id=17883525786450536,scraping_instagram,aafif.saifulloh,"Min, coretax eror apa ya? kenapa data keluargaku gak muncul ya di daftar keluarga, terus di hasil download spt status K/2, tapi di profile kok masih K/1, programernya lagi mabok apa gimana min?"
17990251061763538,2026-02-12T04:56:22+00:00,0,https://www.instagram.com/p/DUFPyntkuvi/,https://www.instagram.com/p/DUFPyntkuvi/?comment_id=17990251061763538,scraping_instagram,rcky.fbrnt,Pak @purbayayudhi.official banyak keluhan sistemnya nih . Call center kalo bisa 24 jam biar memudahkan . Kita bayar pajak loh buat negara
18062740169315047,2026-02-12T04:55:28+00:00,0,https://www.instagram.com/p/DUFPyntkuvi/,https://www.instagram.com/p/DUFPyntkuvi/?comment_id=18062740169315047,scraping_instagram,rcky.fbrnt,Busuk banget call center 150200 susah banget di hubungi . Cuma jam kerja aja juga ..motong pajak mah iya pengen.  Tapi layanan gini jelek .
18112797082727823,2026-02-12T03:43:40+00:00,0,https://www.instagram.com/p/DUFPyntkuvi/,https://www.instagram.com/p/DUFPyntkuvi/?comment_id=18112797082727823,scraping_instagram,hakimluqman.id,coretax benar benar menghabiskan energi!!
17968222634863052,2026-02-12T03:38:34+00:00,0,https://www.instagram.com/p/DUFPyntkuvi/,https://www.instagram.com/p/DUFPyntkuvi/?comment_id=17968222634863052,scraping_instagram,zack3560,"Bertanya min,, jika suami istri menggunakan NPWP yang sama, bagaiamana model lapor SPTnya?"
18056712755401200,2026-02-12T02:34:01+00:00,0,https://www.instagram.com/p/DUFPyntkuvi/,https://www.instagram.com/p/DUFPyntkuvi/?comment_id=18056712755401200,scraping_instagram,apotekbugar,coretax lagi eror kah? Mau imoersonating user PT diklik balik ke awal bgitu terus ada yg sama?
18103647145884322,2026-02-12T02:32:08+00:00,0,https://www.instagram.com/p/DUFPyntkuvi/,https://www.instagram.com/p/DUFPyntkuvi/?comment_id=18103647145884322,scraping_instagram,rifda_nugraha22,"Bikin npwp cv lewat coretax gatot mulu. Ribet amat @ditjenpajakri ya kalo sekiranya bermasalah perbaiki lah, orang mau taat pajak bukan di kasih mudah malah di bikin pusing sama akun yg bikin ubun² panas. @purbayayudhi.official @prabowo tolong jewer pegawai² lemabaga 1 ini"
18090757444852785,2026-02-12T00:42:12+00:00,0,https://www.instagram.com/p/DUFPyntkuvi/,https://www.instagram.com/p/DUFPyntkuvi/?comment_id=18090757444852785,scraping_instagram,sir_rzkyy,Gini amat jadi WNI ya Tuhan mau ikutin aturan aja dipersulit
18088190161894043,2026-02-11T13:55:39+00:00,0,https://www.instagram.com/p/DUFPyntkuvi/,https://www.instagram.com/p/DUFPyntkuvi/?comment_id=18088190161894043,scraping_instagram,fachrulrozy97,L U C U
17848095861682112,2026-02-11T12:38:12+00:00,0,https://www.instagram.com/p/DUFPyntkuvi/,https://www.instagram.com/p/DUFPyntkuvi/?comment_id=17848095861682112,scraping_instagram,lanaekawan,bodo si yg buat coretex ni
17911147839318073,2026-02-11T08:07:48+00:00,0,https://www.instagram.com/p/DUFPyntkuvi/,https://www.instagram.com/p/DUFPyntkuvi/?comment_id=17911147839318073,scraping_instagram,helendjanus,"Pak gw liat liat coretax gabener2 udh mau setahun, gw input bupot masa ga muncul"
18035815967783380,2026-02-11T04:51:42+00:00,0,https://www.instagram.com/p/DUFPyntkuvi/,https://www.instagram.com/p/DUFPyntkuvi/?comment_id=18035815967783380,scraping_instagram,ariffinsch,"kok ga bisa japri sih, ini core tax error terus ga bisa login"
17934817497169623,2026-02-11T03:50:39+00:00,0,https://www.instagram.com/p/DUFPyntkuvi/,https://www.instagram.com/p/DUFPyntkuvi/?comment_id=17934817497169623,scraping_instagram,irvanrevanz,Harus nya orang pajak yg kerja nyamperin kita udah lapor.. Ini kita juga yg repot mereka yg beli rubicon.. Rujiiittt
18174523696379057,2026-02-11T02:35:52+00:00,0,https://www.instagram.com/p/DUFPyntkuvi/,https://www.instagram.com/p/DUFPyntkuvi/?comment_id=18174523696379057,scraping_instagram,lissa_adah,Mau isi SPT kagak bisa login terus
18093893332954858,2026-02-11T00:10:06+00:00,0,https://www.instagram.com/p/DUFPyntkuvi/,https://www.instagram.com/p/DUFPyntkuvi/?comment_id=18093893332954858,scraping_instagram,adam14days,WOI ORANG PAJAK BUATIN LAPORAN LU DUIT GUE LU PAKAI APA AJA? LU KORUPSI SEMUA???
18066355217260613,2026-02-10T18:25:44+00:00,0,https://www.instagram.com/p/DUFPyntkuvi/,https://www.instagram.com/p/DUFPyntkuvi/?comment_id=18066355217260613,scraping_instagram,laporanwarganet62,Payah
18105883948829440,2026-02-10T09:15:53+00:00,0,https://www.instagram.com/p/DUFPyntkuvi/,https://www.instagram.com/p/DUFPyntkuvi/?comment_id=18105883948829440,scraping_instagram,debreeze__,"Min, boleh ga, ga bayar pajak??? Soapnya pajak nya malah buat bayar BoP Zionis"
17851503990628986,2026-02-10T07:57:43+00:00,1,https://www.instagram.com/p/DUFPyntkuvi/,https://www.instagram.com/p/DUFPyntkuvi/?comment_id=17851503990628986,scraping_instagram,___anggaraa23,TOLONG BNERIN WEB NYA TOLOL BNGET UNDUH AJA GABISA
18345063052230897,2026-02-10T07:17:17+00:00,5,https://www.instagram.com/p/DUFPyntkuvi/,https://www.instagram.com/p/DUFPyntkuvi/?comment_id=18345063052230897,scraping_instagram,___anggaraa23,"Busuk bnget min web nya zuzur, 1,3 T bisa bikin AI min sayng bnget"
18152871010433089,2026-02-10T06:56:35+00:00,0,https://www.instagram.com/p/DUFPyntkuvi/,https://www.instagram.com/p/DUFPyntkuvi/?comment_id=18152871010433089,scraping_instagram,diahhsri_,"Minn, ini mo aktivasi akun gagal mulu. Gimana solusinya min, dari kemaren masa begini"
17936457879149580,2026-02-10T06:00:49+00:00,0,https://www.instagram.com/p/DUFPyntkuvi/,https://www.instagram.com/p/DUFPyntkuvi/?comment_id=17936457879149580,scraping_instagram,muhammad_angga_firdaus,"min mau tanya, saya ada CV tapi sudah tidak aktif ga ada pembelian/penjualan,, kirain saya  PPN sama kayak pph 21 ga usah di lapor kalo ga ada apa2,, pph 21 saya ga lapor, ppn juga saya ga lapor, tiba2 ada surat pembayaran untuk bayar denda, apa bisa pengajuan penghapusan denda ga lapor PPN?"
18313994959254541,2026-02-10T05:18:19+00:00,0,https://www.instagram.com/p/DUFPyntkuvi/,https://www.instagram.com/p/DUFPyntkuvi/?comment_id=18313994959254541,scraping_instagram,megadesi88,"Tolobg ya itu petugas call center,yg sigap jangan males2an kerja,kalah ama petugas call center pinjol,ha semangat klemer2 mana laki2 pula..ga ada solusi juga,bener2 aplikasi pemerintah ga ada yg beres,ya aplikasi nya ya petugas2 nya..magabut"
17862591423592264,2026-02-10T04:20:08+00:00,0,https://www.instagram.com/p/DUFPyntkuvi/,https://www.instagram.com/p/DUFPyntkuvi/?comment_id=17862591423592264,scraping_instagram,rieza_alihusein,"Min, data anggota keluarga di akun coretax kok ilang semua"
17923275006221336,2026-02-10T04:12:41+00:00,0,https://www.instagram.com/p/DUFPyntkuvi/,https://www.instagram.com/p/DUFPyntkuvi/?comment_id=17923275006221336,scraping_instagram,drsrlyn,Coretax payah bener eror terus. Kalah sama situs s*ot yang selalu lancar jaya
17908493070337497,2026-02-10T04:09:00+00:00,1,https://www.instagram.com/p/DUFPyntkuvi/,https://www.instagram.com/p/DUFPyntkuvi/?comment_id=17908493070337497,scraping_instagram,astrodelta.324,Lu tollol apa gimana. Bisa bedain antara DAFTAR dan AKTIVASI gak?
18155037913429888,2026-02-10T02:34:33+00:00,0,https://www.instagram.com/p/DUFPyntkuvi/,https://www.instagram.com/p/DUFPyntkuvi/?comment_id=18155037913429888,scraping_instagram,ryansyahsyaif,lucu
18109409536604586,2026-02-10T01:30:55+00:00,0,https://www.instagram.com/p/DUFPyntkuvi/,https://www.instagram.com/p/DUFPyntkuvi/?comment_id=18109409536604586,scraping_instagram,thedoctor24_,apk nya error mohon cepat diperbaiki @ditjenpajakri
18012301727666393,2026-02-09T18:53:56+00:00,1,https://www.instagram.com/p/DUFPyntkuvi/,https://www.instagram.com/p/DUFPyntkuvi/?comment_id=18012301727666393,scraping_instagram,wildannstwnn,website busuk
18043848062721923,2026-02-09T09:00:08+00:00,2,https://www.instagram.com/p/DUFPyntkuvi/,https://www.instagram.com/p/DUFPyntkuvi/?comment_id=18043848062721923,scraping_instagram,agus_d.purnomo,"Ada yg pernah ngalamin double upload STP tahunan ngak ? Niat mau laporan SPT tahunan malah double upload di coretax dan akhirnya diminta untuk pembayaran hampir 600ribu , call center dihubungi sibuk terus dan di WA center pun ngak ada tanggapan"
18031125362592853,2026-02-09T06:47:06+00:00,0,https://www.instagram.com/p/DUFPyntkuvi/,https://www.instagram.com/p/DUFPyntkuvi/?comment_id=18031125362592853,scraping_instagram,silviaard_,Web sampah.. mo daftar npwp aja setengah mampus
18038220836739748,2026-02-09T02:12:23+00:00,1,https://www.instagram.com/p/DUFPyntkuvi/,https://www.instagram.com/p/DUFPyntkuvi/?comment_id=18038220836739748,scraping_instagram,lkykusnul,Error trus😢
18107556454689127,2026-02-08T13:52:58+00:00,1,https://www.instagram.com/p/DUFPyntkuvi/,https://www.instagram.com/p/DUFPyntkuvi/?comment_id=18107556454689127,scraping_instagram,page.hanin,"halo min. aku udah buat akunnya coretax, tapi begitu mau forgot password ngga bisa juga. gimana ya?"
17862773979511905,2026-02-08T07:25:13+00:00,1,https://www.instagram.com/p/DUFPyntkuvi/,https://www.instagram.com/p/DUFPyntkuvi/?comment_id=17862773979511905,scraping_instagram,spritewater_lemonn,Ruwet.
18035360711479974,2025-08-08T03:21:58+00:00,449,https://www.instagram.com/p/DNCnMRdTWgC/,https://www.instagram.com/p/DNCnMRdTWgC/?comment_id=18035360711479974,scraping_instagram,idris_my7,Di kuras peretas❌. Di kuras pajak✅
17892897114164171,2025-08-07T04:55:17+00:00,688,https://www.instagram.com/p/DNCnMRdTWgC/,https://www.instagram.com/p/DNCnMRdTWgC/?comment_id=17892897114164171,scraping_instagram,edoylagii,Duit habis karna dipajakin semua 😂
17898679377393551,2026-03-04T11:01:43+00:00,4,https://www.instagram.com/p/DNCnMRdTWgC/,https://www.instagram.com/p/DNCnMRdTWgC/?comment_id=17898679377393551,scraping_instagram,widianto050,Serius ini THR mau dipotong 10 persen?
18074678242979073,2025-08-09T16:07:37+00:00,6,https://www.instagram.com/p/DNCnMRdTWgC/,https://www.instagram.com/p/DNCnMRdTWgC/?comment_id=18074678242979073,scraping_instagram,goresan_kata11,"Negara bisa mencetak uang, buat apa bayar pajak?"
17915657598167377,2025-08-07T09:55:05+00:00,39,https://www.instagram.com/p/DNCnMRdTWgC/,https://www.instagram.com/p/DNCnMRdTWgC/?comment_id=17915657598167377,scraping_instagram,maiueo666,Kalo lapor cepet tapi tanggapannya lambat gimana min?
17922906500996246,2025-08-08T10:01:41+00:00,127,https://www.instagram.com/p/DNCnMRdTWgC/,https://www.instagram.com/p/DNCnMRdTWgC/?comment_id=17922906500996246,scraping_instagram,simonscp_,Dimana bumi dipijak disitu terkena pajak
17938679868021666,2025-08-12T09:49:18+00:00,3,https://www.instagram.com/p/DNCnMRdTWgC/,https://www.instagram.com/p/DNCnMRdTWgC/?comment_id=17938679868021666,scraping_instagram,akangojans,duit bakal balik ga kalo lapor?
17855681949573156,2026-02-13T15:36:57+00:00,42,https://www.instagram.com/p/DNCnMRdTWgC/,https://www.instagram.com/p/DNCnMRdTWgC/?comment_id=17855681949573156,scraping_instagram,mrbreakdown07,"🔥Rasulullah ﷺ bersabda :
“Sesungguhnya pemungut pajak (Shahibul Maks) berada di Neraka.”
[HR. Ahmad, Abu Dawud]
. 
Rasulullah ﷺ bersabda : 
""Sesungguhnya pelaku/pemungut pajak (diadzab) di Neraka."" (HR Ahmad 4/109, Abu Dawud kitab Al-Imarah : 7). Hadits ini dishahihkan oleh Syaikh Al-Albani rahimahullah.
. 
“Seseorang mungkin akan bertanya, 'Kalau pemerintah bisa mencetak uang dalam jumlah tak terbatas, lalu kenapa mereka memungut Pajak?'”
[Nayib Bukele, Presiden El Salvador] 
🔥🔥🔥🔥🔥🔥🔥🔥🔥🔥🔥🔥🔥🔥🔥🔥"
18059985371346106,2025-08-07T09:11:49+00:00,132,https://www.instagram.com/p/DNCnMRdTWgC/,https://www.instagram.com/p/DNCnMRdTWgC/?comment_id=18059985371346106,scraping_instagram,pristoooo_,Duit habis dikuras pajak 😍😍
18053138915438824,2025-08-07T07:43:41+00:00,25,https://www.instagram.com/p/DNCnMRdTWgC/,https://www.instagram.com/p/DNCnMRdTWgC/?comment_id=18053138915438824,scraping_instagram,brmarcya,dikuras pajak kali pak/bu
17848493208534171,2025-08-07T05:27:38+00:00,72,https://www.instagram.com/p/DNCnMRdTWgC/,https://www.instagram.com/p/DNCnMRdTWgC/?comment_id=17848493208534171,scraping_instagram,shyptraa,Klo duit habis dikuras sama pajak gimana?
18108001201531333,2025-08-07T05:10:30+00:00,25,https://www.instagram.com/p/DNCnMRdTWgC/,https://www.instagram.com/p/DNCnMRdTWgC/?comment_id=18108001201531333,scraping_instagram,fajarmono.ramadhan,Kalau menguras rekening orang kena PPh pasal berapa?? Hahaha canda..
18045624842308991,2025-08-09T02:12:15+00:00,36,https://www.instagram.com/p/DNCnMRdTWgC/,https://www.instagram.com/p/DNCnMRdTWgC/?comment_id=18045624842308991,scraping_instagram,iqbalamsari,Isinya hujatan semua😂 minimal ada 1 lah yg muji ga bs ?
18501990889064900,2025-08-08T23:26:24+00:00,20,https://www.instagram.com/p/DNCnMRdTWgC/,https://www.instagram.com/p/DNCnMRdTWgC/?comment_id=18501990889064900,scraping_instagram,ummi.isty,"Duit abis dikuras pajak, akhirnya daya beli turun... Daya beli turun terjadilah deflasi.. Terjadi deflasi perekonomian negara melambat"
17871851814318923,2025-08-07T05:20:01+00:00,189,https://www.instagram.com/p/DNCnMRdTWgC/,https://www.instagram.com/p/DNCnMRdTWgC/?comment_id=17871851814318923,scraping_instagram,zenksam,Duit Rakyat habis di kuras kalian 🔥🔥🔥
17891294733258975,2025-12-23T06:25:56+00:00,0,https://www.instagram.com/p/DNCnMRdTWgC/,https://www.instagram.com/p/DNCnMRdTWgC/?comment_id=17891294733258975,scraping_instagram,andy_zhang22,Prepopulated PIB masa November tidak muncul .... Tolong dong @kringpajak1500200 @ditjenpajakri @purbayayudhi.official @kemenkeuri Kami WP patuh mau bayar & lapor pajak PPN tidak bisa karena digantung perihal blm ditemukan nya PIB masa November yg mau diupload dan dikreditkan...
18075403516979273,2025-08-07T07:44:59+00:00,5,https://www.instagram.com/p/DNCnMRdTWgC/,https://www.instagram.com/p/DNCnMRdTWgC/?comment_id=18075403516979273,scraping_instagram,diyanfaziee,Gaji udah dipajakiinn masihh mau malak lagii. Naudzubillah tobat tobat berasa dunia selamannya aja
18144662329475911,2026-03-05T21:36:01+00:00,2,https://www.instagram.com/p/DNCnMRdTWgC/,https://www.instagram.com/p/DNCnMRdTWgC/?comment_id=18144662329475911,scraping_instagram,ogie_guns,Yg pasti itu duit dikuras sama macem2 pajak.
18078104642576992,2026-03-17T09:22:42+00:00,1,https://www.instagram.com/p/DNCnMRdTWgC/,https://www.instagram.com/p/DNCnMRdTWgC/?comment_id=18078104642576992,scraping_instagram,hikmathayat,call center 1500200 gratiskan dong...dibuat seperti ahulink pake no whatsapp
18053912981314817,2025-10-25T02:52:02+00:00,1,https://www.instagram.com/p/DNCnMRdTWgC/,https://www.instagram.com/p/DNCnMRdTWgC/?comment_id=18053912981314817,scraping_instagram,legal_515,ada yang sdh bsa daftar npwp.badan?
17926863335980980,2025-08-09T00:19:58+00:00,34,https://www.instagram.com/p/DNCnMRdTWgC/,https://www.instagram.com/p/DNCnMRdTWgC/?comment_id=17926863335980980,scraping_instagram,putriayubachtiar,DUIT HABIS DI KURAS KALIAN
18022325390777547,2025-11-04T06:01:30+00:00,1,https://www.instagram.com/p/DNCnMRdTWgC/,https://www.instagram.com/p/DNCnMRdTWgC/?comment_id=18022325390777547,scraping_instagram,99nano99,Kak kok saya gaji dibawah UMR kena PPh 21 ya?
17890025583184354,2025-08-07T08:02:01+00:00,65,https://www.instagram.com/p/DNCnMRdTWgC/,https://www.instagram.com/p/DNCnMRdTWgC/?comment_id=17890025583184354,scraping_instagram,rodiansjah26,Apapun serba dipajakin. Giliran rakyat gk bisa ngerasain hasil pajaknya. Di korupsi teruss
18280404001287286,2025-08-07T07:26:06+00:00,39,https://www.instagram.com/p/DNCnMRdTWgC/,https://www.instagram.com/p/DNCnMRdTWgC/?comment_id=18280404001287286,scraping_instagram,detaalba15,DUIT HABIS DI KURAS PAJAK KALI 🤭
18097199234006220,2026-03-13T14:04:30+00:00,29,https://www.instagram.com/p/DNCnMRdTWgC/,https://www.instagram.com/p/DNCnMRdTWgC/?comment_id=18097199234006220,scraping_instagram,gembot190,kalian lah yg kuras duit orang😂😂😂
18084285079851983,2025-08-11T23:40:55+00:00,20,https://www.instagram.com/p/DNCnMRdTWgC/,https://www.instagram.com/p/DNCnMRdTWgC/?comment_id=18084285079851983,scraping_instagram,sn.ikhsan,Duit habis karena kebanyakan pajak. Lapor ke siapa ya.???
17912619252052802,2025-08-09T05:35:24+00:00,87,https://www.instagram.com/p/DNCnMRdTWgC/,https://www.instagram.com/p/DNCnMRdTWgC/?comment_id=17912619252052802,scraping_instagram,l4ngg207,duit habis di peras negara
18031424276697598,2025-08-11T02:24:21+00:00,30,https://www.instagram.com/p/DNCnMRdTWgC/,https://www.instagram.com/p/DNCnMRdTWgC/?comment_id=18031424276697598,scraping_instagram,silfigram,Duit habis di korupsi.
17893138683163985,2025-08-09T01:22:23+00:00,26,https://www.instagram.com/p/DNCnMRdTWgC/,https://www.instagram.com/p/DNCnMRdTWgC/?comment_id=17893138683163985,scraping_instagram,a_riyan25,Stop bayar pajak
17915915952036107,2025-08-07T06:21:10+00:00,8,https://www.instagram.com/p/DNCnMRdTWgC/,https://www.instagram.com/p/DNCnMRdTWgC/?comment_id=17915915952036107,scraping_instagram,liaiyaooo,"Ga bakal balik, setelah menerima biasanya lgs dioper lagi atau dikosongkan lgs. Keluargaku wa kena, dari bank bilang uang yg di tt itu lgs bisa diambil. Lain cerita kalau dana masuk harus bertahan 1 jam di rek. Itu masih bisa diselamatkan. Belum lagi utk buat laporan ke bank perlu surat keterangan dari polisi, bayangkan kawan2 waktu yg terbuang udah berapa lama."
17902575567245235,2025-08-09T11:26:42+00:00,19,https://www.instagram.com/p/DNCnMRdTWgC/,https://www.instagram.com/p/DNCnMRdTWgC/?comment_id=17902575567245235,scraping_instagram,forrester17789,"Sebagai lembaga negara, komentar para warga 100% negatif thdp instansi ini. Sudah saatnya mengkoreksi lembaga"
18054479735531455,2025-08-11T09:00:02+00:00,20,https://www.instagram.com/p/DNCnMRdTWgC/,https://www.instagram.com/p/DNCnMRdTWgC/?comment_id=18054479735531455,scraping_instagram,mulyono_dekorasi,TIAP TAUN DUIT HABIS DI RAMPAS BUAT BAYAR PAJAK
18159288091370048,2025-08-11T10:46:37+00:00,5,https://www.instagram.com/p/DNCnMRdTWgC/,https://www.instagram.com/p/DNCnMRdTWgC/?comment_id=18159288091370048,scraping_instagram,mnaart_,"Hallo @satgas_pasti i laporan saya sudah hampir 3 bulan dari bulan mei sampai Agustus ,masih  tidak ada informasi terbaru lagi,di cek berkala dengan no laporan di situs IASC tetap status masih penangan aliran dana ke 2 ,dari bulan mei sampai bulan Agustus 2025 , Jika sekiranya dari pihak satgas pasti jika tidak bisa menangani laporan ,yang saya laporkan perihal scam , setidaknya nya ada informasi terbaru,jadi saya sebagai pelapor,tidak menunggu sampai saat ini , dan saya tanya via Instagram dan juga via email, selalu slow respon, dan jika keterangan nya ' laporan dalam penangan aliran dana ke 2 saya harus melakukan tindakan apa selanjutnya,terimakasih"
18041494661705828,2025-12-29T10:09:30+00:00,5,https://www.instagram.com/p/DNCnMRdTWgC/,https://www.instagram.com/p/DNCnMRdTWgC/?comment_id=18041494661705828,scraping_instagram,dolphin.6488461,Duit negara diabisin buat coretax gimana tuh?
18328670809214136,2025-11-02T12:23:16+00:00,0,https://www.instagram.com/p/DNCnMRdTWgC/,https://www.instagram.com/p/DNCnMRdTWgC/?comment_id=18328670809214136,scraping_instagram,ibrohom28,Taxpayer Identity validation failed.Taxpayer Identity validation failed.Taxpayer Identity validation failed.Taxpayer Identity validation failed.Taxpayer Identity validation failed.Taxpayer Identity validation failed.Taxpayer Identity validation failed.Taxpayer Identity validation failed.Taxpayer Identity validation failed.Taxpayer Identity validation failed.Taxpayer Identity validation failed.Taxpayer Identity validation failed.Taxpayer Identity validation failed.Taxpayer Identity validation failed.Taxpayer Identity validation failed.Taxpayer Identity validation failed.Taxpayer Identity validation failed.Taxpayer Identity validation failed.Taxpayer Identity validation failed.Taxpayer Identity validation failed.Taxpayer Identity validation failed.Taxpayer Identity validation failed.Taxpayer Identity validation failed.Taxpayer Identity validation failed.
18103443337882800,2026-03-08T15:21:07+00:00,10,https://www.instagram.com/p/DNCnMRdTWgC/,https://www.instagram.com/p/DNCnMRdTWgC/?comment_id=18103443337882800,scraping_instagram,raahmaat92,Duit habis di peras pajak pemerintah
18165364285377350,2025-08-11T08:55:18+00:00,4,https://www.instagram.com/p/DNCnMRdTWgC/,https://www.instagram.com/p/DNCnMRdTWgC/?comment_id=18165364285377350,scraping_instagram,torik1562,"Kepada ""Direktorat Jenderal Pajak""
Tolong sampaikan kepada karyawan anda
Nama : FRANS ADITIA A SIBURIAN
telpon : 82284317989
Untuk jangan lari dari tanggung jawab, jngn sampai semua ini di tindak lanjuti lebih serius , kembalikan uang yang sudah dia pakai, dan jangan lari dari tanggung jawab !!!! PESAN INI HARUS SAMPAI KE TELINGANYA DIA, kalo tidak di sampaikan maka kantor Iini di anggap ikut terlibat dalam kasus ini karena sudah menyembunyikan pelaku"
18108266398553015,2025-08-11T09:46:37+00:00,3,https://www.instagram.com/p/DNCnMRdTWgC/,https://www.instagram.com/p/DNCnMRdTWgC/?comment_id=18108266398553015,scraping_instagram,curhatpakrt,"Percuma @ditjenpajakri , cuman lapor @ojkindonesia , cuman laporan masuk aja , ga ada tindakan, lapor @divisihumaspolri  dimintain duit sama oknum nya biar laporan jalan.. tau ah... btw klo lapor uang pajak di korupsi pejabat lapor kemana ya?"
18092296573729626,2025-08-11T13:01:37+00:00,0,https://www.instagram.com/p/DNCnMRdTWgC/,https://www.instagram.com/p/DNCnMRdTWgC/?comment_id=18092296573729626,scraping_instagram,uriyyy2305,Ada yg sudah lapor dan uangnya kembali gak?
18163502101323216,2025-08-07T11:20:30+00:00,0,https://www.instagram.com/p/DNCnMRdTWgC/,https://www.instagram.com/p/DNCnMRdTWgC/?comment_id=18163502101323216,scraping_instagram,tegaaaak,"Pemerintah sudah memberi fasilitas pelayanan, coba ditanggapi secara positif.
Ini diperlukan bila rekening kita kena spam dan tabungan kita terkuras."
18038429489410297,2025-08-11T14:14:06+00:00,1,https://www.instagram.com/p/DNCnMRdTWgC/,https://www.instagram.com/p/DNCnMRdTWgC/?comment_id=18038429489410297,scraping_instagram,idantaufik92,Dikurang sama elu
18063443876337549,2025-08-11T04:04:42+00:00,2,https://www.instagram.com/p/DNCnMRdTWgC/,https://www.instagram.com/p/DNCnMRdTWgC/?comment_id=18063443876337549,scraping_instagram,zhangzhangfei88,"PENGHASILAN SAMA2 DINIKMATI DENGAN NEGARA,KALAU DUIT KELUAR GARA2 DITIPU SAMA2 DITANGGUNG PEMERINTAH GA YA ?"
18060178574588586,2025-08-11T10:47:43+00:00,1,https://www.instagram.com/p/DNCnMRdTWgC/,https://www.instagram.com/p/DNCnMRdTWgC/?comment_id=18060178574588586,scraping_instagram,leejanov,min tolong web nya error terus mau diakses ini gimana heyy 😠
18054510068144422,2025-08-09T03:27:48+00:00,1,https://www.instagram.com/p/DNCnMRdTWgC/,https://www.instagram.com/p/DNCnMRdTWgC/?comment_id=18054510068144422,scraping_instagram,nurcahyaedisaputra,Apa apa pajak. 😂😂😂
17987836913699965,2025-08-09T02:29:41+00:00,1,https://www.instagram.com/p/DNCnMRdTWgC/,https://www.instagram.com/p/DNCnMRdTWgC/?comment_id=17987836913699965,scraping_instagram,achield3219,Di kuras pajak 😂 ..
18100374163591093,2025-08-09T10:10:41+00:00,1,https://www.instagram.com/p/DNCnMRdTWgC/,https://www.instagram.com/p/DNCnMRdTWgC/?comment_id=18100374163591093,scraping_instagram,sutetttt_,Dukt habis karna dikuras pajak
18037187315688389,2025-08-09T08:17:36+00:00,1,https://www.instagram.com/p/DNCnMRdTWgC/,https://www.instagram.com/p/DNCnMRdTWgC/?comment_id=18037187315688389,scraping_instagram,hardianpr,Duit habis dikuras pemerintah!!!
17982575564722121,2025-08-09T07:35:07+00:00,1,https://www.instagram.com/p/DNCnMRdTWgC/,https://www.instagram.com/p/DNCnMRdTWgC/?comment_id=17982575564722121,scraping_instagram,nimah_inayah,Duit abis dipalak pajak
17853002952509848,2025-08-09T11:37:12+00:00,1,https://www.instagram.com/p/DNCnMRdTWgC/,https://www.instagram.com/p/DNCnMRdTWgC/?comment_id=17853002952509848,scraping_instagram,auapaandah29,tinggal nafas doang yg bllm dipajakin
18086556475772108,2025-08-09T12:06:02+00:00,1,https://www.instagram.com/p/DNCnMRdTWgC/,https://www.instagram.com/p/DNCnMRdTWgC/?comment_id=18086556475772108,scraping_instagram,aurorabimbel,DIKURAS PAJAK YG BENEE
18072396142857693,2025-08-09T15:10:55+00:00,1,https://www.instagram.com/p/DNCnMRdTWgC/,https://www.instagram.com/p/DNCnMRdTWgC/?comment_id=18072396142857693,scraping_instagram,donnysugianto,@prabowo baca pak jeritan rakyatmu..
17966194208945184,2025-08-09T16:13:00+00:00,1,https://www.instagram.com/p/DNCnMRdTWgC/,https://www.instagram.com/p/DNCnMRdTWgC/?comment_id=17966194208945184,scraping_instagram,ryndlhm,ahh di lapor juga gaada di kerjain
17917938084115712,2025-08-10T00:12:41+00:00,1,https://www.instagram.com/p/DNCnMRdTWgC/,https://www.instagram.com/p/DNCnMRdTWgC/?comment_id=17917938084115712,scraping_instagram,ibukbaeksaza,Duit habis dikuras peretas?! ❌️
17971223975926465,2025-08-08T00:57:45+00:00,2,https://www.instagram.com/p/DNCnMRdTWgC/,https://www.instagram.com/p/DNCnMRdTWgC/?comment_id=17971223975926465,scraping_instagram,rendisanjaya118,"CORETAX BENERIN TUH, GAK BISA MUSUK MULU.."
18047540003286551,2025-08-07T04:48:24+00:00,5,https://www.instagram.com/p/DNCnMRdTWgC/,https://www.instagram.com/p/DNCnMRdTWgC/?comment_id=18047540003286551,scraping_instagram,stlintangtimur,"bisa di elaborate kenapa terlambat melaporkan, peluang untuk dikembalikan kecil? bukankah aliran dana bisa ketrack oleh sistem?"
18039901010381234,2025-08-08T04:39:31+00:00,1,https://www.instagram.com/p/DNCnMRdTWgC/,https://www.instagram.com/p/DNCnMRdTWgC/?comment_id=18039901010381234,scraping_instagram,aster_sun1,"Dimohon dengan hormat, kembalikan sistem PBK (Pemindahbukuan) yanng dulu. Biar kalo ada kesalahan buat billing ga harus ribet pengajuan pengembalian😭😭😭😭"
18092162752647990,2025-08-07T07:00:41+00:00,2,https://www.instagram.com/p/DNCnMRdTWgC/,https://www.instagram.com/p/DNCnMRdTWgC/?comment_id=18092162752647990,scraping_instagram,ayaagustiaa,halah
18087128671753717,2025-08-07T07:01:53+00:00,1,https://www.instagram.com/p/DNCnMRdTWgC/,https://www.instagram.com/p/DNCnMRdTWgC/?comment_id=18087128671753717,scraping_instagram,emarahmi4,terima kasih admin atas pencerahan nya @ditjenpajakri
18075595918975644,2025-08-07T06:27:50+00:00,1,https://www.instagram.com/p/DNCnMRdTWgC/,https://www.instagram.com/p/DNCnMRdTWgC/?comment_id=18075595918975644,scraping_instagram,idrus9860,NIE CORETAX NYA BGMN SIE BUAT NPWP SUSAH AMAT UPLOAD DR KOMPUTER GA BISA.. UPLOAD DI HP GAGAL VERIF MULU... KACAU AMAT
18125260708462576,2025-08-07T07:57:13+00:00,2,https://www.instagram.com/p/DNCnMRdTWgC/,https://www.instagram.com/p/DNCnMRdTWgC/?comment_id=18125260708462576,scraping_instagram,nikereseller,Pajak saya buat program apa? Mohon dibuat penjelasannya. Terimakasih
18071989784086216,2025-08-07T06:07:47+00:00,3,https://www.instagram.com/p/DNCnMRdTWgC/,https://www.instagram.com/p/DNCnMRdTWgC/?comment_id=18071989784086216,scraping_instagram,helloween1023,Pajak lu yang ngabisin duit.
18081812276644563,2026-05-22T18:41:27+00:00,0,https://www.instagram.com/p/DNCnMRdTWgC/,https://www.instagram.com/p/DNCnMRdTWgC/?comment_id=18081812276644563,scraping_instagram,inibowokan_,"Bapak saya habis ketipu 13jt mengatasnamakan kantor pajak,bukti lengkap"
18098434679123150,2026-05-19T14:19:35+00:00,0,https://www.instagram.com/p/DNCnMRdTWgC/,https://www.instagram.com/p/DNCnMRdTWgC/?comment_id=18098434679123150,scraping_instagram,tokyoany14,"Otp email gk di kirim"" Min"
18024475652820318,2026-05-15T20:24:59+00:00,0,https://www.instagram.com/p/DNCnMRdTWgC/,https://www.instagram.com/p/DNCnMRdTWgC/?comment_id=18024475652820318,scraping_instagram,kintananggraeni_,"Resto Golden Wok Jl. Palapa, Serua, Kec. Ciputat, Kota Tangerang Selatan, Banten 15414 (cek pajak nya)"
17866815213679857,2026-05-13T05:58:57+00:00,0,https://www.instagram.com/p/DNCnMRdTWgC/,https://www.instagram.com/p/DNCnMRdTWgC/?comment_id=17866815213679857,scraping_instagram,hartandiar,Tai loh
18064359062388389,2026-05-12T11:15:55+00:00,0,https://www.instagram.com/p/DNCnMRdTWgC/,https://www.instagram.com/p/DNCnMRdTWgC/?comment_id=18064359062388389,scraping_instagram,dimas_mitsubishibsd,Duit dikuras sama Lo asu
18006604922880683,2026-05-12T04:22:07+00:00,0,https://www.instagram.com/p/DNCnMRdTWgC/,https://www.instagram.com/p/DNCnMRdTWgC/?comment_id=18006604922880683,scraping_instagram,lukman.k212,"NGACA WOOII, LU TUKANG PAJAK ❌️ TUKANG PALAK✅️"
18048066515781093,2026-05-10T14:07:23+00:00,0,https://www.instagram.com/p/DNCnMRdTWgC/,https://www.instagram.com/p/DNCnMRdTWgC/?comment_id=18048066515781093,scraping_instagram,snbnjbbrj,INSTANSI BAJINGAN BANGSAT NYUSAHIN RAKYAT
18101643809083761,2026-05-10T07:36:20+00:00,0,https://www.instagram.com/p/DNCnMRdTWgC/,https://www.instagram.com/p/DNCnMRdTWgC/?comment_id=18101643809083761,scraping_instagram,lutfiusse,Di kuras orang pajak yang jelas nya 😂
17870901009670918,2026-05-10T06:26:36+00:00,0,https://www.instagram.com/p/DNCnMRdTWgC/,https://www.instagram.com/p/DNCnMRdTWgC/?comment_id=17870901009670918,scraping_instagram,otterizer99,Cek pajak expat yang bekerja di O&G COMPANY H****B****N gajinya ga total dibayarkan Rupiah jadi potongan pajaknya hanya sedikit sedangkan yang dihasilkan realnya >10rb USD. Apalagi untuk spouse expat yang suaminya sudah tdk bertugas lagi di indo tapi masih tinggal di P***Buwono apartment. Warga indo diminta patuh pajak jangan mau kita diakal2in sama perusahaan asing dan WNA. Tolong ditindak secara adil.
17998852172759182,2026-05-08T04:01:23+00:00,0,https://www.instagram.com/p/DNCnMRdTWgC/,https://www.instagram.com/p/DNCnMRdTWgC/?comment_id=17998852172759182,scraping_instagram,snbnjbbrj,"hadith ""Sesungguhnya pelaku/pemungut pajak (maks\dhoribah) diadzab di neraka"" (HR. Ahmad, Abu Dawud)"
18092339513466865,2026-05-04T15:29:31+00:00,0,https://www.instagram.com/p/DNCnMRdTWgC/,https://www.instagram.com/p/DNCnMRdTWgC/?comment_id=18092339513466865,scraping_instagram,ajrinardiansyah,Dunia akhirat gak akan iklas aku gaji di potong pph21. Makan haram lah kalian dan keluarga kalian seumur hidup.
17855639922646310,2026-05-04T15:28:14+00:00,0,https://www.instagram.com/p/DNCnMRdTWgC/,https://www.instagram.com/p/DNCnMRdTWgC/?comment_id=17855639922646310,scraping_instagram,ajrinardiansyah,"Bukan habis di kuras peretas. Tapi di kuras kalian. Bangsat PPH 21 bisa sampai jutaan. Kami yg kerja keras, lembur, badan hancur kalian duduk manis aja dapat uang pph21 kami. Binatang"
18143154619507726,2026-05-04T06:09:05+00:00,0,https://www.instagram.com/p/DNCnMRdTWgC/,https://www.instagram.com/p/DNCnMRdTWgC/?comment_id=18143154619507726,scraping_instagram,sigitriyanto77,Hati2..
18119061157579259,2026-05-03T02:07:43+00:00,0,https://www.instagram.com/p/DNCnMRdTWgC/,https://www.instagram.com/p/DNCnMRdTWgC/?comment_id=18119061157579259,scraping_instagram,deadtoy0u666,dikuras lo kontol
17950599885133495,2026-05-01T05:16:12+00:00,0,https://www.instagram.com/p/DNCnMRdTWgC/,https://www.instagram.com/p/DNCnMRdTWgC/?comment_id=17950599885133495,scraping_instagram,pangpangeran203,
18128023822510551,2026-04-30T11:44:20+00:00,0,https://www.instagram.com/p/DNCnMRdTWgC/,https://www.instagram.com/p/DNCnMRdTWgC/?comment_id=18128023822510551,scraping_instagram,rizkadhania,"pak itu pegawai di gatsu suka cingkuh punya web judi, narkoba sm korupsi. kok ga diusut sih pak?:("
18114340738750061,2026-04-30T11:35:57+00:00,0,https://www.instagram.com/p/DNCnMRdTWgC/,https://www.instagram.com/p/DNCnMRdTWgC/?comment_id=18114340738750061,scraping_instagram,al_angkasara,"Telp 157 harus berhadapan dgn bot, dah gt waktu tunggu. Ah dahlah 🤣. Masih mending klo ada tlp internet, kalo via pulsa.. keburu abis dgr perintah bot tekan ini itu, 😮‍💨"
18347595265212026,2026-04-30T06:33:10+00:00,0,https://www.instagram.com/p/DNCnMRdTWgC/,https://www.instagram.com/p/DNCnMRdTWgC/?comment_id=18347595265212026,scraping_instagram,danielarrw,SISTEM PEA
18190472623370922,2026-04-30T06:33:05+00:00,0,https://www.instagram.com/p/DNCnMRdTWgC/,https://www.instagram.com/p/DNCnMRdTWgC/?comment_id=18190472623370922,scraping_instagram,danielarrw,DUIT HABIS DIKURAS DJP
18027265502812688,2026-04-30T05:16:11+00:00,0,https://www.instagram.com/p/DNCnMRdTWgC/,https://www.instagram.com/p/DNCnMRdTWgC/?comment_id=18027265502812688,scraping_instagram,freddyduana,"Lebih baik melindungi, daripada meratapi di kemudian hari.."
18100543859066072,2026-04-29T23:45:51+00:00,0,https://www.instagram.com/p/DNCnMRdTWgC/,https://www.instagram.com/p/DNCnMRdTWgC/?comment_id=18100543859066072,scraping_instagram,rkptrc,Web nya aja down!!!
18079908425271799,2026-04-29T11:21:31+00:00,0,https://www.instagram.com/p/DNCnMRdTWgC/,https://www.instagram.com/p/DNCnMRdTWgC/?comment_id=18079908425271799,scraping_instagram,r_fajar_k,dikuras pajak kale
18100979779816398,2026-04-29T01:56:29+00:00,0,https://www.instagram.com/p/DNCnMRdTWgC/,https://www.instagram.com/p/DNCnMRdTWgC/?comment_id=18100979779816398,scraping_instagram,_ainurridwan_,Serverlu sampah
18102724387785330,2026-04-28T08:56:45+00:00,0,https://www.instagram.com/p/DNCnMRdTWgC/,https://www.instagram.com/p/DNCnMRdTWgC/?comment_id=18102724387785330,scraping_instagram,martin.sembiring1,Hati hati dengan phising.
18129175276573162,2026-04-28T07:39:24+00:00,0,https://www.instagram.com/p/DNCnMRdTWgC/,https://www.instagram.com/p/DNCnMRdTWgC/?comment_id=18129175276573162,scraping_instagram,___modiiiiy,"Yallah yarrabbbbb sabar2 amat coretax bgt guaaa, inv banyak mau masuk pajak aja gabisa2 daripagiiii muter terus, lagi pusing kah? 😭😭😭😭"
17900720391424677,2026-04-27T02:38:47+00:00,0,https://www.instagram.com/p/DNCnMRdTWgC/,https://www.instagram.com/p/DNCnMRdTWgC/?comment_id=17900720391424677,scraping_instagram,atlantis751,"Infokan karyawan atas nama 
RUDI ISMOYO buat bayar UTANG nya. Semua foto selfi & KTP lengkap Suruh bayar skrg sblm nama baik INSTANSI kalian RUSAK!!!"
18069788048432042,2026-04-27T02:38:44+00:00,0,https://www.instagram.com/p/DNCnMRdTWgC/,https://www.instagram.com/p/DNCnMRdTWgC/?comment_id=18069788048432042,scraping_instagram,atlantis751,"Infokan karyawan atas nama 
RUDI ISMOYO buat bayar UTANG nya. Semua foto selfi & KTP lengkap Suruh bayar skrg sblm nama baik INSTANSI kalian RUSAK!!!"
17967188187049333,2026-04-26T11:49:50+00:00,0,https://www.instagram.com/p/DNCnMRdTWgC/,https://www.instagram.com/p/DNCnMRdTWgC/?comment_id=17967188187049333,scraping_instagram,rifki_dw,"LAH ELU YANG NGURAS, NJIR"
18099382028015633,2026-04-25T01:45:20+00:00,0,https://www.instagram.com/p/DNCnMRdTWgC/,https://www.instagram.com/p/DNCnMRdTWgC/?comment_id=18099382028015633,scraping_instagram,rsaleeci,emng sampe ni duit pajak manfaat nya kek yg udh bayar pajak
18094660118143224,2026-04-24T19:18:11+00:00,0,https://www.instagram.com/p/DNCnMRdTWgC/,https://www.instagram.com/p/DNCnMRdTWgC/?comment_id=18094660118143224,scraping_instagram,debo.faejuan,"Alah tai kucing, pemerintahan asu!!!"
17938483104035716,2026-04-24T19:03:50+00:00,0,https://www.instagram.com/p/DNCnMRdTWgC/,https://www.instagram.com/p/DNCnMRdTWgC/?comment_id=17938483104035716,scraping_instagram,reandevan_,Lu yg nguras egee
18113640019704284,2026-04-24T17:01:55+00:00,0,https://www.instagram.com/p/DNCnMRdTWgC/,https://www.instagram.com/p/DNCnMRdTWgC/?comment_id=18113640019704284,scraping_instagram,ompas_,Trus apa kelanjutannya? Setalah lapor pun nguap gitu aja
17874692370598075,2026-04-24T03:18:52+00:00,0,https://www.instagram.com/p/DNCnMRdTWgC/,https://www.instagram.com/p/DNCnMRdTWgC/?comment_id=17874692370598075,scraping_instagram,fab_0202_,Daripada dikuras pajak mending gausah bayar pajak 😜
18148070047489102,2026-04-23T23:36:29+00:00,0,https://www.instagram.com/p/DNCnMRdTWgC/,https://www.instagram.com/p/DNCnMRdTWgC/?comment_id=18148070047489102,scraping_instagram,yuliajaa567,"Duit habis bukan di kuras peretas, tapi di peras sama kalian,  buat si botak mbg"
18085861115356148,2026-04-23T19:39:48+00:00,0,https://www.instagram.com/p/DNCnMRdTWgC/,https://www.instagram.com/p/DNCnMRdTWgC/?comment_id=18085861115356148,scraping_instagram,awan.nugroho,"Percuma lapor tetap gak bakal balik, sebatas formalitas bahwa pemerintah ""ADA"" (untuk menenangkan saja) 🤣"
18579019954006981,2026-04-23T10:57:54+00:00,0,https://www.instagram.com/p/DNCnMRdTWgC/,https://www.instagram.com/p/DNCnMRdTWgC/?comment_id=18579019954006981,scraping_instagram,eliinaulps_,duit habiss dikuraass pajakk
17856830577691163,2026-04-23T09:37:13+00:00,0,https://www.instagram.com/p/DNCnMRdTWgC/,https://www.instagram.com/p/DNCnMRdTWgC/?comment_id=17856830577691163,scraping_instagram,heyyouyansah,"Duit habis bukan dikuras peretas min, tapi dikuras pajak dari berbagai arah mata angin 🥱 lama lama kayanya kentut juga kena pajak 🤣"
18592905352032249,2026-04-22T14:44:32+00:00,0,https://www.instagram.com/p/DNCnMRdTWgC/,https://www.instagram.com/p/DNCnMRdTWgC/?comment_id=18592905352032249,scraping_instagram,moonton_anak_lonte_haram_122,B2
18091802198187822,2026-04-22T14:42:37+00:00,0,https://www.instagram.com/p/DNCnMRdTWgC/,https://www.instagram.com/p/DNCnMRdTWgC/?comment_id=18091802198187822,scraping_instagram,krsnaputri,Duit habis dikuras elu baru bener
17882423697398038,2026-04-21T01:53:25+00:00,0,https://www.instagram.com/p/DNCnMRdTWgC/,https://www.instagram.com/p/DNCnMRdTWgC/?comment_id=17882423697398038,scraping_instagram,doriss1899,Infokan karyawan kau atas nama RIZKI KURNIAWAN SAPUTRA A MD buat bayar UTANG nya. Semua foto selfi & KTP lengkap Suruh bayar skrg sblm nama baik media kalian RUSAK!!!
18077751542397759,2026-04-19T23:16:43+00:00,0,https://www.instagram.com/p/DNCnMRdTWgC/,https://www.instagram.com/p/DNCnMRdTWgC/?comment_id=18077751542397759,scraping_instagram,ahmadzail123,Duit habis dikuras orang pajak. Semoga dapat balasan setimpal apalagi sampai merugikan orang banyak
17997059669942528,2026-04-19T22:36:43+00:00,0,https://www.instagram.com/p/DNCnMRdTWgC/,https://www.instagram.com/p/DNCnMRdTWgC/?comment_id=17997059669942528,scraping_instagram,snbnjbbrj,bobrok bangat kalian gk takut tuhan.. THR pun di kenakan pajak padahal indonesia itu punya banyak SDA
17956843395117913,2026-04-18T05:47:52+00:00,0,https://www.instagram.com/p/DNCnMRdTWgC/,https://www.instagram.com/p/DNCnMRdTWgC/?comment_id=17956843395117913,scraping_instagram,sarasamuscaya399,DUIT HABIS DIKURAS NEGARA.. BAYAR PAJAK MALAH DIKORUP.. BIKIN WEB CORETAX AJA LEMOT.. PASRI DIKOROP
18582067351022593,2026-04-18T02:22:41+00:00,0,https://www.instagram.com/p/DNCnMRdTWgC/,https://www.instagram.com/p/DNCnMRdTWgC/?comment_id=18582067351022593,scraping_instagram,ada_code69,Berrti pajak juga penipuan dong 😂. Tukang meras
17917867179142165,2026-04-17T07:14:11+00:00,0,https://www.instagram.com/p/DNCnMRdTWgC/,https://www.instagram.com/p/DNCnMRdTWgC/?comment_id=17917867179142165,scraping_instagram,krisnamulyatransjogja,Baru aja ditelepon nomor pribadi ngaku ngaku dari pajak
17987588285988197,2026-04-16T09:33:45+00:00,0,https://www.instagram.com/p/DNCnMRdTWgC/,https://www.instagram.com/p/DNCnMRdTWgC/?comment_id=17987588285988197,scraping_instagram,maimaliangelia,"Coretaxnya ngeleg ka, ngga bisa di buka tolong"
18010486106893745,2026-04-16T09:33:43+00:00,0,https://www.instagram.com/p/DNCnMRdTWgC/,https://www.instagram.com/p/DNCnMRdTWgC/?comment_id=18010486106893745,scraping_instagram,maimaliangelia,"Coretaxnya ngeleg ka, ngga bisa di buka tolong"
18111155914829152,2026-04-16T09:33:40+00:00,0,https://www.instagram.com/p/DNCnMRdTWgC/,https://www.instagram.com/p/DNCnMRdTWgC/?comment_id=18111155914829152,scraping_instagram,maimaliangelia,"Coretaxnya ngeleg ka, ngga bisa di buka tolong"
18080904767578071,2026-04-16T09:29:48+00:00,0,https://www.instagram.com/p/DNCnMRdTWgC/,https://www.instagram.com/p/DNCnMRdTWgC/?comment_id=18080904767578071,scraping_instagram,maimaliangelia,"Coretax nya nggak bisa ka, error, ngga bisa dibuka"
18074494022637561,2026-04-10T15:04:45+00:00,0,https://www.instagram.com/p/DNCnMRdTWgC/,https://www.instagram.com/p/DNCnMRdTWgC/?comment_id=18074494022637561,scraping_instagram,sej3nis_666,Bukannya habis di kuras sama kalian
17972976240038991,2026-04-09T23:53:37+00:00,0,https://www.instagram.com/p/DNCnMRdTWgC/,https://www.instagram.com/p/DNCnMRdTWgC/?comment_id=17972976240038991,scraping_instagram,mramadhan89,duit habis dikurang pajak mungkin min 😂😂😂
17857348056630429,2026-04-09T13:13:39+00:00,0,https://www.instagram.com/p/DNCnMRdTWgC/,https://www.instagram.com/p/DNCnMRdTWgC/?comment_id=17857348056630429,scraping_instagram,tiara.joan,"@ditjenpajakri buka coretax mau lapor pajak, eh ada bukti potong pajak atas nama saya yg dipotong oleh @kai121_  dari maret-des 2025. Padahal terima uang nggak sepeserpun. Apakah ini NIK saya terpakai oleh KAI? Kenapa bisa sampai hampir 1 tahun ya kalau salah input. Kemarin sudah ke @pajakpulogadung  solusinya oleh help desk suruh dihapus aja yg bukan merupakan dari pemberi kerja.  Apa menjamin tahun ini NIK saya tidak terpakai lagi? 😂 Kenapa tidak dikeluarkan BA atau surat pernyataan sih kalau begini. Kalau begini saya jadi kurang bayar, karena pendapatan per tahun bertambah. Mohon tanggapannya @kai121_  kenapa nik saya bisa terpakai utk pajak anda."
18112814554743894,2026-04-09T08:22:50+00:00,0,https://www.instagram.com/p/DNCnMRdTWgC/,https://www.instagram.com/p/DNCnMRdTWgC/?comment_id=18112814554743894,scraping_instagram,cintaajesi23,"Yg kaya makin kaya , rakyat kaya pajak mendatang ahahaha"
18348083383241343,2026-04-07T13:52:12+00:00,0,https://www.instagram.com/p/DNCnMRdTWgC/,https://www.instagram.com/p/DNCnMRdTWgC/?comment_id=18348083383241343,scraping_instagram,kang_graphite,"DUIT HABIS DIKURAS PAJAK, KONTOL"
18044328605756707,2026-04-03T16:22:56+00:00,0,https://www.instagram.com/p/DNCnMRdTWgC/,https://www.instagram.com/p/DNCnMRdTWgC/?comment_id=18044328605756707,scraping_instagram,pupung35,"Klau duit habis buat beli rubicon gmma min,,??"
17919998115296963,2026-04-03T12:12:27+00:00,0,https://www.instagram.com/p/DNCnMRdTWgC/,https://www.instagram.com/p/DNCnMRdTWgC/?comment_id=17919998115296963,scraping_instagram,neocrimson_,"Typo, dikuras pajak"
18244624360306552,2026-04-03T11:53:13+00:00,0,https://www.instagram.com/p/DNCnMRdTWgC/,https://www.instagram.com/p/DNCnMRdTWgC/?comment_id=18244624360306552,scraping_instagram,kenzi_zulfa,Busuk
17940840996016213,2026-04-03T08:33:18+00:00,0,https://www.instagram.com/p/DNCnMRdTWgC/,https://www.instagram.com/p/DNCnMRdTWgC/?comment_id=17940840996016213,scraping_instagram,suryagumelarhidayatulloh,Duit habis di kuras pajak😂😂😂
17956152783089284,2026-04-02T23:27:45+00:00,0,https://www.instagram.com/p/DNCnMRdTWgC/,https://www.instagram.com/p/DNCnMRdTWgC/?comment_id=17956152783089284,scraping_instagram,miftah_baidhowi,kga bakalan tidur nyenyaaak klo pemungut pajak ..meninggal pun engga bakalan selamat
18178291348377754,2026-04-02T01:47:21+00:00,0,https://www.instagram.com/p/DNCnMRdTWgC/,https://www.instagram.com/p/DNCnMRdTWgC/?comment_id=18178291348377754,scraping_instagram,kresna_anak_nakal,DIKURAS LO YANG ADA 🫵🤬
18093621697880253,2026-04-01T16:47:21+00:00,0,https://www.instagram.com/p/DNCnMRdTWgC/,https://www.instagram.com/p/DNCnMRdTWgC/?comment_id=18093621697880253,scraping_instagram,iqbalbe_,"halo kak boleh dibantu untuk aktifasi akun cortax, gimana caranya ?"
18572099968013578,2026-04-01T08:58:43+00:00,0,https://www.instagram.com/p/DNCnMRdTWgC/,https://www.instagram.com/p/DNCnMRdTWgC/?comment_id=18572099968013578,scraping_instagram,megacintajainalselamanya,"Selamat sore min, tahun ini DJP buka  penerimaan CPNS? Kalau formasi untuk S1 Pendidikan Fisika ada?"
18319056142270697,2026-04-01T05:15:50+00:00,0,https://www.instagram.com/p/DNCnMRdTWgC/,https://www.instagram.com/p/DNCnMRdTWgC/?comment_id=18319056142270697,scraping_instagram,azizhaaa,"Parah bgt motong pajak ampe 600 rb, duit by dipake yg bner deh duit pajak rakyat , slogan ny dr rakyat untuk rakyat jg"
18092704214151904,2026-03-31T18:31:44+00:00,0,https://www.instagram.com/p/DNCnMRdTWgC/,https://www.instagram.com/p/DNCnMRdTWgC/?comment_id=18092704214151904,scraping_instagram,d.yustirawan,DIKURAS PEMERINTAH! Sekali lagi PEMERINTAH!!!!!
18147022327485783,2026-03-31T11:04:09+00:00,0,https://www.instagram.com/p/DNCnMRdTWgC/,https://www.instagram.com/p/DNCnMRdTWgC/?comment_id=18147022327485783,scraping_instagram,ssyifars,uangku dimakan komplotan org jelek
18095329168864286,2026-03-31T06:54:22+00:00,0,https://www.instagram.com/p/DNCnMRdTWgC/,https://www.instagram.com/p/DNCnMRdTWgC/?comment_id=18095329168864286,scraping_instagram,dianaidsptr,Lah bukannya dikuras pajak?
18038840198788167,2026-03-31T04:55:56+00:00,0,https://www.instagram.com/p/DNCnMRdTWgC/,https://www.instagram.com/p/DNCnMRdTWgC/?comment_id=18038840198788167,scraping_instagram,rd_nsyh26,admin nya ngantukkk
18451526551107348,2026-03-31T02:10:19+00:00,0,https://www.instagram.com/p/DNCnMRdTWgC/,https://www.instagram.com/p/DNCnMRdTWgC/?comment_id=18451526551107348,scraping_instagram,yohanesa_pw,😂😂😂😂
17993002250929709,2026-03-30T21:45:43+00:00,0,https://www.instagram.com/p/DNCnMRdTWgC/,https://www.instagram.com/p/DNCnMRdTWgC/?comment_id=17993002250929709,scraping_instagram,mfaachri,Dikuras pajak 🤣
18096325319012080,2026-03-30T15:19:01+00:00,0,https://www.instagram.com/p/DNCnMRdTWgC/,https://www.instagram.com/p/DNCnMRdTWgC/?comment_id=18096325319012080,scraping_instagram,dellanodell,Duit dikuras sama lu!!! Lembaga kontl
18099309067954365,2026-03-30T07:17:16+00:00,0,https://www.instagram.com/p/DNCnMRdTWgC/,https://www.instagram.com/p/DNCnMRdTWgC/?comment_id=18099309067954365,scraping_instagram,grintrihos,LAPOR PAJAK CUMA NYUSAHIN RAKYAT!!!
18103476661929778,2026-03-30T04:48:03+00:00,0,https://www.instagram.com/p/DNCnMRdTWgC/,https://www.instagram.com/p/DNCnMRdTWgC/?comment_id=18103476661929778,scraping_instagram,f.adityaaaaa,duit habis dikuras pajak
18154578058393283,2026-03-30T03:53:48+00:00,0,https://www.instagram.com/p/DNCnMRdTWgC/,https://www.instagram.com/p/DNCnMRdTWgC/?comment_id=18154578058393283,scraping_instagram,mad613_,Maling teriak maling
18108284527877285,2026-03-29T18:32:12+00:00,0,https://www.instagram.com/p/DNCnMRdTWgC/,https://www.instagram.com/p/DNCnMRdTWgC/?comment_id=18108284527877285,scraping_instagram,rsyd_tmh,"Halah kentut..
Banyak data yg di perjualbelikan, ujung2nya masyrakat yg jadi korban nya. Lapor ? Ingat pepatah ""habis jatuh di timpa tangga"" 🥲"
18146614504485372,2026-03-29T10:19:27+00:00,0,https://www.instagram.com/p/DNCnMRdTWgC/,https://www.instagram.com/p/DNCnMRdTWgC/?comment_id=18146614504485372,scraping_instagram,buk.rom_fashionshop,@ojkindonesia @ditjenpajakri @kontak157  Mohon untuk pelaporan saya segera di proses no 20260328554914
17964680076027030,2026-03-28T15:33:10+00:00,0,https://www.instagram.com/p/DNCnMRdTWgC/,https://www.instagram.com/p/DNCnMRdTWgC/?comment_id=17964680076027030,scraping_instagram,buk.rom_fashionshop,@ojkindonesia saya sudah mengajukan pengaduan tapi penanganannya lama sekali tertulis menunggu terus
17990859128778570,2026-03-28T15:26:32+00:00,0,https://www.instagram.com/p/DNCnMRdTWgC/,https://www.instagram.com/p/DNCnMRdTWgC/?comment_id=17990859128778570,scraping_instagram,buk.rom_fashionshop,@ditjenpajakri saya sudah lapor tapi belum ada tindakan
17892586011308068,2026-03-28T11:05:02+00:00,0,https://www.instagram.com/p/DNCnMRdTWgC/,https://www.instagram.com/p/DNCnMRdTWgC/?comment_id=17892586011308068,scraping_instagram,dreamimaginator,DUIT HABIS DI KURAS PAJAK 😂😂😂😂
17878272645418040,2026-03-28T01:58:32+00:00,0,https://www.instagram.com/p/DNCnMRdTWgC/,https://www.instagram.com/p/DNCnMRdTWgC/?comment_id=17878272645418040,scraping_instagram,edreinnn,Dikuras pajak :((((((((
17850735375661501,2026-03-27T12:13:20+00:00,0,https://www.instagram.com/p/DNCnMRdTWgC/,https://www.instagram.com/p/DNCnMRdTWgC/?comment_id=17850735375661501,scraping_instagram,pirohucull,Duit habis karena lu ..si pajak
18092390663159063,2026-03-27T01:27:36+00:00,0,https://www.instagram.com/p/DNCnMRdTWgC/,https://www.instagram.com/p/DNCnMRdTWgC/?comment_id=18092390663159063,scraping_instagram,rmutia23,Rampok
17912740863165501,2026-03-25T13:58:35+00:00,0,https://www.instagram.com/p/DNCnMRdTWgC/,https://www.instagram.com/p/DNCnMRdTWgC/?comment_id=17912740863165501,scraping_instagram,karenshia97,"Waktu saya menganggur, tidak ada Bapak/Ibu pemerintah yang membantu mencarikan saya pekerjaan. Tapi begitu saya dapat penghasilan, kalian kuras habis-habisan. Naik KRL kami desak-desakan—di mana benefitnya kalau pajak kami sudah besar? Jalanan juga masih banyak yang harus diperbaiki.
Kalau mau pemasukan negara meningkat, tingkatkan dulu kualitas layanan dan fasilitas untuk rakyat, bukan justru menaikkan tarif pajak dan menguras kami. Dihubungi susah di wa dighosting..ckcckck miris..😢😢"
18099463885969596,2026-03-25T13:54:49+00:00,0,https://www.instagram.com/p/DNCnMRdTWgC/,https://www.instagram.com/p/DNCnMRdTWgC/?comment_id=18099463885969596,scraping_instagram,karenshia97,"Duit habis dikuras negara… Maaf ya, bonus + gaji + lain-lain yang harusnya bisa aku nikmati malah kepotong pajak gede banget 😢💸 sakit hati asli."
18114919690591658,2026-03-25T03:47:33+00:00,0,https://www.instagram.com/p/DNCnMRdTWgC/,https://www.instagram.com/p/DNCnMRdTWgC/?comment_id=18114919690591658,scraping_instagram,widhaa23,REALISASI PERPANJANG SPT TAHUNAN KALEEEEEEE... 🫩
18084407120365444,2026-03-25T03:07:25+00:00,0,https://www.instagram.com/p/DNCnMRdTWgC/,https://www.instagram.com/p/DNCnMRdTWgC/?comment_id=18084407120365444,scraping_instagram,dika_febriansyah,duit habis dikuras pajak ✅
17997957434875326,2026-03-25T01:37:17+00:00,0,https://www.instagram.com/p/DNCnMRdTWgC/,https://www.instagram.com/p/DNCnMRdTWgC/?comment_id=17997957434875326,scraping_instagram,pratamaregi,Menyalah potongan pajak buat THR 2026🔥😂
18039658076777568,2026-03-24T20:55:18+00:00,0,https://www.instagram.com/p/DNCnMRdTWgC/,https://www.instagram.com/p/DNCnMRdTWgC/?comment_id=18039658076777568,scraping_instagram,s25xf83bpl,"se-ANJING ANJING nya ANJING, lebih ANJING kalian.. ANJINGG"
18115379791587952,2026-03-24T19:44:50+00:00,0,https://www.instagram.com/p/DNCnMRdTWgC/,https://www.instagram.com/p/DNCnMRdTWgC/?comment_id=18115379791587952,scraping_instagram,s25xf83bpl,Duit gw lu rampok BANGSAT ANJING ANAK PELACUR BINATANG KONTOL MEMEK BABI SETAN HARAM JADAH
18393637366156572,2026-03-24T19:41:18+00:00,0,https://www.instagram.com/p/DNCnMRdTWgC/,https://www.instagram.com/p/DNCnMRdTWgC/?comment_id=18393637366156572,scraping_instagram,kenari_sell,Emg klo lapor dijamin kembali ?
18098487796794542,2026-03-24T16:53:29+00:00,0,https://www.instagram.com/p/DNCnMRdTWgC/,https://www.instagram.com/p/DNCnMRdTWgC/?comment_id=18098487796794542,scraping_instagram,athalianike,Ka coretax down terus ini
18096241420994876,2026-03-24T08:13:13+00:00,0,https://www.instagram.com/p/DNCnMRdTWgC/,https://www.instagram.com/p/DNCnMRdTWgC/?comment_id=18096241420994876,scraping_instagram,cincau.cendol_,PERETAS NYA YA ELU
17871271602468318,2026-03-23T05:50:11+00:00,0,https://www.instagram.com/p/DNCnMRdTWgC/,https://www.instagram.com/p/DNCnMRdTWgC/?comment_id=17871271602468318,scraping_instagram,jtssiba,dari tgl 21 maret 2026 coretax tidak bisa di akses kenapa ya...? saya sudah selesai draft tinggal kirim saja nih tapi susahnya minta ampun
18061886684341928,2026-03-23T01:19:00+00:00,0,https://www.instagram.com/p/DNCnMRdTWgC/,https://www.instagram.com/p/DNCnMRdTWgC/?comment_id=18061886684341928,scraping_instagram,yosua_situru,"Puaaajaaakkkk... Hasil dari pajak untuk beli mobil 8,5 m dan di pake oleh pe*jabat negara untuk kepentingan pribadi"
18053403827494871,2026-03-22T02:08:09+00:00,0,https://www.instagram.com/p/DNCnMRdTWgC/,https://www.instagram.com/p/DNCnMRdTWgC/?comment_id=18053403827494871,scraping_instagram,abdiahmrtq,"Kita disuruh lapor pajak, tapi kalian pernah ada laporan gak realisasi pajak kita buat diapain aja?"
17913926871341182,2026-03-21T23:06:53+00:00,0,https://www.instagram.com/p/DNCnMRdTWgC/,https://www.instagram.com/p/DNCnMRdTWgC/?comment_id=17913926871341182,scraping_instagram,afrz4ltr1putar,Ga jelas tolol
18099589624754143,2026-03-20T19:17:16+00:00,0,https://www.instagram.com/p/DNCnMRdTWgC/,https://www.instagram.com/p/DNCnMRdTWgC/?comment_id=18099589624754143,scraping_instagram,ormas.bangsat,Pajak 4NJ1NK
18286296922304564,2026-03-19T08:30:23+00:00,0,https://www.instagram.com/p/DNCnMRdTWgC/,https://www.instagram.com/p/DNCnMRdTWgC/?comment_id=18286296922304564,scraping_instagram,ellzetas,"GAJI 2-3JUTA BAYAR PAJAK HAMPIR 50%NYA , SYSTEM NEGARA MACAM APA INI !"
18159455050429383,2026-03-19T03:18:40+00:00,0,https://www.instagram.com/p/DNCnMRdTWgC/,https://www.instagram.com/p/DNCnMRdTWgC/?comment_id=18159455050429383,scraping_instagram,__rpman__,Duit kami habis dikuras pajak sana sini!
18086515436231511,2026-03-18T02:34:30+00:00,0,https://www.instagram.com/p/DNCnMRdTWgC/,https://www.instagram.com/p/DNCnMRdTWgC/?comment_id=18086515436231511,scraping_instagram,hafizhbankam,Duit habis dikuras pajak!!
17950652802113784,2026-03-17T22:24:40+00:00,0,https://www.instagram.com/p/DNCnMRdTWgC/,https://www.instagram.com/p/DNCnMRdTWgC/?comment_id=17950652802113784,scraping_instagram,radenputera,Duit habis dikuras kalian2 ini
18016517780820984,2026-03-17T16:58:06+00:00,0,https://www.instagram.com/p/DNCnMRdTWgC/,https://www.instagram.com/p/DNCnMRdTWgC/?comment_id=18016517780820984,scraping_instagram,westbig511,"Kalian para polisi di Indonesia, kalian sangat bodoh dan lambat dalam menyelidiki kasus MADE DANAN JAYA ANTARA yang menipu uang saya. Kalian sama sekali tidak bekerja. Saya sudah memberi tahu kalian bahwa ada penipu dari Indonesia yang menipu saya dan kalian tidak melakukan apa pun. Penipu ini telah menipu banyak orang menggunakan paspor asli, KTP asli, dan nama aslinya juga, dan kalian tidak melakukan apa pun. Ini aneh karena sepertinya polisi Indonesia mendukung penipuan karena kalian sama sekali tidak melakukan apa pun. Ini salah.😭😭😭😭😭😭"
18345208474209244,2026-03-17T16:57:43+00:00,0,https://www.instagram.com/p/DNCnMRdTWgC/,https://www.instagram.com/p/DNCnMRdTWgC/?comment_id=18345208474209244,scraping_instagram,westbig511,"Kalian para polisi di Indonesia, kalian sangat bodoh dan lambat dalam menyelidiki kasus MADE DANAN JAYA ANTARA yang menipu uang saya. Kalian sama sekali tidak bekerja. Saya sudah memberi tahu kalian bahwa ada penipu dari Indonesia yang menipu saya dan kalian tidak melakukan apa pun. Penipu ini telah menipu banyak orang menggunakan paspor asli, KTP asli, dan nama aslinya juga, dan kalian tidak melakukan apa pun. Ini aneh karena sepertinya polisi Indonesia mendukung penipuan karena kalian sama sekali tidak melakukan apa pun. Ini salah."
18080053001458200,2026-03-17T13:14:57+00:00,0,https://www.instagram.com/p/DNCnMRdTWgC/,https://www.instagram.com/p/DNCnMRdTWgC/?comment_id=18080053001458200,scraping_instagram,31faga,Mari kita adukan mereka yg menyusahkan kita kepada Tuhan
18098936494941405,2026-03-17T10:44:21+00:00,0,https://www.instagram.com/p/DNCnMRdTWgC/,https://www.instagram.com/p/DNCnMRdTWgC/?comment_id=18098936494941405,scraping_instagram,chriztyandt,apalah kerja kelean ini
18078104642576992,2026-03-17T09:22:42+00:00,1,https://www.instagram.com/p/DNCnMRdTWgC/,https://www.instagram.com/p/DNCnMRdTWgC/?comment_id=18078104642576992,scraping_instagram,hikmathayat,call center 1500200 gratiskan dong...dibuat seperti ahulink pake no whatsapp
17923060473097995,2026-03-17T03:47:05+00:00,0,https://www.instagram.com/p/DNCnMRdTWgC/,https://www.instagram.com/p/DNCnMRdTWgC/?comment_id=17923060473097995,scraping_instagram,ceraharisalamentari,"Malingnya lu, kontol!"
17978872268824552,2026-03-17T01:14:32+00:00,0,https://www.instagram.com/p/DNCnMRdTWgC/,https://www.instagram.com/p/DNCnMRdTWgC/?comment_id=17978872268824552,scraping_instagram,ayahnya_melody,DUIT HABIS D KURAS NEGARA KAN TOLOL
18333234307171372,2026-03-16T09:22:39+00:00,0,https://www.instagram.com/p/DNCnMRdTWgC/,https://www.instagram.com/p/DNCnMRdTWgC/?comment_id=18333234307171372,scraping_instagram,tioyes88,Duit  THR dipajakin lapor siapa?? Bangke😂😂😂
17964421563050475,2026-03-16T06:15:50+00:00,0,https://www.instagram.com/p/DNCnMRdTWgC/,https://www.instagram.com/p/DNCnMRdTWgC/?comment_id=17964421563050475,scraping_instagram,sonnssw,"Duit habis karna apa apa dipajakin, coba ga semua harus dipajakin gabakalan abis dan gabakalan ada yg ngeretas duit, karna pengretas duit juga dia kepaksa karna gada duit, udah gada duit disuruh bayar pajak, makanya jadi peretas"
18082299815372383,2026-03-16T03:19:33+00:00,0,https://www.instagram.com/p/DNCnMRdTWgC/,https://www.instagram.com/p/DNCnMRdTWgC/?comment_id=18082299815372383,scraping_instagram,ranto_hartono,Lu peretassss nya
18003333500855038,2026-03-16T03:19:24+00:00,0,https://www.instagram.com/p/DNCnMRdTWgC/,https://www.instagram.com/p/DNCnMRdTWgC/?comment_id=18003333500855038,scraping_instagram,ranto_hartono,Pajaaaak gw balikin mungut pajak kaga ngotak
17856089355677351,2026-03-15T14:34:10+00:00,0,https://www.instagram.com/p/DNCnMRdTWgC/,https://www.instagram.com/p/DNCnMRdTWgC/?comment_id=17856089355677351,scraping_instagram,ichsanfauzann,Peretas?????😂
18025589588738976,2026-03-15T05:46:09+00:00,0,https://www.instagram.com/p/DNCnMRdTWgC/,https://www.instagram.com/p/DNCnMRdTWgC/?comment_id=18025589588738976,scraping_instagram,aqmal_bener,CALON PENGHUNI NERAKA HAWIYAH SEMUA MULAI ATAS SAMPE BAWAHANNYA.. MEMAKAN YANG BUKAN HAKNYA.. SEMOGA KALIAN KEKAL DI NERAKA🔥
17941706658168341,2026-03-15T04:12:24+00:00,0,https://www.instagram.com/p/DNCnMRdTWgC/,https://www.instagram.com/p/DNCnMRdTWgC/?comment_id=17941706658168341,scraping_instagram,ericksukma_rasyid,"Peretas duit kami sebagai pengusaha adalah kalian semua, pantas orang2 kerja di kantor pajak kaya2...."
18103468594893679,2026-03-15T02:50:52+00:00,0,https://www.instagram.com/p/DNCnMRdTWgC/,https://www.instagram.com/p/DNCnMRdTWgC/?comment_id=18103468594893679,scraping_instagram,sandynuga2,Lu yang ngurasin
18100181987485998,2026-03-14T22:10:20+00:00,0,https://www.instagram.com/p/DNCnMRdTWgC/,https://www.instagram.com/p/DNCnMRdTWgC/?comment_id=18100181987485998,scraping_instagram,febriangunawan,Duit habis di pajakin elu ngerti
18002094983856640,2026-03-14T06:34:05+00:00,0,https://www.instagram.com/p/DNCnMRdTWgC/,https://www.instagram.com/p/DNCnMRdTWgC/?comment_id=18002094983856640,scraping_instagram,ylh57artemis,"Ya Allah gk ikhlas dunia akhirat, gw yg kerja , blm nikmati gaji udah dipotong dluan, dah bayar pajak pun duitnya dicuri koruptor, laknatullah 😤"
18101884306905666,2026-03-13T23:38:13+00:00,0,https://www.instagram.com/p/DNCnMRdTWgC/,https://www.instagram.com/p/DNCnMRdTWgC/?comment_id=18101884306905666,scraping_instagram,aliemasyhar,Duit habis yaa Lo yang palakin BABI!!!!
18573579661051754,2026-03-13T21:42:01+00:00,0,https://www.instagram.com/p/DNCnMRdTWgC/,https://www.instagram.com/p/DNCnMRdTWgC/?comment_id=18573579661051754,scraping_instagram,fitriahuun19,Lembaga paling merugikan rakyat
18096892381977557,2026-03-13T15:03:12+00:00,0,https://www.instagram.com/p/DNCnMRdTWgC/,https://www.instagram.com/p/DNCnMRdTWgC/?comment_id=18096892381977557,scraping_instagram,mithorking,Semoga kalian yang kerja di institusi ini masuk neraka semuanya
18097199234006220,2026-03-13T14:04:30+00:00,29,https://www.instagram.com/p/DNCnMRdTWgC/,https://www.instagram.com/p/DNCnMRdTWgC/?comment_id=18097199234006220,scraping_instagram,gembot190,kalian lah yg kuras duit orang😂😂😂
18095625553819682,2026-03-13T12:34:59+00:00,0,https://www.instagram.com/p/DNCnMRdTWgC/,https://www.instagram.com/p/DNCnMRdTWgC/?comment_id=18095625553819682,scraping_instagram,vienhardiyanti,Setiap habis lapor pajak selalu dapat tlp dan sms dari penipu. Kenapa ya?
18382605430095852,2026-03-13T11:58:46+00:00,0,https://www.instagram.com/p/DNCnMRdTWgC/,https://www.instagram.com/p/DNCnMRdTWgC/?comment_id=18382605430095852,scraping_instagram,iamnun2,Duit abis karena dipajakin bukan diretas....
18105023698877888,2026-03-13T08:43:25+00:00,0,https://www.instagram.com/p/DNCnMRdTWgC/,https://www.instagram.com/p/DNCnMRdTWgC/?comment_id=18105023698877888,scraping_instagram,b.y_emigrate_store,awoakwok hinaan semua
18175564171383776,2026-03-13T07:31:22+00:00,0,https://www.instagram.com/p/DNCnMRdTWgC/,https://www.instagram.com/p/DNCnMRdTWgC/?comment_id=18175564171383776,scraping_instagram,umanmatsuri,pak dirjen pajak punya usaha disolo ya wkwk
18065116208658372,2026-03-13T01:55:04+00:00,0,https://www.instagram.com/p/DNCnMRdTWgC/,https://www.instagram.com/p/DNCnMRdTWgC/?comment_id=18065116208658372,scraping_instagram,peter.hioe.9,"Percuma lapor, buntut2 nya aja gak ada penyelesaian! Pajak THR karyawan swasta noh rampok yg banyak!!!! @purbayayudhi.official"
18379509520094188,2026-03-12T08:15:06+00:00,0,https://www.instagram.com/p/DNCnMRdTWgC/,https://www.instagram.com/p/DNCnMRdTWgC/?comment_id=18379509520094188,scraping_instagram,yyh_badriah2024,"Percuma pakai link itu...disuruh isi kronologi, pakai angka numerik katanya...sudah dicoba berkali2 pakai kombinasi angka dan huruf masih aja gagal upload...tanya ke cs, gaktau dijawab atau nggak...akhirnya jadi males...cape2in aja isi data sebelumnya..."
18162256684423200,2026-03-11T16:43:00+00:00,0,https://www.instagram.com/p/DNCnMRdTWgC/,https://www.instagram.com/p/DNCnMRdTWgC/?comment_id=18162256684423200,scraping_instagram,windychristiany,Pak perpanjang dong pakk...untuk deadline masa lapor pajak pribadi sama PT🙏
18142975780428324,2026-03-11T11:25:57+00:00,0,https://www.instagram.com/p/DNCnMRdTWgC/,https://www.instagram.com/p/DNCnMRdTWgC/?comment_id=18142975780428324,scraping_instagram,ridwan.subekti,Dikuras anda satt
17909825190357266,2026-03-10T02:01:00+00:00,0,https://www.instagram.com/p/DNCnMRdTWgC/,https://www.instagram.com/p/DNCnMRdTWgC/?comment_id=17909825190357266,scraping_instagram,aadephe20,"SEMUA YANG HIDUP DIPAJAKIN !!!!! DEMI ALLAH GUA GA IKHLAS GA RIDHO DUNIA AKHIRAT, GUA TUNTUT DAH LU SEMUA NANTI DI AKHIRAT ... ALLAH AJA NGASIH KITA NAPAS GA PAKE PAJAK2AN, KALIAN YANG DIKASIH NAPAS SEENAKNYA NAGIHIN HAK DARI KERINGET MASYARAKAT !!!!! BIADAB !!!!!"
18099749069502427,2026-03-10T00:11:06+00:00,0,https://www.instagram.com/p/DNCnMRdTWgC/,https://www.instagram.com/p/DNCnMRdTWgC/?comment_id=18099749069502427,scraping_instagram,nengalitta,"Fixed. Duit THR gue yang dipotong, akan gue tagih di hari akhir. Tungguin aja. Dzalim banget Lo pada."
17863163853606564,2026-03-09T23:00:57+00:00,0,https://www.instagram.com/p/DNCnMRdTWgC/,https://www.instagram.com/p/DNCnMRdTWgC/?comment_id=17863163853606564,scraping_instagram,ceritafaris,Duit habis dikuras pemerintah🙌
18393320332151130,2026-03-09T13:48:43+00:00,0,https://www.instagram.com/p/DNCnMRdTWgC/,https://www.instagram.com/p/DNCnMRdTWgC/?comment_id=18393320332151130,scraping_instagram,imm88nuel,Duit dikuras sama kalian bukan sama penipuan blokk!
18183279304372861,2026-03-09T05:38:10+00:00,0,https://www.instagram.com/p/DNCnMRdTWgC/,https://www.instagram.com/p/DNCnMRdTWgC/?comment_id=18183279304372861,scraping_instagram,brigitatita,Duit habis dikuras djp
18073745810438541,2026-03-08T21:52:10+00:00,0,https://www.instagram.com/p/DNCnMRdTWgC/,https://www.instagram.com/p/DNCnMRdTWgC/?comment_id=18073745810438541,scraping_instagram,fikihendriprasetyo,Dikuras pajak baru bener
18103443337882800,2026-03-08T15:21:07+00:00,10,https://www.instagram.com/p/DNCnMRdTWgC/,https://www.instagram.com/p/DNCnMRdTWgC/?comment_id=18103443337882800,scraping_instagram,raahmaat92,Duit habis di peras pajak pemerintah
17873952771437258,2026-03-08T08:09:32+00:00,0,https://www.instagram.com/p/DNCnMRdTWgC/,https://www.instagram.com/p/DNCnMRdTWgC/?comment_id=17873952771437258,scraping_instagram,randi_setianto,"Capek kerja THR di potong 14% bajingan @ditjenpajakri , gw g ikhlas dunia akhirat, gw do'ain lu pada kena balasannya"
18045507596725266,2026-03-08T02:02:21+00:00,0,https://www.instagram.com/p/DNCnMRdTWgC/,https://www.instagram.com/p/DNCnMRdTWgC/?comment_id=18045507596725266,scraping_instagram,sgalihw,Duit nya habis dikuras pajak smua ini... Mana fasilitas umum jg msh kurang.. jln bnyk yg berlobang.. penerangan jln msh kurang jg
17858743788666243,2026-03-07T12:58:14+00:00,0,https://www.instagram.com/p/DNCnMRdTWgC/,https://www.instagram.com/p/DNCnMRdTWgC/?comment_id=17858743788666243,scraping_instagram,rajkusnia,Tukang palak... preman kerah putih
17916026304295983,2026-03-07T10:52:17+00:00,0,https://www.instagram.com/p/DNCnMRdTWgC/,https://www.instagram.com/p/DNCnMRdTWgC/?comment_id=17916026304295983,scraping_instagram,syifa_aqillasheiza,Duit habis dikuras pajakkkkk😂😂😂
18095184238821378,2026-03-07T04:45:26+00:00,0,https://www.instagram.com/p/DNCnMRdTWgC/,https://www.instagram.com/p/DNCnMRdTWgC/?comment_id=18095184238821378,scraping_instagram,ayumar19,"Bayar pajak mulu, tapi pekerja malah gini gini aja🤦🏼‍♀️"
17886452445341669,2026-03-07T04:25:49+00:00,0,https://www.instagram.com/p/DNCnMRdTWgC/,https://www.instagram.com/p/DNCnMRdTWgC/?comment_id=17886452445341669,scraping_instagram,rossyepusparatri,Di kuras pajak THR 34%😢😢😢
17904838977366795,2026-03-07T02:59:53+00:00,0,https://www.instagram.com/p/DNCnMRdTWgC/,https://www.instagram.com/p/DNCnMRdTWgC/?comment_id=17904838977366795,scraping_instagram,ayu.nsanala,Thr dapet potongan gaji pun dapet pajak di potong jugaa maruuk amaat
17984670425974418,2026-03-07T02:59:33+00:00,0,https://www.instagram.com/p/DNCnMRdTWgC/,https://www.instagram.com/p/DNCnMRdTWgC/?comment_id=17984670425974418,scraping_instagram,ayu.nsanala,Duit habisa diperas sama pajak yang ga jelasss
18168700624396379,2026-03-07T02:38:21+00:00,0,https://www.instagram.com/p/DNCnMRdTWgC/,https://www.instagram.com/p/DNCnMRdTWgC/?comment_id=18168700624396379,scraping_instagram,acahanisah,Ga ridho. Ga ikhlas. Dipajakin semua  hal.. Ketemu di akhirat nanti.. Semua amal orang pajak diambil rakyat 1 negara..
17942055915129089,2026-03-07T02:37:36+00:00,0,https://www.instagram.com/p/DNCnMRdTWgC/,https://www.instagram.com/p/DNCnMRdTWgC/?comment_id=17942055915129089,scraping_instagram,acahanisah,Duit habis dikuras pajak..
18146900662413392,2026-03-07T01:12:47+00:00,0,https://www.instagram.com/p/DNCnMRdTWgC/,https://www.instagram.com/p/DNCnMRdTWgC/?comment_id=18146900662413392,scraping_instagram,dendy_balungan,"Dikuras sm lu TOLOL!!!!!!! THR masih lu bikin pajak jg. Gaji yg lu Terima gak halal buat keluarga lu, inget!!!!"
17966024097032067,2026-03-06T20:37:02+00:00,0,https://www.instagram.com/p/DNCnMRdTWgC/,https://www.instagram.com/p/DNCnMRdTWgC/?comment_id=17966024097032067,scraping_instagram,nee.mila,Najis
18042882548736794,2026-03-06T20:34:46+00:00,0,https://www.instagram.com/p/DNCnMRdTWgC/,https://www.instagram.com/p/DNCnMRdTWgC/?comment_id=18042882548736794,scraping_instagram,nee.mila,"Duit habis di kuras negara,apa solusinya?"
18095107727056336,2026-03-06T17:48:19+00:00,0,https://www.instagram.com/p/DNCnMRdTWgC/,https://www.instagram.com/p/DNCnMRdTWgC/?comment_id=18095107727056336,scraping_instagram,yuliazhubirdevianto,Sumpah serapah dr rakyat yg terdzolimin d bulan ramadhan in syaa Allah Qobul setiap doa nya😢
18114798415633055,2026-03-06T14:57:30+00:00,0,https://www.instagram.com/p/DNCnMRdTWgC/,https://www.instagram.com/p/DNCnMRdTWgC/?comment_id=18114798415633055,scraping_instagram,michaelvalent77,"Pak tolong Pak.. Di sektor pajak ketenagakerjaan bagi karyawan menurut saya juga enggak adil atau tidak fair Pak. Misal dalam 1 tahun seorang karyawan berpindah kerja pada 2 hingga 3 perusahaan di data pajak pph 21 akan terlaporkan bekerja lebih dari 1 perusahaan.
Sehingga menyebabkan selisih bayar pajak tahunan Pak. Hal ini terjadi jika kasusnya karyawan tersebut kena cut / phk sepihak dari perusahaan ybs. Kasihan rakyat kecil Pak jika susah mencari pekerjaan di jaman sekarang tetapi justru kena banyak pajak ketenagakerjaan. 🙏🏻 @purbayayudhi.official"
18108800572747917,2026-03-06T14:50:51+00:00,0,https://www.instagram.com/p/DNCnMRdTWgC/,https://www.instagram.com/p/DNCnMRdTWgC/?comment_id=18108800572747917,scraping_instagram,al_hum12,"Maksud lu apaan sih ini? THR orang main di potong2 aja ! Parah yaa , gue yang cape kerja pagi ketemu malem , kenapa jadi lu yg nikmatin hasil nya !"
17913102633326188,2026-03-06T12:28:53+00:00,0,https://www.instagram.com/p/DNCnMRdTWgC/,https://www.instagram.com/p/DNCnMRdTWgC/?comment_id=17913102633326188,scraping_instagram,syrbnnn_,duit habis lu rampokin alesan pajak ngentod
18063527804671563,2026-03-06T10:29:49+00:00,0,https://www.instagram.com/p/DNCnMRdTWgC/,https://www.instagram.com/p/DNCnMRdTWgC/?comment_id=18063527804671563,scraping_instagram,wallllllllllll____,Duit habis smua di pajakin tunggu aja bernapas pun kena pajak
17851775013683665,2026-03-06T08:10:32+00:00,0,https://www.instagram.com/p/DNCnMRdTWgC/,https://www.instagram.com/p/DNCnMRdTWgC/?comment_id=17851775013683665,scraping_instagram,rskianormdm,"DIKURAT NEGARA, SEMUA DI PAJAKIN DEMI MBG HAMA"
17955316380084634,2026-03-06T06:23:13+00:00,0,https://www.instagram.com/p/DNCnMRdTWgC/,https://www.instagram.com/p/DNCnMRdTWgC/?comment_id=17955316380084634,scraping_instagram,zia_altofunnisa,Duit habis di kuras pajak ga kira² motong thr
18168903661405757,2026-03-06T05:24:51+00:00,0,https://www.instagram.com/p/DNCnMRdTWgC/,https://www.instagram.com/p/DNCnMRdTWgC/?comment_id=18168903661405757,scraping_instagram,afriansah.s,Duit habis di kuras pajak 😂
18031928690789635,2026-03-06T02:14:50+00:00,0,https://www.instagram.com/p/DNCnMRdTWgC/,https://www.instagram.com/p/DNCnMRdTWgC/?comment_id=18031928690789635,scraping_instagram,yosua_slt,"Duit habis krn semua di pajakin, kerja nyari sendiri, udah kerja di palakin pajak, wkwkwkw kocak !!"
18095627845989480,2026-03-06T02:13:42+00:00,0,https://www.instagram.com/p/DNCnMRdTWgC/,https://www.instagram.com/p/DNCnMRdTWgC/?comment_id=18095627845989480,scraping_instagram,herry_chries349,Pajak gaji lebih besar dari pada zakat 😂 Bnr2 Dajal para pejabat di negeri ini
18573076375006676,2026-03-06T00:28:58+00:00,0,https://www.instagram.com/p/DNCnMRdTWgC/,https://www.instagram.com/p/DNCnMRdTWgC/?comment_id=18573076375006676,scraping_instagram,adityaputraprastama,Lo yang tukang kuras nyalahin peretas😂
17963363298045954,2026-03-06T00:00:30+00:00,0,https://www.instagram.com/p/DNCnMRdTWgC/,https://www.instagram.com/p/DNCnMRdTWgC/?comment_id=17963363298045954,scraping_instagram,nurlaila6839,peretas nya siapa??? 😂😂😂
18378946141088982,2026-03-05T23:36:46+00:00,0,https://www.instagram.com/p/DNCnMRdTWgC/,https://www.instagram.com/p/DNCnMRdTWgC/?comment_id=18378946141088982,scraping_instagram,liezkhazaa,Udh setiap bukan kena pajak dan pajak tahunan jg gilaa gede bgt karyawan UMR 😢  kenapaaaa harusss rakyat kecil terus si pak..
18566918686013145,2026-03-05T22:02:35+00:00,0,https://www.instagram.com/p/DNCnMRdTWgC/,https://www.instagram.com/p/DNCnMRdTWgC/?comment_id=18566918686013145,scraping_instagram,azis_maulana0325,"MASYARAKAT INDONESIA STOP BAYAR PAJAK ENTAH ITU PAJAK KENDARAAN ATAUPUN YANG LAIN NYA SETUJU ?,,,,enak bner kita susah payah kerja eh elu elu pada tinggal duduk manis nerima duit semua orang"
18144662329475911,2026-03-05T21:36:01+00:00,2,https://www.instagram.com/p/DNCnMRdTWgC/,https://www.instagram.com/p/DNCnMRdTWgC/?comment_id=18144662329475911,scraping_instagram,ogie_guns,Yg pasti itu duit dikuras sama macem2 pajak.
18087927769899475,2026-03-05T15:38:56+00:00,0,https://www.instagram.com/p/DNCnMRdTWgC/,https://www.instagram.com/p/DNCnMRdTWgC/?comment_id=18087927769899475,scraping_instagram,serpong224indah,uang pajak habis di pejabat pajak😝
18104275030875164,2026-03-05T15:38:40+00:00,0,https://www.instagram.com/p/DNCnMRdTWgC/,https://www.instagram.com/p/DNCnMRdTWgC/?comment_id=18104275030875164,scraping_instagram,serpong224indah,buat aturan biar ribet bkn buat mudah siall lu semua
18097435103300086,2026-03-05T14:35:16+00:00,0,https://www.instagram.com/p/DNCnMRdTWgC/,https://www.instagram.com/p/DNCnMRdTWgC/?comment_id=18097435103300086,scraping_instagram,hadadramlyh,"Udah gaji minimalis masi aja di potong , dikriminasi bgt di beda bedain kerja swasta sama negri"
18352675783229055,2026-03-05T14:31:50+00:00,0,https://www.instagram.com/p/DNCnMRdTWgC/,https://www.instagram.com/p/DNCnMRdTWgC/?comment_id=18352675783229055,scraping_instagram,rasyidelfarizi,DUIT PAJAK HABIS DIKURAS KORUPTOR HARUS GIMANA? 😢
18115934785723418,2026-03-05T13:41:12+00:00,0,https://www.instagram.com/p/DNCnMRdTWgC/,https://www.instagram.com/p/DNCnMRdTWgC/?comment_id=18115934785723418,scraping_instagram,kang_komar17,Duit Habis Karena Semua Aspek Kena Pajak😂
18135714619506022,2026-03-05T10:43:22+00:00,0,https://www.instagram.com/p/DNCnMRdTWgC/,https://www.instagram.com/p/DNCnMRdTWgC/?comment_id=18135714619506022,scraping_instagram,ichamaysitha01,DIKURAS PAJAK WOI NGACA
18115264585715297,2026-03-05T10:12:30+00:00,0,https://www.instagram.com/p/DNCnMRdTWgC/,https://www.instagram.com/p/DNCnMRdTWgC/?comment_id=18115264585715297,scraping_instagram,hadi_supiyanto,Dikuras anda iy anda FAKIR MISKIN PEJABAT DI INDONESIA
17879134794499051,2026-03-05T09:53:25+00:00,0,https://www.instagram.com/p/DNCnMRdTWgC/,https://www.instagram.com/p/DNCnMRdTWgC/?comment_id=17879134794499051,scraping_instagram,_uucuu,Duit dipalak sama negara..
17899178856401003,2026-03-05T09:40:06+00:00,0,https://www.instagram.com/p/DNCnMRdTWgC/,https://www.instagram.com/p/DNCnMRdTWgC/?comment_id=17899178856401003,scraping_instagram,a_nakayam,"Duit habis dikuras pajak, pegawai swasta naik terus pajaknya, ASN dkk gak dikenai pajak, gimana dah"
18076547432381786,2026-03-05T09:36:20+00:00,0,https://www.instagram.com/p/DNCnMRdTWgC/,https://www.instagram.com/p/DNCnMRdTWgC/?comment_id=18076547432381786,scraping_instagram,yazofficialmerch,DUIT ABIS DIKURAS AMA LU
18095384056998596,2026-03-05T09:31:10+00:00,0,https://www.instagram.com/p/DNCnMRdTWgC/,https://www.instagram.com/p/DNCnMRdTWgC/?comment_id=18095384056998596,scraping_instagram,shely_agustina2012,💩💩💩💩💩💩💩💩💩
18310462588282278,2026-03-05T08:35:19+00:00,0,https://www.instagram.com/p/DNCnMRdTWgC/,https://www.instagram.com/p/DNCnMRdTWgC/?comment_id=18310462588282278,scraping_instagram,w4hyu_61,Negara aninggg sebusuk busuknyaa
18001700537857104,2026-03-05T08:35:19+00:00,0,https://www.instagram.com/p/DNCnMRdTWgC/,https://www.instagram.com/p/DNCnMRdTWgC/?comment_id=18001700537857104,scraping_instagram,ilhammustafasiregarr,Semoga kalian menjadi lebih baik lah kedepannya aamiin
18081302759057042,2026-03-05T06:05:46+00:00,0,https://www.instagram.com/p/DNCnMRdTWgC/,https://www.instagram.com/p/DNCnMRdTWgC/?comment_id=18081302759057042,scraping_instagram,abd.rhmand,Astagfirullah thr jg kena pajakk 🤦‍♂️🤦‍♂️🤦‍♂️🤦‍♂️🤦‍♂️
17957113929073746,2026-03-05T05:41:09+00:00,0,https://www.instagram.com/p/DNCnMRdTWgC/,https://www.instagram.com/p/DNCnMRdTWgC/?comment_id=17957113929073746,scraping_instagram,bukhorix,Mending buat healing duitnya daripada buat bayar pajak
18074334779145546,2026-03-05T05:02:36+00:00,0,https://www.instagram.com/p/DNCnMRdTWgC/,https://www.instagram.com/p/DNCnMRdTWgC/?comment_id=18074334779145546,scraping_instagram,roidad_,"yang nguras tu kebijakan lo ,emg negara korup"
17964230322023048,2026-03-05T03:54:15+00:00,0,https://www.instagram.com/p/DNCnMRdTWgC/,https://www.instagram.com/p/DNCnMRdTWgC/?comment_id=17964230322023048,scraping_instagram,adaharish_,DUIT KEKURAS DIKURAS PAJAK
18091328012119916,2026-03-05T03:29:17+00:00,0,https://www.instagram.com/p/DNCnMRdTWgC/,https://www.instagram.com/p/DNCnMRdTWgC/?comment_id=18091328012119916,scraping_instagram,tiamentaya,Dikuras pajak 🔥🔥🔥🔥🔥
17880640569389630,2026-03-04T21:03:57+00:00,0,https://www.instagram.com/p/DNCnMRdTWgC/,https://www.instagram.com/p/DNCnMRdTWgC/?comment_id=17880640569389630,scraping_instagram,haykalbawazier,Eluu yg bikin habissss krna apa2 sipajakin
17948770938105797,2026-03-04T16:08:36+00:00,0,https://www.instagram.com/p/DNCnMRdTWgC/,https://www.instagram.com/p/DNCnMRdTWgC/?comment_id=17948770938105797,scraping_instagram,muhammadhendrikp,duit habis karena dipajakin negara 😍
18110251261685225,2026-03-04T13:38:22+00:00,0,https://www.instagram.com/p/DNCnMRdTWgC/,https://www.instagram.com/p/DNCnMRdTWgC/?comment_id=18110251261685225,scraping_instagram,afandi__z,Duit warga indonesia habis gara2 lu kuras semua lewat pajak
18094512116512701,2026-03-04T12:31:40+00:00,0,https://www.instagram.com/p/DNCnMRdTWgC/,https://www.instagram.com/p/DNCnMRdTWgC/?comment_id=18094512116512701,scraping_instagram,fajarmaulana3443,"ngga, duit gua abis di kuras elu"
17872982985551118,2026-03-04T12:22:09+00:00,0,https://www.instagram.com/p/DNCnMRdTWgC/,https://www.instagram.com/p/DNCnMRdTWgC/?comment_id=17872982985551118,scraping_instagram,egaaanugraha,Duit habis dikuras pajak
18127547983538224,2026-03-04T12:16:14+00:00,0,https://www.instagram.com/p/DNCnMRdTWgC/,https://www.instagram.com/p/DNCnMRdTWgC/?comment_id=18127547983538224,scraping_instagram,wicaksono23sadawira,Instansi binatang anjing memang kalian ini
18053907986694865,2026-03-04T11:25:52+00:00,0,https://www.instagram.com/p/DNCnMRdTWgC/,https://www.instagram.com/p/DNCnMRdTWgC/?comment_id=18053907986694865,scraping_instagram,jatniko____________,Km punya ini Mau Itu Pasti saya pajak in
18574619968051298,2026-03-04T11:19:13+00:00,0,https://www.instagram.com/p/DNCnMRdTWgC/,https://www.instagram.com/p/DNCnMRdTWgC/?comment_id=18574619968051298,scraping_instagram,umysulawati,Nyalahin peretas kan elu elu pade biang kerok nya😂
17896610736409460,2026-03-04T11:18:42+00:00,0,https://www.instagram.com/p/DNCnMRdTWgC/,https://www.instagram.com/p/DNCnMRdTWgC/?comment_id=17896610736409460,scraping_instagram,iissttiiaannaa,Benerin dulu tuh coretax biar bisa download bulk bupot tanpa aplikasi luar.
17898679377393551,2026-03-04T11:01:43+00:00,4,https://www.instagram.com/p/DNCnMRdTWgC/,https://www.instagram.com/p/DNCnMRdTWgC/?comment_id=17898679377393551,scraping_instagram,widianto050,Serius ini THR mau dipotong 10 persen?
18070135064196539,2026-03-04T10:28:16+00:00,0,https://www.instagram.com/p/DNCnMRdTWgC/,https://www.instagram.com/p/DNCnMRdTWgC/?comment_id=18070135064196539,scraping_instagram,fajarmisbahulfuady,"diuit habis dipajak, aowkwkkwkwk 🗿"
18096859393786627,2026-03-04T10:23:26+00:00,0,https://www.instagram.com/p/DNCnMRdTWgC/,https://www.instagram.com/p/DNCnMRdTWgC/?comment_id=18096859393786627,scraping_instagram,_agngg,"dikuras ama pajak semuaa, disalahin peretas mikir orang mah"
17878488753499687,2026-03-04T10:06:33+00:00,0,https://www.instagram.com/p/DNCnMRdTWgC/,https://www.instagram.com/p/DNCnMRdTWgC/?comment_id=17878488753499687,scraping_instagram,pra_tamatian,"duit habis dikuras elu, tenyom!!!"
18069189935647546,2026-03-04T09:55:04+00:00,0,https://www.instagram.com/p/DNCnMRdTWgC/,https://www.instagram.com/p/DNCnMRdTWgC/?comment_id=18069189935647546,scraping_instagram,chandraadiningrat,Duit habis pajakin mulu.
18091106315111660,2026-03-04T09:42:34+00:00,0,https://www.instagram.com/p/DNCnMRdTWgC/,https://www.instagram.com/p/DNCnMRdTWgC/?comment_id=18091106315111660,scraping_instagram,helloari666,"Duit habis dipajakin, peretasnya orang pajak anjing"
18196175461339162,2026-03-04T09:38:49+00:00,0,https://www.instagram.com/p/DNCnMRdTWgC/,https://www.instagram.com/p/DNCnMRdTWgC/?comment_id=18196175461339162,scraping_instagram,adhikasetyar,PERETAS NYA KALIAN TOLOL!!
18081268841201695,2026-03-04T09:35:56+00:00,0,https://www.instagram.com/p/DNCnMRdTWgC/,https://www.instagram.com/p/DNCnMRdTWgC/?comment_id=18081268841201695,scraping_instagram,bagasajipramudya,Duit habis dikuras pajak negara 🔥 pajaknya buat bayar gajinya gibran pula 😂
18108781492774995,2026-03-04T09:30:30+00:00,0,https://www.instagram.com/p/DNCnMRdTWgC/,https://www.instagram.com/p/DNCnMRdTWgC/?comment_id=18108781492774995,scraping_instagram,chirohanazaki,Duit habis kena pajak..negara kocakkk
18081982130602014,2026-03-04T08:09:47+00:00,0,https://www.instagram.com/p/DNCnMRdTWgC/,https://www.instagram.com/p/DNCnMRdTWgC/?comment_id=18081982130602014,scraping_instagram,zerlinatammy,Duit abis dipotong pajak
18047236805715549,2026-03-04T07:58:03+00:00,0,https://www.instagram.com/p/DNCnMRdTWgC/,https://www.instagram.com/p/DNCnMRdTWgC/?comment_id=18047236805715549,scraping_instagram,abqorarsenio11,Di kuras elo 😂
17964391311013981,2026-03-04T07:28:54+00:00,0,https://www.instagram.com/p/DNCnMRdTWgC/,https://www.instagram.com/p/DNCnMRdTWgC/?comment_id=17964391311013981,scraping_instagram,mhmmd.4fif_,Israel
18348669028230142,2026-03-04T06:48:01+00:00,0,https://www.instagram.com/p/DNCnMRdTWgC/,https://www.instagram.com/p/DNCnMRdTWgC/?comment_id=18348669028230142,scraping_instagram,anisaizmillah_77,GAK SALAH BILANG GITU😂
18138744076494230,2026-03-04T06:31:56+00:00,0,https://www.instagram.com/p/DNCnMRdTWgC/,https://www.instagram.com/p/DNCnMRdTWgC/?comment_id=18138744076494230,scraping_instagram,rinz_jihan,Terkuras pajak
18025632866796447,2026-03-04T06:18:22+00:00,0,https://www.instagram.com/p/DNCnMRdTWgC/,https://www.instagram.com/p/DNCnMRdTWgC/?comment_id=18025632866796447,scraping_instagram,gandariratih,Thr aja dipajakin
18210597103320841,2026-03-04T06:13:17+00:00,0,https://www.instagram.com/p/DNCnMRdTWgC/,https://www.instagram.com/p/DNCnMRdTWgC/?comment_id=18210597103320841,scraping_instagram,habi.06,Pajak yg ngehabisini gobl0kkk
18094250626833635,2026-03-04T06:03:18+00:00,0,https://www.instagram.com/p/DNCnMRdTWgC/,https://www.instagram.com/p/DNCnMRdTWgC/?comment_id=18094250626833635,scraping_instagram,denidevios,Trnparansi nya mana ? 😂
18150102235455602,2026-03-04T06:02:09+00:00,0,https://www.instagram.com/p/DNCnMRdTWgC/,https://www.instagram.com/p/DNCnMRdTWgC/?comment_id=18150102235455602,scraping_instagram,rurohalputri_78,"Gak nyariin kerja, giliran udh kerja nyari sendiri dipotong pajak 21 blm BPJS habis gaji gue monyet"
17868843519476453,2026-03-04T05:07:35+00:00,0,https://www.instagram.com/p/DNCnMRdTWgC/,https://www.instagram.com/p/DNCnMRdTWgC/?comment_id=17868843519476453,scraping_instagram,juansyahput,uang rakyat di kuras para bangsat dan binatang berkedok ditjenpajak
17943920292128683,2026-03-04T04:44:24+00:00,0,https://www.instagram.com/p/DNCnMRdTWgC/,https://www.instagram.com/p/DNCnMRdTWgC/?comment_id=17943920292128683,scraping_instagram,_bial878,PAJAK ANJING
17896927869406305,2026-03-04T04:34:41+00:00,0,https://www.instagram.com/p/DNCnMRdTWgC/,https://www.instagram.com/p/DNCnMRdTWgC/?comment_id=17896927869406305,scraping_instagram,rikyrikardoo,Woooiii Semua orang Pajak Kapan di audit ni??? Jangan Rakyat terus diincar pajak nya
17944667700125363,2026-03-04T04:18:25+00:00,0,https://www.instagram.com/p/DNCnMRdTWgC/,https://www.instagram.com/p/DNCnMRdTWgC/?comment_id=17944667700125363,scraping_instagram,dennisfebry,"Duit gajian, duit THR habis dikuras kalian @ditjenpajakri 

Udah gt kita yang dikuras harus lapor pula, harusnya kalian yang laporan tuh duit pajak buat apa aja"
18074927498624142,2026-03-04T04:14:31+00:00,0,https://www.instagram.com/p/DNCnMRdTWgC/,https://www.instagram.com/p/DNCnMRdTWgC/?comment_id=18074927498624142,scraping_instagram,ismail_arek_88,Komentar saudara2 semua adalah jeritan hati rakyat indonesia
17856691650668736,2026-03-04T04:09:56+00:00,0,https://www.instagram.com/p/DNCnMRdTWgC/,https://www.instagram.com/p/DNCnMRdTWgC/?comment_id=17856691650668736,scraping_instagram,wsn_ardhani,yang ada duit dikuras pajak bego
18202436041335841,2026-03-04T03:53:50+00:00,0,https://www.instagram.com/p/DNCnMRdTWgC/,https://www.instagram.com/p/DNCnMRdTWgC/?comment_id=18202436041335841,scraping_instagram,panjiichsn,"Duit abis karna di pajakin semua, sadar ga si ?"
17961623214026473,2026-03-04T03:36:43+00:00,0,https://www.instagram.com/p/DNCnMRdTWgC/,https://www.instagram.com/p/DNCnMRdTWgC/?comment_id=17961623214026473,scraping_instagram,rizki.madan,Duit habis karna serba bayar pajak
18056996672421059,2026-03-04T02:02:13+00:00,0,https://www.instagram.com/p/DNCnMRdTWgC/,https://www.instagram.com/p/DNCnMRdTWgC/?comment_id=18056996672421059,scraping_instagram,hesti_ran,"Yg ada elu yg nguras jak pajak,, dikemanain hasil pajak nya bangsatt, jalan aja banyak yg bolong,, rakyat nya masi susah, pajak aja digedein fasilitas utk rakyat 0 besar, 😤"
18203138860328379,2026-03-04T01:40:04+00:00,0,https://www.instagram.com/p/DNCnMRdTWgC/,https://www.instagram.com/p/DNCnMRdTWgC/?comment_id=18203138860328379,scraping_instagram,berrybrandhs_,😂😂
17989879382930395,2026-03-03T23:43:05+00:00,0,https://www.instagram.com/p/DNCnMRdTWgC/,https://www.instagram.com/p/DNCnMRdTWgC/?comment_id=17989879382930395,scraping_instagram,haznie11,duit habis dikeruk kang pajak
18087378301926588,2026-03-03T21:46:40+00:00,0,https://www.instagram.com/p/DNCnMRdTWgC/,https://www.instagram.com/p/DNCnMRdTWgC/?comment_id=18087378301926588,scraping_instagram,ndhfghr,dikuras eluu iniii
18072760040183499,2026-03-03T21:44:04+00:00,0,https://www.instagram.com/p/DNCnMRdTWgC/,https://www.instagram.com/p/DNCnMRdTWgC/?comment_id=18072760040183499,scraping_instagram,habibiiahmd,DIPAJAKIN ELU!!!!!!
18107955550805634,2026-03-03T17:50:54+00:00,0,https://www.instagram.com/p/DNCnMRdTWgC/,https://www.instagram.com/p/DNCnMRdTWgC/?comment_id=18107955550805634,scraping_instagram,lesmana_real,Ya lu para peretas... malu dong
18107093635694277,2026-03-03T15:45:15+00:00,0,https://www.instagram.com/p/DNCnMRdTWgC/,https://www.instagram.com/p/DNCnMRdTWgC/?comment_id=18107093635694277,scraping_instagram,ryopatrianov,Duit habis dipajakin ✅
18114135556649156,2026-03-03T15:19:45+00:00,0,https://www.instagram.com/p/DNCnMRdTWgC/,https://www.instagram.com/p/DNCnMRdTWgC/?comment_id=18114135556649156,scraping_instagram,riobagshop,"Duit habis, dihabisin pajak, ga sadar yaa"
18563551732052067,2026-03-03T15:13:04+00:00,0,https://www.instagram.com/p/DNCnMRdTWgC/,https://www.instagram.com/p/DNCnMRdTWgC/?comment_id=18563551732052067,scraping_instagram,mistiqlaaal,"Kontol, ngapain THR kena pajak. Bangsat bgt"
17877730215508553,2026-03-03T13:56:02+00:00,0,https://www.instagram.com/p/DNCnMRdTWgC/,https://www.instagram.com/p/DNCnMRdTWgC/?comment_id=17877730215508553,scraping_instagram,tedolz_,"Duit habis dipalakin negara 🔥🔥🔥
Tapi timbal balik nya gak maksimal… kocak"
18087076681905235,2026-03-02T17:19:29+00:00,0,https://www.instagram.com/p/DNCnMRdTWgC/,https://www.instagram.com/p/DNCnMRdTWgC/?comment_id=18087076681905235,scraping_instagram,iskandar_nik,"Gua tiap bulan bayar pajak, tiap bulan di potong dari gaji. Tapi suruh lapor pajak, kalo kgak lapor di denda. Gimana sih maksudnya. Gua kurang taat apa coba tiap bulan di potong beberapa persen"
18308358187280570,2026-03-02T14:41:49+00:00,0,https://www.instagram.com/p/DNCnMRdTWgC/,https://www.instagram.com/p/DNCnMRdTWgC/?comment_id=18308358187280570,scraping_instagram,dzulkiflim23,Pulsa kekikis buat masuk djp online apalah
18095478826958254,2026-03-02T10:13:02+00:00,0,https://www.instagram.com/p/DNCnMRdTWgC/,https://www.instagram.com/p/DNCnMRdTWgC/?comment_id=18095478826958254,scraping_instagram,orcphenoc,"Report aja udah akun ini biar ilang sekalian, tanggapan keluhan aja gak di bales njir"
18507094360079505,2026-02-28T21:38:08+00:00,0,https://www.instagram.com/p/DNCnMRdTWgC/,https://www.instagram.com/p/DNCnMRdTWgC/?comment_id=18507094360079505,scraping_instagram,omo_arc,70% pendapatan dikuras Pajak 😍 tapi pembangunan gk merata 👏👏👏 menyala NKRI kuhhh
18107318215773146,2026-02-28T17:46:59+00:00,0,https://www.instagram.com/p/DNCnMRdTWgC/,https://www.instagram.com/p/DNCnMRdTWgC/?comment_id=18107318215773146,scraping_instagram,hniifsy_,Kalo dikuras sama pejabat pajak gimana
18052021457488464,2026-02-28T09:36:54+00:00,0,https://www.instagram.com/p/DNCnMRdTWgC/,https://www.instagram.com/p/DNCnMRdTWgC/?comment_id=18052021457488464,scraping_instagram,kobimhiji,Habis diretas❌🔥🔥🔥 DITODONG oknum PAJAK✅🔥🔥.
18013193948670169,2026-02-28T09:29:56+00:00,0,https://www.instagram.com/p/DNCnMRdTWgC/,https://www.instagram.com/p/DNCnMRdTWgC/?comment_id=18013193948670169,scraping_instagram,110.603,di kuras pajak elu diem 😂
18108746320688346,2026-02-28T00:06:36+00:00,0,https://www.instagram.com/p/DNCnMRdTWgC/,https://www.instagram.com/p/DNCnMRdTWgC/?comment_id=18108746320688346,scraping_instagram,_m.lutfhi,Peretasnya yaaa antum
18102330901912624,2026-02-27T19:20:53+00:00,0,https://www.instagram.com/p/DNCnMRdTWgC/,https://www.instagram.com/p/DNCnMRdTWgC/?comment_id=18102330901912624,scraping_instagram,adissyauqi_,Kebanyakan pajak anjg
18108523357771924,2026-02-27T12:44:40+00:00,0,https://www.instagram.com/p/DNCnMRdTWgC/,https://www.instagram.com/p/DNCnMRdTWgC/?comment_id=18108523357771924,scraping_instagram,pipi.faiz,Pajak lu gk ngotak dibanding negara sebelah tol lol
18561236770020352,2026-02-26T21:04:15+00:00,0,https://www.instagram.com/p/DNCnMRdTWgC/,https://www.instagram.com/p/DNCnMRdTWgC/?comment_id=18561236770020352,scraping_instagram,p.s.a_2815,"Duit habis dikuras lu, gimana. Lu bukan lagi peretas tapi pemerasan😂😂😂"
18112250119660689,2026-02-26T18:53:50+00:00,0,https://www.instagram.com/p/DNCnMRdTWgC/,https://www.instagram.com/p/DNCnMRdTWgC/?comment_id=18112250119660689,scraping_instagram,zur4_8,Yg ada bis di pajakin semua babi
17877028239506879,2026-02-26T17:10:05+00:00,0,https://www.instagram.com/p/DNCnMRdTWgC/,https://www.instagram.com/p/DNCnMRdTWgC/?comment_id=17877028239506879,scraping_instagram,bningsh,Lebih ke duit habis dikuras pajak sih tepatnya✌️
17991525950922310,2026-02-26T14:25:54+00:00,0,https://www.instagram.com/p/DNCnMRdTWgC/,https://www.instagram.com/p/DNCnMRdTWgC/?comment_id=17991525950922310,scraping_instagram,iamapestor25,Duit diretas org pajak : halo pak bayar pajak. wp : mau byr pakai apa duit gw di retas. Org pajak : urusan Lo mau rugi kek untung kek tetap byr pajak😂
18109532950743320,2026-02-26T13:16:50+00:00,0,https://www.instagram.com/p/DNCnMRdTWgC/,https://www.instagram.com/p/DNCnMRdTWgC/?comment_id=18109532950743320,scraping_instagram,atsirah90,"Anda yg menguras duit, parafrase yg buruk"
17960882910047594,2026-02-26T09:55:31+00:00,0,https://www.instagram.com/p/DNCnMRdTWgC/,https://www.instagram.com/p/DNCnMRdTWgC/?comment_id=17960882910047594,scraping_instagram,muslim_brothers10,Website lu noh kek kontol
18067412417267599,2026-02-26T05:50:54+00:00,0,https://www.instagram.com/p/DNCnMRdTWgC/,https://www.instagram.com/p/DNCnMRdTWgC/?comment_id=18067412417267599,scraping_instagram,endigea07,Ribetttt
18112157074587239,2026-02-26T03:18:56+00:00,0,https://www.instagram.com/p/DNCnMRdTWgC/,https://www.instagram.com/p/DNCnMRdTWgC/?comment_id=18112157074587239,scraping_instagram,sirhan_fikri,TOGE PRODUCTION mau kabur gara2 ente min!
18082992916996825,2026-02-26T02:55:59+00:00,0,https://www.instagram.com/p/DNCnMRdTWgC/,https://www.instagram.com/p/DNCnMRdTWgC/?comment_id=18082992916996825,scraping_instagram,fermipan1box,Coretax pliss lah kalau belum siap server nya jangan dipaksain mau lapor wae susah
18061051376338508,2026-02-24T13:46:20+00:00,0,https://www.instagram.com/p/DNCnMRdTWgC/,https://www.instagram.com/p/DNCnMRdTWgC/?comment_id=18061051376338508,scraping_instagram,erwin_simanjuntak26,Segera lapor... Komentar aja gak ada yg dibalas
17959823904048783,2026-02-23T11:13:10+00:00,0,https://www.instagram.com/p/DNCnMRdTWgC/,https://www.instagram.com/p/DNCnMRdTWgC/?comment_id=17959823904048783,scraping_instagram,prassigiiit1,"Min mau tnya apakah thr (tunjangan hari raya) pns,asn tni polri di bayarkan pemerintah ?kok beda dengan pegawai swasta yg bayar sendiri ?😂"
17897810547400052,2026-02-21T09:30:03+00:00,0,https://www.instagram.com/p/DNCnMRdTWgC/,https://www.instagram.com/p/DNCnMRdTWgC/?comment_id=17897810547400052,scraping_instagram,krisdaniardyyohanes,Duit habis dikuras pajak 🔥
18093114977072002,2026-02-20T07:35:47+00:00,0,https://www.instagram.com/p/DNCnMRdTWgC/,https://www.instagram.com/p/DNCnMRdTWgC/?comment_id=18093114977072002,scraping_instagram,gemima_cloud,Duit habis dikuras eluuuuu
17862312243526133,2026-02-20T06:25:23+00:00,0,https://www.instagram.com/p/DNCnMRdTWgC/,https://www.instagram.com/p/DNCnMRdTWgC/?comment_id=17862312243526133,scraping_instagram,astawan111,Mau tanya bedanya Bayar Pajak dan Menyetorkan Uang ke Perampok apa ya?
17984631707957544,2026-02-20T06:04:19+00:00,0,https://www.instagram.com/p/DNCnMRdTWgC/,https://www.instagram.com/p/DNCnMRdTWgC/?comment_id=17984631707957544,scraping_instagram,laodeinsanz,"Kenapa data-data internal CV/PT sampai nomor NIB dan akte, NPWP segala bisa bocor diketahui dan digunakan oleh penipu pelaku scammer/phishing? apakah ada ordal yg bocorin atau databasenya gak aman? Parah banget, sampe banyak korban rekeningnya kekuras."
18001661783707572,2026-02-20T04:23:04+00:00,0,https://www.instagram.com/p/DNCnMRdTWgC/,https://www.instagram.com/p/DNCnMRdTWgC/?comment_id=18001661783707572,scraping_instagram,de_sah73,Petugas pajak jutek dan tidak ramah apakah SOPnya seperti itu ya @purbayayudhi.official @kemenkeuri @djpprkemenkeu @pajakdjpbanten @ditjenpajakri
18082568468264041,2026-02-20T04:10:10+00:00,0,https://www.instagram.com/p/DNCnMRdTWgC/,https://www.instagram.com/p/DNCnMRdTWgC/?comment_id=18082568468264041,scraping_instagram,slvia_halim,Duit habis dikuras Pajak..😂😂😂
18093619118008282,2026-02-19T06:58:14+00:00,0,https://www.instagram.com/p/DNCnMRdTWgC/,https://www.instagram.com/p/DNCnMRdTWgC/?comment_id=18093619118008282,scraping_instagram,aira.putri15,"mahal kali pajak indonesia pepek,uang nya pun tah kemana kelen buat bujang"
18136401232500541,2026-02-16T02:19:54+00:00,0,https://www.instagram.com/p/DNCnMRdTWgC/,https://www.instagram.com/p/DNCnMRdTWgC/?comment_id=18136401232500541,scraping_instagram,isabellasoit,Saya mau lapor indikasi penipuan kemana ya? Saya barusan ditelp oleh org yg mengaku bernama Roy dari KPP Pratama Duren Sawit. Dia bilang saya perlu download aplikasi coretax. Kebetulan saya baru saja lapor pajak ke KPP Duren Sawit jadi saya curiga mengapa saya perlu melakukan pembaruan data lagi dan mendownload aplikasi coretax.
17855681949573156,2026-02-13T15:36:57+00:00,42,https://www.instagram.com/p/DNCnMRdTWgC/,https://www.instagram.com/p/DNCnMRdTWgC/?comment_id=17855681949573156,scraping_instagram,mrbreakdown07,"🔥Rasulullah ﷺ bersabda :
“Sesungguhnya pemungut pajak (Shahibul Maks) berada di Neraka.”
[HR. Ahmad, Abu Dawud]
. 
Rasulullah ﷺ bersabda : 
""Sesungguhnya pelaku/pemungut pajak (diadzab) di Neraka."" (HR Ahmad 4/109, Abu Dawud kitab Al-Imarah : 7). Hadits ini dishahihkan oleh Syaikh Al-Albani rahimahullah.
. 
“Seseorang mungkin akan bertanya, 'Kalau pemerintah bisa mencetak uang dalam jumlah tak terbatas, lalu kenapa mereka memungut Pajak?'”
[Nayib Bukele, Presiden El Salvador] 
🔥🔥🔥🔥🔥🔥🔥🔥🔥🔥🔥🔥🔥🔥🔥🔥"
18171401014386144,2026-02-13T12:14:40+00:00,0,https://www.instagram.com/p/DNCnMRdTWgC/,https://www.instagram.com/p/DNCnMRdTWgC/?comment_id=18171401014386144,scraping_instagram,nisa.nrfdlh,Coretax lagi eror kah? Mau impersonating user PT diklik balik ke awal dan begitu terus ada yg sama?
18557196880061703,2026-02-13T03:50:19+00:00,0,https://www.instagram.com/p/DNCnMRdTWgC/,https://www.instagram.com/p/DNCnMRdTWgC/?comment_id=18557196880061703,scraping_instagram,anton121187,"INFORMASIKAN KEPADA
MARVIS DASON

SELESAIKAN HUTANG BELASAN JUTA INI VIA ONLINE SEKARANG ATAU KAMI EKSEKUSI DATA BELIAU.

JIKA BELIAU MASIH SAYANG DENGAN AKTIFITAS HARIAN DAN DATA LENGKAP BELIAU, SILAHKAN SELESAIKAN SORE INI.

JIKA INVESTIGASI LANJUTAN TERDAPAT DATA YANG TIDAK VALID, KAMI SIAP PROSES PELAPORAN INDIKASI MANIPULASI DATA DAN PENGGELAPAN DANA PERUSAHAAN KAMI.

BAYAR, ATAU KAMI SELESAIKAN"
18089103244890751,2026-02-12T11:41:31+00:00,0,https://www.instagram.com/p/DNCnMRdTWgC/,https://www.instagram.com/p/DNCnMRdTWgC/?comment_id=18089103244890751,scraping_instagram,dhwijaya77,Duit habis buat bayar pajak ehh ujung2nya dikoruosi
17936786178154968,2026-02-06T21:24:46+00:00,0,https://www.instagram.com/p/DNCnMRdTWgC/,https://www.instagram.com/p/DNCnMRdTWgC/?comment_id=17936786178154968,scraping_instagram,aprizal_amin,Lu yang nguras
17843935116678178,2026-02-06T06:30:47+00:00,0,https://www.instagram.com/p/DNCnMRdTWgC/,https://www.instagram.com/p/DNCnMRdTWgC/?comment_id=17843935116678178,scraping_instagram,0nyaaaaaaaaaa,"lahh... beli emas batangan kan udah kena Ppn..ngapain lapor?? Ya dari hasil Ppn itulah kau cek sendiri... masa udah Kami yg bayar, kami jg yg lapor...dasar PEMALASSS apa gunanya kau diangkat jd Pns?? @dirjenpajak.go.id @purbayayudhi.official"
18105945130751000,2026-02-06T03:59:12+00:00,0,https://www.instagram.com/p/DNCnMRdTWgC/,https://www.instagram.com/p/DNCnMRdTWgC/?comment_id=18105945130751000,scraping_instagram,pahlawan.kebetulan,Wooooooy. Gw lapor SPT kenapa gw suruh bayar denda 600rb.  @purbayayudhi.official  @pajakdepokcmg
18002908433852204,2026-02-05T09:45:57+00:00,0,https://www.instagram.com/p/DNCnMRdTWgC/,https://www.instagram.com/p/DNCnMRdTWgC/?comment_id=18002908433852204,scraping_instagram,john_laia_north_sumatera_nias,"Lapor enggk ada juga hasilnya,mohon @official.kpk  pantau ini orang2 pajak sistem eror  terus entah apa kerjanya."
18079305455461395,2026-02-05T08:38:39+00:00,0,https://www.instagram.com/p/DNCnMRdTWgC/,https://www.instagram.com/p/DNCnMRdTWgC/?comment_id=18079305455461395,scraping_instagram,duwiprastiwi,"Jam 15.37 mau upload sulit, masuk xml muter ja. Coretax cuma bisa di pakai tgl 1 doang. Selebih cuma nyiksa batin ja"
18120956527502075,2026-02-05T08:08:43+00:00,0,https://www.instagram.com/p/DNCnMRdTWgC/,https://www.instagram.com/p/DNCnMRdTWgC/?comment_id=18120956527502075,scraping_instagram,anton121187,"INFORMASIKAN KEPADA
MARVIS DASON

SELESAIKAN HUTANG BELASAN JUTA INI VIA ONLINE SEKARANG ATAU KAMI EKSEKUSI DATA BELIAU.

JIKA BELIAU MASIH SAYANG DENGAN AKTIFITAS HARIAN DAN DATA LENGKAP BELIAU, SILAHKAN SELESAIKAN SORE INI.

JIKA INVESTIGASI LANJUTAN TERDAPAT DATA YANG TIDAK VALID, KAMI SIAP PROSES PELAPORAN INDIKASI MANIPULASI DATA DAN PENGGELAPAN DANA PERUSAHAAN KAMI.

BAYAR, ATAU KAMI SELESAIKAN"
18061154045320368,2026-02-05T07:24:06+00:00,0,https://www.instagram.com/p/DNCnMRdTWgC/,https://www.instagram.com/p/DNCnMRdTWgC/?comment_id=18061154045320368,scraping_instagram,zizenxly,"Saya daftar NPWP badan sudah 1 minggu kok belum terbit juga ya NPWP nya, di email cuma ada surat penyampaian edukasi pajak, bagaimana ini?"
18333616630244768,2026-02-04T10:23:24+00:00,0,https://www.instagram.com/p/DNCnMRdTWgC/,https://www.instagram.com/p/DNCnMRdTWgC/?comment_id=18333616630244768,scraping_instagram,aryafarhanr,"pajak elit, web sulit🔥 menyala dirjen pajak ku 💩💩💩"
17846583939662459,2026-02-04T07:57:51+00:00,0,https://www.instagram.com/p/DNCnMRdTWgC/,https://www.instagram.com/p/DNCnMRdTWgC/?comment_id=17846583939662459,scraping_instagram,semadinugroho,"Next time ganti lagi aja aplikasinya, mau kapan beresnya?"
18080152679248485,2026-02-04T04:17:00+00:00,0,https://www.instagram.com/p/DNCnMRdTWgC/,https://www.instagram.com/p/DNCnMRdTWgC/?comment_id=18080152679248485,scraping_instagram,elfridajeje,"GADA HASIL, WEBSITE BARU MALAH ILANG NOMOR LAPORANNYA. UDAH LAPOR TETEP GABADA BALASAN!"
18054505847408281,2026-01-31T16:13:40+00:00,0,https://www.instagram.com/p/DNCnMRdTWgC/,https://www.instagram.com/p/DNCnMRdTWgC/?comment_id=18054505847408281,scraping_instagram,yasnaartha,Lama lama pajak kaya depkolektor!!!
18111511477639157,2026-01-27T12:02:24+00:00,0,https://www.instagram.com/p/DNCnMRdTWgC/,https://www.instagram.com/p/DNCnMRdTWgC/?comment_id=18111511477639157,scraping_instagram,marthaviolet77,
18205568098321682,2026-01-22T04:51:28+00:00,0,https://www.instagram.com/p/DNCnMRdTWgC/,https://www.instagram.com/p/DNCnMRdTWgC/?comment_id=18205568098321682,scraping_instagram,itsme_chennz,Lintah darat
18068273027181219,2026-01-20T08:23:03+00:00,0,https://www.instagram.com/p/DNCnMRdTWgC/,https://www.instagram.com/p/DNCnMRdTWgC/?comment_id=18068273027181219,scraping_instagram,rsmaadvargrn_,ERRORIYAHHHH EVERYDAYYY!!
18087565823281663,2026-01-20T05:55:27+00:00,0,https://www.instagram.com/p/DNCnMRdTWgC/,https://www.instagram.com/p/DNCnMRdTWgC/?comment_id=18087565823281663,scraping_instagram,musharmadiagust,Gabisa login gimana cara mengatasi nya
18051143981464974,2026-01-16T12:23:46+00:00,0,https://www.instagram.com/p/DNCnMRdTWgC/,https://www.instagram.com/p/DNCnMRdTWgC/?comment_id=18051143981464974,scraping_instagram,aabib_19,"Dear cortax, saya sudah satu minggu coba daftar npwp, masalahnya ada pada address detail dan saya sudah mencoba sedetail mungkin buat alamat detailnya namun tetel tidak bisa, kalau begitu kasihlah solusinya detail yang bagaimana yang dimaksud. Terimakasih"
18196363804333230,2026-01-16T12:23:43+00:00,0,https://www.instagram.com/p/DNCnMRdTWgC/,https://www.instagram.com/p/DNCnMRdTWgC/?comment_id=18196363804333230,scraping_instagram,aabib_19,"Dear cortax, saya sudah satu minggu coba daftar npwp, masalahnya ada pada address detail dan saya sudah mencoba sedetail mungkin buat alamat detailnya namun tetel tidak bisa, kalau begitu kasihlah solusinya detail yang bagaimana yang dimaksud. Terimakasih"
18052178153426516,2026-01-16T12:23:36+00:00,0,https://www.instagram.com/p/DNCnMRdTWgC/,https://www.instagram.com/p/DNCnMRdTWgC/?comment_id=18052178153426516,scraping_instagram,aabib_19,"Dear cortax, saya sudah satu minggu coba daftar npwp, masalahnya ada pada address detail dan saya sudah mencoba sedetail mungkin buat alamat detailnya namun tetel tidak bisa, kalau begitu kasihlah solusinya detail yang bagaimana yang dimaksud. Terimakasih"
18163457845406188,2026-01-16T12:23:33+00:00,0,https://www.instagram.com/p/DNCnMRdTWgC/,https://www.instagram.com/p/DNCnMRdTWgC/?comment_id=18163457845406188,scraping_instagram,aabib_19,"Dear cortax, saya sudah satu minggu coba daftar npwp, masalahnya ada pada address detail dan saya sudah mencoba sedetail mungkin buat alamat detailnya namun tetel tidak bisa, kalau begitu kasihlah solusinya detail yang bagaimana yang dimaksud. Terimakasih"
17883174363439751,2026-01-16T12:23:30+00:00,0,https://www.instagram.com/p/DNCnMRdTWgC/,https://www.instagram.com/p/DNCnMRdTWgC/?comment_id=17883174363439751,scraping_instagram,aabib_19,"Dear cortax, saya sudah satu minggu coba daftar npwp, masalahnya ada pada address detail dan saya sudah mencoba sedetail mungkin buat alamat detailnya namun tetel tidak bisa, kalau begitu kasihlah solusinya detail yang bagaimana yang dimaksud. Terimakasih"
18097035550935058,2026-01-16T12:23:28+00:00,0,https://www.instagram.com/p/DNCnMRdTWgC/,https://www.instagram.com/p/DNCnMRdTWgC/?comment_id=18097035550935058,scraping_instagram,aabib_19,"Dear cortax, saya sudah satu minggu coba daftar npwp, masalahnya ada pada address detail dan saya sudah mencoba sedetail mungkin buat alamat detailnya namun tetel tidak bisa, kalau begitu kasihlah solusinya detail yang bagaimana yang dimaksud. Terimakasih"
18100047685854815,2026-01-16T10:12:20+00:00,0,https://www.instagram.com/p/DNCnMRdTWgC/,https://www.instagram.com/p/DNCnMRdTWgC/?comment_id=18100047685854815,scraping_instagram,mhdkamali,"Aduan nomor ga bisa. Tolong dibantu. Barusan ada tlp via WA dr akun bisnis atas nama DJP dg modus PROGRAM PEMADANAN nik mjd NPWP. 082396559139  alhamdulillah istri bareng sy sbg suami, jd ga sampe di dowload aplikasi dr penipunya"
17997229598910246,2026-01-16T02:39:45+00:00,0,https://www.instagram.com/p/DNCnMRdTWgC/,https://www.instagram.com/p/DNCnMRdTWgC/?comment_id=17997229598910246,scraping_instagram,reviimuhammadd,502 bad gateway
18030729089775220,2026-01-15T11:51:26+00:00,0,https://www.instagram.com/p/DNCnMRdTWgC/,https://www.instagram.com/p/DNCnMRdTWgC/?comment_id=18030729089775220,scraping_instagram,halluttamharrun,DUIT HABIS KARENA DIPAJAKIN
18066314720551741,2026-01-15T01:08:52+00:00,0,https://www.instagram.com/p/DNCnMRdTWgC/,https://www.instagram.com/p/DNCnMRdTWgC/?comment_id=18066314720551741,scraping_instagram,darren_nugraha,admin kena grebek KPK ga?
18089914343102521,2026-01-13T21:04:30+00:00,0,https://www.instagram.com/p/DNCnMRdTWgC/,https://www.instagram.com/p/DNCnMRdTWgC/?comment_id=18089914343102521,scraping_instagram,frafangastanovia,Di kuras pegawai pajak😂
18325769065246500,2026-01-11T22:37:58+00:00,0,https://www.instagram.com/p/DNCnMRdTWgC/,https://www.instagram.com/p/DNCnMRdTWgC/?comment_id=18325769065246500,scraping_instagram,k_tompel,"Tukin paling tinggi, masih ada yang rakus"
18083475263166516,2026-01-11T06:36:17+00:00,0,https://www.instagram.com/p/DNCnMRdTWgC/,https://www.instagram.com/p/DNCnMRdTWgC/?comment_id=18083475263166516,scraping_instagram,nadya_kurnia3,"Gimana mau siap lapor pajak Bupot BPA2 saja gag bisa balance gimana sih, minimal kasih sosialisasi, ditanya di wa harus 0, dateng ke kantor gag papa kalau kelebihan bayar. Taik dikira kerjaan gua cuma untuk bikin pajak aja"
18373279759080043,2026-01-07T02:41:10+00:00,0,https://www.instagram.com/p/DNCnMRdTWgC/,https://www.instagram.com/p/DNCnMRdTWgC/?comment_id=18373279759080043,scraping_instagram,rezademara,SISTEM GA GUNA BIKIN NPWP AJA RIBET
17858443290580395,2026-01-06T02:04:04+00:00,0,https://www.instagram.com/p/DNCnMRdTWgC/,https://www.instagram.com/p/DNCnMRdTWgC/?comment_id=17858443290580395,scraping_instagram,ichasofiea,Btw ini udah ada yg berhasil buat fp 2025?
18082330619153403,2026-01-05T07:39:48+00:00,0,https://www.instagram.com/p/DNCnMRdTWgC/,https://www.instagram.com/p/DNCnMRdTWgC/?comment_id=18082330619153403,scraping_instagram,d_rkmra4,Masuk akun coretax susah amat ka?
17906013846161323,2026-01-03T09:54:12+00:00,0,https://www.instagram.com/p/DNCnMRdTWgC/,https://www.instagram.com/p/DNCnMRdTWgC/?comment_id=17906013846161323,scraping_instagram,fahhadfaozi,Min..saya sudah daftar npwp badan. Tapi sampai sekarang ga dikirim bukti NPWP nya....respon min @ditjenpajakri
18026747933788045,2026-01-01T06:13:15+00:00,0,https://www.instagram.com/p/DNCnMRdTWgC/,https://www.instagram.com/p/DNCnMRdTWgC/?comment_id=18026747933788045,scraping_instagram,mindrawan_,"DUIT HABIS BUAT BAYAR PAJAK, RAKYAT DI BIKIN SUSAH SURUH BUAT LAPOR PAJAK BEGI"
18087084578102959,2025-12-31T10:39:47+00:00,0,https://www.instagram.com/p/DNCnMRdTWgC/,https://www.instagram.com/p/DNCnMRdTWgC/?comment_id=18087084578102959,scraping_instagram,nadskuyy,dikuras negara mereun
17946884319065373,2025-12-30T11:39:05+00:00,0,https://www.instagram.com/p/DNCnMRdTWgC/,https://www.instagram.com/p/DNCnMRdTWgC/?comment_id=17946884319065373,scraping_instagram,renn.riot,LU SERIUS BAHKAN ROBLOX BUAT MAINAN ANAK ANAK AJA DIPAJAKIN 11%??? GILA SEKELAS BARANG MEWAH YA PAKAI PPN 11%
18065876021545213,2025-12-30T06:29:44+00:00,0,https://www.instagram.com/p/DNCnMRdTWgC/,https://www.instagram.com/p/DNCnMRdTWgC/?comment_id=18065876021545213,scraping_instagram,ian_hashirama_senju,Woi lu serakah amat gaji gua lu paajak akhir bulan desember tiba 3x lipatt lu serakah amat jadi orang pada ingat ya gua ga iklas gua akan tuntut di akhirat kelak
18109108546727275,2025-12-30T05:23:40+00:00,0,https://www.instagram.com/p/DNCnMRdTWgC/,https://www.instagram.com/p/DNCnMRdTWgC/?comment_id=18109108546727275,scraping_instagram,moehaimin7,"Duit abis di peras negara. Gaji kepotong 10% tiap akhir tahun. Gila, Fir'aun lu pada."
18091732348762473,2025-12-30T04:28:10+00:00,0,https://www.instagram.com/p/DNCnMRdTWgC/,https://www.instagram.com/p/DNCnMRdTWgC/?comment_id=18091732348762473,scraping_instagram,itsputripertiwi,"Dari awal tahun 2025 sampe H-1 akhir tahun 2025 ga abis2 yaa drama CORETAX ini.. tolong dong pak, kami mau bayar pajak kok malah dipersulit sihhh🙏🏽"
18139794937464754,2025-12-30T04:26:19+00:00,0,https://www.instagram.com/p/DNCnMRdTWgC/,https://www.instagram.com/p/DNCnMRdTWgC/?comment_id=18139794937464754,scraping_instagram,itsputripertiwi,"Hallo Coretax kok kamu error terus sih beberapa hari ini, kan mau deadline lapor PPN. Nanti kalo ada STP, apa kamu mau tanggung biayanya???"
18072647660369057,2025-12-30T02:10:24+00:00,0,https://www.instagram.com/p/DNCnMRdTWgC/,https://www.instagram.com/p/DNCnMRdTWgC/?comment_id=18072647660369057,scraping_instagram,hengki.setiyo,"apa coretax lagi erorr?
kok tidak bisa upload faktur pajak."
18431352469104951,2025-12-30T01:36:30+00:00,0,https://www.instagram.com/p/DNCnMRdTWgC/,https://www.instagram.com/p/DNCnMRdTWgC/?comment_id=18431352469104951,scraping_instagram,hey.reeff,"Mau telfon ke kantor pajak,mau buat bayar pajak ajah susah banget.heran deh 😭"
18041494661705828,2025-12-29T10:09:30+00:00,5,https://www.instagram.com/p/DNCnMRdTWgC/,https://www.instagram.com/p/DNCnMRdTWgC/?comment_id=18041494661705828,scraping_instagram,dolphin.6488461,Duit negara diabisin buat coretax gimana tuh?
18090303892797506,2025-12-28T16:59:26+00:00,0,https://www.instagram.com/p/DNCnMRdTWgC/,https://www.instagram.com/p/DNCnMRdTWgC/?comment_id=18090303892797506,scraping_instagram,km06neverdiee,WOOOYYYYY CORETAX NYA BENERIN DULU SONO
18094587254306389,2025-12-26T13:11:56+00:00,0,https://www.instagram.com/p/DNCnMRdTWgC/,https://www.instagram.com/p/DNCnMRdTWgC/?comment_id=18094587254306389,scraping_instagram,buntaro_13,"seriusan anggaran coretax 1 triliun lebih, tapi ga nyediain wajib pajak template excel untuk hitung TER pph 21 baik individu atau massal ?? @menkeuri"
18086722388095618,2025-12-24T02:40:19+00:00,0,https://www.instagram.com/p/DNCnMRdTWgC/,https://www.instagram.com/p/DNCnMRdTWgC/?comment_id=18086722388095618,scraping_instagram,gomaan98,Fungsi pajak?
17891294733258975,2025-12-23T06:25:56+00:00,0,https://www.instagram.com/p/DNCnMRdTWgC/,https://www.instagram.com/p/DNCnMRdTWgC/?comment_id=17891294733258975,scraping_instagram,andy_zhang22,Prepopulated PIB masa November tidak muncul .... Tolong dong @kringpajak1500200 @ditjenpajakri @purbayayudhi.official @kemenkeuri Kami WP patuh mau bayar & lapor pajak PPN tidak bisa karena digantung perihal blm ditemukan nya PIB masa November yg mau diupload dan dikreditkan...
18131198608511456,2025-12-22T12:00:56+00:00,0,https://www.instagram.com/p/DNCnMRdTWgC/,https://www.instagram.com/p/DNCnMRdTWgC/?comment_id=18131198608511456,scraping_instagram,willssss333,Pajak pajak anjing
18417027106139484,2025-12-19T15:20:25+00:00,0,https://www.instagram.com/p/DNCnMRdTWgC/,https://www.instagram.com/p/DNCnMRdTWgC/?comment_id=18417027106139484,scraping_instagram,andhitadihay,Bukan peretas kalian yg makan pajak kami.... Pajak gk main2 potongannya gde amat. 😢
18538763074029646,2025-12-13T04:21:29+00:00,0,https://www.instagram.com/p/DNCnMRdTWgC/,https://www.instagram.com/p/DNCnMRdTWgC/?comment_id=18538763074029646,scraping_instagram,alvionta,Buat apa siii sumbangan ke bencana dikenain pajak juga 😂
18080924498471313,2025-12-13T02:21:49+00:00,0,https://www.instagram.com/p/DNCnMRdTWgC/,https://www.instagram.com/p/DNCnMRdTWgC/?comment_id=18080924498471313,scraping_instagram,ahendrikurniawan,Yakin diganti? Laporan saya aja blm ada kabar
18082732745514603,2025-12-10T04:45:03+00:00,0,https://www.instagram.com/p/DNCnMRdTWgC/,https://www.instagram.com/p/DNCnMRdTWgC/?comment_id=18082732745514603,scraping_instagram,summerbreeze362,Buat apa bayar pajak kalo buat kenyang para pejabat!
17857047618570487,2025-12-07T03:16:03+00:00,0,https://www.instagram.com/p/DNCnMRdTWgC/,https://www.instagram.com/p/DNCnMRdTWgC/?comment_id=17857047618570487,scraping_instagram,yf.0502,"Indonesia Fake Loan Apps in iOS
App name：Tunai Impian - Pinjaman Online
App ID：6755353157
Developer：DARSALAN LENDING INC.
Link：https://apps.apple.com/id/app/tunai-impian-pinjaman-online/id6755353157?l=id
	
Indonesia Fake Loan Apps in iOS
App name：Mudah Tunai - Pinjaman Online
App ID：6743472034
Developer：AMOL FABTRADE PRIVATE LIMITED
Link：https://apps.apple.com/id/app/mudah-tunai-pinjaman-online/id6743472034?l=id

Indonesia Fake Loan Apps in iOS
App name：Tunai Yuk-Pinjaman Uang Online
App ID：6755324312
Developer：GO EASY PAYLITE LENDING CORP.
Link：https://apps.apple.com/id/app/tunai-yuk-pinjaman-uang-online/id6755324312?l=id

Indonesia Fake Loan Apps in iOS
App name：Dana Online - Pinjaman Online
App ID：6755716391
Developer：PADMARAJ INVESTMENT TRADING COMPANY PRIVATE LIMITED
Link：https://apps.apple.com/id/app/dana-online-pinjaman-online/id6755716391?l=id

Indonesia Fake Loan Apps in iOS
App name：Dana Uang-Ada Pinjaman Online
App ID：6755451768
Developer：ABM FINLEASE PRIVATE LIMITED
Link：https://apps.apple.com/id/app/dana-uang-ada-pinjaman-online/id6755451768?l=id

Indonesia Fake Loan Apps in iOS
App name：Dana Lekas-Ada Pinjaman Online
App ID：6755522956
Developer：VANI VILAS FINANCE LIMITED
Link：https://apps.apple.com/id/app/dana-lekas-ada-pinjaman-online/id6755522956?l=id

Indonesia Fake Loan Apps in iOS
App name：Dana Bijak-Yuk Pinjaman Online
App ID：6755714996
Developer：AHMEDNAGAR FINANCE LIMITED
Link：https://apps.apple.com/id/app/dana-bijak-yuk-pinjaman-online/id6755714996?l=id

Indonesia Fake Loan Apps in iOS
App name：Fin Pinjaman - Pinjaman Online
App ID：6755411336
Developer：PORTNAVI LENDING INVESTOR INC.
Link：https://apps.apple.com/id/app/fin-pinjaman-pinjaman-online/id6755411336?l=id"
18513044194069497,2025-12-03T22:29:39+00:00,0,https://www.instagram.com/p/DNCnMRdTWgC/,https://www.instagram.com/p/DNCnMRdTWgC/?comment_id=18513044194069497,scraping_instagram,mathewzedd12,Duit habis dikuras PAKSA bayar pajak yang memang tidak semestinya... harus gimana?
18113254024591855,2025-12-03T17:24:07+00:00,0,https://www.instagram.com/p/DNCnMRdTWgC/,https://www.instagram.com/p/DNCnMRdTWgC/?comment_id=18113254024591855,scraping_instagram,bysonhmdc,"Gue kerja, gaji gue dipotong pajak. Beli rumah juga kena pajak dari uang gaji yg sudah dipajakin. Belum lagi yg lain.. Anjing ga sih?"
18059886260633526,2025-12-02T00:17:34+00:00,0,https://www.instagram.com/p/DNCnMRdTWgC/,https://www.instagram.com/p/DNCnMRdTWgC/?comment_id=18059886260633526,scraping_instagram,mita.mjj,"ereg.pajak.go.id gak bisa diakses kak, mohon bantuannya @ditjenpajakri"
18089232449480424,2025-12-01T10:57:16+00:00,0,https://www.instagram.com/p/DNCnMRdTWgC/,https://www.instagram.com/p/DNCnMRdTWgC/?comment_id=18089232449480424,scraping_instagram,ikhsanfitrawan,"Udah banyak yan ditipu, progressnya dirjen pajak gimana dengan keamanan data WP, coba infokan disini..."
18096408211852255,2025-12-01T10:20:08+00:00,1,https://www.instagram.com/p/DNCnMRdTWgC/,https://www.instagram.com/p/DNCnMRdTWgC/?comment_id=18096408211852255,scraping_instagram,ahmadronirosydi,Duit habis dikuras koruptor pajak😂
17977516958790657,2025-12-01T06:37:06+00:00,0,https://www.instagram.com/p/DNCnMRdTWgC/,https://www.instagram.com/p/DNCnMRdTWgC/?comment_id=17977516958790657,scraping_instagram,zumpazut,https://www.instagram.com/ffauziaaulia/following/
18074695802246503,2025-11-27T23:35:55+00:00,0,https://www.instagram.com/p/DNCnMRdTWgC/,https://www.instagram.com/p/DNCnMRdTWgC/?comment_id=18074695802246503,scraping_instagram,aaaaziiil,"Masalah selesai kgk, yg ada malah di pajakin"
18001812164829335,2025-11-25T11:48:52+00:00,0,https://www.instagram.com/p/DNCnMRdTWgC/,https://www.instagram.com/p/DNCnMRdTWgC/?comment_id=18001812164829335,scraping_instagram,arian4645,"baru saja mengalami,saldo terkuras 😢"
18029151644744272,2025-11-20T11:43:34+00:00,0,https://www.instagram.com/p/DNCnMRdTWgC/,https://www.instagram.com/p/DNCnMRdTWgC/?comment_id=18029151644744272,scraping_instagram,tearsofheartt,Duit habis dikuras pemajak ✅
18184550917354092,2025-11-19T06:15:18+00:00,0,https://www.instagram.com/p/DNCnMRdTWgC/,https://www.instagram.com/p/DNCnMRdTWgC/?comment_id=18184550917354092,scraping_instagram,its_me.gabriella_,"Min ini gimna ya,aku mau buat NPWP tapi pas bagian Mark Address gak bisa ditandain mulu, pedahal alamat udh benar dan lengkap sesuai KTP dan KK"
17924428314169760,2025-11-10T22:40:52+00:00,0,https://www.instagram.com/p/DNCnMRdTWgC/,https://www.instagram.com/p/DNCnMRdTWgC/?comment_id=17924428314169760,scraping_instagram,faizrmdhan____,DUIT HABIS AMA PAJAK
17855025336511225,2025-11-07T13:24:21+00:00,0,https://www.instagram.com/p/DNCnMRdTWgC/,https://www.instagram.com/p/DNCnMRdTWgC/?comment_id=17855025336511225,scraping_instagram,abedloek,Lebih bahaya @ditjenpajakri daripada  peretas
18073397633616151,2025-11-07T08:19:53+00:00,0,https://www.instagram.com/p/DNCnMRdTWgC/,https://www.instagram.com/p/DNCnMRdTWgC/?comment_id=18073397633616151,scraping_instagram,indah_marinda,Coretax perbaiki error terus
18062616149422245,2025-11-06T11:34:02+00:00,0,https://www.instagram.com/p/DNCnMRdTWgC/,https://www.instagram.com/p/DNCnMRdTWgC/?comment_id=18062616149422245,scraping_instagram,antonius_royzki,Lapor sih maunya cepet. Tp di respon nya lama banget bahkan kesannya ga dibaca? Gimana tuh min?? Apa perlu hastag #percumalapor ??? Seberapa yakin laporan ditindak lanjutin? Butuh bukti bukan ucapan😂😂😂😂
18022325390777547,2025-11-04T06:01:30+00:00,1,https://www.instagram.com/p/DNCnMRdTWgC/,https://www.instagram.com/p/DNCnMRdTWgC/?comment_id=18022325390777547,scraping_instagram,99nano99,Kak kok saya gaji dibawah UMR kena PPh 21 ya?
18328670809214136,2025-11-02T12:23:16+00:00,0,https://www.instagram.com/p/DNCnMRdTWgC/,https://www.instagram.com/p/DNCnMRdTWgC/?comment_id=18328670809214136,scraping_instagram,ibrohom28,Taxpayer Identity validation failed.Taxpayer Identity validation failed.Taxpayer Identity validation failed.Taxpayer Identity validation failed.Taxpayer Identity validation failed.Taxpayer Identity validation failed.Taxpayer Identity validation failed.Taxpayer Identity validation failed.Taxpayer Identity validation failed.Taxpayer Identity validation failed.Taxpayer Identity validation failed.Taxpayer Identity validation failed.Taxpayer Identity validation failed.Taxpayer Identity validation failed.Taxpayer Identity validation failed.Taxpayer Identity validation failed.Taxpayer Identity validation failed.Taxpayer Identity validation failed.Taxpayer Identity validation failed.Taxpayer Identity validation failed.Taxpayer Identity validation failed.Taxpayer Identity validation failed.Taxpayer Identity validation failed.Taxpayer Identity validation failed.
17899342884303621,2025-11-02T12:23:10+00:00,0,https://www.instagram.com/p/DNCnMRdTWgC/,https://www.instagram.com/p/DNCnMRdTWgC/?comment_id=17899342884303621,scraping_instagram,ibrohom28,Taxpayer Identity validation failed.
18116133760527700,2025-11-02T11:59:31+00:00,0,https://www.instagram.com/p/DNCnMRdTWgC/,https://www.instagram.com/p/DNCnMRdTWgC/?comment_id=18116133760527700,scraping_instagram,ibrohom28,"benerin lah server kalian itu, duit udah diabisin 1,3 triliun tapi masih kaya gituu kaga bisa daftar gila apa. ga ada pengumuman ga ada apa. MASA DAFTAR NPWP AJA HARUS KE KPP? Terjadi kesalahan
6:59:20: https://coretaxdjp.pajak.go.id/registrationportal/api/NewRegistration/RegisterNewCorporateTaxpayer

Taxpayer Identity validation failed."
17863088433501903,2025-11-02T11:55:11+00:00,0,https://www.instagram.com/p/DNCnMRdTWgC/,https://www.instagram.com/p/DNCnMRdTWgC/?comment_id=17863088433501903,scraping_instagram,ibrohom28,"YA ALLAH UDAH 4 MINGGU MASIH KAYA GINI 

6:54:41: https://coretaxdjp.pajak.go.id/registrationportal/api/NewRegistration/RegisterNewCorporateTaxpayer

Taxpayer Identity validation failed."
17859502122537713,2025-11-01T12:14:42+00:00,0,https://www.instagram.com/p/DNCnMRdTWgC/,https://www.instagram.com/p/DNCnMRdTWgC/?comment_id=17859502122537713,scraping_instagram,konsultanpajaksidoarjo3,🔥🔥🔥
17940001824088081,2025-10-31T02:50:46+00:00,0,https://www.instagram.com/p/DNCnMRdTWgC/,https://www.instagram.com/p/DNCnMRdTWgC/?comment_id=17940001824088081,scraping_instagram,bisnizline.official,Dikuras siapa hayo
18028313363546118,2025-10-30T07:53:00+00:00,0,https://www.instagram.com/p/DNCnMRdTWgC/,https://www.instagram.com/p/DNCnMRdTWgC/?comment_id=18028313363546118,scraping_instagram,fajaardr,Eh mau lapor harus post KTP dulu?
17897827266338059,2025-10-30T02:24:00+00:00,0,https://www.instagram.com/p/DNCnMRdTWgC/,https://www.instagram.com/p/DNCnMRdTWgC/?comment_id=17897827266338059,scraping_instagram,pmksydh_,info dong lapor spt massa emang ga bisa yaa dari kemarin?
18098228530754564,2025-10-29T02:31:50+00:00,0,https://www.instagram.com/p/DNCnMRdTWgC/,https://www.instagram.com/p/DNCnMRdTWgC/?comment_id=18098228530754564,scraping_instagram,little_sophies,Dikuras peretas resikonya lebih kecil drpd dkuras pajak
17991274346717823,2025-10-27T07:13:35+00:00,0,https://www.instagram.com/p/DNCnMRdTWgC/,https://www.instagram.com/p/DNCnMRdTWgC/?comment_id=17991274346717823,scraping_instagram,pit3r_keng,"Kenapa para AR install getcontact, uda seprti pada DC aja lacak para wajib pajak usaha apa saja😢"
18053912981314817,2025-10-25T02:52:02+00:00,1,https://www.instagram.com/p/DNCnMRdTWgC/,https://www.instagram.com/p/DNCnMRdTWgC/?comment_id=18053912981314817,scraping_instagram,legal_515,ada yang sdh bsa daftar npwp.badan?
18080547719107128,2025-10-24T19:14:41+00:00,0,https://www.instagram.com/p/DNCnMRdTWgC/,https://www.instagram.com/p/DNCnMRdTWgC/?comment_id=18080547719107128,scraping_instagram,zalzaindriya,"PAJAK RAKYAT KURANG BESAR WOY!! KALO BISA POTONG 80% DARI GAJI AJA GT LOH,JD SKALIAN RAKYATNY MATI PERLAHAN!!"
18366587935153877,2025-10-24T18:11:29+00:00,0,https://www.instagram.com/p/DNCnMRdTWgC/,https://www.instagram.com/p/DNCnMRdTWgC/?comment_id=18366587935153877,scraping_instagram,arabindo_interior,Kurangi lah pajak kendaraan woi
18370815652156063,2025-10-07T09:49:48+00:00,0,https://www.instagram.com/p/DNCnMRdTWgC/,https://www.instagram.com/p/DNCnMRdTWgC/?comment_id=18370815652156063,scraping_instagram,irfnfahmi,"Setiap input selalu ""Laporan belum dapat ditindaklanjuti, dikarenakan sumber dana yang dilaporkan untuk bertransaksi berbeda dengan bukti transaksi yang dilampirkan. Dimohon dapat dibuatkan laporan baru dengan lebih sesuai antara rekening pelapor dan rekening tujuan."" Padahal dah jelas2 sama"
17978855072919720,2025-10-04T06:34:01+00:00,0,https://www.instagram.com/p/DNCnMRdTWgC/,https://www.instagram.com/p/DNCnMRdTWgC/?comment_id=17978855072919720,scraping_instagram,velly_taufik,"Ini Orang yg Mengancam & Memeras itu
Hati2 
Bantu Viralin dong 🙏
Zubaydillah Fikri
0813 1191 1804
Orang ini PENIPU
PENJAHAT 
MALING"
17959541066989521,2025-10-04T06:33:52+00:00,0,https://www.instagram.com/p/DNCnMRdTWgC/,https://www.instagram.com/p/DNCnMRdTWgC/?comment_id=17959541066989521,scraping_instagram,velly_taufik,"Ini Orang yg Mengancam & Memeras itu
Hati2 
Bantu Viralin dong 🙏
Zubaydillah Fikri
0813 1191 1804
Orang ini PENIPU
PENJAHAT 
MALING"
18057413243405393,2025-10-04T06:33:48+00:00,0,https://www.instagram.com/p/DNCnMRdTWgC/,https://www.instagram.com/p/DNCnMRdTWgC/?comment_id=18057413243405393,scraping_instagram,velly_taufik,"Ini Orang yg Mengancam & Memeras itu
Hati2 
Bantu Viralin dong 🙏
Zubaydillah Fikri
0813 1191 1804
Orang ini PENIPU
PENJAHAT 
MALING"
17883619701264437,2025-09-30T01:33:50+00:00,0,https://www.instagram.com/p/DNCnMRdTWgC/,https://www.instagram.com/p/DNCnMRdTWgC/?comment_id=17883619701264437,scraping_instagram,hping.conan,"Instansi keren doang, giliran lapor kurang ini itu padahal sudah jelas, malas kerja blg aja jangan bikin instansi yang ga bermutu gini"
18035875049705388,2025-09-28T22:54:30+00:00,5,https://www.instagram.com/p/DNCnMRdTWgC/,https://www.instagram.com/p/DNCnMRdTWgC/?comment_id=18035875049705388,scraping_instagram,fitriameriana,"Gak guna.. Penanganannya lambat. Udah ngalamin soalnya. Dari Agustus smpai sekarang tertulis ""Laporan dalam proses penanganan aliran dana 1"". Padahal sudah lapor di Hari H kena tipu."
18292119754264383,2025-09-06T08:07:02+00:00,0,https://www.instagram.com/p/DNCnMRdTWgC/,https://www.instagram.com/p/DNCnMRdTWgC/?comment_id=18292119754264383,scraping_instagram,nora.hsb,"pak,, tolong bantu saya pak😢"
18308361745222070,2025-09-06T04:02:44+00:00,0,https://www.instagram.com/p/DNCnMRdTWgC/,https://www.instagram.com/p/DNCnMRdTWgC/?comment_id=18308361745222070,scraping_instagram,aqil21_insani,APUS APUS
18077039306061681,2025-08-29T07:43:01+00:00,0,https://www.instagram.com/p/DNCnMRdTWgC/,https://www.instagram.com/p/DNCnMRdTWgC/?comment_id=18077039306061681,scraping_instagram,obito_obit,"Adakah Beberapa di antara kalian yang dana nya benar benar terselamatkan (kembali) ?  Saya baru submit kemarin dan sampai saat ini sudah di tahap 2, mohon di jawab , terimakasih"
18041072858373151,2025-08-22T09:58:08+00:00,33,https://www.instagram.com/p/DNCnMRdTWgC/,https://www.instagram.com/p/DNCnMRdTWgC/?comment_id=18041072858373151,scraping_instagram,wijayarocky,Kasian banget min komennya gak ada positif. Itu artinya masyarakat udah muak sama pemerintah
17921547168108303,2025-08-19T08:12:31+00:00,0,https://www.instagram.com/p/DNCnMRdTWgC/,https://www.instagram.com/p/DNCnMRdTWgC/?comment_id=17921547168108303,scraping_instagram,hamzahjiji,"Sya salah satu korban dr penipuan lewat Apl djb m_pajak,, jdi mohon perlidungan data wajib pajak agar tdk terjdi lg @ojkindonesia"
18024851669721424,2025-08-18T20:58:26+00:00,0,https://www.instagram.com/p/DNCnMRdTWgC/,https://www.instagram.com/p/DNCnMRdTWgC/?comment_id=18024851669721424,scraping_instagram,iamyour_uun,"pak, tolong bantu saya, tolong buka dm pak🙏🏼"
18063467363351880,2025-08-18T14:39:30+00:00,0,https://www.instagram.com/p/DNCnMRdTWgC/,https://www.instagram.com/p/DNCnMRdTWgC/?comment_id=18063467363351880,scraping_instagram,mahadisyahputra17,Taiiii
17999304020802092,2025-08-17T05:16:27+00:00,0,https://www.instagram.com/p/DNCnMRdTWgC/,https://www.instagram.com/p/DNCnMRdTWgC/?comment_id=17999304020802092,scraping_instagram,avieeera_10,"STOP BAYAR PAJAK, PEMERINTAH GAJI DI NAIKIN 100JT/BULAN! EDAN GAJI DIA SEHARI 3JT,GAJI KERJA GUA SEBULAN!"
18078551740820675,2025-08-16T00:41:36+00:00,0,https://www.instagram.com/p/DNCnMRdTWgC/,https://www.instagram.com/p/DNCnMRdTWgC/?comment_id=18078551740820675,scraping_instagram,husoen_mansovei,"Saya mengalami kerugian materi akibat penipu yang mengaku petugas Pajak DJP Bantul, setelah berbagi layar, dan isi form pembaharuan data,  sorenya semua saldo rekening terkuras habis. Sudah melaporkan ke CS bank juga gk bisa berbuat banyak, karena wawenang ojk."
18508965385025551,2025-08-15T15:45:02+00:00,0,https://www.instagram.com/p/DNCnMRdTWgC/,https://www.instagram.com/p/DNCnMRdTWgC/?comment_id=18508965385025551,scraping_instagram,rinipratiwi123,"udh lapor dari bln 4 smpai skrg duit gk balik,bhkan msih di situ2 aja peninjauannya"
17992641380789592,2025-08-15T15:07:02+00:00,0,https://www.instagram.com/p/DNCnMRdTWgC/,https://www.instagram.com/p/DNCnMRdTWgC/?comment_id=17992641380789592,scraping_instagram,ozzicruisher,Sudah lapor uang g kembali malah d tagih pinjol
18073122467013297,2025-08-15T07:02:54+00:00,0,https://www.instagram.com/p/DNCnMRdTWgC/,https://www.instagram.com/p/DNCnMRdTWgC/?comment_id=18073122467013297,scraping_instagram,sianturi7_,Duit habis dkuras ditjen pajak😂😂
18138827944427020,2025-08-15T05:20:59+00:00,0,https://www.instagram.com/p/DNCnMRdTWgC/,https://www.instagram.com/p/DNCnMRdTWgC/?comment_id=18138827944427020,scraping_instagram,fdl_jha,duit habis karena di pajakin
18072922703080837,2025-08-15T04:43:06+00:00,0,https://www.instagram.com/p/DNCnMRdTWgC/,https://www.instagram.com/p/DNCnMRdTWgC/?comment_id=18072922703080837,scraping_instagram,amelia_permatasarri,Banyak masjid berlogo NU setiap harinya membunyikan lagu2 tolong untuk di wajibkan membayar pajak royalty karena setiap hari sering membunyikan lagu2 dan pengajian 24 jam non stop
18414001291105881,2025-08-15T04:43:05+00:00,0,https://www.instagram.com/p/DNCnMRdTWgC/,https://www.instagram.com/p/DNCnMRdTWgC/?comment_id=18414001291105881,scraping_instagram,amelia_permatasarri,Banyak masjid berlogo NU setiap harinya membunyikan lagu2 tolong untuk di wajibkan membayar pajak royalty karena setiap hari sering membunyikan lagu2 dan pengajian 24 jam non stop
18059077814585064,2025-08-14T15:13:45+00:00,0,https://www.instagram.com/p/DNCnMRdTWgC/,https://www.instagram.com/p/DNCnMRdTWgC/?comment_id=18059077814585064,scraping_instagram,denyajjy,"AKUN BAJINGAN AKUN LONTE AKUN NYA SITUS JUDI, PERCUMA LAPOR DISINI NGAK BAKALAN DIDENGAR APALAGI DITINDAK"
18076628236797188,2025-08-14T15:12:53+00:00,0,https://www.instagram.com/p/DNCnMRdTWgC/,https://www.instagram.com/p/DNCnMRdTWgC/?comment_id=18076628236797188,scraping_instagram,denyajjy,INI AKUN CUMA KUSUS PENCITRAAN DOANG
18323091355224810,2025-08-14T02:33:05+00:00,0,https://www.instagram.com/p/DNCnMRdTWgC/,https://www.instagram.com/p/DNCnMRdTWgC/?comment_id=18323091355224810,scraping_instagram,arnold.otp,Ini iasc.ojk.go.id gak bisa diakses
18071030729039467,2025-08-13T05:45:19+00:00,0,https://www.instagram.com/p/DNCnMRdTWgC/,https://www.instagram.com/p/DNCnMRdTWgC/?comment_id=18071030729039467,scraping_instagram,kayla_zaltha,Nomor wa resmi ditjen pajak brp ya?
18130814164399200,2025-08-12T15:09:28+00:00,0,https://www.instagram.com/p/DNCnMRdTWgC/,https://www.instagram.com/p/DNCnMRdTWgC/?comment_id=18130814164399200,scraping_instagram,chriztyandt,😂😂😂
18062253548249615,2025-08-12T13:35:16+00:00,0,https://www.instagram.com/p/DNCnMRdTWgC/,https://www.instagram.com/p/DNCnMRdTWgC/?comment_id=18062253548249615,scraping_instagram,zizielkk,DUIT HABIS DIPALAK PAJAK
17938679868021666,2025-08-12T09:49:18+00:00,3,https://www.instagram.com/p/DNCnMRdTWgC/,https://www.instagram.com/p/DNCnMRdTWgC/?comment_id=17938679868021666,scraping_instagram,akangojans,duit bakal balik ga kalo lapor?
18071008006879401,2025-08-12T06:53:21+00:00,0,https://www.instagram.com/p/DNCnMRdTWgC/,https://www.instagram.com/p/DNCnMRdTWgC/?comment_id=18071008006879401,scraping_instagram,lola_iskandar,"HOAX. Jangankan isi form, udah jelas2 lapor POLISI, udah buat laporan sana sini, banknya ga bisa diajak kerja sama. IYAKAN @goodlifebca ? SAMPAH"
18494284888064676,2025-08-12T04:03:01+00:00,0,https://www.instagram.com/p/DNCnMRdTWgC/,https://www.instagram.com/p/DNCnMRdTWgC/?comment_id=18494284888064676,scraping_instagram,dr.sakit_jiwa,@dpr_ri ingat nanti kamu rakyat akan menuntut balik hak hak kami di Yaumil qiyamah. Segera lah tobat dan bertanggung jawab atas kedzaliman kalian
17977050263903792,2025-08-12T00:09:41+00:00,0,https://www.instagram.com/p/DNCnMRdTWgC/,https://www.instagram.com/p/DNCnMRdTWgC/?comment_id=17977050263903792,scraping_instagram,sstoles.co,Saya mau kondangan dikenakan pajak berapa
18084285079851983,2025-08-11T23:40:55+00:00,20,https://www.instagram.com/p/DNCnMRdTWgC/,https://www.instagram.com/p/DNCnMRdTWgC/?comment_id=18084285079851983,scraping_instagram,sn.ikhsan,Duit habis karena kebanyakan pajak. Lapor ke siapa ya.???
18038429489410297,2025-08-11T14:14:06+00:00,1,https://www.instagram.com/p/DNCnMRdTWgC/,https://www.instagram.com/p/DNCnMRdTWgC/?comment_id=18038429489410297,scraping_instagram,idantaufik92,Dikurang sama elu
18092296573729626,2025-08-11T13:01:37+00:00,0,https://www.instagram.com/p/DNCnMRdTWgC/,https://www.instagram.com/p/DNCnMRdTWgC/?comment_id=18092296573729626,scraping_instagram,uriyyy2305,Ada yg sudah lapor dan uangnya kembali gak?
18060178574588586,2025-08-11T10:47:43+00:00,1,https://www.instagram.com/p/DNCnMRdTWgC/,https://www.instagram.com/p/DNCnMRdTWgC/?comment_id=18060178574588586,scraping_instagram,leejanov,min tolong web nya error terus mau diakses ini gimana heyy 😠
18159288091370048,2025-08-11T10:46:37+00:00,5,https://www.instagram.com/p/DNCnMRdTWgC/,https://www.instagram.com/p/DNCnMRdTWgC/?comment_id=18159288091370048,scraping_instagram,mnaart_,"Hallo @satgas_pasti i laporan saya sudah hampir 3 bulan dari bulan mei sampai Agustus ,masih  tidak ada informasi terbaru lagi,di cek berkala dengan no laporan di situs IASC tetap status masih penangan aliran dana ke 2 ,dari bulan mei sampai bulan Agustus 2025 , Jika sekiranya dari pihak satgas pasti jika tidak bisa menangani laporan ,yang saya laporkan perihal scam , setidaknya nya ada informasi terbaru,jadi saya sebagai pelapor,tidak menunggu sampai saat ini , dan saya tanya via Instagram dan juga via email, selalu slow respon, dan jika keterangan nya ' laporan dalam penangan aliran dana ke 2 saya harus melakukan tindakan apa selanjutnya,terimakasih"
18108266398553015,2025-08-11T09:46:37+00:00,3,https://www.instagram.com/p/DNCnMRdTWgC/,https://www.instagram.com/p/DNCnMRdTWgC/?comment_id=18108266398553015,scraping_instagram,curhatpakrt,"Percuma @ditjenpajakri , cuman lapor @ojkindonesia , cuman laporan masuk aja , ga ada tindakan, lapor @divisihumaspolri  dimintain duit sama oknum nya biar laporan jalan.. tau ah... btw klo lapor uang pajak di korupsi pejabat lapor kemana ya?"
17948235171007402,2025-08-11T09:01:07+00:00,0,https://www.instagram.com/p/DNCnMRdTWgC/,https://www.instagram.com/p/DNCnMRdTWgC/?comment_id=17948235171007402,scraping_instagram,mulyono_dekorasi,TIDAK ADA PEGAWAI PAJAK YG MISKIN
18054479735531455,2025-08-11T09:00:02+00:00,20,https://www.instagram.com/p/DNCnMRdTWgC/,https://www.instagram.com/p/DNCnMRdTWgC/?comment_id=18054479735531455,scraping_instagram,mulyono_dekorasi,TIAP TAUN DUIT HABIS DI RAMPAS BUAT BAYAR PAJAK
18165364285377350,2025-08-11T08:55:18+00:00,4,https://www.instagram.com/p/DNCnMRdTWgC/,https://www.instagram.com/p/DNCnMRdTWgC/?comment_id=18165364285377350,scraping_instagram,torik1562,"Kepada ""Direktorat Jenderal Pajak""
Tolong sampaikan kepada karyawan anda
Nama : FRANS ADITIA A SIBURIAN
telpon : 82284317989
Untuk jangan lari dari tanggung jawab, jngn sampai semua ini di tindak lanjuti lebih serius , kembalikan uang yang sudah dia pakai, dan jangan lari dari tanggung jawab !!!! PESAN INI HARUS SAMPAI KE TELINGANYA DIA, kalo tidak di sampaikan maka kantor Iini di anggap ikut terlibat dalam kasus ini karena sudah menyembunyikan pelaku"
17917212912079608,2025-08-11T07:21:59+00:00,0,https://www.instagram.com/p/DNCnMRdTWgC/,https://www.instagram.com/p/DNCnMRdTWgC/?comment_id=17917212912079608,scraping_instagram,ffahrezaaaaa_,Duit habis Sama anda ga sih😂
18070376551882564,2025-08-11T04:08:34+00:00,0,https://www.instagram.com/p/DNCnMRdTWgC/,https://www.instagram.com/p/DNCnMRdTWgC/?comment_id=18070376551882564,scraping_instagram,_____krisno_sihombing,Ini orgorg ditjen pajak apa ga sadar atau gabisa mikriV
18063443876337549,2025-08-11T04:04:42+00:00,2,https://www.instagram.com/p/DNCnMRdTWgC/,https://www.instagram.com/p/DNCnMRdTWgC/?comment_id=18063443876337549,scraping_instagram,zhangzhangfei88,"PENGHASILAN SAMA2 DINIKMATI DENGAN NEGARA,KALAU DUIT KELUAR GARA2 DITIPU SAMA2 DITANGGUNG PEMERINTAH GA YA ?"
18092160007636909,2025-08-11T03:33:37+00:00,0,https://www.instagram.com/p/DNCnMRdTWgC/,https://www.instagram.com/p/DNCnMRdTWgC/?comment_id=18092160007636909,scraping_instagram,sams.ularifin33,Ada yg WA punya data gw ngaku dari kantor pajak anjir 😢😢
18038827169394318,2025-08-11T02:32:55+00:00,0,https://www.instagram.com/p/DNCnMRdTWgC/,https://www.instagram.com/p/DNCnMRdTWgC/?comment_id=18038827169394318,scraping_instagram,fandymhatta,👍
18031424276697598,2025-08-11T02:24:21+00:00,30,https://www.instagram.com/p/DNCnMRdTWgC/,https://www.instagram.com/p/DNCnMRdTWgC/?comment_id=18031424276697598,scraping_instagram,silfigram,Duit habis di korupsi.
18134172919436313,2025-08-11T02:14:08+00:00,0,https://www.instagram.com/p/DNCnMRdTWgC/,https://www.instagram.com/p/DNCnMRdTWgC/?comment_id=18134172919436313,scraping_instagram,dedifam,Dikuras pajak
18086539681827685,2025-08-11T01:28:00+00:00,0,https://www.instagram.com/p/DNCnMRdTWgC/,https://www.instagram.com/p/DNCnMRdTWgC/?comment_id=18086539681827685,scraping_instagram,jo_han4271,Dikurasbsama petugas pajak 😂
18049805792545910,2025-08-10T15:46:19+00:00,0,https://www.instagram.com/p/DNCnMRdTWgC/,https://www.instagram.com/p/DNCnMRdTWgC/?comment_id=18049805792545910,scraping_instagram,wijangsulistomo,Laporan sejak 16 Januari 2025 sampai sekarang zonkk
18370577485183500,2025-08-10T15:07:26+00:00,0,https://www.instagram.com/p/DNCnMRdTWgC/,https://www.instagram.com/p/DNCnMRdTWgC/?comment_id=18370577485183500,scraping_instagram,galihprakosa008,Dikuras pajak
18082200755495513,2025-08-10T13:58:47+00:00,0,https://www.instagram.com/p/DNCnMRdTWgC/,https://www.instagram.com/p/DNCnMRdTWgC/?comment_id=18082200755495513,scraping_instagram,lusi_jrg,Minimal aplikasi su.r gur error ae
18151672981380432,2025-08-10T07:08:02+00:00,0,https://www.instagram.com/p/DNCnMRdTWgC/,https://www.instagram.com/p/DNCnMRdTWgC/?comment_id=18151672981380432,scraping_instagram,mhmmdrull18,"Yg kondangan bawa amplop, jangan lupa ya bayar pajak amplop nya"
17987887583832223,2025-08-10T05:59:53+00:00,0,https://www.instagram.com/p/DNCnMRdTWgC/,https://www.instagram.com/p/DNCnMRdTWgC/?comment_id=17987887583832223,scraping_instagram,aa.ejaaaaaa,"DI PERAS ELO LAH, SIAPA LAGI?"
18016292042769925,2025-08-10T04:01:44+00:00,0,https://www.instagram.com/p/DNCnMRdTWgC/,https://www.instagram.com/p/DNCnMRdTWgC/?comment_id=18016292042769925,scraping_instagram,heindrix1989,cara menilai kinerjanya baik apa nggak gimana min? berapa hari setelah laporan dibuat itu ada tindak lanjutnya? siapa yg tahu gak digubris giman
18075467318476541,2025-08-10T03:42:29+00:00,0,https://www.instagram.com/p/DNCnMRdTWgC/,https://www.instagram.com/p/DNCnMRdTWgC/?comment_id=18075467318476541,scraping_instagram,afalamsyah,"semua dipajakin, gimana nih pak @presidenrepublikindonesia @prabowo @gibran_rakabuming , apa kalian mau bikin rakyat tambah miskin ?"
17917938084115712,2025-08-10T00:12:41+00:00,1,https://www.instagram.com/p/DNCnMRdTWgC/,https://www.instagram.com/p/DNCnMRdTWgC/?comment_id=17917938084115712,scraping_instagram,ibukbaeksaza,Duit habis dikuras peretas?! ❌️
18006318848626331,2025-08-09T22:50:34+00:00,0,https://www.instagram.com/p/DNCnMRdTWgC/,https://www.instagram.com/p/DNCnMRdTWgC/?comment_id=18006318848626331,scraping_instagram,arieee_94,Preman bekedok pemerintah
18046475669553406,2025-08-09T18:46:54+00:00,1,https://www.instagram.com/p/DNCnMRdTWgC/,https://www.instagram.com/p/DNCnMRdTWgC/?comment_id=18046475669553406,scraping_instagram,bungdhill.22,ABIS BUAT KENYANGIN KORUPTOR 👏👏👏
17966194208945184,2025-08-09T16:13:00+00:00,1,https://www.instagram.com/p/DNCnMRdTWgC/,https://www.instagram.com/p/DNCnMRdTWgC/?comment_id=17966194208945184,scraping_instagram,ryndlhm,ahh di lapor juga gaada di kerjain
18074678242979073,2025-08-09T16:07:37+00:00,6,https://www.instagram.com/p/DNCnMRdTWgC/,https://www.instagram.com/p/DNCnMRdTWgC/?comment_id=18074678242979073,scraping_instagram,goresan_kata11,"Negara bisa mencetak uang, buat apa bayar pajak?"
18072396142857693,2025-08-09T15:10:55+00:00,1,https://www.instagram.com/p/DNCnMRdTWgC/,https://www.instagram.com/p/DNCnMRdTWgC/?comment_id=18072396142857693,scraping_instagram,donnysugianto,@prabowo baca pak jeritan rakyatmu..
17966487014934487,2025-08-09T12:46:51+00:00,0,https://www.instagram.com/p/DNCnMRdTWgC/,https://www.instagram.com/p/DNCnMRdTWgC/?comment_id=17966487014934487,scraping_instagram,geaexme,Yang nipu masyarakat ya pemerintah termasuk pegawai pajak
18086556475772108,2025-08-09T12:06:02+00:00,1,https://www.instagram.com/p/DNCnMRdTWgC/,https://www.instagram.com/p/DNCnMRdTWgC/?comment_id=18086556475772108,scraping_instagram,aurorabimbel,DIKURAS PAJAK YG BENEE
17853002952509848,2025-08-09T11:37:12+00:00,1,https://www.instagram.com/p/DNCnMRdTWgC/,https://www.instagram.com/p/DNCnMRdTWgC/?comment_id=17853002952509848,scraping_instagram,auapaandah29,tinggal nafas doang yg bllm dipajakin
17902575567245235,2025-08-09T11:26:42+00:00,19,https://www.instagram.com/p/DNCnMRdTWgC/,https://www.instagram.com/p/DNCnMRdTWgC/?comment_id=17902575567245235,scraping_instagram,forrester17789,"Sebagai lembaga negara, komentar para warga 100% negatif thdp instansi ini. Sudah saatnya mengkoreksi lembaga"
18100374163591093,2025-08-09T10:10:41+00:00,1,https://www.instagram.com/p/DNCnMRdTWgC/,https://www.instagram.com/p/DNCnMRdTWgC/?comment_id=18100374163591093,scraping_instagram,sutetttt_,Dukt habis karna dikuras pajak
18037187315688389,2025-08-09T08:17:36+00:00,1,https://www.instagram.com/p/DNCnMRdTWgC/,https://www.instagram.com/p/DNCnMRdTWgC/?comment_id=18037187315688389,scraping_instagram,hardianpr,Duit habis dikuras pemerintah!!!
17982575564722121,2025-08-09T07:35:07+00:00,1,https://www.instagram.com/p/DNCnMRdTWgC/,https://www.instagram.com/p/DNCnMRdTWgC/?comment_id=17982575564722121,scraping_instagram,nimah_inayah,Duit abis dipalak pajak
17976967682747839,2025-08-09T06:53:16+00:00,0,https://www.instagram.com/p/DNCnMRdTWgC/,https://www.instagram.com/p/DNCnMRdTWgC/?comment_id=17976967682747839,scraping_instagram,frhan_nnn1,Pajak anjing
17912619252052802,2025-08-09T05:35:24+00:00,87,https://www.instagram.com/p/DNCnMRdTWgC/,https://www.instagram.com/p/DNCnMRdTWgC/?comment_id=17912619252052802,scraping_instagram,l4ngg207,duit habis di peras negara
17911325427178451,2025-08-09T04:24:04+00:00,0,https://www.instagram.com/p/DNCnMRdTWgC/,https://www.instagram.com/p/DNCnMRdTWgC/?comment_id=17911325427178451,scraping_instagram,syafiq_manarul,Pajak kontol
18054510068144422,2025-08-09T03:27:48+00:00,1,https://www.instagram.com/p/DNCnMRdTWgC/,https://www.instagram.com/p/DNCnMRdTWgC/?comment_id=18054510068144422,scraping_instagram,nurcahyaedisaputra,Apa apa pajak. 😂😂😂
17987836913699965,2025-08-09T02:29:41+00:00,1,https://www.instagram.com/p/DNCnMRdTWgC/,https://www.instagram.com/p/DNCnMRdTWgC/?comment_id=17987836913699965,scraping_instagram,achield3219,Di kuras pajak 😂 ..
18045624842308991,2025-08-09T02:12:15+00:00,36,https://www.instagram.com/p/DNCnMRdTWgC/,https://www.instagram.com/p/DNCnMRdTWgC/?comment_id=18045624842308991,scraping_instagram,iqbalamsari,Isinya hujatan semua😂 minimal ada 1 lah yg muji ga bs ?
17893138683163985,2025-08-09T01:22:23+00:00,26,https://www.instagram.com/p/DNCnMRdTWgC/,https://www.instagram.com/p/DNCnMRdTWgC/?comment_id=17893138683163985,scraping_instagram,a_riyan25,Stop bayar pajak
17962941077953519,2025-08-09T00:52:10+00:00,0,https://www.instagram.com/p/DNCnMRdTWgC/,https://www.instagram.com/p/DNCnMRdTWgC/?comment_id=17962941077953519,scraping_instagram,lunalorena.26,Pajakny buat nyumpel duit pejabat
18054701405147299,2025-08-09T00:52:03+00:00,0,https://www.instagram.com/p/DNCnMRdTWgC/,https://www.instagram.com/p/DNCnMRdTWgC/?comment_id=18054701405147299,scraping_instagram,miftahllda_,anjir pajak
17978059844885084,2025-08-09T00:51:49+00:00,0,https://www.instagram.com/p/DNCnMRdTWgC/,https://www.instagram.com/p/DNCnMRdTWgC/?comment_id=17978059844885084,scraping_instagram,lunalorena.26,"Dikuras, dipalak pajak"
17911676874187412,2025-08-09T00:37:12+00:00,0,https://www.instagram.com/p/DNCnMRdTWgC/,https://www.instagram.com/p/DNCnMRdTWgC/?comment_id=17911676874187412,scraping_instagram,putriiianugrah,Tidak menemukan komentar yang bersifat dukungan😂
17926863335980980,2025-08-09T00:19:58+00:00,34,https://www.instagram.com/p/DNCnMRdTWgC/,https://www.instagram.com/p/DNCnMRdTWgC/?comment_id=17926863335980980,scraping_instagram,putriayubachtiar,DUIT HABIS DI KURAS KALIAN
18083750149675237,2025-08-08T23:57:44+00:00,0,https://www.instagram.com/p/DNCnMRdTWgC/,https://www.instagram.com/p/DNCnMRdTWgC/?comment_id=18083750149675237,scraping_instagram,aprisaputro47,Hizabnya gede😢
18087085258763627,2025-08-08T23:40:12+00:00,0,https://www.instagram.com/p/DNCnMRdTWgC/,https://www.instagram.com/p/DNCnMRdTWgC/?comment_id=18087085258763627,scraping_instagram,adam.rnz,Dikuras pemerintah 😂
18501990889064900,2025-08-08T23:26:24+00:00,20,https://www.instagram.com/p/DNCnMRdTWgC/,https://www.instagram.com/p/DNCnMRdTWgC/?comment_id=18501990889064900,scraping_instagram,ummi.isty,"Duit abis dikuras pajak, akhirnya daya beli turun... Daya beli turun terjadilah deflasi.. Terjadi deflasi perekonomian negara melambat"
18074499689299009,2025-08-08T22:49:54+00:00,0,https://www.instagram.com/p/DNCnMRdTWgC/,https://www.instagram.com/p/DNCnMRdTWgC/?comment_id=18074499689299009,scraping_instagram,sirius.stars84,"Abis bukan diretas, tapi di pajak"
18094275583634509,2025-08-08T22:30:07+00:00,0,https://www.instagram.com/p/DNCnMRdTWgC/,https://www.instagram.com/p/DNCnMRdTWgC/?comment_id=18094275583634509,scraping_instagram,fithriahasanah,Duit habis buat bayar pajak
18047854292282031,2025-08-08T22:14:33+00:00,0,https://www.instagram.com/p/DNCnMRdTWgC/,https://www.instagram.com/p/DNCnMRdTWgC/?comment_id=18047854292282031,scraping_instagram,faruq_mukhamad,"Pada prakteknya , pajak sama palak apa bedanya ?"
18006708035790388,2025-08-08T20:57:06+00:00,0,https://www.instagram.com/p/DNCnMRdTWgC/,https://www.instagram.com/p/DNCnMRdTWgC/?comment_id=18006708035790388,scraping_instagram,galangeboy8,Duit habis karena pajak😍🙌🔥
17845780494528813,2025-08-08T17:59:55+00:00,0,https://www.instagram.com/p/DNCnMRdTWgC/,https://www.instagram.com/p/DNCnMRdTWgC/?comment_id=17845780494528813,scraping_instagram,foryuandformi,"LAPORKAN SEDETAIL MUNGKIN, PAJAK TAHUN 2025 SAMPAI BULAN AGUSTUS BUAT APA AJA. SEDETAIL MUNGKIN."
18061549805210679,2025-08-08T16:20:43+00:00,0,https://www.instagram.com/p/DNCnMRdTWgC/,https://www.instagram.com/p/DNCnMRdTWgC/?comment_id=18061549805210679,scraping_instagram,niq.rep,"Dikuras Pajak peok , Penguras teriak Penguras ,Mau bilang in malu tapi gk punya malu hadeh🔥"
17965356203944418,2025-08-08T15:53:00+00:00,0,https://www.instagram.com/p/DNCnMRdTWgC/,https://www.instagram.com/p/DNCnMRdTWgC/?comment_id=17965356203944418,scraping_instagram,aabay666,💩💩💩💩💩💩
18110422408524191,2025-08-08T15:39:38+00:00,0,https://www.instagram.com/p/DNCnMRdTWgC/,https://www.instagram.com/p/DNCnMRdTWgC/?comment_id=18110422408524191,scraping_instagram,dyfkos,"Malak, makan uang haram,maling, apalagi kerjaan lu?"
18106637770553590,2025-08-08T15:38:55+00:00,0,https://www.instagram.com/p/DNCnMRdTWgC/,https://www.instagram.com/p/DNCnMRdTWgC/?comment_id=18106637770553590,scraping_instagram,wawan_gunawanharun,😂😂😂
18308291746170294,2025-08-08T13:52:55+00:00,0,https://www.instagram.com/p/DNCnMRdTWgC/,https://www.instagram.com/p/DNCnMRdTWgC/?comment_id=18308291746170294,scraping_instagram,xwidono,"realisasinya dimana bumi dipijak, disitu rakyat dipajak‼️ 🫵🤮"
17873566053403818,2025-08-08T12:19:49+00:00,0,https://www.instagram.com/p/DNCnMRdTWgC/,https://www.instagram.com/p/DNCnMRdTWgC/?comment_id=17873566053403818,scraping_instagram,mel98pku,Duit habis diperas negara
18184358419323878,2025-08-08T11:14:31+00:00,0,https://www.instagram.com/p/DNCnMRdTWgC/,https://www.instagram.com/p/DNCnMRdTWgC/?comment_id=18184358419323878,scraping_instagram,harry_saad,Bikin laporannya habis berapa duit min?
18083230069861462,2025-08-08T10:41:00+00:00,0,https://www.instagram.com/p/DNCnMRdTWgC/,https://www.instagram.com/p/DNCnMRdTWgC/?comment_id=18083230069861462,scraping_instagram,katzu_787,"Duit habis karna , di kuras pejabat kok, nanya di hrus gmna? Lu amnesia!!!!"
17922906500996246,2025-08-08T10:01:41+00:00,127,https://www.instagram.com/p/DNCnMRdTWgC/,https://www.instagram.com/p/DNCnMRdTWgC/?comment_id=17922906500996246,scraping_instagram,simonscp_,Dimana bumi dipijak disitu terkena pajak
18039901010381234,2025-08-08T04:39:31+00:00,1,https://www.instagram.com/p/DNCnMRdTWgC/,https://www.instagram.com/p/DNCnMRdTWgC/?comment_id=18039901010381234,scraping_instagram,aster_sun1,"Dimohon dengan hormat, kembalikan sistem PBK (Pemindahbukuan) yanng dulu. Biar kalo ada kesalahan buat billing ga harus ribet pengajuan pengembalian😭😭😭😭"
17901438882248810,2025-08-08T04:06:58+00:00,0,https://www.instagram.com/p/DNCnMRdTWgC/,https://www.instagram.com/p/DNCnMRdTWgC/?comment_id=17901438882248810,scraping_instagram,nurissfarra,Jd saksi buat mereka kalau mereka itu pada dzolim yuk kuras habis amalan mereka ketika di akherat
18352729102083037,2025-08-08T04:00:03+00:00,0,https://www.instagram.com/p/DNCnMRdTWgC/,https://www.instagram.com/p/DNCnMRdTWgC/?comment_id=18352729102083037,scraping_instagram,riadimursi,Min. Kalau mau buat npwp prosedurenya gimna. Bisa online?
17947108539009188,2025-08-08T03:44:48+00:00,0,https://www.instagram.com/p/DNCnMRdTWgC/,https://www.instagram.com/p/DNCnMRdTWgC/?comment_id=17947108539009188,scraping_instagram,neonaryn,NGAPAAIN SLIP SETORAN DEPOSIT KUDU DIPECAH KETERANGAN  PAJAKNYA LAGI SI KOCAK.... DEPOSIT YA DEPOSIT AJA URUSAN GUA TU DEPOSIT BUAT BAYAR SPT PAJAK APAAN.... URUSAN BAYAR PAJAK URUSAN GUA UDAH LU TINGGAL TERIMA JADI AJA RIBET BANGET HERAN GUA AMA YANG BIKIN SISTEM ... MAKANYA LU BAYAR PAJAK BIAR NGERTI RIBETNYA... MAKAN DUIT PAJAK DOANG SI LU
18035360711479974,2025-08-08T03:21:58+00:00,449,https://www.instagram.com/p/DNCnMRdTWgC/,https://www.instagram.com/p/DNCnMRdTWgC/?comment_id=18035360711479974,scraping_instagram,idris_my7,Di kuras peretas❌. Di kuras pajak✅
17971223975926465,2025-08-08T00:57:45+00:00,2,https://www.instagram.com/p/DNCnMRdTWgC/,https://www.instagram.com/p/DNCnMRdTWgC/?comment_id=17971223975926465,scraping_instagram,rendisanjaya118,"CORETAX BENERIN TUH, GAK BISA MUSUK MULU.."
17873761983401773,2025-08-08T00:31:07+00:00,0,https://www.instagram.com/p/DNCnMRdTWgC/,https://www.instagram.com/p/DNCnMRdTWgC/?comment_id=17873761983401773,scraping_instagram,kiw00000_,Playing Victim. Yang nguras lu lu padaaaa!
17852726286509793,2025-08-08T00:28:35+00:00,0,https://www.instagram.com/p/DNCnMRdTWgC/,https://www.instagram.com/p/DNCnMRdTWgC/?comment_id=17852726286509793,scraping_instagram,trigalih__,Duit habis dipajakin mulu
18052366763424768,2025-08-07T17:12:06+00:00,0,https://www.instagram.com/p/DNCnMRdTWgC/,https://www.instagram.com/p/DNCnMRdTWgC/?comment_id=18052366763424768,scraping_instagram,jakartafootball12,"Masih banyak tuh min akun promosi judol, blokir dong"
17900426913252437,2025-08-07T16:43:16+00:00,0,https://www.instagram.com/p/DNCnMRdTWgC/,https://www.instagram.com/p/DNCnMRdTWgC/?comment_id=17900426913252437,scraping_instagram,rudispran,Orang pajak lihai nguras
17916323619150814,2025-08-07T16:33:17+00:00,0,https://www.instagram.com/p/DNCnMRdTWgC/,https://www.instagram.com/p/DNCnMRdTWgC/?comment_id=17916323619150814,scraping_instagram,papa_ken007,Apakah duit yg dipajakiin akan dipakai untuk para gerombolan oknum bandit berseragam 😢
17919947652111776,2025-08-07T15:31:22+00:00,0,https://www.instagram.com/p/DNCnMRdTWgC/,https://www.instagram.com/p/DNCnMRdTWgC/?comment_id=17919947652111776,scraping_instagram,_teboy.xy,"Segerombolan orang"" Rakus"
17881877391241162,2025-08-07T15:31:19+00:00,0,https://www.instagram.com/p/DNCnMRdTWgC/,https://www.instagram.com/p/DNCnMRdTWgC/?comment_id=17881877391241162,scraping_instagram,syafiqfarm,"Duit habis di gondol pajak, terus pajaknya du korupsi, buat hidup mewah para pejabatnya, di dunia kalian selamat, ingat hari akhirat kami akan tuntut kalian semua🙌🙌🙌"
18202869658308343,2025-08-07T15:19:54+00:00,0,https://www.instagram.com/p/DNCnMRdTWgC/,https://www.instagram.com/p/DNCnMRdTWgC/?comment_id=18202869658308343,scraping_instagram,enjesaputra,"Duit habis dikuras pajak, pajak gak ngotak 😂"
18518415568002499,2025-08-07T14:48:49+00:00,0,https://www.instagram.com/p/DNCnMRdTWgC/,https://www.instagram.com/p/DNCnMRdTWgC/?comment_id=18518415568002499,scraping_instagram,yones_arto,"Kaya ngga hafal negara konoha, laporan masuk tong sampah"
18090176698734602,2025-08-07T14:37:44+00:00,0,https://www.instagram.com/p/DNCnMRdTWgC/,https://www.instagram.com/p/DNCnMRdTWgC/?comment_id=18090176698734602,scraping_instagram,aripadamuwaisukasyah,Duit habis di pajakin . Kalau segala nya kena pajak guna nya BUMN apa?
18131125807404000,2025-08-07T14:20:21+00:00,0,https://www.instagram.com/p/DNCnMRdTWgC/,https://www.instagram.com/p/DNCnMRdTWgC/?comment_id=18131125807404000,scraping_instagram,rizkydwikhamami.691994,Ga guna bgt masa detail alamat gagal mulu
18066667124272956,2025-08-07T14:14:15+00:00,0,https://www.instagram.com/p/DNCnMRdTWgC/,https://www.instagram.com/p/DNCnMRdTWgC/?comment_id=18066667124272956,scraping_instagram,baagus___,pusing kepala mau buat NPWP online super lemot
18280703629286325,2025-08-07T13:34:14+00:00,0,https://www.instagram.com/p/DNCnMRdTWgC/,https://www.instagram.com/p/DNCnMRdTWgC/?comment_id=18280703629286325,scraping_instagram,danielandryantohadi,
18090075388665905,2025-08-07T12:53:08+00:00,0,https://www.instagram.com/p/DNCnMRdTWgC/,https://www.instagram.com/p/DNCnMRdTWgC/?comment_id=18090075388665905,scraping_instagram,ep_nando,Pajak kita jangan dikorupsi ya!
18048836081637872,2025-08-07T12:34:10+00:00,0,https://www.instagram.com/p/DNCnMRdTWgC/,https://www.instagram.com/p/DNCnMRdTWgC/?comment_id=18048836081637872,scraping_instagram,imrisad_,@ditjenpajakri mohon di perbaiki website nya sering error sehingga menjadi sulit untuk daftar NPWP secara online
18063206354002259,2025-08-07T12:15:03+00:00,0,https://www.instagram.com/p/DNCnMRdTWgC/,https://www.instagram.com/p/DNCnMRdTWgC/?comment_id=18063206354002259,scraping_instagram,sunhoshen,"Lapor juga percuma, pihak bank nya ga mau kerjasama 😂"
18092380810655668,2025-08-07T12:04:22+00:00,0,https://www.instagram.com/p/DNCnMRdTWgC/,https://www.instagram.com/p/DNCnMRdTWgC/?comment_id=18092380810655668,scraping_instagram,loyal_dawn,"Ga mungkin banget dananya tetap stay pasti dipindah malingnya, harusnya kalian bisa koordinasi sm polisi buat trace dana nya dan tangkap pelakunya. Plus kalian dan ojk lambat menangani laporan, gmn mau krmbali dana nya"
18163502101323216,2025-08-07T11:20:30+00:00,0,https://www.instagram.com/p/DNCnMRdTWgC/,https://www.instagram.com/p/DNCnMRdTWgC/?comment_id=18163502101323216,scraping_instagram,tegaaaak,"Pemerintah sudah memberi fasilitas pelayanan, coba ditanggapi secara positif.
Ini diperlukan bila rekening kita kena spam dan tabungan kita terkuras."
18101452552580401,2025-08-07T11:20:16+00:00,0,https://www.instagram.com/p/DNCnMRdTWgC/,https://www.instagram.com/p/DNCnMRdTWgC/?comment_id=18101452552580401,scraping_instagram,tegaaaak,"Pemerintah sudah memberi fasilitas pelayanan, coba ditanggapi secara positif.
Ini diperlukan bila rekening kita kena spam dan tabungan kita terkuras."
18040227071358193,2025-08-07T09:57:52+00:00,0,https://www.instagram.com/p/DNCnMRdTWgC/,https://www.instagram.com/p/DNCnMRdTWgC/?comment_id=18040227071358193,scraping_instagram,estu_mukti,Yakin 157 ada yg ngankat udah coba nelp blm?
17915657598167377,2025-08-07T09:55:05+00:00,39,https://www.instagram.com/p/DNCnMRdTWgC/,https://www.instagram.com/p/DNCnMRdTWgC/?comment_id=17915657598167377,scraping_instagram,maiueo666,Kalo lapor cepet tapi tanggapannya lambat gimana min?
18059985371346106,2025-08-07T09:11:49+00:00,132,https://www.instagram.com/p/DNCnMRdTWgC/,https://www.instagram.com/p/DNCnMRdTWgC/?comment_id=18059985371346106,scraping_instagram,pristoooo_,Duit habis dikuras pajak 😍😍
18038158226399769,2025-08-07T09:10:23+00:00,0,https://www.instagram.com/p/DNCnMRdTWgC/,https://www.instagram.com/p/DNCnMRdTWgC/?comment_id=18038158226399769,scraping_instagram,morajaya_konsultan_dokumen,Jika sudah 2 tahun masih bisa lapor gk. Soal saya lapor ke polisi malah saya d bilang lewogo sja.
18030547919694358,2025-08-07T09:01:38+00:00,0,https://www.instagram.com/p/DNCnMRdTWgC/,https://www.instagram.com/p/DNCnMRdTWgC/?comment_id=18030547919694358,scraping_instagram,bojonggentengjpk,😂
18092975650636257,2025-08-07T08:47:54+00:00,1,https://www.instagram.com/p/DNCnMRdTWgC/,https://www.instagram.com/p/DNCnMRdTWgC/?comment_id=18092975650636257,scraping_instagram,lestarijayamotor88,Dikuras ente cuk
17876768430390459,2025-08-07T08:34:02+00:00,0,https://www.instagram.com/p/DNCnMRdTWgC/,https://www.instagram.com/p/DNCnMRdTWgC/?comment_id=17876768430390459,scraping_instagram,afalamsyah,semua dipajakin wkwkwk dijajah pemerintah sendiri ini sih
18075448882953417,2025-08-07T08:32:19+00:00,0,https://www.instagram.com/p/DNCnMRdTWgC/,https://www.instagram.com/p/DNCnMRdTWgC/?comment_id=18075448882953417,scraping_instagram,muliaaaa_6,Callcenternya bisa gratis untuk melayani masyarakat?
18089871289671114,2025-08-07T08:29:38+00:00,0,https://www.instagram.com/p/DNCnMRdTWgC/,https://www.instagram.com/p/DNCnMRdTWgC/?comment_id=18089871289671114,scraping_instagram,pratamaputranazneen,Mnding kena peretas dr pd kena komunis negri sndri
17890025583184354,2025-08-07T08:02:01+00:00,65,https://www.instagram.com/p/DNCnMRdTWgC/,https://www.instagram.com/p/DNCnMRdTWgC/?comment_id=17890025583184354,scraping_instagram,rodiansjah26,Apapun serba dipajakin. Giliran rakyat gk bisa ngerasain hasil pajaknya. Di korupsi teruss
18125260708462576,2025-08-07T07:57:13+00:00,2,https://www.instagram.com/p/DNCnMRdTWgC/,https://www.instagram.com/p/DNCnMRdTWgC/?comment_id=18125260708462576,scraping_instagram,nikereseller,Pajak saya buat program apa? Mohon dibuat penjelasannya. Terimakasih
18075403516979273,2025-08-07T07:44:59+00:00,5,https://www.instagram.com/p/DNCnMRdTWgC/,https://www.instagram.com/p/DNCnMRdTWgC/?comment_id=18075403516979273,scraping_instagram,diyanfaziee,Gaji udah dipajakiinn masihh mau malak lagii. Naudzubillah tobat tobat berasa dunia selamannya aja
18053138915438824,2025-08-07T07:43:41+00:00,25,https://www.instagram.com/p/DNCnMRdTWgC/,https://www.instagram.com/p/DNCnMRdTWgC/?comment_id=18053138915438824,scraping_instagram,brmarcya,dikuras pajak kali pak/bu
18133497571440799,2025-08-07T07:34:41+00:00,0,https://www.instagram.com/p/DNCnMRdTWgC/,https://www.instagram.com/p/DNCnMRdTWgC/?comment_id=18133497571440799,scraping_instagram,herman_klick,Masalahnya waktunya tersita oleh sistem birokrasi pelaporan yang seringkali memakan waktu. Mengakibatkan si penipu lebih leluasa menarik sluruh saldonya sebelum terdeteksi
18280404001287286,2025-08-07T07:26:06+00:00,39,https://www.instagram.com/p/DNCnMRdTWgC/,https://www.instagram.com/p/DNCnMRdTWgC/?comment_id=18280404001287286,scraping_instagram,detaalba15,DUIT HABIS DI KURAS PAJAK KALI 🤭
18087128671753717,2025-08-07T07:01:53+00:00,1,https://www.instagram.com/p/DNCnMRdTWgC/,https://www.instagram.com/p/DNCnMRdTWgC/?comment_id=18087128671753717,scraping_instagram,emarahmi4,terima kasih admin atas pencerahan nya @ditjenpajakri
18092162752647990,2025-08-07T07:00:41+00:00,2,https://www.instagram.com/p/DNCnMRdTWgC/,https://www.instagram.com/p/DNCnMRdTWgC/?comment_id=18092162752647990,scraping_instagram,ayaagustiaa,halah
18075595918975644,2025-08-07T06:27:50+00:00,1,https://www.instagram.com/p/DNCnMRdTWgC/,https://www.instagram.com/p/DNCnMRdTWgC/?comment_id=18075595918975644,scraping_instagram,idrus9860,NIE CORETAX NYA BGMN SIE BUAT NPWP SUSAH AMAT UPLOAD DR KOMPUTER GA BISA.. UPLOAD DI HP GAGAL VERIF MULU... KACAU AMAT
17915915952036107,2025-08-07T06:21:10+00:00,8,https://www.instagram.com/p/DNCnMRdTWgC/,https://www.instagram.com/p/DNCnMRdTWgC/?comment_id=17915915952036107,scraping_instagram,liaiyaooo,"Ga bakal balik, setelah menerima biasanya lgs dioper lagi atau dikosongkan lgs. Keluargaku wa kena, dari bank bilang uang yg di tt itu lgs bisa diambil. Lain cerita kalau dana masuk harus bertahan 1 jam di rek. Itu masih bisa diselamatkan. Belum lagi utk buat laporan ke bank perlu surat keterangan dari polisi, bayangkan kawan2 waktu yg terbuang udah berapa lama."
18071989784086216,2025-08-07T06:07:47+00:00,3,https://www.instagram.com/p/DNCnMRdTWgC/,https://www.instagram.com/p/DNCnMRdTWgC/?comment_id=18071989784086216,scraping_instagram,helloween1023,Pajak lu yang ngabisin duit.
18051135959628129,2025-08-07T06:02:05+00:00,2,https://www.instagram.com/p/DNCnMRdTWgC/,https://www.instagram.com/p/DNCnMRdTWgC/?comment_id=18051135959628129,scraping_instagram,icedmatcha15,"Pekan lalu saya di hubungi oleh dua orang dengan kontak yang berbeda yang mengaku pegawai pajak pusat, orang tersebut mengirimkan data saya melalui pesan WA dan meminta ketersediaan untuk di wawancarai, saya bersedia untuk di wawancarai,  saya sudah curiga karena terdengar banyak suara2 yang sedang menelfon dan cara menjawab pertanyaan dari saya kurang respon dan akhirnya saya diminta untuk mendownload aplikasi dan mengarahkan untuk berbagi layar disitu saya  yakin sekali bahwa ini penipuan. Yang saya bingungkan mereka ini mengambil nomor dan data2 pribadi saya dari mana? Kenapa mereka bisa tau data kami?🙏"
17848493208534171,2025-08-07T05:27:38+00:00,72,https://www.instagram.com/p/DNCnMRdTWgC/,https://www.instagram.com/p/DNCnMRdTWgC/?comment_id=17848493208534171,scraping_instagram,shyptraa,Klo duit habis dikuras sama pajak gimana?
18050340464535344,2025-08-07T05:21:00+00:00,2,https://www.instagram.com/p/DNCnMRdTWgC/,https://www.instagram.com/p/DNCnMRdTWgC/?comment_id=18050340464535344,scraping_instagram,dipper_dyg7,"Saya pernah kena scaming, buat laporan malah datang langsung ke ojk, ke polsek, sampai ke polresta,  jawabnya cuma, ke ojk cuma disuruh buat aduan begini begitu yg ujunggnya mereka cuma dengerin curhat saya. Ke polsek nunggu sampai malam, pas malam cuma kami keterbatasan alat kasian anak mendingan pulang, lalu kepolresta ""sudah banyak pak yang kena begini, bapak ini sayang sekali pak uang di bagi2 ke penipu coba kasih ke kami."" Padahal jelas ada no rekeningnya, alamat penipu di daerah sumsel. Lalu pergi Ke bank bri cuma  laporan hanya sampai satpam lalu disuruh pulang Tapi yasudahlah. Memang musibah. Akhirnya saya yg gak pernah berurusan dgn pinjol jadinya punya utang sama pinjol yg uangnya dipake penipu 😂 tapi ya begitulah kehidupan..."
17871851814318923,2025-08-07T05:20:01+00:00,189,https://www.instagram.com/p/DNCnMRdTWgC/,https://www.instagram.com/p/DNCnMRdTWgC/?comment_id=17871851814318923,scraping_instagram,zenksam,Duit Rakyat habis di kuras kalian 🔥🔥🔥
18052115309183095,2025-08-07T05:19:00+00:00,2,https://www.instagram.com/p/DNCnMRdTWgC/,https://www.instagram.com/p/DNCnMRdTWgC/?comment_id=18052115309183095,scraping_instagram,priaberhat_nyaman,Bohong sya udah laporngak ditanggepi
17917932912135553,2025-08-07T05:13:04+00:00,5,https://www.instagram.com/p/DNCnMRdTWgC/,https://www.instagram.com/p/DNCnMRdTWgC/?comment_id=17917932912135553,scraping_instagram,nothing_19191919,Masalahnya laporan cepat tapi tindakan lambat sama aja boong. Apalagi kalo mau laporan tiba-tiba server kalian sibuk😂😂lemot
18108001201531333,2025-08-07T05:10:30+00:00,25,https://www.instagram.com/p/DNCnMRdTWgC/,https://www.instagram.com/p/DNCnMRdTWgC/?comment_id=18108001201531333,scraping_instagram,fajarmono.ramadhan,Kalau menguras rekening orang kena PPh pasal berapa?? Hahaha canda..
17922887354999630,2025-08-07T04:55:39+00:00,0,https://www.instagram.com/p/DNCnMRdTWgC/,https://www.instagram.com/p/DNCnMRdTWgC/?comment_id=17922887354999630,scraping_instagram,ayeunaagus,Bagus
17892897114164171,2025-08-07T04:55:17+00:00,688,https://www.instagram.com/p/DNCnMRdTWgC/,https://www.instagram.com/p/DNCnMRdTWgC/?comment_id=17892897114164171,scraping_instagram,edoylagii,Duit habis karna dipajakin semua 😂
18047540003286551,2025-08-07T04:48:24+00:00,5,https://www.instagram.com/p/DNCnMRdTWgC/,https://www.instagram.com/p/DNCnMRdTWgC/?comment_id=18047540003286551,scraping_instagram,stlintangtimur,"bisa di elaborate kenapa terlambat melaporkan, peluang untuk dikembalikan kecil? bukankah aliran dana bisa ketrack oleh sistem?"
