id,timestamp,likesCount,postUrl,commentUrl,source_file,ownerUsername,text
7628211851104568085,2026-04-13T11:58:05.000Z,26397,https://www.tiktok.com/@na_nasgor123/video/7628177588770458901,https://www.tiktok.com/@na_nasgor123/video/7628177588770458901?commentId=7628211851104568085,scraping_tiktok,akumaumasukitb,buah naga apa itu ka terlihat kurus sekali..
7628538140752462608,2026-04-14T09:04:25.000Z,4521,https://www.tiktok.com/@na_nasgor123/video/7628177588770458901,https://www.tiktok.com/@na_nasgor123/video/7628177588770458901?commentId=7628538140752462608,scraping_tiktok,kyutabizz,seminggu turun 10 kilo
7639324561742463751,2026-05-13T10:41:08.000Z,71,https://www.tiktok.com/@na_nasgor123/video/7628177588770458901,https://www.tiktok.com/@na_nasgor123/video/7628177588770458901?commentId=7639324561742463751,scraping_tiktok,lyiniaaa,buah naganya sialan bngettt😭😭
7628501302457238290,2026-04-14T06:41:23.000Z,394,https://www.tiktok.com/@na_nasgor123/video/7628177588770458901,https://www.tiktok.com/@na_nasgor123/video/7628177588770458901?commentId=7628501302457238290,scraping_tiktok,bawangoreng13,nasi nya 1 butir saja seharusnya🙏
7628230625858126600,2026-04-13T13:10:55.000Z,1295,https://www.tiktok.com/@na_nasgor123/video/7628177588770458901,https://www.tiktok.com/@na_nasgor123/video/7628177588770458901?commentId=7628230625858126600,scraping_tiktok,uulllulll,geli geli lambung ya kak 😭
7639595994611843847,2026-05-14T04:14:31.000Z,53,https://www.tiktok.com/@na_nasgor123/video/7628177588770458901,https://www.tiktok.com/@na_nasgor123/video/7628177588770458901?commentId=7639595994611843847,scraping_tiktok,fajrii211,jagungnya bisa di itung jir💜
7628538239830655752,2026-04-14T09:04:43.000Z,696,https://www.tiktok.com/@na_nasgor123/video/7628177588770458901,https://www.tiktok.com/@na_nasgor123/video/7628177588770458901?commentId=7628538239830655752,scraping_tiktok,jeyiivv,ceking bgt tu buah
7639385954940355348,2026-05-13T14:39:25.000Z,51,https://www.tiktok.com/@na_nasgor123/video/7628177588770458901,https://www.tiktok.com/@na_nasgor123/video/7628177588770458901?commentId=7639385954940355348,scraping_tiktok,setalmex,buah naganya perlu mbg jir
7639618293519057682,2026-05-14T05:40:54.000Z,50,https://www.tiktok.com/@na_nasgor123/video/7628177588770458901,https://www.tiktok.com/@na_nasgor123/video/7628177588770458901?commentId=7639618293519057682,scraping_tiktok,ravvvvsicee,Pelit bgt anj buah naganya😭
7639342176598704904,2026-05-13T11:49:30.000Z,236,https://www.tiktok.com/@na_nasgor123/video/7628177588770458901,https://www.tiktok.com/@na_nasgor123/video/7628177588770458901?commentId=7639342176598704904,scraping_tiktok,tiyaraadipanggilnengok,kak itu buah naganya di print?
7639344728593253121,2026-05-13T11:59:21.000Z,37,https://www.tiktok.com/@na_nasgor123/video/7628177588770458901,https://www.tiktok.com/@na_nasgor123/video/7628177588770458901?commentId=7639344728593253121,scraping_tiktok,cccrrreeei,keterlaluan bgt 😭
7628580975844721429,2026-04-14T11:50:31.000Z,33,https://www.tiktok.com/@na_nasgor123/video/7628177588770458901,https://www.tiktok.com/@na_nasgor123/video/7628177588770458901?commentId=7628580975844721429,scraping_tiktok,notzaxy_4faa,[Sticker] ekspresi muridnya
7628221059058369301,2026-04-13T12:33:57.000Z,182,https://www.tiktok.com/@na_nasgor123/video/7628177588770458901,https://www.tiktok.com/@na_nasgor123/video/7628177588770458901?commentId=7628221059058369301,scraping_tiktok,febbiay,"mbg kecil-kecilan anjir, malah kekecilan juga ini..."
7629729105152688904,2026-04-17T14:05:52.000Z,33,https://www.tiktok.com/@na_nasgor123/video/7628177588770458901,https://www.tiktok.com/@na_nasgor123/video/7628177588770458901?commentId=7629729105152688904,scraping_tiktok,euchenco__444,[Sticker] kakanya pas buka ompreng:
7639623977455534855,2026-05-14T06:03:04.000Z,32,https://www.tiktok.com/@na_nasgor123/video/7628177588770458901,https://www.tiktok.com/@na_nasgor123/video/7628177588770458901?commentId=7639623977455534855,scraping_tiktok,yawnnov,menu apaan ini anj ga menarik bgt 😭
7638065285530206993,2026-05-10T01:14:52.000Z,12,https://www.tiktok.com/@na_nasgor123/video/7628177588770458901,https://www.tiktok.com/@na_nasgor123/video/7628177588770458901?commentId=7638065285530206993,scraping_tiktok,user888889991_,Ceking bgt njr menu nya
7639358839330915080,2026-05-13T12:54:08.000Z,28,https://www.tiktok.com/@na_nasgor123/video/7628177588770458901,https://www.tiktok.com/@na_nasgor123/video/7628177588770458901?commentId=7639358839330915080,scraping_tiktok,yuuweirdo,[Sticker] tipiss syekalii kaka
7628385461774320405,2026-04-13T23:12:12.000Z,61,https://www.tiktok.com/@na_nasgor123/video/7628177588770458901,https://www.tiktok.com/@na_nasgor123/video/7628177588770458901?commentId=7628385461774320405,scraping_tiktok,n4yvt.art,pemborosan packaging💜
7629358961963451143,2026-04-16T14:09:27.000Z,31,https://www.tiktok.com/@na_nasgor123/video/7628177588770458901,https://www.tiktok.com/@na_nasgor123/video/7628177588770458901?commentId=7629358961963451143,scraping_tiktok,maxieeq,Abis makan : I feel so skinny💜
7630062055618691847,2026-04-18T11:37:54.000Z,9,https://www.tiktok.com/@na_nasgor123/video/7628177588770458901,https://www.tiktok.com/@na_nasgor123/video/7628177588770458901?commentId=7630062055618691847,scraping_tiktok,min9yuukm,cuma geli geli lambung
7628468345889964820,2026-04-14T04:33:39.000Z,81277,https://www.tiktok.com/@na_nasgor123/video/7628177588770458901,https://www.tiktok.com/@na_nasgor123/video/7628177588770458901?commentId=7628468345889964820,scraping_tiktok,kyyzxtoraa,lambung: aw besti aw
7628438094426227474,2026-04-14T02:36:09.000Z,17441,https://www.tiktok.com/@na_nasgor123/video/7628177588770458901,https://www.tiktok.com/@na_nasgor123/video/7628177588770458901?commentId=7628438094426227474,scraping_tiktok,starlucht12,satu sekolah auto diet 💜
7639250563080127239,2026-05-13T05:54:03.000Z,3124,https://www.tiktok.com/@na_nasgor123/video/7628177588770458901,https://www.tiktok.com/@na_nasgor123/video/7628177588770458901?commentId=7639250563080127239,scraping_tiktok,azarexsa,ITU APAAN RAMPING BGT 😭
7628223580187427602,2026-04-13T12:43:38.000Z,5268,https://www.tiktok.com/@na_nasgor123/video/7628177588770458901,https://www.tiktok.com/@na_nasgor123/video/7628177588770458901?commentId=7628223580187427602,scraping_tiktok,y4yaaio,lambung : ala keri keri keri
7628617896151909128,2026-04-14T14:13:47.000Z,203,https://www.tiktok.com/@na_nasgor123/video/7628177588770458901,https://www.tiktok.com/@na_nasgor123/video/7628177588770458901?commentId=7628617896151909128,scraping_tiktok,h4ttaqie,"gua muak banget sama telor, bisa bisa bisulan"
7629320105558459153,2026-04-16T11:38:51.000Z,295,https://www.tiktok.com/@na_nasgor123/video/7628177588770458901,https://www.tiktok.com/@na_nasgor123/video/7628177588770458901?commentId=7629320105558459153,scraping_tiktok,mirafebriyantii,ini mbg ku guys
7628518655937331988,2026-04-14T07:48:49.000Z,2276,https://www.tiktok.com/@na_nasgor123/video/7628177588770458901,https://www.tiktok.com/@na_nasgor123/video/7628177588770458901?commentId=7628518655937331988,scraping_tiktok,keii_yuu10,[Sticker] yg buah naga rasakan :
7629339081277031175,2026-04-16T12:52:19.000Z,423,https://www.tiktok.com/@na_nasgor123/video/7628177588770458901,https://www.tiktok.com/@na_nasgor123/video/7628177588770458901?commentId=7629339081277031175,scraping_tiktok,.i5l12,Sementara itu di superindo
7628579081600369428,2026-04-14T11:43:08.000Z,166,https://www.tiktok.com/@na_nasgor123/video/7628177588770458901,https://www.tiktok.com/@na_nasgor123/video/7628177588770458901?commentId=7628579081600369428,scraping_tiktok,dlnpt3,menurut kalian ini gimna?
7629263270410732308,2026-04-16T07:58:11.000Z,974,https://www.tiktok.com/@na_nasgor123/video/7628177588770458901,https://www.tiktok.com/@na_nasgor123/video/7628177588770458901?commentId=7629263270410732308,scraping_tiktok,gggyyuuuuuuuu,enakn't
7628534622284514055,2026-04-14T08:50:37.000Z,476,https://www.tiktok.com/@na_nasgor123/video/7628177588770458901,https://www.tiktok.com/@na_nasgor123/video/7628177588770458901?commentId=7628534622284514055,scraping_tiktok,bumaw916,ini yg dananya triliunan 😂
7639731471947039504,2026-05-14T13:00:04.000Z,51,https://www.tiktok.com/@na_nasgor123/video/7628177588770458901,https://www.tiktok.com/@na_nasgor123/video/7628177588770458901?commentId=7639731471947039504,scraping_tiktok,ryuu.uu31,[Sticker] insyaallah nanti kyk gini💜
7639734174946099969,2026-05-14T13:10:39.000Z,8,https://www.tiktok.com/@na_nasgor123/video/7628177588770458901,https://www.tiktok.com/@na_nasgor123/video/7628177588770458901?commentId=7639734174946099969,scraping_tiktok,lintingannnn,embege
7628583143344292629,2026-04-14T11:58:58.000Z,25,https://www.tiktok.com/@na_nasgor123/video/7628177588770458901,https://www.tiktok.com/@na_nasgor123/video/7628177588770458901?commentId=7628583143344292629,scraping_tiktok,fuorsaken,Assalamualaikum
7629684382370710280,2026-04-17T11:12:16.000Z,9,https://www.tiktok.com/@na_nasgor123/video/7628177588770458901,https://www.tiktok.com/@na_nasgor123/video/7628177588770458901?commentId=7629684382370710280,scraping_tiktok,nanaxixi11,mantap g nih
7628207619970220808,2026-04-13T11:41:38.000Z,325,https://www.tiktok.com/@na_nasgor123/video/7628177588770458901,https://www.tiktok.com/@na_nasgor123/video/7628177588770458901?commentId=7628207619970220808,scraping_tiktok,dronxshs,tenan pora buset😭
7628832282132333330,2026-04-15T04:05:45.000Z,6,https://www.tiktok.com/@na_nasgor123/video/7628177588770458901,https://www.tiktok.com/@na_nasgor123/video/7628177588770458901?commentId=7628832282132333330,scraping_tiktok,ye.zaa8,nihhhh
7628636891634369301,2026-04-14T15:27:31.000Z,20,https://www.tiktok.com/@na_nasgor123/video/7628177588770458901,https://www.tiktok.com/@na_nasgor123/video/7628177588770458901?commentId=7628636891634369301,scraping_tiktok,noelle_car,dimsum pake nasi guys
7628488479017599752,2026-04-14T05:51:31.000Z,11,https://www.tiktok.com/@na_nasgor123/video/7628177588770458901,https://www.tiktok.com/@na_nasgor123/video/7628177588770458901?commentId=7628488479017599752,scraping_tiktok,rendraa226,kalo ini apa kak
7628485577101755157,2026-04-14T05:40:27.000Z,13,https://www.tiktok.com/@na_nasgor123/video/7628177588770458901,https://www.tiktok.com/@na_nasgor123/video/7628177588770458901?commentId=7628485577101755157,scraping_tiktok,0ocianiracle,ini gimana?
7628602751224759047,2026-04-14T13:14:59.000Z,23,https://www.tiktok.com/@na_nasgor123/video/7628177588770458901,https://www.tiktok.com/@na_nasgor123/video/7628177588770458901?commentId=7628602751224759047,scraping_tiktok,hirooo137,alhamdulillah bgt di aku ada dimas mentai 🥹
7628448334840480533,2026-04-14T03:15:57.000Z,137,https://www.tiktok.com/@na_nasgor123/video/7628177588770458901,https://www.tiktok.com/@na_nasgor123/video/7628177588770458901?commentId=7628448334840480533,scraping_tiktok,c.cracker_,[Sticker] kondisi kakanya
7629305101357794068,2026-04-16T10:40:28.000Z,257,https://www.tiktok.com/@na_nasgor123/video/7628177588770458901,https://www.tiktok.com/@na_nasgor123/video/7628177588770458901?commentId=7629305101357794068,scraping_tiktok,rossie_syaviraa,teriyaki tpi kyk wetfood 😭
7628606419419284244,2026-04-14T13:29:11.000Z,23,https://www.tiktok.com/@na_nasgor123/video/7628177588770458901,https://www.tiktok.com/@na_nasgor123/video/7628177588770458901?commentId=7628606419419284244,scraping_tiktok,zurasukasawit,[Sticker] yg lapar:
7629601761502200594,2026-04-17T05:51:41.000Z,25,https://www.tiktok.com/@na_nasgor123/video/7628177588770458901,https://www.tiktok.com/@na_nasgor123/video/7628177588770458901?commentId=7629601761502200594,scraping_tiktok,user5959541,[Sticker] sppg nya
7639543337335194389,2026-05-14T00:50:19.000Z,44,https://www.tiktok.com/@na_nasgor123/video/7628177588770458901,https://www.tiktok.com/@na_nasgor123/video/7628177588770458901?commentId=7639543337335194389,scraping_tiktok,plucherys,mbgnya perlu di beri mbg
7637572890125533968,2026-05-08T17:24:01.000Z,28,https://www.tiktok.com/@na_nasgor123/video/7628177588770458901,https://www.tiktok.com/@na_nasgor123/video/7628177588770458901?commentId=7637572890125533968,scraping_tiktok,aotypino,bersyukur sesungguhnya 🥰
7628583310239138567,2026-04-14T11:59:30.000Z,13,https://www.tiktok.com/@na_nasgor123/video/7628177588770458901,https://www.tiktok.com/@na_nasgor123/video/7628177588770458901?commentId=7628583310239138567,scraping_tiktok,dianacinta_mo,lambung:kaya ada yang lewat
7628195200025133831,2026-04-13T10:53:27.000Z,20,https://www.tiktok.com/@na_nasgor123/video/7628177588770458901,https://www.tiktok.com/@na_nasgor123/video/7628177588770458901?commentId=7628195200025133831,scraping_tiktok,strees_canti2,[Sticker] di-dikit banget
7628469671142785812,2026-04-14T04:38:39.000Z,8,https://www.tiktok.com/@na_nasgor123/video/7628177588770458901,https://www.tiktok.com/@na_nasgor123/video/7628177588770458901?commentId=7628469671142785812,scraping_tiktok,ennwdyy,Klo ini gmn (day 2 sklh ku dpt mbg jir)
7629348261436130056,2026-04-16T13:27:57.000Z,2,https://www.tiktok.com/@na_nasgor123/video/7628177588770458901,https://www.tiktok.com/@na_nasgor123/video/7628177588770458901?commentId=7629348261436130056,scraping_tiktok,nanangkya,BMKG ku
7628574129083417351,2026-04-14T11:23:51.000Z,32,https://www.tiktok.com/@na_nasgor123/video/7628177588770458901,https://www.tiktok.com/@na_nasgor123/video/7628177588770458901?commentId=7628574129083417351,scraping_tiktok,abcdefghijkdeym,gw gatau mereka dpt ide drmn roti dicampur tahu🥰🥰🥰🥰🫰🏻🫰🏻🫰🏻🫰🏻
7629272260469064468,2026-04-16T08:33:02.000Z,2,https://www.tiktok.com/@na_nasgor123/video/7628177588770458901,https://www.tiktok.com/@na_nasgor123/video/7628177588770458901?commentId=7629272260469064468,scraping_tiktok,blaxeyourfavboy,gw kek gini jir🗿
7628493021647061781,2026-04-14T06:09:19.000Z,44,https://www.tiktok.com/@na_nasgor123/video/7628177588770458901,https://www.tiktok.com/@na_nasgor123/video/7628177588770458901?commentId=7628493021647061781,scraping_tiktok,rolroyse2,[Sticker] ini yg di bilang bergizi?
7628626821719065364,2026-04-14T14:48:28.000Z,3,https://www.tiktok.com/@na_nasgor123/video/7628177588770458901,https://www.tiktok.com/@na_nasgor123/video/7628177588770458901?commentId=7628626821719065364,scraping_tiktok,yoxzsyif,🗿
7639721313318503186,2026-05-14T12:20:43.000Z,2,https://www.tiktok.com/@na_nasgor123/video/7628177588770458901,https://www.tiktok.com/@na_nasgor123/video/7628177588770458901?commentId=7639721313318503186,scraping_tiktok,panggil_raa_nengok,mangga nya diettt😭
7628478920169833236,2026-04-14T05:14:33.000Z,39,https://www.tiktok.com/@na_nasgor123/video/7628177588770458901,https://www.tiktok.com/@na_nasgor123/video/7628177588770458901?commentId=7628478920169833236,scraping_tiktok,phomphomm,EXCUSE ME THE DRAGONFRUIT????
7628484167735214856,2026-04-14T05:34:52.000Z,41,https://www.tiktok.com/@na_nasgor123/video/7628177588770458901,https://www.tiktok.com/@na_nasgor123/video/7628177588770458901?commentId=7628484167735214856,scraping_tiktok,ccnut.boy,"[Sticker] ""Bu aku nambah 10 ompreng lagi."""
7628570407830864660,2026-04-14T11:09:34.000Z,72,https://www.tiktok.com/@na_nasgor123/video/7628177588770458901,https://www.tiktok.com/@na_nasgor123/video/7628177588770458901?commentId=7628570407830864660,scraping_tiktok,bbiqissnr,progam gizi atau program diet untuk siswa jir 😭😭
7628562297401787154,2026-04-14T10:38:02.000Z,54,https://www.tiktok.com/@na_nasgor123/video/7628177588770458901,https://www.tiktok.com/@na_nasgor123/video/7628177588770458901?commentId=7628562297401787154,scraping_tiktok,sluthiesy,lambung : geli geli gimana gitu
7628633699199206164,2026-04-14T15:15:11.000Z,24,https://www.tiktok.com/@na_nasgor123/video/7628177588770458901,https://www.tiktok.com/@na_nasgor123/video/7628177588770458901?commentId=7628633699199206164,scraping_tiktok,lynkaaaaww,[Sticker] kenyang ga kak😭
7628548358147179271,2026-04-14T09:43:52.000Z,36,https://www.tiktok.com/@na_nasgor123/video/7628177588770458901,https://www.tiktok.com/@na_nasgor123/video/7628177588770458901?commentId=7628548358147179271,scraping_tiktok,ega_isntkind,ITU BUAH APA KERIPIK ANJIR 😭
7628433677173818133,2026-04-14T02:19:06.000Z,28,https://www.tiktok.com/@na_nasgor123/video/7628177588770458901,https://www.tiktok.com/@na_nasgor123/video/7628177588770458901?commentId=7628433677173818133,scraping_tiktok,bebekmencre3t,[Sticker] buah naganya:
7628465376749437717,2026-04-14T04:21:59.000Z,25,https://www.tiktok.com/@na_nasgor123/video/7628177588770458901,https://www.tiktok.com/@na_nasgor123/video/7628177588770458901?commentId=7628465376749437717,scraping_tiktok,lattextrashot23,THINNER THAN MY WAIST💜
7629933377688666900,2026-04-18T03:18:38.000Z,25,https://www.tiktok.com/@na_nasgor123/video/7628177588770458901,https://www.tiktok.com/@na_nasgor123/video/7628177588770458901?commentId=7629933377688666900,scraping_tiktok,putri.feblyn,b-buah ny tipis bet😭
7635507873489683220,2026-05-03T03:50:31.000Z,5,https://www.tiktok.com/@na_nasgor123/video/7628177588770458901,https://www.tiktok.com/@na_nasgor123/video/7628177588770458901?commentId=7635507873489683220,scraping_tiktok,hariin_,gosonk punya gue
7628578368534954772,2026-04-14T11:40:21.000Z,22,https://www.tiktok.com/@na_nasgor123/video/7628177588770458901,https://www.tiktok.com/@na_nasgor123/video/7628177588770458901?commentId=7628578368534954772,scraping_tiktok,dvaprinardi,[Sticker] Students 💜 :
7629678060272861959,2026-04-17T10:47:43.000Z,25,https://www.tiktok.com/@na_nasgor123/video/7628177588770458901,https://www.tiktok.com/@na_nasgor123/video/7628177588770458901?commentId=7629678060272861959,scraping_tiktok,ayasjya_,ini sangatt pantass🥰🥰🥰
7629319857259037457,2026-04-16T11:37:48.000Z,21,https://www.tiktok.com/@na_nasgor123/video/7628177588770458901,https://www.tiktok.com/@na_nasgor123/video/7628177588770458901?commentId=7629319857259037457,scraping_tiktok,al1naura,[Sticker] emang sampe ya ke lambung?
7628448286081516295,2026-04-14T03:15:40.000Z,40,https://www.tiktok.com/@na_nasgor123/video/7628177588770458901,https://www.tiktok.com/@na_nasgor123/video/7628177588770458901?commentId=7628448286081516295,scraping_tiktok,kazereynn,itu ayam nya aja gaada 100gram anjir
7639754067824132872,2026-05-14T14:27:43.000Z,18,https://www.tiktok.com/@na_nasgor123/video/7628177588770458901,https://www.tiktok.com/@na_nasgor123/video/7628177588770458901?commentId=7639754067824132872,scraping_tiktok,ghaesaniee_062412,itu buah naga 1 dibagi sekelas kah?😭
7629918884069933842,2026-04-18T02:22:18.000Z,21,https://www.tiktok.com/@na_nasgor123/video/7628177588770458901,https://www.tiktok.com/@na_nasgor123/video/7628177588770458901?commentId=7629918884069933842,scraping_tiktok,menungso9389,kebangetan bngt sih KK😭
7630088893274063634,2026-04-18T13:21:56.000Z,18,https://www.tiktok.com/@na_nasgor123/video/7628177588770458901,https://www.tiktok.com/@na_nasgor123/video/7628177588770458901?commentId=7630088893274063634,scraping_tiktok,nanapiyoww_,bahkan butiran biji jagung nya masih bisa di hitung😭😭
7628549474926871297,2026-04-14T09:48:13.000Z,22,https://www.tiktok.com/@na_nasgor123/video/7628177588770458901,https://www.tiktok.com/@na_nasgor123/video/7628177588770458901?commentId=7628549474926871297,scraping_tiktok,zizi_adalahpokoknya,[Sticker] imbigi😳💜
7629347601690755847,2026-04-16T13:25:19.000Z,18,https://www.tiktok.com/@na_nasgor123/video/7628177588770458901,https://www.tiktok.com/@na_nasgor123/video/7628177588770458901?commentId=7629347601690755847,scraping_tiktok,dhyfahr,kurang ajar bgt buah naganya
7628523973694243602,2026-04-14T08:09:28.000Z,20,https://www.tiktok.com/@na_nasgor123/video/7628177588770458901,https://www.tiktok.com/@na_nasgor123/video/7628177588770458901?commentId=7628523973694243602,scraping_tiktok,dikaleli,[Sticker] disuruh diet kah?
7629590563482616594,2026-04-17T05:08:15.000Z,19,https://www.tiktok.com/@na_nasgor123/video/7628177588770458901,https://www.tiktok.com/@na_nasgor123/video/7628177588770458901?commentId=7629590563482616594,scraping_tiktok,kaiendoa,imbigi
7628615470534722311,2026-04-14T14:04:18.000Z,17,https://www.tiktok.com/@na_nasgor123/video/7628177588770458901,https://www.tiktok.com/@na_nasgor123/video/7628177588770458901?commentId=7628615470534722311,scraping_tiktok,rumima1,"menu sehat ❌
menu diet ✅"
7629703141697258241,2026-04-17T12:25:05.000Z,18,https://www.tiktok.com/@na_nasgor123/video/7628177588770458901,https://www.tiktok.com/@na_nasgor123/video/7628177588770458901?commentId=7629703141697258241,scraping_tiktok,nananina2676,"lambung : ""ala keri keri keri"""
7628593805324124949,2026-04-14T12:40:22.000Z,56,https://www.tiktok.com/@na_nasgor123/video/7628177588770458901,https://www.tiktok.com/@na_nasgor123/video/7628177588770458901?commentId=7628593805324124949,scraping_tiktok,nidaaaa_264,geli geli lambung doang jir😭
7640103593853485841,2026-05-15T13:04:10.000Z,6,https://www.tiktok.com/@na_nasgor123/video/7628177588770458901,https://www.tiktok.com/@na_nasgor123/video/7628177588770458901?commentId=7640103593853485841,scraping_tiktok,lookin4jjjasmine,buah naga nya stunting 😭
7639625049154994962,2026-05-14T06:07:11.000Z,0,https://www.tiktok.com/@na_nasgor123/video/7628177588770458901,https://www.tiktok.com/@na_nasgor123/video/7628177588770458901?commentId=7639625049154994962,scraping_tiktok,amellya624,ini 15k ?
7640000106804282133,2026-05-15T06:22:38.000Z,3,https://www.tiktok.com/@na_nasgor123/video/7628177588770458901,https://www.tiktok.com/@na_nasgor123/video/7628177588770458901?commentId=7640000106804282133,scraping_tiktok,rueessa,ancrit.. lebih ketat dari diet wonyoung
7629341941691400977,2026-04-16T13:03:25.000Z,18,https://www.tiktok.com/@na_nasgor123/video/7628177588770458901,https://www.tiktok.com/@na_nasgor123/video/7628177588770458901?commentId=7629341941691400977,scraping_tiktok,prikitiww636,[Sticker] serius itu mbg
7628573990978536212,2026-04-14T11:23:28.000Z,7,https://www.tiktok.com/@na_nasgor123/video/7628177588770458901,https://www.tiktok.com/@na_nasgor123/video/7628177588770458901?commentId=7628573990978536212,scraping_tiktok,lunarvaalleys,porsi imut 💜
7629367961300091668,2026-04-16T14:44:25.000Z,17,https://www.tiktok.com/@na_nasgor123/video/7628177588770458901,https://www.tiktok.com/@na_nasgor123/video/7628177588770458901?commentId=7629367961300091668,scraping_tiktok,lis.cr7,sekolahan mana yg ga beruntung itu?😭
7628566752822592264,2026-04-14T10:55:22.000Z,17,https://www.tiktok.com/@na_nasgor123/video/7628177588770458901,https://www.tiktok.com/@na_nasgor123/video/7628177588770458901?commentId=7628566752822592264,scraping_tiktok,rorrwww04,kebanyakan
7628436514096005909,2026-04-14T02:30:05.000Z,10,https://www.tiktok.com/@na_nasgor123/video/7628177588770458901,https://www.tiktok.com/@na_nasgor123/video/7628177588770458901?commentId=7628436514096005909,scraping_tiktok,puremate00,[Sticker] buah naganya:
7629297510364168978,2026-04-16T10:10:59.000Z,16,https://www.tiktok.com/@na_nasgor123/video/7628177588770458901,https://www.tiktok.com/@na_nasgor123/video/7628177588770458901?commentId=7629297510364168978,scraping_tiktok,raapiidumpiez2nd,[Sticker] orang yang udah berharap mbg nya ngeyangin + enak
7628573818735428372,2026-04-14T11:22:49.000Z,7,https://www.tiktok.com/@na_nasgor123/video/7628177588770458901,https://www.tiktok.com/@na_nasgor123/video/7628177588770458901?commentId=7628573818735428372,scraping_tiktok,rachoons,pasti tahunya hambar😭
7628605793520747282,2026-04-14T13:26:45.000Z,13,https://www.tiktok.com/@na_nasgor123/video/7628177588770458901,https://www.tiktok.com/@na_nasgor123/video/7628177588770458901?commentId=7628605793520747282,scraping_tiktok,ayayaoce,buah naganya ceking bgt anj😭
7629655127314416401,2026-04-17T09:22:35.000Z,15,https://www.tiktok.com/@na_nasgor123/video/7628177588770458901,https://www.tiktok.com/@na_nasgor123/video/7628177588770458901?commentId=7629655127314416401,scraping_tiktok,ethnic_n4varia,lambung: geli geli ini mah
7629352802443445012,2026-04-16T13:45:33.000Z,15,https://www.tiktok.com/@na_nasgor123/video/7628177588770458901,https://www.tiktok.com/@na_nasgor123/video/7628177588770458901?commentId=7629352802443445012,scraping_tiktok,min_gi_yoon,SO BAKSOO
7628537951580291841,2026-04-14T09:03:31.000Z,15,https://www.tiktok.com/@na_nasgor123/video/7628177588770458901,https://www.tiktok.com/@na_nasgor123/video/7628177588770458901?commentId=7628537951580291841,scraping_tiktok,bluberrytyun,trainee kpop?
7629279759977644821,2026-04-16T09:02:13.000Z,15,https://www.tiktok.com/@na_nasgor123/video/7628177588770458901,https://www.tiktok.com/@na_nasgor123/video/7628177588770458901?commentId=7629279759977644821,scraping_tiktok,what_tae3,EH KOK BANYAK BGT ANJIR...😭😭😭😭😭
7628607112532411156,2026-04-14T13:31:54.000Z,18,https://www.tiktok.com/@na_nasgor123/video/7628177588770458901,https://www.tiktok.com/@na_nasgor123/video/7628177588770458901?commentId=7628607112532411156,scraping_tiktok,iuran...bow,ujung²nya juga bakal jajan njirr klo ke bgini njirr😭😭
7629327546345784084,2026-04-16T12:07:39.000Z,13,https://www.tiktok.com/@na_nasgor123/video/7628177588770458901,https://www.tiktok.com/@na_nasgor123/video/7628177588770458901?commentId=7629327546345784084,scraping_tiktok,whatbillwannabe,gelitik lambung 💜💜💜
7639171619692544786,2026-05-13T00:47:38.000Z,13,https://www.tiktok.com/@na_nasgor123/video/7628177588770458901,https://www.tiktok.com/@na_nasgor123/video/7628177588770458901?commentId=7639171619692544786,scraping_tiktok,honey_quenn0,yaallah seitil😭😭
7628570062563787538,2026-04-14T11:08:07.000Z,8,https://www.tiktok.com/@na_nasgor123/video/7628177588770458901,https://www.tiktok.com/@na_nasgor123/video/7628177588770458901?commentId=7628570062563787538,scraping_tiktok,nidaputrisabila,[Sticker] tidak fantasss😭😭
7628638400702300936,2026-04-14T15:33:21.000Z,9,https://www.tiktok.com/@na_nasgor123/video/7628177588770458901,https://www.tiktok.com/@na_nasgor123/video/7628177588770458901?commentId=7628638400702300936,scraping_tiktok,nopalbukannabil,[Sticker] lambung :itu apaan
7628413580774638356,2026-04-14T01:01:13.000Z,15,https://www.tiktok.com/@na_nasgor123/video/7628177588770458901,https://www.tiktok.com/@na_nasgor123/video/7628177588770458901?commentId=7628413580774638356,scraping_tiktok,bubblegum_.67,[Sticker] NASI NYA
7628604482100986625,2026-04-14T13:21:44.000Z,13,https://www.tiktok.com/@na_nasgor123/video/7628177588770458901,https://www.tiktok.com/@na_nasgor123/video/7628177588770458901?commentId=7628604482100986625,scraping_tiktok,ruiisoya,geli geli di lambung
7628287781451301652,2026-04-13T16:52:47.000Z,8,https://www.tiktok.com/@na_nasgor123/video/7628177588770458901,https://www.tiktok.com/@na_nasgor123/video/7628177588770458901?commentId=7628287781451301652,scraping_tiktok,cuppkissest0_,NIAT GASII!!!???😭😭😭
7629317249854620424,2026-04-16T11:27:40.000Z,12,https://www.tiktok.com/@na_nasgor123/video/7628177588770458901,https://www.tiktok.com/@na_nasgor123/video/7628177588770458901?commentId=7629317249854620424,scraping_tiktok,asheiy.sym43,pelit bgt 😭
7628419437611451156,2026-04-14T01:23:44.000Z,13,https://www.tiktok.com/@na_nasgor123/video/7628177588770458901,https://www.tiktok.com/@na_nasgor123/video/7628177588770458901?commentId=7628419437611451156,scraping_tiktok,oppostoredumai2027,😋😋
7639687126389605128,2026-05-14T10:08:07.000Z,11,https://www.tiktok.com/@na_nasgor123/video/7628177588770458901,https://www.tiktok.com/@na_nasgor123/video/7628177588770458901?commentId=7639687126389605128,scraping_tiktok,niragemoyy0,"harusnya yg motong buah nya itu di apresiasi,karena bisa setipis itu,susah lho itu💜"
7638620650134881031,2026-05-11T13:09:31.000Z,11,https://www.tiktok.com/@na_nasgor123/video/7628177588770458901,https://www.tiktok.com/@na_nasgor123/video/7628177588770458901?commentId=7638620650134881031,scraping_tiktok,orangguediemaja,mitranya ngga amanah 🥲🥺
7629547850087695125,2026-04-17T02:22:40.000Z,7,https://www.tiktok.com/@na_nasgor123/video/7628177588770458901,https://www.tiktok.com/@na_nasgor123/video/7628177588770458901?commentId=7629547850087695125,scraping_tiktok,redgurl_2,mbg hari ini
7628576172516164370,2026-04-14T11:32:00.000Z,11,https://www.tiktok.com/@na_nasgor123/video/7628177588770458901,https://www.tiktok.com/@na_nasgor123/video/7628177588770458901?commentId=7628576172516164370,scraping_tiktok,cutestariess_,terus nanti tulisan kandungan protein 90 gr 😭🙏🏻🙏🏻
7628561118180983572,2026-04-14T10:33:27.000Z,9,https://www.tiktok.com/@na_nasgor123/video/7628177588770458901,https://www.tiktok.com/@na_nasgor123/video/7628177588770458901?commentId=7628561118180983572,scraping_tiktok,lly_fiony,buat geli² lambung doang😔
7629341807310242581,2026-04-16T13:02:54.000Z,5,https://www.tiktok.com/@na_nasgor123/video/7628177588770458901,https://www.tiktok.com/@na_nasgor123/video/7628177588770458901?commentId=7629341807310242581,scraping_tiktok,hyk.hnn,jagungnya sendirian bgt?
7628792056891261716,2026-04-15T01:29:46.000Z,7,https://www.tiktok.com/@na_nasgor123/video/7628177588770458901,https://www.tiktok.com/@na_nasgor123/video/7628177588770458901?commentId=7628792056891261716,scraping_tiktok,na_nasgor123,"nih yg mau kepoin sppgny @sppgsundoluhur#3 , gk bisa di tag wk💜"
7628555665632002832,2026-04-14T10:12:19.000Z,6,https://www.tiktok.com/@na_nasgor123/video/7628177588770458901,https://www.tiktok.com/@na_nasgor123/video/7628177588770458901?commentId=7628555665632002832,scraping_tiktok,snoooppyy41,ikhlas gasih😭
7628212436483785480,2026-04-13T12:00:23.000Z,7,https://www.tiktok.com/@na_nasgor123/video/7628177588770458901,https://www.tiktok.com/@na_nasgor123/video/7628177588770458901?commentId=7628212436483785480,scraping_tiktok,cicuplind,[Sticker] buah naga nya ikut diet kak
7628195070047798034,2026-04-13T10:53:05.000Z,6,https://www.tiktok.com/@na_nasgor123/video/7628177588770458901,https://www.tiktok.com/@na_nasgor123/video/7628177588770458901?commentId=7628195070047798034,scraping_tiktok,afxykl,pasti kakak nya sangat kenyang💜💜
7639391434689544978,2026-05-13T15:00:37.000Z,8,https://www.tiktok.com/@na_nasgor123/video/7628177588770458901,https://www.tiktok.com/@na_nasgor123/video/7628177588770458901?commentId=7639391434689544978,scraping_tiktok,vyinna,ini mah buah naganya yg butuh MBG
7629315201158300432,2026-04-16T11:19:40.000Z,4,https://www.tiktok.com/@na_nasgor123/video/7628177588770458901,https://www.tiktok.com/@na_nasgor123/video/7628177588770458901?commentId=7629315201158300432,scraping_tiktok,hati2dijalan,Embege bella hadid
7628610625413219092,2026-04-14T13:45:33.000Z,3,https://www.tiktok.com/@na_nasgor123/video/7628177588770458901,https://www.tiktok.com/@na_nasgor123/video/7628177588770458901?commentId=7628610625413219092,scraping_tiktok,daisyynp,sangat tidak fantastttttt
7629317917335159559,2026-04-16T11:30:12.000Z,4,https://www.tiktok.com/@na_nasgor123/video/7628177588770458901,https://www.tiktok.com/@na_nasgor123/video/7628177588770458901?commentId=7629317917335159559,scraping_tiktok,zxzila,Tidak fAnTaStttttttssssss
7628616126415864577,2026-04-14T14:06:57.000Z,17,https://www.tiktok.com/@na_nasgor123/video/7628177588770458901,https://www.tiktok.com/@na_nasgor123/video/7628177588770458901?commentId=7628616126415864577,scraping_tiktok,st4rxy_7,gasuka deh yang cungkring cungkring
7629304169815851796,2026-04-16T10:36:55.000Z,5,https://www.tiktok.com/@na_nasgor123/video/7628177588770458901,https://www.tiktok.com/@na_nasgor123/video/7628177588770458901?commentId=7629304169815851796,scraping_tiktok,pleaseletmeinhaseul,menu mbg serasa diet ala trainee💜
7628512692865598228,2026-04-14T07:25:38.000Z,8,https://www.tiktok.com/@na_nasgor123/video/7628177588770458901,https://www.tiktok.com/@na_nasgor123/video/7628177588770458901?commentId=7628512692865598228,scraping_tiktok,asyaimups,geli geli=lambung
7639129705670705941,2026-05-12T22:05:23.000Z,6,https://www.tiktok.com/@na_nasgor123/video/7628177588770458901,https://www.tiktok.com/@na_nasgor123/video/7628177588770458901?commentId=7639129705670705941,scraping_tiktok,coockieess2,teman nya semangka tipis😭
7628609535582946065,2026-04-14T13:41:27.000Z,14,https://www.tiktok.com/@na_nasgor123/video/7628177588770458901,https://www.tiktok.com/@na_nasgor123/video/7628177588770458901?commentId=7628609535582946065,scraping_tiktok,kyuuuss,lah aku dapat buah naga langsung 1 biji😭😭
7628528628846150420,2026-04-14T08:27:23.000Z,18,https://www.tiktok.com/@na_nasgor123/video/7628177588770458901,https://www.tiktok.com/@na_nasgor123/video/7628177588770458901?commentId=7628528628846150420,scraping_tiktok,user252100973,buah naganya tunggu kiris
7639391307358094088,2026-05-13T15:00:05.000Z,5,https://www.tiktok.com/@na_nasgor123/video/7628177588770458901,https://www.tiktok.com/@na_nasgor123/video/7628177588770458901?commentId=7639391307358094088,scraping_tiktok,vyinna,buah naga cungkring
7629299683827122965,2026-04-16T10:19:30.000Z,13,https://www.tiktok.com/@na_nasgor123/video/7628177588770458901,https://www.tiktok.com/@na_nasgor123/video/7628177588770458901?commentId=7629299683827122965,scraping_tiktok,inivieryha,lambung : tadi siapa yang lewat jir
7628614808807686932,2026-04-14T14:01:47.000Z,2,https://www.tiktok.com/@na_nasgor123/video/7628177588770458901,https://www.tiktok.com/@na_nasgor123/video/7628177588770458901?commentId=7628614808807686932,scraping_tiktok,cellaceliww,[Sticker] tidak fantasttttt
7639614761545499400,2026-05-14T05:27:10.000Z,6,https://www.tiktok.com/@na_nasgor123/video/7628177588770458901,https://www.tiktok.com/@na_nasgor123/video/7628177588770458901?commentId=7639614761545499400,scraping_tiktok,cacavacs12,menuku smlm
7629262638953906951,2026-04-16T07:55:41.000Z,10,https://www.tiktok.com/@na_nasgor123/video/7628177588770458901,https://www.tiktok.com/@na_nasgor123/video/7628177588770458901?commentId=7629262638953906951,scraping_tiktok,aziddd5,mbg low bagdet
7639332781620839169,2026-05-13T11:12:58.000Z,4,https://www.tiktok.com/@na_nasgor123/video/7628177588770458901,https://www.tiktok.com/@na_nasgor123/video/7628177588770458901?commentId=7639332781620839169,scraping_tiktok,nymaaazzz,[Sticker] geli geli lambung doang itu ma
7628524148868104976,2026-04-14T08:10:05.000Z,2,https://www.tiktok.com/@na_nasgor123/video/7628177588770458901,https://www.tiktok.com/@na_nasgor123/video/7628177588770458901?commentId=7628524148868104976,scraping_tiktok,eom_seonghyeon24,[Sticker] perut :
7639388372351582994,2026-05-13T14:48:39.000Z,2,https://www.tiktok.com/@na_nasgor123/video/7628177588770458901,https://www.tiktok.com/@na_nasgor123/video/7628177588770458901?commentId=7639388372351582994,scraping_tiktok,seanintrovert,"jujur mau, karena bisa sekalian diet.."
7639428422670385938,2026-05-13T17:24:05.000Z,3,https://www.tiktok.com/@na_nasgor123/video/7628177588770458901,https://www.tiktok.com/@na_nasgor123/video/7628177588770458901?commentId=7639428422670385938,scraping_tiktok,ellhael7,banyakkan juga makanan kucing gua
7638210284259115796,2026-05-10T10:37:08.000Z,2,https://www.tiktok.com/@na_nasgor123/video/7628177588770458901,https://www.tiktok.com/@na_nasgor123/video/7628177588770458901?commentId=7638210284259115796,scraping_tiktok,_itsjayy1,[Sticker] lambung: geli² gmn gituu
7629740925216572178,2026-04-17T14:51:38.000Z,3,https://www.tiktok.com/@na_nasgor123/video/7628177588770458901,https://www.tiktok.com/@na_nasgor123/video/7628177588770458901?commentId=7629740925216572178,scraping_tiktok,shizuhookk,pelit bgt anjir
7628750590424646418,2026-04-14T22:48:51.000Z,3,https://www.tiktok.com/@na_nasgor123/video/7628177588770458901,https://www.tiktok.com/@na_nasgor123/video/7628177588770458901?commentId=7628750590424646418,scraping_tiktok,fattt_100,"[Sticker] bukannya kenyang, malah jajan lagi kekantin"
7628585951171166997,2026-04-14T12:09:50.000Z,7,https://www.tiktok.com/@na_nasgor123/video/7628177588770458901,https://www.tiktok.com/@na_nasgor123/video/7628177588770458901?commentId=7628585951171166997,scraping_tiktok,archistudent._,[Sticker] opo iki
7628548453845402376,2026-04-14T09:44:20.000Z,9,https://www.tiktok.com/@na_nasgor123/video/7628177588770458901,https://www.tiktok.com/@na_nasgor123/video/7628177588770458901?commentId=7628548453845402376,scraping_tiktok,itzme._.qixloreee,lambung:ala keri keri~
7628608417263764245,2026-04-14T13:37:01.000Z,6,https://www.tiktok.com/@na_nasgor123/video/7628177588770458901,https://www.tiktok.com/@na_nasgor123/video/7628177588770458901?commentId=7628608417263764245,scraping_tiktok,amora._80,[Sticker] murid:no no ya
7628538940698215175,2026-04-14T09:07:23.000Z,5,https://www.tiktok.com/@na_nasgor123/video/7628177588770458901,https://www.tiktok.com/@na_nasgor123/video/7628177588770458901?commentId=7628538940698215175,scraping_tiktok,sukamatcaaaa6,"lambung:geli"" doang"
7628533617169597192,2026-04-14T08:46:43.000Z,7,https://www.tiktok.com/@na_nasgor123/video/7628177588770458901,https://www.tiktok.com/@na_nasgor123/video/7628177588770458901?commentId=7628533617169597192,scraping_tiktok,elmoowsh_,buah naga tunggu kiris
7628570309541856021,2026-04-14T11:09:14.000Z,7,https://www.tiktok.com/@na_nasgor123/video/7628177588770458901,https://www.tiktok.com/@na_nasgor123/video/7628177588770458901?commentId=7628570309541856021,scraping_tiktok,ramstar_evvan,[Sticker] murid be like:
7628644807213040402,2026-04-14T15:58:10.000Z,7,https://www.tiktok.com/@na_nasgor123/video/7628177588770458901,https://www.tiktok.com/@na_nasgor123/video/7628177588770458901?commentId=7628644807213040402,scraping_tiktok,oyelily,pelit bgt satt
7628603218951602945,2026-04-14T13:16:44.000Z,7,https://www.tiktok.com/@na_nasgor123/video/7628177588770458901,https://www.tiktok.com/@na_nasgor123/video/7628177588770458901?commentId=7628603218951602945,scraping_tiktok,esill.zzh,[Sticker] [stiker] kakanya pas liat isi omprengnya
7629337402235224850,2026-04-16T12:45:53.000Z,7,https://www.tiktok.com/@na_nasgor123/video/7628177588770458901,https://www.tiktok.com/@na_nasgor123/video/7628177588770458901?commentId=7629337402235224850,scraping_tiktok,selinaawws,"kak, kamu trainee sm kah?"
7628584528538747665,2026-04-14T12:04:29.000Z,6,https://www.tiktok.com/@na_nasgor123/video/7628177588770458901,https://www.tiktok.com/@na_nasgor123/video/7628177588770458901?commentId=7628584528538747665,scraping_tiktok,vvyiieern,geli geli lambung
7628524073483518728,2026-04-14T08:09:39.000Z,5,https://www.tiktok.com/@na_nasgor123/video/7628177588770458901,https://www.tiktok.com/@na_nasgor123/video/7628177588770458901?commentId=7628524073483518728,scraping_tiktok,al3xxangelinn_aunsi0,TIPIS BGT ANJIR BUAH NAGA NY 😭
7628498058658071316,2026-04-14T06:28:47.000Z,5,https://www.tiktok.com/@na_nasgor123/video/7628177588770458901,https://www.tiktok.com/@na_nasgor123/video/7628177588770458901?commentId=7628498058658071316,scraping_tiktok,jjanev_,ramping bener tu buah naga 😭
7628562605967885064,2026-04-14T10:39:13.000Z,5,https://www.tiktok.com/@na_nasgor123/video/7628177588770458901,https://www.tiktok.com/@na_nasgor123/video/7628177588770458901?commentId=7628562605967885064,scraping_tiktok,berypieeee,buah naganya slim bgtt 😭
7629321667407921940,2026-04-16T11:44:50.000Z,6,https://www.tiktok.com/@na_nasgor123/video/7628177588770458901,https://www.tiktok.com/@na_nasgor123/video/7628177588770458901?commentId=7629321667407921940,scraping_tiktok,sun_zhazha11,dikit bgt co
7628569050301514516,2026-04-14T11:04:11.000Z,7,https://www.tiktok.com/@na_nasgor123/video/7628177588770458901,https://www.tiktok.com/@na_nasgor123/video/7628177588770458901?commentId=7628569050301514516,scraping_tiktok,cefik_hinghong,itu mah buat ngotorin gigi doang😭
7628596210802950932,2026-04-14T12:49:39.000Z,7,https://www.tiktok.com/@na_nasgor123/video/7628177588770458901,https://www.tiktok.com/@na_nasgor123/video/7628177588770458901?commentId=7628596210802950932,scraping_tiktok,ainisukadurian333,kayak makanan penjara
7629992831402574610,2026-04-18T07:09:12.000Z,7,https://www.tiktok.com/@na_nasgor123/video/7628177588770458901,https://www.tiktok.com/@na_nasgor123/video/7628177588770458901?commentId=7629992831402574610,scraping_tiktok,rvyoungiee,"itu 1buah, buah naga dibagi berapa anjir"
7628533584093053697,2026-04-14T08:46:40.000Z,7,https://www.tiktok.com/@na_nasgor123/video/7628177588770458901,https://www.tiktok.com/@na_nasgor123/video/7628177588770458901?commentId=7628533584093053697,scraping_tiktok,ccheesecath,APASIH LUCU BNGT 😭
7628565019743240980,2026-04-14T10:48:36.000Z,5,https://www.tiktok.com/@na_nasgor123/video/7628177588770458901,https://www.tiktok.com/@na_nasgor123/video/7628177588770458901?commentId=7628565019743240980,scraping_tiktok,nnnnnaiiilull,alhamdulilla
7629315879943160583,2026-04-16T11:22:19.000Z,7,https://www.tiktok.com/@na_nasgor123/video/7628177588770458901,https://www.tiktok.com/@na_nasgor123/video/7628177588770458901?commentId=7629315879943160583,scraping_tiktok,kcream_y,buah naganya cungkring bgt😭
7628501513753035527,2026-04-14T06:44:37.000Z,8,https://www.tiktok.com/@na_nasgor123/video/7628177588770458901,https://www.tiktok.com/@na_nasgor123/video/7628177588770458901?commentId=7628501513753035527,scraping_tiktok,nauralatifahrn_,mbg diet friendly 💜💜💜💜💜💜
7628196765883286293,2026-04-13T10:59:33.000Z,14,https://www.tiktok.com/@na_nasgor123/video/7628177588770458901,https://www.tiktok.com/@na_nasgor123/video/7628177588770458901?commentId=7628196765883286293,scraping_tiktok,fallfairy.lot,diet IU ini mah😭😭
7628463656967586568,2026-04-14T04:15:15.000Z,8,https://www.tiktok.com/@na_nasgor123/video/7628177588770458901,https://www.tiktok.com/@na_nasgor123/video/7628177588770458901?commentId=7628463656967586568,scraping_tiktok,c8hryn,buah naganya body goals banget
7629989137390568200,2026-04-18T06:54:51.000Z,6,https://www.tiktok.com/@na_nasgor123/video/7628177588770458901,https://www.tiktok.com/@na_nasgor123/video/7628177588770458901?commentId=7629989137390568200,scraping_tiktok,ptryxc1,menu geli geli lambung
7628623222510502674,2026-04-14T14:34:27.000Z,11,https://www.tiktok.com/@na_nasgor123/video/7628177588770458901,https://www.tiktok.com/@na_nasgor123/video/7628177588770458901?commentId=7628623222510502674,scraping_tiktok,bbrinnaa_,sgt colorful 🥰
7629347893375894290,2026-04-16T13:26:33.000Z,11,https://www.tiktok.com/@na_nasgor123/video/7628177588770458901,https://www.tiktok.com/@na_nasgor123/video/7628177588770458901?commentId=7629347893375894290,scraping_tiktok,eaneanean111,porsi gultik
7628580938612130578,2026-04-14T11:50:20.000Z,12,https://www.tiktok.com/@na_nasgor123/video/7628177588770458901,https://www.tiktok.com/@na_nasgor123/video/7628177588770458901?commentId=7628580938612130578,scraping_tiktok,rizkece.cui,makananya aj kurang gizi😭😭
7628598533817549575,2026-04-14T12:58:32.000Z,8,https://www.tiktok.com/@na_nasgor123/video/7628177588770458901,https://www.tiktok.com/@na_nasgor123/video/7628177588770458901?commentId=7628598533817549575,scraping_tiktok,lli0vzk,[Sticker] i-itu kayakk nya sisaan dehh
7628541702131876629,2026-04-14T09:18:14.000Z,10,https://www.tiktok.com/@na_nasgor123/video/7628177588770458901,https://www.tiktok.com/@na_nasgor123/video/7628177588770458901?commentId=7628541702131876629,scraping_tiktok,ayaa_nyy16,buah naganya cungkring bgt😭😭
7629956684724028168,2026-04-18T04:49:02.000Z,6,https://www.tiktok.com/@na_nasgor123/video/7628177588770458901,https://www.tiktok.com/@na_nasgor123/video/7628177588770458901?commentId=7629956684724028168,scraping_tiktok,eslilin.goreng,sppg nya tidak fantasS
7629655397108466453,2026-04-17T09:19:51.000Z,8,https://www.tiktok.com/@na_nasgor123/video/7628177588770458901,https://www.tiktok.com/@na_nasgor123/video/7628177588770458901?commentId=7629655397108466453,scraping_tiktok,maya_imuffp0,lambung: geli geli gimana gitu
7628575552773718800,2026-04-14T11:29:38.000Z,12,https://www.tiktok.com/@na_nasgor123/video/7628177588770458901,https://www.tiktok.com/@na_nasgor123/video/7628177588770458901?commentId=7628575552773718800,scraping_tiktok,bublleebyy,lambung : geli-geli gimana gitu
7628600295836418837,2026-04-14T13:05:25.000Z,8,https://www.tiktok.com/@na_nasgor123/video/7628177588770458901,https://www.tiktok.com/@na_nasgor123/video/7628177588770458901?commentId=7628600295836418837,scraping_tiktok,rabbitszky,diet if ❤️
7629729454869398280,2026-04-17T14:07:13.000Z,3,https://www.tiktok.com/@na_nasgor123/video/7628177588770458901,https://www.tiktok.com/@na_nasgor123/video/7628177588770458901?commentId=7629729454869398280,scraping_tiktok,nana_ruok3,gakuat sama komentar nya😭😭😭
7629625302876619521,2026-04-17T07:23:03.000Z,4,https://www.tiktok.com/@na_nasgor123/video/7628177588770458901,https://www.tiktok.com/@na_nasgor123/video/7628177588770458901?commentId=7629625302876619521,scraping_tiktok,hengker_333,kenyang sejam doang itu
7630299734537323282,2026-04-19T03:00:10.000Z,4,https://www.tiktok.com/@na_nasgor123/video/7628177588770458901,https://www.tiktok.com/@na_nasgor123/video/7628177588770458901?commentId=7630299734537323282,scraping_tiktok,ilove.acigamespot,lambung:TIDAK FANTAST
7639382975877071636,2026-05-13T14:27:53.000Z,4,https://www.tiktok.com/@na_nasgor123/video/7628177588770458901,https://www.tiktok.com/@na_nasgor123/video/7628177588770458901?commentId=7639382975877071636,scraping_tiktok,neona4951,tebak anggarannya di apain
7634405292922995472,2026-04-30T04:31:53.000Z,4,https://www.tiktok.com/@na_nasgor123/video/7628177588770458901,https://www.tiktok.com/@na_nasgor123/video/7628177588770458901?commentId=7634405292922995472,scraping_tiktok,auliya_.0_,[Sticker] perasaan murid ketika buka ompreng :
7639324616813527829,2026-05-13T10:41:28.000Z,3,https://www.tiktok.com/@na_nasgor123/video/7628177588770458901,https://www.tiktok.com/@na_nasgor123/video/7628177588770458901?commentId=7639324616813527829,scraping_tiktok,sayankjeno,menu diet
7628457268752958209,2026-04-14T03:50:31.000Z,3,https://www.tiktok.com/@na_nasgor123/video/7628177588770458901,https://www.tiktok.com/@na_nasgor123/video/7628177588770458901?commentId=7628457268752958209,scraping_tiktok,ggugu_gaga,[Sticker] yang makan
7628583148518982408,2026-04-14T11:58:51.000Z,9,https://www.tiktok.com/@na_nasgor123/video/7628177588770458901,https://www.tiktok.com/@na_nasgor123/video/7628177588770458901?commentId=7628583148518982408,scraping_tiktok,nakochy,"mbg:sudah pas
yang dpt:tidak fantasst"
7629316757009761044,2026-04-16T11:25:41.000Z,9,https://www.tiktok.com/@na_nasgor123/video/7628177588770458901,https://www.tiktok.com/@na_nasgor123/video/7628177588770458901?commentId=7629316757009761044,scraping_tiktok,n115__,balita bisa nambah 10 ompreng itu mah
7628565040233628436,2026-04-14T10:48:49.000Z,9,https://www.tiktok.com/@na_nasgor123/video/7628177588770458901,https://www.tiktok.com/@na_nasgor123/video/7628177588770458901?commentId=7628565040233628436,scraping_tiktok,shaf_f1ira,oke lah ya
7628652786134500103,2026-04-14T16:29:09.000Z,6,https://www.tiktok.com/@na_nasgor123/video/7628177588770458901,https://www.tiktok.com/@na_nasgor123/video/7628177588770458901?commentId=7628652786134500103,scraping_tiktok,jay.enhypen1,[Sticker] lambung:geli geli gitu rasa nya😋
7628436335804416786,2026-04-14T02:29:19.000Z,6,https://www.tiktok.com/@na_nasgor123/video/7628177588770458901,https://www.tiktok.com/@na_nasgor123/video/7628177588770458901?commentId=7628436335804416786,scraping_tiktok,chicken.banananaaa,buah naga 2 dimensi😭
7628586602299147016,2026-04-14T12:12:27.000Z,7,https://www.tiktok.com/@na_nasgor123/video/7628177588770458901,https://www.tiktok.com/@na_nasgor123/video/7628177588770458901?commentId=7628586602299147016,scraping_tiktok,lame_dude2,PELIT BGT ANJIR OAKWOAKSKAK😭😭
7632142684165292816,2026-04-24T02:11:47.000Z,5,https://www.tiktok.com/@na_nasgor123/video/7628177588770458901,https://www.tiktok.com/@na_nasgor123/video/7628177588770458901?commentId=7632142684165292816,scraping_tiktok,pavelii1313,[Sticker] mungkin porsi makan kucingku lebih banyak dari itu😭
7639733051565228808,2026-05-14T13:06:14.000Z,4,https://www.tiktok.com/@na_nasgor123/video/7628177588770458901,https://www.tiktok.com/@na_nasgor123/video/7628177588770458901?commentId=7639733051565228808,scraping_tiktok,ni0la4_0,buah naga ny kurang gizii😭😭
7629334935048962837,2026-04-16T12:36:20.000Z,3,https://www.tiktok.com/@na_nasgor123/video/7628177588770458901,https://www.tiktok.com/@na_nasgor123/video/7628177588770458901?commentId=7629334935048962837,scraping_tiktok,blairwoodkisses,semangkanya gede bgt btw
7637462996004586261,2026-05-08T10:17:21.000Z,4,https://www.tiktok.com/@na_nasgor123/video/7628177588770458901,https://www.tiktok.com/@na_nasgor123/video/7628177588770458901?commentId=7637462996004586261,scraping_tiktok,siiillllll69,sedangkan mbg gue 🍳🍗🍳🍗🍳🍗🍳🍗😏😳
7628490201812566792,2026-04-14T05:58:18.000Z,3,https://www.tiktok.com/@na_nasgor123/video/7628177588770458901,https://www.tiktok.com/@na_nasgor123/video/7628177588770458901?commentId=7628490201812566792,scraping_tiktok,exlena6,[Sticker] lihat buah naga nya seitil bget
7628277756522251009,2026-04-13T16:13:52.000Z,4,https://www.tiktok.com/@na_nasgor123/video/7628177588770458901,https://www.tiktok.com/@na_nasgor123/video/7628177588770458901?commentId=7628277756522251009,scraping_tiktok,disya.fanis,langsung fyp zal😭
7634017848403100434,2026-04-29T03:28:23.000Z,2,https://www.tiktok.com/@na_nasgor123/video/7628177588770458901,https://www.tiktok.com/@na_nasgor123/video/7628177588770458901?commentId=7634017848403100434,scraping_tiktok,www.yayan1,mbg aku hari ini. gak tau untuk bumil atau anakku
7635601456225125140,2026-05-03T09:53:33.000Z,2,https://www.tiktok.com/@na_nasgor123/video/7628177588770458901,https://www.tiktok.com/@na_nasgor123/video/7628177588770458901?commentId=7635601456225125140,scraping_tiktok,pororooo_778,Bikin geli² lambung doanggg😭😭
7629677498007913224,2026-04-17T10:45:37.000Z,2,https://www.tiktok.com/@na_nasgor123/video/7628177588770458901,https://www.tiktok.com/@na_nasgor123/video/7628177588770458901?commentId=7629677498007913224,scraping_tiktok,vrrlllii,lambung : keri keri
7639339852563923730,2026-05-13T11:40:28.000Z,2,https://www.tiktok.com/@na_nasgor123/video/7628177588770458901,https://www.tiktok.com/@na_nasgor123/video/7628177588770458901?commentId=7639339852563923730,scraping_tiktok,iwishkldyaskak,punyaku malah banyak bgt😭
7639605564025078535,2026-05-14T04:51:33.000Z,4,https://www.tiktok.com/@na_nasgor123/video/7628177588770458901,https://www.tiktok.com/@na_nasgor123/video/7628177588770458901?commentId=7639605564025078535,scraping_tiktok,apiix_s,kurus krempeng banget buah naganya😭
7628658072923570965,2026-04-14T16:51:02.000Z,3,https://www.tiktok.com/@na_nasgor123/video/7628177588770458901,https://www.tiktok.com/@na_nasgor123/video/7628177588770458901?commentId=7628658072923570965,scraping_tiktok,h2h.lovers_damn,"buah naga : langsing amat gua nya
lambung : tadi ap yang lewat ?"
7635153001846178568,2026-05-02T04:53:19.000Z,3,https://www.tiktok.com/@na_nasgor123/video/7628177588770458901,https://www.tiktok.com/@na_nasgor123/video/7628177588770458901?commentId=7635153001846178568,scraping_tiktok,fucking.kissy,tanggal tua didepan mata
7629366825062499092,2026-04-16T14:39:56.000Z,2,https://www.tiktok.com/@na_nasgor123/video/7628177588770458901,https://www.tiktok.com/@na_nasgor123/video/7628177588770458901?commentId=7629366825062499092,scraping_tiktok,yan_ngangngeng,[Sticker] buah naga nya
7639716372420625172,2026-05-14T12:01:31.000Z,2,https://www.tiktok.com/@na_nasgor123/video/7628177588770458901,https://www.tiktok.com/@na_nasgor123/video/7628177588770458901?commentId=7639716372420625172,scraping_tiktok,im.stranger.0,kurus banget tu buah
7639703947220976392,2026-05-14T11:13:15.000Z,3,https://www.tiktok.com/@na_nasgor123/video/7628177588770458901,https://www.tiktok.com/@na_nasgor123/video/7628177588770458901?commentId=7639703947220976392,scraping_tiktok,rinnnnn_229,[Sticker] gw yg ga terima
7628598386731549448,2026-04-14T12:57:59.000Z,9,https://www.tiktok.com/@na_nasgor123/video/7628177588770458901,https://www.tiktok.com/@na_nasgor123/video/7628177588770458901?commentId=7628598386731549448,scraping_tiktok,seirenn369,menu diet aja buah naga nya cukup tebal. itu Uda ada karbo dari nasi kok ada jagung lagi? itu yang bawah kiri ayam apa sayur? kok berminyak + berlemak😭?
7629325219883680530,2026-04-16T11:58:37.000Z,7,https://www.tiktok.com/@na_nasgor123/video/7628177588770458901,https://www.tiktok.com/@na_nasgor123/video/7628177588770458901?commentId=7629325219883680530,scraping_tiktok,ayisyaayyyy,buah naga nya kerempeng bngt pls
7628568791835804423,2026-04-14T11:03:08.000Z,9,https://www.tiktok.com/@na_nasgor123/video/7628177588770458901,https://www.tiktok.com/@na_nasgor123/video/7628177588770458901?commentId=7628568791835804423,scraping_tiktok,_bybaaa,buah naga nya kurang gizi kayanya😭
7628613739118527240,2026-04-14T13:57:38.000Z,7,https://www.tiktok.com/@na_nasgor123/video/7628177588770458901,https://www.tiktok.com/@na_nasgor123/video/7628177588770458901?commentId=7628613739118527240,scraping_tiktok,aninanakkesayanganmama,[Sticker] grepeng gitu yah? 😭
7628612891252179730,2026-04-14T13:54:19.000Z,7,https://www.tiktok.com/@na_nasgor123/video/7628177588770458901,https://www.tiktok.com/@na_nasgor123/video/7628177588770458901?commentId=7628612891252179730,scraping_tiktok,sharimibeww7,"[Sticker] org yg sngja ga jajan, nahan laper demi hemat dan mengandalkn mbg"
7628617467401192193,2026-04-14T14:12:04.000Z,6,https://www.tiktok.com/@na_nasgor123/video/7628177588770458901,https://www.tiktok.com/@na_nasgor123/video/7628177588770458901?commentId=7628617467401192193,scraping_tiktok,benn_blablablaa,itu buah apa ka ko ceking bgtt?
7628484223369052936,2026-04-14T05:35:08.000Z,5,https://www.tiktok.com/@na_nasgor123/video/7628177588770458901,https://www.tiktok.com/@na_nasgor123/video/7628177588770458901?commentId=7628484223369052936,scraping_tiktok,taksogok_taksogok4,"lambung: apa tadi yang lewat, itu tadi makan apa angin 😭😭"
7628447189300429589,2026-04-14T03:11:31.000Z,6,https://www.tiktok.com/@na_nasgor123/video/7628177588770458901,https://www.tiktok.com/@na_nasgor123/video/7628177588770458901?commentId=7628447189300429589,scraping_tiktok,khaiii568,kek makanan penjara
7628590029905806100,2026-04-14T12:25:44.000Z,6,https://www.tiktok.com/@na_nasgor123/video/7628177588770458901,https://www.tiktok.com/@na_nasgor123/video/7628177588770458901?commentId=7628590029905806100,scraping_tiktok,rifaishcake,buah naganya diet brpa taon tuh
7628598980055155464,2026-04-14T13:00:24.000Z,7,https://www.tiktok.com/@na_nasgor123/video/7628177588770458901,https://www.tiktok.com/@na_nasgor123/video/7628177588770458901?commentId=7628598980055155464,scraping_tiktok,ga.ada.nama1211,nasinya dikit banget di tempat ku banyak bangt😭
7629257970509939473,2026-04-16T07:37:51.000Z,7,https://www.tiktok.com/@na_nasgor123/video/7628177588770458901,https://www.tiktok.com/@na_nasgor123/video/7628177588770458901?commentId=7629257970509939473,scraping_tiktok,lya.ch4n,yg keliatan cuma jagung😭
7628578619480539925,2026-04-14T11:41:22.000Z,6,https://www.tiktok.com/@na_nasgor123/video/7628177588770458901,https://www.tiktok.com/@na_nasgor123/video/7628177588770458901?commentId=7628578619480539925,scraping_tiktok,elbabywear,makan mbg sendiri 🥰
7628577310477026055,2026-04-14T11:36:24.000Z,5,https://www.tiktok.com/@na_nasgor123/video/7628177588770458901,https://www.tiktok.com/@na_nasgor123/video/7628177588770458901?commentId=7628577310477026055,scraping_tiktok,embegepakbowo9,[Sticker] yg bikin mbg nya:
7628582596449338132,2026-04-14T11:56:55.000Z,6,https://www.tiktok.com/@na_nasgor123/video/7628177588770458901,https://www.tiktok.com/@na_nasgor123/video/7628177588770458901?commentId=7628582596449338132,scraping_tiktok,arachewycookie,sekelas isi nya super model semua
7628615682275509012,2026-04-14T14:05:08.000Z,5,https://www.tiktok.com/@na_nasgor123/video/7628177588770458901,https://www.tiktok.com/@na_nasgor123/video/7628177588770458901?commentId=7628615682275509012,scraping_tiktok,nziinn_mllrdiksa,buah naga nya body goals
7628568178012783381,2026-04-14T11:00:53.000Z,6,https://www.tiktok.com/@na_nasgor123/video/7628177588770458901,https://www.tiktok.com/@na_nasgor123/video/7628177588770458901?commentId=7628568178012783381,scraping_tiktok,m0onlyinangel,brutal bgt porsi nya kak
7628495371707597575,2026-04-14T06:18:28.000Z,6,https://www.tiktok.com/@na_nasgor123/video/7628177588770458901,https://www.tiktok.com/@na_nasgor123/video/7628177588770458901?commentId=7628495371707597575,scraping_tiktok,anakmiloww,itu sppgnya nyuruh kalian diet😭😭😭
7628652586628088593,2026-04-14T16:28:23.000Z,6,https://www.tiktok.com/@na_nasgor123/video/7628177588770458901,https://www.tiktok.com/@na_nasgor123/video/7628177588770458901?commentId=7628652586628088593,scraping_tiktok,swyieasf,itu buah naga atau perahu kertas?
7628603011099034385,2026-04-14T13:15:58.000Z,5,https://www.tiktok.com/@na_nasgor123/video/7628177588770458901,https://www.tiktok.com/@na_nasgor123/video/7628177588770458901?commentId=7628603011099034385,scraping_tiktok,just_sal32,makanan seukuran kucing itu mah
7628537397798208276,2026-04-14T09:01:31.000Z,5,https://www.tiktok.com/@na_nasgor123/video/7628177588770458901,https://www.tiktok.com/@na_nasgor123/video/7628177588770458901?commentId=7628537397798208276,scraping_tiktok,clvn_4.1,ngotorin karang gigi doang💜
7628588760901485319,2026-04-14T12:20:42.000Z,5,https://www.tiktok.com/@na_nasgor123/video/7628177588770458901,https://www.tiktok.com/@na_nasgor123/video/7628177588770458901?commentId=7628588760901485319,scraping_tiktok,naalvrrrr_,itu beneran segitu? 😭
7628621381567562512,2026-04-14T14:27:15.000Z,5,https://www.tiktok.com/@na_nasgor123/video/7628177588770458901,https://www.tiktok.com/@na_nasgor123/video/7628177588770458901?commentId=7628621381567562512,scraping_tiktok,sntaly_,sama soptek pun masih tebelan soptek dari pada buah naga nya 😭
7630098759875265297,2026-04-18T14:00:13.000Z,2,https://www.tiktok.com/@na_nasgor123/video/7628177588770458901,https://www.tiktok.com/@na_nasgor123/video/7628177588770458901?commentId=7630098759875265297,scraping_tiktok,user28232986132,tipisnya dompetku ternyata tak setipis potongan buah naga itu
7629725343935251221,2026-04-17T13:51:17.000Z,2,https://www.tiktok.com/@na_nasgor123/video/7628177588770458901,https://www.tiktok.com/@na_nasgor123/video/7628177588770458901?commentId=7629725343935251221,scraping_tiktok,mama_safira0,bantu folow dong nanti di folback😅
7628719187041141512,2026-04-14T20:46:56.000Z,2,https://www.tiktok.com/@na_nasgor123/video/7628177588770458901,https://www.tiktok.com/@na_nasgor123/video/7628177588770458901?commentId=7628719187041141512,scraping_tiktok,acelsukayeping,sahuapeun
7639748435722076949,2026-05-14T14:06:02.000Z,1,https://www.tiktok.com/@na_nasgor123/video/7628177588770458901,https://www.tiktok.com/@na_nasgor123/video/7628177588770458901?commentId=7639748435722076949,scraping_tiktok,missrtsuppk,itu serius mbg nya kayak gitu?
7636438331971371797,2026-05-05T16:01:08.000Z,2,https://www.tiktok.com/@na_nasgor123/video/7628177588770458901,https://www.tiktok.com/@na_nasgor123/video/7628177588770458901?commentId=7636438331971371797,scraping_tiktok,chi3_wy,[Sticker] lambung: geli geli gimana gitu
7638976912228401936,2026-05-12T12:12:03.000Z,3,https://www.tiktok.com/@na_nasgor123/video/7628177588770458901,https://www.tiktok.com/@na_nasgor123/video/7628177588770458901?commentId=7638976912228401936,scraping_tiktok,moonreivyaa_,"yg lagi diet aj menu ny uenak, lah ini.."
7638104928368165648,2026-05-10T03:48:36.000Z,2,https://www.tiktok.com/@na_nasgor123/video/7628177588770458901,https://www.tiktok.com/@na_nasgor123/video/7628177588770458901?commentId=7638104928368165648,scraping_tiktok,fea_ahahaha,"[Sticker] MBG APAAN ITU , BUAH NAGA KURANG GIZI💔😍💜"
7628632349794550536,2026-04-14T15:09:50.000Z,4,https://www.tiktok.com/@na_nasgor123/video/7628177588770458901,https://www.tiktok.com/@na_nasgor123/video/7628177588770458901?commentId=7628632349794550536,scraping_tiktok,hey_itschrist,[Sticker] geli di lambung
7639701172156564231,2026-05-14T11:02:31.000Z,3,https://www.tiktok.com/@na_nasgor123/video/7628177588770458901,https://www.tiktok.com/@na_nasgor123/video/7628177588770458901?commentId=7639701172156564231,scraping_tiktok,cinnamo0roll_,ini cuma ngegelitikin lambung aja jir 🥰
7633090446017872656,2026-04-26T15:29:33.000Z,3,https://www.tiktok.com/@na_nasgor123/video/7628177588770458901,https://www.tiktok.com/@na_nasgor123/video/7628177588770458901?commentId=7633090446017872656,scraping_tiktok,irawan._co,[Sticker] reaksi petugas mbgnya yg tau masakannya di viralin
7629720316776530709,2026-04-17T13:31:47.000Z,2,https://www.tiktok.com/@na_nasgor123/video/7628177588770458901,https://www.tiktok.com/@na_nasgor123/video/7628177588770458901?commentId=7629720316776530709,scraping_tiktok,d.dysftr,tipis amat itu buah naga😭
7639798778576503560,2026-05-14T17:21:14.000Z,2,https://www.tiktok.com/@na_nasgor123/video/7628177588770458901,https://www.tiktok.com/@na_nasgor123/video/7628177588770458901?commentId=7639798778576503560,scraping_tiktok,its.strauberries,nahann ketawaa tengah MLM anj 😭😭
7628595444348846868,2026-04-14T12:46:45.000Z,2,https://www.tiktok.com/@na_nasgor123/video/7628177588770458901,https://www.tiktok.com/@na_nasgor123/video/7628177588770458901?commentId=7628595444348846868,scraping_tiktok,mutiawon,[Sticker] gakuat liat buah naga nya😭😭
7630830322007261973,2026-04-20T13:19:05.000Z,5,https://www.tiktok.com/@na_nasgor123/video/7628177588770458901,https://www.tiktok.com/@na_nasgor123/video/7628177588770458901?commentId=7630830322007261973,scraping_tiktok,nanonano_me,berapa gizi nya anjir😭
7629347033387729671,2026-04-16T13:23:07.000Z,5,https://www.tiktok.com/@na_nasgor123/video/7628177588770458901,https://www.tiktok.com/@na_nasgor123/video/7628177588770458901?commentId=7629347033387729671,scraping_tiktok,firdausain03,bahkan biji buah naga bisa dihitung jari😭🙏🏻
7629331455596086036,2026-04-16T12:22:48.000Z,5,https://www.tiktok.com/@na_nasgor123/video/7628177588770458901,https://www.tiktok.com/@na_nasgor123/video/7628177588770458901?commentId=7629331455596086036,scraping_tiktok,alvaroo0_34,komen pertama gakuat sumpah😭😭
7628614672187097864,2026-04-14T14:01:17.000Z,5,https://www.tiktok.com/@na_nasgor123/video/7628177588770458901,https://www.tiktok.com/@na_nasgor123/video/7628177588770458901?commentId=7628614672187097864,scraping_tiktok,user3486581849,ceritanya diet if 🥰🥰🥰
7628610714072941320,2026-04-14T13:45:53.000Z,5,https://www.tiktok.com/@na_nasgor123/video/7628177588770458901,https://www.tiktok.com/@na_nasgor123/video/7628177588770458901?commentId=7628610714072941320,scraping_tiktok,vani_ta25,buah naganya setipis kesabaran 😭ku😭😭
7628591641285460743,2026-04-14T12:31:55.000Z,5,https://www.tiktok.com/@na_nasgor123/video/7628177588770458901,https://www.tiktok.com/@na_nasgor123/video/7628177588770458901?commentId=7628591641285460743,scraping_tiktok,basrengkkk,diet pro max💜
7628581781637186325,2026-04-14T11:53:35.000Z,5,https://www.tiktok.com/@na_nasgor123/video/7628177588770458901,https://www.tiktok.com/@na_nasgor123/video/7628177588770458901?commentId=7628581781637186325,scraping_tiktok,syliz4_,"Awoakwok, pas kali lgi makan buah naga"
7628577056271368976,2026-04-14T11:35:12.000Z,5,https://www.tiktok.com/@na_nasgor123/video/7628177588770458901,https://www.tiktok.com/@na_nasgor123/video/7628177588770458901?commentId=7628577056271368976,scraping_tiktok,ila3925,lambung: geli geli gimana gitu
7628551907452109589,2026-04-14T09:57:48.000Z,5,https://www.tiktok.com/@na_nasgor123/video/7628177588770458901,https://www.tiktok.com/@na_nasgor123/video/7628177588770458901?commentId=7628551907452109589,scraping_tiktok,titayaa21,menu diett🥰
7628618479324054293,2026-04-14T14:16:07.000Z,5,https://www.tiktok.com/@na_nasgor123/video/7628177588770458901,https://www.tiktok.com/@na_nasgor123/video/7628177588770458901?commentId=7628618479324054293,scraping_tiktok,anggadika.k3,[Sticker] memakanpun tak sudii
7629331831087039239,2026-04-16T12:24:10.000Z,3,https://www.tiktok.com/@na_nasgor123/video/7628177588770458901,https://www.tiktok.com/@na_nasgor123/video/7628177588770458901?commentId=7629331831087039239,scraping_tiktok,kingmoskovorargus,kerupuk kek nya lebih kenyang
7629309062203671316,2026-04-16T10:55:59.000Z,3,https://www.tiktok.com/@na_nasgor123/video/7628177588770458901,https://www.tiktok.com/@na_nasgor123/video/7628177588770458901?commentId=7629309062203671316,scraping_tiktok,siapa_ya.61,"PELIT BANGET ANJIRRR, MBG GW AJA GA SEDIKIT ITU😭😭"
7629347770068108050,2026-04-16T13:26:01.000Z,2,https://www.tiktok.com/@na_nasgor123/video/7628177588770458901,https://www.tiktok.com/@na_nasgor123/video/7628177588770458901?commentId=7629347770068108050,scraping_tiktok,insight.toys,Semangka nya kurus bangettt
7639633540003627797,2026-05-14T06:40:22.000Z,2,https://www.tiktok.com/@na_nasgor123/video/7628177588770458901,https://www.tiktok.com/@na_nasgor123/video/7628177588770458901?commentId=7639633540003627797,scraping_tiktok,mchlattte,pelit bgt😭😭
7639328148685423377,2026-05-13T10:55:01.000Z,2,https://www.tiktok.com/@na_nasgor123/video/7628177588770458901,https://www.tiktok.com/@na_nasgor123/video/7628177588770458901?commentId=7639328148685423377,scraping_tiktok,naaa_439a,buah naganya diet yg makan harus diet juga
7634813039464776464,2026-05-01T06:54:07.000Z,4,https://www.tiktok.com/@na_nasgor123/video/7628177588770458901,https://www.tiktok.com/@na_nasgor123/video/7628177588770458901?commentId=7634813039464776464,scraping_tiktok,okta_via155,meskipun habis 5 ompreng gaakan kenyang anjir👽
7630039824884761352,2026-04-18T10:11:36.000Z,2,https://www.tiktok.com/@na_nasgor123/video/7628177588770458901,https://www.tiktok.com/@na_nasgor123/video/7628177588770458901?commentId=7630039824884761352,scraping_tiktok,super_superman0,[Sticker] yang porsi biasa aja gw gak cukup
7629352861667967751,2026-04-16T13:45:48.000Z,4,https://www.tiktok.com/@na_nasgor123/video/7628177588770458901,https://www.tiktok.com/@na_nasgor123/video/7628177588770458901?commentId=7629352861667967751,scraping_tiktok,rizzrawwr,buah naganya ikut diet😭🥰🫶
7628566991599649557,2026-04-14T10:56:20.000Z,4,https://www.tiktok.com/@na_nasgor123/video/7628177588770458901,https://www.tiktok.com/@na_nasgor123/video/7628177588770458901?commentId=7628566991599649557,scraping_tiktok,ms.emms2,ini berapa ribu njirr😂😂😂
7631474232068850439,2026-04-22T06:57:48.000Z,2,https://www.tiktok.com/@na_nasgor123/video/7628177588770458901,https://www.tiktok.com/@na_nasgor123/video/7628177588770458901?commentId=7631474232068850439,scraping_tiktok,mupyy_.im0outt,
7628587148531778325,2026-04-14T12:14:37.000Z,3,https://www.tiktok.com/@na_nasgor123/video/7628177588770458901,https://www.tiktok.com/@na_nasgor123/video/7628177588770458901?commentId=7628587148531778325,scraping_tiktok,xyndfvaa,apasi sialan! 😭
7629342247469384456,2026-04-16T13:04:36.000Z,4,https://www.tiktok.com/@na_nasgor123/video/7628177588770458901,https://www.tiktok.com/@na_nasgor123/video/7628177588770458901?commentId=7629342247469384456,scraping_tiktok,kochamoa,[Sticker] Tidak fantatss
7628496818439930645,2026-04-14T06:24:04.000Z,4,https://www.tiktok.com/@na_nasgor123/video/7628177588770458901,https://www.tiktok.com/@na_nasgor123/video/7628177588770458901?commentId=7628496818439930645,scraping_tiktok,dyzz72,buahdragon : diet
7628520542127784725,2026-04-14T07:56:06.000Z,3,https://www.tiktok.com/@na_nasgor123/video/7628177588770458901,https://www.tiktok.com/@na_nasgor123/video/7628177588770458901?commentId=7628520542127784725,scraping_tiktok,_lianvm,buat geli geli lambung 🤍
7628533094665437959,2026-04-14T08:44:45.000Z,4,https://www.tiktok.com/@na_nasgor123/video/7628177588770458901,https://www.tiktok.com/@na_nasgor123/video/7628177588770458901?commentId=7628533094665437959,scraping_tiktok,nathaaeve,NGAKAK BGT ANJ KOMENNYA😭😭
7628600529694884616,2026-04-14T13:06:29.000Z,3,https://www.tiktok.com/@na_nasgor123/video/7628177588770458901,https://www.tiktok.com/@na_nasgor123/video/7628177588770458901?commentId=7628600529694884616,scraping_tiktok,kiranan0_,[Sticker] SETARA IDOL KPOP DIETNYA
7628605972500874005,2026-04-14T13:27:33.000Z,4,https://www.tiktok.com/@na_nasgor123/video/7628177588770458901,https://www.tiktok.com/@na_nasgor123/video/7628177588770458901?commentId=7628605972500874005,scraping_tiktok,dinsysl,buah naganya diet?
7629921456180986632,2026-04-18T02:32:21.000Z,2,https://www.tiktok.com/@na_nasgor123/video/7628177588770458901,https://www.tiktok.com/@na_nasgor123/video/7628177588770458901?commentId=7629921456180986632,scraping_tiktok,ayy____942,ini cuma buat geli2 tenggorokan 😂
7630090734330610450,2026-04-18T13:29:05.000Z,2,https://www.tiktok.com/@na_nasgor123/video/7628177588770458901,https://www.tiktok.com/@na_nasgor123/video/7628177588770458901?commentId=7630090734330610450,scraping_tiktok,oktazz_eul,kurang njir😭💔
7631963610315703041,2026-04-23T14:36:50.000Z,2,https://www.tiktok.com/@na_nasgor123/video/7628177588770458901,https://www.tiktok.com/@na_nasgor123/video/7628177588770458901?commentId=7631963610315703041,scraping_tiktok,yudistiraadjie,udah jutaan masih kurang
7629925996724568839,2026-04-18T02:49:54.000Z,3,https://www.tiktok.com/@na_nasgor123/video/7628177588770458901,https://www.tiktok.com/@na_nasgor123/video/7628177588770458901?commentId=7629925996724568839,scraping_tiktok,aalyaaeuxz,buah nya kurus sekali
7629334013002990352,2026-04-16T12:32:37.000Z,4,https://www.tiktok.com/@na_nasgor123/video/7628177588770458901,https://www.tiktok.com/@na_nasgor123/video/7628177588770458901?commentId=7629334013002990352,scraping_tiktok,azizh_ptrii20,gelitik lambung 💜
7629308664575083285,2026-04-16T10:54:23.000Z,4,https://www.tiktok.com/@na_nasgor123/video/7628177588770458901,https://www.tiktok.com/@na_nasgor123/video/7628177588770458901?commentId=7629308664575083285,scraping_tiktok,tearsonocean,"oke sih, tapi kalo emng ini porsi kecil..gua jadi anak tk gabakal cukup mkn segitu soalnya gw maruk"
7629291631199781652,2026-04-16T09:48:13.000Z,4,https://www.tiktok.com/@na_nasgor123/video/7628177588770458901,https://www.tiktok.com/@na_nasgor123/video/7628177588770458901?commentId=7629291631199781652,scraping_tiktok,deoborah.queenpresiden,diet satu ini tidak fantas
7629286558592910101,2026-04-16T09:28:40.000Z,4,https://www.tiktok.com/@na_nasgor123/video/7628177588770458901,https://www.tiktok.com/@na_nasgor123/video/7628177588770458901?commentId=7629286558592910101,scraping_tiktok,chwho0,enak bgt
7629275724726141712,2026-04-16T08:46:31.000Z,4,https://www.tiktok.com/@na_nasgor123/video/7628177588770458901,https://www.tiktok.com/@na_nasgor123/video/7628177588770458901?commentId=7629275724726141712,scraping_tiktok,asyaabubble,"[Sticker] gak pernah liat mbg sebanyak ini,buah naganya juga besar potongan nya,hmm ngiler"
7629250449511006983,2026-04-16T07:08:31.000Z,4,https://www.tiktok.com/@na_nasgor123/video/7628177588770458901,https://www.tiktok.com/@na_nasgor123/video/7628177588770458901?commentId=7629250449511006983,scraping_tiktok,mutia_8367,[Sticker] orang yang lihat mbg nya:
7640089730940060423,2026-05-15T12:10:19.000Z,1,https://www.tiktok.com/@na_nasgor123/video/7628177588770458901,https://www.tiktok.com/@na_nasgor123/video/7628177588770458901?commentId=7640089730940060423,scraping_tiktok,gabutnih234,lidah : eh tadi apa ya yang lewat kayak rasa strawberry tapi nggak strawberry rasa nangka tapi nggak nangka
7640068814055670536,2026-05-15T10:49:14.000Z,1,https://www.tiktok.com/@na_nasgor123/video/7628177588770458901,https://www.tiktok.com/@na_nasgor123/video/7628177588770458901?commentId=7640068814055670536,scraping_tiktok,winnysatang469,"[Sticker] mbg ny makin hari,makin aneh plss😭"
7640002439202587412,2026-05-15T06:31:43.000Z,1,https://www.tiktok.com/@na_nasgor123/video/7628177588770458901,https://www.tiktok.com/@na_nasgor123/video/7628177588770458901?commentId=7640002439202587412,scraping_tiktok,freakyytieww,buah naga iso koyo lidi ngunu
7628628890135823125,2026-04-14T14:56:29.000Z,4,https://www.tiktok.com/@na_nasgor123/video/7628177588770458901,https://www.tiktok.com/@na_nasgor123/video/7628177588770458901?commentId=7628628890135823125,scraping_tiktok,fjwdkskeudsu,bikin lambung geli² gimana gitu😭
7628610504030765832,2026-04-14T13:45:03.000Z,4,https://www.tiktok.com/@na_nasgor123/video/7628177588770458901,https://www.tiktok.com/@na_nasgor123/video/7628177588770458901?commentId=7628610504030765832,scraping_tiktok,saaimutt00,ala keri keri
7628598042619314952,2026-04-14T12:56:43.000Z,4,https://www.tiktok.com/@na_nasgor123/video/7628177588770458901,https://www.tiktok.com/@na_nasgor123/video/7628177588770458901?commentId=7628598042619314952,scraping_tiktok,_genz_24_5,[Sticker] tydak fyantasssssssssst
7628586954783097618,2026-04-14T12:13:38.000Z,4,https://www.tiktok.com/@na_nasgor123/video/7628177588770458901,https://www.tiktok.com/@na_nasgor123/video/7628177588770458901?commentId=7628586954783097618,scraping_tiktok,theyluv.cya,pelitt banget mbg nya 😭
7628578735621882644,2026-04-14T11:41:54.000Z,4,https://www.tiktok.com/@na_nasgor123/video/7628177588770458901,https://www.tiktok.com/@na_nasgor123/video/7628177588770458901?commentId=7628578735621882644,scraping_tiktok,azzam.zhafran.tri,cocok banget buat diet tp gk ngeluarin budget 😌
7628569339507082005,2026-04-14T11:05:19.000Z,4,https://www.tiktok.com/@na_nasgor123/video/7628177588770458901,https://www.tiktok.com/@na_nasgor123/video/7628177588770458901?commentId=7628569339507082005,scraping_tiktok,ghafiki123,lambung: ahh mungkin hanya perasaan kuu
7628563678006543125,2026-04-14T10:43:22.000Z,4,https://www.tiktok.com/@na_nasgor123/video/7628177588770458901,https://www.tiktok.com/@na_nasgor123/video/7628177588770458901?commentId=7628563678006543125,scraping_tiktok,haziq.maulana24,[Sticker] reaksi kakak nya:
7628535861328331528,2026-04-14T08:55:29.000Z,4,https://www.tiktok.com/@na_nasgor123/video/7628177588770458901,https://www.tiktok.com/@na_nasgor123/video/7628177588770458901?commentId=7628535861328331528,scraping_tiktok,junawww.54,[Sticker] tidak fantasssss
7628530874703987476,2026-04-14T08:36:14.000Z,4,https://www.tiktok.com/@na_nasgor123/video/7628177588770458901,https://www.tiktok.com/@na_nasgor123/video/7628177588770458901?commentId=7628530874703987476,scraping_tiktok,_jjeaness,buah naga nya stunting ya 💜
7629345178272793365,2026-04-16T13:16:01.000Z,2,https://www.tiktok.com/@na_nasgor123/video/7628177588770458901,https://www.tiktok.com/@na_nasgor123/video/7628177588770458901?commentId=7629345178272793365,scraping_tiktok,jlumeglofie,kirain buah semangka makanya tipis gitu....
7628617881521357576,2026-04-14T14:13:37.000Z,4,https://www.tiktok.com/@na_nasgor123/video/7628177588770458901,https://www.tiktok.com/@na_nasgor123/video/7628177588770458901?commentId=7628617881521357576,scraping_tiktok,justnyzzaaaa,nasinya dikit amat😭
7628593409985594133,2026-04-14T12:38:50.000Z,4,https://www.tiktok.com/@na_nasgor123/video/7628177588770458901,https://www.tiktok.com/@na_nasgor123/video/7628177588770458901?commentId=7628593409985594133,scraping_tiktok,ccciyaaa,buah naga nya tipis amat buset
7628561282996126485,2026-04-14T10:34:06.000Z,4,https://www.tiktok.com/@na_nasgor123/video/7628177588770458901,https://www.tiktok.com/@na_nasgor123/video/7628177588770458901?commentId=7628561282996126485,scraping_tiktok,iki5801,lambung: serius segini?
7628600702466966293,2026-04-14T13:07:11.000Z,2,https://www.tiktok.com/@na_nasgor123/video/7628177588770458901,https://www.tiktok.com/@na_nasgor123/video/7628177588770458901?commentId=7628600702466966293,scraping_tiktok,flaaaa277,cma geli' lambung doang kak😭
7629339004026618641,2026-04-16T12:52:02.000Z,2,https://www.tiktok.com/@na_nasgor123/video/7628177588770458901,https://www.tiktok.com/@na_nasgor123/video/7628177588770458901?commentId=7629339004026618641,scraping_tiktok,jvnrfqi_,ayam makan jg ga kenyang
7629647962209256212,2026-04-17T08:50:58.000Z,2,https://www.tiktok.com/@na_nasgor123/video/7628177588770458901,https://www.tiktok.com/@na_nasgor123/video/7628177588770458901?commentId=7629647962209256212,scraping_tiktok,kiaa0729,buah naga nya setipis tisu
7628407235731063570,2026-04-14T00:36:21.000Z,4,https://www.tiktok.com/@na_nasgor123/video/7628177588770458901,https://www.tiktok.com/@na_nasgor123/video/7628177588770458901?commentId=7628407235731063570,scraping_tiktok,pitaaa__aja,Fyp gak tuhh😭
7628572693182530324,2026-04-14T11:18:24.000Z,4,https://www.tiktok.com/@na_nasgor123/video/7628177588770458901,https://www.tiktok.com/@na_nasgor123/video/7628177588770458901?commentId=7628572693182530324,scraping_tiktok,laaaa0_8,"[Sticker] ditempat gw yg belum dpt, pas liat yg udah dpt mbg"
7628556450444624658,2026-04-14T10:15:16.000Z,3,https://www.tiktok.com/@na_nasgor123/video/7628177588770458901,https://www.tiktok.com/@na_nasgor123/video/7628177588770458901?commentId=7628556450444624658,scraping_tiktok,lows__7,[Sticker] kaka nya pas buka
7629356917899805461,2026-04-16T14:01:39.000Z,3,https://www.tiktok.com/@na_nasgor123/video/7628177588770458901,https://www.tiktok.com/@na_nasgor123/video/7628177588770458901?commentId=7629356917899805461,scraping_tiktok,bluesbunny1,kurus bgt sial kaya gw💜
7636005125357732629,2026-05-04T12:00:01.000Z,2,https://www.tiktok.com/@na_nasgor123/video/7628177588770458901,https://www.tiktok.com/@na_nasgor123/video/7628177588770458901?commentId=7636005125357732629,scraping_tiktok,awang0.2.5.4,"waduh, untung di sini gak gitu"
7628520505977586453,2026-04-14T07:56:01.000Z,4,https://www.tiktok.com/@na_nasgor123/video/7628177588770458901,https://www.tiktok.com/@na_nasgor123/video/7628177588770458901?commentId=7628520505977586453,scraping_tiktok,dmyfys,dikit bet nasinya anj 😭
7629278210782921479,2026-04-16T08:56:17.000Z,2,https://www.tiktok.com/@na_nasgor123/video/7628177588770458901,https://www.tiktok.com/@na_nasgor123/video/7628177588770458901?commentId=7629278210782921479,scraping_tiktok,ditt9611,#mbglantam💜
7629350399221564176,2026-04-16T13:36:28.000Z,4,https://www.tiktok.com/@na_nasgor123/video/7628177588770458901,https://www.tiktok.com/@na_nasgor123/video/7628177588770458901?commentId=7629350399221564176,scraping_tiktok,arg_lift,minta semangka gw ga?
7628565156242916104,2026-04-14T10:49:06.000Z,4,https://www.tiktok.com/@na_nasgor123/video/7628177588770458901,https://www.tiktok.com/@na_nasgor123/video/7628177588770458901?commentId=7628565156242916104,scraping_tiktok,panggil_aja_sekar_,[Sticker] ternyata masih ad yg lebih parah dri pada gua
7639889418551476993,2026-05-14T23:13:09.000Z,1,https://www.tiktok.com/@na_nasgor123/video/7628177588770458901,https://www.tiktok.com/@na_nasgor123/video/7628177588770458901?commentId=7639889418551476993,scraping_tiktok,loftiesnne_,buah naganya langsing bngt tuh kak
7628253333535376149,2026-04-13T14:39:06.000Z,3,https://www.tiktok.com/@na_nasgor123/video/7628177588770458901,https://www.tiktok.com/@na_nasgor123/video/7628177588770458901?commentId=7628253333535376149,scraping_tiktok,denz_daniel1,[Sticker] mbg macam apa itu
7639748213481816853,2026-05-14T14:05:06.000Z,1,https://www.tiktok.com/@na_nasgor123/video/7628177588770458901,https://www.tiktok.com/@na_nasgor123/video/7628177588770458901?commentId=7639748213481816853,scraping_tiktok,missrtsuppk,gak cocok di gue yang sekali makan bisa 2 piring atau lebih💜💜
7639745278309237512,2026-05-14T13:53:42.000Z,1,https://www.tiktok.com/@na_nasgor123/video/7628177588770458901,https://www.tiktok.com/@na_nasgor123/video/7628177588770458901?commentId=7639745278309237512,scraping_tiktok,anmocee,LUCU BGT ANJIR GGRA SOUND NY
7639730527667323668,2026-05-14T12:56:27.000Z,1,https://www.tiktok.com/@na_nasgor123/video/7628177588770458901,https://www.tiktok.com/@na_nasgor123/video/7628177588770458901?commentId=7639730527667323668,scraping_tiktok,alksjjwoijhsjkksi,"allah karimm, sini gua aj yg masak"
7631576607489360647,2026-04-22T13:35:05.000Z,3,https://www.tiktok.com/@na_nasgor123/video/7628177588770458901,https://www.tiktok.com/@na_nasgor123/video/7628177588770458901?commentId=7631576607489360647,scraping_tiktok,tiaradaniraa,mending ini kak
7639633912399020820,2026-05-14T06:41:43.000Z,1,https://www.tiktok.com/@na_nasgor123/video/7628177588770458901,https://www.tiktok.com/@na_nasgor123/video/7628177588770458901?commentId=7639633912399020820,scraping_tiktok,imjeynay,buah bayi naga
7639629055989695240,2026-05-14T06:22:41.000Z,1,https://www.tiktok.com/@na_nasgor123/video/7628177588770458901,https://www.tiktok.com/@na_nasgor123/video/7628177588770458901?commentId=7639629055989695240,scraping_tiktok,kinderr.biil,[Sticker] guru yng liat:
7639550321216045844,2026-05-14T01:17:23.000Z,1,https://www.tiktok.com/@na_nasgor123/video/7628177588770458901,https://www.tiktok.com/@na_nasgor123/video/7628177588770458901?commentId=7639550321216045844,scraping_tiktok,gabriellasetia,
7639360392816575250,2026-05-13T13:00:05.000Z,1,https://www.tiktok.com/@na_nasgor123/video/7628177588770458901,https://www.tiktok.com/@na_nasgor123/video/7628177588770458901?commentId=7639360392816575250,scraping_tiktok,k.nnisaw,mbg idaman💜
7639333738044605192,2026-05-13T11:16:45.000Z,1,https://www.tiktok.com/@na_nasgor123/video/7628177588770458901,https://www.tiktok.com/@na_nasgor123/video/7628177588770458901?commentId=7639333738044605192,scraping_tiktok,bebellafyuu,TIDAK FANTASHHHH
7629955619223061266,2026-04-18T04:44:50.000Z,3,https://www.tiktok.com/@na_nasgor123/video/7628177588770458901,https://www.tiktok.com/@na_nasgor123/video/7628177588770458901?commentId=7629955619223061266,scraping_tiktok,fitriira.r,gak niat bgt anjjjjjj
7639141567218926354,2026-05-12T22:51:03.000Z,1,https://www.tiktok.com/@na_nasgor123/video/7628177588770458901,https://www.tiktok.com/@na_nasgor123/video/7628177588770458901?commentId=7639141567218926354,scraping_tiktok,silit.berapi8,itu pas dapurnya lagi didatengin wapres itu makanya bagus
7628524894875648789,2026-04-14T08:12:56.000Z,2,https://www.tiktok.com/@na_nasgor123/video/7628177588770458901,https://www.tiktok.com/@na_nasgor123/video/7628177588770458901?commentId=7628524894875648789,scraping_tiktok,allyyxcz,[Sticker] tidak fantasst
7628638238635344647,2026-04-14T15:32:46.000Z,3,https://www.tiktok.com/@na_nasgor123/video/7628177588770458901,https://www.tiktok.com/@na_nasgor123/video/7628177588770458901?commentId=7628638238635344647,scraping_tiktok,ocakss_huiku,"MBG ku
izinnn🙏"
7628584162144879380,2026-04-14T12:02:55.000Z,3,https://www.tiktok.com/@na_nasgor123/video/7628177588770458901,https://www.tiktok.com/@na_nasgor123/video/7628177588770458901?commentId=7628584162144879380,scraping_tiktok,atinanakbaik,buah naga nya cungkring bgt😭
7629302580972094224,2026-04-16T10:30:44.000Z,3,https://www.tiktok.com/@na_nasgor123/video/7628177588770458901,https://www.tiktok.com/@na_nasgor123/video/7628177588770458901?commentId=7629302580972094224,scraping_tiktok,irtsellmg1,bisa kenyang seharian itu💜
7629611637817344786,2026-04-17T06:29:59.000Z,3,https://www.tiktok.com/@na_nasgor123/video/7628177588770458901,https://www.tiktok.com/@na_nasgor123/video/7628177588770458901?commentId=7629611637817344786,scraping_tiktok,kambinkpok,geli geli lambung
7629369479445365525,2026-04-16T14:50:17.000Z,3,https://www.tiktok.com/@na_nasgor123/video/7628177588770458901,https://www.tiktok.com/@na_nasgor123/video/7628177588770458901?commentId=7629369479445365525,scraping_tiktok,hamiham207,MDG:Makan Diet Gratis
7629319907873162002,2026-04-16T11:37:59.000Z,3,https://www.tiktok.com/@na_nasgor123/video/7628177588770458901,https://www.tiktok.com/@na_nasgor123/video/7628177588770458901?commentId=7629319907873162002,scraping_tiktok,orangimuit,diet nya nge diet bget 🥰💜
7629575330261844756,2026-04-17T04:09:17.000Z,3,https://www.tiktok.com/@na_nasgor123/video/7628177588770458901,https://www.tiktok.com/@na_nasgor123/video/7628177588770458901?commentId=7629575330261844756,scraping_tiktok,loli.guard,200 kalori aja kagak ada itu 🗿
7629644085456110343,2026-04-17T08:35:55.000Z,3,https://www.tiktok.com/@na_nasgor123/video/7628177588770458901,https://www.tiktok.com/@na_nasgor123/video/7628177588770458901?commentId=7629644085456110343,scraping_tiktok,oscar.ryuka,buah naga seitil
7629336493946323713,2026-04-16T12:42:22.000Z,3,https://www.tiktok.com/@na_nasgor123/video/7628177588770458901,https://www.tiktok.com/@na_nasgor123/video/7628177588770458901?commentId=7629336493946323713,scraping_tiktok,bakolnyambek_roblox,tutorial diet dalam keadaan makan mbg💜💜💜
7628500302715945735,2026-04-14T06:37:34.000Z,3,https://www.tiktok.com/@na_nasgor123/video/7628177588770458901,https://www.tiktok.com/@na_nasgor123/video/7628177588770458901?commentId=7628500302715945735,scraping_tiktok,pac1ficbae,porsi idol kpop
7628589780272956180,2026-04-14T12:24:47.000Z,3,https://www.tiktok.com/@na_nasgor123/video/7628177588770458901,https://www.tiktok.com/@na_nasgor123/video/7628177588770458901?commentId=7628589780272956180,scraping_tiktok,xyz_zahra.0,[Sticker] When:pas buka ompreng nya
7628496469607301909,2026-04-14T06:22:36.000Z,3,https://www.tiktok.com/@na_nasgor123/video/7628177588770458901,https://www.tiktok.com/@na_nasgor123/video/7628177588770458901?commentId=7628496469607301909,scraping_tiktok,kentut_martin1,buah naganya:im skinny💜
7629332469422244616,2026-04-16T12:26:39.000Z,3,https://www.tiktok.com/@na_nasgor123/video/7628177588770458901,https://www.tiktok.com/@na_nasgor123/video/7628177588770458901?commentId=7629332469422244616,scraping_tiktok,fatih2sipar,[Sticker] buah naga nya juga diet lo..💞💜😱
7639627452662612743,2026-05-14T06:16:28.000Z,4,https://www.tiktok.com/@na_nasgor123/video/7628177588770458901,https://www.tiktok.com/@na_nasgor123/video/7628177588770458901?commentId=7639627452662612743,scraping_tiktok,dh_0971,tu buah naga apa buah cacing
7637064501132608274,2026-05-07T08:30:51.000Z,2,https://www.tiktok.com/@na_nasgor123/video/7628177588770458901,https://www.tiktok.com/@na_nasgor123/video/7628177588770458901?commentId=7637064501132608274,scraping_tiktok,eyonniehimaa,buah naganya lagi diet kah kak?
7636695527451558663,2026-05-06T08:39:11.000Z,2,https://www.tiktok.com/@na_nasgor123/video/7628177588770458901,https://www.tiktok.com/@na_nasgor123/video/7628177588770458901?commentId=7636695527451558663,scraping_tiktok,xfhayc,ngakak bgt😭
7636603202708439826,2026-05-06T02:40:54.000Z,2,https://www.tiktok.com/@na_nasgor123/video/7628177588770458901,https://www.tiktok.com/@na_nasgor123/video/7628177588770458901?commentId=7636603202708439826,scraping_tiktok,justuselesspeople124,"rajin"" yg kek gini min 🗿"
7640006221383648018,2026-05-15T06:46:24.000Z,1,https://www.tiktok.com/@na_nasgor123/video/7628177588770458901,https://www.tiktok.com/@na_nasgor123/video/7628177588770458901?commentId=7640006221383648018,scraping_tiktok,mornovp5,#cmngotoringigiajja💜💜💜
7628622059421221633,2026-04-14T14:29:55.000Z,3,https://www.tiktok.com/@na_nasgor123/video/7628177588770458901,https://www.tiktok.com/@na_nasgor123/video/7628177588770458901?commentId=7628622059421221633,scraping_tiktok,devi.febriianty,lambungnya langsung bilang anjayy 😭
7629934213189878549,2026-04-18T03:21:52.000Z,2,https://www.tiktok.com/@na_nasgor123/video/7628177588770458901,https://www.tiktok.com/@na_nasgor123/video/7628177588770458901?commentId=7629934213189878549,scraping_tiktok,yuukaguraa,mbg di sekolah gua nasinya porsi kuli anjir😭
7628478019716170497,2026-04-14T05:11:02.000Z,2,https://www.tiktok.com/@na_nasgor123/video/7628177588770458901,https://www.tiktok.com/@na_nasgor123/video/7628177588770458901?commentId=7628478019716170497,scraping_tiktok,iaforteza,diet idol kpop 💜
7628498563726918420,2026-04-14T06:30:46.000Z,2,https://www.tiktok.com/@na_nasgor123/video/7628177588770458901,https://www.tiktok.com/@na_nasgor123/video/7628177588770458901?commentId=7628498563726918420,scraping_tiktok,ell75120,mana kenyang anjir menurut gua😭😭
7628572586288431893,2026-04-14T11:17:54.000Z,3,https://www.tiktok.com/@na_nasgor123/video/7628177588770458901,https://www.tiktok.com/@na_nasgor123/video/7628177588770458901?commentId=7628572586288431893,scraping_tiktok,phoenixblaze_2,ini ma cuman geli geli lambung
7628510023321092884,2026-04-14T07:15:14.000Z,2,https://www.tiktok.com/@na_nasgor123/video/7628177588770458901,https://www.tiktok.com/@na_nasgor123/video/7628177588770458901?commentId=7628510023321092884,scraping_tiktok,lver.ion,[Sticker] porsi diva
7638226427573240594,2026-05-10T11:39:42.000Z,1,https://www.tiktok.com/@na_nasgor123/video/7628177588770458901,https://www.tiktok.com/@na_nasgor123/video/7628177588770458901?commentId=7638226427573240594,scraping_tiktok,ryuucchan_,nasinya tiga suap abis HAHA
7634212089645843217,2026-04-29T16:02:07.000Z,1,https://www.tiktok.com/@na_nasgor123/video/7628177588770458901,https://www.tiktok.com/@na_nasgor123/video/7628177588770458901?commentId=7634212089645843217,scraping_tiktok,kaiisiuu20,numpang lewat jir inimah😭
7628388904848589576,2026-04-13T23:25:17.000Z,2,https://www.tiktok.com/@na_nasgor123/video/7628177588770458901,https://www.tiktok.com/@na_nasgor123/video/7628177588770458901?commentId=7628388904848589576,scraping_tiktok,meycintamieaceh,[Sticker] ih banyak banget lauk nya 🥰🥰
7640014589199745793,2026-05-15T07:19:02.000Z,1,https://www.tiktok.com/@na_nasgor123/video/7628177588770458901,https://www.tiktok.com/@na_nasgor123/video/7628177588770458901?commentId=7640014589199745793,scraping_tiktok,blablablabl3bleblebloblo,sppg nya admin edtwt💜
7629261272739889941,2026-04-16T07:50:31.000Z,3,https://www.tiktok.com/@na_nasgor123/video/7628177588770458901,https://www.tiktok.com/@na_nasgor123/video/7628177588770458901?commentId=7629261272739889941,scraping_tiktok,bilqiskhumairoh96,buah naga nya cungkring banget
7628256022025601813,2026-04-13T14:49:34.000Z,2,https://www.tiktok.com/@na_nasgor123/video/7628177588770458901,https://www.tiktok.com/@na_nasgor123/video/7628177588770458901?commentId=7628256022025601813,scraping_tiktok,blink.im.here8,buah naga after nicola's pilates💜💜💋💋💋
7629355357913449234,2026-04-16T13:55:28.000Z,2,https://www.tiktok.com/@na_nasgor123/video/7628177588770458901,https://www.tiktok.com/@na_nasgor123/video/7628177588770458901?commentId=7629355357913449234,scraping_tiktok,zayyanabdilah,menu khusus orang diet
7639601586339857172,2026-05-14T04:36:12.000Z,3,https://www.tiktok.com/@na_nasgor123/video/7628177588770458901,https://www.tiktok.com/@na_nasgor123/video/7628177588770458901?commentId=7639601586339857172,scraping_tiktok,_muiiart_,pelit banget jir
7629694571057152784,2026-04-17T11:51:59.000Z,3,https://www.tiktok.com/@na_nasgor123/video/7628177588770458901,https://www.tiktok.com/@na_nasgor123/video/7628177588770458901?commentId=7629694571057152784,scraping_tiktok,jangan_lupa_sh0lat1,biar kantin nya tetep laku🗿
7629351444140081940,2026-04-16T13:40:25.000Z,3,https://www.tiktok.com/@na_nasgor123/video/7628177588770458901,https://www.tiktok.com/@na_nasgor123/video/7628177588770458901?commentId=7629351444140081940,scraping_tiktok,ttata.19,geli geli lambung
7629681448697725717,2026-04-17T11:00:51.000Z,2,https://www.tiktok.com/@na_nasgor123/video/7628177588770458901,https://www.tiktok.com/@na_nasgor123/video/7628177588770458901?commentId=7629681448697725717,scraping_tiktok,capybra55,😭 kurus bgt
7629399745358152468,2026-04-16T16:47:44.000Z,2,https://www.tiktok.com/@na_nasgor123/video/7628177588770458901,https://www.tiktok.com/@na_nasgor123/video/7628177588770458901?commentId=7629399745358152468,scraping_tiktok,loaffcking,"[Sticker] tahunya tiga, buah naganya abis diet, nasinya seukuran rengginang, jagungnya segede tompel"
7629389990501892872,2026-04-16T16:09:52.000Z,3,https://www.tiktok.com/@na_nasgor123/video/7628177588770458901,https://www.tiktok.com/@na_nasgor123/video/7628177588770458901?commentId=7629389990501892872,scraping_tiktok,liaa17383,1 suapan juga muat
7629324943151055617,2026-04-16T11:57:35.000Z,2,https://www.tiktok.com/@na_nasgor123/video/7628177588770458901,https://www.tiktok.com/@na_nasgor123/video/7628177588770458901?commentId=7629324943151055617,scraping_tiktok,indonesia_russia6,tidak fantassssss
7628593104907551495,2026-04-14T12:37:31.000Z,3,https://www.tiktok.com/@na_nasgor123/video/7628177588770458901,https://www.tiktok.com/@na_nasgor123/video/7628177588770458901?commentId=7628593104907551495,scraping_tiktok,hellograce012,ala keri²
7629672148181779217,2026-04-17T10:24:51.000Z,3,https://www.tiktok.com/@na_nasgor123/video/7628177588770458901,https://www.tiktok.com/@na_nasgor123/video/7628177588770458901?commentId=7629672148181779217,scraping_tiktok,sab_ririnn,gue disuruh makan sambel doang anjir💜
7629353236613808917,2026-04-16T13:47:23.000Z,2,https://www.tiktok.com/@na_nasgor123/video/7628177588770458901,https://www.tiktok.com/@na_nasgor123/video/7628177588770458901?commentId=7629353236613808917,scraping_tiktok,a53rr1,buah naganya cungkring😭
7629302872966382356,2026-04-16T10:31:53.000Z,2,https://www.tiktok.com/@na_nasgor123/video/7628177588770458901,https://www.tiktok.com/@na_nasgor123/video/7628177588770458901?commentId=7629302872966382356,scraping_tiktok,finalbetchi,satu sekolah jadi model💜
7628488423498089223,2026-04-14T05:51:24.000Z,2,https://www.tiktok.com/@na_nasgor123/video/7628177588770458901,https://www.tiktok.com/@na_nasgor123/video/7628177588770458901?commentId=7628488423498089223,scraping_tiktok,im.tinoooo,laporin kak
7629384287821431573,2026-04-16T15:47:45.000Z,2,https://www.tiktok.com/@na_nasgor123/video/7628177588770458901,https://www.tiktok.com/@na_nasgor123/video/7628177588770458901?commentId=7629384287821431573,scraping_tiktok,little_queen2824,"hah masa iya?
di sekolah ku nasi nya sampe ga habis sanking banyak nya 😭😭😭"
7628544003256025863,2026-04-14T09:27:00.000Z,2,https://www.tiktok.com/@na_nasgor123/video/7628177588770458901,https://www.tiktok.com/@na_nasgor123/video/7628177588770458901?commentId=7628544003256025863,scraping_tiktok,nctzenchenle,Diet if
7628607586429895441,2026-04-14T13:33:44.000Z,3,https://www.tiktok.com/@na_nasgor123/video/7628177588770458901,https://www.tiktok.com/@na_nasgor123/video/7628177588770458901?commentId=7628607586429895441,scraping_tiktok,dinojchan,astaghfirullah 😭
7628643087216886545,2026-04-14T15:51:30.000Z,2,https://www.tiktok.com/@na_nasgor123/video/7628177588770458901,https://www.tiktok.com/@na_nasgor123/video/7628177588770458901?commentId=7628643087216886545,scraping_tiktok,szaarea,"lambung:""ah mungkin perasaan ku saja"""
7628542137723192072,2026-04-14T09:19:53.000Z,3,https://www.tiktok.com/@na_nasgor123/video/7628177588770458901,https://www.tiktok.com/@na_nasgor123/video/7628177588770458901?commentId=7628542137723192072,scraping_tiktok,changirl16,apakah program mbg itu to be idol??
7629314087990231829,2026-04-16T11:15:26.000Z,2,https://www.tiktok.com/@na_nasgor123/video/7628177588770458901,https://www.tiktok.com/@na_nasgor123/video/7628177588770458901?commentId=7629314087990231829,scraping_tiktok,cuteaway,masuk banyak ke kantong itu uangnya😭
7632887094244164368,2026-04-26T02:20:50.000Z,1,https://www.tiktok.com/@na_nasgor123/video/7628177588770458901,https://www.tiktok.com/@na_nasgor123/video/7628177588770458901?commentId=7632887094244164368,scraping_tiktok,ini_xell,protest.
7639739265500611346,2026-05-14T13:30:20.000Z,2,https://www.tiktok.com/@na_nasgor123/video/7628177588770458901,https://www.tiktok.com/@na_nasgor123/video/7628177588770458901?commentId=7639739265500611346,scraping_tiktok,reefaimutbgt_06,buat geli lambung doang
7628547042894414599,2026-04-14T09:38:54.000Z,3,https://www.tiktok.com/@na_nasgor123/video/7628177588770458901,https://www.tiktok.com/@na_nasgor123/video/7628177588770458901?commentId=7628547042894414599,scraping_tiktok,mettoyaniku,salahin yg kelola MBG nyaa bukan presidennyaa😌
7628609268862485249,2026-04-14T13:40:25.000Z,3,https://www.tiktok.com/@na_nasgor123/video/7628177588770458901,https://www.tiktok.com/@na_nasgor123/video/7628177588770458901?commentId=7628609268862485249,scraping_tiktok,upetajela,cuma buat menggelitik lambung saja😌
7629332793760187152,2026-04-16T12:27:59.000Z,3,https://www.tiktok.com/@na_nasgor123/video/7628177588770458901,https://www.tiktok.com/@na_nasgor123/video/7628177588770458901?commentId=7629332793760187152,scraping_tiktok,anaia.rahman4,Prabowo:gk bukan gw yang nyuruh ya”	dapur mbg : hemat pak 😏“
7629327390699422465,2026-04-16T12:07:15.000Z,3,https://www.tiktok.com/@na_nasgor123/video/7628177588770458901,https://www.tiktok.com/@na_nasgor123/video/7628177588770458901?commentId=7629327390699422465,scraping_tiktok,kkeuu8,"[Sticker] emangg ada ya mbg yg porsinya secuil cuil gitu?? 😭, kukira settingan, soalnya mbg ku porsinya standar menunya bagus baguss"
7629598854413370132,2026-04-17T05:40:29.000Z,3,https://www.tiktok.com/@na_nasgor123/video/7628177588770458901,https://www.tiktok.com/@na_nasgor123/video/7628177588770458901?commentId=7629598854413370132,scraping_tiktok,adit_rrrr,program yg memang harus dihentikan
7628522356655325959,2026-04-14T08:03:08.000Z,2,https://www.tiktok.com/@na_nasgor123/video/7628177588770458901,https://www.tiktok.com/@na_nasgor123/video/7628177588770458901?commentId=7628522356655325959,scraping_tiktok,liena.lwkk2,my waist is skinny btw💜
7629689498881065749,2026-04-17T11:32:13.000Z,2,https://www.tiktok.com/@na_nasgor123/video/7628177588770458901,https://www.tiktok.com/@na_nasgor123/video/7628177588770458901?commentId=7629689498881065749,scraping_tiktok,13579ok,eh tapi serius kaya gini mbg nya? ini cuma 2 suap 😭
7628635213766345479,2026-04-14T15:20:58.000Z,2,https://www.tiktok.com/@na_nasgor123/video/7628177588770458901,https://www.tiktok.com/@na_nasgor123/video/7628177588770458901?commentId=7628635213766345479,scraping_tiktok,iniisesa,busett kurang tipis itu buahnya😭
7628491008368722705,2026-04-14T06:01:28.000Z,2,https://www.tiktok.com/@na_nasgor123/video/7628177588770458901,https://www.tiktok.com/@na_nasgor123/video/7628177588770458901?commentId=7628491008368722705,scraping_tiktok,bibinnnnn01,sesuap nasi untuk hari ini😜
7629283729324524306,2026-04-16T09:17:33.000Z,2,https://www.tiktok.com/@na_nasgor123/video/7628177588770458901,https://www.tiktok.com/@na_nasgor123/video/7628177588770458901?commentId=7629283729324524306,scraping_tiktok,normalythink,[Sticker] mewah bgt ada ayam nya.gua terahkir makan mbg cuma lauk tempe ama telor
7629313187347530514,2026-04-16T11:11:53.000Z,3,https://www.tiktok.com/@na_nasgor123/video/7628177588770458901,https://www.tiktok.com/@na_nasgor123/video/7628177588770458901?commentId=7629313187347530514,scraping_tiktok,cici.wilona,sppg mana ini langsung di sebut aja
7628222773781512967,2026-04-13T12:40:27.000Z,2,https://www.tiktok.com/@na_nasgor123/video/7628177588770458901,https://www.tiktok.com/@na_nasgor123/video/7628177588770458901?commentId=7628222773781512967,scraping_tiktok,.la__________,mbg nya pelit bgt😭😭
7629973119846925077,2026-04-18T05:52:45.000Z,2,https://www.tiktok.com/@na_nasgor123/video/7628177588770458901,https://www.tiktok.com/@na_nasgor123/video/7628177588770458901?commentId=7629973119846925077,scraping_tiktok,sitiaisah5838,nasinya cuma menggelitik lambung aja itu
7628500125145940756,2026-04-14T06:36:56.000Z,2,https://www.tiktok.com/@na_nasgor123/video/7628177588770458901,https://www.tiktok.com/@na_nasgor123/video/7628177588770458901?commentId=7628500125145940756,scraping_tiktok,jujuhyperfixation,jagung di sini 1 bongol 2k 😭
7629568209200464661,2026-04-17T03:41:29.000Z,2,https://www.tiktok.com/@na_nasgor123/video/7628177588770458901,https://www.tiktok.com/@na_nasgor123/video/7628177588770458901?commentId=7629568209200464661,scraping_tiktok,bagsssssssssssssssss,Satu potong buah naga ❌ Satu garis buah naga ✅
7629371595148870407,2026-04-16T14:58:26.000Z,1,https://www.tiktok.com/@na_nasgor123/video/7628177588770458901,https://www.tiktok.com/@na_nasgor123/video/7628177588770458901?commentId=7629371595148870407,scraping_tiktok,kaylaanakbaik69,[Sticker] nasi seuprit mana kenyang
7628472430709261064,2026-04-14T04:49:20.000Z,3,https://www.tiktok.com/@na_nasgor123/video/7628177588770458901,https://www.tiktok.com/@na_nasgor123/video/7628177588770458901?commentId=7628472430709261064,scraping_tiktok,rahuls_1234567,"beda bgt sama postingan akun mbg, 😂😹"
7628612582403916565,2026-04-14T13:53:07.000Z,1,https://www.tiktok.com/@na_nasgor123/video/7628177588770458901,https://www.tiktok.com/@na_nasgor123/video/7628177588770458901?commentId=7628612582403916565,scraping_tiktok,meimeisyanya_,"[Sticker] emak : mbg nya apa
kakaknya :"
7629339141885723400,2026-04-16T12:52:36.000Z,2,https://www.tiktok.com/@na_nasgor123/video/7628177588770458901,https://www.tiktok.com/@na_nasgor123/video/7628177588770458901?commentId=7629339141885723400,scraping_tiktok,who._lovethaitea,mbg : makanan butuh giat dan gizi
7628511011578381074,2026-04-14T07:19:05.000Z,2,https://www.tiktok.com/@na_nasgor123/video/7628177588770458901,https://www.tiktok.com/@na_nasgor123/video/7628177588770458901?commentId=7628511011578381074,scraping_tiktok,byyonv,buah naganya proses diet
7628619904492569365,2026-04-14T14:21:30.000Z,3,https://www.tiktok.com/@na_nasgor123/video/7628177588770458901,https://www.tiktok.com/@na_nasgor123/video/7628177588770458901?commentId=7628619904492569365,scraping_tiktok,chachaca12,Enak nih lumayan
7628479358781063953,2026-04-14T05:16:24.000Z,2,https://www.tiktok.com/@na_nasgor123/video/7628177588770458901,https://www.tiktok.com/@na_nasgor123/video/7628177588770458901?commentId=7628479358781063953,scraping_tiktok,edwa4rds,buah naga stunting
7628620832554943253,2026-04-14T14:25:13.000Z,2,https://www.tiktok.com/@na_nasgor123/video/7628177588770458901,https://www.tiktok.com/@na_nasgor123/video/7628177588770458901?commentId=7628620832554943253,scraping_tiktok,lxzdz_,ternyata ada yang lebih pelit dari mbg gua😭😭
7629329222977078017,2026-04-16T12:14:17.000Z,2,https://www.tiktok.com/@na_nasgor123/video/7628177588770458901,https://www.tiktok.com/@na_nasgor123/video/7628177588770458901?commentId=7629329222977078017,scraping_tiktok,bomberbedug,[Sticker] buah naga nya cungkring amat 😭
7628572708510466836,2026-04-14T11:18:25.000Z,2,https://www.tiktok.com/@na_nasgor123/video/7628177588770458901,https://www.tiktok.com/@na_nasgor123/video/7628177588770458901?commentId=7628572708510466836,scraping_tiktok,lolereyy,buset buah naga nya🗿🗿
7629270836189627153,2026-04-16T08:27:43.000Z,2,https://www.tiktok.com/@na_nasgor123/video/7628177588770458901,https://www.tiktok.com/@na_nasgor123/video/7628177588770458901?commentId=7629270836189627153,scraping_tiktok,coco.bost,Mbg aku tadi semangka nya gede bngt jirr😭😭😭
7628634881580712725,2026-04-14T15:19:38.000Z,3,https://www.tiktok.com/@na_nasgor123/video/7628177588770458901,https://www.tiktok.com/@na_nasgor123/video/7628177588770458901?commentId=7628634881580712725,scraping_tiktok,fbyreaaa,buah naganya kurus amat😭😭
7629269091178742548,2026-04-16T08:20:53.000Z,3,https://www.tiktok.com/@na_nasgor123/video/7628177588770458901,https://www.tiktok.com/@na_nasgor123/video/7628177588770458901?commentId=7629269091178742548,scraping_tiktok,apriliaa0294,kata guru: bersyukur loh sekolah kita dapat mbg
7628558707103023879,2026-04-14T10:24:06.000Z,2,https://www.tiktok.com/@na_nasgor123/video/7628177588770458901,https://www.tiktok.com/@na_nasgor123/video/7628177588770458901?commentId=7628558707103023879,scraping_tiktok,omwmie,KOMENNYA 😭
7628619139510633217,2026-04-14T14:21:03.000Z,3,https://www.tiktok.com/@na_nasgor123/video/7628177588770458901,https://www.tiktok.com/@na_nasgor123/video/7628177588770458901?commentId=7628619139510633217,scraping_tiktok,atethjn,cocok buat aku yang sku diet 😊😊
7628561935140045575,2026-04-14T10:36:37.000Z,3,https://www.tiktok.com/@na_nasgor123/video/7628177588770458901,https://www.tiktok.com/@na_nasgor123/video/7628177588770458901?commentId=7628561935140045575,scraping_tiktok,0730_sayaa,itu ap ka?bmkg?
7628586521726485268,2026-04-14T12:12:07.000Z,2,https://www.tiktok.com/@na_nasgor123/video/7628177588770458901,https://www.tiktok.com/@na_nasgor123/video/7628177588770458901?commentId=7628586521726485268,scraping_tiktok,anakpapiai0,baru kali ini gw kalah kerempeng😭
7628535586659418901,2026-04-14T08:54:22.000Z,2,https://www.tiktok.com/@na_nasgor123/video/7628177588770458901,https://www.tiktok.com/@na_nasgor123/video/7628177588770458901?commentId=7628535586659418901,scraping_tiktok,pppaann14,itu buah naga apa kapal selang
7628526206220059400,2026-04-14T08:17:55.000Z,2,https://www.tiktok.com/@na_nasgor123/video/7628177588770458901,https://www.tiktok.com/@na_nasgor123/video/7628177588770458901?commentId=7628526206220059400,scraping_tiktok,thaii_ay4nn,[Sticker] ceking banget tu buah😭
7628563854788264711,2026-04-14T10:44:02.000Z,2,https://www.tiktok.com/@na_nasgor123/video/7628177588770458901,https://www.tiktok.com/@na_nasgor123/video/7628177588770458901?commentId=7628563854788264711,scraping_tiktok,tvmanfans01,"Jirr lah pada jalan mbg nyaa,,, di tempat gw embegeh nya udah kagak jalan njirr😭😭"
7628540691790201607,2026-04-14T09:16:38.000Z,2,https://www.tiktok.com/@na_nasgor123/video/7628177588770458901,https://www.tiktok.com/@na_nasgor123/video/7628177588770458901?commentId=7628540691790201607,scraping_tiktok,kimeyyyyy4,untung dapur ku amanah🗿
7629344985112085265,2026-04-16T13:15:12.000Z,2,https://www.tiktok.com/@na_nasgor123/video/7628177588770458901,https://www.tiktok.com/@na_nasgor123/video/7628177588770458901?commentId=7629344985112085265,scraping_tiktok,uyaaawe,ih naganya lagi diet
7629306569947251477,2026-04-16T10:46:11.000Z,2,https://www.tiktok.com/@na_nasgor123/video/7628177588770458901,https://www.tiktok.com/@na_nasgor123/video/7628177588770458901?commentId=7629306569947251477,scraping_tiktok,nnnn_aymaine,buah naganya 1 buah dibagi jadi 20 jir
7628624929764705031,2026-04-14T14:41:01.000Z,2,https://www.tiktok.com/@na_nasgor123/video/7628177588770458901,https://www.tiktok.com/@na_nasgor123/video/7628177588770458901?commentId=7628624929764705031,scraping_tiktok,baby_nana17,muakk banget aku sama telorrr.
7637366048823804692,2026-05-08T04:01:10.000Z,1,https://www.tiktok.com/@na_nasgor123/video/7628177588770458901,https://www.tiktok.com/@na_nasgor123/video/7628177588770458901?commentId=7637366048823804692,scraping_tiktok,pputrieaa_a,mbg di sekolah ku
7637483561537471252,2026-05-08T11:37:14.000Z,1,https://www.tiktok.com/@na_nasgor123/video/7628177588770458901,https://www.tiktok.com/@na_nasgor123/video/7628177588770458901?commentId=7637483561537471252,scraping_tiktok,sseyaa_il,"mbg gua segede gaban smua, mana ayam terus, telor seminggu skli😭"
7633080037185897234,2026-04-26T14:49:08.000Z,1,https://www.tiktok.com/@na_nasgor123/video/7628177588770458901,https://www.tiktok.com/@na_nasgor123/video/7628177588770458901?commentId=7633080037185897234,scraping_tiktok,polz.jugaa,[Sticker] petugas sppg yg liat😭
7629917674630005512,2026-04-18T02:17:42.000Z,1,https://www.tiktok.com/@na_nasgor123/video/7628177588770458901,https://www.tiktok.com/@na_nasgor123/video/7628177588770458901?commentId=7629917674630005512,scraping_tiktok,jeoclyn_.n4a,"buset, itu semangka atau buah naga?"
7628527851649647378,2026-04-14T08:24:19.000Z,3,https://www.tiktok.com/@na_nasgor123/video/7628177588770458901,https://www.tiktok.com/@na_nasgor123/video/7628177588770458901?commentId=7628527851649647378,scraping_tiktok,prettyluv012,mwuehehhe yang kelebihan ada di aku nih😍
7635931512018584328,2026-05-04T07:14:27.000Z,1,https://www.tiktok.com/@na_nasgor123/video/7628177588770458901,https://www.tiktok.com/@na_nasgor123/video/7628177588770458901?commentId=7635931512018584328,scraping_tiktok,minjiesss_1,satu sekolah semua jadi lidi 🙀
7629339975046169352,2026-04-16T12:55:50.000Z,2,https://www.tiktok.com/@na_nasgor123/video/7628177588770458901,https://www.tiktok.com/@na_nasgor123/video/7628177588770458901?commentId=7629339975046169352,scraping_tiktok,nielz_13,Ini sama seblak aja masih kenyangan seblak goceng di rumah gwa😭😭😭
7636751339092181767,2026-05-06T12:15:42.000Z,1,https://www.tiktok.com/@na_nasgor123/video/7628177588770458901,https://www.tiktok.com/@na_nasgor123/video/7628177588770458901?commentId=7636751339092181767,scraping_tiktok,wynpaxx,[Sticker] sangat tidak fantasst
7639545345462010644,2026-05-14T00:57:57.000Z,2,https://www.tiktok.com/@na_nasgor123/video/7628177588770458901,https://www.tiktok.com/@na_nasgor123/video/7628177588770458901?commentId=7639545345462010644,scraping_tiktok,ecxlaire,geli geli lambung
7628202746089505544,2026-04-13T11:22:50.000Z,2,https://www.tiktok.com/@na_nasgor123/video/7628177588770458901,https://www.tiktok.com/@na_nasgor123/video/7628177588770458901?commentId=7628202746089505544,scraping_tiktok,sy_yyy5,[Sticker] 
7628628528259793681,2026-04-14T14:55:09.000Z,2,https://www.tiktok.com/@na_nasgor123/video/7628177588770458901,https://www.tiktok.com/@na_nasgor123/video/7628177588770458901?commentId=7628628528259793681,scraping_tiktok,xenn.parker,[Sticker] tahu nya.....
7629351229559112465,2026-04-16T13:39:29.000Z,2,https://www.tiktok.com/@na_nasgor123/video/7628177588770458901,https://www.tiktok.com/@na_nasgor123/video/7628177588770458901?commentId=7629351229559112465,scraping_tiktok,olivi43210,jujur kasihan tapi juga ngakak buah naga nya setipis tisu😭😂
7628627672807015186,2026-04-14T14:51:43.000Z,2,https://www.tiktok.com/@na_nasgor123/video/7628177588770458901,https://www.tiktok.com/@na_nasgor123/video/7628177588770458901?commentId=7628627672807015186,scraping_tiktok,noname21y8,"tipis banget tu buah naga, kaya dompet gua"
7629918642364236565,2026-04-18T02:21:23.000Z,2,https://www.tiktok.com/@na_nasgor123/video/7628177588770458901,https://www.tiktok.com/@na_nasgor123/video/7628177588770458901?commentId=7629918642364236565,scraping_tiktok,naw74.r,nasi sekali hap habis tu
7628560637233611527,2026-04-14T10:31:37.000Z,2,https://www.tiktok.com/@na_nasgor123/video/7628177588770458901,https://www.tiktok.com/@na_nasgor123/video/7628177588770458901?commentId=7628560637233611527,scraping_tiktok,arinsukanasgor,anjirrr... seuprit😭
7628588354200060693,2026-04-14T12:19:08.000Z,2,https://www.tiktok.com/@na_nasgor123/video/7628177588770458901,https://www.tiktok.com/@na_nasgor123/video/7628177588770458901?commentId=7628588354200060693,scraping_tiktok,cipicapadubidabaaa,ya Allah tidak amanah sekali
7629307508179927826,2026-04-16T10:49:48.000Z,1,https://www.tiktok.com/@na_nasgor123/video/7628177588770458901,https://www.tiktok.com/@na_nasgor123/video/7628177588770458901?commentId=7629307508179927826,scraping_tiktok,_idafitri,Punten 🙏🏽🙏🏽
7639328574731289362,2026-05-13T10:56:39.000Z,3,https://www.tiktok.com/@na_nasgor123/video/7628177588770458901,https://www.tiktok.com/@na_nasgor123/video/7628177588770458901?commentId=7639328574731289362,scraping_tiktok,wegoingtotry,lambung : ihhhh geliii geliii 😭😭😭
7628629759921079047,2026-04-14T14:59:51.000Z,2,https://www.tiktok.com/@na_nasgor123/video/7628177588770458901,https://www.tiktok.com/@na_nasgor123/video/7628177588770458901?commentId=7628629759921079047,scraping_tiktok,bandardisinicmiww,"Di lambung geli"" gitu deh mn dtng nya siang lagi jam istirahat ke 2"
7629631544730796807,2026-04-17T07:47:14.000Z,2,https://www.tiktok.com/@na_nasgor123/video/7628177588770458901,https://www.tiktok.com/@na_nasgor123/video/7628177588770458901?commentId=7629631544730796807,scraping_tiktok,srr0ws,"wareg tipis"""
7629372809898230545,2026-04-16T15:03:09.000Z,2,https://www.tiktok.com/@na_nasgor123/video/7628177588770458901,https://www.tiktok.com/@na_nasgor123/video/7628177588770458901?commentId=7629372809898230545,scraping_tiktok,ndika2029,sedangkan sesajen🥰
7629330453363245842,2026-04-16T12:18:55.000Z,2,https://www.tiktok.com/@na_nasgor123/video/7628177588770458901,https://www.tiktok.com/@na_nasgor123/video/7628177588770458901?commentId=7629330453363245842,scraping_tiktok,zhaojjunnn,"oke oke harus lebih bersyukur mbg gw lebih berwarna dan gaada yg mini""😭😭😭"
7629328345374065428,2026-04-16T12:10:50.000Z,2,https://www.tiktok.com/@na_nasgor123/video/7628177588770458901,https://www.tiktok.com/@na_nasgor123/video/7628177588770458901?commentId=7629328345374065428,scraping_tiktok,sukasukaintan,porsi diet gue....
7629315251671401232,2026-04-16T11:19:56.000Z,2,https://www.tiktok.com/@na_nasgor123/video/7628177588770458901,https://www.tiktok.com/@na_nasgor123/video/7628177588770458901?commentId=7629315251671401232,scraping_tiktok,indah0844,mbgnya tidak fantast
7628550690119336711,2026-04-14T09:53:03.000Z,2,https://www.tiktok.com/@na_nasgor123/video/7628177588770458901,https://www.tiktok.com/@na_nasgor123/video/7628177588770458901?commentId=7628550690119336711,scraping_tiktok,sxshca,NGAKAK
7628546186051502864,2026-04-14T09:35:35.000Z,2,https://www.tiktok.com/@na_nasgor123/video/7628177588770458901,https://www.tiktok.com/@na_nasgor123/video/7628177588770458901?commentId=7628546186051502864,scraping_tiktok,its4waa_,nasi apaan itu jir dikit amat🥰
7628557949297132308,2026-04-14T10:21:14.000Z,3,https://www.tiktok.com/@na_nasgor123/video/7628177588770458901,https://www.tiktok.com/@na_nasgor123/video/7628177588770458901?commentId=7628557949297132308,scraping_tiktok,leonor8053,geli geli di lambung doang itu.
7628535593799222034,2026-04-14T08:54:29.000Z,2,https://www.tiktok.com/@na_nasgor123/video/7628177588770458901,https://www.tiktok.com/@na_nasgor123/video/7628177588770458901?commentId=7628535593799222034,scraping_tiktok,mmesooonnn,Ini mah dikit karna kuropsi😭
7629280547488072455,2026-04-16T09:05:22.000Z,1,https://www.tiktok.com/@na_nasgor123/video/7628177588770458901,https://www.tiktok.com/@na_nasgor123/video/7628177588770458901?commentId=7629280547488072455,scraping_tiktok,user56288972,my lele
7634931969901888274,2026-05-01T14:35:33.000Z,0,https://www.tiktok.com/@na_nasgor123/video/7628177588770458901,https://www.tiktok.com/@na_nasgor123/video/7628177588770458901?commentId=7634931969901888274,scraping_tiktok,giko_08,
7640016201514550024,2026-05-15T07:25:00.000Z,0,https://www.tiktok.com/@na_nasgor123/video/7628177588770458901,https://www.tiktok.com/@na_nasgor123/video/7628177588770458901?commentId=7640016201514550024,scraping_tiktok,kecayy70,buah naga semahal itu bro😭
7639597734487966484,2026-05-14T04:21:17.000Z,0,https://www.tiktok.com/@na_nasgor123/video/7628177588770458901,https://www.tiktok.com/@na_nasgor123/video/7628177588770458901?commentId=7639597734487966484,scraping_tiktok,vespertine_l,bikin lambung geter doang
7639732874477077264,2026-05-14T13:05:35.000Z,0,https://www.tiktok.com/@na_nasgor123/video/7628177588770458901,https://www.tiktok.com/@na_nasgor123/video/7628177588770458901?commentId=7639732874477077264,scraping_tiktok,kurapikakurapika377,Buah naga nya ramping banget diet ya? 😭
7639944091103527697,2026-05-15T02:45:17.000Z,0,https://www.tiktok.com/@na_nasgor123/video/7628177588770458901,https://www.tiktok.com/@na_nasgor123/video/7628177588770458901?commentId=7639944091103527697,scraping_tiktok,syhralyh.s,eumbuegue guaa
7638229912542069512,2026-05-10T11:53:18.000Z,1,https://www.tiktok.com/@na_nasgor123/video/7628177588770458901,https://www.tiktok.com/@na_nasgor123/video/7628177588770458901?commentId=7638229912542069512,scraping_tiktok,whosnelays,masih mending makanan anak kost akhir bulan
7639734920042611476,2026-05-14T13:13:32.000Z,0,https://www.tiktok.com/@na_nasgor123/video/7628177588770458901,https://www.tiktok.com/@na_nasgor123/video/7628177588770458901?commentId=7639734920042611476,scraping_tiktok,gyo.junior,"10 RB❌
3 RB✅"
7638234614276817672,2026-05-10T12:11:31.000Z,0,https://www.tiktok.com/@na_nasgor123/video/7628177588770458901,https://www.tiktok.com/@na_nasgor123/video/7628177588770458901?commentId=7638234614276817672,scraping_tiktok,uswathunhsnh_,"Itu ngga pelit bgt menu nya,prank"
7639613245636346632,2026-05-14T05:21:21.000Z,0,https://www.tiktok.com/@na_nasgor123/video/7628177588770458901,https://www.tiktok.com/@na_nasgor123/video/7628177588770458901?commentId=7639613245636346632,scraping_tiktok,louveiriea,mbg nya perlu mbg
7639615820158763796,2026-05-14T05:31:24.000Z,0,https://www.tiktok.com/@na_nasgor123/video/7628177588770458901,https://www.tiktok.com/@na_nasgor123/video/7628177588770458901?commentId=7639615820158763796,scraping_tiktok,user21282715563994,[Sticker] tidak fantas
7638859292862972693,2026-05-12T04:35:48.000Z,0,https://www.tiktok.com/@na_nasgor123/video/7628177588770458901,https://www.tiktok.com/@na_nasgor123/video/7628177588770458901?commentId=7638859292862972693,scraping_tiktok,fbbynrdhaa,buahnya diet ya?😂
7638966000193618709,2026-05-12T11:29:54.000Z,0,https://www.tiktok.com/@na_nasgor123/video/7628177588770458901,https://www.tiktok.com/@na_nasgor123/video/7628177588770458901?commentId=7638966000193618709,scraping_tiktok,loveryy_nis4,#ngga fantasssa~~💜
7639742250927391496,2026-05-14T13:41:59.000Z,0,https://www.tiktok.com/@na_nasgor123/video/7628177588770458901,https://www.tiktok.com/@na_nasgor123/video/7628177588770458901?commentId=7639742250927391496,scraping_tiktok,saaaawiitt,[Sticker] 
7638972156902408968,2026-05-12T11:53:33.000Z,0,https://www.tiktok.com/@na_nasgor123/video/7628177588770458901,https://www.tiktok.com/@na_nasgor123/video/7628177588770458901?commentId=7638972156902408968,scraping_tiktok,.jmitten,yaampun itu kebanyakan
7638977589822620433,2026-05-12T12:14:44.000Z,0,https://www.tiktok.com/@na_nasgor123/video/7628177588770458901,https://www.tiktok.com/@na_nasgor123/video/7628177588770458901?commentId=7638977589822620433,scraping_tiktok,nnailaaaaa1,[Sticker] 
7639619955285263124,2026-05-14T05:47:28.000Z,0,https://www.tiktok.com/@na_nasgor123/video/7628177588770458901,https://www.tiktok.com/@na_nasgor123/video/7628177588770458901?commentId=7639619955285263124,scraping_tiktok,shennlian,Ngeliatnya aja udah badmood gw
7635506250336748306,2026-05-03T03:44:15.000Z,0,https://www.tiktok.com/@na_nasgor123/video/7628177588770458901,https://www.tiktok.com/@na_nasgor123/video/7628177588770458901?commentId=7635506250336748306,scraping_tiktok,nexobizzz,sama naspad aja lebih mbg naspad
7639742902089106196,2026-05-14T13:44:31.000Z,0,https://www.tiktok.com/@na_nasgor123/video/7628177588770458901,https://www.tiktok.com/@na_nasgor123/video/7628177588770458901?commentId=7639742902089106196,scraping_tiktok,yamato81590,"wahh, udah turun berapa kg kak?"
7639743000474534674,2026-05-14T13:44:50.000Z,0,https://www.tiktok.com/@na_nasgor123/video/7628177588770458901,https://www.tiktok.com/@na_nasgor123/video/7628177588770458901?commentId=7639743000474534674,scraping_tiktok,gtwc0,geli geli d lambung doang anjir
7639974314859578128,2026-05-15T04:42:31.000Z,0,https://www.tiktok.com/@na_nasgor123/video/7628177588770458901,https://www.tiktok.com/@na_nasgor123/video/7628177588770458901?commentId=7639974314859578128,scraping_tiktok,neurodivergent.mf,diet IU jg kalah ini
7635546647011934997,2026-05-03T06:21:03.000Z,0,https://www.tiktok.com/@na_nasgor123/video/7628177588770458901,https://www.tiktok.com/@na_nasgor123/video/7628177588770458901?commentId=7635546647011934997,scraping_tiktok,dttadttata,APAAN BGTT AHAHAHAJ
7639280113016701717,2026-05-13T07:48:47.000Z,0,https://www.tiktok.com/@na_nasgor123/video/7628177588770458901,https://www.tiktok.com/@na_nasgor123/video/7628177588770458901?commentId=7639280113016701717,scraping_tiktok,heyhoinidayday_,"mbg mendukung ucapan ""gamau makan banyak deh, aku kan mau diet"""
7639288111935406864,2026-05-13T08:19:40.000Z,0,https://www.tiktok.com/@na_nasgor123/video/7628177588770458901,https://www.tiktok.com/@na_nasgor123/video/7628177588770458901?commentId=7639288111935406864,scraping_tiktok,kinzoku_bat23,g niat bnget kasi buah naga ny
7633760427163566855,2026-04-28T10:49:23.000Z,0,https://www.tiktok.com/@na_nasgor123/video/7628177588770458901,https://www.tiktok.com/@na_nasgor123/video/7628177588770458901?commentId=7633760427163566855,scraping_tiktok,anakindo1000,hm
7639974790811583233,2026-05-15T04:44:38.000Z,0,https://www.tiktok.com/@na_nasgor123/video/7628177588770458901,https://www.tiktok.com/@na_nasgor123/video/7628177588770458901?commentId=7639974790811583233,scraping_tiktok,refamaudimsumm,#mbgakhirbulan💜💜
7639634579118146324,2026-05-14T06:44:14.000Z,0,https://www.tiktok.com/@na_nasgor123/video/7628177588770458901,https://www.tiktok.com/@na_nasgor123/video/7628177588770458901?commentId=7639634579118146324,scraping_tiktok,juzs.mikha,sppg sekolah gw ganti menu nya makin enak
7639753419921687316,2026-05-14T14:25:19.000Z,0,https://www.tiktok.com/@na_nasgor123/video/7628177588770458901,https://www.tiktok.com/@na_nasgor123/video/7628177588770458901?commentId=7639753419921687316,scraping_tiktok,naneun_67,cuman geli geli lambung gua itu.
7639338044026618642,2026-05-13T11:33:27.000Z,0,https://www.tiktok.com/@na_nasgor123/video/7628177588770458901,https://www.tiktok.com/@na_nasgor123/video/7628177588770458901?commentId=7639338044026618642,scraping_tiktok,inimeimei_6,"itu buah naga nya kek badan gua, ramping😭"
7635939604293960469,2026-05-04T07:45:50.000Z,0,https://www.tiktok.com/@na_nasgor123/video/7628177588770458901,https://www.tiktok.com/@na_nasgor123/video/7628177588770458901?commentId=7635939604293960469,scraping_tiktok,cipakal9,mbg ngasi makan buat Idol kpop kah? 💜
7639341078311535368,2026-05-13T11:49:11.000Z,0,https://www.tiktok.com/@na_nasgor123/video/7628177588770458901,https://www.tiktok.com/@na_nasgor123/video/7628177588770458901?commentId=7639341078311535368,scraping_tiktok,nis_mura,sumpaahh ada mbg kaya ginii😭😭
7639342878116348692,2026-05-13T11:52:17.000Z,0,https://www.tiktok.com/@na_nasgor123/video/7628177588770458901,https://www.tiktok.com/@na_nasgor123/video/7628177588770458901?commentId=7639342878116348692,scraping_tiktok,user530211219480,apasij mbg diet ta ki😭
7640106585420071687,2026-05-15T13:15:48.000Z,0,https://www.tiktok.com/@na_nasgor123/video/7628177588770458901,https://www.tiktok.com/@na_nasgor123/video/7628177588770458901?commentId=7640106585420071687,scraping_tiktok,mutia2801___,Buah naganya setipis kesabaran gue
7634354750947148565,2026-04-30T01:16:01.000Z,0,https://www.tiktok.com/@na_nasgor123/video/7628177588770458901,https://www.tiktok.com/@na_nasgor123/video/7628177588770458901?commentId=7634354750947148565,scraping_tiktok,heiiinilisaa,mbg ku
7639352264101249812,2026-05-13T12:28:48.000Z,0,https://www.tiktok.com/@na_nasgor123/video/7628177588770458901,https://www.tiktok.com/@na_nasgor123/video/7628177588770458901?commentId=7639352264101249812,scraping_tiktok,just_tobiass,[Sticker] 
7639646764312429333,2026-05-14T07:31:34.000Z,0,https://www.tiktok.com/@na_nasgor123/video/7628177588770458901,https://www.tiktok.com/@na_nasgor123/video/7628177588770458901?commentId=7639646764312429333,scraping_tiktok,piaa.naa,Sangat bergizi bukan
7641491801510494983,2026-05-19T06:51:15.000Z,0,https://www.tiktok.com/@na_nasgor123/video/7628177588770458901,https://www.tiktok.com/@na_nasgor123/video/7628177588770458901?commentId=7641491801510494983,scraping_tiktok,_pziii1,bener ternyta mending di genti dengan program lain soal nya cman nguntungin dapur aja di kasih modal besarr tapi balik lagi tergantung kjujuran dpur gak tau ahh kaloo ngasih sran gni tkut slah ngomongh maf🙏🏻😭😭😭
7639361308421538580,2026-05-13T13:03:48.000Z,0,https://www.tiktok.com/@na_nasgor123/video/7628177588770458901,https://www.tiktok.com/@na_nasgor123/video/7628177588770458901?commentId=7639361308421538580,scraping_tiktok,isleofbreads,mbged
7634734321899045653,2026-05-01T01:48:46.000Z,0,https://www.tiktok.com/@na_nasgor123/video/7628177588770458901,https://www.tiktok.com/@na_nasgor123/video/7628177588770458901?commentId=7634734321899045653,scraping_tiktok,rara13788,korupsi itu kak katanya setiap mbg makanan itu 40 k totalnya
7639369747075203858,2026-05-13T13:36:23.000Z,0,https://www.tiktok.com/@na_nasgor123/video/7628177588770458901,https://www.tiktok.com/@na_nasgor123/video/7628177588770458901?commentId=7639369747075203858,scraping_tiktok,frankoocea0,[Sticker] 
7639791961322685185,2026-05-14T16:54:57.000Z,0,https://www.tiktok.com/@na_nasgor123/video/7628177588770458901,https://www.tiktok.com/@na_nasgor123/video/7628177588770458901?commentId=7639791961322685185,scraping_tiktok,matcha.beat.bin.kopling,mbg bayi sama mbg sekolah gw ternyata sama😭
7634876077735035666,2026-05-01T10:58:40.000Z,0,https://www.tiktok.com/@na_nasgor123/video/7628177588770458901,https://www.tiktok.com/@na_nasgor123/video/7628177588770458901?commentId=7634876077735035666,scraping_tiktok,naauuuajaa,my mbg
7639794929644225288,2026-05-14T17:06:19.000Z,0,https://www.tiktok.com/@na_nasgor123/video/7628177588770458901,https://www.tiktok.com/@na_nasgor123/video/7628177588770458901?commentId=7639794929644225288,scraping_tiktok,ghfrdh,geli geli gimana gitu
7639414698610443016,2026-05-13T16:30:54.000Z,0,https://www.tiktok.com/@na_nasgor123/video/7628177588770458901,https://www.tiktok.com/@na_nasgor123/video/7628177588770458901?commentId=7639414698610443016,scraping_tiktok,thanks_1006,tips diet si buah naga dong
7639453726835229441,2026-05-13T19:02:25.000Z,0,https://www.tiktok.com/@na_nasgor123/video/7628177588770458901,https://www.tiktok.com/@na_nasgor123/video/7628177588770458901?commentId=7639453726835229441,scraping_tiktok,crazy4queenn,kayanya itu 1 buah naga untuk semua
7635968218410943240,2026-05-04T09:36:47.000Z,0,https://www.tiktok.com/@na_nasgor123/video/7628177588770458901,https://www.tiktok.com/@na_nasgor123/video/7628177588770458901?commentId=7635968218410943240,scraping_tiktok,anakmamiganteng1,
7632628713935520533,2026-04-25T09:37:50.000Z,0,https://www.tiktok.com/@na_nasgor123/video/7628177588770458901,https://www.tiktok.com/@na_nasgor123/video/7628177588770458901?commentId=7632628713935520533,scraping_tiktok,xybjqwr,di aku gk ada susu jir
7639546008388846354,2026-05-14T01:00:28.000Z,0,https://www.tiktok.com/@na_nasgor123/video/7628177588770458901,https://www.tiktok.com/@na_nasgor123/video/7628177588770458901?commentId=7639546008388846354,scraping_tiktok,444keyra,15rb 😹
7628518026850386705,2026-04-14T07:46:29.000Z,4,https://www.tiktok.com/@na_nasgor123/video/7628177588770458901,https://www.tiktok.com/@na_nasgor123/video/7628177588770458901?commentId=7628518026850386705,scraping_tiktok,_itzzme.tam,[Sticker] pengen seramping buah naga deh
7628553606106465042,2026-04-14T10:04:12.000Z,3,https://www.tiktok.com/@na_nasgor123/video/7628177588770458901,https://www.tiktok.com/@na_nasgor123/video/7628177588770458901?commentId=7628553606106465042,scraping_tiktok,peringkls,lambung:geli geli anjir
7628563931053802260,2026-04-14T10:44:29.000Z,2,https://www.tiktok.com/@na_nasgor123/video/7628177588770458901,https://www.tiktok.com/@na_nasgor123/video/7628177588770458901?commentId=7628563931053802260,scraping_tiktok,najaeminnajaemin4,"buah naganya bisa buat ganti kartu ATM bjir, tipiss beutt"
7640082322502681345,2026-05-15T11:41:32.000Z,0,https://www.tiktok.com/@na_nasgor123/video/7628177588770458901,https://www.tiktok.com/@na_nasgor123/video/7628177588770458901?commentId=7640082322502681345,scraping_tiktok,youns_ss0,IM SKINNY BTW
7632620576775701269,2026-04-25T09:06:20.000Z,0,https://www.tiktok.com/@na_nasgor123/video/7628177588770458901,https://www.tiktok.com/@na_nasgor123/video/7628177588770458901?commentId=7632620576775701269,scraping_tiktok,silvi.syahrina,pelit banget.
7628540963996615440,2026-04-14T09:15:19.000Z,5,https://www.tiktok.com/@na_nasgor123/video/7628177588770458901,https://www.tiktok.com/@na_nasgor123/video/7628177588770458901?commentId=7628540963996615440,scraping_tiktok,kagura_lucu1,[Sticker] yg makan sekali udh 2-3 porsi
7631735053031555860,2026-04-22T23:50:26.000Z,1,https://www.tiktok.com/@na_nasgor123/video/7628177588770458901,https://www.tiktok.com/@na_nasgor123/video/7628177588770458901?commentId=7631735053031555860,scraping_tiktok,lideza_,[Sticker] seisi sekolah setelah menyantap mbg💜
7629266345477587732,2026-04-16T08:10:09.000Z,4,https://www.tiktok.com/@na_nasgor123/video/7628177588770458901,https://www.tiktok.com/@na_nasgor123/video/7628177588770458901?commentId=7629266345477587732,scraping_tiktok,dimassgy1,[Sticker] pemilik sppg nya =
7628592171100996370,2026-04-14T12:33:56.000Z,4,https://www.tiktok.com/@na_nasgor123/video/7628177588770458901,https://www.tiktok.com/@na_nasgor123/video/7628177588770458901?commentId=7628592171100996370,scraping_tiktok,beautiful_adara,[Sticker] pas liat naga nya
7630309912665342728,2026-04-19T03:39:50.000Z,3,https://www.tiktok.com/@na_nasgor123/video/7628177588770458901,https://www.tiktok.com/@na_nasgor123/video/7628177588770458901?commentId=7630309912665342728,scraping_tiktok,rrq.bowo,atmin nya😂😹😳
7629282320097149716,2026-04-16T09:12:11.000Z,3,https://www.tiktok.com/@na_nasgor123/video/7628177588770458901,https://www.tiktok.com/@na_nasgor123/video/7628177588770458901?commentId=7629282320097149716,scraping_tiktok,opl_sukataro,lagi pada bahas apa guys?
7629660721941988104,2026-04-17T09:40:29.000Z,3,https://www.tiktok.com/@na_nasgor123/video/7628177588770458901,https://www.tiktok.com/@na_nasgor123/video/7628177588770458901?commentId=7629660721941988104,scraping_tiktok,deade_28,medit anjir😭
7628531956413743892,2026-04-14T08:40:20.000Z,3,https://www.tiktok.com/@na_nasgor123/video/7628177588770458901,https://www.tiktok.com/@na_nasgor123/video/7628177588770458901?commentId=7628531956413743892,scraping_tiktok,khaslana3355033.6,dimakan habis pun cuma nyelilit di gigi
7634940142894170901,2026-05-01T15:07:24.000Z,1,https://www.tiktok.com/@na_nasgor123/video/7628177588770458901,https://www.tiktok.com/@na_nasgor123/video/7628177588770458901?commentId=7634940142894170901,scraping_tiktok,kamukenapa981,buah naga nya jadi kurus saking diet ekstrim
7629265650578244360,2026-04-16T08:07:24.000Z,2,https://www.tiktok.com/@na_nasgor123/video/7628177588770458901,https://www.tiktok.com/@na_nasgor123/video/7628177588770458901?commentId=7629265650578244360,scraping_tiktok,wuwaa0_0,[Sticker] nasi nyaa😭
7628615558855426834,2026-04-14T14:04:45.000Z,2,https://www.tiktok.com/@na_nasgor123/video/7628177588770458901,https://www.tiktok.com/@na_nasgor123/video/7628177588770458901?commentId=7628615558855426834,scraping_tiktok,fiyolw,cuman jadi taik gigik anj 😭😭
7629369355286037255,2026-04-16T14:49:47.000Z,2,https://www.tiktok.com/@na_nasgor123/video/7628177588770458901,https://www.tiktok.com/@na_nasgor123/video/7628177588770458901?commentId=7629369355286037255,scraping_tiktok,indir_amz,"serius buah naga nya segitu😭
di sekolah ku buah naga kayak satu buah gitu,yaampun yg sabar ya kaka kasian perutnya🤧"
7629630546150523665,2026-04-17T07:43:21.000Z,2,https://www.tiktok.com/@na_nasgor123/video/7628177588770458901,https://www.tiktok.com/@na_nasgor123/video/7628177588770458901?commentId=7629630546150523665,scraping_tiktok,malik20_12,aw besty aw
7628581278418764552,2026-04-14T11:51:43.000Z,2,https://www.tiktok.com/@na_nasgor123/video/7628177588770458901,https://www.tiktok.com/@na_nasgor123/video/7628177588770458901?commentId=7628581278418764552,scraping_tiktok,ihsanmfdi,buah naga apa pisau tajem amat
7628511973421056775,2026-04-14T07:22:47.000Z,2,https://www.tiktok.com/@na_nasgor123/video/7628177588770458901,https://www.tiktok.com/@na_nasgor123/video/7628177588770458901?commentId=7628511973421056775,scraping_tiktok,r3viaurledamame,[Sticker] GAKUWAT BGT ASLI😭💔 KASIAN BGT
7628612551160611605,2026-04-14T13:52:59.000Z,2,https://www.tiktok.com/@na_nasgor123/video/7628177588770458901,https://www.tiktok.com/@na_nasgor123/video/7628177588770458901?commentId=7628612551160611605,scraping_tiktok,ynggyla,wedi kebeler aku
7628530702719664916,2026-04-14T08:35:25.000Z,2,https://www.tiktok.com/@na_nasgor123/video/7628177588770458901,https://www.tiktok.com/@na_nasgor123/video/7628177588770458901?commentId=7628530702719664916,scraping_tiktok,sal.m00n,"""ngasi makan hamster yg lagi diet karbo"" NGAKAK😭"
7628545645717111573,2026-04-14T09:33:30.000Z,4,https://www.tiktok.com/@na_nasgor123/video/7628177588770458901,https://www.tiktok.com/@na_nasgor123/video/7628177588770458901?commentId=7628545645717111573,scraping_tiktok,clayr4aa,untung masih mending😞
7629350525549200135,2026-04-16T13:36:41.000Z,2,https://www.tiktok.com/@na_nasgor123/video/7628177588770458901,https://www.tiktok.com/@na_nasgor123/video/7628177588770458901?commentId=7629350525549200135,scraping_tiktok,only_parr,[Sticker] lewat doang itu mah
7628610656631833362,2026-04-14T13:45:40.000Z,2,https://www.tiktok.com/@na_nasgor123/video/7628177588770458901,https://www.tiktok.com/@na_nasgor123/video/7628177588770458901?commentId=7628610656631833362,scraping_tiktok,user095664577,"ihhhh ak gk bisa buka fotonya, kirim dongg"
7629599859674743572,2026-04-17T05:44:21.000Z,2,https://www.tiktok.com/@na_nasgor123/video/7628177588770458901,https://www.tiktok.com/@na_nasgor123/video/7628177588770458901?commentId=7629599859674743572,scraping_tiktok,panji.aja86,"lambungnya:
kenyang❌
geli geli✅"
7628523335844692737,2026-04-14T08:06:56.000Z,3,https://www.tiktok.com/@na_nasgor123/video/7628177588770458901,https://www.tiktok.com/@na_nasgor123/video/7628177588770458901?commentId=7628523335844692737,scraping_tiktok,sawerdog,[Sticker] mi apter makan embege itu bilaik:💜💜
7639641787266663188,2026-05-14T07:12:08.000Z,1,https://www.tiktok.com/@na_nasgor123/video/7628177588770458901,https://www.tiktok.com/@na_nasgor123/video/7628177588770458901?commentId=7639641787266663188,scraping_tiktok,tm_11320,ANJ BNGTT 😭😭
7639358418180522759,2026-05-13T12:52:30.000Z,1,https://www.tiktok.com/@na_nasgor123/video/7628177588770458901,https://www.tiktok.com/@na_nasgor123/video/7628177588770458901?commentId=7639358418180522759,scraping_tiktok,cibidubykuki,"[Sticker] aku daper dendeng keras pol kyk karet gas, mana seuprit lagi"
7629348820552123157,2026-04-16T13:30:13.000Z,2,https://www.tiktok.com/@na_nasgor123/video/7628177588770458901,https://www.tiktok.com/@na_nasgor123/video/7628177588770458901?commentId=7629348820552123157,scraping_tiktok,ineesszz,buat geli geli lambung
7629303122888065808,2026-04-16T10:32:49.000Z,2,https://www.tiktok.com/@na_nasgor123/video/7628177588770458901,https://www.tiktok.com/@na_nasgor123/video/7628177588770458901?commentId=7629303122888065808,scraping_tiktok,whiteroobin,lebih banyak porsi kucing gua anj😭
7628682416324838151,2026-04-14T18:24:11.000Z,2,https://www.tiktok.com/@na_nasgor123/video/7628177588770458901,https://www.tiktok.com/@na_nasgor123/video/7628177588770458901?commentId=7628682416324838151,scraping_tiktok,hidoepayamgefrek,geli geli doang di lambung
7629940458219815696,2026-04-18T03:46:09.000Z,1,https://www.tiktok.com/@na_nasgor123/video/7628177588770458901,https://www.tiktok.com/@na_nasgor123/video/7628177588770458901?commentId=7629940458219815696,scraping_tiktok,pelenger254,MBG/mbg
7629933569595605777,2026-04-18T03:19:27.000Z,1,https://www.tiktok.com/@na_nasgor123/video/7628177588770458901,https://www.tiktok.com/@na_nasgor123/video/7628177588770458901?commentId=7629933569595605777,scraping_tiktok,tahubulattdadakannwk,Adain buat mahasiswa plisss🫠
7629919626210067218,2026-04-18T02:25:18.000Z,1,https://www.tiktok.com/@na_nasgor123/video/7628177588770458901,https://www.tiktok.com/@na_nasgor123/video/7628177588770458901?commentId=7629919626210067218,scraping_tiktok,just_aaknakk,[Sticker] sppg Kaka nya : hehe
7629916804132111122,2026-04-18T02:14:16.000Z,1,https://www.tiktok.com/@na_nasgor123/video/7628177588770458901,https://www.tiktok.com/@na_nasgor123/video/7628177588770458901?commentId=7629916804132111122,scraping_tiktok,zahraaaa.a02,@rara🦸 @nayy @cylaa @intaann🎀 tidak fantassss
7629904986986496776,2026-04-18T01:28:27.000Z,1,https://www.tiktok.com/@na_nasgor123/video/7628177588770458901,https://www.tiktok.com/@na_nasgor123/video/7628177588770458901?commentId=7629904986986496776,scraping_tiktok,yappingg994,ayam di mbg 😭😭😭😭😭
7629904161769341713,2026-04-18T01:25:21.000Z,1,https://www.tiktok.com/@na_nasgor123/video/7628177588770458901,https://www.tiktok.com/@na_nasgor123/video/7628177588770458901?commentId=7629904161769341713,scraping_tiktok,hanua.rblx,INI MAH KLO DI KELASKU YG COWO LANGSUNG AMBIL 3 😭
7629894358564668181,2026-04-18T00:47:11.000Z,1,https://www.tiktok.com/@na_nasgor123/video/7628177588770458901,https://www.tiktok.com/@na_nasgor123/video/7628177588770458901?commentId=7629894358564668181,scraping_tiktok,itz_annasya._.adreena,lambung:apasih ini geli geli aw aw
7629785798713361159,2026-04-17T17:45:54.000Z,1,https://www.tiktok.com/@na_nasgor123/video/7628177588770458901,https://www.tiktok.com/@na_nasgor123/video/7628177588770458901?commentId=7629785798713361159,scraping_tiktok,mindipanggilnengok,itu buah naga atau jembatan Sidratul Muntaha😹
7629724445557883666,2026-04-17T13:47:44.000Z,1,https://www.tiktok.com/@na_nasgor123/video/7628177588770458901,https://www.tiktok.com/@na_nasgor123/video/7628177588770458901?commentId=7629724445557883666,scraping_tiktok,euhyung08,tahu nya nggk ikut tipis🥰💔
7629714564897178388,2026-04-17T13:09:29.000Z,1,https://www.tiktok.com/@na_nasgor123/video/7628177588770458901,https://www.tiktok.com/@na_nasgor123/video/7628177588770458901?commentId=7629714564897178388,scraping_tiktok,li_na059,[Sticker] tidak fantashh
7629707831327359762,2026-04-17T12:43:12.000Z,1,https://www.tiktok.com/@na_nasgor123/video/7628177588770458901,https://www.tiktok.com/@na_nasgor123/video/7628177588770458901?commentId=7629707831327359762,scraping_tiktok,terserah.akusih,"sebenernya semua itu sesuai porsi ya gais, kalo untuk anak TK mungkin itu cukup"
7629706212339368724,2026-04-17T12:37:04.000Z,1,https://www.tiktok.com/@na_nasgor123/video/7628177588770458901,https://www.tiktok.com/@na_nasgor123/video/7628177588770458901?commentId=7629706212339368724,scraping_tiktok,scc_qis5,kenyang ajah kaga itu mah cuman lewat tenggorokan 😂😂
7629701485442171665,2026-04-17T12:18:46.000Z,1,https://www.tiktok.com/@na_nasgor123/video/7628177588770458901,https://www.tiktok.com/@na_nasgor123/video/7628177588770458901?commentId=7629701485442171665,scraping_tiktok,hilhaww2021,[Sticker] hei hei hei
7629701230755267348,2026-04-17T12:17:41.000Z,1,https://www.tiktok.com/@na_nasgor123/video/7628177588770458901,https://www.tiktok.com/@na_nasgor123/video/7628177588770458901?commentId=7629701230755267348,scraping_tiktok,flair.glamour4,geli geli lambung doang itu
7629699727102427922,2026-04-17T12:11:52.000Z,1,https://www.tiktok.com/@na_nasgor123/video/7628177588770458901,https://www.tiktok.com/@na_nasgor123/video/7628177588770458901?commentId=7629699727102427922,scraping_tiktok,alisya_931,tidak fantassst🔥🔥🔥
7629698981308810002,2026-04-17T12:08:57.000Z,1,https://www.tiktok.com/@na_nasgor123/video/7628177588770458901,https://www.tiktok.com/@na_nasgor123/video/7628177588770458901?commentId=7629698981308810002,scraping_tiktok,prettyy_nayyyyy,menu yang tidak idaman🥰🥰
7629695123073336071,2026-04-17T11:53:59.000Z,1,https://www.tiktok.com/@na_nasgor123/video/7628177588770458901,https://www.tiktok.com/@na_nasgor123/video/7628177588770458901?commentId=7629695123073336071,scraping_tiktok,fajrial_,kalo di hapus artinya..
7629690513712923409,2026-04-17T11:36:04.000Z,1,https://www.tiktok.com/@na_nasgor123/video/7628177588770458901,https://www.tiktok.com/@na_nasgor123/video/7628177588770458901?commentId=7629690513712923409,scraping_tiktok,kukume000000,[Sticker] ntu nasi juga gk bakal sampe lambung
7629689188686349072,2026-04-17T11:31:01.000Z,1,https://www.tiktok.com/@na_nasgor123/video/7628177588770458901,https://www.tiktok.com/@na_nasgor123/video/7628177588770458901?commentId=7629689188686349072,scraping_tiktok,thismynezzlyn,[Sticker] komen paling atass
7629684519906657045,2026-04-17T11:12:57.000Z,1,https://www.tiktok.com/@na_nasgor123/video/7628177588770458901,https://www.tiktok.com/@na_nasgor123/video/7628177588770458901?commentId=7629684519906657045,scraping_tiktok,yeoja255,@Fatimah🐝 @jjjj@selsabella875
7629683154672927506,2026-04-17T11:07:32.000Z,1,https://www.tiktok.com/@na_nasgor123/video/7628177588770458901,https://www.tiktok.com/@na_nasgor123/video/7628177588770458901?commentId=7629683154672927506,scraping_tiktok,yapiyo.0_o,assalamualaikum cuma mau kirfot makasih
7629680352027280148,2026-04-17T10:56:43.000Z,1,https://www.tiktok.com/@na_nasgor123/video/7628177588770458901,https://www.tiktok.com/@na_nasgor123/video/7628177588770458901?commentId=7629680352027280148,scraping_tiktok,aruna_raina,[Sticker] di aku belum dapet
7629676123194491649,2026-04-17T10:40:15.000Z,1,https://www.tiktok.com/@na_nasgor123/video/7628177588770458901,https://www.tiktok.com/@na_nasgor123/video/7628177588770458901?commentId=7629676123194491649,scraping_tiktok,danzzi070,lebih kenyang mie di kantin 🤭
7629665160782086933,2026-04-17T09:57:50.000Z,1,https://www.tiktok.com/@na_nasgor123/video/7628177588770458901,https://www.tiktok.com/@na_nasgor123/video/7628177588770458901?commentId=7629665160782086933,scraping_tiktok,killuazoladack2,mbg edisi diet🥰
7629649096642413319,2026-04-17T08:55:18.000Z,1,https://www.tiktok.com/@na_nasgor123/video/7628177588770458901,https://www.tiktok.com/@na_nasgor123/video/7628177588770458901?commentId=7629649096642413319,scraping_tiktok,lysztarlight,"di tempat ku endyul si, kek chicken grill, ada juga yang mirip hokben, steak, jujur enak"
7629647924641596178,2026-04-17T08:50:52.000Z,1,https://www.tiktok.com/@na_nasgor123/video/7628177588770458901,https://www.tiktok.com/@na_nasgor123/video/7628177588770458901?commentId=7629647924641596178,scraping_tiktok,foreigners_02.08_09_13,[Sticker] ka itu versi porsi kecil kah
7629647105079051024,2026-04-17T08:47:53.000Z,1,https://www.tiktok.com/@na_nasgor123/video/7628177588770458901,https://www.tiktok.com/@na_nasgor123/video/7628177588770458901?commentId=7629647105079051024,scraping_tiktok,azazoth67,ni bg cuman ayam suir mana keras lagi😹(cuman susu yg normal)
7629643329889960721,2026-04-17T08:33:02.000Z,1,https://www.tiktok.com/@na_nasgor123/video/7628177588770458901,https://www.tiktok.com/@na_nasgor123/video/7628177588770458901?commentId=7629643329889960721,scraping_tiktok,rawrr2557,TIDAK FANTASSTT🥰
7629634858923246357,2026-04-17T08:00:13.000Z,1,https://www.tiktok.com/@na_nasgor123/video/7628177588770458901,https://www.tiktok.com/@na_nasgor123/video/7628177588770458901?commentId=7629634858923246357,scraping_tiktok,arslan743_,[Sticker] 🗿
7632624571162493717,2026-04-25T09:21:50.000Z,0,https://www.tiktok.com/@na_nasgor123/video/7628177588770458901,https://www.tiktok.com/@na_nasgor123/video/7628177588770458901?commentId=7632624571162493717,scraping_tiktok,laraforryouu,sedangkan mbg gue :
7639592765504094996,2026-05-14T04:01:57.000Z,0,https://www.tiktok.com/@na_nasgor123/video/7628177588770458901,https://www.tiktok.com/@na_nasgor123/video/7628177588770458901?commentId=7639592765504094996,scraping_tiktok,whos5therr,KIKIR BGT ANYING 😭😭
7629631108313809680,2026-04-17T07:45:33.000Z,1,https://www.tiktok.com/@na_nasgor123/video/7628177588770458901,https://www.tiktok.com/@na_nasgor123/video/7628177588770458901?commentId=7629631108313809680,scraping_tiktok,raraaa_stecu10,cuman nyempil di gigi itu mahh😭🙏
7629627160789566228,2026-04-17T07:30:17.000Z,1,https://www.tiktok.com/@na_nasgor123/video/7628177588770458901,https://www.tiktok.com/@na_nasgor123/video/7628177588770458901?commentId=7629627160789566228,scraping_tiktok,ayaya.bsa12,lambung: cuma bwt geli gelian aja ini mah
7629625538784887570,2026-04-17T07:23:55.000Z,1,https://www.tiktok.com/@na_nasgor123/video/7628177588770458901,https://www.tiktok.com/@na_nasgor123/video/7628177588770458901?commentId=7629625538784887570,scraping_tiktok,yayaaw159,@Nadhiraimoet💤 @Levíi @laaaa🫧 @🧚🏻‍♀️ @𝙻𝚊𝚝𝚝ᥱ𝓔.𝚣𝚣 @@AzKiA💤👅🤍 @Hearts2Hearts
7629620722872845077,2026-04-17T07:05:19.000Z,1,https://www.tiktok.com/@na_nasgor123/video/7628177588770458901,https://www.tiktok.com/@na_nasgor123/video/7628177588770458901?commentId=7629620722872845077,scraping_tiktok,syifa_1973,[Sticker] 
7629619848142996244,2026-04-17T07:01:58.000Z,1,https://www.tiktok.com/@na_nasgor123/video/7628177588770458901,https://www.tiktok.com/@na_nasgor123/video/7628177588770458901?commentId=7629619848142996244,scraping_tiktok,mhdkhamimas,sego sak pulukan
7629617836058837777,2026-04-17T06:54:04.000Z,1,https://www.tiktok.com/@na_nasgor123/video/7628177588770458901,https://www.tiktok.com/@na_nasgor123/video/7628177588770458901?commentId=7629617836058837777,scraping_tiktok,user68867573286740,"tempat ku lauknya enak, nasi nya banyak gak sedikit itu😭"
7629617403156071189,2026-04-17T06:52:21.000Z,1,https://www.tiktok.com/@na_nasgor123/video/7628177588770458901,https://www.tiktok.com/@na_nasgor123/video/7628177588770458901?commentId=7629617403156071189,scraping_tiktok,yj.eh,[Sticker] Tidak Fantasstt
7629616508201370385,2026-04-17T06:48:55.000Z,1,https://www.tiktok.com/@na_nasgor123/video/7628177588770458901,https://www.tiktok.com/@na_nasgor123/video/7628177588770458901?commentId=7629616508201370385,scraping_tiktok,fiiit5268,saus nyaaa...
7629586076286501640,2026-04-17T04:50:53.000Z,1,https://www.tiktok.com/@na_nasgor123/video/7628177588770458901,https://www.tiktok.com/@na_nasgor123/video/7628177588770458901?commentId=7629586076286501640,scraping_tiktok,_reyz.1,
7629581480477999879,2026-04-17T04:32:58.000Z,1,https://www.tiktok.com/@na_nasgor123/video/7628177588770458901,https://www.tiktok.com/@na_nasgor123/video/7628177588770458901?commentId=7629581480477999879,scraping_tiktok,km4liyie._,melirik pun tak mau🙂
7629574847622071060,2026-04-17T04:07:15.000Z,1,https://www.tiktok.com/@na_nasgor123/video/7628177588770458901,https://www.tiktok.com/@na_nasgor123/video/7628177588770458901?commentId=7629574847622071060,scraping_tiktok,rfethmratte2,😭😭
7629571850289480456,2026-04-17T03:55:41.000Z,1,https://www.tiktok.com/@na_nasgor123/video/7628177588770458901,https://www.tiktok.com/@na_nasgor123/video/7628177588770458901?commentId=7629571850289480456,scraping_tiktok,dram.s15,ngepress banget 5k juga gk ada ini 😭
7629570838594175764,2026-04-17T03:51:52.000Z,1,https://www.tiktok.com/@na_nasgor123/video/7628177588770458901,https://www.tiktok.com/@na_nasgor123/video/7628177588770458901?commentId=7629570838594175764,scraping_tiktok,bellatrixxyeee,gk kuat sma captionny😭😭
7629565095219331861,2026-04-17T03:29:26.000Z,1,https://www.tiktok.com/@na_nasgor123/video/7628177588770458901,https://www.tiktok.com/@na_nasgor123/video/7628177588770458901?commentId=7629565095219331861,scraping_tiktok,lope_bts2,di gua satu lahap itu mah.
7629529034003874580,2026-04-17T01:09:43.000Z,1,https://www.tiktok.com/@na_nasgor123/video/7628177588770458901,https://www.tiktok.com/@na_nasgor123/video/7628177588770458901?commentId=7629529034003874580,scraping_tiktok,rayyanaanr,Dimana ini kak
7629491355790770962,2026-04-16T22:43:24.000Z,1,https://www.tiktok.com/@na_nasgor123/video/7628177588770458901,https://www.tiktok.com/@na_nasgor123/video/7628177588770458901?commentId=7629491355790770962,scraping_tiktok,choiiny,MBG porsi geli² di lambung
7628613282718499602,2026-04-14T13:55:49.000Z,1,https://www.tiktok.com/@na_nasgor123/video/7628177588770458901,https://www.tiktok.com/@na_nasgor123/video/7628177588770458901?commentId=7628613282718499602,scraping_tiktok,mlovvxs_,ini yg idol kpop makan sehari hari ya..?
7628678842433749767,2026-04-14T18:10:16.000Z,1,https://www.tiktok.com/@na_nasgor123/video/7628177588770458901,https://www.tiktok.com/@na_nasgor123/video/7628177588770458901?commentId=7628678842433749767,scraping_tiktok,ultra_leica,uangnya kenyang di oknum pengurus mbg
7630099945018082068,2026-04-18T14:04:54.000Z,1,https://www.tiktok.com/@na_nasgor123/video/7628177588770458901,https://www.tiktok.com/@na_nasgor123/video/7628177588770458901?commentId=7630099945018082068,scraping_tiktok,url0vely.keyshaimup,geli geli di lambung doang 😭
7630275810789589781,2026-04-19T01:27:31.000Z,1,https://www.tiktok.com/@na_nasgor123/video/7628177588770458901,https://www.tiktok.com/@na_nasgor123/video/7628177588770458901?commentId=7630275810789589781,scraping_tiktok,onlyr.arraaa,cuma ngegelitikin lambung aj
7630284251544142600,2026-04-19T02:00:09.000Z,1,https://www.tiktok.com/@na_nasgor123/video/7628177588770458901,https://www.tiktok.com/@na_nasgor123/video/7628177588770458901?commentId=7630284251544142600,scraping_tiktok,putri_kalista25,geli geli di tenggorokan
7628601682638095112,2026-04-14T13:10:54.000Z,1,https://www.tiktok.com/@na_nasgor123/video/7628177588770458901,https://www.tiktok.com/@na_nasgor123/video/7628177588770458901?commentId=7628601682638095112,scraping_tiktok,_sann.taa,@ハッゼル~ 😭
7628611927811572497,2026-04-14T13:50:32.000Z,1,https://www.tiktok.com/@na_nasgor123/video/7628177588770458901,https://www.tiktok.com/@na_nasgor123/video/7628177588770458901?commentId=7628611927811572497,scraping_tiktok,kayyieeee__,@s
7628611551110251284,2026-04-14T13:49:12.000Z,1,https://www.tiktok.com/@na_nasgor123/video/7628177588770458901,https://www.tiktok.com/@na_nasgor123/video/7628177588770458901?commentId=7628611551110251284,scraping_tiktok,coco4husb4nd,[Sticker] buah naganya:
7630447468917064468,2026-04-19T12:33:34.000Z,1,https://www.tiktok.com/@na_nasgor123/video/7628177588770458901,https://www.tiktok.com/@na_nasgor123/video/7628177588770458901?commentId=7630447468917064468,scraping_tiktok,xszv15,sepi bngt
7630458176752599828,2026-04-19T13:15:03.000Z,1,https://www.tiktok.com/@na_nasgor123/video/7628177588770458901,https://www.tiktok.com/@na_nasgor123/video/7628177588770458901?commentId=7630458176752599828,scraping_tiktok,joeyiee__,ceking banget buah naga nyaa 😭
7628610621776528148,2026-04-14T13:45:31.000Z,1,https://www.tiktok.com/@na_nasgor123/video/7628177588770458901,https://www.tiktok.com/@na_nasgor123/video/7628177588770458901?commentId=7628610621776528148,scraping_tiktok,zara_nadia00,[Sticker] 
7628613441045103380,2026-04-14T13:56:26.000Z,1,https://www.tiktok.com/@na_nasgor123/video/7628177588770458901,https://www.tiktok.com/@na_nasgor123/video/7628177588770458901?commentId=7628613441045103380,scraping_tiktok,sch4tz1i,@exc.nnα @Yoka1
7628609232610263828,2026-04-14T13:40:06.000Z,1,https://www.tiktok.com/@na_nasgor123/video/7628177588770458901,https://www.tiktok.com/@na_nasgor123/video/7628177588770458901?commentId=7628609232610263828,scraping_tiktok,ucupatletbalap,@put pulang ada mie ayam
7628604953708741397,2026-04-14T13:23:38.000Z,1,https://www.tiktok.com/@na_nasgor123/video/7628177588770458901,https://www.tiktok.com/@na_nasgor123/video/7628177588770458901?commentId=7628604953708741397,scraping_tiktok,trieenxyz,lampung: geli geli gimana gitu..
7628606021962924816,2026-04-14T13:27:36.000Z,1,https://www.tiktok.com/@na_nasgor123/video/7628177588770458901,https://www.tiktok.com/@na_nasgor123/video/7628177588770458901?commentId=7628606021962924816,scraping_tiktok,prancisca_,@anie- n @mustika ketaren
7628608145728570133,2026-04-14T13:35:59.000Z,1,https://www.tiktok.com/@na_nasgor123/video/7628177588770458901,https://www.tiktok.com/@na_nasgor123/video/7628177588770458901?commentId=7628608145728570133,scraping_tiktok,liaaaw._,menurut klean gmna
7628608070189220626,2026-04-14T13:35:37.000Z,1,https://www.tiktok.com/@na_nasgor123/video/7628177588770458901,https://www.tiktok.com/@na_nasgor123/video/7628177588770458901?commentId=7628608070189220626,scraping_tiktok,szaturn.n,ini mbg nya ENAK BANGET 🥰
7628607594278486804,2026-04-14T13:33:52.000Z,1,https://www.tiktok.com/@na_nasgor123/video/7628177588770458901,https://www.tiktok.com/@na_nasgor123/video/7628177588770458901?commentId=7628607594278486804,scraping_tiktok,aicalalaw,ala keri keri tok di lambung itu
7628618923810243344,2026-04-14T14:17:42.000Z,1,https://www.tiktok.com/@na_nasgor123/video/7628177588770458901,https://www.tiktok.com/@na_nasgor123/video/7628177588770458901?commentId=7628618923810243344,scraping_tiktok,nsyah_a,"Semua makanan itu bergizi ya,cuman kandungan gizinya aja ada yang cukup ada yng ga tercukupi"
7628600020136624916,2026-04-14T13:04:27.000Z,1,https://www.tiktok.com/@na_nasgor123/video/7628177588770458901,https://www.tiktok.com/@na_nasgor123/video/7628177588770458901?commentId=7628600020136624916,scraping_tiktok,iceee180,[Sticker] diet masal tha iki?
7630036651884217109,2026-04-18T09:59:17.000Z,1,https://www.tiktok.com/@na_nasgor123/video/7628177588770458901,https://www.tiktok.com/@na_nasgor123/video/7628177588770458901?commentId=7630036651884217109,scraping_tiktok,albwhyyyy,@JandaTawa @JandaTawa.02 😭😭😭
7639581905482121992,2026-05-14T03:19:45.000Z,0,https://www.tiktok.com/@na_nasgor123/video/7628177588770458901,https://www.tiktok.com/@na_nasgor123/video/7628177588770458901?commentId=7639581905482121992,scraping_tiktok,pengenjadi._mermed,buah naga nya korban mbg😭
7635144063055233799,2026-05-02T04:18:45.000Z,0,https://www.tiktok.com/@na_nasgor123/video/7628177588770458901,https://www.tiktok.com/@na_nasgor123/video/7628177588770458901?commentId=7635144063055233799,scraping_tiktok,orangimuph0_o,itumah buah naga nya yg diet ekstrem
7630031761024631572,2026-04-18T09:40:24.000Z,1,https://www.tiktok.com/@na_nasgor123/video/7628177588770458901,https://www.tiktok.com/@na_nasgor123/video/7628177588770458901?commentId=7630031761024631572,scraping_tiktok,user9620328020052,[Sticker] tidak fantashh
7630027764208960257,2026-04-18T09:24:48.000Z,1,https://www.tiktok.com/@na_nasgor123/video/7628177588770458901,https://www.tiktok.com/@na_nasgor123/video/7628177588770458901?commentId=7630027764208960257,scraping_tiktok,judw4e_,cuman geli geli lambung inima
7630017883615445781,2026-04-18T08:46:27.000Z,1,https://www.tiktok.com/@na_nasgor123/video/7628177588770458901,https://www.tiktok.com/@na_nasgor123/video/7628177588770458901?commentId=7630017883615445781,scraping_tiktok,sh0uu_.1,buah naga tipker
7629992471019438866,2026-04-18T07:07:47.000Z,1,https://www.tiktok.com/@na_nasgor123/video/7628177588770458901,https://www.tiktok.com/@na_nasgor123/video/7628177588770458901?commentId=7629992471019438866,scraping_tiktok,tz_asyaa4,nasi nya cuman 2 suap sendok jir 🥰😭
7629984349467263761,2026-04-18T06:36:24.000Z,1,https://www.tiktok.com/@na_nasgor123/video/7628177588770458901,https://www.tiktok.com/@na_nasgor123/video/7628177588770458901?commentId=7629984349467263761,scraping_tiktok,nana.loverany,ya ampunnn..buah naganya setipis harapan dimasa depan
7629975377629020946,2026-04-18T06:01:29.000Z,1,https://www.tiktok.com/@na_nasgor123/video/7628177588770458901,https://www.tiktok.com/@na_nasgor123/video/7628177588770458901?commentId=7629975377629020946,scraping_tiktok,eca141112,geli geli di lambung
7629971913724887815,2026-04-18T05:48:02.000Z,1,https://www.tiktok.com/@na_nasgor123/video/7628177588770458901,https://www.tiktok.com/@na_nasgor123/video/7628177588770458901?commentId=7629971913724887815,scraping_tiktok,nrlimeliaa,@Linda 𝐂𝐔𝐓𝐄🕸️ @ida @️
7629956283864630034,2026-04-18T04:47:27.000Z,1,https://www.tiktok.com/@na_nasgor123/video/7628177588770458901,https://www.tiktok.com/@na_nasgor123/video/7628177588770458901?commentId=7629956283864630034,scraping_tiktok,yecaya10,buat geli geli lambung
7629941135942648596,2026-04-18T03:48:40.000Z,1,https://www.tiktok.com/@na_nasgor123/video/7628177588770458901,https://www.tiktok.com/@na_nasgor123/video/7628177588770458901?commentId=7629941135942648596,scraping_tiktok,zyru002,inimah makanan idol
7629941067903042305,2026-04-18T03:48:22.000Z,1,https://www.tiktok.com/@na_nasgor123/video/7628177588770458901,https://www.tiktok.com/@na_nasgor123/video/7628177588770458901?commentId=7629941067903042305,scraping_tiktok,sseraphiineee,MBG SEKOLAH GW JUGA GINI ANJIR WAHAHAHAHAHAHAH
7629386207218893576,2026-04-16T15:55:10.000Z,1,https://www.tiktok.com/@na_nasgor123/video/7628177588770458901,https://www.tiktok.com/@na_nasgor123/video/7628177588770458901?commentId=7629386207218893576,scraping_tiktok,keyyoo90,[Sticker] buset buah nya
7629385825298498320,2026-04-16T15:53:42.000Z,1,https://www.tiktok.com/@na_nasgor123/video/7628177588770458901,https://www.tiktok.com/@na_nasgor123/video/7628177588770458901?commentId=7629385825298498320,scraping_tiktok,llya_rmdn,@🦫 @pebbyy @adeliaaaaa•
7629361562789282577,2026-04-16T14:19:44.000Z,1,https://www.tiktok.com/@na_nasgor123/video/7628177588770458901,https://www.tiktok.com/@na_nasgor123/video/7628177588770458901?commentId=7629361562789282577,scraping_tiktok,hasirama_10,kentut aja udah laper lagi
7629360442251248404,2026-04-16T14:15:16.000Z,1,https://www.tiktok.com/@na_nasgor123/video/7628177588770458901,https://www.tiktok.com/@na_nasgor123/video/7628177588770458901?commentId=7629360442251248404,scraping_tiktok,eijey_v,[Sticker] MBG : tes ombak dulu
7629359630741209876,2026-04-16T14:12:05.000Z,1,https://www.tiktok.com/@na_nasgor123/video/7628177588770458901,https://www.tiktok.com/@na_nasgor123/video/7628177588770458901?commentId=7629359630741209876,scraping_tiktok,moonlyee,@⠀᠌
7629358080572736257,2026-04-16T14:06:02.000Z,1,https://www.tiktok.com/@na_nasgor123/video/7628177588770458901,https://www.tiktok.com/@na_nasgor123/video/7628177588770458901?commentId=7629358080572736257,scraping_tiktok,mboh8742,kak? stop itt😭 terlalu membagongkan💔
7629357048589075208,2026-04-16T14:01:59.000Z,1,https://www.tiktok.com/@na_nasgor123/video/7628177588770458901,https://www.tiktok.com/@na_nasgor123/video/7628177588770458901?commentId=7629357048589075208,scraping_tiktok,mingmong932,@raishafl @nadd @uRr⋆. 𐙚 ̊ @Selena @🦕
7629355547360756488,2026-04-16T13:56:18.000Z,1,https://www.tiktok.com/@na_nasgor123/video/7628177588770458901,https://www.tiktok.com/@na_nasgor123/video/7628177588770458901?commentId=7629355547360756488,scraping_tiktok,thomson.aditya2,gua yang masih nungguin mbg😭
7629354921490449153,2026-04-16T13:53:48.000Z,1,https://www.tiktok.com/@na_nasgor123/video/7628177588770458901,https://www.tiktok.com/@na_nasgor123/video/7628177588770458901?commentId=7629354921490449153,scraping_tiktok,_raranaaa6,buah naga nya 😭😭
7629350922874864404,2026-04-16T13:38:14.000Z,1,https://www.tiktok.com/@na_nasgor123/video/7628177588770458901,https://www.tiktok.com/@na_nasgor123/video/7628177588770458901?commentId=7629350922874864404,scraping_tiktok,halloo_broo,"diet X
DIEt ✓"
7629349798328812308,2026-04-16T13:34:01.000Z,1,https://www.tiktok.com/@na_nasgor123/video/7628177588770458901,https://www.tiktok.com/@na_nasgor123/video/7628177588770458901?commentId=7629349798328812308,scraping_tiktok,the_happiest.girl,nemenn
7629346478235206416,2026-04-16T13:21:14.000Z,1,https://www.tiktok.com/@na_nasgor123/video/7628177588770458901,https://www.tiktok.com/@na_nasgor123/video/7628177588770458901?commentId=7629346478235206416,scraping_tiktok,_hzzzly,mbgnya MBG bgt pliss😭
7629345960488944391,2026-04-16T13:18:58.000Z,1,https://www.tiktok.com/@na_nasgor123/video/7628177588770458901,https://www.tiktok.com/@na_nasgor123/video/7628177588770458901?commentId=7629345960488944391,scraping_tiktok,pengen.masuk.isekai,ALLAHUMMAA😭😭
7629343778218345217,2026-04-16T13:10:40.000Z,1,https://www.tiktok.com/@na_nasgor123/video/7628177588770458901,https://www.tiktok.com/@na_nasgor123/video/7628177588770458901?commentId=7629343778218345217,scraping_tiktok,devvlv,
7629340921733776148,2026-04-16T12:59:31.000Z,1,https://www.tiktok.com/@na_nasgor123/video/7628177588770458901,https://www.tiktok.com/@na_nasgor123/video/7628177588770458901?commentId=7629340921733776148,scraping_tiktok,apa_7467,@️@ꪻ @stcu @narafkaa
7629340731576582932,2026-04-16T12:58:46.000Z,1,https://www.tiktok.com/@na_nasgor123/video/7628177588770458901,https://www.tiktok.com/@na_nasgor123/video/7628177588770458901?commentId=7629340731576582932,scraping_tiktok,nadelia_4,kek makanan hamster diet karbo😭
7629340380144747271,2026-04-16T12:57:19.000Z,1,https://www.tiktok.com/@na_nasgor123/video/7628177588770458901,https://www.tiktok.com/@na_nasgor123/video/7628177588770458901?commentId=7629340380144747271,scraping_tiktok,ayloversau0,berarti mbgku masih termasuk baguy
7629338574853538580,2026-04-16T12:50:28.000Z,1,https://www.tiktok.com/@na_nasgor123/video/7628177588770458901,https://www.tiktok.com/@na_nasgor123/video/7628177588770458901?commentId=7629338574853538580,scraping_tiktok,khoiriazmi943,"[Sticker] cok apa apaan nasinya ga fulll,
mending komplen aja ke sppg nya kak.
Siswa yang lama nunggu cuma dpt hikmahnya aja🗿"
7629337967433171730,2026-04-16T12:47:57.000Z,1,https://www.tiktok.com/@na_nasgor123/video/7628177588770458901,https://www.tiktok.com/@na_nasgor123/video/7628177588770458901?commentId=7629337967433171730,scraping_tiktok,rumah_dino,mbg kecil kecilan
7629336917553218325,2026-04-16T12:43:58.000Z,1,https://www.tiktok.com/@na_nasgor123/video/7628177588770458901,https://www.tiktok.com/@na_nasgor123/video/7628177588770458901?commentId=7629336917553218325,scraping_tiktok,hermoousee,@°itsyourndaa🍒 @౨ৎ @All @asha @Shilaa 😭😭😭😭
7629334757059887879,2026-04-16T12:35:36.000Z,1,https://www.tiktok.com/@na_nasgor123/video/7628177588770458901,https://www.tiktok.com/@na_nasgor123/video/7628177588770458901?commentId=7629334757059887879,scraping_tiktok,ayamgoreng1o,@ทาทาคูลแบงต์ @라소프트스포큰 @𓇼⋆𐙚 ᡣ𐭩⋆🐚 @ɑɑy` ¡xeo cocok untuk pacar komang
7629333838339392277,2026-04-16T12:32:08.000Z,1,https://www.tiktok.com/@na_nasgor123/video/7628177588770458901,https://www.tiktok.com/@na_nasgor123/video/7628177588770458901?commentId=7629333838339392277,scraping_tiktok,callennna,[Sticker] makan jam 12:00 jam 12:01 udah begini:
7629332278367765268,2026-04-16T12:25:59.000Z,1,https://www.tiktok.com/@na_nasgor123/video/7628177588770458901,https://www.tiktok.com/@na_nasgor123/video/7628177588770458901?commentId=7629332278367765268,scraping_tiktok,itslifa._,@︎ ︎ ︎ @blue lover @✧náyy🐝💕 😭😭😭
7629331447198827285,2026-04-16T12:22:42.000Z,1,https://www.tiktok.com/@na_nasgor123/video/7628177588770458901,https://www.tiktok.com/@na_nasgor123/video/7628177588770458901?commentId=7629331447198827285,scraping_tiktok,czeee7,awas di laporkan😹
7629330214179848977,2026-04-16T12:18:15.000Z,1,https://www.tiktok.com/@na_nasgor123/video/7628177588770458901,https://www.tiktok.com/@na_nasgor123/video/7628177588770458901?commentId=7629330214179848977,scraping_tiktok,heyyy_cllloq,@sen @siroop marjan
7629329902181417745,2026-04-16T12:16:43.000Z,1,https://www.tiktok.com/@na_nasgor123/video/7628177588770458901,https://www.tiktok.com/@na_nasgor123/video/7628177588770458901?commentId=7629329902181417745,scraping_tiktok,nyennyakkkkk,[Sticker] tidak fantas
7629329822238786325,2026-04-16T12:16:30.000Z,1,https://www.tiktok.com/@na_nasgor123/video/7628177588770458901,https://www.tiktok.com/@na_nasgor123/video/7628177588770458901?commentId=7629329822238786325,scraping_tiktok,scheeks,@exa @ajel ࣪ 𝜗𝜚
7629328754079040277,2026-04-16T12:12:20.000Z,1,https://www.tiktok.com/@na_nasgor123/video/7628177588770458901,https://www.tiktok.com/@na_nasgor123/video/7628177588770458901?commentId=7629328754079040277,scraping_tiktok,ilovesnoopy.3,tydk fntasssy
7629325983443714823,2026-04-16T12:01:36.000Z,1,https://www.tiktok.com/@na_nasgor123/video/7628177588770458901,https://www.tiktok.com/@na_nasgor123/video/7628177588770458901?commentId=7629325983443714823,scraping_tiktok,jansen.boy65,lambung:cuma geli geli doang
7629324875769414420,2026-04-16T11:57:17.000Z,1,https://www.tiktok.com/@na_nasgor123/video/7628177588770458901,https://www.tiktok.com/@na_nasgor123/video/7628177588770458901?commentId=7629324875769414420,scraping_tiktok,whenyh383,@￴ ￴￴ ￴￴￴ ￴ ￴￴ ￴  ￴￴ ￴ ￴￴ ￴ ￴￴ @🫶ྀིྀི ternyata mbg kita masih mending 🗿
7630044500640187156,2026-04-18T10:29:52.000Z,1,https://www.tiktok.com/@na_nasgor123/video/7628177588770458901,https://www.tiktok.com/@na_nasgor123/video/7628177588770458901?commentId=7630044500640187156,scraping_tiktok,jefri.ritonga48,what kucing aja gak kenyang
7629322705288086292,2026-04-16T11:48:50.000Z,1,https://www.tiktok.com/@na_nasgor123/video/7628177588770458901,https://www.tiktok.com/@na_nasgor123/video/7628177588770458901?commentId=7629322705288086292,scraping_tiktok,genzz.dod,[Sticker] yang enggak sarapan mbg datang jam 12:
7629319614670340871,2026-04-16T11:36:52.000Z,1,https://www.tiktok.com/@na_nasgor123/video/7628177588770458901,https://www.tiktok.com/@na_nasgor123/video/7628177588770458901?commentId=7629319614670340871,scraping_tiktok,cute_4louis,masih mending punyaku kakk
7629319202055275271,2026-04-16T11:35:12.000Z,1,https://www.tiktok.com/@na_nasgor123/video/7628177588770458901,https://www.tiktok.com/@na_nasgor123/video/7628177588770458901?commentId=7629319202055275271,scraping_tiktok,seeaillnn,@jura @stenuu
7629319199470568212,2026-04-16T11:35:12.000Z,1,https://www.tiktok.com/@na_nasgor123/video/7628177588770458901,https://www.tiktok.com/@na_nasgor123/video/7628177588770458901?commentId=7629319199470568212,scraping_tiktok,vicc_1110,menunya berhasil diet makanya jdi langsing
7629317483555668754,2026-04-16T11:28:31.000Z,1,https://www.tiktok.com/@na_nasgor123/video/7628177588770458901,https://www.tiktok.com/@na_nasgor123/video/7628177588770458901?commentId=7629317483555668754,scraping_tiktok,liyaaja4131,masih mending dapet ak ga dapat
7629317388449891073,2026-04-16T11:28:13.000Z,1,https://www.tiktok.com/@na_nasgor123/video/7628177588770458901,https://www.tiktok.com/@na_nasgor123/video/7628177588770458901?commentId=7629317388449891073,scraping_tiktok,lyvvii_letchyy.jess,inimah aslam mau naik aja kasian😭
7629315547926823701,2026-04-16T11:23:10.000Z,1,https://www.tiktok.com/@na_nasgor123/video/7628177588770458901,https://www.tiktok.com/@na_nasgor123/video/7628177588770458901?commentId=7629315547926823701,scraping_tiktok,xio.cece,@Laras² @risol mayo
7629314210972222229,2026-04-16T11:15:59.000Z,1,https://www.tiktok.com/@na_nasgor123/video/7628177588770458901,https://www.tiktok.com/@na_nasgor123/video/7628177588770458901?commentId=7629314210972222229,scraping_tiktok,asht0r_0,[Sticker] geli geli lambung doang
7629312837621990152,2026-04-16T11:10:30.000Z,1,https://www.tiktok.com/@na_nasgor123/video/7628177588770458901,https://www.tiktok.com/@na_nasgor123/video/7628177588770458901?commentId=7629312837621990152,scraping_tiktok,sabhinaaa_,@auliasf
7629311662249001749,2026-04-16T11:06:08.000Z,1,https://www.tiktok.com/@na_nasgor123/video/7628177588770458901,https://www.tiktok.com/@na_nasgor123/video/7628177588770458901?commentId=7629311662249001749,scraping_tiktok,dpawae1,[Sticker] mending mie ayam di kantin
7629309993766847248,2026-04-16T10:59:39.000Z,1,https://www.tiktok.com/@na_nasgor123/video/7628177588770458901,https://www.tiktok.com/@na_nasgor123/video/7628177588770458901?commentId=7629309993766847248,scraping_tiktok,kirana.aisyah62,tidak FAntasss
7629309720189207303,2026-04-16T10:58:27.000Z,1,https://www.tiktok.com/@na_nasgor123/video/7628177588770458901,https://www.tiktok.com/@na_nasgor123/video/7628177588770458901?commentId=7629309720189207303,scraping_tiktok,mpttttt,tidakk fantastt
7629304890829062930,2026-04-16T10:39:38.000Z,1,https://www.tiktok.com/@na_nasgor123/video/7628177588770458901,https://www.tiktok.com/@na_nasgor123/video/7628177588770458901?commentId=7629304890829062930,scraping_tiktok,qilaborjott,geli geli doang itu KLO diperut akuu🗿🥰
7629304745027601169,2026-04-16T10:39:09.000Z,1,https://www.tiktok.com/@na_nasgor123/video/7628177588770458901,https://www.tiktok.com/@na_nasgor123/video/7628177588770458901?commentId=7629304745027601169,scraping_tiktok,user927638291973,ini program diet untuk siswa😭
7629304480794936084,2026-04-16T10:38:08.000Z,1,https://www.tiktok.com/@na_nasgor123/video/7628177588770458901,https://www.tiktok.com/@na_nasgor123/video/7628177588770458901?commentId=7629304480794936084,scraping_tiktok,aliyyadesayusaputri,buahnaga nya tebel bngt kak🥰🥰.
7629300206195213074,2026-04-16T10:21:36.000Z,1,https://www.tiktok.com/@na_nasgor123/video/7628177588770458901,https://www.tiktok.com/@na_nasgor123/video/7628177588770458901?commentId=7629300206195213074,scraping_tiktok,cowbladder331,haruskah kita memanggil Bella Hadid 💜?
7629297295971894036,2026-04-16T10:10:10.000Z,1,https://www.tiktok.com/@na_nasgor123/video/7628177588770458901,https://www.tiktok.com/@na_nasgor123/video/7628177588770458901?commentId=7629297295971894036,scraping_tiktok,url.o0ves,"[Sticker] buah naga:
body goals coyy"
7629293129960030984,2026-04-16T09:54:09.000Z,1,https://www.tiktok.com/@na_nasgor123/video/7628177588770458901,https://www.tiktok.com/@na_nasgor123/video/7628177588770458901?commentId=7629293129960030984,scraping_tiktok,nori13334,[Sticker] buah naga
7629292861662003989,2026-04-16T09:53:00.000Z,1,https://www.tiktok.com/@na_nasgor123/video/7628177588770458901,https://www.tiktok.com/@na_nasgor123/video/7628177588770458901?commentId=7629292861662003989,scraping_tiktok,skkmaay,@rann @𝓐𝔀𝓪𝓪 𓃝 @::⁷ @06 @1dlelizz.
7629287655935329044,2026-04-16T09:32:51.000Z,1,https://www.tiktok.com/@na_nasgor123/video/7628177588770458901,https://www.tiktok.com/@na_nasgor123/video/7628177588770458901?commentId=7629287655935329044,scraping_tiktok,aishiteruto4,porsi hamster jirr
7629285714810929921,2026-04-16T09:25:14.000Z,1,https://www.tiktok.com/@na_nasgor123/video/7628177588770458901,https://www.tiktok.com/@na_nasgor123/video/7628177588770458901?commentId=7629285714810929921,scraping_tiktok,mardud8,jagungnya bisa diitung berapa biji
7629279005098951445,2026-04-16T08:59:14.000Z,1,https://www.tiktok.com/@na_nasgor123/video/7628177588770458901,https://www.tiktok.com/@na_nasgor123/video/7628177588770458901?commentId=7629279005098951445,scraping_tiktok,everyyybreathyoutake,@piuu🐾 @zizaya @goyenn💋
7629272984842584848,2026-04-16T08:35:51.000Z,1,https://www.tiktok.com/@na_nasgor123/video/7628177588770458901,https://www.tiktok.com/@na_nasgor123/video/7628177588770458901?commentId=7629272984842584848,scraping_tiktok,rqtntys_,langsing bgt tu buah naga
7629267254275130133,2026-04-16T08:13:49.000Z,1,https://www.tiktok.com/@na_nasgor123/video/7628177588770458901,https://www.tiktok.com/@na_nasgor123/video/7628177588770458901?commentId=7629267254275130133,scraping_tiktok,aapril_mayjunejuly,"cuman geli"" di lambung itu"
7629265697269859093,2026-04-16T08:07:46.000Z,1,https://www.tiktok.com/@na_nasgor123/video/7628177588770458901,https://www.tiktok.com/@na_nasgor123/video/7628177588770458901?commentId=7629265697269859093,scraping_tiktok,ddadole,asli budget 10k ini mah
7629263738549945106,2026-04-16T07:59:59.000Z,1,https://www.tiktok.com/@na_nasgor123/video/7628177588770458901,https://www.tiktok.com/@na_nasgor123/video/7628177588770458901?commentId=7629263738549945106,scraping_tiktok,bythis.w,itu udah dipotong pajak
7629255554418737937,2026-04-16T07:28:23.000Z,1,https://www.tiktok.com/@na_nasgor123/video/7628177588770458901,https://www.tiktok.com/@na_nasgor123/video/7628177588770458901?commentId=7629255554418737937,scraping_tiktok,alwaysbyyyourside67,Itu apa yang merah+? Kayak cotton bud
7629253365629305608,2026-04-16T07:19:47.000Z,1,https://www.tiktok.com/@na_nasgor123/video/7628177588770458901,https://www.tiktok.com/@na_nasgor123/video/7628177588770458901?commentId=7629253365629305608,scraping_tiktok,kifaniia,di smd gk ada mbg jir
7629253274311246599,2026-04-16T07:19:25.000Z,1,https://www.tiktok.com/@na_nasgor123/video/7628177588770458901,https://www.tiktok.com/@na_nasgor123/video/7628177588770458901?commentId=7629253274311246599,scraping_tiktok,fjkt48_glumby,buah naganya mana sih🥰
7629250465427489544,2026-04-16T07:08:29.000Z,1,https://www.tiktok.com/@na_nasgor123/video/7628177588770458901,https://www.tiktok.com/@na_nasgor123/video/7628177588770458901?commentId=7629250465427489544,scraping_tiktok,quillablabla,@bilao🌷🦩
7629246386827658004,2026-04-16T06:52:45.000Z,1,https://www.tiktok.com/@na_nasgor123/video/7628177588770458901,https://www.tiktok.com/@na_nasgor123/video/7628177588770458901?commentId=7629246386827658004,scraping_tiktok,elitasamosir15,"tipis banget buah naganya woi, gak sampe ke lambung itu"
7628853759750325010,2026-04-15T05:29:05.000Z,1,https://www.tiktok.com/@na_nasgor123/video/7628177588770458901,https://www.tiktok.com/@na_nasgor123/video/7628177588770458901?commentId=7628853759750325010,scraping_tiktok,ra_raa120,itu bukan buah naga tapi ʙᴜᴀʜ ɴᴀɢᴀ
7628699927640670983,2026-04-14T19:32:10.000Z,1,https://www.tiktok.com/@na_nasgor123/video/7628177588770458901,https://www.tiktok.com/@na_nasgor123/video/7628177588770458901?commentId=7628699927640670983,scraping_tiktok,lizbth3ri,"asli sumpah, yg paling ngeselin itu dapet anggur ijo kecil” 2 biji doang lagi😂😂😂😂😂😂😂😂😂"
7628690615394403080,2026-04-14T18:56:04.000Z,1,https://www.tiktok.com/@na_nasgor123/video/7628177588770458901,https://www.tiktok.com/@na_nasgor123/video/7628177588770458901?commentId=7628690615394403080,scraping_tiktok,elvyn_x0,buah naganya waifu 2D 😭
7628678955290428181,2026-04-14T18:10:51.000Z,1,https://www.tiktok.com/@na_nasgor123/video/7628177588770458901,https://www.tiktok.com/@na_nasgor123/video/7628177588770458901?commentId=7628678955290428181,scraping_tiktok,djm270995,"bodo ah, itu kan pilihan kalian pengen MBG. makan lah MBG yang imoet itu."
7628669639237550856,2026-04-14T17:34:34.000Z,1,https://www.tiktok.com/@na_nasgor123/video/7628177588770458901,https://www.tiktok.com/@na_nasgor123/video/7628177588770458901?commentId=7628669639237550856,scraping_tiktok,lapakblgl,diet idol😭
7628666199346299666,2026-04-14T17:21:13.000Z,1,https://www.tiktok.com/@na_nasgor123/video/7628177588770458901,https://www.tiktok.com/@na_nasgor123/video/7628177588770458901?commentId=7628666199346299666,scraping_tiktok,fatih_opl_lumayan_berbau,#finaldiet💜
7628666161617748743,2026-04-14T17:21:01.000Z,1,https://www.tiktok.com/@na_nasgor123/video/7628177588770458901,https://www.tiktok.com/@na_nasgor123/video/7628177588770458901?commentId=7628666161617748743,scraping_tiktok,ayu__jungkook,begang bgt buah naga nya
7628663660034081557,2026-04-14T17:13:34.000Z,1,https://www.tiktok.com/@na_nasgor123/video/7628177588770458901,https://www.tiktok.com/@na_nasgor123/video/7628177588770458901?commentId=7628663660034081557,scraping_tiktok,ppp_1405,"kok kedengeranya aneh ya pas ngomong ndak fantass,soalnya kebiasaan denger yg di remix"
7628663376977363719,2026-04-14T17:10:12.000Z,1,https://www.tiktok.com/@na_nasgor123/video/7628177588770458901,https://www.tiktok.com/@na_nasgor123/video/7628177588770458901?commentId=7628663376977363719,scraping_tiktok,rsybarc,@draco @pupulipul
7628654590192255762,2026-04-14T16:36:09.000Z,1,https://www.tiktok.com/@na_nasgor123/video/7628177588770458901,https://www.tiktok.com/@na_nasgor123/video/7628177588770458901?commentId=7628654590192255762,scraping_tiktok,lanaaureelyys,[Sticker] kaka nya yg udah berharap:
7628644897406534418,2026-04-14T15:58:28.000Z,1,https://www.tiktok.com/@na_nasgor123/video/7628177588770458901,https://www.tiktok.com/@na_nasgor123/video/7628177588770458901?commentId=7628644897406534418,scraping_tiktok,_ddi.ww,the real geli geli di lambung
7628642595665609489,2026-04-14T15:49:41.000Z,1,https://www.tiktok.com/@na_nasgor123/video/7628177588770458901,https://www.tiktok.com/@na_nasgor123/video/7628177588770458901?commentId=7628642595665609489,scraping_tiktok,raurarr,@nayla @jst(L)ia @auliadheta
7628641836005638932,2026-04-14T15:46:40.000Z,1,https://www.tiktok.com/@na_nasgor123/video/7628177588770458901,https://www.tiktok.com/@na_nasgor123/video/7628177588770458901?commentId=7628641836005638932,scraping_tiktok,0.oceanore_,@🎧ྀི♪ buah naganya😭😭😭
7628641344172835591,2026-04-14T15:44:44.000Z,1,https://www.tiktok.com/@na_nasgor123/video/7628177588770458901,https://www.tiktok.com/@na_nasgor123/video/7628177588770458901?commentId=7628641344172835591,scraping_tiktok,chewycookies07,waktu itu dapet semangka setipis kertas🥰
7628641072415228679,2026-04-14T15:43:37.000Z,1,https://www.tiktok.com/@na_nasgor123/video/7628177588770458901,https://www.tiktok.com/@na_nasgor123/video/7628177588770458901?commentId=7628641072415228679,scraping_tiktok,choco.cokiess12,nyampe lambung ala keri keri keri😭😭
7628637779115754260,2026-04-14T15:31:00.000Z,1,https://www.tiktok.com/@na_nasgor123/video/7628177588770458901,https://www.tiktok.com/@na_nasgor123/video/7628177588770458901?commentId=7628637779115754260,scraping_tiktok,piyooo104,🙏mbg makanan biasa aja
7628633718102557448,2026-04-14T15:15:08.000Z,1,https://www.tiktok.com/@na_nasgor123/video/7628177588770458901,https://www.tiktok.com/@na_nasgor123/video/7628177588770458901?commentId=7628633718102557448,scraping_tiktok,yln7085,itu mah buat anak tk sampe sd kelas 2
7628633648388915986,2026-04-14T15:14:52.000Z,1,https://www.tiktok.com/@na_nasgor123/video/7628177588770458901,https://www.tiktok.com/@na_nasgor123/video/7628177588770458901?commentId=7628633648388915986,scraping_tiktok,siapaaaayakkkkk,HAII KAA JOIN YAKKKK
7628633024183534352,2026-04-14T15:12:28.000Z,1,https://www.tiktok.com/@na_nasgor123/video/7628177588770458901,https://www.tiktok.com/@na_nasgor123/video/7628177588770458901?commentId=7628633024183534352,scraping_tiktok,__pretty.gurl,😭😭 @naclaa_
7628631876912251668,2026-04-14T15:08:04.000Z,1,https://www.tiktok.com/@na_nasgor123/video/7628177588770458901,https://www.tiktok.com/@na_nasgor123/video/7628177588770458901?commentId=7628631876912251668,scraping_tiktok,ssts__,@rrabbit @⋆ ˚｡⋆୨୧˚bunga˚୨୧⋆｡˚ ⋆ @ichaa𐙚 @𝕬𝖕𝖗𝖎𝖑𝖑𝖎𝖆𖤐 @ull
7628630513288528648,2026-04-14T15:02:38.000Z,1,https://www.tiktok.com/@na_nasgor123/video/7628177588770458901,https://www.tiktok.com/@na_nasgor123/video/7628177588770458901?commentId=7628630513288528648,scraping_tiktok,akunscc2681,Kalo ini normal Gk kk?😭
7628629897448309522,2026-04-14T15:00:21.000Z,1,https://www.tiktok.com/@na_nasgor123/video/7628177588770458901,https://www.tiktok.com/@na_nasgor123/video/7628177588770458901?commentId=7628629897448309522,scraping_tiktok,wii_847,@vryl @viaaa
7628629858412872466,2026-04-14T15:00:13.000Z,1,https://www.tiktok.com/@na_nasgor123/video/7628177588770458901,https://www.tiktok.com/@na_nasgor123/video/7628177588770458901?commentId=7628629858412872466,scraping_tiktok,71295z,@kalila
7628628904542487312,2026-04-14T14:56:27.000Z,1,https://www.tiktok.com/@na_nasgor123/video/7628177588770458901,https://www.tiktok.com/@na_nasgor123/video/7628177588770458901?commentId=7628628904542487312,scraping_tiktok,rmtzidan,udah mabuk sama jeruk
7629324665027363605,2026-04-16T11:56:30.000Z,1,https://www.tiktok.com/@na_nasgor123/video/7628177588770458901,https://www.tiktok.com/@na_nasgor123/video/7628177588770458901?commentId=7629324665027363605,scraping_tiktok,its_nana.99,@kyu:lambung: aw besti aw
7628616548320510728,2026-04-14T14:08:33.000Z,1,https://www.tiktok.com/@na_nasgor123/video/7628177588770458901,https://www.tiktok.com/@na_nasgor123/video/7628177588770458901?commentId=7628616548320510728,scraping_tiktok,meiiiiiiii305,[Sticker] Buat geli geli lambung doang
7628616315159151368,2026-04-14T14:07:37.000Z,1,https://www.tiktok.com/@na_nasgor123/video/7628177588770458901,https://www.tiktok.com/@na_nasgor123/video/7628177588770458901?commentId=7628616315159151368,scraping_tiktok,maiumai_2412,"sumpah nasi nya dikit bgt ih,di tempat aku buanyak pol sampe cape ngunyah😭"
7628615357020963601,2026-04-14T14:04:02.000Z,1,https://www.tiktok.com/@na_nasgor123/video/7628177588770458901,https://www.tiktok.com/@na_nasgor123/video/7628177588770458901?commentId=7628615357020963601,scraping_tiktok,faa_naa211,buah naganya kaga dikasi makan dulu itu
7628614995136742151,2026-04-14T14:02:33.000Z,1,https://www.tiktok.com/@na_nasgor123/video/7628177588770458901,https://www.tiktok.com/@na_nasgor123/video/7628177588770458901?commentId=7628614995136742151,scraping_tiktok,anandaishere,@estehmanis @cika
7628614664343601940,2026-04-14T14:01:14.000Z,1,https://www.tiktok.com/@na_nasgor123/video/7628177588770458901,https://www.tiktok.com/@na_nasgor123/video/7628177588770458901?commentId=7628614664343601940,scraping_tiktok,ini.louis,jagungnya seuprit buat tambahan nasi kali awokawokawok
7628601540837114644,2026-04-14T13:10:24.000Z,1,https://www.tiktok.com/@na_nasgor123/video/7628177588770458901,https://www.tiktok.com/@na_nasgor123/video/7628177588770458901?commentId=7628601540837114644,scraping_tiktok,dipsssyh,buah naganya langsing suka deh
7628601491692159751,2026-04-14T13:10:06.000Z,1,https://www.tiktok.com/@na_nasgor123/video/7628177588770458901,https://www.tiktok.com/@na_nasgor123/video/7628177588770458901?commentId=7628601491692159751,scraping_tiktok,bolds30,makananya tyidack fantass 💜
7628600898189738770,2026-04-14T13:07:50.000Z,1,https://www.tiktok.com/@na_nasgor123/video/7628177588770458901,https://www.tiktok.com/@na_nasgor123/video/7628177588770458901?commentId=7628600898189738770,scraping_tiktok,sie6297,udh gizinya gk nyampe malah bkin bahan2 jdi mahal bejirr
7628599583005803280,2026-04-14T13:02:41.000Z,1,https://www.tiktok.com/@na_nasgor123/video/7628177588770458901,https://www.tiktok.com/@na_nasgor123/video/7628177588770458901?commentId=7628599583005803280,scraping_tiktok,chlsss_oktvv,[Sticker] komennya ah
7628599337144419073,2026-04-14T13:01:42.000Z,1,https://www.tiktok.com/@na_nasgor123/video/7628177588770458901,https://www.tiktok.com/@na_nasgor123/video/7628177588770458901?commentId=7628599337144419073,scraping_tiktok,_prtma573,[Sticker] Pfttt
7628598661287641857,2026-04-14T12:59:19.000Z,1,https://www.tiktok.com/@na_nasgor123/video/7628177588770458901,https://www.tiktok.com/@na_nasgor123/video/7628177588770458901?commentId=7628598661287641857,scraping_tiktok,rrrycomel,emang tidakk fantass kak💜
7628598138529891079,2026-04-14T12:57:03.000Z,1,https://www.tiktok.com/@na_nasgor123/video/7628177588770458901,https://www.tiktok.com/@na_nasgor123/video/7628177588770458901?commentId=7628598138529891079,scraping_tiktok,theoololvv,ini mah ga isi setengah perut gw
7628597241251824392,2026-04-14T12:53:39.000Z,1,https://www.tiktok.com/@na_nasgor123/video/7628177588770458901,https://www.tiktok.com/@na_nasgor123/video/7628177588770458901?commentId=7628597241251824392,scraping_tiktok,rafid.adabi,kebalik semua posisi nya kocak😂
7628597232099656466,2026-04-14T12:53:34.000Z,1,https://www.tiktok.com/@na_nasgor123/video/7628177588770458901,https://www.tiktok.com/@na_nasgor123/video/7628177588770458901?commentId=7628597232099656466,scraping_tiktok,him.ma08,@niki bjir😭
7628596117751612168,2026-04-14T12:49:10.000Z,1,https://www.tiktok.com/@na_nasgor123/video/7628177588770458901,https://www.tiktok.com/@na_nasgor123/video/7628177588770458901?commentId=7628596117751612168,scraping_tiktok,4xellyn,@arima berfaedah
7628595393547289345,2026-04-14T12:49:42.000Z,1,https://www.tiktok.com/@na_nasgor123/video/7628177588770458901,https://www.tiktok.com/@na_nasgor123/video/7628177588770458901?commentId=7628595393547289345,scraping_tiktok,doll.sabrina1,diet
7628595150553580295,2026-04-14T12:45:27.000Z,1,https://www.tiktok.com/@na_nasgor123/video/7628177588770458901,https://www.tiktok.com/@na_nasgor123/video/7628177588770458901?commentId=7628595150553580295,scraping_tiktok,aldhioakbar,sampe rumah makan lagi dah😔
7628598037701018376,2026-04-14T12:56:40.000Z,1,https://www.tiktok.com/@na_nasgor123/video/7628177588770458901,https://www.tiktok.com/@na_nasgor123/video/7628177588770458901?commentId=7628598037701018376,scraping_tiktok,tir4m1su5,ngeledek bgt potongan buah nya 😭😭😭@ameng @nana
7628590288982885140,2026-04-14T12:26:43.000Z,1,https://www.tiktok.com/@na_nasgor123/video/7628177588770458901,https://www.tiktok.com/@na_nasgor123/video/7628177588770458901?commentId=7628590288982885140,scraping_tiktok,khznryy,lebih penting motor sama kaos kaki dibanding bahan baku🤣🤣
7628589913038684936,2026-04-14T12:25:10.000Z,1,https://www.tiktok.com/@na_nasgor123/video/7628177588770458901,https://www.tiktok.com/@na_nasgor123/video/7628177588770458901?commentId=7628589913038684936,scraping_tiktok,yxzs_yy,"kak, punyaku aja buah naganya setengahnya, lah ini? 😭😭"
7628588751275574032,2026-04-14T12:20:41.000Z,1,https://www.tiktok.com/@na_nasgor123/video/7628177588770458901,https://www.tiktok.com/@na_nasgor123/video/7628177588770458901?commentId=7628588751275574032,scraping_tiktok,wonugiri,TIDAK FANTASHHH
7628587806428267282,2026-04-14T12:17:03.000Z,1,https://www.tiktok.com/@na_nasgor123/video/7628177588770458901,https://www.tiktok.com/@na_nasgor123/video/7628177588770458901?commentId=7628587806428267282,scraping_tiktok,raffaelcahyo7b,cicak aja masih kurang
7628586740690109201,2026-04-14T12:12:55.000Z,1,https://www.tiktok.com/@na_nasgor123/video/7628177588770458901,https://www.tiktok.com/@na_nasgor123/video/7628177588770458901?commentId=7628586740690109201,scraping_tiktok,gebyouthful,@chips🍎🐦‍⬛
7628585730989785874,2026-04-14T12:08:56.000Z,1,https://www.tiktok.com/@na_nasgor123/video/7628177588770458901,https://www.tiktok.com/@na_nasgor123/video/7628177588770458901?commentId=7628585730989785874,scraping_tiktok,aninddyaaa5,kenyang sampe besok itu kak
7628585540417864468,2026-04-14T12:08:15.000Z,1,https://www.tiktok.com/@na_nasgor123/video/7628177588770458901,https://www.tiktok.com/@na_nasgor123/video/7628177588770458901?commentId=7628585540417864468,scraping_tiktok,dinaa_514,numpang lewat doang di lambung
7628584139076453128,2026-04-14T12:02:48.000Z,1,https://www.tiktok.com/@na_nasgor123/video/7628177588770458901,https://www.tiktok.com/@na_nasgor123/video/7628177588770458901?commentId=7628584139076453128,scraping_tiktok,hyunsamneret_,Irisan buah apel aja kalah langsing sama ni buah naga
7628583840140002055,2026-04-14T12:01:37.000Z,1,https://www.tiktok.com/@na_nasgor123/video/7628177588770458901,https://www.tiktok.com/@na_nasgor123/video/7628177588770458901?commentId=7628583840140002055,scraping_tiktok,avi_imutzz,makanya segini di larang jajan karena dah ada mbg 😭🗿
7628580463414575892,2026-04-14T11:48:33.000Z,1,https://www.tiktok.com/@na_nasgor123/video/7628177588770458901,https://www.tiktok.com/@na_nasgor123/video/7628177588770458901?commentId=7628580463414575892,scraping_tiktok,okttkrsm,cocok buat u diet@matchaa
7628580353368589057,2026-04-14T11:48:08.000Z,1,https://www.tiktok.com/@na_nasgor123/video/7628177588770458901,https://www.tiktok.com/@na_nasgor123/video/7628177588770458901?commentId=7628580353368589057,scraping_tiktok,cndyysfr_,minimal jagungnya 2 kek😭
7628579864995824392,2026-04-14T11:46:09.000Z,1,https://www.tiktok.com/@na_nasgor123/video/7628177588770458901,https://www.tiktok.com/@na_nasgor123/video/7628177588770458901?commentId=7628579864995824392,scraping_tiktok,ad4alah_pokoknya,"@️, buahnya ceking"
7628579863352263445,2026-04-14T11:46:15.000Z,1,https://www.tiktok.com/@na_nasgor123/video/7628177588770458901,https://www.tiktok.com/@na_nasgor123/video/7628177588770458901?commentId=7628579863352263445,scraping_tiktok,d4nukhaa,"ini mah kerasa di gigi doang, ditelen aja ngga tega 🙂😭"
7628579488121553682,2026-04-14T11:44:50.000Z,1,https://www.tiktok.com/@na_nasgor123/video/7628177588770458901,https://www.tiktok.com/@na_nasgor123/video/7628177588770458901?commentId=7628579488121553682,scraping_tiktok,enggrptra_,[Sticker] 
7628578573741376274,2026-04-14T11:41:06.000Z,1,https://www.tiktok.com/@na_nasgor123/video/7628177588770458901,https://www.tiktok.com/@na_nasgor123/video/7628177588770458901?commentId=7628578573741376274,scraping_tiktok,adindaku_99,buah naga apa jembatan Sirotol mustaqim? 😭
7628578131151176456,2026-04-14T11:39:30.000Z,1,https://www.tiktok.com/@na_nasgor123/video/7628177588770458901,https://www.tiktok.com/@na_nasgor123/video/7628177588770458901?commentId=7628578131151176456,scraping_tiktok,bibleeeleeew,@keii @lvvnj11 @🍣
7628578027253334802,2026-04-14T11:41:10.000Z,1,https://www.tiktok.com/@na_nasgor123/video/7628177588770458901,https://www.tiktok.com/@na_nasgor123/video/7628177588770458901?commentId=7628578027253334802,scraping_tiktok,allzychim,"kata sekolahku mbg g boleh dipost😭😭,kek dokumen rahasia ajaa😭"
7628577637867701013,2026-04-14T11:37:38.000Z,1,https://www.tiktok.com/@na_nasgor123/video/7628177588770458901,https://www.tiktok.com/@na_nasgor123/video/7628177588770458901?commentId=7628577637867701013,scraping_tiktok,ohmyzass,ala keri keri keri
7628576597335835412,2026-04-14T11:33:34.000Z,1,https://www.tiktok.com/@na_nasgor123/video/7628177588770458901,https://www.tiktok.com/@na_nasgor123/video/7628177588770458901?commentId=7628576597335835412,scraping_tiktok,sheminee_,[Sticker] mbg
7628558334790517505,2026-04-14T10:22:37.000Z,1,https://www.tiktok.com/@na_nasgor123/video/7628177588770458901,https://www.tiktok.com/@na_nasgor123/video/7628177588770458901?commentId=7628558334790517505,scraping_tiktok,ucinamongirl,samaaaa woiii daerah gua juga gini co
7628555719478330128,2026-04-14T10:12:28.000Z,1,https://www.tiktok.com/@na_nasgor123/video/7628177588770458901,https://www.tiktok.com/@na_nasgor123/video/7628177588770458901?commentId=7628555719478330128,scraping_tiktok,pardangaming11,@aphrodite
7628555538305401616,2026-04-14T10:11:47.000Z,1,https://www.tiktok.com/@na_nasgor123/video/7628177588770458901,https://www.tiktok.com/@na_nasgor123/video/7628177588770458901?commentId=7628555538305401616,scraping_tiktok,diantara_ku_dan_furry,mbg = mobil balap gibran
7628554596947936008,2026-04-14T10:08:05.000Z,1,https://www.tiktok.com/@na_nasgor123/video/7628177588770458901,https://www.tiktok.com/@na_nasgor123/video/7628177588770458901?commentId=7628554596947936008,scraping_tiktok,evl.ynn2520,geli' doang di lambung
7628551228138341138,2026-04-14T09:55:05.000Z,1,https://www.tiktok.com/@na_nasgor123/video/7628177588770458901,https://www.tiktok.com/@na_nasgor123/video/7628177588770458901?commentId=7628551228138341138,scraping_tiktok,elssoftspoken,@KimMinju🇰🇷
7628550806505784071,2026-04-14T09:53:26.000Z,1,https://www.tiktok.com/@na_nasgor123/video/7628177588770458901,https://www.tiktok.com/@na_nasgor123/video/7628177588770458901?commentId=7628550806505784071,scraping_tiktok,_rrsunshine,@blue. @saturn @n @⃟ damn
7628550682074153749,2026-04-14T09:53:04.000Z,1,https://www.tiktok.com/@na_nasgor123/video/7628177588770458901,https://www.tiktok.com/@na_nasgor123/video/7628177588770458901?commentId=7628550682074153749,scraping_tiktok,njirkepo4,[Sticker] lambung: geli geli doang ini
7628549287316833041,2026-04-14T09:47:47.000Z,1,https://www.tiktok.com/@na_nasgor123/video/7628177588770458901,https://www.tiktok.com/@na_nasgor123/video/7628177588770458901?commentId=7628549287316833041,scraping_tiktok,_lvrf4,menggelitik perut doang
7628547900109800213,2026-04-14T09:42:17.000Z,1,https://www.tiktok.com/@na_nasgor123/video/7628177588770458901,https://www.tiktok.com/@na_nasgor123/video/7628177588770458901?commentId=7628547900109800213,scraping_tiktok,lauraa_anglna,@add sedangkan buah naga e kene gwedeee😭😭
7628547258249691920,2026-04-14T09:39:35.000Z,1,https://www.tiktok.com/@na_nasgor123/video/7628177588770458901,https://www.tiktok.com/@na_nasgor123/video/7628177588770458901?commentId=7628547258249691920,scraping_tiktok,akun.khusus.vt,[Sticker] buah naga nya
7628545903884010241,2026-04-14T09:34:23.000Z,1,https://www.tiktok.com/@na_nasgor123/video/7628177588770458901,https://www.tiktok.com/@na_nasgor123/video/7628177588770458901?commentId=7628545903884010241,scraping_tiktok,theycallme_chaaa,[Sticker] kakaknya pas buka ompreng:
7628544537796248340,2026-04-14T09:29:14.000Z,1,https://www.tiktok.com/@na_nasgor123/video/7628177588770458901,https://www.tiktok.com/@na_nasgor123/video/7628177588770458901?commentId=7628544537796248340,scraping_tiktok,hai.ini.ndaanap,[Sticker] murid yg lapar dan uangnya abis
7628544454064210708,2026-04-14T09:28:50.000Z,1,https://www.tiktok.com/@na_nasgor123/video/7628177588770458901,https://www.tiktok.com/@na_nasgor123/video/7628177588770458901?commentId=7628544454064210708,scraping_tiktok,ellynn_73,buah naganya stunting🥰💞
7628544081756881671,2026-04-14T09:27:18.000Z,1,https://www.tiktok.com/@na_nasgor123/video/7628177588770458901,https://www.tiktok.com/@na_nasgor123/video/7628177588770458901?commentId=7628544081756881671,scraping_tiktok,a1mir44_,ngakak komen nya😭😭
7628541842016224020,2026-04-14T09:18:48.000Z,1,https://www.tiktok.com/@na_nasgor123/video/7628177588770458901,https://www.tiktok.com/@na_nasgor123/video/7628177588770458901?commentId=7628541842016224020,scraping_tiktok,m0onta3ra,@￴ ￴ ￴ ￴ ￴ ￴ ￴ ￴ ￴ ￴ menu ala ala
7628539797066482449,2026-04-14T09:10:50.000Z,1,https://www.tiktok.com/@na_nasgor123/video/7628177588770458901,https://www.tiktok.com/@na_nasgor123/video/7628177588770458901?commentId=7628539797066482449,scraping_tiktok,theblackbunny0.0,"bergizi banget enih, mbg support diet hidup sehat 🥰"
7628539671790027536,2026-04-14T09:10:16.000Z,1,https://www.tiktok.com/@na_nasgor123/video/7628177588770458901,https://www.tiktok.com/@na_nasgor123/video/7628177588770458901?commentId=7628539671790027536,scraping_tiktok,ichaajaa92,buah naga yang sangat teh💜
7628539142569640725,2026-04-14T09:08:12.000Z,1,https://www.tiktok.com/@na_nasgor123/video/7628177588770458901,https://www.tiktok.com/@na_nasgor123/video/7628177588770458901?commentId=7628539142569640725,scraping_tiktok,rafgkmauklh,itu mah satu huap aja abis😭
7628538081642087188,2026-04-14T09:04:10.000Z,1,https://www.tiktok.com/@na_nasgor123/video/7628177588770458901,https://www.tiktok.com/@na_nasgor123/video/7628177588770458901?commentId=7628538081642087188,scraping_tiktok,aisyahayudyaaa,@🌱aq @𝓪𝓻𝓵𝓲𝓷𝓷𝓷𝓷 @najwaa𓂃໒꒰ྀི∩˃ ᵕ ˂∩꒱ྀི১ @𝓑  sedangkan porsi mbg kita yang banyak banget😭
7628536605154837268,2026-04-14T09:01:17.000Z,1,https://www.tiktok.com/@na_nasgor123/video/7628177588770458901,https://www.tiktok.com/@na_nasgor123/video/7628177588770458901?commentId=7628536605154837268,scraping_tiktok,choked_id7,buah naga nya habis di labrak sama naga asli ya?
7628535924859110161,2026-04-14T08:55:40.000Z,1,https://www.tiktok.com/@na_nasgor123/video/7628177588770458901,https://www.tiktok.com/@na_nasgor123/video/7628177588770458901?commentId=7628535924859110161,scraping_tiktok,kooshyra,makanan penjara
7628533950062822152,2026-04-14T08:47:57.000Z,1,https://www.tiktok.com/@na_nasgor123/video/7628177588770458901,https://www.tiktok.com/@na_nasgor123/video/7628177588770458901?commentId=7628533950062822152,scraping_tiktok,cecillia.anindys,buah naga kurang gizi💜
7628533403570864903,2026-04-14T08:45:53.000Z,1,https://www.tiktok.com/@na_nasgor123/video/7628177588770458901,https://www.tiktok.com/@na_nasgor123/video/7628177588770458901?commentId=7628533403570864903,scraping_tiktok,_minj0nh,@🌴👾 😭😭😭
7628531642499334920,2026-04-14T08:38:59.000Z,1,https://www.tiktok.com/@na_nasgor123/video/7628177588770458901,https://www.tiktok.com/@na_nasgor123/video/7628177588770458901?commentId=7628531642499334920,scraping_tiktok,verology.exe,Kayak postingan makanan edtwt anjir 😭
7628529423087829767,2026-04-14T08:30:25.000Z,1,https://www.tiktok.com/@na_nasgor123/video/7628177588770458901,https://www.tiktok.com/@na_nasgor123/video/7628177588770458901?commentId=7628529423087829767,scraping_tiktok,bwuylan,@na7d @Aghmar Nafiz @princess @𝔏𝔞𝔪𝔷𝔷
7628527183434580756,2026-04-14T08:21:48.000Z,1,https://www.tiktok.com/@na_nasgor123/video/7628177588770458901,https://www.tiktok.com/@na_nasgor123/video/7628177588770458901?commentId=7628527183434580756,scraping_tiktok,frinsessmi,@𝒜𝓃𝒾𝓉𝒶 🧁🩰🪽
7628524870079644434,2026-04-14T08:12:50.000Z,1,https://www.tiktok.com/@na_nasgor123/video/7628177588770458901,https://www.tiktok.com/@na_nasgor123/video/7628177588770458901?commentId=7628524870079644434,scraping_tiktok,nunninuninunn,@ccutt💤 @a @^_^
7628516459370595089,2026-04-14T07:40:08.000Z,1,https://www.tiktok.com/@na_nasgor123/video/7628177588770458901,https://www.tiktok.com/@na_nasgor123/video/7628177588770458901?commentId=7628516459370595089,scraping_tiktok,mentari_lingling,@jungwon wifey
7628514190126564116,2026-04-14T07:31:22.000Z,1,https://www.tiktok.com/@na_nasgor123/video/7628177588770458901,https://www.tiktok.com/@na_nasgor123/video/7628177588770458901?commentId=7628514190126564116,scraping_tiktok,zh.kun,juru masak mbg: maaf ya bg gua makan tadi dikit lapar gua kagak sempat makan pagi tadi
7628642643127304976,2026-04-14T15:51:08.000Z,1,https://www.tiktok.com/@na_nasgor123/video/7628177588770458901,https://www.tiktok.com/@na_nasgor123/video/7628177588770458901?commentId=7628642643127304976,scraping_tiktok,.oditte,plis gsk bngt klo telur mulu
7628627995822670599,2026-04-14T14:52:56.000Z,1,https://www.tiktok.com/@na_nasgor123/video/7628177588770458901,https://www.tiktok.com/@na_nasgor123/video/7628177588770458901?commentId=7628627995822670599,scraping_tiktok,rairopper,geli geli doang di lambung
7628624769706066708,2026-04-14T14:40:29.000Z,1,https://www.tiktok.com/@na_nasgor123/video/7628177588770458901,https://www.tiktok.com/@na_nasgor123/video/7628177588770458901?commentId=7628624769706066708,scraping_tiktok,5harty,geli geliin lambung doang
7628624266033234706,2026-04-14T14:38:31.000Z,1,https://www.tiktok.com/@na_nasgor123/video/7628177588770458901,https://www.tiktok.com/@na_nasgor123/video/7628177588770458901?commentId=7628624266033234706,scraping_tiktok,marmodds.ajaa,[Sticker] Sppg nya
7628622220215255824,2026-04-14T14:30:41.000Z,1,https://www.tiktok.com/@na_nasgor123/video/7628177588770458901,https://www.tiktok.com/@na_nasgor123/video/7628177588770458901?commentId=7628622220215255824,scraping_tiktok,yujinsvvne,pelit bgt anj buahnya
7628620577184645908,2026-04-14T14:24:14.000Z,1,https://www.tiktok.com/@na_nasgor123/video/7628177588770458901,https://www.tiktok.com/@na_nasgor123/video/7628177588770458901?commentId=7628620577184645908,scraping_tiktok,stecu_grilsss0,[Sticker] tidak fantasss...
7628617978275562261,2026-04-14T14:14:03.000Z,1,https://www.tiktok.com/@na_nasgor123/video/7628177588770458901,https://www.tiktok.com/@na_nasgor123/video/7628177588770458901?commentId=7628617978275562261,scraping_tiktok,momomo6694,tidak fantaasshh
7628617192550384391,2026-04-14T14:11:00.000Z,1,https://www.tiktok.com/@na_nasgor123/video/7628177588770458901,https://www.tiktok.com/@na_nasgor123/video/7628177588770458901?commentId=7628617192550384391,scraping_tiktok,velacan,[Sticker] @adeyy 🎀 @saa @gtaunamasendiri @4lifee_ @biebie @ikiiii
7628513437111862036,2026-04-14T07:28:35.000Z,1,https://www.tiktok.com/@na_nasgor123/video/7628177588770458901,https://www.tiktok.com/@na_nasgor123/video/7628177588770458901?commentId=7628513437111862036,scraping_tiktok,radhiyyariva16,[Sticker] yang makan
7628509040226190087,2026-04-14T07:11:23.000Z,1,https://www.tiktok.com/@na_nasgor123/video/7628177588770458901,https://www.tiktok.com/@na_nasgor123/video/7628177588770458901?commentId=7628509040226190087,scraping_tiktok,0_.20719,[Sticker] 
7628508743470957330,2026-04-14T07:10:14.000Z,1,https://www.tiktok.com/@na_nasgor123/video/7628177588770458901,https://www.tiktok.com/@na_nasgor123/video/7628177588770458901?commentId=7628508743470957330,scraping_tiktok,deepoceansid,tidak fantassss
7628503059304203029,2026-04-14T06:48:17.000Z,1,https://www.tiktok.com/@na_nasgor123/video/7628177588770458901,https://www.tiktok.com/@na_nasgor123/video/7628177588770458901?commentId=7628503059304203029,scraping_tiktok,lilyof__the_valley,#edtwt #edmbg
7628499998304404245,2026-04-14T06:36:15.000Z,1,https://www.tiktok.com/@na_nasgor123/video/7628177588770458901,https://www.tiktok.com/@na_nasgor123/video/7628177588770458901?commentId=7628499998304404245,scraping_tiktok,whatu_vvant,@tere
7628498128970564359,2026-04-14T06:29:00.000Z,1,https://www.tiktok.com/@na_nasgor123/video/7628177588770458901,https://www.tiktok.com/@na_nasgor123/video/7628177588770458901?commentId=7628498128970564359,scraping_tiktok,sy4aafaa,"porsi besar nya aja udh kek gini, apalagi porsi kecilnya💜"
7628497857243448082,2026-04-14T06:28:00.000Z,1,https://www.tiktok.com/@na_nasgor123/video/7628177588770458901,https://www.tiktok.com/@na_nasgor123/video/7628177588770458901?commentId=7628497857243448082,scraping_tiktok,nananini_18,BNR2 TIDAK FANTASHHHHHH
7628497063648707346,2026-04-14T06:24:53.000Z,1,https://www.tiktok.com/@na_nasgor123/video/7628177588770458901,https://www.tiktok.com/@na_nasgor123/video/7628177588770458901?commentId=7628497063648707346,scraping_tiktok,sukatypoo_,sepertinya cocok buat aku yang suka gagal diet🗿
7628495152877798152,2026-04-14T06:17:33.000Z,1,https://www.tiktok.com/@na_nasgor123/video/7628177588770458901,https://www.tiktok.com/@na_nasgor123/video/7628177588770458901?commentId=7628495152877798152,scraping_tiktok,4tl4ssss,tag sppg nya kak
7628494244026811154,2026-04-14T06:13:58.000Z,1,https://www.tiktok.com/@na_nasgor123/video/7628177588770458901,https://www.tiktok.com/@na_nasgor123/video/7628177588770458901?commentId=7628494244026811154,scraping_tiktok,new.tik.0214,"1,3 T btw 🗿"
7628488620512887572,2026-04-14T05:52:10.000Z,1,https://www.tiktok.com/@na_nasgor123/video/7628177588770458901,https://www.tiktok.com/@na_nasgor123/video/7628177588770458901?commentId=7628488620512887572,scraping_tiktok,honeymoon_142,kaka nya setelah makan
7628488283655963413,2026-04-14T05:50:53.000Z,1,https://www.tiktok.com/@na_nasgor123/video/7628177588770458901,https://www.tiktok.com/@na_nasgor123/video/7628177588770458901?commentId=7628488283655963413,scraping_tiktok,butterflylov3e_,[Sticker] buah naganya😭😭
7628484627061588757,2026-04-14T05:36:41.000Z,1,https://www.tiktok.com/@na_nasgor123/video/7628177588770458901,https://www.tiktok.com/@na_nasgor123/video/7628177588770458901?commentId=7628484627061588757,scraping_tiktok,bealreadytooluv,@naa? kpop idol diet
7628478956648170247,2026-04-14T05:14:37.000Z,1,https://www.tiktok.com/@na_nasgor123/video/7628177588770458901,https://www.tiktok.com/@na_nasgor123/video/7628177588770458901?commentId=7628478956648170247,scraping_tiktok,coladreamie,Buah naganya tipis bgt😭😭
7628475082692870932,2026-04-14T04:59:42.000Z,1,https://www.tiktok.com/@na_nasgor123/video/7628177588770458901,https://www.tiktok.com/@na_nasgor123/video/7628177588770458901?commentId=7628475082692870932,scraping_tiktok,lovelypotions,buah naga standar korsel
7628462056806859541,2026-04-14T04:09:04.000Z,1,https://www.tiktok.com/@na_nasgor123/video/7628177588770458901,https://www.tiktok.com/@na_nasgor123/video/7628177588770458901?commentId=7628462056806859541,scraping_tiktok,namynesy,[Sticker] ah ini mah di telen juga ga berasa
7628461909155906311,2026-04-14T04:08:38.000Z,1,https://www.tiktok.com/@na_nasgor123/video/7628177588770458901,https://www.tiktok.com/@na_nasgor123/video/7628177588770458901?commentId=7628461909155906311,scraping_tiktok,belberryryy,clean eating
7628457369563218706,2026-04-14T03:50:50.000Z,1,https://www.tiktok.com/@na_nasgor123/video/7628177588770458901,https://www.tiktok.com/@na_nasgor123/video/7628177588770458901?commentId=7628457369563218706,scraping_tiktok,lynx7890,buah naganya kurus 😭
7628456906432267016,2026-04-14T03:49:04.000Z,1,https://www.tiktok.com/@na_nasgor123/video/7628177588770458901,https://www.tiktok.com/@na_nasgor123/video/7628177588770458901?commentId=7628456906432267016,scraping_tiktok,blessdmoonzz,ayam juga ga kenyang ini
7628449981002957586,2026-04-14T03:22:09.000Z,1,https://www.tiktok.com/@na_nasgor123/video/7628177588770458901,https://www.tiktok.com/@na_nasgor123/video/7628177588770458901?commentId=7628449981002957586,scraping_tiktok,nabb_614,mbg sekolah adikku hari ini💜
7628448544953025281,2026-04-14T03:16:36.000Z,1,https://www.tiktok.com/@na_nasgor123/video/7628177588770458901,https://www.tiktok.com/@na_nasgor123/video/7628177588770458901?commentId=7628448544953025281,scraping_tiktok,nanavilledra,this is so kardashian💜
7628446726097666836,2026-04-14T03:09:39.000Z,1,https://www.tiktok.com/@na_nasgor123/video/7628177588770458901,https://www.tiktok.com/@na_nasgor123/video/7628177588770458901?commentId=7628446726097666836,scraping_tiktok,dictator663,"udahlah Nutrisinya kurang, ditambah Tampilan gak menggugah selera sama sekali. hadeh².."
7628444248211227409,2026-04-14T02:59:56.000Z,1,https://www.tiktok.com/@na_nasgor123/video/7628177588770458901,https://www.tiktok.com/@na_nasgor123/video/7628177588770458901?commentId=7628444248211227409,scraping_tiktok,noooneera,diet IF berjamaah💜
7628440446596301584,2026-04-14T02:45:30.000Z,1,https://www.tiktok.com/@na_nasgor123/video/7628177588770458901,https://www.tiktok.com/@na_nasgor123/video/7628177588770458901?commentId=7628440446596301584,scraping_tiktok,ncfy50,"serba 35❌
serba kurus✔️"
7628437051624555285,2026-04-14T02:32:03.000Z,1,https://www.tiktok.com/@na_nasgor123/video/7628177588770458901,https://www.tiktok.com/@na_nasgor123/video/7628177588770458901?commentId=7628437051624555285,scraping_tiktok,dewiiptrr07,buah naganya juga itu harus ditmenin kurus amat😭
7628434872684233489,2026-04-14T02:23:43.000Z,1,https://www.tiktok.com/@na_nasgor123/video/7628177588770458901,https://www.tiktok.com/@na_nasgor123/video/7628177588770458901?commentId=7628434872684233489,scraping_tiktok,mwwu4,sppg mana kak info
7628434689941865236,2026-04-14T02:22:52.000Z,1,https://www.tiktok.com/@na_nasgor123/video/7628177588770458901,https://www.tiktok.com/@na_nasgor123/video/7628177588770458901?commentId=7628434689941865236,scraping_tiktok,claryn821,@Nerru @Vinea @kyazu☆ 😭
7628425398036595476,2026-04-14T01:46:53.000Z,1,https://www.tiktok.com/@na_nasgor123/video/7628177588770458901,https://www.tiktok.com/@na_nasgor123/video/7628177588770458901?commentId=7628425398036595476,scraping_tiktok,khanadyours,@🫧𓇼𓏲*ੈ✩‧₊˚🎐 😭😭
7628293672710308629,2026-04-13T17:15:34.000Z,1,https://www.tiktok.com/@na_nasgor123/video/7628177588770458901,https://www.tiktok.com/@na_nasgor123/video/7628177588770458901?commentId=7628293672710308629,scraping_tiktok,avrillavigne______,@saaa @sya @almrablqis @ͷ @a @slvii
7628253529547096852,2026-04-13T14:39:50.000Z,1,https://www.tiktok.com/@na_nasgor123/video/7628177588770458901,https://www.tiktok.com/@na_nasgor123/video/7628177588770458901?commentId=7628253529547096852,scraping_tiktok,yanesalf,
7628629733995086599,2026-04-14T14:59:38.000Z,1,https://www.tiktok.com/@na_nasgor123/video/7628177588770458901,https://www.tiktok.com/@na_nasgor123/video/7628177588770458901?commentId=7628629733995086599,scraping_tiktok,viee_cancer,[Sticker] lambung : alah keri keri keriii
7628217685679391489,2026-04-13T12:20:45.000Z,1,https://www.tiktok.com/@na_nasgor123/video/7628177588770458901,https://www.tiktok.com/@na_nasgor123/video/7628177588770458901?commentId=7628217685679391489,scraping_tiktok,bajingan1791,"ini pasti enak😻
# klo g di makan😝💩"
7628214573192626962,2026-04-13T12:08:38.000Z,1,https://www.tiktok.com/@na_nasgor123/video/7628177588770458901,https://www.tiktok.com/@na_nasgor123/video/7628177588770458901?commentId=7628214573192626962,scraping_tiktok,snowyowlgirlhoney,[Sticker] tidakk fantasss
7628214035113067284,2026-04-13T12:06:37.000Z,1,https://www.tiktok.com/@na_nasgor123/video/7628177588770458901,https://www.tiktok.com/@na_nasgor123/video/7628177588770458901?commentId=7628214035113067284,scraping_tiktok,my.lover939,lambungnya cuma geli geli😭😭
7642927296522027784,2026-05-23T03:41:36.000Z,0,https://www.tiktok.com/@na_nasgor123/video/7628177588770458901,https://www.tiktok.com/@na_nasgor123/video/7628177588770458901?commentId=7642927296522027784,scraping_tiktok,marmarvelvelll,1 buah naga kalo di bagi 30orang
7641893234814157584,2026-05-20T08:49:12.000Z,0,https://www.tiktok.com/@na_nasgor123/video/7628177588770458901,https://www.tiktok.com/@na_nasgor123/video/7628177588770458901?commentId=7641893234814157584,scraping_tiktok,vamourie,edtwt ana edition of mbg
7641891819416879873,2026-05-20T08:43:50.000Z,0,https://www.tiktok.com/@na_nasgor123/video/7628177588770458901,https://www.tiktok.com/@na_nasgor123/video/7628177588770458901?commentId=7641891819416879873,scraping_tiktok,vamourie,ozempic mbg
7641059268226056978,2026-05-18T02:52:47.000Z,0,https://www.tiktok.com/@na_nasgor123/video/7628177588770458901,https://www.tiktok.com/@na_nasgor123/video/7628177588770458901?commentId=7641059268226056978,scraping_tiktok,femuimai,[Sticker] tapi gw porsi gini udah cukup buat sehari
7640080656173220625,2026-05-15T11:35:06.000Z,0,https://www.tiktok.com/@na_nasgor123/video/7628177588770458901,https://www.tiktok.com/@na_nasgor123/video/7628177588770458901?commentId=7640080656173220625,scraping_tiktok,sai_09272,geli² doang di lambung
7640077687658332949,2026-05-15T11:23:37.000Z,0,https://www.tiktok.com/@na_nasgor123/video/7628177588770458901,https://www.tiktok.com/@na_nasgor123/video/7628177588770458901?commentId=7640077687658332949,scraping_tiktok,sxinther,@born to be hachu garetek
7639962075720762119,2026-05-15T03:54:57.000Z,0,https://www.tiktok.com/@na_nasgor123/video/7628177588770458901,https://www.tiktok.com/@na_nasgor123/video/7628177588770458901?commentId=7639962075720762119,scraping_tiktok,cocomixue,@Crumbelle🪼 @️
7639930077909058322,2026-05-15T01:50:54.000Z,0,https://www.tiktok.com/@na_nasgor123/video/7628177588770458901,https://www.tiktok.com/@na_nasgor123/video/7628177588770458901?commentId=7639930077909058322,scraping_tiktok,kzllyap,@bibubadibako @ais @audiaprill
7639714796922176274,2026-05-14T11:55:26.000Z,0,https://www.tiktok.com/@na_nasgor123/video/7628177588770458901,https://www.tiktok.com/@na_nasgor123/video/7628177588770458901?commentId=7639714796922176274,scraping_tiktok,dubaicuwikiku,@Cinta berasa bella hadid
7639701206642737937,2026-05-14T11:02:44.000Z,0,https://www.tiktok.com/@na_nasgor123/video/7628177588770458901,https://www.tiktok.com/@na_nasgor123/video/7628177588770458901?commentId=7639701206642737937,scraping_tiktok,acaryne,"banyak banget kak, prank"
7639699473962205960,2026-05-14T10:55:54.000Z,0,https://www.tiktok.com/@na_nasgor123/video/7628177588770458901,https://www.tiktok.com/@na_nasgor123/video/7628177588770458901?commentId=7639699473962205960,scraping_tiktok,abcdesy._,"lohh kok bisaa,mbg adikku kenapa enak"" yaa😭"
7628574428150547207,2026-04-14T11:25:04.000Z,1,https://www.tiktok.com/@na_nasgor123/video/7628177588770458901,https://www.tiktok.com/@na_nasgor123/video/7628177588770458901?commentId=7628574428150547207,scraping_tiktok,wardana_zx71,Msi mending kau kak gw kmaren cm tolor ebus tempe rebus sm nasi doang🤭
7628573620470072085,2026-04-14T11:21:58.000Z,1,https://www.tiktok.com/@na_nasgor123/video/7628177588770458901,https://www.tiktok.com/@na_nasgor123/video/7628177588770458901?commentId=7628573620470072085,scraping_tiktok,piepiewa,@Soke 💫 @JAHEE🪼 mirip yg semangka tipis 😭
7628573311698223892,2026-04-14T11:20:51.000Z,1,https://www.tiktok.com/@na_nasgor123/video/7628177588770458901,https://www.tiktok.com/@na_nasgor123/video/7628177588770458901?commentId=7628573311698223892,scraping_tiktok,ginsengg12,ih pelitnya
7628573304597349121,2026-04-14T11:22:57.000Z,1,https://www.tiktok.com/@na_nasgor123/video/7628177588770458901,https://www.tiktok.com/@na_nasgor123/video/7628177588770458901?commentId=7628573304597349121,scraping_tiktok,aqsyysyaa,lambung: ah ini cuman buat geli geli asam doang
7628572717696877333,2026-04-14T11:18:30.000Z,1,https://www.tiktok.com/@na_nasgor123/video/7628177588770458901,https://www.tiktok.com/@na_nasgor123/video/7628177588770458901?commentId=7628572717696877333,scraping_tiktok,alyyyy.chh,inimah sesuap jg langsung abis
7628570314511663879,2026-04-14T11:09:11.000Z,1,https://www.tiktok.com/@na_nasgor123/video/7628177588770458901,https://www.tiktok.com/@na_nasgor123/video/7628177588770458901?commentId=7628570314511663879,scraping_tiktok,syilioilbesyek,@✨ jujur iku porsi mu banget si🙏🏻🙏🏻
7639626835797885703,2026-05-14T06:14:03.000Z,0,https://www.tiktok.com/@na_nasgor123/video/7628177588770458901,https://www.tiktok.com/@na_nasgor123/video/7628177588770458901?commentId=7639626835797885703,scraping_tiktok,arsunshine4,[Sticker] keadaan satu sekolah setelah makan mbg
7639624819360826119,2026-05-14T06:06:13.000Z,0,https://www.tiktok.com/@na_nasgor123/video/7628177588770458901,https://www.tiktok.com/@na_nasgor123/video/7628177588770458901?commentId=7639624819360826119,scraping_tiktok,abyyyyynovess,[Sticker] itu mbg atau makanan buat anak kucing
7639622582836364050,2026-05-14T05:57:34.000Z,0,https://www.tiktok.com/@na_nasgor123/video/7628177588770458901,https://www.tiktok.com/@na_nasgor123/video/7628177588770458901?commentId=7639622582836364050,scraping_tiktok,sin.jul.sim,makanan tbc
7639591831302718225,2026-05-14T03:58:16.000Z,0,https://www.tiktok.com/@na_nasgor123/video/7628177588770458901,https://www.tiktok.com/@na_nasgor123/video/7628177588770458901?commentId=7639591831302718225,scraping_tiktok,gwehmin,sisanya masuk kantong itu
7639590588401238805,2026-05-14T03:53:41.000Z,0,https://www.tiktok.com/@na_nasgor123/video/7628177588770458901,https://www.tiktok.com/@na_nasgor123/video/7628177588770458901?commentId=7639590588401238805,scraping_tiktok,americanphie,@niś @r¡èzty @dyr @Nandwa @ezAr @wá @J kita harus bersyukur
7639388222074897172,2026-05-13T14:48:17.000Z,0,https://www.tiktok.com/@na_nasgor123/video/7628177588770458901,https://www.tiktok.com/@na_nasgor123/video/7628177588770458901?commentId=7639388222074897172,scraping_tiktok,syifa.syahqila,[Sticker] MBG: makanan b-kurang gizi
7639370869592605448,2026-05-13T13:40:47.000Z,0,https://www.tiktok.com/@na_nasgor123/video/7628177588770458901,https://www.tiktok.com/@na_nasgor123/video/7628177588770458901?commentId=7639370869592605448,scraping_tiktok,callmeprincessbelle,@hayolo @•`ssaa`•|🤍 @🐈‍⬛🪩
7628565801834742536,2026-04-14T10:51:35.000Z,1,https://www.tiktok.com/@na_nasgor123/video/7628177588770458901,https://www.tiktok.com/@na_nasgor123/video/7628177588770458901?commentId=7628565801834742536,scraping_tiktok,experiment_10065,gw dapet menunya ayam katsu
7628564477336371988,2026-04-14T10:46:31.000Z,1,https://www.tiktok.com/@na_nasgor123/video/7628177588770458901,https://www.tiktok.com/@na_nasgor123/video/7628177588770458901?commentId=7628564477336371988,scraping_tiktok,cylaja2,[Sticker] Kakak nya sama temenya
7628564237023707924,2026-04-14T10:45:36.000Z,1,https://www.tiktok.com/@na_nasgor123/video/7628177588770458901,https://www.tiktok.com/@na_nasgor123/video/7628177588770458901?commentId=7628564237023707924,scraping_tiktok,zahraa_1234562,cocok buat temen ku yg makan nya sedikit
7628560791452549909,2026-04-14T10:32:09.000Z,1,https://www.tiktok.com/@na_nasgor123/video/7628177588770458901,https://www.tiktok.com/@na_nasgor123/video/7628177588770458901?commentId=7628560791452549909,scraping_tiktok,iamthemingyuprincess,@Zahra @calystaathalia @°•ǰ @shaa @🖇novi @yapp @deets @Jzzey L buah naga e sg ngiris nazwa
7628567707727184641,2026-04-14T10:59:04.000Z,1,https://www.tiktok.com/@na_nasgor123/video/7628177588770458901,https://www.tiktok.com/@na_nasgor123/video/7628177588770458901?commentId=7628567707727184641,scraping_tiktok,thonyandjung,geli-gelian dilambung doang anjirr😭😭😭
7639276286758028052,2026-05-13T07:33:48.000Z,0,https://www.tiktok.com/@na_nasgor123/video/7628177588770458901,https://www.tiktok.com/@na_nasgor123/video/7628177588770458901?commentId=7639276286758028052,scraping_tiktok,ppp_78.7,l4n951n9
7639272854156591893,2026-05-13T07:20:33.000Z,0,https://www.tiktok.com/@na_nasgor123/video/7628177588770458901,https://www.tiktok.com/@na_nasgor123/video/7628177588770458901?commentId=7639272854156591893,scraping_tiktok,milthyy,@🚩🚩 @R. @inisial rhann @Triss!! @$ekàz. @fajarrr @kaii @M. @Kyoko.
7639204796499133200,2026-05-13T02:56:50.000Z,0,https://www.tiktok.com/@na_nasgor123/video/7628177588770458901,https://www.tiktok.com/@na_nasgor123/video/7628177588770458901?commentId=7639204796499133200,scraping_tiktok,easen.park,ini dr mbg nya ada ketentuan minimal dikasi 1 penukar gasi? kasian bgt liat mbg yg ini😭
7638964269082919698,2026-05-12T11:23:03.000Z,0,https://www.tiktok.com/@na_nasgor123/video/7628177588770458901,https://www.tiktok.com/@na_nasgor123/video/7628177588770458901?commentId=7638964269082919698,scraping_tiktok,budialphl,@sergejed @WindstideeZ pengen diett
7638850296139514640,2026-05-12T04:00:45.000Z,0,https://www.tiktok.com/@na_nasgor123/video/7628177588770458901,https://www.tiktok.com/@na_nasgor123/video/7628177588770458901?commentId=7638850296139514640,scraping_tiktok,kimicha06,ini juga porsi kecil
7638174199441916693,2026-05-10T08:17:10.000Z,0,https://www.tiktok.com/@na_nasgor123/video/7628177588770458901,https://www.tiktok.com/@na_nasgor123/video/7628177588770458901?commentId=7638174199441916693,scraping_tiktok,whitesky156,Buah naga air 😉
7637780072120926992,2026-05-09T06:48:05.000Z,0,https://www.tiktok.com/@na_nasgor123/video/7628177588770458901,https://www.tiktok.com/@na_nasgor123/video/7628177588770458901?commentId=7637780072120926992,scraping_tiktok,m0nlisal,"kalo porsinya segitu, bisa buat 1 tahun ka"
7637064721254564629,2026-05-07T08:31:55.000Z,0,https://www.tiktok.com/@na_nasgor123/video/7628177588770458901,https://www.tiktok.com/@na_nasgor123/video/7628177588770458901?commentId=7637064721254564629,scraping_tiktok,curlyplayboiii,gila si
7636930175993004808,2026-05-06T23:49:55.000Z,0,https://www.tiktok.com/@na_nasgor123/video/7628177588770458901,https://www.tiktok.com/@na_nasgor123/video/7628177588770458901?commentId=7636930175993004808,scraping_tiktok,ze4_ever,Mana tahu sama ayam nya cuma 3 biji😭
7632902356506690322,2026-04-26T03:19:47.000Z,0,https://www.tiktok.com/@na_nasgor123/video/7628177588770458901,https://www.tiktok.com/@na_nasgor123/video/7628177588770458901?commentId=7632902356506690322,scraping_tiktok,biuveinr,[Sticker] 
7628207517004251912,2026-04-13T11:41:13.000Z,1,https://www.tiktok.com/@na_nasgor123/video/7628177588770458901,https://www.tiktok.com/@na_nasgor123/video/7628177588770458901?commentId=7628207517004251912,scraping_tiktok,abeautifulmoon02,[Sticker] 
7639363439882093332,2026-05-13T13:11:58.000Z,0,https://www.tiktok.com/@na_nasgor123/video/7628177588770458901,https://www.tiktok.com/@na_nasgor123/video/7628177588770458901?commentId=7639363439882093332,scraping_tiktok,lethcy_kynnst,@Novarekxs mbg muu 😭😭
7639358486291661576,2026-05-13T12:52:41.000Z,0,https://www.tiktok.com/@na_nasgor123/video/7628177588770458901,https://www.tiktok.com/@na_nasgor123/video/7628177588770458901?commentId=7639358486291661576,scraping_tiktok,ffardhn,@nayaa🐈‍⬛ @f @𝔀𝓲𝓷𝓭𝓲𝓲 😭😭
7639344669972824850,2026-05-13T11:59:04.000Z,0,https://www.tiktok.com/@na_nasgor123/video/7628177588770458901,https://www.tiktok.com/@na_nasgor123/video/7628177588770458901?commentId=7639344669972824850,scraping_tiktok,lulunamanya1,tunggu kiris
7639341041585505041,2026-05-13T11:45:12.000Z,0,https://www.tiktok.com/@na_nasgor123/video/7628177588770458901,https://www.tiktok.com/@na_nasgor123/video/7628177588770458901?commentId=7639341041585505041,scraping_tiktok,ryuichii07,@who? @manusia
7632076352338182920,2026-04-23T21:54:22.000Z,0,https://www.tiktok.com/@na_nasgor123/video/7628177588770458901,https://www.tiktok.com/@na_nasgor123/video/7628177588770458901?commentId=7632076352338182920,scraping_tiktok,wayastudio.id,@
7631867541862269704,2026-04-23T08:24:02.000Z,0,https://www.tiktok.com/@na_nasgor123/video/7628177588770458901,https://www.tiktok.com/@na_nasgor123/video/7628177588770458901?commentId=7631867541862269704,scraping_tiktok,eylnnky,@uiiolu
7630718637984334610,2026-04-20T06:05:41.000Z,0,https://www.tiktok.com/@na_nasgor123/video/7628177588770458901,https://www.tiktok.com/@na_nasgor123/video/7628177588770458901?commentId=7630718637984334610,scraping_tiktok,queen.alexa82,bolak balik perkara sound nya🥰😭
7630703758167638804,2026-04-20T05:08:08.000Z,0,https://www.tiktok.com/@na_nasgor123/video/7628177588770458901,https://www.tiktok.com/@na_nasgor123/video/7628177588770458901?commentId=7630703758167638804,scraping_tiktok,anak_imups7,[Sticker] 
7630642663843185409,2026-04-20T01:11:02.000Z,0,https://www.tiktok.com/@na_nasgor123/video/7628177588770458901,https://www.tiktok.com/@na_nasgor123/video/7628177588770458901?commentId=7630642663843185409,scraping_tiktok,sazah722,nasi nya dua suap 😭
7630521077701722887,2026-04-19T17:19:03.000Z,0,https://www.tiktok.com/@na_nasgor123/video/7628177588770458901,https://www.tiktok.com/@na_nasgor123/video/7628177588770458901?commentId=7630521077701722887,scraping_tiktok,carci_9,@iniayu!!🐬 lebi parah😭🗿
7630475238200279815,2026-04-19T14:21:12.000Z,0,https://www.tiktok.com/@na_nasgor123/video/7628177588770458901,https://www.tiktok.com/@na_nasgor123/video/7628177588770458901?commentId=7630475238200279815,scraping_tiktok,fazila_xyz,@kly @Nurfajriah @_·PinkyyLuvz·_💐✨
7630441396428292880,2026-04-19T12:10:01.000Z,0,https://www.tiktok.com/@na_nasgor123/video/7628177588770458901,https://www.tiktok.com/@na_nasgor123/video/7628177588770458901?commentId=7630441396428292880,scraping_tiktok,adaajahh_ya,🥺
7630439561429353223,2026-04-19T12:02:48.000Z,0,https://www.tiktok.com/@na_nasgor123/video/7628177588770458901,https://www.tiktok.com/@na_nasgor123/video/7628177588770458901?commentId=7630439561429353223,scraping_tiktok,ryannn_dy,Ini MBG ku 😋😋
7630413803612865287,2026-04-19T10:22:53.000Z,0,https://www.tiktok.com/@na_nasgor123/video/7628177588770458901,https://www.tiktok.com/@na_nasgor123/video/7628177588770458901?commentId=7630413803612865287,scraping_tiktok,nilz_098,[Sticker] 
7630402206394974984,2026-04-19T09:37:50.000Z,0,https://www.tiktok.com/@na_nasgor123/video/7628177588770458901,https://www.tiktok.com/@na_nasgor123/video/7628177588770458901?commentId=7630402206394974984,scraping_tiktok,justammarwhynot,ini yg periksa ahli gizi atau ahli diet
7630400579265544968,2026-04-19T09:31:30.000Z,0,https://www.tiktok.com/@na_nasgor123/video/7628177588770458901,https://www.tiktok.com/@na_nasgor123/video/7628177588770458901?commentId=7630400579265544968,scraping_tiktok,issa.bella291,[Sticker] lambung :
7630394901406892818,2026-04-19T09:09:26.000Z,0,https://www.tiktok.com/@na_nasgor123/video/7628177588770458901,https://www.tiktok.com/@na_nasgor123/video/7628177588770458901?commentId=7630394901406892818,scraping_tiktok,raphael_el2,pov udah mau di anter kurang 1 ompreng semua nya sisa setengah😭
7630354115588162324,2026-04-19T06:31:18.000Z,0,https://www.tiktok.com/@na_nasgor123/video/7628177588770458901,https://www.tiktok.com/@na_nasgor123/video/7628177588770458901?commentId=7630354115588162324,scraping_tiktok,hafidz.mlbb,[Sticker] 
7630342617629754133,2026-04-19T05:46:46.000Z,0,https://www.tiktok.com/@na_nasgor123/video/7628177588770458901,https://www.tiktok.com/@na_nasgor123/video/7628177588770458901?commentId=7630342617629754133,scraping_tiktok,lovyy091,itu mah bukan MBG tapi mbg
7630332386782053138,2026-04-19T05:06:54.000Z,0,https://www.tiktok.com/@na_nasgor123/video/7628177588770458901,https://www.tiktok.com/@na_nasgor123/video/7628177588770458901?commentId=7630332386782053138,scraping_tiktok,nostra_66,[Sticker] ahli gizi di sppg tersebut
7630285680128295688,2026-04-19T02:05:43.000Z,0,https://www.tiktok.com/@na_nasgor123/video/7628177588770458901,https://www.tiktok.com/@na_nasgor123/video/7628177588770458901?commentId=7630285680128295688,scraping_tiktok,.eerikkaa,"buahnya😭😭
gwe sebagai pecinta buah naga kalo makan satu buah aja belum cukup apalagi segituu😭😭"
7630252549384422162,2026-04-18T23:57:12.000Z,0,https://www.tiktok.com/@na_nasgor123/video/7628177588770458901,https://www.tiktok.com/@na_nasgor123/video/7628177588770458901?commentId=7630252549384422162,scraping_tiktok,ulah_dibejabeja,"me:salad buah,opor,tahu,jasuke,kacang,
you?"
7630125668563223316,2026-04-18T15:44:42.000Z,0,https://www.tiktok.com/@na_nasgor123/video/7628177588770458901,https://www.tiktok.com/@na_nasgor123/video/7628177588770458901?commentId=7630125668563223316,scraping_tiktok,jsnnich00,ini mah sisaan
7630119666735940372,2026-04-18T15:21:24.000Z,0,https://www.tiktok.com/@na_nasgor123/video/7628177588770458901,https://www.tiktok.com/@na_nasgor123/video/7628177588770458901?commentId=7630119666735940372,scraping_tiktok,anqoranqpq,@r 😭
7630112288406733586,2026-04-18T14:52:48.000Z,0,https://www.tiktok.com/@na_nasgor123/video/7628177588770458901,https://www.tiktok.com/@na_nasgor123/video/7628177588770458901?commentId=7630112288406733586,scraping_tiktok,t4sy.aa,pelit bgt anjir😭
7630111494827361032,2026-04-18T14:49:39.000Z,0,https://www.tiktok.com/@na_nasgor123/video/7628177588770458901,https://www.tiktok.com/@na_nasgor123/video/7628177588770458901?commentId=7630111494827361032,scraping_tiktok,meandastrophile,@gerindra
7630107753100657429,2026-04-18T14:35:10.000Z,0,https://www.tiktok.com/@na_nasgor123/video/7628177588770458901,https://www.tiktok.com/@na_nasgor123/video/7628177588770458901?commentId=7630107753100657429,scraping_tiktok,mingyuismybfwoops,1 buah naga di bagi buat satu sekolah yh💜
7630101573561172757,2026-04-18T14:11:09.000Z,0,https://www.tiktok.com/@na_nasgor123/video/7628177588770458901,https://www.tiktok.com/@na_nasgor123/video/7628177588770458901?commentId=7630101573561172757,scraping_tiktok,cheiiput,pelitt bangett sppg nya 🤩🤩🤩🥰🥰🥰
7630098534277235463,2026-04-18T13:59:26.000Z,0,https://www.tiktok.com/@na_nasgor123/video/7628177588770458901,https://www.tiktok.com/@na_nasgor123/video/7628177588770458901?commentId=7630098534277235463,scraping_tiktok,rayyshaa_092,wkwkwkwk😭
7628435681359315713,2026-04-14T02:26:51.000Z,1,https://www.tiktok.com/@na_nasgor123/video/7628177588770458901,https://www.tiktok.com/@na_nasgor123/video/7628177588770458901?commentId=7628435681359315713,scraping_tiktok,ci21proo,gk kenyang.
7630077529667699476,2026-04-18T12:37:55.000Z,0,https://www.tiktok.com/@na_nasgor123/video/7628177588770458901,https://www.tiktok.com/@na_nasgor123/video/7628177588770458901?commentId=7630077529667699476,scraping_tiktok,simply.laa14,[Sticker] Tidak fantasths sekali Sppg nya
7630071552390972168,2026-04-18T12:14:41.000Z,0,https://www.tiktok.com/@na_nasgor123/video/7628177588770458901,https://www.tiktok.com/@na_nasgor123/video/7628177588770458901?commentId=7630071552390972168,scraping_tiktok,suzhuangxi,@ell4u @luvv~maharanii..
7630065265206067975,2026-04-18T11:50:16.000Z,0,https://www.tiktok.com/@na_nasgor123/video/7628177588770458901,https://www.tiktok.com/@na_nasgor123/video/7628177588770458901?commentId=7630065265206067975,scraping_tiktok,davidwhyuuu6,@Amaris
7630050651909456661,2026-04-18T10:53:35.000Z,0,https://www.tiktok.com/@na_nasgor123/video/7628177588770458901,https://www.tiktok.com/@na_nasgor123/video/7628177588770458901?commentId=7630050651909456661,scraping_tiktok,nndyyia,@cy
7630049565953737492,2026-04-18T10:49:26.000Z,0,https://www.tiktok.com/@na_nasgor123/video/7628177588770458901,https://www.tiktok.com/@na_nasgor123/video/7628177588770458901?commentId=7630049565953737492,scraping_tiktok,iqbraat,[Sticker] my dragon fruit
7630046420548109073,2026-04-18T10:37:17.000Z,0,https://www.tiktok.com/@na_nasgor123/video/7628177588770458901,https://www.tiktok.com/@na_nasgor123/video/7628177588770458901?commentId=7630046420548109073,scraping_tiktok,shinningpearls_7,Alhamdulillah sppg ku enak enak
7630038321225974536,2026-04-18T10:05:44.000Z,0,https://www.tiktok.com/@na_nasgor123/video/7628177588770458901,https://www.tiktok.com/@na_nasgor123/video/7628177588770458901?commentId=7630038321225974536,scraping_tiktok,tgyeaa1,"di sekolah gue ada porsi anak kecil, tapi ga SE dikit mbg lu jirs😭"
7630013832505950984,2026-04-18T08:30:46.000Z,0,https://www.tiktok.com/@na_nasgor123/video/7628177588770458901,https://www.tiktok.com/@na_nasgor123/video/7628177588770458901?commentId=7630013832505950984,scraping_tiktok,zahratullllsifaaaaaaaaa1,kak kalo mau makan buah naga nya jangan di bawa keluar takutnya buah naga nya kebawa angin terlalu kuruss
7630010807816045328,2026-04-18T08:18:57.000Z,0,https://www.tiktok.com/@na_nasgor123/video/7628177588770458901,https://www.tiktok.com/@na_nasgor123/video/7628177588770458901?commentId=7630010807816045328,scraping_tiktok,wifesahnyaagimyungggggg,buah naganya setipis ituu😭😭😭
7630003053635044116,2026-04-18T07:48:57.000Z,0,https://www.tiktok.com/@na_nasgor123/video/7628177588770458901,https://www.tiktok.com/@na_nasgor123/video/7628177588770458901?commentId=7630003053635044116,scraping_tiktok,cca1401_,[Sticker] tidak fantash
7630002554256245524,2026-04-18T07:46:58.000Z,0,https://www.tiktok.com/@na_nasgor123/video/7628177588770458901,https://www.tiktok.com/@na_nasgor123/video/7628177588770458901?commentId=7630002554256245524,scraping_tiktok,tyatyakatya4,[Sticker] pas buka ompreng:
7630001079820813064,2026-04-18T07:41:16.000Z,0,https://www.tiktok.com/@na_nasgor123/video/7628177588770458901,https://www.tiktok.com/@na_nasgor123/video/7628177588770458901?commentId=7630001079820813064,scraping_tiktok,genzz227,lambung:barusan apa tadi yg masuk
7629996434217730817,2026-04-18T07:23:14.000Z,0,https://www.tiktok.com/@na_nasgor123/video/7628177588770458901,https://www.tiktok.com/@na_nasgor123/video/7628177588770458901?commentId=7629996434217730817,scraping_tiktok,paroljxjxjx,[Sticker] keranjang kuning nya mana kk?
7629988830506124050,2026-04-18T06:53:42.000Z,0,https://www.tiktok.com/@na_nasgor123/video/7628177588770458901,https://www.tiktok.com/@na_nasgor123/video/7628177588770458901?commentId=7629988830506124050,scraping_tiktok,kfa614_,buah mbg ku: lengkeng jeruk pisang 🗿🗿🗿🗿
7629988065868612359,2026-04-18T06:50:45.000Z,0,https://www.tiktok.com/@na_nasgor123/video/7628177588770458901,https://www.tiktok.com/@na_nasgor123/video/7628177588770458901?commentId=7629988065868612359,scraping_tiktok,kang_sarkas,buah naga dua dimensi 🗿
7629984221805757202,2026-04-18T06:35:50.000Z,0,https://www.tiktok.com/@na_nasgor123/video/7628177588770458901,https://www.tiktok.com/@na_nasgor123/video/7628177588770458901?commentId=7629984221805757202,scraping_tiktok,modeaappaann,naganya lagi diet jir💜
7629978908474540821,2026-04-18T06:15:11.000Z,0,https://www.tiktok.com/@na_nasgor123/video/7628177588770458901,https://www.tiktok.com/@na_nasgor123/video/7628177588770458901?commentId=7629978908474540821,scraping_tiktok,mingsyaa,porsi nasi kucing😭😭
7629975963820819221,2026-04-18T06:03:50.000Z,0,https://www.tiktok.com/@na_nasgor123/video/7628177588770458901,https://www.tiktok.com/@na_nasgor123/video/7628177588770458901?commentId=7629975963820819221,scraping_tiktok,minaaa8690,dietnya kpop idol inimah
7629972028310143762,2026-04-18T05:48:37.000Z,0,https://www.tiktok.com/@na_nasgor123/video/7628177588770458901,https://www.tiktok.com/@na_nasgor123/video/7628177588770458901?commentId=7629972028310143762,scraping_tiktok,f0rr_funn,menu mbg kyk menu diet extrem😹
7629964651598512904,2026-04-18T05:19:49.000Z,0,https://www.tiktok.com/@na_nasgor123/video/7628177588770458901,https://www.tiktok.com/@na_nasgor123/video/7628177588770458901?commentId=7629964651598512904,scraping_tiktok,nathaa_006,nasinya seplok an doang ajg itu 😭 mana ayam nya seitil
7629961926358074130,2026-04-18T05:09:21.000Z,0,https://www.tiktok.com/@na_nasgor123/video/7628177588770458901,https://www.tiktok.com/@na_nasgor123/video/7628177588770458901?commentId=7629961926358074130,scraping_tiktok,matcha_latte366,[Sticker] 
7629961811052577553,2026-04-18T05:08:54.000Z,0,https://www.tiktok.com/@na_nasgor123/video/7628177588770458901,https://www.tiktok.com/@na_nasgor123/video/7628177588770458901?commentId=7629961811052577553,scraping_tiktok,secret.acc00unt_,"aku suka mbg porsi segini,pass dengan lambung imut ku🥰"
7629959280812098322,2026-04-18T04:59:00.000Z,0,https://www.tiktok.com/@na_nasgor123/video/7628177588770458901,https://www.tiktok.com/@na_nasgor123/video/7628177588770458901?commentId=7629959280812098322,scraping_tiktok,dearly014,Buah naga sebiji buat satu kelas😂
7629951481931924231,2026-04-18T04:28:44.000Z,0,https://www.tiktok.com/@na_nasgor123/video/7628177588770458901,https://www.tiktok.com/@na_nasgor123/video/7628177588770458901?commentId=7629951481931924231,scraping_tiktok,uchiiha.90,itu buah naga apa sisir?
7629950168763548433,2026-04-18T04:23:46.000Z,0,https://www.tiktok.com/@na_nasgor123/video/7628177588770458901,https://www.tiktok.com/@na_nasgor123/video/7628177588770458901?commentId=7629950168763548433,scraping_tiktok,tania_realll,[Sticker] wanjir
7629947490091418385,2026-04-18T04:13:25.000Z,0,https://www.tiktok.com/@na_nasgor123/video/7628177588770458901,https://www.tiktok.com/@na_nasgor123/video/7628177588770458901?commentId=7629947490091418385,scraping_tiktok,fitrikue_15,lambung: Tidak fantaaas
7629947209609429780,2026-04-18T04:12:12.000Z,0,https://www.tiktok.com/@na_nasgor123/video/7628177588770458901,https://www.tiktok.com/@na_nasgor123/video/7628177588770458901?commentId=7629947209609429780,scraping_tiktok,st7_sh7arkk,MBG nya pelit🗿
7629940014675378964,2026-04-18T03:44:20.000Z,0,https://www.tiktok.com/@na_nasgor123/video/7628177588770458901,https://www.tiktok.com/@na_nasgor123/video/7628177588770458901?commentId=7629940014675378964,scraping_tiktok,tatayupita22,@al naaa @ya.lia
7629938134965715732,2026-04-18T03:37:11.000Z,0,https://www.tiktok.com/@na_nasgor123/video/7628177588770458901,https://www.tiktok.com/@na_nasgor123/video/7628177588770458901?commentId=7629938134965715732,scraping_tiktok,aylvcrwt,😔😔😔
7629937944795972359,2026-04-18T03:36:17.000Z,0,https://www.tiktok.com/@na_nasgor123/video/7628177588770458901,https://www.tiktok.com/@na_nasgor123/video/7628177588770458901?commentId=7629937944795972359,scraping_tiktok,adellwii,"mbg ku pun macam ni laa😭, mana wortel²nya itu hambar😭"
7629929255660503809,2026-04-18T03:02:28.000Z,0,https://www.tiktok.com/@na_nasgor123/video/7628177588770458901,https://www.tiktok.com/@na_nasgor123/video/7628177588770458901?commentId=7629929255660503809,scraping_tiktok,edelweiss.casya,yg ke gitu malah abis😭
7629926756002464533,2026-04-18T02:52:53.000Z,0,https://www.tiktok.com/@na_nasgor123/video/7628177588770458901,https://www.tiktok.com/@na_nasgor123/video/7628177588770458901?commentId=7629926756002464533,scraping_tiktok,abahakibaihaqi,@naaa @naaahan
7629926225574216456,2026-04-18T02:50:47.000Z,0,https://www.tiktok.com/@na_nasgor123/video/7628177588770458901,https://www.tiktok.com/@na_nasgor123/video/7628177588770458901?commentId=7629926225574216456,scraping_tiktok,littelgirl740,mbg gini emg gizi nya bnyk🗿
7629925351149552402,2026-04-18T02:47:20.000Z,0,https://www.tiktok.com/@na_nasgor123/video/7628177588770458901,https://www.tiktok.com/@na_nasgor123/video/7628177588770458901?commentId=7629925351149552402,scraping_tiktok,faceutime,😭
7629924464184722183,2026-04-18T02:44:00.000Z,0,https://www.tiktok.com/@na_nasgor123/video/7628177588770458901,https://www.tiktok.com/@na_nasgor123/video/7628177588770458901?commentId=7629924464184722183,scraping_tiktok,aellapipiw,lambung : geli geli gimana gitu
7629924105450996481,2026-04-18T02:43:01.000Z,0,https://www.tiktok.com/@na_nasgor123/video/7628177588770458901,https://www.tiktok.com/@na_nasgor123/video/7628177588770458901?commentId=7629924105450996481,scraping_tiktok,ansuuyaa,kok bisa sih. mbg orang2 pda gak menarik😭 pnyaku enak2 trus
7629920992194118416,2026-04-18T02:30:31.000Z,0,https://www.tiktok.com/@na_nasgor123/video/7628177588770458901,https://www.tiktok.com/@na_nasgor123/video/7628177588770458901?commentId=7629920992194118416,scraping_tiktok,liaawaysly7,@c
7629920021762982674,2026-04-18T02:26:42.000Z,0,https://www.tiktok.com/@na_nasgor123/video/7628177588770458901,https://www.tiktok.com/@na_nasgor123/video/7628177588770458901?commentId=7629920021762982674,scraping_tiktok,mykaaaaaaaaaa94,😁
7629919031080764180,2026-04-18T02:23:03.000Z,0,https://www.tiktok.com/@na_nasgor123/video/7628177588770458901,https://www.tiktok.com/@na_nasgor123/video/7628177588770458901?commentId=7629919031080764180,scraping_tiktok,ygknowknowaja12,buah naga nya ikut diet?
7629917316725228309,2026-04-18T02:16:16.000Z,0,https://www.tiktok.com/@na_nasgor123/video/7628177588770458901,https://www.tiktok.com/@na_nasgor123/video/7628177588770458901?commentId=7629917316725228309,scraping_tiktok,raraaprl_0,gua pernah dapet buah naga utuh isinya segede bola tenis😭
7629911249728865045,2026-04-18T01:52:56.000Z,0,https://www.tiktok.com/@na_nasgor123/video/7628177588770458901,https://www.tiktok.com/@na_nasgor123/video/7628177588770458901?commentId=7629911249728865045,scraping_tiktok,syira_sasa,[Sticker] ekspresi kakanya
7629904923245183751,2026-04-18T01:32:04.000Z,0,https://www.tiktok.com/@na_nasgor123/video/7628177588770458901,https://www.tiktok.com/@na_nasgor123/video/7628177588770458901?commentId=7629904923245183751,scraping_tiktok,ntalia_lunox,wow💜
7629898124073157397,2026-04-18T01:01:56.000Z,0,https://www.tiktok.com/@na_nasgor123/video/7628177588770458901,https://www.tiktok.com/@na_nasgor123/video/7628177588770458901?commentId=7629898124073157397,scraping_tiktok,desember0_131209,@indomie bakar mbg idol kpop
7629882384140157704,2026-04-18T00:00:57.000Z,0,https://www.tiktok.com/@na_nasgor123/video/7628177588770458901,https://www.tiktok.com/@na_nasgor123/video/7628177588770458901?commentId=7629882384140157704,scraping_tiktok,itsnafind_1211,edtwt💜
7629727708058698503,2026-04-17T14:00:21.000Z,0,https://www.tiktok.com/@na_nasgor123/video/7628177588770458901,https://www.tiktok.com/@na_nasgor123/video/7628177588770458901?commentId=7629727708058698503,scraping_tiktok,_missueijr,[Sticker] omggg buah naga teaa💜
7629725637843075848,2026-04-17T13:52:25.000Z,0,https://www.tiktok.com/@na_nasgor123/video/7628177588770458901,https://www.tiktok.com/@na_nasgor123/video/7628177588770458901?commentId=7629725637843075848,scraping_tiktok,keysha_caa3,@niaa
7629724334784938759,2026-04-17T13:47:14.000Z,0,https://www.tiktok.com/@na_nasgor123/video/7628177588770458901,https://www.tiktok.com/@na_nasgor123/video/7628177588770458901?commentId=7629724334784938759,scraping_tiktok,nblakeisy_,@a akeh menu diet e kene
7629723737587696405,2026-04-17T13:45:00.000Z,0,https://www.tiktok.com/@na_nasgor123/video/7628177588770458901,https://www.tiktok.com/@na_nasgor123/video/7628177588770458901?commentId=7629723737587696405,scraping_tiktok,_nanaaaana,izin kak mbg di sekolah ku ga jalan' macet dari abis lebarann izinn@gerindra
7629721870602584852,2026-04-17T13:37:47.000Z,0,https://www.tiktok.com/@na_nasgor123/video/7628177588770458901,https://www.tiktok.com/@na_nasgor123/video/7628177588770458901?commentId=7629721870602584852,scraping_tiktok,8random18___,"INI LUCUUBGTTT, ITU KAYAK MAKANAN KUCING ANJIERS😭😭😭💔💔"
7629720503197090567,2026-04-17T13:32:28.000Z,0,https://www.tiktok.com/@na_nasgor123/video/7628177588770458901,https://www.tiktok.com/@na_nasgor123/video/7628177588770458901?commentId=7629720503197090567,scraping_tiktok,angelaja152,gw dapet mie ayam jir🤭🤭
7629717175565517576,2026-04-17T13:19:30.000Z,0,https://www.tiktok.com/@na_nasgor123/video/7628177588770458901,https://www.tiktok.com/@na_nasgor123/video/7628177588770458901?commentId=7629717175565517576,scraping_tiktok,ra4aaa_authorau,lambung:aw geli aw
7629716762179732244,2026-04-17T13:17:58.000Z,0,https://www.tiktok.com/@na_nasgor123/video/7628177588770458901,https://www.tiktok.com/@na_nasgor123/video/7628177588770458901?commentId=7629716762179732244,scraping_tiktok,nouminal,menu diet idol juga kalah inimah 💜
7629715703343891208,2026-04-17T13:13:46.000Z,0,https://www.tiktok.com/@na_nasgor123/video/7628177588770458901,https://www.tiktok.com/@na_nasgor123/video/7628177588770458901?commentId=7629715703343891208,scraping_tiktok,erhazet4,cara ngiris buah naga nya gimana ko bisa tipis banget🥰
7629715216377545480,2026-04-17T13:11:59.000Z,0,https://www.tiktok.com/@na_nasgor123/video/7628177588770458901,https://www.tiktok.com/@na_nasgor123/video/7628177588770458901?commentId=7629715216377545480,scraping_tiktok,rizzjmbvt,buah naganya mirip dompet mak gw🙏😭
7629711902507959048,2026-04-17T12:59:04.000Z,0,https://www.tiktok.com/@na_nasgor123/video/7628177588770458901,https://www.tiktok.com/@na_nasgor123/video/7628177588770458901?commentId=7629711902507959048,scraping_tiktok,kolo2393_1,[Sticker] murid nya :
7629709906480153364,2026-04-17T12:51:19.000Z,0,https://www.tiktok.com/@na_nasgor123/video/7628177588770458901,https://www.tiktok.com/@na_nasgor123/video/7628177588770458901?commentId=7629709906480153364,scraping_tiktok,rollquark,tidak pantassst
7629701886107386645,2026-04-17T12:20:12.000Z,0,https://www.tiktok.com/@na_nasgor123/video/7628177588770458901,https://www.tiktok.com/@na_nasgor123/video/7628177588770458901?commentId=7629701886107386645,scraping_tiktok,an_owtter,1 dada ayam dibagi 5🗿🗿
7629701371327251201,2026-04-17T12:18:15.000Z,0,https://www.tiktok.com/@na_nasgor123/video/7628177588770458901,https://www.tiktok.com/@na_nasgor123/video/7628177588770458901?commentId=7629701371327251201,scraping_tiktok,jareo_0,INI MAH DI GW KGK KENYANGGGG!!!!😭
7629699069258826503,2026-04-17T12:09:19.000Z,0,https://www.tiktok.com/@na_nasgor123/video/7628177588770458901,https://www.tiktok.com/@na_nasgor123/video/7628177588770458901?commentId=7629699069258826503,scraping_tiktok,qill__28,inimah cuma nyempil di pojokan lambung😭
7629698470007161607,2026-04-17T12:06:53.000Z,0,https://www.tiktok.com/@na_nasgor123/video/7628177588770458901,https://www.tiktok.com/@na_nasgor123/video/7628177588770458901?commentId=7629698470007161607,scraping_tiktok,rdt_2811,porsi diet
7639326929657791250,2026-05-13T10:50:20.000Z,0,https://www.tiktok.com/@na_nasgor123/video/7628177588770458901,https://www.tiktok.com/@na_nasgor123/video/7628177588770458901?commentId=7639326929657791250,scraping_tiktok,anitasukamatcha,seitill njirr😭
7629691363137209108,2026-04-17T11:41:53.000Z,0,https://www.tiktok.com/@na_nasgor123/video/7628177588770458901,https://www.tiktok.com/@na_nasgor123/video/7628177588770458901?commentId=7629691363137209108,scraping_tiktok,naya09315,pelit banget
7629689416702018305,2026-04-17T11:31:57.000Z,0,https://www.tiktok.com/@na_nasgor123/video/7628177588770458901,https://www.tiktok.com/@na_nasgor123/video/7628177588770458901?commentId=7629689416702018305,scraping_tiktok,naomieee37,buah naga setipis tisu
7629687457256899335,2026-04-17T11:24:11.000Z,0,https://www.tiktok.com/@na_nasgor123/video/7628177588770458901,https://www.tiktok.com/@na_nasgor123/video/7628177588770458901?commentId=7629687457256899335,scraping_tiktok,celinetanarvnia_,inpo lokasi sekolahnya karna aku mau diet🥰
7629687245599064839,2026-04-17T11:23:17.000Z,0,https://www.tiktok.com/@na_nasgor123/video/7628177588770458901,https://www.tiktok.com/@na_nasgor123/video/7628177588770458901?commentId=7629687245599064839,scraping_tiktok,little.star3412,enak banget
7629686086868419349,2026-04-17T11:18:54.000Z,0,https://www.tiktok.com/@na_nasgor123/video/7628177588770458901,https://www.tiktok.com/@na_nasgor123/video/7628177588770458901?commentId=7629686086868419349,scraping_tiktok,dianananddaa_,@Nonii 🍃 @Meeyy @Nayyy
7629685145666683668,2026-04-17T11:15:17.000Z,0,https://www.tiktok.com/@na_nasgor123/video/7628177588770458901,https://www.tiktok.com/@na_nasgor123/video/7628177588770458901?commentId=7629685145666683668,scraping_tiktok,carmeenooman,"buset, abangku kalo makan itu perlu 10 ompreng baru kenyang, bahkan lebih"
7629685087491982098,2026-04-17T11:15:00.000Z,0,https://www.tiktok.com/@na_nasgor123/video/7628177588770458901,https://www.tiktok.com/@na_nasgor123/video/7628177588770458901?commentId=7629685087491982098,scraping_tiktok,p_zieethor,gelitik lambung doang ini mah😭😭
7629683560526742273,2026-04-17T11:09:06.000Z,0,https://www.tiktok.com/@na_nasgor123/video/7628177588770458901,https://www.tiktok.com/@na_nasgor123/video/7628177588770458901?commentId=7629683560526742273,scraping_tiktok,alexadwic,"aku liat mbg di desa ku kadang ngiler, tapi pas liat menu daerah lain kek kasihan anjirr😭"
7629682066893046535,2026-04-17T11:03:21.000Z,0,https://www.tiktok.com/@na_nasgor123/video/7628177588770458901,https://www.tiktok.com/@na_nasgor123/video/7628177588770458901?commentId=7629682066893046535,scraping_tiktok,virly0113,@(Сухой) 😭
7629681344431276820,2026-04-17T11:00:28.000Z,0,https://www.tiktok.com/@na_nasgor123/video/7628177588770458901,https://www.tiktok.com/@na_nasgor123/video/7628177588770458901?commentId=7629681344431276820,scraping_tiktok,aot_fans45,@𝒾𝓏𝓏𝒶 🦢
7629680954919961362,2026-04-17T10:59:00.000Z,0,https://www.tiktok.com/@na_nasgor123/video/7628177588770458901,https://www.tiktok.com/@na_nasgor123/video/7628177588770458901?commentId=7629680954919961362,scraping_tiktok,sei6mei112,kasi ke aku aja mayan buat diet🗿
7629680636073575169,2026-04-17T10:57:49.000Z,0,https://www.tiktok.com/@na_nasgor123/video/7628177588770458901,https://www.tiktok.com/@na_nasgor123/video/7628177588770458901?commentId=7629680636073575169,scraping_tiktok,wlcmtomyttk_,mbg kuu🥰
7629679244758827794,2026-04-17T10:52:17.000Z,0,https://www.tiktok.com/@na_nasgor123/video/7628177588770458901,https://www.tiktok.com/@na_nasgor123/video/7628177588770458901?commentId=7629679244758827794,scraping_tiktok,neeyyoo26,menurut kalian?
7629678199748936468,2026-04-17T10:48:25.000Z,0,https://www.tiktok.com/@na_nasgor123/video/7628177588770458901,https://www.tiktok.com/@na_nasgor123/video/7628177588770458901?commentId=7629678199748936468,scraping_tiktok,chinchila_1,
7629675662290813717,2026-04-17T10:38:28.000Z,0,https://www.tiktok.com/@na_nasgor123/video/7628177588770458901,https://www.tiktok.com/@na_nasgor123/video/7628177588770458901?commentId=7629675662290813717,scraping_tiktok,setiyaranggasejati,pegawai mbg ingat masih ada hari esok 😭
7629674764772213522,2026-04-17T10:34:53.000Z,0,https://www.tiktok.com/@na_nasgor123/video/7628177588770458901,https://www.tiktok.com/@na_nasgor123/video/7628177588770458901?commentId=7629674764772213522,scraping_tiktok,si.biru.wgwgwg,gk kenyang
7629674381996491528,2026-04-17T10:33:27.000Z,0,https://www.tiktok.com/@na_nasgor123/video/7628177588770458901,https://www.tiktok.com/@na_nasgor123/video/7628177588770458901?commentId=7629674381996491528,scraping_tiktok,mr.ijat1,info akun sppg nya kak
7629674198907437845,2026-04-17T10:32:54.000Z,0,https://www.tiktok.com/@na_nasgor123/video/7628177588770458901,https://www.tiktok.com/@na_nasgor123/video/7628177588770458901?commentId=7629674198907437845,scraping_tiktok,littleponny52,ih kak kayak nya mbg nya pelit 😭
7629673190366806802,2026-04-17T10:28:53.000Z,0,https://www.tiktok.com/@na_nasgor123/video/7628177588770458901,https://www.tiktok.com/@na_nasgor123/video/7628177588770458901?commentId=7629673190366806802,scraping_tiktok,tutu43105,buah naga mbg ku aja menuhin tempat buahnya jir masa ini cm segede kentut
7629672017494737684,2026-04-17T10:24:16.000Z,0,https://www.tiktok.com/@na_nasgor123/video/7628177588770458901,https://www.tiktok.com/@na_nasgor123/video/7628177588770458901?commentId=7629672017494737684,scraping_tiktok,mfd_kyaup,🥰🥰
7629671194238042901,2026-04-17T10:21:12.000Z,0,https://www.tiktok.com/@na_nasgor123/video/7628177588770458901,https://www.tiktok.com/@na_nasgor123/video/7628177588770458901?commentId=7629671194238042901,scraping_tiktok,suciproblox,@ℱ HAHHWHAHW
7629670240247087880,2026-04-17T10:17:24.000Z,0,https://www.tiktok.com/@na_nasgor123/video/7628177588770458901,https://www.tiktok.com/@na_nasgor123/video/7628177588770458901?commentId=7629670240247087880,scraping_tiktok,nayi_466,@nurul @wo0pshy @cakenajja @_uln cocok ni untuk kita
7629668889954632449,2026-04-17T10:12:23.000Z,0,https://www.tiktok.com/@na_nasgor123/video/7628177588770458901,https://www.tiktok.com/@na_nasgor123/video/7628177588770458901?commentId=7629668889954632449,scraping_tiktok,usernem222899yy0,sampe di tenggorokan doangg
7629662009747129089,2026-04-17T09:45:27.000Z,0,https://www.tiktok.com/@na_nasgor123/video/7628177588770458901,https://www.tiktok.com/@na_nasgor123/video/7628177588770458901?commentId=7629662009747129089,scraping_tiktok,linnlinn_010,"[Sticker] reflek ngomong ""Ndak fantass"""
7629660465539826440,2026-04-17T09:39:31.000Z,0,https://www.tiktok.com/@na_nasgor123/video/7628177588770458901,https://www.tiktok.com/@na_nasgor123/video/7628177588770458901?commentId=7629660465539826440,scraping_tiktok,rniaavxa,TYDAK FANTASSSZZZ
7629658569210987285,2026-04-17T09:32:14.000Z,0,https://www.tiktok.com/@na_nasgor123/video/7628177588770458901,https://www.tiktok.com/@na_nasgor123/video/7628177588770458901?commentId=7629658569210987285,scraping_tiktok,heryfadli.321,yg nonton hari Jumat gw fb
7629658200673321736,2026-04-17T09:30:42.000Z,0,https://www.tiktok.com/@na_nasgor123/video/7628177588770458901,https://www.tiktok.com/@na_nasgor123/video/7628177588770458901?commentId=7629658200673321736,scraping_tiktok,_vanilla005,sluurrrpppp🤤
7629657777275077394,2026-04-17T09:29:02.000Z,0,https://www.tiktok.com/@na_nasgor123/video/7628177588770458901,https://www.tiktok.com/@na_nasgor123/video/7628177588770458901?commentId=7629657777275077394,scraping_tiktok,y4udhlah,"jgn hafal
jgn hafal
jgn hafal"
7629656114828935956,2026-04-17T09:22:35.000Z,0,https://www.tiktok.com/@na_nasgor123/video/7628177588770458901,https://www.tiktok.com/@na_nasgor123/video/7628177588770458901?commentId=7629656114828935956,scraping_tiktok,yiaappp,itu buah naga atau semangka jir
7630082900222853906,2026-04-18T12:58:49.000Z,0,https://www.tiktok.com/@na_nasgor123/video/7628177588770458901,https://www.tiktok.com/@na_nasgor123/video/7628177588770458901?commentId=7630082900222853906,scraping_tiktok,_rasya___,kenyanh engga sakit perut iya 😭😭
7630080838566445832,2026-04-18T12:50:42.000Z,0,https://www.tiktok.com/@na_nasgor123/video/7628177588770458901,https://www.tiktok.com/@na_nasgor123/video/7628177588770458901?commentId=7630080838566445832,scraping_tiktok,kkkh665,siapa sekolah yang tidak beruntung ituu😭😭
7630079138078982919,2026-04-18T12:44:08.000Z,0,https://www.tiktok.com/@na_nasgor123/video/7628177588770458901,https://www.tiktok.com/@na_nasgor123/video/7628177588770458901?commentId=7630079138078982919,scraping_tiktok,mounia_taheera_sabira89,buah naga terkena tipes😂😂😂
7629655944380613383,2026-04-17T09:21:51.000Z,0,https://www.tiktok.com/@na_nasgor123/video/7628177588770458901,https://www.tiktok.com/@na_nasgor123/video/7628177588770458901?commentId=7629655944380613383,scraping_tiktok,dabeldekerbas,[Sticker] 
7629653904750494481,2026-04-17T09:14:11.000Z,0,https://www.tiktok.com/@na_nasgor123/video/7628177588770458901,https://www.tiktok.com/@na_nasgor123/video/7628177588770458901?commentId=7629653904750494481,scraping_tiktok,bittes8,kek kasih makan hewan😭😭
7629653548497797909,2026-04-17T09:12:37.000Z,0,https://www.tiktok.com/@na_nasgor123/video/7628177588770458901,https://www.tiktok.com/@na_nasgor123/video/7628177588770458901?commentId=7629653548497797909,scraping_tiktok,s.e.v.s5,[Sticker] 
7629650149447549712,2026-04-17T08:59:28.000Z,0,https://www.tiktok.com/@na_nasgor123/video/7628177588770458901,https://www.tiktok.com/@na_nasgor123/video/7628177588770458901?commentId=7629650149447549712,scraping_tiktok,ineedlexus,"itu buah naga nya tipis bgt, tebelan keset gw anjir"
7629649939065324296,2026-04-17T08:58:48.000Z,0,https://www.tiktok.com/@na_nasgor123/video/7628177588770458901,https://www.tiktok.com/@na_nasgor123/video/7628177588770458901?commentId=7629649939065324296,scraping_tiktok,licmapusi,sekali suap semua anjir😹
7629649099345494802,2026-04-17T08:55:26.000Z,0,https://www.tiktok.com/@na_nasgor123/video/7628177588770458901,https://www.tiktok.com/@na_nasgor123/video/7628177588770458901?commentId=7629649099345494802,scraping_tiktok,xms480,🥰mbg pisang ku panjang bngt ampe di pisah kwkw
7629648757391688468,2026-04-17T08:54:12.000Z,0,https://www.tiktok.com/@na_nasgor123/video/7628177588770458901,https://www.tiktok.com/@na_nasgor123/video/7628177588770458901?commentId=7629648757391688468,scraping_tiktok,y._zzzz,@seraaa
7629647814469567250,2026-04-17T08:50:22.000Z,0,https://www.tiktok.com/@na_nasgor123/video/7628177588770458901,https://www.tiktok.com/@na_nasgor123/video/7628177588770458901?commentId=7629647814469567250,scraping_tiktok,snnnnnnnn28,P.E.L.I.T
7629645384008811265,2026-04-17T08:40:59.000Z,0,https://www.tiktok.com/@na_nasgor123/video/7628177588770458901,https://www.tiktok.com/@na_nasgor123/video/7628177588770458901?commentId=7629645384008811265,scraping_tiktok,viviwe1512,🤣🤣
7629641478470468368,2026-04-17T08:26:00.000Z,0,https://www.tiktok.com/@na_nasgor123/video/7628177588770458901,https://www.tiktok.com/@na_nasgor123/video/7628177588770458901?commentId=7629641478470468368,scraping_tiktok,leberry92,nasinya sekali hap itu kak😭
7629640976600089360,2026-04-17T08:23:54.000Z,0,https://www.tiktok.com/@na_nasgor123/video/7628177588770458901,https://www.tiktok.com/@na_nasgor123/video/7628177588770458901?commentId=7629640976600089360,scraping_tiktok,nurulimutbanget,menu tdi
7629640968115618580,2026-04-17T08:23:53.000Z,0,https://www.tiktok.com/@na_nasgor123/video/7628177588770458901,https://www.tiktok.com/@na_nasgor123/video/7628177588770458901?commentId=7629640968115618580,scraping_tiktok,kintan0334,porsi deit 👍😭
7629638597566120725,2026-04-17T08:14:42.000Z,0,https://www.tiktok.com/@na_nasgor123/video/7628177588770458901,https://www.tiktok.com/@na_nasgor123/video/7628177588770458901?commentId=7629638597566120725,scraping_tiktok,zzuliean,😂😂😂
7629637518136820488,2026-04-17T08:10:25.000Z,0,https://www.tiktok.com/@na_nasgor123/video/7628177588770458901,https://www.tiktok.com/@na_nasgor123/video/7628177588770458901?commentId=7629637518136820488,scraping_tiktok,stangers153,[Sticker] bisa ga si kalo bikin mbg niat dikit
7629636094586766100,2026-04-17T08:05:03.000Z,0,https://www.tiktok.com/@na_nasgor123/video/7628177588770458901,https://www.tiktok.com/@na_nasgor123/video/7628177588770458901?commentId=7629636094586766100,scraping_tiktok,aaaadillllll,NASI NYA 😭😭
7629635814046515989,2026-04-17T08:03:58.000Z,0,https://www.tiktok.com/@na_nasgor123/video/7628177588770458901,https://www.tiktok.com/@na_nasgor123/video/7628177588770458901?commentId=7629635814046515989,scraping_tiktok,finee163,[Sticker] 
7629634384253960980,2026-04-17T07:58:21.000Z,0,https://www.tiktok.com/@na_nasgor123/video/7628177588770458901,https://www.tiktok.com/@na_nasgor123/video/7628177588770458901?commentId=7629634384253960980,scraping_tiktok,sohlopobia123,[Sticker] ini mah bukan mbg
7629633428283835156,2026-04-17T07:54:39.000Z,0,https://www.tiktok.com/@na_nasgor123/video/7628177588770458901,https://www.tiktok.com/@na_nasgor123/video/7628177588770458901?commentId=7629633428283835156,scraping_tiktok,manztzyy5,😹
7629620906097443592,2026-04-17T07:06:01.000Z,0,https://www.tiktok.com/@na_nasgor123/video/7628177588770458901,https://www.tiktok.com/@na_nasgor123/video/7628177588770458901?commentId=7629620906097443592,scraping_tiktok,bellachao.yufan,itu buah naga cungkring amat
7629619798675505940,2026-04-17T07:01:51.000Z,0,https://www.tiktok.com/@na_nasgor123/video/7628177588770458901,https://www.tiktok.com/@na_nasgor123/video/7628177588770458901?commentId=7629619798675505940,scraping_tiktok,rkafrn_,"embege❌
imbigi✅"
7629618924115837716,2026-04-17T06:58:20.000Z,0,https://www.tiktok.com/@na_nasgor123/video/7628177588770458901,https://www.tiktok.com/@na_nasgor123/video/7628177588770458901?commentId=7629618924115837716,scraping_tiktok,tiffa1398,ItU MaH CuMa GeLi GeLi Di LaMbUnG GuA DoAnG BaNg 😏
7629614909454156562,2026-04-17T06:45:24.000Z,0,https://www.tiktok.com/@na_nasgor123/video/7628177588770458901,https://www.tiktok.com/@na_nasgor123/video/7628177588770458901?commentId=7629614909454156562,scraping_tiktok,oreokrimenk_78,buah naga nya kurus bgt
7629612970956325633,2026-04-17T06:35:13.000Z,0,https://www.tiktok.com/@na_nasgor123/video/7628177588770458901,https://www.tiktok.com/@na_nasgor123/video/7628177588770458901?commentId=7629612970956325633,scraping_tiktok,chw_zhx,beberapa hri kmrn baru pertama x nasi MBG ku di bentuk boneka 😭
7629612315869135624,2026-04-17T06:32:43.000Z,0,https://www.tiktok.com/@na_nasgor123/video/7628177588770458901,https://www.tiktok.com/@na_nasgor123/video/7628177588770458901?commentId=7629612315869135624,scraping_tiktok,a.rmdhni_s,@ayu @🪷🩷🩰  🎀 🌷 🦩 @d kngn mbg
7629612005477827346,2026-04-17T06:31:28.000Z,0,https://www.tiktok.com/@na_nasgor123/video/7628177588770458901,https://www.tiktok.com/@na_nasgor123/video/7628177588770458901?commentId=7629612005477827346,scraping_tiktok,asla.padia.inayah,kenapa ya kalo nasi mbg suka di bentuk
7629611461354177301,2026-04-17T06:29:17.000Z,0,https://www.tiktok.com/@na_nasgor123/video/7628177588770458901,https://www.tiktok.com/@na_nasgor123/video/7628177588770458901?commentId=7629611461354177301,scraping_tiktok,septi.724,[Sticker] lucu lucu ihh komennya 😭😭😭
7629609971039077140,2026-04-17T06:23:37.000Z,0,https://www.tiktok.com/@na_nasgor123/video/7628177588770458901,https://www.tiktok.com/@na_nasgor123/video/7628177588770458901?commentId=7629609971039077140,scraping_tiktok,minajhope_,ihhh gua bentar lagi lulus jirrr dapet mbg beberapa bulan doangg😭 yg kuliah dong nanti dapet mbggf🙂
7629609835151000341,2026-04-17T06:23:00.000Z,0,https://www.tiktok.com/@na_nasgor123/video/7628177588770458901,https://www.tiktok.com/@na_nasgor123/video/7628177588770458901?commentId=7629609835151000341,scraping_tiktok,keytnla,@elleaa @ken!why? 😭😭
7629608297691300626,2026-04-17T06:17:00.000Z,0,https://www.tiktok.com/@na_nasgor123/video/7628177588770458901,https://www.tiktok.com/@na_nasgor123/video/7628177588770458901?commentId=7629608297691300626,scraping_tiktok,canthetic_11,@. ddokno jemi
7629350395374879508,2026-04-16T13:36:16.000Z,0,https://www.tiktok.com/@na_nasgor123/video/7628177588770458901,https://www.tiktok.com/@na_nasgor123/video/7628177588770458901?commentId=7629350395374879508,scraping_tiktok,dumbas156,[Sticker] 
7629349919036310292,2026-04-16T13:34:26.000Z,0,https://www.tiktok.com/@na_nasgor123/video/7628177588770458901,https://www.tiktok.com/@na_nasgor123/video/7628177588770458901?commentId=7629349919036310292,scraping_tiktok,rsubekti51,[Sticker] perutnya:
7628549599757894416,2026-04-14T09:48:44.000Z,0,https://www.tiktok.com/@na_nasgor123/video/7628177588770458901,https://www.tiktok.com/@na_nasgor123/video/7628177588770458901?commentId=7628549599757894416,scraping_tiktok,crapsieeweedie,@🦥 @pqr_chelaa 😭
7629349697551549205,2026-04-16T13:33:36.000Z,0,https://www.tiktok.com/@na_nasgor123/video/7628177588770458901,https://www.tiktok.com/@na_nasgor123/video/7628177588770458901?commentId=7629349697551549205,scraping_tiktok,ohnn_yaraa,[Sticker] satu sekolah pas liat isinya:
7629349403549139733,2026-04-16T13:32:27.000Z,0,https://www.tiktok.com/@na_nasgor123/video/7628177588770458901,https://www.tiktok.com/@na_nasgor123/video/7628177588770458901?commentId=7629349403549139733,scraping_tiktok,mintt985,[Sticker] ☺️
7629350953397224212,2026-04-16T13:38:26.000Z,0,https://www.tiktok.com/@na_nasgor123/video/7628177588770458901,https://www.tiktok.com/@na_nasgor123/video/7628177588770458901?commentId=7629350953397224212,scraping_tiktok,kesyaa1925,@rii @w 😭😭
7629349352603271952,2026-04-16T13:32:09.000Z,0,https://www.tiktok.com/@na_nasgor123/video/7628177588770458901,https://www.tiktok.com/@na_nasgor123/video/7628177588770458901?commentId=7629349352603271952,scraping_tiktok,marsyanda053,di sekolah gw blum kebagian mbg padahal udah mau lulus SMA 😭😭
7628549787218674440,2026-04-14T09:49:31.000Z,0,https://www.tiktok.com/@na_nasgor123/video/7628177588770458901,https://www.tiktok.com/@na_nasgor123/video/7628177588770458901?commentId=7628549787218674440,scraping_tiktok,cayyi_,tidack fantaftf
7629348633696453377,2026-04-16T13:29:35.000Z,0,https://www.tiktok.com/@na_nasgor123/video/7628177588770458901,https://www.tiktok.com/@na_nasgor123/video/7628177588770458901?commentId=7629348633696453377,scraping_tiktok,chijjinjaa,🥰🥰🥰
7628550313561604871,2026-04-14T09:51:28.000Z,0,https://www.tiktok.com/@na_nasgor123/video/7628177588770458901,https://www.tiktok.com/@na_nasgor123/video/7628177588770458901?commentId=7628550313561604871,scraping_tiktok,clarieera,@v @ԃ kita kalau dapat mbg bisa diet
7628550349997196050,2026-04-14T09:51:36.000Z,0,https://www.tiktok.com/@na_nasgor123/video/7628177588770458901,https://www.tiktok.com/@na_nasgor123/video/7628177588770458901?commentId=7628550349997196050,scraping_tiktok,knightt0,tadi mbg gw sama telor malah jadi kayak tai😭😭 soalnya warna coklat
7629347833564513044,2026-04-16T13:26:18.000Z,0,https://www.tiktok.com/@na_nasgor123/video/7628177588770458901,https://www.tiktok.com/@na_nasgor123/video/7628177588770458901?commentId=7629347833564513044,scraping_tiktok,ajsbsjbshsbsjansjxbx,@ipii ipiin
7629347601318953748,2026-04-16T13:25:30.000Z,0,https://www.tiktok.com/@na_nasgor123/video/7628177588770458901,https://www.tiktok.com/@na_nasgor123/video/7628177588770458901?commentId=7629347601318953748,scraping_tiktok,fafasanas,[Sticker] makan mbg sebulan be like:
7628551249599988500,2026-04-14T09:55:13.000Z,0,https://www.tiktok.com/@na_nasgor123/video/7628177588770458901,https://www.tiktok.com/@na_nasgor123/video/7628177588770458901?commentId=7628551249599988500,scraping_tiktok,zaafaar09,kirain lagu nya lagu DJ baru mah goyang
7629352784521478933,2026-04-16T13:45:34.000Z,0,https://www.tiktok.com/@na_nasgor123/video/7628177588770458901,https://www.tiktok.com/@na_nasgor123/video/7628177588770458901?commentId=7629352784521478933,scraping_tiktok,jaeboyfiee,"plis ini bukan salah program tp salah yg kelola di setiap kota beda'
ya kan min kaya gini enak nya di apain min?
@gerindra"
7629353797026022152,2026-04-16T13:49:22.000Z,0,https://www.tiktok.com/@na_nasgor123/video/7628177588770458901,https://www.tiktok.com/@na_nasgor123/video/7628177588770458901?commentId=7629353797026022152,scraping_tiktok,myhayagura,adik aku dapet pisang sama tempe jir tiap hari ngga ganti²
7629353567287182087,2026-04-16T13:48:29.000Z,0,https://www.tiktok.com/@na_nasgor123/video/7628177588770458901,https://www.tiktok.com/@na_nasgor123/video/7628177588770458901?commentId=7629353567287182087,scraping_tiktok,scielawjh8,buah agan: good luck to find my waist💜
7628547551377490696,2026-04-14T09:40:48.000Z,0,https://www.tiktok.com/@na_nasgor123/video/7628177588770458901,https://www.tiktok.com/@na_nasgor123/video/7628177588770458901?commentId=7628547551377490696,scraping_tiktok,iyalapaketanya,"[Sticker] tahu aja satu penukar eta 110gram, ayam juga 40gr.."
7629353209907839745,2026-04-16T13:47:09.000Z,0,https://www.tiktok.com/@na_nasgor123/video/7628177588770458901,https://www.tiktok.com/@na_nasgor123/video/7628177588770458901?commentId=7629353209907839745,scraping_tiktok,cintaseakeenimut,[Sticker] gw yang tadi mbg nya naspad🤤🤤
7629353062972474113,2026-04-16T13:46:39.000Z,0,https://www.tiktok.com/@na_nasgor123/video/7628177588770458901,https://www.tiktok.com/@na_nasgor123/video/7628177588770458901?commentId=7629353062972474113,scraping_tiktok,satetaiichann,@na’s @taya @re @jyunk @binijungwooseorang @ochii @acaww LUCU BAT SIALANN
7629353056844890901,2026-04-16T13:46:35.000Z,0,https://www.tiktok.com/@na_nasgor123/video/7628177588770458901,https://www.tiktok.com/@na_nasgor123/video/7628177588770458901?commentId=7629353056844890901,scraping_tiktok,bawazhir0,"kualitas MBG indodes
porsi= kurang ajar
lauk pauk nya = kurang ajar
rasa nya = ???????"
7629352811248157457,2026-04-16T13:45:39.000Z,0,https://www.tiktok.com/@na_nasgor123/video/7628177588770458901,https://www.tiktok.com/@na_nasgor123/video/7628177588770458901?commentId=7629352811248157457,scraping_tiktok,althariq00,padahal disini buah naga gk laku bundaaa😭
7629352785084105490,2026-04-16T13:45:34.000Z,0,https://www.tiktok.com/@na_nasgor123/video/7628177588770458901,https://www.tiktok.com/@na_nasgor123/video/7628177588770458901?commentId=7629352785084105490,scraping_tiktok,prliaj_kak,@n
7628542985198584583,2026-04-14T09:23:08.000Z,0,https://www.tiktok.com/@na_nasgor123/video/7628177588770458901,https://www.tiktok.com/@na_nasgor123/video/7628177588770458901?commentId=7628542985198584583,scraping_tiktok,almrsct,"mbg ku hari ini,enak bangetf❤️🥰"
7628548066580546320,2026-04-14T09:42:52.000Z,0,https://www.tiktok.com/@na_nasgor123/video/7628177588770458901,https://www.tiktok.com/@na_nasgor123/video/7628177588770458901?commentId=7628548066580546320,scraping_tiktok,fankenz,mbg gw tadi😭
7629352613590582034,2026-04-16T13:44:47.000Z,0,https://www.tiktok.com/@na_nasgor123/video/7628177588770458901,https://www.tiktok.com/@na_nasgor123/video/7628177588770458901?commentId=7629352613590582034,scraping_tiktok,dillstecc0,punya ku
7629352271621489424,2026-04-16T13:43:44.000Z,0,https://www.tiktok.com/@na_nasgor123/video/7628177588770458901,https://www.tiktok.com/@na_nasgor123/video/7628177588770458901?commentId=7629352271621489424,scraping_tiktok,username_kw15,[Sticker] 
7629352119464739602,2026-04-16T13:42:58.000Z,0,https://www.tiktok.com/@na_nasgor123/video/7628177588770458901,https://www.tiktok.com/@na_nasgor123/video/7628177588770458901?commentId=7629352119464739602,scraping_tiktok,deiaya_,lambung: kaya ada yg lewat
7629351637735588615,2026-04-16T13:41:01.000Z,0,https://www.tiktok.com/@na_nasgor123/video/7628177588770458901,https://www.tiktok.com/@na_nasgor123/video/7628177588770458901?commentId=7629351637735588615,scraping_tiktok,ndoshok,1 buah=15 anak🙏
7628548170084008711,2026-04-14T09:43:11.000Z,0,https://www.tiktok.com/@na_nasgor123/video/7628177588770458901,https://www.tiktok.com/@na_nasgor123/video/7628177588770458901?commentId=7628548170084008711,scraping_tiktok,skr_1208,1 bulan langsung direktur agensi korea kak
7630095432898888468,2026-04-18T13:47:21.000Z,0,https://www.tiktok.com/@na_nasgor123/video/7628177588770458901,https://www.tiktok.com/@na_nasgor123/video/7628177588770458901?commentId=7630095432898888468,scraping_tiktok,irmalaayu11,Tapi ini gizinya nanggung kak😁
7629608107387749127,2026-04-17T06:16:17.000Z,0,https://www.tiktok.com/@na_nasgor123/video/7628177588770458901,https://www.tiktok.com/@na_nasgor123/video/7628177588770458901?commentId=7629608107387749127,scraping_tiktok,likefinn_17,Menu cutting 😌
7629606589968778002,2026-04-17T06:10:27.000Z,0,https://www.tiktok.com/@na_nasgor123/video/7628177588770458901,https://www.tiktok.com/@na_nasgor123/video/7628177588770458901?commentId=7629606589968778002,scraping_tiktok,ayamspenyetz,"gausah pke sendok makannya,tumplekin aja lngsng ke mulut,msuk smua itu"
7629604515268133640,2026-04-17T06:02:22.000Z,0,https://www.tiktok.com/@na_nasgor123/video/7628177588770458901,https://www.tiktok.com/@na_nasgor123/video/7628177588770458901?commentId=7629604515268133640,scraping_tiktok,fushiyon_,[Sticker] 
7629604266056368904,2026-04-17T06:01:30.000Z,0,https://www.tiktok.com/@na_nasgor123/video/7628177588770458901,https://www.tiktok.com/@na_nasgor123/video/7628177588770458901?commentId=7629604266056368904,scraping_tiktok,martzx4,herab byk bgt yg ga bisa bedain anggaran SD/SMP/sma sampe di bandingin sama superindo
7629602671616574215,2026-04-17T05:55:15.000Z,0,https://www.tiktok.com/@na_nasgor123/video/7628177588770458901,https://www.tiktok.com/@na_nasgor123/video/7628177588770458901?commentId=7629602671616574215,scraping_tiktok,arbuz_arbuz_privet6,takut masuk neraka 😭
7629602359052239636,2026-04-17T05:54:05.000Z,0,https://www.tiktok.com/@na_nasgor123/video/7628177588770458901,https://www.tiktok.com/@na_nasgor123/video/7628177588770458901?commentId=7629602359052239636,scraping_tiktok,amaaa_art,😭
7629599839151457041,2026-04-17T05:44:09.000Z,0,https://www.tiktok.com/@na_nasgor123/video/7628177588770458901,https://www.tiktok.com/@na_nasgor123/video/7628177588770458901?commentId=7629599839151457041,scraping_tiktok,user248540561,kok ngaa ilang kaa?kalau di kelas ku sih udah ilang tuh buahnya
7629595884083184402,2026-04-17T05:28:54.000Z,0,https://www.tiktok.com/@na_nasgor123/video/7628177588770458901,https://www.tiktok.com/@na_nasgor123/video/7628177588770458901?commentId=7629595884083184402,scraping_tiktok,ptryx.yy,mayan lahh
7629593462228550418,2026-04-17T05:19:27.000Z,0,https://www.tiktok.com/@na_nasgor123/video/7628177588770458901,https://www.tiktok.com/@na_nasgor123/video/7628177588770458901?commentId=7629593462228550418,scraping_tiktok,sweetvanillawhiskey,menu EDtwitter
7629592447102419732,2026-04-17T05:15:36.000Z,0,https://www.tiktok.com/@na_nasgor123/video/7628177588770458901,https://www.tiktok.com/@na_nasgor123/video/7628177588770458901?commentId=7629592447102419732,scraping_tiktok,.sweetieren,@ʚlιorlynnn_ɞ @ǝ𝓾ı̣ןɐɹ𝓸ɔ @Alya
7629591619973382932,2026-04-17T05:12:26.000Z,0,https://www.tiktok.com/@na_nasgor123/video/7628177588770458901,https://www.tiktok.com/@na_nasgor123/video/7628177588770458901?commentId=7629591619973382932,scraping_tiktok,kikanaya__12,@adudu @Angelita🌸 @Ra @𝑪𝒉𝒍𝒔𝒆𝒂🩵✨
7629591407280374549,2026-04-17T05:11:37.000Z,0,https://www.tiktok.com/@na_nasgor123/video/7628177588770458901,https://www.tiktok.com/@na_nasgor123/video/7628177588770458901?commentId=7629591407280374549,scraping_tiktok,user_name92581057,Nasi nya cuma 1 suap habis itu 😭😭
7629589940950549268,2026-04-17T05:05:50.000Z,0,https://www.tiktok.com/@na_nasgor123/video/7628177588770458901,https://www.tiktok.com/@na_nasgor123/video/7628177588770458901?commentId=7629589940950549268,scraping_tiktok,user245668878888,@☘️ ⋆.ೃ࿔* :･ Ran ⋆.ೃ࿔* :･ 🫧
7629587279992472340,2026-04-17T04:55:33.000Z,0,https://www.tiktok.com/@na_nasgor123/video/7628177588770458901,https://www.tiktok.com/@na_nasgor123/video/7628177588770458901?commentId=7629587279992472340,scraping_tiktok,sukasuka123_2,[Sticker] 
7629584716613649159,2026-04-17T04:45:28.000Z,0,https://www.tiktok.com/@na_nasgor123/video/7628177588770458901,https://www.tiktok.com/@na_nasgor123/video/7628177588770458901?commentId=7629584716613649159,scraping_tiktok,rara25218,@ℙ𝕙𝕒𝕟𝕥𝕠𝕞⋆. 𐙚 ˚ 🗿
7629584640084787975,2026-04-17T04:45:11.000Z,0,https://www.tiktok.com/@na_nasgor123/video/7628177588770458901,https://www.tiktok.com/@na_nasgor123/video/7628177588770458901?commentId=7629584640084787975,scraping_tiktok,lilinasrofi,diet kah?
7629582889060090631,2026-04-17T04:38:29.000Z,0,https://www.tiktok.com/@na_nasgor123/video/7628177588770458901,https://www.tiktok.com/@na_nasgor123/video/7628177588770458901?commentId=7629582889060090631,scraping_tiktok,ipinzahanam,😭😭😭 mbg ku hari ini basi😭
7629579787762500372,2026-04-17T04:26:36.000Z,0,https://www.tiktok.com/@na_nasgor123/video/7628177588770458901,https://www.tiktok.com/@na_nasgor123/video/7628177588770458901?commentId=7629579787762500372,scraping_tiktok,c_leora2209,apalah daya gw yg sekolah nya g dapet mbg 🗿
7629577176316609288,2026-04-17T04:16:14.000Z,0,https://www.tiktok.com/@na_nasgor123/video/7628177588770458901,https://www.tiktok.com/@na_nasgor123/video/7628177588770458901?commentId=7629577176316609288,scraping_tiktok,lifejiero,@micy
7629575342302495509,2026-04-17T04:09:15.000Z,0,https://www.tiktok.com/@na_nasgor123/video/7628177588770458901,https://www.tiktok.com/@na_nasgor123/video/7628177588770458901?commentId=7629575342302495509,scraping_tiktok,s0_.ursally,@it.is @Sall🧚‍♀️ eonni mendukung
7629574363637515028,2026-04-17T04:05:30.000Z,0,https://www.tiktok.com/@na_nasgor123/video/7628177588770458901,https://www.tiktok.com/@na_nasgor123/video/7628177588770458901?commentId=7629574363637515028,scraping_tiktok,kyokomorikara,"apa apaan nasinya cuma segitu, kami yang dapet penuh aja sering komplen kurang nasi"
7629573644133565205,2026-04-17T04:02:35.000Z,0,https://www.tiktok.com/@na_nasgor123/video/7628177588770458901,https://www.tiktok.com/@na_nasgor123/video/7628177588770458901?commentId=7629573644133565205,scraping_tiktok,violuet95,[Sticker] ompreng: Hehee..
7629571669498430216,2026-04-17T03:55:03.000Z,0,https://www.tiktok.com/@na_nasgor123/video/7628177588770458901,https://www.tiktok.com/@na_nasgor123/video/7628177588770458901?commentId=7629571669498430216,scraping_tiktok,dini.hardini6,wah banyak ya 🤣
7629570544292135688,2026-04-17T03:50:36.000Z,0,https://www.tiktok.com/@na_nasgor123/video/7628177588770458901,https://www.tiktok.com/@na_nasgor123/video/7628177588770458901?commentId=7629570544292135688,scraping_tiktok,calc1a,tajem bgt itu buah naganya bs berdarah kl dimakan😂
7629570519226417928,2026-04-17T03:50:26.000Z,0,https://www.tiktok.com/@na_nasgor123/video/7628177588770458901,https://www.tiktok.com/@na_nasgor123/video/7628177588770458901?commentId=7629570519226417928,scraping_tiktok,asmaasmoon,@SIDAK BGN
7629565798185960200,2026-04-17T03:32:12.000Z,0,https://www.tiktok.com/@na_nasgor123/video/7628177588770458901,https://www.tiktok.com/@na_nasgor123/video/7628177588770458901?commentId=7629565798185960200,scraping_tiktok,kaiso_mwid,🗿lumayan bisa di bawa pulang tempat yah
7629557082680886037,2026-04-17T02:58:21.000Z,0,https://www.tiktok.com/@na_nasgor123/video/7628177588770458901,https://www.tiktok.com/@na_nasgor123/video/7628177588770458901?commentId=7629557082680886037,scraping_tiktok,syaa_syaa224,temenku dapet buah naga setengahnya jirr gede bangett 😭
7629552941002687240,2026-04-17T02:42:10.000Z,0,https://www.tiktok.com/@na_nasgor123/video/7628177588770458901,https://www.tiktok.com/@na_nasgor123/video/7628177588770458901?commentId=7629552941002687240,scraping_tiktok,noseubr,hrusnya yg kotak gede itu di isi nasi ngga si
7629547793020322567,2026-04-17T02:22:23.000Z,0,https://www.tiktok.com/@na_nasgor123/video/7628177588770458901,https://www.tiktok.com/@na_nasgor123/video/7628177588770458901?commentId=7629547793020322567,scraping_tiktok,lucadeanvotte,[Sticker] yang dapat mbg se iprit gitu
7629529796062003984,2026-04-17T01:12:31.000Z,0,https://www.tiktok.com/@na_nasgor123/video/7628177588770458901,https://www.tiktok.com/@na_nasgor123/video/7628177588770458901?commentId=7629529796062003984,scraping_tiktok,risnaaa11_,[Sticker] hasil diet ekstrim:
7630086017667990293,2026-04-18T13:10:51.000Z,0,https://www.tiktok.com/@na_nasgor123/video/7628177588770458901,https://www.tiktok.com/@na_nasgor123/video/7628177588770458901?commentId=7630086017667990293,scraping_tiktok,uorw._,[Sticker] 
7629516777445393153,2026-04-17T00:22:04.000Z,0,https://www.tiktok.com/@na_nasgor123/video/7628177588770458901,https://www.tiktok.com/@na_nasgor123/video/7628177588770458901?commentId=7629516777445393153,scraping_tiktok,aashinan_,@Arin
7629514493182526224,2026-04-17T00:13:41.000Z,0,https://www.tiktok.com/@na_nasgor123/video/7628177588770458901,https://www.tiktok.com/@na_nasgor123/video/7628177588770458901?commentId=7629514493182526224,scraping_tiktok,macthalu,[Sticker] cuma untuk geli' lambung doang
7629409565943857927,2026-04-16T17:25:49.000Z,0,https://www.tiktok.com/@na_nasgor123/video/7628177588770458901,https://www.tiktok.com/@na_nasgor123/video/7628177588770458901?commentId=7629409565943857927,scraping_tiktok,ccinnamouroll,😭😭
7629406493909975815,2026-04-16T17:13:57.000Z,0,https://www.tiktok.com/@na_nasgor123/video/7628177588770458901,https://www.tiktok.com/@na_nasgor123/video/7628177588770458901?commentId=7629406493909975815,scraping_tiktok,gayungplastik12,"Buah naga ❌
Buah cacing✅"
7629406055987020565,2026-04-16T17:12:19.000Z,0,https://www.tiktok.com/@na_nasgor123/video/7628177588770458901,https://www.tiktok.com/@na_nasgor123/video/7628177588770458901?commentId=7629406055987020565,scraping_tiktok,urlossers,iya jatah kita 15 rebu tapi ga seitil juga😓🤬😡🥵💜
7629399132239840018,2026-04-16T16:45:20.000Z,0,https://www.tiktok.com/@na_nasgor123/video/7628177588770458901,https://www.tiktok.com/@na_nasgor123/video/7628177588770458901?commentId=7629399132239840018,scraping_tiktok,ciciciciacicici,@kyy
7629386487284826887,2026-04-16T15:56:16.000Z,0,https://www.tiktok.com/@na_nasgor123/video/7628177588770458901,https://www.tiktok.com/@na_nasgor123/video/7628177588770458901?commentId=7629386487284826887,scraping_tiktok,haylo362,pasti abis 5 ompreng
7629385370162037520,2026-04-16T15:51:56.000Z,0,https://www.tiktok.com/@na_nasgor123/video/7628177588770458901,https://www.tiktok.com/@na_nasgor123/video/7628177588770458901?commentId=7629385370162037520,scraping_tiktok,northemis_,[Sticker] 
7629381363464798997,2026-04-16T15:36:21.000Z,0,https://www.tiktok.com/@na_nasgor123/video/7628177588770458901,https://www.tiktok.com/@na_nasgor123/video/7628177588770458901?commentId=7629381363464798997,scraping_tiktok,yen.299,
7629380404081034005,2026-04-16T15:32:47.000Z,0,https://www.tiktok.com/@na_nasgor123/video/7628177588770458901,https://www.tiktok.com/@na_nasgor123/video/7628177588770458901?commentId=7629380404081034005,scraping_tiktok,inipahri2,@abcdeeee
7629379729411293959,2026-04-16T15:30:07.000Z,0,https://www.tiktok.com/@na_nasgor123/video/7628177588770458901,https://www.tiktok.com/@na_nasgor123/video/7628177588770458901?commentId=7629379729411293959,scraping_tiktok,yzdzidne12,half mbg
7629378763122672402,2026-04-16T15:26:27.000Z,0,https://www.tiktok.com/@na_nasgor123/video/7628177588770458901,https://www.tiktok.com/@na_nasgor123/video/7628177588770458901?commentId=7629378763122672402,scraping_tiktok,fira_cl,@𝒮𝒶𝒷𝓇í𝓃𝒶 🕰️🍂 buahnya😭😭😭
7629377875887637266,2026-04-16T15:22:49.000Z,0,https://www.tiktok.com/@na_nasgor123/video/7628177588770458901,https://www.tiktok.com/@na_nasgor123/video/7628177588770458901?commentId=7629377875887637266,scraping_tiktok,scorpiyoursz,[Sticker] 
7629375759761048338,2026-04-16T15:14:40.000Z,0,https://www.tiktok.com/@na_nasgor123/video/7628177588770458901,https://www.tiktok.com/@na_nasgor123/video/7628177588770458901?commentId=7629375759761048338,scraping_tiktok,tbna.a,[Sticker] @ilmiee ayam mbg mu ngene pisan a besti
7629375611152810770,2026-04-16T15:14:02.000Z,0,https://www.tiktok.com/@na_nasgor123/video/7628177588770458901,https://www.tiktok.com/@na_nasgor123/video/7628177588770458901?commentId=7629375611152810770,scraping_tiktok,khesyaapril,buah naganya aja sampe kurus itu😭😭
7629375206906217224,2026-04-16T15:12:33.000Z,0,https://www.tiktok.com/@na_nasgor123/video/7628177588770458901,https://www.tiktok.com/@na_nasgor123/video/7628177588770458901?commentId=7629375206906217224,scraping_tiktok,yummyyy909,udh ga ada tenaga bgt buat ngomentarin ini program😞
7629375054078001938,2026-04-16T15:11:54.000Z,0,https://www.tiktok.com/@na_nasgor123/video/7628177588770458901,https://www.tiktok.com/@na_nasgor123/video/7628177588770458901?commentId=7629375054078001938,scraping_tiktok,lvlynck,lambung: aw geli geli gimana gitu
7629374350919893781,2026-04-16T15:09:14.000Z,0,https://www.tiktok.com/@na_nasgor123/video/7628177588770458901,https://www.tiktok.com/@na_nasgor123/video/7628177588770458901?commentId=7629374350919893781,scraping_tiktok,fckjerk,[Sticker] @for_me_riinn @user13028497 @baksoo enyak @L @Syahh❀ﾞ @N for Nindaa @『へいん˖۪⸙』
7629374140759589650,2026-04-16T15:08:19.000Z,0,https://www.tiktok.com/@na_nasgor123/video/7628177588770458901,https://www.tiktok.com/@na_nasgor123/video/7628177588770458901?commentId=7629374140759589650,scraping_tiktok,leaa_pr3tty,embegenya lagi hemat itu
7629371565326844692,2026-04-16T14:58:21.000Z,0,https://www.tiktok.com/@na_nasgor123/video/7628177588770458901,https://www.tiktok.com/@na_nasgor123/video/7628177588770458901?commentId=7629371565326844692,scraping_tiktok,nottforkidzz,nyammm~
7629371344027403028,2026-04-16T14:57:33.000Z,0,https://www.tiktok.com/@na_nasgor123/video/7628177588770458901,https://www.tiktok.com/@na_nasgor123/video/7628177588770458901?commentId=7629371344027403028,scraping_tiktok,jstagrl5,[Sticker] emm jagungnya..
7629370980074652437,2026-04-16T14:56:06.000Z,0,https://www.tiktok.com/@na_nasgor123/video/7628177588770458901,https://www.tiktok.com/@na_nasgor123/video/7628177588770458901?commentId=7629370980074652437,scraping_tiktok,uniqueezz,😂😂
7629370260957840149,2026-04-16T14:53:23.000Z,0,https://www.tiktok.com/@na_nasgor123/video/7628177588770458901,https://www.tiktok.com/@na_nasgor123/video/7628177588770458901?commentId=7629370260957840149,scraping_tiktok,w4teru,@opiiw
7629369275773453077,2026-04-16T14:49:28.000Z,0,https://www.tiktok.com/@na_nasgor123/video/7628177588770458901,https://www.tiktok.com/@na_nasgor123/video/7628177588770458901?commentId=7629369275773453077,scraping_tiktok,beeeandbd4,@renitaa @chè @caa @𝖌𝖎𝖘𝖐𝖆𝖆𝖆
7629368258592310023,2026-04-16T14:45:34.000Z,0,https://www.tiktok.com/@na_nasgor123/video/7628177588770458901,https://www.tiktok.com/@na_nasgor123/video/7628177588770458901?commentId=7629368258592310023,scraping_tiktok,darwiss376,ini cocok buat yang suka bilang saya lagi diet
7629368129319666452,2026-04-16T14:45:05.000Z,0,https://www.tiktok.com/@na_nasgor123/video/7628177588770458901,https://www.tiktok.com/@na_nasgor123/video/7628177588770458901?commentId=7629368129319666452,scraping_tiktok,i2keychn,@Endatsss 😭
7629368056222221077,2026-04-16T14:44:52.000Z,0,https://www.tiktok.com/@na_nasgor123/video/7628177588770458901,https://www.tiktok.com/@na_nasgor123/video/7628177588770458901?commentId=7629368056222221077,scraping_tiktok,i2keychn,@jpgkim
7629364625964286740,2026-04-16T14:31:28.000Z,0,https://www.tiktok.com/@na_nasgor123/video/7628177588770458901,https://www.tiktok.com/@na_nasgor123/video/7628177588770458901?commentId=7629364625964286740,scraping_tiktok,ekrtnlyksm,enyak ini
7629362260712342290,2026-04-16T14:22:14.000Z,0,https://www.tiktok.com/@na_nasgor123/video/7628177588770458901,https://www.tiktok.com/@na_nasgor123/video/7628177588770458901?commentId=7629362260712342290,scraping_tiktok,farhataann,lambung : lah udah bang?
7629362003975389968,2026-04-16T14:21:17.000Z,0,https://www.tiktok.com/@na_nasgor123/video/7628177588770458901,https://www.tiktok.com/@na_nasgor123/video/7628177588770458901?commentId=7629362003975389968,scraping_tiktok,dwell.02,@monylir @caca @teengurl
7629361938635916039,2026-04-16T14:20:57.000Z,0,https://www.tiktok.com/@na_nasgor123/video/7628177588770458901,https://www.tiktok.com/@na_nasgor123/video/7628177588770458901?commentId=7629361938635916039,scraping_tiktok,shezzaii0,
7629361210886243093,2026-04-16T14:18:11.000Z,0,https://www.tiktok.com/@na_nasgor123/video/7628177588770458901,https://www.tiktok.com/@na_nasgor123/video/7628177588770458901?commentId=7629361210886243093,scraping_tiktok,maetidakpernahnever,mbg ga mampu ini
7629360879519728392,2026-04-16T14:16:54.000Z,0,https://www.tiktok.com/@na_nasgor123/video/7628177588770458901,https://www.tiktok.com/@na_nasgor123/video/7628177588770458901?commentId=7629360879519728392,scraping_tiktok,chuum.bucket,tak layak bung
7629360323987882770,2026-04-16T14:14:42.000Z,0,https://www.tiktok.com/@na_nasgor123/video/7628177588770458901,https://www.tiktok.com/@na_nasgor123/video/7628177588770458901?commentId=7629360323987882770,scraping_tiktok,ayr1nnnnnn,ga bersyukur bgt
7629358723652469511,2026-04-16T14:08:33.000Z,0,https://www.tiktok.com/@na_nasgor123/video/7628177588770458901,https://www.tiktok.com/@na_nasgor123/video/7628177588770458901?commentId=7629358723652469511,scraping_tiktok,ag_3742,Menggelitik lambung doang ini mah 🥰
7629358123647746817,2026-04-16T14:06:11.000Z,0,https://www.tiktok.com/@na_nasgor123/video/7628177588770458901,https://www.tiktok.com/@na_nasgor123/video/7628177588770458901?commentId=7629358123647746817,scraping_tiktok,nay_hoohh,"geli"" usus 💜"
7629357572303274759,2026-04-16T14:04:05.000Z,0,https://www.tiktok.com/@na_nasgor123/video/7628177588770458901,https://www.tiktok.com/@na_nasgor123/video/7628177588770458901?commentId=7629357572303274759,scraping_tiktok,minsh0suu,"yaampun siapa yang suka MD🥰, (Makanan Diet)."
7629357462449177345,2026-04-16T14:03:37.000Z,0,https://www.tiktok.com/@na_nasgor123/video/7628177588770458901,https://www.tiktok.com/@na_nasgor123/video/7628177588770458901?commentId=7629357462449177345,scraping_tiktok,cipuutciput,menu begini beli motor listrik
7629357256865235719,2026-04-16T14:02:47.000Z,0,https://www.tiktok.com/@na_nasgor123/video/7628177588770458901,https://www.tiktok.com/@na_nasgor123/video/7628177588770458901?commentId=7629357256865235719,scraping_tiktok,akqmwmieayam,enakan nasi cadong
7629356036494754578,2026-04-16T13:58:03.000Z,0,https://www.tiktok.com/@na_nasgor123/video/7628177588770458901,https://www.tiktok.com/@na_nasgor123/video/7628177588770458901?commentId=7629356036494754578,scraping_tiktok,shizz282,[Sticker] gw yang cuma makan buah naga nya doang:
7629355446626075413,2026-04-16T13:55:59.000Z,0,https://www.tiktok.com/@na_nasgor123/video/7628177588770458901,https://www.tiktok.com/@na_nasgor123/video/7628177588770458901?commentId=7629355446626075413,scraping_tiktok,salsanabila2086,[Sticker] anjirr nasinya si uprit semuanya seuprit hemat amat dh
7629355412832551687,2026-04-16T13:55:47.000Z,0,https://www.tiktok.com/@na_nasgor123/video/7628177588770458901,https://www.tiktok.com/@na_nasgor123/video/7628177588770458901?commentId=7629355412832551687,scraping_tiktok,terserahgwien,@bilalyn𓆜｡ﾟ @⋆˚࿔ reress 𝜗𝜚˚⋆ @goyangdigoyangserrrr 😭
7629355159688299285,2026-04-16T13:54:43.000Z,0,https://www.tiktok.com/@na_nasgor123/video/7628177588770458901,https://www.tiktok.com/@na_nasgor123/video/7628177588770458901?commentId=7629355159688299285,scraping_tiktok,blonde.gmail.123ined.com,gw suka ini walaupun kecil tapi enak🥰
7629355059519750932,2026-04-16T13:54:18.000Z,0,https://www.tiktok.com/@na_nasgor123/video/7628177588770458901,https://www.tiktok.com/@na_nasgor123/video/7628177588770458901?commentId=7629355059519750932,scraping_tiktok,ars.dv_a,@𝐬alva
7629354806494610194,2026-04-16T13:53:19.000Z,0,https://www.tiktok.com/@na_nasgor123/video/7628177588770458901,https://www.tiktok.com/@na_nasgor123/video/7628177588770458901?commentId=7629354806494610194,scraping_tiktok,anjayvero183,[Sticker] jagung :
7629354240427148053,2026-04-16T13:51:11.000Z,0,https://www.tiktok.com/@na_nasgor123/video/7628177588770458901,https://www.tiktok.com/@na_nasgor123/video/7628177588770458901?commentId=7629354240427148053,scraping_tiktok,linee13828,"hargai guys, mbg nya berhasil diet lo🥰"
7629350489877119765,2026-04-16T13:36:38.000Z,0,https://www.tiktok.com/@na_nasgor123/video/7628177588770458901,https://www.tiktok.com/@na_nasgor123/video/7628177588770458901?commentId=7629350489877119765,scraping_tiktok,panz8367,[Sticker] ini mbg?
7629349339831386896,2026-04-16T13:32:13.000Z,0,https://www.tiktok.com/@na_nasgor123/video/7628177588770458901,https://www.tiktok.com/@na_nasgor123/video/7628177588770458901?commentId=7629349339831386896,scraping_tiktok,diaaa_244,lailahhh😭😭
7629344959083201300,2026-04-16T13:15:14.000Z,0,https://www.tiktok.com/@na_nasgor123/video/7628177588770458901,https://www.tiktok.com/@na_nasgor123/video/7628177588770458901?commentId=7629344959083201300,scraping_tiktok,tanteinun,
7629344426372547335,2026-04-16T13:13:03.000Z,0,https://www.tiktok.com/@na_nasgor123/video/7628177588770458901,https://www.tiktok.com/@na_nasgor123/video/7628177588770458901?commentId=7629344426372547335,scraping_tiktok,ncapuccino,itu nasi cuma dua suap di gw 🥰
7629344345317163794,2026-04-16T13:12:44.000Z,0,https://www.tiktok.com/@na_nasgor123/video/7628177588770458901,https://www.tiktok.com/@na_nasgor123/video/7628177588770458901?commentId=7629344345317163794,scraping_tiktok,deca_maria,@r.a KITA 3 MENIT LUDES😭😭😭
7629344030044357383,2026-04-16T13:11:31.000Z,0,https://www.tiktok.com/@na_nasgor123/video/7628177588770458901,https://www.tiktok.com/@na_nasgor123/video/7628177588770458901?commentId=7629344030044357383,scraping_tiktok,zaeraah1,@belasvraaa mbg kita kok enak enak yah
7629343532466471701,2026-04-16T13:09:44.000Z,0,https://www.tiktok.com/@na_nasgor123/video/7628177588770458901,https://www.tiktok.com/@na_nasgor123/video/7628177588770458901?commentId=7629343532466471701,scraping_tiktok,ohmygheez,captionnya lucu banget gakuat 😭😭😭
7629343403802149653,2026-04-16T13:09:16.000Z,0,https://www.tiktok.com/@na_nasgor123/video/7628177588770458901,https://www.tiktok.com/@na_nasgor123/video/7628177588770458901?commentId=7629343403802149653,scraping_tiktok,rinariyanti314,geli geli dilambung
7629342686675370770,2026-04-16T13:06:17.000Z,0,https://www.tiktok.com/@na_nasgor123/video/7628177588770458901,https://www.tiktok.com/@na_nasgor123/video/7628177588770458901?commentId=7629342686675370770,scraping_tiktok,bittersuiteeee,[Sticker] buah naganya:
7629342609827414802,2026-04-16T13:06:00.000Z,0,https://www.tiktok.com/@na_nasgor123/video/7628177588770458901,https://www.tiktok.com/@na_nasgor123/video/7628177588770458901?commentId=7629342609827414802,scraping_tiktok,birdofheaven0.0,akhirnya ada yang lebih tipis dri dompet quh
7629342559648482056,2026-04-16T13:05:52.000Z,0,https://www.tiktok.com/@na_nasgor123/video/7628177588770458901,https://www.tiktok.com/@na_nasgor123/video/7628177588770458901?commentId=7629342559648482056,scraping_tiktok,narawkonichiwaa,[Sticker] malnutrisi bgt buah naganya
7629341809177887505,2026-04-16T13:03:03.000Z,0,https://www.tiktok.com/@na_nasgor123/video/7628177588770458901,https://www.tiktok.com/@na_nasgor123/video/7628177588770458901?commentId=7629341809177887505,scraping_tiktok,cinaammon,p
7629341579770135303,2026-04-16T13:02:06.000Z,0,https://www.tiktok.com/@na_nasgor123/video/7628177588770458901,https://www.tiktok.com/@na_nasgor123/video/7628177588770458901?commentId=7629341579770135303,scraping_tiktok,hajjahainiii_045,@cinta ❤😘
7629341243001488149,2026-04-16T13:00:49.000Z,0,https://www.tiktok.com/@na_nasgor123/video/7628177588770458901,https://www.tiktok.com/@na_nasgor123/video/7628177588770458901?commentId=7629341243001488149,scraping_tiktok,abouttheheart_25,TUNGGU KIRIS😭
7629341056685425409,2026-04-16T13:00:02.000Z,0,https://www.tiktok.com/@na_nasgor123/video/7628177588770458901,https://www.tiktok.com/@na_nasgor123/video/7628177588770458901?commentId=7629341056685425409,scraping_tiktok,keonlhoo,[Sticker] lambung: kita barusan di gelitikin apa besti?💜
7629340349639148308,2026-04-16T12:57:19.000Z,0,https://www.tiktok.com/@na_nasgor123/video/7628177588770458901,https://www.tiktok.com/@na_nasgor123/video/7628177588770458901?commentId=7629340349639148308,scraping_tiktok,cimoyyyyyyyyy6,menggelitik lambung
7629340153073386260,2026-04-16T12:56:32.000Z,0,https://www.tiktok.com/@na_nasgor123/video/7628177588770458901,https://www.tiktok.com/@na_nasgor123/video/7628177588770458901?commentId=7629340153073386260,scraping_tiktok,matchaa_lattee067,[Sticker] 
7629340117057798932,2026-04-16T12:56:21.000Z,0,https://www.tiktok.com/@na_nasgor123/video/7628177588770458901,https://www.tiktok.com/@na_nasgor123/video/7628177588770458901?commentId=7629340117057798932,scraping_tiktok,jaeyunionn,diet somi aja kalah💜
7628438893708247815,2026-04-14T02:39:09.000Z,0,https://www.tiktok.com/@na_nasgor123/video/7628177588770458901,https://www.tiktok.com/@na_nasgor123/video/7628177588770458901?commentId=7628438893708247815,scraping_tiktok,sal.saaa_0,buah naga nya stunting
7628439982886486805,2026-04-14T02:43:37.000Z,0,https://www.tiktok.com/@na_nasgor123/video/7628177588770458901,https://www.tiktok.com/@na_nasgor123/video/7628177588770458901?commentId=7628439982886486805,scraping_tiktok,ilyz021,[Sticker] geli doang pas nyampe lambung💜
7628440354589360903,2026-04-14T02:44:53.000Z,0,https://www.tiktok.com/@na_nasgor123/video/7628177588770458901,https://www.tiktok.com/@na_nasgor123/video/7628177588770458901?commentId=7628440354589360903,scraping_tiktok,yuriiyapp,enak
7628441393304781584,2026-04-14T02:49:04.000Z,0,https://www.tiktok.com/@na_nasgor123/video/7628177588770458901,https://www.tiktok.com/@na_nasgor123/video/7628177588770458901?commentId=7628441393304781584,scraping_tiktok,imlikegegechinesse,@𝑎𝑒𝑙𝑙 🐹
7628442271281824519,2026-04-14T02:52:25.000Z,0,https://www.tiktok.com/@na_nasgor123/video/7628177588770458901,https://www.tiktok.com/@na_nasgor123/video/7628177588770458901?commentId=7628442271281824519,scraping_tiktok,cutbraybinsengcholkaya21,"pas masuk lambung, lambung:kayak nya tadi ada yg masuk?"
7628443381106787073,2026-04-14T02:56:37.000Z,0,https://www.tiktok.com/@na_nasgor123/video/7628177588770458901,https://www.tiktok.com/@na_nasgor123/video/7628177588770458901?commentId=7628443381106787073,scraping_tiktok,pippoo179,buah naga nya diet kali itu jadi kurus
7628443563513578247,2026-04-14T02:57:25.000Z,0,https://www.tiktok.com/@na_nasgor123/video/7628177588770458901,https://www.tiktok.com/@na_nasgor123/video/7628177588770458901?commentId=7628443563513578247,scraping_tiktok,ncenyx,[Sticker] pas buka ompreng
7628443740742861586,2026-04-14T02:57:57.000Z,0,https://www.tiktok.com/@na_nasgor123/video/7628177588770458901,https://www.tiktok.com/@na_nasgor123/video/7628177588770458901?commentId=7628443740742861586,scraping_tiktok,syasyisyisyesyo,Where’s my waist💜
7628468236187157268,2026-04-14T04:33:05.000Z,0,https://www.tiktok.com/@na_nasgor123/video/7628177588770458901,https://www.tiktok.com/@na_nasgor123/video/7628177588770458901?commentId=7628468236187157268,scraping_tiktok,uwiwww.jo,[Sticker] 
7628459103564186384,2026-04-14T03:57:34.000Z,0,https://www.tiktok.com/@na_nasgor123/video/7628177588770458901,https://www.tiktok.com/@na_nasgor123/video/7628177588770458901?commentId=7628459103564186384,scraping_tiktok,rosalynaaaaa,@jongseng
7628463172105765639,2026-04-14T04:13:20.000Z,0,https://www.tiktok.com/@na_nasgor123/video/7628177588770458901,https://www.tiktok.com/@na_nasgor123/video/7628177588770458901?commentId=7628463172105765639,scraping_tiktok,phannyphilia,wow itu pasti kenyang banget❤️
7628464713094431506,2026-04-14T04:19:24.000Z,0,https://www.tiktok.com/@na_nasgor123/video/7628177588770458901,https://www.tiktok.com/@na_nasgor123/video/7628177588770458901?commentId=7628464713094431506,scraping_tiktok,allensvein,[Sticker] 
7628465109119517458,2026-04-14T04:20:52.000Z,0,https://www.tiktok.com/@na_nasgor123/video/7628177588770458901,https://www.tiktok.com/@na_nasgor123/video/7628177588770458901?commentId=7628465109119517458,scraping_tiktok,bikinnostalgia,setengah porsi
7628467969342309140,2026-04-14T04:32:07.000Z,0,https://www.tiktok.com/@na_nasgor123/video/7628177588770458901,https://www.tiktok.com/@na_nasgor123/video/7628177588770458901?commentId=7628467969342309140,scraping_tiktok,.belooy,[Sticker] @vann
7629339924165362453,2026-04-16T12:55:43.000Z,0,https://www.tiktok.com/@na_nasgor123/video/7628177588770458901,https://www.tiktok.com/@na_nasgor123/video/7628177588770458901?commentId=7629339924165362453,scraping_tiktok,bebas9897,[Sticker] 
7629339315308446472,2026-04-16T12:53:17.000Z,0,https://www.tiktok.com/@na_nasgor123/video/7628177588770458901,https://www.tiktok.com/@na_nasgor123/video/7628177588770458901?commentId=7629339315308446472,scraping_tiktok,gabriel86644,kayak gk fantass di makan gituu gk sihh😭😭🙏
7629337406697161492,2026-04-16T12:45:52.000Z,0,https://www.tiktok.com/@na_nasgor123/video/7628177588770458901,https://www.tiktok.com/@na_nasgor123/video/7628177588770458901?commentId=7629337406697161492,scraping_tiktok,solomon3429,tidak fantas
7629337307355906837,2026-04-16T12:45:32.000Z,0,https://www.tiktok.com/@na_nasgor123/video/7628177588770458901,https://www.tiktok.com/@na_nasgor123/video/7628177588770458901?commentId=7629337307355906837,scraping_tiktok,ihnd_04,buah naga nya anj 😭
7629337108218872584,2026-04-16T12:44:41.000Z,0,https://www.tiktok.com/@na_nasgor123/video/7628177588770458901,https://www.tiktok.com/@na_nasgor123/video/7628177588770458901?commentId=7629337108218872584,scraping_tiktok,kaissaarfa,@ᡣ𐭩ྀིྀᡣ𐭩ྀིྀᡣ𐭩ྀིྀ
7629336862100570900,2026-04-16T12:43:48.000Z,0,https://www.tiktok.com/@na_nasgor123/video/7628177588770458901,https://www.tiktok.com/@na_nasgor123/video/7628177588770458901?commentId=7629336862100570900,scraping_tiktok,panciguagosong,15k itu?
7629336715093918471,2026-04-16T12:43:08.000Z,0,https://www.tiktok.com/@na_nasgor123/video/7628177588770458901,https://www.tiktok.com/@na_nasgor123/video/7628177588770458901?commentId=7629336715093918471,scraping_tiktok,cesamiyuw,@🍑 😭
7629336493493175060,2026-04-16T12:42:26.000Z,0,https://www.tiktok.com/@na_nasgor123/video/7628177588770458901,https://www.tiktok.com/@na_nasgor123/video/7628177588770458901?commentId=7629336493493175060,scraping_tiktok,zyhya09,menu buat debut masuk SM kali ya
7629335702291038997,2026-04-16T12:40:56.000Z,0,https://www.tiktok.com/@na_nasgor123/video/7628177588770458901,https://www.tiktok.com/@na_nasgor123/video/7628177588770458901?commentId=7629335702291038997,scraping_tiktok,.ann472,buah naga mbg aku aja dapet setengah buahnya kak 😭
7629335621383373588,2026-04-16T12:38:58.000Z,0,https://www.tiktok.com/@na_nasgor123/video/7628177588770458901,https://www.tiktok.com/@na_nasgor123/video/7628177588770458901?commentId=7629335621383373588,scraping_tiktok,ris_shoppe,"lambung: rsa geli"" gimna gtu"
7629335156868055815,2026-04-16T12:37:03.000Z,0,https://www.tiktok.com/@na_nasgor123/video/7628177588770458901,https://www.tiktok.com/@na_nasgor123/video/7628177588770458901?commentId=7629335156868055815,scraping_tiktok,yayamup36,lumayan buat geli geli lambung💜
7629334397632742160,2026-04-16T12:34:12.000Z,0,https://www.tiktok.com/@na_nasgor123/video/7628177588770458901,https://www.tiktok.com/@na_nasgor123/video/7628177588770458901?commentId=7629334397632742160,scraping_tiktok,.bubblegumgumi._,@🌷_vanillallatte_🌷 @kaiienne @ーꢾ୧﹢piopioo𖹭
7629334396030092039,2026-04-16T12:34:09.000Z,0,https://www.tiktok.com/@na_nasgor123/video/7628177588770458901,https://www.tiktok.com/@na_nasgor123/video/7628177588770458901?commentId=7629334396030092039,scraping_tiktok,nabilaajah338,[Sticker] 
7629334011483308820,2026-04-16T12:32:41.000Z,0,https://www.tiktok.com/@na_nasgor123/video/7628177588770458901,https://www.tiktok.com/@na_nasgor123/video/7628177588770458901?commentId=7629334011483308820,scraping_tiktok,vvv16837,kalau ini kak
7629333401976275729,2026-04-16T12:30:22.000Z,0,https://www.tiktok.com/@na_nasgor123/video/7628177588770458901,https://www.tiktok.com/@na_nasgor123/video/7628177588770458901?commentId=7629333401976275729,scraping_tiktok,brian.rian02,"kata mama aku,duit MBG tuh rikasnya banyak,tpi kok menunya dikit,gak bergizi"
7629333373018047250,2026-04-16T12:30:15.000Z,0,https://www.tiktok.com/@na_nasgor123/video/7628177588770458901,https://www.tiktok.com/@na_nasgor123/video/7628177588770458901?commentId=7629333373018047250,scraping_tiktok,fridd2117,mending bawa bekel dari rumah dahh
7629333323559109393,2026-04-16T12:29:59.000Z,0,https://www.tiktok.com/@na_nasgor123/video/7628177588770458901,https://www.tiktok.com/@na_nasgor123/video/7628177588770458901?commentId=7629333323559109393,scraping_tiktok,turrr_finchh,menggelitik menggelitik lambung saja
7629333307867972359,2026-04-16T12:29:53.000Z,0,https://www.tiktok.com/@na_nasgor123/video/7628177588770458901,https://www.tiktok.com/@na_nasgor123/video/7628177588770458901?commentId=7629333307867972359,scraping_tiktok,ericcarlina,lambung : ah ah ah geyli 💜
7629332941450117908,2026-04-16T12:28:37.000Z,0,https://www.tiktok.com/@na_nasgor123/video/7628177588770458901,https://www.tiktok.com/@na_nasgor123/video/7628177588770458901?commentId=7629332941450117908,scraping_tiktok,a.y.a.m93,lambung :geli geli doang ini mah
7629332678257148680,2026-04-16T12:27:27.000Z,0,https://www.tiktok.com/@na_nasgor123/video/7628177588770458901,https://www.tiktok.com/@na_nasgor123/video/7628177588770458901?commentId=7629332678257148680,scraping_tiktok,.jss3frlv,yang buat prosedur mbgnya
7629332488292467476,2026-04-16T12:26:47.000Z,0,https://www.tiktok.com/@na_nasgor123/video/7628177588770458901,https://www.tiktok.com/@na_nasgor123/video/7628177588770458901?commentId=7629332488292467476,scraping_tiktok,ldhhc58,meski keliatan tipes tapi ini oke dan GUA KEKENYANGAN ANJERRRR GRGR KENTANGNYA 😭😭😭😭😭
7629331963988574984,2026-04-16T12:24:44.000Z,0,https://www.tiktok.com/@na_nasgor123/video/7628177588770458901,https://www.tiktok.com/@na_nasgor123/video/7628177588770458901?commentId=7629331963988574984,scraping_tiktok,b0xxkh,"kebanyakan jur, mbg daerah mana ini keliatan gaenak🤩"
7629331817105146631,2026-04-16T12:24:13.000Z,0,https://www.tiktok.com/@na_nasgor123/video/7628177588770458901,https://www.tiktok.com/@na_nasgor123/video/7628177588770458901?commentId=7629331817105146631,scraping_tiktok,aisindi08,banyakan juga sesajen
7629331597867352852,2026-04-16T12:23:20.000Z,0,https://www.tiktok.com/@na_nasgor123/video/7628177588770458901,https://www.tiktok.com/@na_nasgor123/video/7628177588770458901?commentId=7629331597867352852,scraping_tiktok,dealova.azzahra,@valla de la reina
7629331308380947220,2026-04-16T12:22:16.000Z,0,https://www.tiktok.com/@na_nasgor123/video/7628177588770458901,https://www.tiktok.com/@na_nasgor123/video/7628177588770458901?commentId=7629331308380947220,scraping_tiktok,cortiseuball,"jadi ini kantinnya mbg entertaiment, ga ngerti lagi sih aku"
7629331285827765013,2026-04-16T12:22:09.000Z,0,https://www.tiktok.com/@na_nasgor123/video/7628177588770458901,https://www.tiktok.com/@na_nasgor123/video/7628177588770458901?commentId=7629331285827765013,scraping_tiktok,sky13938,pasti lagi diet
7629331139865625352,2026-04-16T12:21:27.000Z,0,https://www.tiktok.com/@na_nasgor123/video/7628177588770458901,https://www.tiktok.com/@na_nasgor123/video/7628177588770458901?commentId=7629331139865625352,scraping_tiktok,callmesyadd1,mdg kalo ini
7629330156578636561,2026-04-16T12:17:43.000Z,0,https://www.tiktok.com/@na_nasgor123/video/7628177588770458901,https://www.tiktok.com/@na_nasgor123/video/7628177588770458901?commentId=7629330156578636561,scraping_tiktok,pzloceeby,"buah nya kapan² di tutupin plastik dongg sppg , gw pen kasih ke Sg jir"
7629328479918162709,2026-04-16T12:11:16.000Z,0,https://www.tiktok.com/@na_nasgor123/video/7628177588770458901,https://www.tiktok.com/@na_nasgor123/video/7628177588770458901?commentId=7629328479918162709,scraping_tiktok,nnl_zha,bestii
7629327304925266696,2026-04-16T12:06:35.000Z,0,https://www.tiktok.com/@na_nasgor123/video/7628177588770458901,https://www.tiktok.com/@na_nasgor123/video/7628177588770458901?commentId=7629327304925266696,scraping_tiktok,rhecairo,"makan sehat cuy, bukan diet esktrem. heran mbg ada aja masalahnya anjir"
7629324723163775760,2026-04-16T11:56:36.000Z,0,https://www.tiktok.com/@na_nasgor123/video/7628177588770458901,https://www.tiktok.com/@na_nasgor123/video/7628177588770458901?commentId=7629324723163775760,scraping_tiktok,gisul_rojeh,[Sticker] reaksi kakanya
7629324707327116053,2026-04-16T11:56:46.000Z,0,https://www.tiktok.com/@na_nasgor123/video/7628177588770458901,https://www.tiktok.com/@na_nasgor123/video/7628177588770458901?commentId=7629324707327116053,scraping_tiktok,anolimanis,@✨❤️‍🔥KEnZ🤫ZeZE❤️‍🔥✨ @yun yun @qinooo mbp(makan bergizi pelit)
7629324569287181072,2026-04-16T11:56:01.000Z,0,https://www.tiktok.com/@na_nasgor123/video/7628177588770458901,https://www.tiktok.com/@na_nasgor123/video/7628177588770458901?commentId=7629324569287181072,scraping_tiktok,adekurniawanput89,[Sticker] 
7629324419102655250,2026-04-16T11:55:27.000Z,0,https://www.tiktok.com/@na_nasgor123/video/7628177588770458901,https://www.tiktok.com/@na_nasgor123/video/7628177588770458901?commentId=7629324419102655250,scraping_tiktok,bibibibaww,@✧*̥₊🧊🥣˚‧ 🐋✧ @ժׁׅ݊ꭈׁׅɑׁׅɑׁׅ🩰
7629323733266449173,2026-04-16T11:52:51.000Z,0,https://www.tiktok.com/@na_nasgor123/video/7628177588770458901,https://www.tiktok.com/@na_nasgor123/video/7628177588770458901?commentId=7629323733266449173,scraping_tiktok,p0y0y0y0i,@ddeonuuu 🦭🦭
7629323705777160980,2026-04-16T11:52:47.000Z,0,https://www.tiktok.com/@na_nasgor123/video/7628177588770458901,https://www.tiktok.com/@na_nasgor123/video/7628177588770458901?commentId=7629323705777160980,scraping_tiktok,imxxay,separo semua
7629322878395646738,2026-04-16T11:49:28.000Z,0,https://www.tiktok.com/@na_nasgor123/video/7628177588770458901,https://www.tiktok.com/@na_nasgor123/video/7628177588770458901?commentId=7629322878395646738,scraping_tiktok,flordelluvi4,@bcw💜🪻🫤 @•*n🅰️w44💢🥨 @sass🤟💢 cocok buat kalian yang ingin diet😘
7629321862119867154,2026-04-16T11:45:30.000Z,0,https://www.tiktok.com/@na_nasgor123/video/7628177588770458901,https://www.tiktok.com/@na_nasgor123/video/7628177588770458901?commentId=7629321862119867154,scraping_tiktok,alwaysnaa_17,peot bngt tu buah naga😭😭
7629321751994155796,2026-04-16T11:45:07.000Z,0,https://www.tiktok.com/@na_nasgor123/video/7628177588770458901,https://www.tiktok.com/@na_nasgor123/video/7628177588770458901?commentId=7629321751994155796,scraping_tiktok,mie_ayam271,@𝕞𝕦𝕥𝕚𝕒𝕒_imup✾✿❀❦🎀:🫪🫪🫪🫪🫪🫪🫪🫪🫪🫪🫪🫪🫪🫪🫪🫪🫪🫪🫪🫪🫪🫪🫪🫪🫪🫪🫪🫪🫪🫪🫪🫪🫪🫪🫪🫪🫪🫪🫪🫪🫪🫪salin aja
7629321292864848647,2026-04-16T11:43:21.000Z,0,https://www.tiktok.com/@na_nasgor123/video/7628177588770458901,https://www.tiktok.com/@na_nasgor123/video/7628177588770458901?commentId=7629321292864848647,scraping_tiktok,dellawrly_,lah tempat aku ga ada mbg jir
7629321273654772498,2026-04-16T11:43:14.000Z,0,https://www.tiktok.com/@na_nasgor123/video/7628177588770458901,https://www.tiktok.com/@na_nasgor123/video/7628177588770458901?commentId=7629321273654772498,scraping_tiktok,aeshylm,@♡
7629321209897845521,2026-04-16T11:43:13.000Z,0,https://www.tiktok.com/@na_nasgor123/video/7628177588770458901,https://www.tiktok.com/@na_nasgor123/video/7628177588770458901?commentId=7629321209897845521,scraping_tiktok,il10v_nyxcherryx,apa yang dia lakukan terhadap buah naga seimut itu.. astaghfirullah
7629320912948904711,2026-04-16T11:41:50.000Z,0,https://www.tiktok.com/@na_nasgor123/video/7628177588770458901,https://www.tiktok.com/@na_nasgor123/video/7628177588770458901?commentId=7629320912948904711,scraping_tiktok,mwdimsummentai26,mbg aku selalu penuh isinya🥰
7629320826077496071,2026-04-16T11:41:32.000Z,0,https://www.tiktok.com/@na_nasgor123/video/7628177588770458901,https://www.tiktok.com/@na_nasgor123/video/7628177588770458901?commentId=7629320826077496071,scraping_tiktok,hdyt1138,@𝕞𝕦𝕥𝕚𝕒𝕒_imup✾✿❀❦🎀:🫪🫪🫪🫪🫪🫪🫪🫪🫪🫪🫪🫪🫪🫪🫪🫪🫪🫪🫪🫪🫪🫪🫪🫪🫪🫪🫪🫪🫪🫪🫪🫪🫪🫪🫪🫪🫪🫪🫪🫪🫪🫪salin aja
7629320422887473938,2026-04-16T11:39:56.000Z,0,https://www.tiktok.com/@na_nasgor123/video/7628177588770458901,https://www.tiktok.com/@na_nasgor123/video/7628177588770458901?commentId=7629320422887473938,scraping_tiktok,raydwi26,[Sticker] yang di rasakan perut cuma kaya di senggol
7629320329542484754,2026-04-16T11:39:33.000Z,0,https://www.tiktok.com/@na_nasgor123/video/7628177588770458901,https://www.tiktok.com/@na_nasgor123/video/7628177588770458901?commentId=7629320329542484754,scraping_tiktok,panggilqisaaaja_297,🫪🫪🫪🫪🫪🫪🫪🫪🫪🫪🫪🫪🫪🫪🫪🫪🫪🫪🫪🫪🫪🫪🫪🫪🫪🫪🫪🫪🫪🫪🫪🫪🫪🫪🫪🫪🫪🫪🫪🫪🫪🫪salin aja
7629320271266792213,2026-04-16T11:39:22.000Z,0,https://www.tiktok.com/@na_nasgor123/video/7628177588770458901,https://www.tiktok.com/@na_nasgor123/video/7628177588770458901?commentId=7629320271266792213,scraping_tiktok,yll_015,[Sticker] dahlah😭😭😭
7629319386834699029,2026-04-16T11:35:56.000Z,0,https://www.tiktok.com/@na_nasgor123/video/7628177588770458901,https://www.tiktok.com/@na_nasgor123/video/7628177588770458901?commentId=7629319386834699029,scraping_tiktok,iraa.rawr_,seitil
7629319222589784853,2026-04-16T11:35:17.000Z,0,https://www.tiktok.com/@na_nasgor123/video/7628177588770458901,https://www.tiktok.com/@na_nasgor123/video/7628177588770458901?commentId=7629319222589784853,scraping_tiktok,lowkeysraa,lambung: alah kerii kerii kerii
7629318952967471890,2026-04-16T11:34:13.000Z,0,https://www.tiktok.com/@na_nasgor123/video/7628177588770458901,https://www.tiktok.com/@na_nasgor123/video/7628177588770458901?commentId=7629318952967471890,scraping_tiktok,adell_272,[Sticker] 
7629318825570517781,2026-04-16T11:33:55.000Z,0,https://www.tiktok.com/@na_nasgor123/video/7628177588770458901,https://www.tiktok.com/@na_nasgor123/video/7628177588770458901?commentId=7629318825570517781,scraping_tiktok,a.ll2435,buat geli geli lambung
7629318630434358036,2026-04-16T11:33:05.000Z,0,https://www.tiktok.com/@na_nasgor123/video/7628177588770458901,https://www.tiktok.com/@na_nasgor123/video/7628177588770458901?commentId=7629318630434358036,scraping_tiktok,wiyamdut,2T APAAN ANJIR SEUPRIT
7629318465165230868,2026-04-16T11:32:21.000Z,0,https://www.tiktok.com/@na_nasgor123/video/7628177588770458901,https://www.tiktok.com/@na_nasgor123/video/7628177588770458901?commentId=7629318465165230868,scraping_tiktok,iqissbilqisscyute,bersyukur ajaa yaa kaa.
7629317783302832914,2026-04-16T11:29:46.000Z,0,https://www.tiktok.com/@na_nasgor123/video/7628177588770458901,https://www.tiktok.com/@na_nasgor123/video/7628177588770458901?commentId=7629317783302832914,scraping_tiktok,fahmi_gtng,itu buah naga atau lidi
7629316750517584648,2026-04-16T11:25:40.000Z,0,https://www.tiktok.com/@na_nasgor123/video/7628177588770458901,https://www.tiktok.com/@na_nasgor123/video/7628177588770458901?commentId=7629316750517584648,scraping_tiktok,junzz_gntg,MBG penghilang lemak💜
7629315899631452936,2026-04-16T11:22:21.000Z,0,https://www.tiktok.com/@na_nasgor123/video/7628177588770458901,https://www.tiktok.com/@na_nasgor123/video/7628177588770458901?commentId=7629315899631452936,scraping_tiktok,kenntzyy10,[Sticker] 
7629315846607536916,2026-04-16T11:22:16.000Z,0,https://www.tiktok.com/@na_nasgor123/video/7628177588770458901,https://www.tiktok.com/@na_nasgor123/video/7628177588770458901?commentId=7629315846607536916,scraping_tiktok,mrssajhnkwdrc11hy,[Sticker] 
7629315830908076820,2026-04-16T11:22:12.000Z,0,https://www.tiktok.com/@na_nasgor123/video/7628177588770458901,https://www.tiktok.com/@na_nasgor123/video/7628177588770458901?commentId=7629315830908076820,scraping_tiktok,ndaa_105_,😁😁😁
7629315555716088597,2026-04-16T11:21:13.000Z,0,https://www.tiktok.com/@na_nasgor123/video/7628177588770458901,https://www.tiktok.com/@na_nasgor123/video/7628177588770458901?commentId=7629315555716088597,scraping_tiktok,summer911_,@🍥 @𓆝 𓆟 𓆞 𓆝 😭
7629314750199464725,2026-04-16T11:18:01.000Z,0,https://www.tiktok.com/@na_nasgor123/video/7628177588770458901,https://www.tiktok.com/@na_nasgor123/video/7628177588770458901?commentId=7629314750199464725,scraping_tiktok,safiratiani_,cuman geli geli di lambung
7629313923611460373,2026-04-16T11:14:48.000Z,0,https://www.tiktok.com/@na_nasgor123/video/7628177588770458901,https://www.tiktok.com/@na_nasgor123/video/7628177588770458901?commentId=7629313923611460373,scraping_tiktok,dheakoagouw,@veliiiiiiiiii
7629313891076702994,2026-04-16T11:14:40.000Z,0,https://www.tiktok.com/@na_nasgor123/video/7628177588770458901,https://www.tiktok.com/@na_nasgor123/video/7628177588770458901?commentId=7629313891076702994,scraping_tiktok,vian_jalah,"lah aku chiken katsu daging nya tipis + kecil, nggak kerasa"
7629313519842591509,2026-04-16T11:13:14.000Z,0,https://www.tiktok.com/@na_nasgor123/video/7628177588770458901,https://www.tiktok.com/@na_nasgor123/video/7628177588770458901?commentId=7629313519842591509,scraping_tiktok,nomnot1,"lah sesajen aja banyak
kepala kerbau"
7629312998994772753,2026-04-16T11:11:30.000Z,0,https://www.tiktok.com/@na_nasgor123/video/7628177588770458901,https://www.tiktok.com/@na_nasgor123/video/7628177588770458901?commentId=7629312998994772753,scraping_tiktok,jabami_178,[Sticker] yang lagi diet
7629312891494302480,2026-04-16T11:10:44.000Z,0,https://www.tiktok.com/@na_nasgor123/video/7628177588770458901,https://www.tiktok.com/@na_nasgor123/video/7628177588770458901?commentId=7629312891494302480,scraping_tiktok,aisyahzahra977,wah emang disuruh diet Ama mbg
7629312797227467528,2026-04-16T11:10:20.000Z,0,https://www.tiktok.com/@na_nasgor123/video/7628177588770458901,https://www.tiktok.com/@na_nasgor123/video/7628177588770458901?commentId=7629312797227467528,scraping_tiktok,hamadfar46,cuman kasih geli-geli lambung saja😭
7629312606696342292,2026-04-16T11:09:41.000Z,0,https://www.tiktok.com/@na_nasgor123/video/7628177588770458901,https://www.tiktok.com/@na_nasgor123/video/7628177588770458901?commentId=7629312606696342292,scraping_tiktok,youknowkaell,ga niat ngasih mbg😭
7629312556055184136,2026-04-16T11:12:24.000Z,0,https://www.tiktok.com/@na_nasgor123/video/7628177588770458901,https://www.tiktok.com/@na_nasgor123/video/7628177588770458901?commentId=7629312556055184136,scraping_tiktok,user24439670066305,cocok buat yang lagi diet
7629311037075129108,2026-04-16T11:03:40.000Z,0,https://www.tiktok.com/@na_nasgor123/video/7628177588770458901,https://www.tiktok.com/@na_nasgor123/video/7628177588770458901?commentId=7629311037075129108,scraping_tiktok,faaaaa.03,selebihnya itu dibawa pulang sama karyawan mbg itu
7629310206601855764,2026-04-16T11:00:18.000Z,0,https://www.tiktok.com/@na_nasgor123/video/7628177588770458901,https://www.tiktok.com/@na_nasgor123/video/7628177588770458901?commentId=7629310206601855764,scraping_tiktok,amiratu00,lambung:emmm geli geli tidak terasa
7629309438185227009,2026-04-16T10:57:20.000Z,0,https://www.tiktok.com/@na_nasgor123/video/7628177588770458901,https://www.tiktok.com/@na_nasgor123/video/7628177588770458901?commentId=7629309438185227009,scraping_tiktok,reiggrownovich,"ih buah naga nya ko tipis?, bukan nya buah naga nya itu di potong kaya dibagi 4 gitu ya?"
7629309076899873554,2026-04-16T10:55:54.000Z,0,https://www.tiktok.com/@na_nasgor123/video/7628177588770458901,https://www.tiktok.com/@na_nasgor123/video/7628177588770458901?commentId=7629309076899873554,scraping_tiktok,chennnyiii3,"buwat geli"" lambung 🥰"
7629308986744406804,2026-04-16T10:55:43.000Z,0,https://www.tiktok.com/@na_nasgor123/video/7628177588770458901,https://www.tiktok.com/@na_nasgor123/video/7628177588770458901?commentId=7629308986744406804,scraping_tiktok,syaa_nlaa,@_Lea_Jls_ busset
7629308564590625557,2026-04-16T10:53:57.000Z,0,https://www.tiktok.com/@na_nasgor123/video/7628177588770458901,https://www.tiktok.com/@na_nasgor123/video/7628177588770458901?commentId=7629308564590625557,scraping_tiktok,baskara_mrvnn,"lauk sama tahu nya masing"" 3 biji😭"
7629307561866855169,2026-04-16T10:50:05.000Z,0,https://www.tiktok.com/@na_nasgor123/video/7628177588770458901,https://www.tiktok.com/@na_nasgor123/video/7628177588770458901?commentId=7629307561866855169,scraping_tiktok,youareanidiot54,nasi solaria aja 15 ribu😹
7629307341355434769,2026-04-16T10:49:09.000Z,0,https://www.tiktok.com/@na_nasgor123/video/7628177588770458901,https://www.tiktok.com/@na_nasgor123/video/7628177588770458901?commentId=7629307341355434769,scraping_tiktok,my_luvv81,@es teh anget @es teh dingin mesti rasanya geli' gmn gituh
7629306897766499092,2026-04-16T10:47:34.000Z,0,https://www.tiktok.com/@na_nasgor123/video/7628177588770458901,https://www.tiktok.com/@na_nasgor123/video/7628177588770458901?commentId=7629306897766499092,scraping_tiktok,senju_272010,😭😭😭
7629306083483370248,2026-04-16T10:44:14.000Z,0,https://www.tiktok.com/@na_nasgor123/video/7628177588770458901,https://www.tiktok.com/@na_nasgor123/video/7628177588770458901?commentId=7629306083483370248,scraping_tiktok,zakiya_rowrr,[Sticker] buah naga mirip ini😭
7629303896180245249,2026-04-16T10:35:56.000Z,0,https://www.tiktok.com/@na_nasgor123/video/7628177588770458901,https://www.tiktok.com/@na_nasgor123/video/7628177588770458901?commentId=7629303896180245249,scraping_tiktok,fyuujbvcxsstt,sehari 6 juta
7629303505135665940,2026-04-16T10:34:17.000Z,0,https://www.tiktok.com/@na_nasgor123/video/7628177588770458901,https://www.tiktok.com/@na_nasgor123/video/7628177588770458901?commentId=7629303505135665940,scraping_tiktok,walaww_wee,[Sticker] sedih
7629300412877292289,2026-04-16T10:22:18.000Z,0,https://www.tiktok.com/@na_nasgor123/video/7628177588770458901,https://www.tiktok.com/@na_nasgor123/video/7628177588770458901?commentId=7629300412877292289,scraping_tiktok,ipembaikt,geli geli di tenggorokan
7629299506686100241,2026-04-16T10:18:51.000Z,0,https://www.tiktok.com/@na_nasgor123/video/7628177588770458901,https://www.tiktok.com/@na_nasgor123/video/7628177588770458901?commentId=7629299506686100241,scraping_tiktok,esgreentealatte,"Semua itu hanya buat nambal gigi belubang, ga nyampe ke lambung"
7629298150306431751,2026-04-16T10:13:36.000Z,0,https://www.tiktok.com/@na_nasgor123/video/7628177588770458901,https://www.tiktok.com/@na_nasgor123/video/7628177588770458901?commentId=7629298150306431751,scraping_tiktok,_mochiseong,jir😭
7629297486230635280,2026-04-16T10:10:57.000Z,0,https://www.tiktok.com/@na_nasgor123/video/7628177588770458901,https://www.tiktok.com/@na_nasgor123/video/7628177588770458901?commentId=7629297486230635280,scraping_tiktok,ariranaaespu,@naurr @Shandira
7629294032343221010,2026-04-16T09:57:33.000Z,0,https://www.tiktok.com/@na_nasgor123/video/7628177588770458901,https://www.tiktok.com/@na_nasgor123/video/7628177588770458901?commentId=7629294032343221010,scraping_tiktok,ryn___aethelwyn,lauknya yg diet
7629293885156541191,2026-04-16T09:57:00.000Z,0,https://www.tiktok.com/@na_nasgor123/video/7628177588770458901,https://www.tiktok.com/@na_nasgor123/video/7628177588770458901?commentId=7629293885156541191,scraping_tiktok,sandrabantali12,[Sticker] geli gelisan lambung doang inimah
7629291506793677585,2026-04-16T09:48:06.000Z,0,https://www.tiktok.com/@na_nasgor123/video/7628177588770458901,https://www.tiktok.com/@na_nasgor123/video/7628177588770458901?commentId=7629291506793677585,scraping_tiktok,n66sha,@kusukakopi
7629290723243066120,2026-04-16T09:44:44.000Z,0,https://www.tiktok.com/@na_nasgor123/video/7628177588770458901,https://www.tiktok.com/@na_nasgor123/video/7628177588770458901?commentId=7629290723243066120,scraping_tiktok,bitter41,[Sticker] 
7629290544155050760,2026-04-16T09:44:00.000Z,0,https://www.tiktok.com/@na_nasgor123/video/7628177588770458901,https://www.tiktok.com/@na_nasgor123/video/7628177588770458901?commentId=7629290544155050760,scraping_tiktok,viza8461,5 menit kemudian laper lg😌
7629287985242030866,2026-04-16T09:34:02.000Z,0,https://www.tiktok.com/@na_nasgor123/video/7628177588770458901,https://www.tiktok.com/@na_nasgor123/video/7628177588770458901?commentId=7629287985242030866,scraping_tiktok,apaaja67imub,[Sticker] 
7629283942319571719,2026-04-16T09:21:37.000Z,0,https://www.tiktok.com/@na_nasgor123/video/7628177588770458901,https://www.tiktok.com/@na_nasgor123/video/7628177588770458901?commentId=7629283942319571719,scraping_tiktok,segye20,😰😰😰
7629283774673552148,2026-04-16T09:17:49.000Z,0,https://www.tiktok.com/@na_nasgor123/video/7628177588770458901,https://www.tiktok.com/@na_nasgor123/video/7628177588770458901?commentId=7629283774673552148,scraping_tiktok,qjeiko,😋😋
7629283402001711879,2026-04-16T09:16:26.000Z,0,https://www.tiktok.com/@na_nasgor123/video/7628177588770458901,https://www.tiktok.com/@na_nasgor123/video/7628177588770458901?commentId=7629283402001711879,scraping_tiktok,_chacangcut,@akuzashaa
7629281063483130632,2026-04-16T09:07:14.000Z,0,https://www.tiktok.com/@na_nasgor123/video/7628177588770458901,https://www.tiktok.com/@na_nasgor123/video/7628177588770458901?commentId=7629281063483130632,scraping_tiktok,tiaralop3._,versi semangka itu kak💜
7629280556563825426,2026-04-16T09:05:13.000Z,0,https://www.tiktok.com/@na_nasgor123/video/7628177588770458901,https://www.tiktok.com/@na_nasgor123/video/7628177588770458901?commentId=7629280556563825426,scraping_tiktok,cewekbumi_21,kalau ini gimna
7629278197087781639,2026-04-16T08:56:06.000Z,0,https://www.tiktok.com/@na_nasgor123/video/7628177588770458901,https://www.tiktok.com/@na_nasgor123/video/7628177588770458901?commentId=7629278197087781639,scraping_tiktok,saneatandleftn0crumbs,mbg sekola ku
7629276560738714376,2026-04-16T08:49:43.000Z,0,https://www.tiktok.com/@na_nasgor123/video/7628177588770458901,https://www.tiktok.com/@na_nasgor123/video/7628177588770458901?commentId=7629276560738714376,scraping_tiktok,ianananana_0,mbg lagi irit
7629275051095573264,2026-04-16T08:43:55.000Z,0,https://www.tiktok.com/@na_nasgor123/video/7628177588770458901,https://www.tiktok.com/@na_nasgor123/video/7628177588770458901?commentId=7629275051095573264,scraping_tiktok,.notrw,[Sticker] kurang om
7629273236567491336,2026-04-16T08:36:49.000Z,0,https://www.tiktok.com/@na_nasgor123/video/7628177588770458901,https://www.tiktok.com/@na_nasgor123/video/7628177588770458901?commentId=7629273236567491336,scraping_tiktok,kniaaa.imupp00,pelit amat🗿
7629268495138669330,2026-04-16T08:18:29.000Z,0,https://www.tiktok.com/@na_nasgor123/video/7628177588770458901,https://www.tiktok.com/@na_nasgor123/video/7628177588770458901?commentId=7629268495138669330,scraping_tiktok,saya.cimentek,[Foto]
7629266795719164692,2026-04-16T08:11:52.000Z,0,https://www.tiktok.com/@na_nasgor123/video/7628177588770458901,https://www.tiktok.com/@na_nasgor123/video/7628177588770458901?commentId=7629266795719164692,scraping_tiktok,nizz44r,laporin sppgnya
7629264367905964821,2026-04-16T08:02:35.000Z,0,https://www.tiktok.com/@na_nasgor123/video/7628177588770458901,https://www.tiktok.com/@na_nasgor123/video/7628177588770458901?commentId=7629264367905964821,scraping_tiktok,tannattannn,kenyangn't
7629263420764619540,2026-04-16T07:58:52.000Z,0,https://www.tiktok.com/@na_nasgor123/video/7628177588770458901,https://www.tiktok.com/@na_nasgor123/video/7628177588770458901?commentId=7629263420764619540,scraping_tiktok,artova64,kalo di sekolah ku banyak kok ini dikit
7629262305222034183,2026-04-16T07:54:25.000Z,0,https://www.tiktok.com/@na_nasgor123/video/7628177588770458901,https://www.tiktok.com/@na_nasgor123/video/7628177588770458901?commentId=7629262305222034183,scraping_tiktok,abcd3fihg,[Sticker] 
7629262157721764626,2026-04-16T07:53:52.000Z,0,https://www.tiktok.com/@na_nasgor123/video/7628177588770458901,https://www.tiktok.com/@na_nasgor123/video/7628177588770458901?commentId=7629262157721764626,scraping_tiktok,.x76793,#pelit💜
7629261858789425928,2026-04-16T07:52:44.000Z,0,https://www.tiktok.com/@na_nasgor123/video/7628177588770458901,https://www.tiktok.com/@na_nasgor123/video/7628177588770458901?commentId=7629261858789425928,scraping_tiktok,pyyooouu,@dudung
7629260797483631381,2026-04-16T07:48:42.000Z,0,https://www.tiktok.com/@na_nasgor123/video/7628177588770458901,https://www.tiktok.com/@na_nasgor123/video/7628177588770458901?commentId=7629260797483631381,scraping_tiktok,_mbales_,"yaloh,,yaloh,,yaloh,,yalooohhh,,,,,,"
7629260141897499399,2026-04-16T07:46:13.000Z,0,https://www.tiktok.com/@na_nasgor123/video/7628177588770458901,https://www.tiktok.com/@na_nasgor123/video/7628177588770458901?commentId=7629260141897499399,scraping_tiktok,zoeyycallestiaa,@🐈‍⬛ 😭
7629257714522899207,2026-04-16T07:36:35.000Z,0,https://www.tiktok.com/@na_nasgor123/video/7628177588770458901,https://www.tiktok.com/@na_nasgor123/video/7628177588770458901?commentId=7629257714522899207,scraping_tiktok,4kira_06,cuma geli geli doang itu😭
7629257232518333204,2026-04-16T07:34:56.000Z,0,https://www.tiktok.com/@na_nasgor123/video/7628177588770458901,https://www.tiktok.com/@na_nasgor123/video/7628177588770458901?commentId=7629257232518333204,scraping_tiktok,mandayooy,@telur_gulung 😭
7629256988576580360,2026-04-16T07:33:45.000Z,0,https://www.tiktok.com/@na_nasgor123/video/7628177588770458901,https://www.tiktok.com/@na_nasgor123/video/7628177588770458901?commentId=7629256988576580360,scraping_tiktok,nduttt0825,gokil
7629256614604243732,2026-04-16T07:32:23.000Z,0,https://www.tiktok.com/@na_nasgor123/video/7628177588770458901,https://www.tiktok.com/@na_nasgor123/video/7628177588770458901?commentId=7629256614604243732,scraping_tiktok,_yaayaa11,@putri @أودري @🦩
7629256356746904328,2026-04-16T07:31:22.000Z,0,https://www.tiktok.com/@na_nasgor123/video/7628177588770458901,https://www.tiktok.com/@na_nasgor123/video/7628177588770458901?commentId=7629256356746904328,scraping_tiktok,callmeezaaaa1,@ayyy 😭
7629255235618439957,2026-04-16T07:27:09.000Z,0,https://www.tiktok.com/@na_nasgor123/video/7628177588770458901,https://www.tiktok.com/@na_nasgor123/video/7628177588770458901?commentId=7629255235618439957,scraping_tiktok,kucingneko25,geli gelian lambung itu mah
7629254609056498452,2026-04-16T07:24:39.000Z,0,https://www.tiktok.com/@na_nasgor123/video/7628177588770458901,https://www.tiktok.com/@na_nasgor123/video/7628177588770458901?commentId=7629254609056498452,scraping_tiktok,mayraayyaa_,@rayxxs_hja
7629249669243192072,2026-04-16T07:05:19.000Z,0,https://www.tiktok.com/@na_nasgor123/video/7628177588770458901,https://www.tiktok.com/@na_nasgor123/video/7628177588770458901?commentId=7629249669243192072,scraping_tiktok,qonita_ay,mbg gw basi jr😳😭
7629246593804550928,2026-04-16T06:53:37.000Z,0,https://www.tiktok.com/@na_nasgor123/video/7628177588770458901,https://www.tiktok.com/@na_nasgor123/video/7628177588770458901?commentId=7629246593804550928,scraping_tiktok,ayamricheese1ekor,tuh buah naga dikit lagi bisa jadi anime
7628785022930486017,2026-04-15T01:02:37.000Z,0,https://www.tiktok.com/@na_nasgor123/video/7628177588770458901,https://www.tiktok.com/@na_nasgor123/video/7628177588770458901?commentId=7628785022930486017,scraping_tiktok,pretttttttttttttttttt4,Tipis bngt buah naganya😭
7628784892327297810,2026-04-15T01:01:55.000Z,0,https://www.tiktok.com/@na_nasgor123/video/7628177588770458901,https://www.tiktok.com/@na_nasgor123/video/7628177588770458901?commentId=7628784892327297810,scraping_tiktok,nhy170502,pasti menunya habis dibungkuss bawa pulang😂
7628768402089313025,2026-04-14T23:57:53.000Z,0,https://www.tiktok.com/@na_nasgor123/video/7628177588770458901,https://www.tiktok.com/@na_nasgor123/video/7628177588770458901?commentId=7628768402089313025,scraping_tiktok,nvolivvia,ini mah cuma buat glitikan lambung
7628754947418587924,2026-04-14T23:05:59.000Z,0,https://www.tiktok.com/@na_nasgor123/video/7628177588770458901,https://www.tiktok.com/@na_nasgor123/video/7628177588770458901?commentId=7628754947418587924,scraping_tiktok,gendhis9659,"mbg ku ayam Mulu cuy, lama lama gwe jdi ayam nih🗿"
7628720904906408711,2026-04-14T20:53:41.000Z,0,https://www.tiktok.com/@na_nasgor123/video/7628177588770458901,https://www.tiktok.com/@na_nasgor123/video/7628177588770458901?commentId=7628720904906408711,scraping_tiktok,cwae51,lambung: kek ada yg lewat
7628718768337191687,2026-04-14T20:45:27.000Z,0,https://www.tiktok.com/@na_nasgor123/video/7628177588770458901,https://www.tiktok.com/@na_nasgor123/video/7628177588770458901?commentId=7628718768337191687,scraping_tiktok,adeslaela,nasinya kaya sesendok🤣
7628716819599164168,2026-04-14T20:37:38.000Z,0,https://www.tiktok.com/@na_nasgor123/video/7628177588770458901,https://www.tiktok.com/@na_nasgor123/video/7628177588770458901?commentId=7628716819599164168,scraping_tiktok,ryna.o3,[Sticker] 
7628711947986961173,2026-04-14T20:18:55.000Z,0,https://www.tiktok.com/@na_nasgor123/video/7628177588770458901,https://www.tiktok.com/@na_nasgor123/video/7628177588770458901?commentId=7628711947986961173,scraping_tiktok,zurayyah22,nama sppg nya pliss sebutin kak
7628707042446820117,2026-04-14T19:59:53.000Z,0,https://www.tiktok.com/@na_nasgor123/video/7628177588770458901,https://www.tiktok.com/@na_nasgor123/video/7628177588770458901?commentId=7628707042446820117,scraping_tiktok,sei7053,buat geli geli lambung
7628696418450965255,2026-04-14T19:18:32.000Z,0,https://www.tiktok.com/@na_nasgor123/video/7628177588770458901,https://www.tiktok.com/@na_nasgor123/video/7628177588770458901?commentId=7628696418450965255,scraping_tiktok,vznzen,waduhh
7628692733943120660,2026-04-14T19:04:14.000Z,0,https://www.tiktok.com/@na_nasgor123/video/7628177588770458901,https://www.tiktok.com/@na_nasgor123/video/7628177588770458901?commentId=7628692733943120660,scraping_tiktok,_priellv,itu 5k an ga si modalnya
7628684614479807240,2026-04-14T18:32:45.000Z,0,https://www.tiktok.com/@na_nasgor123/video/7628177588770458901,https://www.tiktok.com/@na_nasgor123/video/7628177588770458901?commentId=7628684614479807240,scraping_tiktok,gudeetamago,defisit kalori juga minder ini kalo diktung kalorinya 😭
7628683382247162642,2026-04-14T18:27:54.000Z,0,https://www.tiktok.com/@na_nasgor123/video/7628177588770458901,https://www.tiktok.com/@na_nasgor123/video/7628177588770458901?commentId=7628683382247162642,scraping_tiktok,dempuollmania,trus proteinnya tertulis 999
7628681041850663681,2026-04-14T18:18:47.000Z,0,https://www.tiktok.com/@na_nasgor123/video/7628177588770458901,https://www.tiktok.com/@na_nasgor123/video/7628177588770458901?commentId=7628681041850663681,scraping_tiktok,iky227_,"dikasih dikit diviralin,dikasih lebih dikit ga habis"
7628680646828131093,2026-04-14T18:20:21.000Z,0,https://www.tiktok.com/@na_nasgor123/video/7628177588770458901,https://www.tiktok.com/@na_nasgor123/video/7628177588770458901?commentId=7628680646828131093,scraping_tiktok,bubuudlz,MBG = Makanan Bikin Gering💜
7628680382149460743,2026-04-14T18:16:11.000Z,0,https://www.tiktok.com/@na_nasgor123/video/7628177588770458901,https://www.tiktok.com/@na_nasgor123/video/7628177588770458901?commentId=7628680382149460743,scraping_tiktok,iwakbuntal7,tidak fantasssh
7628679042259403540,2026-04-14T18:11:11.000Z,0,https://www.tiktok.com/@na_nasgor123/video/7628177588770458901,https://www.tiktok.com/@na_nasgor123/video/7628177588770458901?commentId=7628679042259403540,scraping_tiktok,hekaken,Jagung kan murah 😭😭 yakali diiris segitu 😭
7628675646813651733,2026-04-14T17:57:51.000Z,0,https://www.tiktok.com/@na_nasgor123/video/7628177588770458901,https://www.tiktok.com/@na_nasgor123/video/7628177588770458901?commentId=7628675646813651733,scraping_tiktok,muonimoon,yang pink kipas ya kak
7628675015366460178,2026-04-14T17:55:26.000Z,0,https://www.tiktok.com/@na_nasgor123/video/7628177588770458901,https://www.tiktok.com/@na_nasgor123/video/7628177588770458901?commentId=7628675015366460178,scraping_tiktok,tikagts,"hari pertama Mayan
hari ke dua dpt telor ceplok hambar 🫰😚"
7628672602383565576,2026-04-14T17:46:08.000Z,0,https://www.tiktok.com/@na_nasgor123/video/7628177588770458901,https://www.tiktok.com/@na_nasgor123/video/7628177588770458901?commentId=7628672602383565576,scraping_tiktok,scpidump,pdhl buah naga tu murah setipis itu wkwk
7628671319651910416,2026-04-14T17:41:18.000Z,0,https://www.tiktok.com/@na_nasgor123/video/7628177588770458901,https://www.tiktok.com/@na_nasgor123/video/7628177588770458901?commentId=7628671319651910416,scraping_tiktok,muhammad_rid___,ente yakin itu buah naga🗿
7628665550236959508,2026-04-14T17:18:44.000Z,0,https://www.tiktok.com/@na_nasgor123/video/7628177588770458901,https://www.tiktok.com/@na_nasgor123/video/7628177588770458901?commentId=7628665550236959508,scraping_tiktok,nuraini020214,itu buah naga apa penggaris 180° 😭
7628664804722901776,2026-04-14T17:15:47.000Z,0,https://www.tiktok.com/@na_nasgor123/video/7628177588770458901,https://www.tiktok.com/@na_nasgor123/video/7628177588770458901?commentId=7628664804722901776,scraping_tiktok,_minjuv,@hitfz
7628661764058858247,2026-04-14T17:04:00.000Z,0,https://www.tiktok.com/@na_nasgor123/video/7628177588770458901,https://www.tiktok.com/@na_nasgor123/video/7628177588770458901?commentId=7628661764058858247,scraping_tiktok,fat_hin624_,lebih baik gini sih nasi ditempat gua bau kaporit anjir 🥰
7628660100546904850,2026-04-14T16:57:30.000Z,0,https://www.tiktok.com/@na_nasgor123/video/7628177588770458901,https://www.tiktok.com/@na_nasgor123/video/7628177588770458901?commentId=7628660100546904850,scraping_tiktok,maruwife29,miris bgt liat buah sm nasi nya😭
7628658472611201810,2026-04-14T16:51:09.000Z,0,https://www.tiktok.com/@na_nasgor123/video/7628177588770458901,https://www.tiktok.com/@na_nasgor123/video/7628177588770458901?commentId=7628658472611201810,scraping_tiktok,alrmsea,TIPIS BNER KEK KESABARAN GUE
7628658003876905748,2026-04-14T16:49:22.000Z,0,https://www.tiktok.com/@na_nasgor123/video/7628177588770458901,https://www.tiktok.com/@na_nasgor123/video/7628177588770458901?commentId=7628658003876905748,scraping_tiktok,ncacacuu,kasian banget ngeliat buah naganya 😭
7628657613521814292,2026-04-14T16:47:55.000Z,0,https://www.tiktok.com/@na_nasgor123/video/7628177588770458901,https://www.tiktok.com/@na_nasgor123/video/7628177588770458901?commentId=7628657613521814292,scraping_tiktok,delunafy,suka banget buat gue yng makan dikit kalau siank
7629327220687880976,2026-04-16T12:06:33.000Z,0,https://www.tiktok.com/@na_nasgor123/video/7628177588770458901,https://www.tiktok.com/@na_nasgor123/video/7628177588770458901?commentId=7629327220687880976,scraping_tiktok,skyy_ubanan,klo porsinya segitu mungkin aku dh abis 5🗿
7629326676144522005,2026-04-16T12:05:57.000Z,0,https://www.tiktok.com/@na_nasgor123/video/7628177588770458901,https://www.tiktok.com/@na_nasgor123/video/7628177588770458901?commentId=7629326676144522005,scraping_tiktok,fboyplli17,buah naganya kena tipes ya😭😭
7629326651419755271,2026-04-16T12:04:06.000Z,0,https://www.tiktok.com/@na_nasgor123/video/7628177588770458901,https://www.tiktok.com/@na_nasgor123/video/7628177588770458901?commentId=7629326651419755271,scraping_tiktok,farel_suka_merodok,nasi mbg baru jga 2 suap udah habis aja
7629326224984736532,2026-04-16T12:02:31.000Z,0,https://www.tiktok.com/@na_nasgor123/video/7628177588770458901,https://www.tiktok.com/@na_nasgor123/video/7628177588770458901?commentId=7629326224984736532,scraping_tiktok,melvmlbb,😭😭😭
7629324923719090965,2026-04-16T11:57:29.000Z,0,https://www.tiktok.com/@na_nasgor123/video/7628177588770458901,https://www.tiktok.com/@na_nasgor123/video/7628177588770458901?commentId=7629324923719090965,scraping_tiktok,pretty_grill892,seitill😭
7628655394420704008,2026-04-14T16:39:17.000Z,0,https://www.tiktok.com/@na_nasgor123/video/7628177588770458901,https://www.tiktok.com/@na_nasgor123/video/7628177588770458901?commentId=7628655394420704008,scraping_tiktok,zzzazaaaazaa,[Sticker] 
7628653470224450324,2026-04-14T16:31:48.000Z,0,https://www.tiktok.com/@na_nasgor123/video/7628177588770458901,https://www.tiktok.com/@na_nasgor123/video/7628177588770458901?commentId=7628653470224450324,scraping_tiktok,yhuu.00,"geli"" doang di lambung😹"
7628651057840816914,2026-04-14T16:22:25.000Z,0,https://www.tiktok.com/@na_nasgor123/video/7628177588770458901,https://www.tiktok.com/@na_nasgor123/video/7628177588770458901?commentId=7628651057840816914,scraping_tiktok,matchacihpane,gue diet mkn mbg aj😭😭😭😭
7628649170509202196,2026-04-14T16:15:07.000Z,0,https://www.tiktok.com/@na_nasgor123/video/7628177588770458901,https://www.tiktok.com/@na_nasgor123/video/7628177588770458901?commentId=7628649170509202196,scraping_tiktok,flippybahas0,[Sticker] gw yang cuma makan kulit ayam ama buahnya belike:
7628646811146011393,2026-04-14T16:05:56.000Z,0,https://www.tiktok.com/@na_nasgor123/video/7628177588770458901,https://www.tiktok.com/@na_nasgor123/video/7628177588770458901?commentId=7628646811146011393,scraping_tiktok,devillaaa67,[Sticker] awww
7628645962822927122,2026-04-14T16:04:38.000Z,0,https://www.tiktok.com/@na_nasgor123/video/7628177588770458901,https://www.tiktok.com/@na_nasgor123/video/7628177588770458901?commentId=7628645962822927122,scraping_tiktok,lottusacei,@nnayl porsi enay
7628642446117159701,2026-04-14T15:49:01.000Z,0,https://www.tiktok.com/@na_nasgor123/video/7628177588770458901,https://www.tiktok.com/@na_nasgor123/video/7628177588770458901?commentId=7628642446117159701,scraping_tiktok,manda_ryu6,oke la
7628642301572973330,2026-04-14T15:48:26.000Z,0,https://www.tiktok.com/@na_nasgor123/video/7628177588770458901,https://www.tiktok.com/@na_nasgor123/video/7628177588770458901?commentId=7628642301572973330,scraping_tiktok,wen_5261,@404notyours diet ekstrem 😭😭
7628641671581074183,2026-04-14T15:46:02.000Z,0,https://www.tiktok.com/@na_nasgor123/video/7628177588770458901,https://www.tiktok.com/@na_nasgor123/video/7628177588770458901?commentId=7628641671581074183,scraping_tiktok,yqb__1,[Sticker] 
7628641204774847239,2026-04-14T15:44:08.000Z,0,https://www.tiktok.com/@na_nasgor123/video/7628177588770458901,https://www.tiktok.com/@na_nasgor123/video/7628177588770458901?commentId=7628641204774847239,scraping_tiktok,apocalypseyaya,gmn kalo ini ka😇
7628639644561785621,2026-04-14T15:38:14.000Z,0,https://www.tiktok.com/@na_nasgor123/video/7628177588770458901,https://www.tiktok.com/@na_nasgor123/video/7628177588770458901?commentId=7628639644561785621,scraping_tiktok,_dealestari_,diet kh
7628638195290293010,2026-04-14T15:32:27.000Z,0,https://www.tiktok.com/@na_nasgor123/video/7628177588770458901,https://www.tiktok.com/@na_nasgor123/video/7628177588770458901?commentId=7628638195290293010,scraping_tiktok,iyaaaglee,itu buah naga kurus banget
7628636493858423568,2026-04-14T15:25:51.000Z,0,https://www.tiktok.com/@na_nasgor123/video/7628177588770458901,https://www.tiktok.com/@na_nasgor123/video/7628177588770458901?commentId=7628636493858423568,scraping_tiktok,sekaruempu,"ini mah udah di makan,palingan ini omprenh yang ke 5💜💜💜"
7628636401004757761,2026-04-14T15:25:36.000Z,0,https://www.tiktok.com/@na_nasgor123/video/7628177588770458901,https://www.tiktok.com/@na_nasgor123/video/7628177588770458901?commentId=7628636401004757761,scraping_tiktok,l44nie,SIAL PELIT BANGET
7628636258310308629,2026-04-14T15:24:58.000Z,0,https://www.tiktok.com/@na_nasgor123/video/7628177588770458901,https://www.tiktok.com/@na_nasgor123/video/7628177588770458901?commentId=7628636258310308629,scraping_tiktok,fleuescentfoul,[Sticker] 
7628635887811248916,2026-04-14T15:23:35.000Z,0,https://www.tiktok.com/@na_nasgor123/video/7628177588770458901,https://www.tiktok.com/@na_nasgor123/video/7628177588770458901?commentId=7628635887811248916,scraping_tiktok,ddwiagustinaaulia,[Sticker] 
7628635648681722640,2026-04-14T15:22:38.000Z,0,https://www.tiktok.com/@na_nasgor123/video/7628177588770458901,https://www.tiktok.com/@na_nasgor123/video/7628177588770458901?commentId=7628635648681722640,scraping_tiktok,putrikarisma249,[Sticker] 
7628635379031933714,2026-04-14T15:21:42.000Z,0,https://www.tiktok.com/@na_nasgor123/video/7628177588770458901,https://www.tiktok.com/@na_nasgor123/video/7628177588770458901?commentId=7628635379031933714,scraping_tiktok,artaazone,kebangetan anjirr
7628634544597582613,2026-04-14T15:18:20.000Z,0,https://www.tiktok.com/@na_nasgor123/video/7628177588770458901,https://www.tiktok.com/@na_nasgor123/video/7628177588770458901?commentId=7628634544597582613,scraping_tiktok,blueaddicted02,iki opo to😭😭
7628634231809213191,2026-04-14T15:17:08.000Z,0,https://www.tiktok.com/@na_nasgor123/video/7628177588770458901,https://www.tiktok.com/@na_nasgor123/video/7628177588770458901?commentId=7628634231809213191,scraping_tiktok,ichha.suka.elsafrozen,geli geli lambung
7628634040858690325,2026-04-14T15:16:30.000Z,0,https://www.tiktok.com/@na_nasgor123/video/7628177588770458901,https://www.tiktok.com/@na_nasgor123/video/7628177588770458901?commentId=7628634040858690325,scraping_tiktok,eskrimstroberilucu,"geli"" doang di perut😭😭😭"
7628633508978918151,2026-04-14T15:14:20.000Z,0,https://www.tiktok.com/@na_nasgor123/video/7628177588770458901,https://www.tiktok.com/@na_nasgor123/video/7628177588770458901?commentId=7628633508978918151,scraping_tiktok,sw0oftdaisy,[Sticker] 
7628633422239646484,2026-04-14T15:14:00.000Z,0,https://www.tiktok.com/@na_nasgor123/video/7628177588770458901,https://www.tiktok.com/@na_nasgor123/video/7628177588770458901?commentId=7628633422239646484,scraping_tiktok,aynkn_,@flice_ @✩
7628633015443112705,2026-04-14T15:12:32.000Z,0,https://www.tiktok.com/@na_nasgor123/video/7628177588770458901,https://www.tiktok.com/@na_nasgor123/video/7628177588770458901?commentId=7628633015443112705,scraping_tiktok,wsnroom_,"jujur gw bumil yang gak bisa makan banyak. Tapi bukannya gak bersyukur ya,tiap makan MBG bumil kek SE imut itu porsinya kenyang enggak tapi cuma kek nyangkut di gigi"
7628632384624378632,2026-04-14T15:10:04.000Z,0,https://www.tiktok.com/@na_nasgor123/video/7628177588770458901,https://www.tiktok.com/@na_nasgor123/video/7628177588770458901?commentId=7628632384624378632,scraping_tiktok,cmy_04,buah naga nya setipis ituu??😭
7628632319582618375,2026-04-14T15:09:43.000Z,0,https://www.tiktok.com/@na_nasgor123/video/7628177588770458901,https://www.tiktok.com/@na_nasgor123/video/7628177588770458901?commentId=7628632319582618375,scraping_tiktok,ffaarzana,mbg kecil kecilan💜✨
7628632233142977287,2026-04-14T15:09:23.000Z,0,https://www.tiktok.com/@na_nasgor123/video/7628177588770458901,https://www.tiktok.com/@na_nasgor123/video/7628177588770458901?commentId=7628632233142977287,scraping_tiktok,khifdhi_chann2,Diet sih engga tapi PELIT 😭
7628631885892420370,2026-04-14T15:08:07.000Z,0,https://www.tiktok.com/@na_nasgor123/video/7628177588770458901,https://www.tiktok.com/@na_nasgor123/video/7628177588770458901?commentId=7628631885892420370,scraping_tiktok,yudzxxx87,langsing banget buah Napanyaa
7628631481637045012,2026-04-14T15:06:34.000Z,0,https://www.tiktok.com/@na_nasgor123/video/7628177588770458901,https://www.tiktok.com/@na_nasgor123/video/7628177588770458901?commentId=7628631481637045012,scraping_tiktok,ezz.kiyaa,mirip aku cungkring😭🙏
7628631293941711634,2026-04-14T15:05:45.000Z,0,https://www.tiktok.com/@na_nasgor123/video/7628177588770458901,https://www.tiktok.com/@na_nasgor123/video/7628177588770458901?commentId=7628631293941711634,scraping_tiktok,kurokuronuma,@Shuaaᯓ★ @+°|¹⁰⁰⁹
7628631001190794000,2026-04-14T15:04:33.000Z,0,https://www.tiktok.com/@na_nasgor123/video/7628177588770458901,https://www.tiktok.com/@na_nasgor123/video/7628177588770458901?commentId=7628631001190794000,scraping_tiktok,pecelgorengsayur,buset ini metik dirumah gue aja buahnya😭
7628630322465440532,2026-04-14T15:02:02.000Z,0,https://www.tiktok.com/@na_nasgor123/video/7628177588770458901,https://www.tiktok.com/@na_nasgor123/video/7628177588770458901?commentId=7628630322465440532,scraping_tiktok,minbaraaa,mbg ternyata bisa diet smpe kurus gtu ya
7628629879596286736,2026-04-14T15:00:14.000Z,0,https://www.tiktok.com/@na_nasgor123/video/7628177588770458901,https://www.tiktok.com/@na_nasgor123/video/7628177588770458901?commentId=7628629879596286736,scraping_tiktok,azkadiin_,diet iffffffffff
7628629702878364433,2026-04-14T14:59:35.000Z,0,https://www.tiktok.com/@na_nasgor123/video/7628177588770458901,https://www.tiktok.com/@na_nasgor123/video/7628177588770458901?commentId=7628629702878364433,scraping_tiktok,syahlakirana12,"masih enakan makan siang ku pas PKL (dapet dari kantornya), kebetulan di bagian aku prasmanan😭"
7628629553565811463,2026-04-14T14:58:58.000Z,0,https://www.tiktok.com/@na_nasgor123/video/7628177588770458901,https://www.tiktok.com/@na_nasgor123/video/7628177588770458901?commentId=7628629553565811463,scraping_tiktok,yayat90325,mbg ngakeleketek lambung hungkul ieu mah
7628629520727999252,2026-04-14T14:58:53.000Z,0,https://www.tiktok.com/@na_nasgor123/video/7628177588770458901,https://www.tiktok.com/@na_nasgor123/video/7628177588770458901?commentId=7628629520727999252,scraping_tiktok,rixenew,1 buah naga di bagi jadi 1 kls 😭
7628629371598816020,2026-04-14T14:58:15.000Z,0,https://www.tiktok.com/@na_nasgor123/video/7628177588770458901,https://www.tiktok.com/@na_nasgor123/video/7628177588770458901?commentId=7628629371598816020,scraping_tiktok,irvxnkr,"Buah naga padahal murah loh disini dua biji 5rb, kebangetan anjir."
7628629193341584146,2026-04-14T14:57:35.000Z,0,https://www.tiktok.com/@na_nasgor123/video/7628177588770458901,https://www.tiktok.com/@na_nasgor123/video/7628177588770458901?commentId=7628629193341584146,scraping_tiktok,ohmnanon1424,@anime🥺🤲 @Cherry
7628629083022705425,2026-04-14T14:57:08.000Z,0,https://www.tiktok.com/@na_nasgor123/video/7628177588770458901,https://www.tiktok.com/@na_nasgor123/video/7628177588770458901?commentId=7628629083022705425,scraping_tiktok,lolypow_,@Mama selin shop
7628628731926020885,2026-04-14T14:55:51.000Z,0,https://www.tiktok.com/@na_nasgor123/video/7628177588770458901,https://www.tiktok.com/@na_nasgor123/video/7628177588770458901?commentId=7628628731926020885,scraping_tiktok,skrmelll,stopp ih komen nya ga kuat😭😭
7628628712431469320,2026-04-14T14:55:44.000Z,0,https://www.tiktok.com/@na_nasgor123/video/7628177588770458901,https://www.tiktok.com/@na_nasgor123/video/7628177588770458901?commentId=7628628712431469320,scraping_tiktok,liew696869,masih layakan makanan rumah sakit 😭🙏
7628628696068899602,2026-04-14T14:55:36.000Z,0,https://www.tiktok.com/@na_nasgor123/video/7628177588770458901,https://www.tiktok.com/@na_nasgor123/video/7628177588770458901?commentId=7628628696068899602,scraping_tiktok,mahveenc,@flx🤖
7628627882718135047,2026-04-14T14:52:28.000Z,0,https://www.tiktok.com/@na_nasgor123/video/7628177588770458901,https://www.tiktok.com/@na_nasgor123/video/7628177588770458901?commentId=7628627882718135047,scraping_tiktok,jhjnts,"cooo wkwkwk, pelit bgt seitil"
7628627527598932743,2026-04-14T14:51:06.000Z,0,https://www.tiktok.com/@na_nasgor123/video/7628177588770458901,https://www.tiktok.com/@na_nasgor123/video/7628177588770458901?commentId=7628627527598932743,scraping_tiktok,ekassaputra_,nyangkut di tenggorokan aja engga😭
7628627526584058642,2026-04-14T14:51:08.000Z,0,https://www.tiktok.com/@na_nasgor123/video/7628177588770458901,https://www.tiktok.com/@na_nasgor123/video/7628177588770458901?commentId=7628627526584058642,scraping_tiktok,japanes.side,roh naga
7628627437093733138,2026-04-14T14:50:44.000Z,0,https://www.tiktok.com/@na_nasgor123/video/7628177588770458901,https://www.tiktok.com/@na_nasgor123/video/7628177588770458901?commentId=7628627437093733138,scraping_tiktok,tiaraayaya7,@kieuszr cocok nih
7628627334740345607,2026-04-14T14:50:18.000Z,0,https://www.tiktok.com/@na_nasgor123/video/7628177588770458901,https://www.tiktok.com/@na_nasgor123/video/7628177588770458901?commentId=7628627334740345607,scraping_tiktok,lili_nyx,[Sticker] 
7628627124685243156,2026-04-14T14:49:33.000Z,0,https://www.tiktok.com/@na_nasgor123/video/7628177588770458901,https://www.tiktok.com/@na_nasgor123/video/7628177588770458901?commentId=7628627124685243156,scraping_tiktok,ig._nazwa.aulia,Geli geli di lambung
7628626931847889684,2026-04-14T14:48:51.000Z,0,https://www.tiktok.com/@na_nasgor123/video/7628177588770458901,https://www.tiktok.com/@na_nasgor123/video/7628177588770458901?commentId=7628626931847889684,scraping_tiktok,lyn_s030,ang ang buah naga kerempeng
7628626449670603527,2026-04-14T14:46:54.000Z,0,https://www.tiktok.com/@na_nasgor123/video/7628177588770458901,https://www.tiktok.com/@na_nasgor123/video/7628177588770458901?commentId=7628626449670603527,scraping_tiktok,bennu_loser,@lyy :D cocok che
7628626406558434068,2026-04-14T14:46:49.000Z,0,https://www.tiktok.com/@na_nasgor123/video/7628177588770458901,https://www.tiktok.com/@na_nasgor123/video/7628177588770458901?commentId=7628626406558434068,scraping_tiktok,zyioo_na,itu buah apa tali dah tipis bet
7628626278308135687,2026-04-14T14:46:16.000Z,0,https://www.tiktok.com/@na_nasgor123/video/7628177588770458901,https://www.tiktok.com/@na_nasgor123/video/7628177588770458901?commentId=7628626278308135687,scraping_tiktok,ppil0ou.ssysy,
7628625326726234901,2026-04-14T14:42:38.000Z,0,https://www.tiktok.com/@na_nasgor123/video/7628177588770458901,https://www.tiktok.com/@na_nasgor123/video/7628177588770458901?commentId=7628625326726234901,scraping_tiktok,fiiii2512,itu buah naga nya cuma setumpuk kertas 10 lembar 🗿😭
7629254444367397653,2026-04-16T07:24:02.000Z,0,https://www.tiktok.com/@na_nasgor123/video/7628177588770458901,https://www.tiktok.com/@na_nasgor123/video/7628177588770458901?commentId=7629254444367397653,scraping_tiktok,its_4deevaa,#mbgceking💜
7628625044202521364,2026-04-14T14:41:35.000Z,0,https://www.tiktok.com/@na_nasgor123/video/7628177588770458901,https://www.tiktok.com/@na_nasgor123/video/7628177588770458901?commentId=7628625044202521364,scraping_tiktok,jyoongiee,mau ketawain tapi tadi dapet gini jg bedanya agak banyakan isinya
7628624933594186514,2026-04-14T14:41:06.000Z,0,https://www.tiktok.com/@na_nasgor123/video/7628177588770458901,https://www.tiktok.com/@na_nasgor123/video/7628177588770458901?commentId=7628624933594186514,scraping_tiktok,maamoy26,buahnagaceking💜
7628624698524205831,2026-04-14T14:40:06.000Z,0,https://www.tiktok.com/@na_nasgor123/video/7628177588770458901,https://www.tiktok.com/@na_nasgor123/video/7628177588770458901?commentId=7628624698524205831,scraping_tiktok,cellagro,memsng tydak fantaaaashhhht
7628624596566328065,2026-04-14T14:39:48.000Z,0,https://www.tiktok.com/@na_nasgor123/video/7628177588770458901,https://www.tiktok.com/@na_nasgor123/video/7628177588770458901?commentId=7628624596566328065,scraping_tiktok,loveett3,[Sticker] 
7628624593850991378,2026-04-14T14:39:44.000Z,0,https://www.tiktok.com/@na_nasgor123/video/7628177588770458901,https://www.tiktok.com/@na_nasgor123/video/7628177588770458901?commentId=7628624593850991378,scraping_tiktok,akmryxzn,"untung mbg disekolah gw aman, menu telur cuma di selasa lgi😹😹"
7628624453249155857,2026-04-14T14:39:09.000Z,0,https://www.tiktok.com/@na_nasgor123/video/7628177588770458901,https://www.tiktok.com/@na_nasgor123/video/7628177588770458901?commentId=7628624453249155857,scraping_tiktok,its_hinako.official,minta jagung nya😭
7628624162072691457,2026-04-14T14:38:07.000Z,0,https://www.tiktok.com/@na_nasgor123/video/7628177588770458901,https://www.tiktok.com/@na_nasgor123/video/7628177588770458901?commentId=7628624162072691457,scraping_tiktok,s4a__1,ala keri keri keri
7628624062525489921,2026-04-14T14:37:47.000Z,0,https://www.tiktok.com/@na_nasgor123/video/7628177588770458901,https://www.tiktok.com/@na_nasgor123/video/7628177588770458901?commentId=7628624062525489921,scraping_tiktok,saadzra,kasian bngt jagungnya gbisa ngobrol
7628624017251517204,2026-04-14T14:37:31.000Z,0,https://www.tiktok.com/@na_nasgor123/video/7628177588770458901,https://www.tiktok.com/@na_nasgor123/video/7628177588770458901?commentId=7628624017251517204,scraping_tiktok,boga.2rb.gak123,itu buah naga apa kertas nulis?
7628623520948339476,2026-04-14T14:35:38.000Z,0,https://www.tiktok.com/@na_nasgor123/video/7628177588770458901,https://www.tiktok.com/@na_nasgor123/video/7628177588770458901?commentId=7628623520948339476,scraping_tiktok,a12_283,udah dimakan itu 🗿
7628623020009603858,2026-04-14T14:33:37.000Z,0,https://www.tiktok.com/@na_nasgor123/video/7628177588770458901,https://www.tiktok.com/@na_nasgor123/video/7628177588770458901?commentId=7628623020009603858,scraping_tiktok,nisazakiaaaa,@dae
7628622840199938836,2026-04-14T14:32:58.000Z,0,https://www.tiktok.com/@na_nasgor123/video/7628177588770458901,https://www.tiktok.com/@na_nasgor123/video/7628177588770458901?commentId=7628622840199938836,scraping_tiktok,bjxczzzz,apa itu tahu goreng dan tahu gule?
7628622581897249544,2026-04-14T14:31:51.000Z,0,https://www.tiktok.com/@na_nasgor123/video/7628177588770458901,https://www.tiktok.com/@na_nasgor123/video/7628177588770458901?commentId=7628622581897249544,scraping_tiktok,pwel0o,lucu bgt pliss😭😭
7628622398334796552,2026-04-14T14:31:13.000Z,0,https://www.tiktok.com/@na_nasgor123/video/7628177588770458901,https://www.tiktok.com/@na_nasgor123/video/7628177588770458901?commentId=7628622398334796552,scraping_tiktok,wirdatulahya4,@vidia 😭😭
7628622196667499271,2026-04-14T14:30:21.000Z,0,https://www.tiktok.com/@na_nasgor123/video/7628177588770458901,https://www.tiktok.com/@na_nasgor123/video/7628177588770458901?commentId=7628622196667499271,scraping_tiktok,bingxcue,@Nansnak NGAKAK BUAH NAGANYA
7628622169119605524,2026-04-14T14:30:22.000Z,0,https://www.tiktok.com/@na_nasgor123/video/7628177588770458901,https://www.tiktok.com/@na_nasgor123/video/7628177588770458901?commentId=7628622169119605524,scraping_tiktok,bubblebiezs_1,nasi nya cuma segituu?😔
7628622128939025172,2026-04-14T14:30:16.000Z,0,https://www.tiktok.com/@na_nasgor123/video/7628177588770458901,https://www.tiktok.com/@na_nasgor123/video/7628177588770458901?commentId=7628622128939025172,scraping_tiktok,safiraanantaputrivalenn,@Nael_ap94
7628622066287346439,2026-04-14T14:29:53.000Z,0,https://www.tiktok.com/@na_nasgor123/video/7628177588770458901,https://www.tiktok.com/@na_nasgor123/video/7628177588770458901?commentId=7628622066287346439,scraping_tiktok,carrrrvromm,mie ayam enak🙏😝
7628621930669851400,2026-04-14T14:29:24.000Z,0,https://www.tiktok.com/@na_nasgor123/video/7628177588770458901,https://www.tiktok.com/@na_nasgor123/video/7628177588770458901?commentId=7628621930669851400,scraping_tiktok,afah3_4,@GailStar🌜 cocok buat lu yg mau jadi gitar Spanyol
7628621589835858706,2026-04-14T14:28:03.000Z,0,https://www.tiktok.com/@na_nasgor123/video/7628177588770458901,https://www.tiktok.com/@na_nasgor123/video/7628177588770458901?commentId=7628621589835858706,scraping_tiktok,vzvzvz_vz,[Sticker] 
7628621471744770817,2026-04-14T14:27:33.000Z,0,https://www.tiktok.com/@na_nasgor123/video/7628177588770458901,https://www.tiktok.com/@na_nasgor123/video/7628177588770458901?commentId=7628621471744770817,scraping_tiktok,xyt_.belccies,@Otaarinne_ @𝙍𝙖𝙯𝙯𝙞𝙚 💫 DELOK EN IKI
7628621251267478279,2026-04-14T14:26:44.000Z,0,https://www.tiktok.com/@na_nasgor123/video/7628177588770458901,https://www.tiktok.com/@na_nasgor123/video/7628177588770458901?commentId=7628621251267478279,scraping_tiktok,rnrmdhnii_,lambung : ala keri keri kerii~~
7628621166277690133,2026-04-14T14:26:25.000Z,0,https://www.tiktok.com/@na_nasgor123/video/7628177588770458901,https://www.tiktok.com/@na_nasgor123/video/7628177588770458901?commentId=7628621166277690133,scraping_tiktok,cicielgumuy,@reyy
7628620997633655560,2026-04-14T14:25:48.000Z,0,https://www.tiktok.com/@na_nasgor123/video/7628177588770458901,https://www.tiktok.com/@na_nasgor123/video/7628177588770458901?commentId=7628620997633655560,scraping_tiktok,rahasiaadalahpokoknya,Buang
7628620513128792853,2026-04-14T14:23:56.000Z,0,https://www.tiktok.com/@na_nasgor123/video/7628177588770458901,https://www.tiktok.com/@na_nasgor123/video/7628177588770458901?commentId=7628620513128792853,scraping_tiktok,moon.try0,"ga kenyang jujur, ngeganjel aja kayaknya enggak😔"
7628620465866801941,2026-04-14T14:23:43.000Z,0,https://www.tiktok.com/@na_nasgor123/video/7628177588770458901,https://www.tiktok.com/@na_nasgor123/video/7628177588770458901?commentId=7628620465866801941,scraping_tiktok,wul_tsuyoi,mbg begini masuk kelasku omprengnya ga balik😭
7628620177025942292,2026-04-14T14:22:34.000Z,0,https://www.tiktok.com/@na_nasgor123/video/7628177588770458901,https://www.tiktok.com/@na_nasgor123/video/7628177588770458901?commentId=7628620177025942292,scraping_tiktok,xxly_8,kucingku pun ga sudi liat
7628620098542093064,2026-04-14T14:22:13.000Z,0,https://www.tiktok.com/@na_nasgor123/video/7628177588770458901,https://www.tiktok.com/@na_nasgor123/video/7628177588770458901?commentId=7628620098542093064,scraping_tiktok,balonkelapkelip,geli2 di lambung
7628619985426301717,2026-04-14T14:21:52.000Z,0,https://www.tiktok.com/@na_nasgor123/video/7628177588770458901,https://www.tiktok.com/@na_nasgor123/video/7628177588770458901?commentId=7628619985426301717,scraping_tiktok,annvsah,@kids! buah naga krempeng😭
7628619853470106386,2026-04-14T14:21:26.000Z,0,https://www.tiktok.com/@na_nasgor123/video/7628177588770458901,https://www.tiktok.com/@na_nasgor123/video/7628177588770458901?commentId=7628619853470106386,scraping_tiktok,cekerayamjenius,enakan makan gue tiap hari😭
7629254371695657736,2026-04-16T07:23:35.000Z,0,https://www.tiktok.com/@na_nasgor123/video/7628177588770458901,https://www.tiktok.com/@na_nasgor123/video/7628177588770458901?commentId=7629254371695657736,scraping_tiktok,noi.noi.yy,
7628619722079503112,2026-04-14T14:20:53.000Z,0,https://www.tiktok.com/@na_nasgor123/video/7628177588770458901,https://www.tiktok.com/@na_nasgor123/video/7628177588770458901?commentId=7628619722079503112,scraping_tiktok,ahmdanugrahwbw,@JandaTawa.02 @JandaTawa
7628619648833323777,2026-04-14T14:20:31.000Z,0,https://www.tiktok.com/@na_nasgor123/video/7628177588770458901,https://www.tiktok.com/@na_nasgor123/video/7628177588770458901?commentId=7628619648833323777,scraping_tiktok,martinp.t.bcoer,mbg nya idol kpop
7628619413194326792,2026-04-14T14:19:42.000Z,0,https://www.tiktok.com/@na_nasgor123/video/7628177588770458901,https://www.tiktok.com/@na_nasgor123/video/7628177588770458901?commentId=7628619413194326792,scraping_tiktok,jangan.kasihtauya,gw kira buah nya semangka 🍉😭😭
7628619396240671504,2026-04-14T14:19:36.000Z,0,https://www.tiktok.com/@na_nasgor123/video/7628177588770458901,https://www.tiktok.com/@na_nasgor123/video/7628177588770458901?commentId=7628619396240671504,scraping_tiktok,wiwikalmukaromah,Menu diet
7628619272202306325,2026-04-14T14:19:09.000Z,0,https://www.tiktok.com/@na_nasgor123/video/7628177588770458901,https://www.tiktok.com/@na_nasgor123/video/7628177588770458901?commentId=7628619272202306325,scraping_tiktok,user2699606358396,buat geli geli tenggorokan doang itu😭
7628619109550572295,2026-04-14T14:18:24.000Z,0,https://www.tiktok.com/@na_nasgor123/video/7628177588770458901,https://www.tiktok.com/@na_nasgor123/video/7628177588770458901?commentId=7628619109550572295,scraping_tiktok,istrimuuuuuuuu0,"kecil"" bet😭"
7628619043725918983,2026-04-14T14:18:10.000Z,0,https://www.tiktok.com/@na_nasgor123/video/7628177588770458901,https://www.tiktok.com/@na_nasgor123/video/7628177588770458901?commentId=7628619043725918983,scraping_tiktok,redreamingangels,@pokatt🩷 my mbg 😍😍😍💜💜
7628618733174817554,2026-04-14T14:16:57.000Z,0,https://www.tiktok.com/@na_nasgor123/video/7628177588770458901,https://www.tiktok.com/@na_nasgor123/video/7628177588770458901?commentId=7628618733174817554,scraping_tiktok,hazyseonghyeon,ak nasi nya gede bgt dan porsi pas🥰🥰🥰
7628618692675552007,2026-04-14T14:16:51.000Z,0,https://www.tiktok.com/@na_nasgor123/video/7628177588770458901,https://www.tiktok.com/@na_nasgor123/video/7628177588770458901?commentId=7628618692675552007,scraping_tiktok,aisyhacintambg,OPOSEH
7628618560021299975,2026-04-14T14:16:14.000Z,0,https://www.tiktok.com/@na_nasgor123/video/7628177588770458901,https://www.tiktok.com/@na_nasgor123/video/7628177588770458901?commentId=7628618560021299975,scraping_tiktok,epylosha,#edtwt
7628618399748244244,2026-04-14T14:15:41.000Z,0,https://www.tiktok.com/@na_nasgor123/video/7628177588770458901,https://www.tiktok.com/@na_nasgor123/video/7628177588770458901?commentId=7628618399748244244,scraping_tiktok,chtg_r,"kalo seperti ini,tujuannya supaya dapat banyak aja itu jatahnya"
7628618303514116871,2026-04-14T14:15:16.000Z,0,https://www.tiktok.com/@na_nasgor123/video/7628177588770458901,https://www.tiktok.com/@na_nasgor123/video/7628177588770458901?commentId=7628618303514116871,scraping_tiktok,airyseea,ala ketir tir
7628617798583173896,2026-04-14T14:13:19.000Z,0,https://www.tiktok.com/@na_nasgor123/video/7628177588770458901,https://www.tiktok.com/@na_nasgor123/video/7628177588770458901?commentId=7628617798583173896,scraping_tiktok,korewawaa,buah aja diet loh
7628617543944749844,2026-04-14T14:12:25.000Z,0,https://www.tiktok.com/@na_nasgor123/video/7628177588770458901,https://www.tiktok.com/@na_nasgor123/video/7628177588770458901?commentId=7628617543944749844,scraping_tiktok,ayes123345,NAHH KAYAK GINI PORSI YANG COCOK BUAT SAYAAA
7628617486212956936,2026-04-14T14:12:09.000Z,0,https://www.tiktok.com/@na_nasgor123/video/7628177588770458901,https://www.tiktok.com/@na_nasgor123/video/7628177588770458901?commentId=7628617486212956936,scraping_tiktok,yoyl_1,geli geliii aja di lmbungg
7628617387835081480,2026-04-14T14:11:44.000Z,0,https://www.tiktok.com/@na_nasgor123/video/7628177588770458901,https://www.tiktok.com/@na_nasgor123/video/7628177588770458901?commentId=7628617387835081480,scraping_tiktok,seaweed_9yu,tajem bgt tu buah naga ky silet
7628617344751207184,2026-04-14T14:13:20.000Z,0,https://www.tiktok.com/@na_nasgor123/video/7628177588770458901,https://www.tiktok.com/@na_nasgor123/video/7628177588770458901?commentId=7628617344751207184,scraping_tiktok,sandraalexsaa,"mbg di sekolah tiap hari makin ekstrim ke ga layak bngt
#sorry"
7628617319716209425,2026-04-14T14:11:39.000Z,0,https://www.tiktok.com/@na_nasgor123/video/7628177588770458901,https://www.tiktok.com/@na_nasgor123/video/7628177588770458901?commentId=7628617319716209425,scraping_tiktok,user67534563409,@a𓂃 𓈒𓏸🍒𓍼 aku mau ini💜💜
7628616955545715464,2026-04-14T14:10:02.000Z,0,https://www.tiktok.com/@na_nasgor123/video/7628177588770458901,https://www.tiktok.com/@na_nasgor123/video/7628177588770458901?commentId=7628616955545715464,scraping_tiktok,s2870478,reflek defisit kalori🥰🥰🥰
7628616918962094866,2026-04-14T14:09:57.000Z,0,https://www.tiktok.com/@na_nasgor123/video/7628177588770458901,https://www.tiktok.com/@na_nasgor123/video/7628177588770458901?commentId=7628616918962094866,scraping_tiktok,meeooddy,langsing bener buah naga nya
7628616363750753025,2026-04-14T14:07:59.000Z,0,https://www.tiktok.com/@na_nasgor123/video/7628177588770458901,https://www.tiktok.com/@na_nasgor123/video/7628177588770458901?commentId=7628616363750753025,scraping_tiktok,akifaaaaa123,pasti yang potong buahnya lagi mager 🗿
7628616254916559623,2026-04-14T14:07:22.000Z,0,https://www.tiktok.com/@na_nasgor123/video/7628177588770458901,https://www.tiktok.com/@na_nasgor123/video/7628177588770458901?commentId=7628616254916559623,scraping_tiktok,ctrl056,@Pacarnya Chanyeol @S
7628615968201491207,2026-04-14T14:06:12.000Z,0,https://www.tiktok.com/@na_nasgor123/video/7628177588770458901,https://www.tiktok.com/@na_nasgor123/video/7628177588770458901?commentId=7628615968201491207,scraping_tiktok,kanayaairyn_8,itu buah naga atau triplek? 😭
7628615853442122517,2026-04-14T14:05:56.000Z,0,https://www.tiktok.com/@na_nasgor123/video/7628177588770458901,https://www.tiktok.com/@na_nasgor123/video/7628177588770458901?commentId=7628615853442122517,scraping_tiktok,inipuspii,cocok yg lg program diett😂
7628615531037836053,2026-04-14T14:04:35.000Z,0,https://www.tiktok.com/@na_nasgor123/video/7628177588770458901,https://www.tiktok.com/@na_nasgor123/video/7628177588770458901?commentId=7628615531037836053,scraping_tiktok,mikha.arkenzi,[Sticker] 
7628615401899246344,2026-04-14T14:04:01.000Z,0,https://www.tiktok.com/@na_nasgor123/video/7628177588770458901,https://www.tiktok.com/@na_nasgor123/video/7628177588770458901?commentId=7628615401899246344,scraping_tiktok,itdawuwu,guys hari ini menunya tema avatar
7628615259930149652,2026-04-14T14:04:47.000Z,0,https://www.tiktok.com/@na_nasgor123/video/7628177588770458901,https://www.tiktok.com/@na_nasgor123/video/7628177588770458901?commentId=7628615259930149652,scraping_tiktok,kiwkiwjuga,ini gweh yg makannya dikit aja ga cukup anjr😭🙏🏻
7628615107316892434,2026-04-14T14:02:58.000Z,0,https://www.tiktok.com/@na_nasgor123/video/7628177588770458901,https://www.tiktok.com/@na_nasgor123/video/7628177588770458901?commentId=7628615107316892434,scraping_tiktok,.yynd3z,Level improsible 😱
7628615019475321618,2026-04-14T14:02:34.000Z,0,https://www.tiktok.com/@na_nasgor123/video/7628177588770458901,https://www.tiktok.com/@na_nasgor123/video/7628177588770458901?commentId=7628615019475321618,scraping_tiktok,astgaposs,[Sticker] kakanya:
7629254202337903380,2026-04-16T07:23:02.000Z,0,https://www.tiktok.com/@na_nasgor123/video/7628177588770458901,https://www.tiktok.com/@na_nasgor123/video/7628177588770458901?commentId=7629254202337903380,scraping_tiktok,asyrrdyt,keri keri di lambung💜
7629252298182738708,2026-04-16T07:15:35.000Z,0,https://www.tiktok.com/@na_nasgor123/video/7628177588770458901,https://www.tiktok.com/@na_nasgor123/video/7628177588770458901?commentId=7629252298182738708,scraping_tiktok,zuraaaaaaaaw,@kanayaa 💭
7629252092293055252,2026-04-16T07:14:54.000Z,0,https://www.tiktok.com/@na_nasgor123/video/7628177588770458901,https://www.tiktok.com/@na_nasgor123/video/7628177588770458901?commentId=7629252092293055252,scraping_tiktok,momoiieeeee,jadi diva emang sulit💜
7628613656017077009,2026-04-14T13:57:21.000Z,0,https://www.tiktok.com/@na_nasgor123/video/7628177588770458901,https://www.tiktok.com/@na_nasgor123/video/7628177588770458901?commentId=7628613656017077009,scraping_tiktok,stwcu19911,"tahunya:trio ngaceng, ngakak kenceng."
7628613245179839253,2026-04-14T13:55:43.000Z,0,https://www.tiktok.com/@na_nasgor123/video/7628177588770458901,https://www.tiktok.com/@na_nasgor123/video/7628177588770458901?commentId=7628613245179839253,scraping_tiktok,ara108643,ini sppg mana di sekolah ku enak-enak😭
7628613052301099783,2026-04-14T13:54:58.000Z,0,https://www.tiktok.com/@na_nasgor123/video/7628177588770458901,https://www.tiktok.com/@na_nasgor123/video/7628177588770458901?commentId=7628613052301099783,scraping_tiktok,bluebutterfly.gg,@gerindra
7628612628735525649,2026-04-14T13:53:22.000Z,0,https://www.tiktok.com/@na_nasgor123/video/7628177588770458901,https://www.tiktok.com/@na_nasgor123/video/7628177588770458901?commentId=7628612628735525649,scraping_tiktok,machaa189,[Sticker] 🗿
7628612546854011664,2026-04-14T13:53:00.000Z,0,https://www.tiktok.com/@na_nasgor123/video/7628177588770458901,https://www.tiktok.com/@na_nasgor123/video/7628177588770458901?commentId=7628612546854011664,scraping_tiktok,ryoomashiba,[Sticker] pov orang yang dah lapar dari tadi pas buka ompreng nya:
7628612440238162708,2026-04-14T13:52:35.000Z,0,https://www.tiktok.com/@na_nasgor123/video/7628177588770458901,https://www.tiktok.com/@na_nasgor123/video/7628177588770458901?commentId=7628612440238162708,scraping_tiktok,meimeisyanya_,[Sticker] sppg nya pas ksih mbg :
7628611993856312071,2026-04-14T13:50:54.000Z,0,https://www.tiktok.com/@na_nasgor123/video/7628177588770458901,https://www.tiktok.com/@na_nasgor123/video/7628177588770458901?commentId=7628611993856312071,scraping_tiktok,syssmyy,nasinya berdiri??😭
7628611865035604752,2026-04-14T13:50:25.000Z,0,https://www.tiktok.com/@na_nasgor123/video/7628177588770458901,https://www.tiktok.com/@na_nasgor123/video/7628177588770458901?commentId=7628611865035604752,scraping_tiktok,rafazyy1,"kamu mah masih mending,lah aku nasinya kayak beras belum Mateng dan kacang nya ambunya kayak rokok😹🗿😂"
7628611442199560961,2026-04-14T13:48:41.000Z,0,https://www.tiktok.com/@na_nasgor123/video/7628177588770458901,https://www.tiktok.com/@na_nasgor123/video/7628177588770458901?commentId=7628611442199560961,scraping_tiktok,nviana_aa,Caption nya siall😭😭😭
7628611337530950420,2026-04-14T13:48:23.000Z,0,https://www.tiktok.com/@na_nasgor123/video/7628177588770458901,https://www.tiktok.com/@na_nasgor123/video/7628177588770458901?commentId=7628611337530950420,scraping_tiktok,cntandryn11,zat besi😭
7628611141669176071,2026-04-14T13:47:29.000Z,0,https://www.tiktok.com/@na_nasgor123/video/7628177588770458901,https://www.tiktok.com/@na_nasgor123/video/7628177588770458901?commentId=7628611141669176071,scraping_tiktok,tri86023,ini fantass ng😭
7628610929584767765,2026-04-14T13:46:48.000Z,0,https://www.tiktok.com/@na_nasgor123/video/7628177588770458901,https://www.tiktok.com/@na_nasgor123/video/7628177588770458901?commentId=7628610929584767765,scraping_tiktok,rafa.lele.goreng,"makan bergizi gratis❌
cemilan bergizi gratis✅"
7628610623400854292,2026-04-14T13:45:37.000Z,0,https://www.tiktok.com/@na_nasgor123/video/7628177588770458901,https://www.tiktok.com/@na_nasgor123/video/7628177588770458901?commentId=7628610623400854292,scraping_tiktok,llaboutme,"sodara aku jadi supplier mbg, ada beberapa dapur yang cheffnya pesan 40kg tapi minta ditulis 48 kg buat ke atasannya jadi yang 8kg tu di korup"
7628610459382596359,2026-04-14T13:44:55.000Z,0,https://www.tiktok.com/@na_nasgor123/video/7628177588770458901,https://www.tiktok.com/@na_nasgor123/video/7628177588770458901?commentId=7628610459382596359,scraping_tiktok,niyy8_,[Sticker] sklh k g dpet mbg krna kbnykan siswa
7628610447801090823,2026-04-14T13:44:47.000Z,0,https://www.tiktok.com/@na_nasgor123/video/7628177588770458901,https://www.tiktok.com/@na_nasgor123/video/7628177588770458901?commentId=7628610447801090823,scraping_tiktok,yourgrlllllllllllll_,nah ini gmna
7628610316201214728,2026-04-14T13:44:19.000Z,0,https://www.tiktok.com/@na_nasgor123/video/7628177588770458901,https://www.tiktok.com/@na_nasgor123/video/7628177588770458901?commentId=7628610316201214728,scraping_tiktok,i04jwn,😭😭😭
7628610194894193409,2026-04-14T13:44:04.000Z,0,https://www.tiktok.com/@na_nasgor123/video/7628177588770458901,https://www.tiktok.com/@na_nasgor123/video/7628177588770458901?commentId=7628610194894193409,scraping_tiktok,fajarhql57n,[Sticker] 
7628609586568823573,2026-04-14T13:41:34.000Z,0,https://www.tiktok.com/@na_nasgor123/video/7628177588770458901,https://www.tiktok.com/@na_nasgor123/video/7628177588770458901?commentId=7628609586568823573,scraping_tiktok,phirru,kenyangan jg pentol depan rumah 5.000
7628609378396062480,2026-04-14T13:40:44.000Z,0,https://www.tiktok.com/@na_nasgor123/video/7628177588770458901,https://www.tiktok.com/@na_nasgor123/video/7628177588770458901?commentId=7628609378396062480,scraping_tiktok,prkjongseongg27,hold up my waist is shrinking 💜
7628609003279893255,2026-04-14T13:39:15.000Z,0,https://www.tiktok.com/@na_nasgor123/video/7628177588770458901,https://www.tiktok.com/@na_nasgor123/video/7628177588770458901?commentId=7628609003279893255,scraping_tiktok,saya_member_el,"positif thinking ajah mungkin sppg nya lagi krisis ekonomi, kan katanya harus hemat juga, mungkin pas goreng tahu kompor nya pas udah mateng dibunuh😁
(disclaimer aku cuma ngejokes)"
7628608955865907975,2026-04-14T13:39:00.000Z,0,https://www.tiktok.com/@na_nasgor123/video/7628177588770458901,https://www.tiktok.com/@na_nasgor123/video/7628177588770458901?commentId=7628608955865907975,scraping_tiktok,dik.ow1,bantu like vt ak
7628608785750704904,2026-04-14T13:38:25.000Z,0,https://www.tiktok.com/@na_nasgor123/video/7628177588770458901,https://www.tiktok.com/@na_nasgor123/video/7628177588770458901?commentId=7628608785750704904,scraping_tiktok,lttt287,[Sticker] 
7628608753399579410,2026-04-14T13:38:17.000Z,0,https://www.tiktok.com/@na_nasgor123/video/7628177588770458901,https://www.tiktok.com/@na_nasgor123/video/7628177588770458901?commentId=7628608753399579410,scraping_tiktok,123455qaq,tipis bgt kek ksabaran kuee🥰
7628608717501383432,2026-04-14T13:38:04.000Z,0,https://www.tiktok.com/@na_nasgor123/video/7628177588770458901,https://www.tiktok.com/@na_nasgor123/video/7628177588770458901?commentId=7628608717501383432,scraping_tiktok,ashl3eyy_0,embegek ku
7628608519680262920,2026-04-14T13:37:22.000Z,0,https://www.tiktok.com/@na_nasgor123/video/7628177588770458901,https://www.tiktok.com/@na_nasgor123/video/7628177588770458901?commentId=7628608519680262920,scraping_tiktok,berrybeanly,wow diet iu 2.0 ya
7628608449983628052,2026-04-14T13:37:10.000Z,0,https://www.tiktok.com/@na_nasgor123/video/7628177588770458901,https://www.tiktok.com/@na_nasgor123/video/7628177588770458901?commentId=7628608449983628052,scraping_tiktok,ryul_4sh0,itu buah naga cuma buat ngotorin gigi doang 😭
7628608342420046608,2026-04-14T13:36:42.000Z,0,https://www.tiktok.com/@na_nasgor123/video/7628177588770458901,https://www.tiktok.com/@na_nasgor123/video/7628177588770458901?commentId=7628608342420046608,scraping_tiktok,panggilsajakinaa,lambung: eh apanih
7628608185935217409,2026-04-14T13:36:08.000Z,0,https://www.tiktok.com/@na_nasgor123/video/7628177588770458901,https://www.tiktok.com/@na_nasgor123/video/7628177588770458901?commentId=7628608185935217409,scraping_tiktok,ambergamot,karbonya 2?!
7628608134836601618,2026-04-14T13:35:55.000Z,0,https://www.tiktok.com/@na_nasgor123/video/7628177588770458901,https://www.tiktok.com/@na_nasgor123/video/7628177588770458901?commentId=7628608134836601618,scraping_tiktok,user20302124,"bergizi❎
kurang gizi✅"
7628614374505235201,2026-04-14T14:00:16.000Z,0,https://www.tiktok.com/@na_nasgor123/video/7628177588770458901,https://www.tiktok.com/@na_nasgor123/video/7628177588770458901?commentId=7628614374505235201,scraping_tiktok,malllllll000,ini mah belum 5 menit juga udah laper lagi 😭
7628607744878527253,2026-04-14T13:34:21.000Z,0,https://www.tiktok.com/@na_nasgor123/video/7628177588770458901,https://www.tiktok.com/@na_nasgor123/video/7628177588770458901?commentId=7628607744878527253,scraping_tiktok,ww0pshy,lambung : ow cit
7628607714471068434,2026-04-14T13:34:14.000Z,0,https://www.tiktok.com/@na_nasgor123/video/7628177588770458901,https://www.tiktok.com/@na_nasgor123/video/7628177588770458901?commentId=7628607714471068434,scraping_tiktok,cherrymakasih,anciss wkkwkwk mbg gueh (telur nya asin njir 😹)
7628607623563379476,2026-04-14T13:33:58.000Z,0,https://www.tiktok.com/@na_nasgor123/video/7628177588770458901,https://www.tiktok.com/@na_nasgor123/video/7628177588770458901?commentId=7628607623563379476,scraping_tiktok,user_niaa02,tahu stu biji😇
7628607492411867921,2026-04-14T13:33:26.000Z,0,https://www.tiktok.com/@na_nasgor123/video/7628177588770458901,https://www.tiktok.com/@na_nasgor123/video/7628177588770458901?commentId=7628607492411867921,scraping_tiktok,wo9doll_02,[Sticker] @sammy
7628607215331705621,2026-04-14T13:32:22.000Z,0,https://www.tiktok.com/@na_nasgor123/video/7628177588770458901,https://www.tiktok.com/@na_nasgor123/video/7628177588770458901?commentId=7628607215331705621,scraping_tiktok,nurull_yuyul,"[Sticker] lambung nya"""
7628607201141392135,2026-04-14T13:34:19.000Z,0,https://www.tiktok.com/@na_nasgor123/video/7628177588770458901,https://www.tiktok.com/@na_nasgor123/video/7628177588770458901?commentId=7628607201141392135,scraping_tiktok,bunganummber1,buah nada nya juga perlu mbg
7628607196142568193,2026-04-14T13:32:24.000Z,0,https://www.tiktok.com/@na_nasgor123/video/7628177588770458901,https://www.tiktok.com/@na_nasgor123/video/7628177588770458901?commentId=7628607196142568193,scraping_tiktok,haechanahcehh,ini mah porsi hamster😭
7628606854423298837,2026-04-14T13:30:52.000Z,0,https://www.tiktok.com/@na_nasgor123/video/7628177588770458901,https://www.tiktok.com/@na_nasgor123/video/7628177588770458901?commentId=7628606854423298837,scraping_tiktok,cndyyrrr,mrk tuh liat yg vt makan siang sekolah dicina/Korea gtu gasi anjir😭 itu baru makan siang BERGIZI namanya
7628606853237555975,2026-04-14T13:30:56.000Z,0,https://www.tiktok.com/@na_nasgor123/video/7628177588770458901,https://www.tiktok.com/@na_nasgor123/video/7628177588770458901?commentId=7628606853237555975,scraping_tiktok,gf.jm8,geli geli lambung
7628606781678404373,2026-04-14T13:30:42.000Z,0,https://www.tiktok.com/@na_nasgor123/video/7628177588770458901,https://www.tiktok.com/@na_nasgor123/video/7628177588770458901?commentId=7628606781678404373,scraping_tiktok,matchalateem,INI LUCU BANGET SYIT
7628606675401900817,2026-04-14T13:30:10.000Z,0,https://www.tiktok.com/@na_nasgor123/video/7628177588770458901,https://www.tiktok.com/@na_nasgor123/video/7628177588770458901?commentId=7628606675401900817,scraping_tiktok,bela_1209,Cuma buat geli geli tenggorokan sama lambung
7628606647719609108,2026-04-14T13:30:05.000Z,0,https://www.tiktok.com/@na_nasgor123/video/7628177588770458901,https://www.tiktok.com/@na_nasgor123/video/7628177588770458901?commentId=7628606647719609108,scraping_tiktok,scpuji,@ikaa🦥 @scc ika
7628606461342548743,2026-04-14T13:29:22.000Z,0,https://www.tiktok.com/@na_nasgor123/video/7628177588770458901,https://www.tiktok.com/@na_nasgor123/video/7628177588770458901?commentId=7628606461342548743,scraping_tiktok,_nanaddd1_,"mbg adekku enak"" jir, ini apaan satu biji buah naga dibagi 10?😭"
7628606226788746005,2026-04-14T13:28:34.000Z,0,https://www.tiktok.com/@na_nasgor123/video/7628177588770458901,https://www.tiktok.com/@na_nasgor123/video/7628177588770458901?commentId=7628606226788746005,scraping_tiktok,marjowrieww,pantes gue turun 5kg dari 50 ke 45kg ternyata selama ini menu mbg gue menu diet
7628605942993699592,2026-04-14T13:27:23.000Z,0,https://www.tiktok.com/@na_nasgor123/video/7628177588770458901,https://www.tiktok.com/@na_nasgor123/video/7628177588770458901?commentId=7628605942993699592,scraping_tiktok,fix.on.me,buah naga : MY WAIST IS SHRINKING💜
7628605904569991952,2026-04-14T13:27:16.000Z,0,https://www.tiktok.com/@na_nasgor123/video/7628177588770458901,https://www.tiktok.com/@na_nasgor123/video/7628177588770458901?commentId=7628605904569991952,scraping_tiktok,qal_xysda27,@Niswa 😭
7628605699749626632,2026-04-14T13:26:33.000Z,0,https://www.tiktok.com/@na_nasgor123/video/7628177588770458901,https://www.tiktok.com/@na_nasgor123/video/7628177588770458901?commentId=7628605699749626632,scraping_tiktok,leony1234__,aww menu diet hari inieehhh
7628605515643863829,2026-04-14T13:25:44.000Z,0,https://www.tiktok.com/@na_nasgor123/video/7628177588770458901,https://www.tiktok.com/@na_nasgor123/video/7628177588770458901?commentId=7628605515643863829,scraping_tiktok,ciwpaiaia,@hannn hdh
7628605332415677185,2026-04-14T13:25:04.000Z,0,https://www.tiktok.com/@na_nasgor123/video/7628177588770458901,https://www.tiktok.com/@na_nasgor123/video/7628177588770458901?commentId=7628605332415677185,scraping_tiktok,alvin22921,abis makan stunting ngg KA?
7628604759800873745,2026-04-14T13:22:45.000Z,0,https://www.tiktok.com/@na_nasgor123/video/7628177588770458901,https://www.tiktok.com/@na_nasgor123/video/7628177588770458901?commentId=7628604759800873745,scraping_tiktok,nurhuda.putra,[Sticker] 
7628604454027264786,2026-04-14T13:21:31.000Z,0,https://www.tiktok.com/@na_nasgor123/video/7628177588770458901,https://www.tiktok.com/@na_nasgor123/video/7628177588770458901?commentId=7628604454027264786,scraping_tiktok,tsukuyomi712,porsi makan gw
7628604444326593298,2026-04-14T13:21:33.000Z,0,https://www.tiktok.com/@na_nasgor123/video/7628177588770458901,https://www.tiktok.com/@na_nasgor123/video/7628177588770458901?commentId=7628604444326593298,scraping_tiktok,imm_ima,@dee k9mennya😭😭
7628604330224960277,2026-04-14T13:21:12.000Z,0,https://www.tiktok.com/@na_nasgor123/video/7628177588770458901,https://www.tiktok.com/@na_nasgor123/video/7628177588770458901?commentId=7628604330224960277,scraping_tiktok,_fluffycupcakes,mending MBG dipegang Superindo aja dah
7628604051307594514,2026-04-14T13:20:01.000Z,0,https://www.tiktok.com/@na_nasgor123/video/7628177588770458901,https://www.tiktok.com/@na_nasgor123/video/7628177588770458901?commentId=7628604051307594514,scraping_tiktok,dontknowy301,"potongannya sama tapi beda buahnya, gua semangka tipis setipis tisu, udh mh aga asem😭😭😭"
7628603719744193281,2026-04-14T13:18:47.000Z,0,https://www.tiktok.com/@na_nasgor123/video/7628177588770458901,https://www.tiktok.com/@na_nasgor123/video/7628177588770458901?commentId=7628603719744193281,scraping_tiktok,fischl__,[Sticker] asam lambung:
7628603637808694032,2026-04-14T13:18:38.000Z,0,https://www.tiktok.com/@na_nasgor123/video/7628177588770458901,https://www.tiktok.com/@na_nasgor123/video/7628177588770458901?commentId=7628603637808694032,scraping_tiktok,officialbricktv6thn,[Sticker] Itu buah naga apa semangka
7628603460842570513,2026-04-14T13:17:46.000Z,0,https://www.tiktok.com/@na_nasgor123/video/7628177588770458901,https://www.tiktok.com/@na_nasgor123/video/7628177588770458901?commentId=7628603460842570513,scraping_tiktok,raraajaaa0_,lah ini mah di lambung juga lewat doang anjir
7628603034529284871,2026-04-14T13:19:23.000Z,0,https://www.tiktok.com/@na_nasgor123/video/7628177588770458901,https://www.tiktok.com/@na_nasgor123/video/7628177588770458901?commentId=7628603034529284871,scraping_tiktok,rayyss,TADI GUA DPT SEMANGKA TIPIS BGT ANJR.
7628602908842296082,2026-04-14T13:15:41.000Z,0,https://www.tiktok.com/@na_nasgor123/video/7628177588770458901,https://www.tiktok.com/@na_nasgor123/video/7628177588770458901?commentId=7628602908842296082,scraping_tiktok,rinaft_mcb,"[Sticker] ""TIDAK FANTAS"""
7628614247655736084,2026-04-14T13:59:32.000Z,0,https://www.tiktok.com/@na_nasgor123/video/7628177588770458901,https://www.tiktok.com/@na_nasgor123/video/7628177588770458901?commentId=7628614247655736084,scraping_tiktok,zang_.lord,[Sticker] 🥰
7628613964961088264,2026-04-14T13:58:30.000Z,0,https://www.tiktok.com/@na_nasgor123/video/7628177588770458901,https://www.tiktok.com/@na_nasgor123/video/7628177588770458901?commentId=7628613964961088264,scraping_tiktok,dzdnylev,itu buah apa tisu
7628613872526770965,2026-04-14T13:58:08.000Z,0,https://www.tiktok.com/@na_nasgor123/video/7628177588770458901,https://www.tiktok.com/@na_nasgor123/video/7628177588770458901?commentId=7628613872526770965,scraping_tiktok,wiwitsukapiscok,[Sticker] buah naga nya ga di kasih makan 2 tahun
7628602775040066320,2026-04-14T13:15:11.000Z,0,https://www.tiktok.com/@na_nasgor123/video/7628177588770458901,https://www.tiktok.com/@na_nasgor123/video/7628177588770458901?commentId=7628602775040066320,scraping_tiktok,anjayyyy576,buah naganya apa ga kurang sexy itu
7628602750024090388,2026-04-14T13:14:58.000Z,0,https://www.tiktok.com/@na_nasgor123/video/7628177588770458901,https://www.tiktok.com/@na_nasgor123/video/7628177588770458901?commentId=7628602750024090388,scraping_tiktok,1._._._.02,"niat bgtt mbg nya nyuruh diet, buah naga nya aja sampai cungkring"
7628602548313146119,2026-04-14T13:14:12.000Z,0,https://www.tiktok.com/@na_nasgor123/video/7628177588770458901,https://www.tiktok.com/@na_nasgor123/video/7628177588770458901?commentId=7628602548313146119,scraping_tiktok,akufanscarmen,@KURIR GIZI
7628602476065309461,2026-04-14T13:13:57.000Z,0,https://www.tiktok.com/@na_nasgor123/video/7628177588770458901,https://www.tiktok.com/@na_nasgor123/video/7628177588770458901?commentId=7628602476065309461,scraping_tiktok,dl.artnime.12,"lambung:""ala keri keri kerii"""
7628602435829170952,2026-04-14T13:13:42.000Z,0,https://www.tiktok.com/@na_nasgor123/video/7628177588770458901,https://www.tiktok.com/@na_nasgor123/video/7628177588770458901?commentId=7628602435829170952,scraping_tiktok,_1ar1_aaaaaa,lauknya tahu gorengannya tahu juga😭😭😭😭😭
7628602383686435592,2026-04-14T13:13:34.000Z,0,https://www.tiktok.com/@na_nasgor123/video/7628177588770458901,https://www.tiktok.com/@na_nasgor123/video/7628177588770458901?commentId=7628602383686435592,scraping_tiktok,wulan_dariww,"tenggorokan :""geli geli gmna gitu"""
7628602316815876885,2026-04-14T13:13:19.000Z,0,https://www.tiktok.com/@na_nasgor123/video/7628177588770458901,https://www.tiktok.com/@na_nasgor123/video/7628177588770458901?commentId=7628602316815876885,scraping_tiktok,viviaprianaa,lewat kerongkongan juga ga berasa ini😭
7628601719173481236,2026-04-14T13:10:59.000Z,0,https://www.tiktok.com/@na_nasgor123/video/7628177588770458901,https://www.tiktok.com/@na_nasgor123/video/7628177588770458901?commentId=7628601719173481236,scraping_tiktok,chococaoca,"kak, kadang kalo lewat fyp mbg begini tuh aku bersyukur poll pengelola mbg ku amanah😭, MasyaAllah makanannya selalu enak enak"
7628601531575321351,2026-04-14T13:10:14.000Z,0,https://www.tiktok.com/@na_nasgor123/video/7628177588770458901,https://www.tiktok.com/@na_nasgor123/video/7628177588770458901?commentId=7628601531575321351,scraping_tiktok,mbakririn286,mbg bumil iseh mending 😂
7628601483122475784,2026-04-14T13:10:01.000Z,0,https://www.tiktok.com/@na_nasgor123/video/7628177588770458901,https://www.tiktok.com/@na_nasgor123/video/7628177588770458901?commentId=7628601483122475784,scraping_tiktok,anakgemass._,nggilani.
7628601351128531719,2026-04-14T13:09:36.000Z,0,https://www.tiktok.com/@na_nasgor123/video/7628177588770458901,https://www.tiktok.com/@na_nasgor123/video/7628177588770458901?commentId=7628601351128531719,scraping_tiktok,nn.s104,😁
7628601185808925448,2026-04-14T13:08:50.000Z,0,https://www.tiktok.com/@na_nasgor123/video/7628177588770458901,https://www.tiktok.com/@na_nasgor123/video/7628177588770458901?commentId=7628601185808925448,scraping_tiktok,tumbuhhtumbuhanhijauu,[Sticker] 
7628600547667673874,2026-04-14T13:06:29.000Z,0,https://www.tiktok.com/@na_nasgor123/video/7628177588770458901,https://www.tiktok.com/@na_nasgor123/video/7628177588770458901?commentId=7628600547667673874,scraping_tiktok,naaofhs._,@fayyy @naelaa @starsgirllys 💜
7628600304242623239,2026-04-14T13:05:29.000Z,0,https://www.tiktok.com/@na_nasgor123/video/7628177588770458901,https://www.tiktok.com/@na_nasgor123/video/7628177588770458901?commentId=7628600304242623239,scraping_tiktok,zahro_onmicss,anjir ganjel
7628600195039511317,2026-04-14T13:05:06.000Z,0,https://www.tiktok.com/@na_nasgor123/video/7628177588770458901,https://www.tiktok.com/@na_nasgor123/video/7628177588770458901?commentId=7628600195039511317,scraping_tiktok,febriiityzz,udah cangkring disuruh diet💔
7628599935986483988,2026-04-14T13:04:05.000Z,0,https://www.tiktok.com/@na_nasgor123/video/7628177588770458901,https://www.tiktok.com/@na_nasgor123/video/7628177588770458901?commentId=7628599935986483988,scraping_tiktok,mellpute,@NengImas
7628599495685407504,2026-04-14T13:02:27.000Z,0,https://www.tiktok.com/@na_nasgor123/video/7628177588770458901,https://www.tiktok.com/@na_nasgor123/video/7628177588770458901?commentId=7628599495685407504,scraping_tiktok,tulalit____1,buah naganya 2D jirlah
7628599360322765575,2026-04-14T13:01:49.000Z,0,https://www.tiktok.com/@na_nasgor123/video/7628177588770458901,https://www.tiktok.com/@na_nasgor123/video/7628177588770458901?commentId=7628599360322765575,scraping_tiktok,not.important.prson,kek pakan ayam 🙏🏼🙏🏼
7628599352877548295,2026-04-14T13:01:48.000Z,0,https://www.tiktok.com/@na_nasgor123/video/7628177588770458901,https://www.tiktok.com/@na_nasgor123/video/7628177588770458901?commentId=7628599352877548295,scraping_tiktok,unknown404045,[Sticker] 
7628599255187915536,2026-04-14T13:01:25.000Z,0,https://www.tiktok.com/@na_nasgor123/video/7628177588770458901,https://www.tiktok.com/@na_nasgor123/video/7628177588770458901?commentId=7628599255187915536,scraping_tiktok,mella_ea1,"nah ini nih porsi aku, porsi biasa aku selalu terakhir makannya udh tuh gk habis 🥰"
7628599168018236167,2026-04-14T13:01:09.000Z,0,https://www.tiktok.com/@na_nasgor123/video/7628177588770458901,https://www.tiktok.com/@na_nasgor123/video/7628177588770458901?commentId=7628599168018236167,scraping_tiktok,pieavr,tipis bet buset
7628599087722136340,2026-04-14T13:00:49.000Z,0,https://www.tiktok.com/@na_nasgor123/video/7628177588770458901,https://www.tiktok.com/@na_nasgor123/video/7628177588770458901?commentId=7628599087722136340,scraping_tiktok,tahu.rebus89,[Sticker] mbg gue buah melon banyakan putih nya anj😭😭
7628599081220702997,2026-04-14T13:00:46.000Z,0,https://www.tiktok.com/@na_nasgor123/video/7628177588770458901,https://www.tiktok.com/@na_nasgor123/video/7628177588770458901?commentId=7628599081220702997,scraping_tiktok,faezaa_44,mbg lagi pelit 💜
7628598988963840784,2026-04-14T13:00:25.000Z,0,https://www.tiktok.com/@na_nasgor123/video/7628177588770458901,https://www.tiktok.com/@na_nasgor123/video/7628177588770458901?commentId=7628598988963840784,scraping_tiktok,nasabiar,geli geli lambung doang itu
7628598728526594824,2026-04-14T12:59:22.000Z,0,https://www.tiktok.com/@na_nasgor123/video/7628177588770458901,https://www.tiktok.com/@na_nasgor123/video/7628177588770458901?commentId=7628598728526594824,scraping_tiktok,_ivyra.x._,keripik buah aja bakal lebih tebel 🥰
7628598658233746183,2026-04-14T12:59:04.000Z,0,https://www.tiktok.com/@na_nasgor123/video/7628177588770458901,https://www.tiktok.com/@na_nasgor123/video/7628177588770458901?commentId=7628598658233746183,scraping_tiktok,ueorraa,@n.
7628598551832970004,2026-04-14T12:58:46.000Z,0,https://www.tiktok.com/@na_nasgor123/video/7628177588770458901,https://www.tiktok.com/@na_nasgor123/video/7628177588770458901?commentId=7628598551832970004,scraping_tiktok,dubai_chewycookie33,[Sticker] kondisi kakak nya pas potong buah naganya;
7628597816755094279,2026-04-14T12:55:49.000Z,0,https://www.tiktok.com/@na_nasgor123/video/7628177588770458901,https://www.tiktok.com/@na_nasgor123/video/7628177588770458901?commentId=7628597816755094279,scraping_tiktok,cicakhingga.p_,porsi ayam diet
7628597752831197972,2026-04-14T12:55:41.000Z,0,https://www.tiktok.com/@na_nasgor123/video/7628177588770458901,https://www.tiktok.com/@na_nasgor123/video/7628177588770458901?commentId=7628597752831197972,scraping_tiktok,.29gtw0,[Sticker] semut:tidak fantass~~
7628597685247836935,2026-04-14T12:55:21.000Z,0,https://www.tiktok.com/@na_nasgor123/video/7628177588770458901,https://www.tiktok.com/@na_nasgor123/video/7628177588770458901?commentId=7628597685247836935,scraping_tiktok,lostinmygaze666,+minumnya americano awokawok
7628597462807331600,2026-04-14T12:54:30.000Z,0,https://www.tiktok.com/@na_nasgor123/video/7628177588770458901,https://www.tiktok.com/@na_nasgor123/video/7628177588770458901?commentId=7628597462807331600,scraping_tiktok,lvunnmi,"ah ksian, tp sy jg ksian, lauk nya keseringan ikan patin mna kdng kek kecil kali anjy kek ngsi mkn kucing 😭😭"
7628597450497360648,2026-04-14T12:54:26.000Z,0,https://www.tiktok.com/@na_nasgor123/video/7628177588770458901,https://www.tiktok.com/@na_nasgor123/video/7628177588770458901?commentId=7628597450497360648,scraping_tiktok,cucciollo2,Ya ampun nasinya secuil 😭
7628597277028401928,2026-04-14T12:53:44.000Z,0,https://www.tiktok.com/@na_nasgor123/video/7628177588770458901,https://www.tiktok.com/@na_nasgor123/video/7628177588770458901?commentId=7628597277028401928,scraping_tiktok,sahara_0804,itu naga nya lagi diett yaa hemmm
7628597230052541205,2026-04-14T12:53:38.000Z,0,https://www.tiktok.com/@na_nasgor123/video/7628177588770458901,https://www.tiktok.com/@na_nasgor123/video/7628177588770458901?commentId=7628597230052541205,scraping_tiktok,hendarherdianto,tisu: itu buah naga ? sory masih tebelan gw 🙄
7628597155645653767,2026-04-14T12:53:20.000Z,0,https://www.tiktok.com/@na_nasgor123/video/7628177588770458901,https://www.tiktok.com/@na_nasgor123/video/7628177588770458901?commentId=7628597155645653767,scraping_tiktok,iseayasee,buah naga segitu aja tai gw udah jadi pinkeu😡
7628597083301380885,2026-04-14T12:52:58.000Z,0,https://www.tiktok.com/@na_nasgor123/video/7628177588770458901,https://www.tiktok.com/@na_nasgor123/video/7628177588770458901?commentId=7628597083301380885,scraping_tiktok,wnincess,lambung: geli geli doang nih
7628596957816881921,2026-04-14T12:52:37.000Z,0,https://www.tiktok.com/@na_nasgor123/video/7628177588770458901,https://www.tiktok.com/@na_nasgor123/video/7628177588770458901?commentId=7628596957816881921,scraping_tiktok,kagura_warl,[Sticker] buah naga ap nih
7628596816870703879,2026-04-14T12:51:53.000Z,0,https://www.tiktok.com/@na_nasgor123/video/7628177588770458901,https://www.tiktok.com/@na_nasgor123/video/7628177588770458901?commentId=7628596816870703879,scraping_tiktok,izumihoujou,paling cuman 7k an
7628596719202599688,2026-04-14T12:51:32.000Z,0,https://www.tiktok.com/@na_nasgor123/video/7628177588770458901,https://www.tiktok.com/@na_nasgor123/video/7628177588770458901?commentId=7628596719202599688,scraping_tiktok,whoomylaaa,[Sticker] plis pernah ngalamin kyk gini mana buah nya semangka tipis nya tuh nipis banget
7628596584951022356,2026-04-14T12:51:05.000Z,0,https://www.tiktok.com/@na_nasgor123/video/7628177588770458901,https://www.tiktok.com/@na_nasgor123/video/7628177588770458901?commentId=7628596584951022356,scraping_tiktok,doublerex1,[Sticker] yas gurl yaa gurl
7628596434904810248,2026-04-14T12:50:27.000Z,0,https://www.tiktok.com/@na_nasgor123/video/7628177588770458901,https://www.tiktok.com/@na_nasgor123/video/7628177588770458901?commentId=7628596434904810248,scraping_tiktok,velcya_anaraaa,lambung:geli geli gimana gitu
7628596148963230485,2026-04-14T12:49:25.000Z,0,https://www.tiktok.com/@na_nasgor123/video/7628177588770458901,https://www.tiktok.com/@na_nasgor123/video/7628177588770458901?commentId=7628596148963230485,scraping_tiktok,ciprociy_,astaghfirullah😭😭
7628595773794861845,2026-04-14T12:48:02.000Z,0,https://www.tiktok.com/@na_nasgor123/video/7628177588770458901,https://www.tiktok.com/@na_nasgor123/video/7628177588770458901?commentId=7628595773794861845,scraping_tiktok,lyn798872,lambung:gasuka geli💜
7628595726940046101,2026-04-14T12:47:49.000Z,0,https://www.tiktok.com/@na_nasgor123/video/7628177588770458901,https://www.tiktok.com/@na_nasgor123/video/7628177588770458901?commentId=7628595726940046101,scraping_tiktok,lulilalilu2,jgn sampe sppg kt liat
7628595553056637704,2026-04-14T12:47:09.000Z,0,https://www.tiktok.com/@na_nasgor123/video/7628177588770458901,https://www.tiktok.com/@na_nasgor123/video/7628177588770458901?commentId=7628595553056637704,scraping_tiktok,neyhereea,@4za sakses 🤭
7628595504883974930,2026-04-14T12:46:49.000Z,0,https://www.tiktok.com/@na_nasgor123/video/7628177588770458901,https://www.tiktok.com/@na_nasgor123/video/7628177588770458901?commentId=7628595504883974930,scraping_tiktok,manusia_manis.roree,mana ada yang kaya gitu
7628595459577168660,2026-04-14T12:46:41.000Z,0,https://www.tiktok.com/@na_nasgor123/video/7628177588770458901,https://www.tiktok.com/@na_nasgor123/video/7628177588770458901?commentId=7628595459577168660,scraping_tiktok,prettywheniamhappy,"god, i'll achieve my ana's body 🙏😲"
7628595065224626961,2026-04-14T12:46:33.000Z,0,https://www.tiktok.com/@na_nasgor123/video/7628177588770458901,https://www.tiktok.com/@na_nasgor123/video/7628177588770458901?commentId=7628595065224626961,scraping_tiktok,e_mmma.c,buah naganya stunting kah?
7628595047764230933,2026-04-14T12:45:09.000Z,0,https://www.tiktok.com/@na_nasgor123/video/7628177588770458901,https://www.tiktok.com/@na_nasgor123/video/7628177588770458901?commentId=7628595047764230933,scraping_tiktok,yeoal12,anj apaan cok menu sisaan
7628595038075323154,2026-04-14T12:45:01.000Z,0,https://www.tiktok.com/@na_nasgor123/video/7628177588770458901,https://www.tiktok.com/@na_nasgor123/video/7628177588770458901?commentId=7628595038075323154,scraping_tiktok,x_marisaa1,[Sticker] Ka...
7628594906726122260,2026-04-14T12:44:31.000Z,0,https://www.tiktok.com/@na_nasgor123/video/7628177588770458901,https://www.tiktok.com/@na_nasgor123/video/7628177588770458901?commentId=7628594906726122260,scraping_tiktok,ni00.00ni,buah naga nya segaris doang jir
7628594803991085831,2026-04-14T12:44:07.000Z,0,https://www.tiktok.com/@na_nasgor123/video/7628177588770458901,https://www.tiktok.com/@na_nasgor123/video/7628177588770458901?commentId=7628594803991085831,scraping_tiktok,eliaaa0776,[Sticker] 
7628594607191016200,2026-04-14T12:43:23.000Z,0,https://www.tiktok.com/@na_nasgor123/video/7628177588770458901,https://www.tiktok.com/@na_nasgor123/video/7628177588770458901?commentId=7628594607191016200,scraping_tiktok,n1nidd,geli geli lambung
7628594336213287700,2026-04-14T12:42:22.000Z,0,https://www.tiktok.com/@na_nasgor123/video/7628177588770458901,https://www.tiktok.com/@na_nasgor123/video/7628177588770458901?commentId=7628594336213287700,scraping_tiktok,rrawrrwennaaaccc,"kak.. ak pernah dapet mbg, tampangnya katsu, pas digigit tempe... trus ada lagi, tampangnya chiken stick gitu, pas di gigit tempe juga...😔"
7628594217603040008,2026-04-14T12:41:53.000Z,0,https://www.tiktok.com/@na_nasgor123/video/7628177588770458901,https://www.tiktok.com/@na_nasgor123/video/7628177588770458901?commentId=7628594217603040008,scraping_tiktok,str_beautiful0,kok bisa tahunya dapet 3? aku aja cuma 1
7628594186619339540,2026-04-14T12:41:46.000Z,0,https://www.tiktok.com/@na_nasgor123/video/7628177588770458901,https://www.tiktok.com/@na_nasgor123/video/7628177588770458901?commentId=7628594186619339540,scraping_tiktok,arshantydona,coyyy@ayangnyamarklee
7628594166309602066,2026-04-14T12:41:36.000Z,0,https://www.tiktok.com/@na_nasgor123/video/7628177588770458901,https://www.tiktok.com/@na_nasgor123/video/7628177588770458901?commentId=7628594166309602066,scraping_tiktok,finsrandomlife,paket HEMAATTTnya KEBANGETAN 🤣
7628594013515432711,2026-04-14T12:41:01.000Z,0,https://www.tiktok.com/@na_nasgor123/video/7628177588770458901,https://www.tiktok.com/@na_nasgor123/video/7628177588770458901?commentId=7628594013515432711,scraping_tiktok,._nrb,@f
7628593847857955592,2026-04-14T12:40:31.000Z,0,https://www.tiktok.com/@na_nasgor123/video/7628177588770458901,https://www.tiktok.com/@na_nasgor123/video/7628177588770458901?commentId=7628593847857955592,scraping_tiktok,nowe0765,"buah naga udh kaya waifu, gepeng💜"
7628593608149648149,2026-04-14T12:39:36.000Z,0,https://www.tiktok.com/@na_nasgor123/video/7628177588770458901,https://www.tiktok.com/@na_nasgor123/video/7628177588770458901?commentId=7628593608149648149,scraping_tiktok,0127.h,buah naga tunggu kiris
7628593311553585936,2026-04-14T12:38:24.000Z,0,https://www.tiktok.com/@na_nasgor123/video/7628177588770458901,https://www.tiktok.com/@na_nasgor123/video/7628177588770458901?commentId=7628593311553585936,scraping_tiktok,kamiel_kz7,@𐙚 ifvstruee'•:🦢:
7628593284332684050,2026-04-14T12:38:18.000Z,0,https://www.tiktok.com/@na_nasgor123/video/7628177588770458901,https://www.tiktok.com/@na_nasgor123/video/7628177588770458901?commentId=7628593284332684050,scraping_tiktok,mimiyakoko,mau debut idol di agensi mana kak?
7628593242518946578,2026-04-14T12:38:01.000Z,0,https://www.tiktok.com/@na_nasgor123/video/7628177588770458901,https://www.tiktok.com/@na_nasgor123/video/7628177588770458901?commentId=7628593242518946578,scraping_tiktok,rismambntr,[Sticker] di sekolah gw udh gd mbg jir..
7628592987392344833,2026-04-14T12:37:06.000Z,0,https://www.tiktok.com/@na_nasgor123/video/7628177588770458901,https://www.tiktok.com/@na_nasgor123/video/7628177588770458901?commentId=7628592987392344833,scraping_tiktok,hyuraam,cemilan burung tah iki
7628592948736721672,2026-04-14T12:36:53.000Z,0,https://www.tiktok.com/@na_nasgor123/video/7628177588770458901,https://www.tiktok.com/@na_nasgor123/video/7628177588770458901?commentId=7628592948736721672,scraping_tiktok,ttia_raa1,[Sticker] Menunya tuh...
7628592860417311504,2026-04-14T12:36:34.000Z,0,https://www.tiktok.com/@na_nasgor123/video/7628177588770458901,https://www.tiktok.com/@na_nasgor123/video/7628177588770458901?commentId=7628592860417311504,scraping_tiktok,ray.rayyy6,[Sticker] habis makan itu otw jadi model victoria secret
7628592854025667335,2026-04-14T12:36:37.000Z,0,https://www.tiktok.com/@na_nasgor123/video/7628177588770458901,https://www.tiktok.com/@na_nasgor123/video/7628177588770458901?commentId=7628592854025667335,scraping_tiktok,langitbiru2782,@gerindra
7628592633577816840,2026-04-14T12:35:49.000Z,0,https://www.tiktok.com/@na_nasgor123/video/7628177588770458901,https://www.tiktok.com/@na_nasgor123/video/7628177588770458901?commentId=7628592633577816840,scraping_tiktok,aphroditeeeeee6,[Sticker] 😭😭😭😭😭
7628592549138121473,2026-04-14T12:35:26.000Z,0,https://www.tiktok.com/@na_nasgor123/video/7628177588770458901,https://www.tiktok.com/@na_nasgor123/video/7628177588770458901?commentId=7628592549138121473,scraping_tiktok,kamiel_kz7,@mamutt
7628592291033645845,2026-04-14T12:34:34.000Z,0,https://www.tiktok.com/@na_nasgor123/video/7628177588770458901,https://www.tiktok.com/@na_nasgor123/video/7628177588770458901?commentId=7628592291033645845,scraping_tiktok,serendyypityy,lebih ekstrem drpd dietnya iu 😭
7628592238838465300,2026-04-14T12:34:13.000Z,0,https://www.tiktok.com/@na_nasgor123/video/7628177588770458901,https://www.tiktok.com/@na_nasgor123/video/7628177588770458901?commentId=7628592238838465300,scraping_tiktok,serendyypityy,iu aja kalo pake diet mbg ga mampu kak 😭
7628592197558027015,2026-04-14T12:33:59.000Z,0,https://www.tiktok.com/@na_nasgor123/video/7628177588770458901,https://www.tiktok.com/@na_nasgor123/video/7628177588770458901?commentId=7628592197558027015,scraping_tiktok,_princens,
7628592047842837268,2026-04-14T12:33:32.000Z,0,https://www.tiktok.com/@na_nasgor123/video/7628177588770458901,https://www.tiktok.com/@na_nasgor123/video/7628177588770458901?commentId=7628592047842837268,scraping_tiktok,aisyahmpw4,pengen punya body kaya buah naga nya
7628591787346920210,2026-04-14T12:32:26.000Z,0,https://www.tiktok.com/@na_nasgor123/video/7628177588770458901,https://www.tiktok.com/@na_nasgor123/video/7628177588770458901?commentId=7628591787346920210,scraping_tiktok,saphi_aw,"@sppg.sungaibinti2 pls min jangan kek gini, ikan dori aja yah banyak2"
7628591422295982869,2026-04-14T12:31:05.000Z,0,https://www.tiktok.com/@na_nasgor123/video/7628177588770458901,https://www.tiktok.com/@na_nasgor123/video/7628177588770458901?commentId=7628591422295982869,scraping_tiktok,oilveoli,[Sticker] Aku kalo makan ini doang setiap hari
7628590674674549511,2026-04-14T12:28:14.000Z,0,https://www.tiktok.com/@na_nasgor123/video/7628177588770458901,https://www.tiktok.com/@na_nasgor123/video/7628177588770458901?commentId=7628590674674549511,scraping_tiktok,caca_aja043,[Sticker] buah naganya
7628590597603574549,2026-04-14T12:27:51.000Z,0,https://www.tiktok.com/@na_nasgor123/video/7628177588770458901,https://www.tiktok.com/@na_nasgor123/video/7628177588770458901?commentId=7628590597603574549,scraping_tiktok,dewi_ehheh24,cocok buat diet😭😭
7628590380963349269,2026-04-14T12:27:02.000Z,0,https://www.tiktok.com/@na_nasgor123/video/7628177588770458901,https://www.tiktok.com/@na_nasgor123/video/7628177588770458901?commentId=7628590380963349269,scraping_tiktok,giyuu_ry,@kamila. @kekey🤸🏻‍♀️ @loml @taaasya @c @￴ @moja🐶
7628590267625177877,2026-04-14T12:26:38.000Z,0,https://www.tiktok.com/@na_nasgor123/video/7628177588770458901,https://www.tiktok.com/@na_nasgor123/video/7628177588770458901?commentId=7628590267625177877,scraping_tiktok,samyangbakar5,@miemie 🐔🐔 @✩♬ ₊˚.🎧⋆☾⋆⁺₊✧ @abekajabes @kittyshine ℘
7628590219844354836,2026-04-14T12:26:31.000Z,0,https://www.tiktok.com/@na_nasgor123/video/7628177588770458901,https://www.tiktok.com/@na_nasgor123/video/7628177588770458901?commentId=7628590219844354836,scraping_tiktok,userr194501,@vivian tag emi prida
7628590133050409729,2026-04-14T12:26:00.000Z,0,https://www.tiktok.com/@na_nasgor123/video/7628177588770458901,https://www.tiktok.com/@na_nasgor123/video/7628177588770458901?commentId=7628590133050409729,scraping_tiktok,alisyaanjwa_,komenan nya ga warass😭😭😭
7628589585903731474,2026-04-14T12:23:51.000Z,0,https://www.tiktok.com/@na_nasgor123/video/7628177588770458901,https://www.tiktok.com/@na_nasgor123/video/7628177588770458901?commentId=7628589585903731474,scraping_tiktok,cocacaws,@honey
7628589274355991316,2026-04-14T12:22:48.000Z,0,https://www.tiktok.com/@na_nasgor123/video/7628177588770458901,https://www.tiktok.com/@na_nasgor123/video/7628177588770458901?commentId=7628589274355991316,scraping_tiktok,cyutiee_72,[Sticker] lambung : pelit amat
7628589041520526101,2026-04-14T12:21:47.000Z,0,https://www.tiktok.com/@na_nasgor123/video/7628177588770458901,https://www.tiktok.com/@na_nasgor123/video/7628177588770458901?commentId=7628589041520526101,scraping_tiktok,bbielbibel,"@e, eya!? 😭😭"
7628588927271781141,2026-04-14T12:21:20.000Z,0,https://www.tiktok.com/@na_nasgor123/video/7628177588770458901,https://www.tiktok.com/@na_nasgor123/video/7628177588770458901?commentId=7628588927271781141,scraping_tiktok,ramadhniika,sekali emplok inimah
7628588616424391445,2026-04-14T12:20:14.000Z,0,https://www.tiktok.com/@na_nasgor123/video/7628177588770458901,https://www.tiktok.com/@na_nasgor123/video/7628177588770458901?commentId=7628588616424391445,scraping_tiktok,me_eylan,@sabillié
7628588576888423189,2026-04-14T12:20:02.000Z,0,https://www.tiktok.com/@na_nasgor123/video/7628177588770458901,https://www.tiktok.com/@na_nasgor123/video/7628177588770458901?commentId=7628588576888423189,scraping_tiktok,reeeeee067,murid : cuma geli gelii dilambung besti
7628588427047289618,2026-04-14T12:19:25.000Z,0,https://www.tiktok.com/@na_nasgor123/video/7628177588770458901,https://www.tiktok.com/@na_nasgor123/video/7628177588770458901?commentId=7628588427047289618,scraping_tiktok,wn__dy1,pelit bngt ihh😭
7628588367177794321,2026-04-14T12:19:19.000Z,0,https://www.tiktok.com/@na_nasgor123/video/7628177588770458901,https://www.tiktok.com/@na_nasgor123/video/7628177588770458901?commentId=7628588367177794321,scraping_tiktok,anachan471,@murtisarihartati28
7628588057062753045,2026-04-14T12:17:56.000Z,0,https://www.tiktok.com/@na_nasgor123/video/7628177588770458901,https://www.tiktok.com/@na_nasgor123/video/7628177588770458901?commentId=7628588057062753045,scraping_tiktok,edi_maulanav2,ahli gizi magang kek nya 🥰
7628587310762279700,2026-04-14T12:15:07.000Z,0,https://www.tiktok.com/@na_nasgor123/video/7628177588770458901,https://www.tiktok.com/@na_nasgor123/video/7628177588770458901?commentId=7628587310762279700,scraping_tiktok,dimsumlovers._,nyam
7628587301909037840,2026-04-14T12:15:14.000Z,0,https://www.tiktok.com/@na_nasgor123/video/7628177588770458901,https://www.tiktok.com/@na_nasgor123/video/7628177588770458901?commentId=7628587301909037840,scraping_tiktok,joeylue_,@᥉𝒽𝓃 @ika
7628587121938350869,2026-04-14T12:14:20.000Z,0,https://www.tiktok.com/@na_nasgor123/video/7628177588770458901,https://www.tiktok.com/@na_nasgor123/video/7628177588770458901?commentId=7628587121938350869,scraping_tiktok,day345566,ini sekolah model kah?
7628587107566535445,2026-04-14T12:16:16.000Z,0,https://www.tiktok.com/@na_nasgor123/video/7628177588770458901,https://www.tiktok.com/@na_nasgor123/video/7628177588770458901?commentId=7628587107566535445,scraping_tiktok,kpopers_engenes,"kebanyakan itu, kurangin lagi"
7628587106932081415,2026-04-14T12:14:17.000Z,0,https://www.tiktok.com/@na_nasgor123/video/7628177588770458901,https://www.tiktok.com/@na_nasgor123/video/7628177588770458901?commentId=7628587106932081415,scraping_tiktok,glen_ajalah,"fiksi pilih kasih🗿
soalnya tadi buah naga aku ada 2 terus gede gede
sama rendangnya juga gede gede🗿"
7628587064620385025,2026-04-14T12:14:14.000Z,0,https://www.tiktok.com/@na_nasgor123/video/7628177588770458901,https://www.tiktok.com/@na_nasgor123/video/7628177588770458901?commentId=7628587064620385025,scraping_tiktok,seancerely,@apel
7628587015227704071,2026-04-14T12:13:58.000Z,0,https://www.tiktok.com/@na_nasgor123/video/7628177588770458901,https://www.tiktok.com/@na_nasgor123/video/7628177588770458901?commentId=7628587015227704071,scraping_tiktok,zhaqueensarah,@jju 🐢 @👾♡ 𝒋𝒖𝒖𝒏 ♡👾 weh komennya😭
7628586755486221074,2026-04-14T12:12:51.000Z,0,https://www.tiktok.com/@na_nasgor123/video/7628177588770458901,https://www.tiktok.com/@na_nasgor123/video/7628177588770458901?commentId=7628586755486221074,scraping_tiktok,triicarysa,nyentuh lambung aj enggakk😭😭
7628586638176469780,2026-04-14T12:12:33.000Z,0,https://www.tiktok.com/@na_nasgor123/video/7628177588770458901,https://www.tiktok.com/@na_nasgor123/video/7628177588770458901?commentId=7628586638176469780,scraping_tiktok,faapengenpepeng,tinggi kiris
7628586116270211847,2026-04-14T12:10:23.000Z,0,https://www.tiktok.com/@na_nasgor123/video/7628177588770458901,https://www.tiktok.com/@na_nasgor123/video/7628177588770458901?commentId=7628586116270211847,scraping_tiktok,hello.dist,untung MBG ku waras🥰
7628586033382359828,2026-04-14T12:10:07.000Z,0,https://www.tiktok.com/@na_nasgor123/video/7628177588770458901,https://www.tiktok.com/@na_nasgor123/video/7628177588770458901?commentId=7628586033382359828,scraping_tiktok,jepeiy0,😭😭😭
7628585760626819847,2026-04-14T12:09:01.000Z,0,https://www.tiktok.com/@na_nasgor123/video/7628177588770458901,https://www.tiktok.com/@na_nasgor123/video/7628177588770458901?commentId=7628585760626819847,scraping_tiktok,beeyyie,[Sticker] lambung:
7628585491458474759,2026-04-14T12:08:03.000Z,0,https://www.tiktok.com/@na_nasgor123/video/7628177588770458901,https://www.tiktok.com/@na_nasgor123/video/7628177588770458901?commentId=7628585491458474759,scraping_tiktok,issakshikshok,jirs
7628585128851374855,2026-04-14T12:06:33.000Z,0,https://www.tiktok.com/@na_nasgor123/video/7628177588770458901,https://www.tiktok.com/@na_nasgor123/video/7628177588770458901?commentId=7628585128851374855,scraping_tiktok,ciaa8030,dimakan pengurus spgg nya paling🗿
7628584897269056274,2026-04-14T12:05:44.000Z,0,https://www.tiktok.com/@na_nasgor123/video/7628177588770458901,https://www.tiktok.com/@na_nasgor123/video/7628177588770458901?commentId=7628584897269056274,scraping_tiktok,halooitsmeee,yg beneran diet aja menunya ga begini 😭😭😭
7628584848483156754,2026-04-14T12:05:27.000Z,0,https://www.tiktok.com/@na_nasgor123/video/7628177588770458901,https://www.tiktok.com/@na_nasgor123/video/7628177588770458901?commentId=7628584848483156754,scraping_tiktok,ujangkrisp1,geli² di lambung doang ini
7628584834683962128,2026-04-14T12:05:27.000Z,0,https://www.tiktok.com/@na_nasgor123/video/7628177588770458901,https://www.tiktok.com/@na_nasgor123/video/7628177588770458901?commentId=7628584834683962128,scraping_tiktok,fy.raa_10,😭😭
7628584775992836885,2026-04-14T12:05:15.000Z,0,https://www.tiktok.com/@na_nasgor123/video/7628177588770458901,https://www.tiktok.com/@na_nasgor123/video/7628177588770458901?commentId=7628584775992836885,scraping_tiktok,gavriel401,[Sticker] sakit hati mbg ku di tutup
7628584490454336257,2026-04-14T12:04:09.000Z,0,https://www.tiktok.com/@na_nasgor123/video/7628177588770458901,https://www.tiktok.com/@na_nasgor123/video/7628177588770458901?commentId=7628584490454336257,scraping_tiktok,cherrypie02y,[Sticker] 
7628584164711416597,2026-04-14T12:02:54.000Z,0,https://www.tiktok.com/@na_nasgor123/video/7628177588770458901,https://www.tiktok.com/@na_nasgor123/video/7628177588770458901?commentId=7628584164711416597,scraping_tiktok,vnaaaxxx,@🍒🫶r44_.skakamuu🫶🍒 @orang @Yemi __ stecu✌️ @YTTA 🌹 @𐙚 aaliyaa @Adevaa
7628584122689061652,2026-04-14T12:02:47.000Z,0,https://www.tiktok.com/@na_nasgor123/video/7628177588770458901,https://www.tiktok.com/@na_nasgor123/video/7628177588770458901?commentId=7628584122689061652,scraping_tiktok,ycncllmfrhn,[Sticker] setelah after sesudah makan eat MBG💜
7628583516821865234,2026-04-14T12:00:21.000Z,0,https://www.tiktok.com/@na_nasgor123/video/7628177588770458901,https://www.tiktok.com/@na_nasgor123/video/7628177588770458901?commentId=7628583516821865234,scraping_tiktok,daffa210i,10pun ku lahap
7628583494767592213,2026-04-14T12:00:18.000Z,0,https://www.tiktok.com/@na_nasgor123/video/7628177588770458901,https://www.tiktok.com/@na_nasgor123/video/7628177588770458901?commentId=7628583494767592213,scraping_tiktok,zallls55,iiitu brutu ya alias fantat ayam
7628583339636720392,2026-04-14T11:59:37.000Z,0,https://www.tiktok.com/@na_nasgor123/video/7628177588770458901,https://www.tiktok.com/@na_nasgor123/video/7628177588770458901?commentId=7628583339636720392,scraping_tiktok,raraziaa,tipis bgt
7628583209031009044,2026-04-14T11:59:13.000Z,0,https://www.tiktok.com/@na_nasgor123/video/7628177588770458901,https://www.tiktok.com/@na_nasgor123/video/7628177588770458901?commentId=7628583209031009044,scraping_tiktok,user7238394148066,keri keri tok 😭
7628583046711116545,2026-04-14T11:58:32.000Z,0,https://www.tiktok.com/@na_nasgor123/video/7628177588770458901,https://www.tiktok.com/@na_nasgor123/video/7628177588770458901?commentId=7628583046711116545,scraping_tiktok,dicky_ky12,tidak fantass
7628583034320864007,2026-04-14T11:58:25.000Z,0,https://www.tiktok.com/@na_nasgor123/video/7628177588770458901,https://www.tiktok.com/@na_nasgor123/video/7628177588770458901?commentId=7628583034320864007,scraping_tiktok,kwan.tus,mpasi kh
7628583005178938130,2026-04-14T11:58:21.000Z,0,https://www.tiktok.com/@na_nasgor123/video/7628177588770458901,https://www.tiktok.com/@na_nasgor123/video/7628177588770458901?commentId=7628583005178938130,scraping_tiktok,rantaugameciantra,"buah nagaku juga one bite,btw ini dari posiandu"
7628582900003373831,2026-04-14T11:57:55.000Z,0,https://www.tiktok.com/@na_nasgor123/video/7628177588770458901,https://www.tiktok.com/@na_nasgor123/video/7628177588770458901?commentId=7628582900003373831,scraping_tiktok,212.00500,buah naga nya pliss😭😭
7628582649497551634,2026-04-14T11:56:56.000Z,0,https://www.tiktok.com/@na_nasgor123/video/7628177588770458901,https://www.tiktok.com/@na_nasgor123/video/7628177588770458901?commentId=7628582649497551634,scraping_tiktok,yasudala0,@0% MBG
7628582446532248321,2026-04-14T11:56:24.000Z,0,https://www.tiktok.com/@na_nasgor123/video/7628177588770458901,https://www.tiktok.com/@na_nasgor123/video/7628177588770458901?commentId=7628582446532248321,scraping_tiktok,arshiandfriends,@ᡣ𐭩
7628582133208367873,2026-04-14T11:55:03.000Z,0,https://www.tiktok.com/@na_nasgor123/video/7628177588770458901,https://www.tiktok.com/@na_nasgor123/video/7628177588770458901?commentId=7628582133208367873,scraping_tiktok,apaayaa966,cungkring banget naganya😭
7628581896591377169,2026-04-14T11:54:11.000Z,0,https://www.tiktok.com/@na_nasgor123/video/7628177588770458901,https://www.tiktok.com/@na_nasgor123/video/7628177588770458901?commentId=7628581896591377169,scraping_tiktok,tom312361,dobell
7628581762226209544,2026-04-14T11:53:29.000Z,0,https://www.tiktok.com/@na_nasgor123/video/7628177588770458901,https://www.tiktok.com/@na_nasgor123/video/7628177588770458901?commentId=7628581762226209544,scraping_tiktok,bitat.aaa,[Sticker] 
7628581691745878791,2026-04-14T11:53:17.000Z,0,https://www.tiktok.com/@na_nasgor123/video/7628177588770458901,https://www.tiktok.com/@na_nasgor123/video/7628177588770458901?commentId=7628581691745878791,scraping_tiktok,idontknoww618,@V 😭
7628581296029942548,2026-04-14T11:51:46.000Z,0,https://www.tiktok.com/@na_nasgor123/video/7628177588770458901,https://www.tiktok.com/@na_nasgor123/video/7628177588770458901?commentId=7628581296029942548,scraping_tiktok,nopp.d,@batagor enak
