id,timestamp,likesCount,postUrl,commentUrl,source_file,ownerUsername,text
7621450258363204359,2026-03-26T06:40:35.000Z,8918,https://www.tiktok.com/@liputan6.sctv/video/7621442575928528129,https://www.tiktok.com/@liputan6.sctv/video/7621442575928528129?commentId=7621450258363204359,scraping_tiktok,gieadriyan,ngeri pa pur mulai kurusan😑
7621451919290303253,2026-03-26T06:46:03.000Z,4056,https://www.tiktok.com/@liputan6.sctv/video/7621442575928528129,https://www.tiktok.com/@liputan6.sctv/video/7621442575928528129?commentId=7621451919290303253,scraping_tiktok,anakelekmi30,aslii ribet bgt pelaporan SPT gua sampa mumett sampe bodo amat gak mau lapor SPT kita yg bayar kita pula yg dibuat ribet
7621464489566880533,2026-03-26T07:34:52.000Z,1884,https://www.tiktok.com/@liputan6.sctv/video/7621442575928528129,https://www.tiktok.com/@liputan6.sctv/video/7621442575928528129?commentId=7621464489566880533,scraping_tiktok,one_piece19911,kita yg byr kita jg yg lapor
7621444552146076436,2026-03-26T06:17:31.000Z,2175,https://www.tiktok.com/@liputan6.sctv/video/7621442575928528129,https://www.tiktok.com/@liputan6.sctv/video/7621442575928528129?commentId=7621444552146076436,scraping_tiktok,imelda1539,pelaporan SPT CORETAX terlalu ribet
7621508186612957973,2026-03-26T10:24:30.000Z,1004,https://www.tiktok.com/@liputan6.sctv/video/7621442575928528129,https://www.tiktok.com/@liputan6.sctv/video/7621442575928528129?commentId=7621508186612957973,scraping_tiktok,suppdms,Fitur lupa pasword aja gak fungsi
7621459182760526613,2026-03-26T07:14:17.000Z,325,https://www.tiktok.com/@liputan6.sctv/video/7621442575928528129,https://www.tiktok.com/@liputan6.sctv/video/7621442575928528129?commentId=7621459182760526613,scraping_tiktok,5peakeasy,masih enak djponline
7621443861231502101,2026-03-26T06:14:51.000Z,710,https://www.tiktok.com/@liputan6.sctv/video/7621442575928528129,https://www.tiktok.com/@liputan6.sctv/video/7621442575928528129?commentId=7621443861231502101,scraping_tiktok,ipaaaann_____,"bagusan yang kemaren sebelum coretax njir,skrg bikin bingung doang"
7621463135849120532,2026-03-26T07:29:33.000Z,507,https://www.tiktok.com/@liputan6.sctv/video/7621442575928528129,https://www.tiktok.com/@liputan6.sctv/video/7621442575928528129?commentId=7621463135849120532,scraping_tiktok,baylee.wolf,"aslii ribet bngt, tiap mau laporan spt dibuat stress, ke kantor pajak nyuruh skrng lewat coretax, giliran minta bantuan disuruh ikut penyeluruhan latihan coretax, udh kita yang bayar, kita yang ribet, bayar tinggal bayar, masih untung dibayar jga pajak"
7621461758951572244,2026-03-26T07:24:15.000Z,7,https://www.tiktok.com/@liputan6.sctv/video/7621442575928528129,https://www.tiktok.com/@liputan6.sctv/video/7621442575928528129?commentId=7621461758951572244,scraping_tiktok,kakvzv,sebenarnya gak ribet2 amat kalo udah terbiasa...masalahnya orang2 cuma buka pas lagi butuh...makanya gak paham2
7621485253329273601,2026-03-26T08:55:30.000Z,256,https://www.tiktok.com/@liputan6.sctv/video/7621442575928528129,https://www.tiktok.com/@liputan6.sctv/video/7621442575928528129?commentId=7621485253329273601,scraping_tiktok,rm_23454,"Bahasa nya terlalu baku, dan tampilan nya gak friendly user 🙏🏻🙏🏻😭😭"
7621476914180277012,2026-03-26T08:23:12.000Z,78,https://www.tiktok.com/@liputan6.sctv/video/7621442575928528129,https://www.tiktok.com/@liputan6.sctv/video/7621442575928528129?commentId=7621476914180277012,scraping_tiktok,chingbigaming,"bayangkan betapa hebatnya ibu Sri sewaktu beliau menjabat, tetap senyum tanpa ada perubahan fisik 🙏🙏"
7621568789402649364,2026-03-26T14:19:38.000Z,10,https://www.tiktok.com/@liputan6.sctv/video/7621442575928528129,https://www.tiktok.com/@liputan6.sctv/video/7621442575928528129?commentId=7621568789402649364,scraping_tiktok,citrapudanttambunan,aku ga lapor pak karna susah
7642149061231624967,2026-05-21T01:21:41.000Z,0,https://www.tiktok.com/@liputan6.sctv/video/7621442575928528129,https://www.tiktok.com/@liputan6.sctv/video/7621442575928528129?commentId=7642149061231624967,scraping_tiktok,itsme.taa11,ribet bgt anjr lhhh eror mlu gamau di klik pdhl nah nihil
7621803709782442759,2026-03-27T05:35:01.000Z,19,https://www.tiktok.com/@liputan6.sctv/video/7621442575928528129,https://www.tiktok.com/@liputan6.sctv/video/7621442575928528129?commentId=7621803709782442759,scraping_tiktok,cire28s,udah tau kurang bagus .. salah desain... masih di launching juga .. situ oke pak??? ☺️
7621491957915878165,2026-03-26T09:21:35.000Z,33,https://www.tiktok.com/@liputan6.sctv/video/7621442575928528129,https://www.tiktok.com/@liputan6.sctv/video/7621442575928528129?commentId=7621491957915878165,scraping_tiktok,kakkoiki,saya belum lapor sampe skrg
7621463698407031572,2026-03-26T07:31:48.000Z,361,https://www.tiktok.com/@liputan6.sctv/video/7621442575928528129,https://www.tiktok.com/@liputan6.sctv/video/7621442575928528129?commentId=7621463698407031572,scraping_tiktok,scaling.guppy,"coretax
ui : jelek
ux : jelek
server : lambat
masa mau bayar pajak harus refresh terus kocak"
7621490150447530773,2026-03-26T09:14:28.000Z,74,https://www.tiktok.com/@liputan6.sctv/video/7621442575928528129,https://www.tiktok.com/@liputan6.sctv/video/7621442575928528129?commentId=7621490150447530773,scraping_tiktok,henry_widjaja,kondisi cortex saat ini
7621454219632689940,2026-03-26T06:54:59.000Z,112,https://www.tiktok.com/@liputan6.sctv/video/7621442575928528129,https://www.tiktok.com/@liputan6.sctv/video/7621442575928528129?commentId=7621454219632689940,scraping_tiktok,yesmehere__,setujuuu coretax gak banget bingung😩
7623020317636625173,2026-03-30T12:12:21.000Z,0,https://www.tiktok.com/@liputan6.sctv/video/7621442575928528129,https://www.tiktok.com/@liputan6.sctv/video/7621442575928528129?commentId=7623020317636625173,scraping_tiktok,anonim062998,"jujurrr kita disuruh bayar pajak, kita sendiri yg harus laporrr hadeuhh"
7623325710099546898,2026-03-31T07:57:29.000Z,5,https://www.tiktok.com/@liputan6.sctv/video/7621442575928528129,https://www.tiktok.com/@liputan6.sctv/video/7621442575928528129?commentId=7623325710099546898,scraping_tiktok,sgtrs_me,Ribettt. udah tgl 31 ttp belum laporan ini. mumet
7621497176808555272,2026-03-26T09:41:47.000Z,17,https://www.tiktok.com/@liputan6.sctv/video/7621442575928528129,https://www.tiktok.com/@liputan6.sctv/video/7621442575928528129?commentId=7621497176808555272,scraping_tiktok,dontoverthinker,disuruh ngirim kode verif ke sms . Udh masuk dan keluar kode tp nggak ada kolom buat ngisi kodenyaaa . Kek manaaa . 😭 Hari ini mau lapor pusing bgt gabisa2
7621528168201454356,2026-03-26T11:41:58.000Z,35,https://www.tiktok.com/@liputan6.sctv/video/7621442575928528129,https://www.tiktok.com/@liputan6.sctv/video/7621442575928528129?commentId=7621528168201454356,scraping_tiktok,frizdianr,"tolong dong pak, utk pelaporan SPT itu menunya jgn ribet kali. kan datanya sudah ada semua di djp, nahh kami masyarakat tinggal tekan tombol lapor dan sesuaikan tahun pelaporan sj. kalaupun ada kesalahan, bisa ditelusuri di bendahara pemotongnya. pindah ke coretax jdiny njelimet dan membingungkan. kmi yg dipotong pajak, kmi yg lapor, kmi pula yg dibuat bingung..
maaf ya pak, atas keluh kesah sy sbg masyarakat taat pajak yg takut dipajakin kalau gak lapor spt 😇😇"
7621568008561607444,2026-03-26T14:16:35.000Z,9,https://www.tiktok.com/@liputan6.sctv/video/7621442575928528129,https://www.tiktok.com/@liputan6.sctv/video/7621442575928528129?commentId=7621568008561607444,scraping_tiktok,kesetgeniuslab_,"ribettt emang sih.
udahlah bayar pajak, kita yg lapor juga malah di bikin ribet"
7621499925314765576,2026-03-26T09:52:26.000Z,10,https://www.tiktok.com/@liputan6.sctv/video/7621442575928528129,https://www.tiktok.com/@liputan6.sctv/video/7621442575928528129?commentId=7621499925314765576,scraping_tiktok,taylorsmithheh,"Kelihatan stressnya, kesian sih"
7621464574226858773,2026-03-26T07:35:08.000Z,10,https://www.tiktok.com/@liputan6.sctv/video/7621442575928528129,https://www.tiktok.com/@liputan6.sctv/video/7621442575928528129?commentId=7621464574226858773,scraping_tiktok,febriansyah_lab,"biaya mahal ,desain burik"
7621575332956930837,2026-03-26T14:44:59.000Z,5,https://www.tiktok.com/@liputan6.sctv/video/7621442575928528129,https://www.tiktok.com/@liputan6.sctv/video/7621442575928528129?commentId=7621575332956930837,scraping_tiktok,ayu.reasta,Bapaaaak ya ya Allah Kurusaaaan😭
7621483230428578567,2026-03-26T08:47:37.000Z,26,https://www.tiktok.com/@liputan6.sctv/video/7621442575928528129,https://www.tiktok.com/@liputan6.sctv/video/7621442575928528129?commentId=7621483230428578567,scraping_tiktok,bubblegum28_7,"bener2 kita yg byr, kita yg lapor kita yg didenda kl telat, udhlh ribet bgt😭"
7623478311872906004,2026-03-31T17:49:39.000Z,5,https://www.tiktok.com/@liputan6.sctv/video/7621442575928528129,https://www.tiktok.com/@liputan6.sctv/video/7621442575928528129?commentId=7623478311872906004,scraping_tiktok,bebebmel_mel,Katanya coretax lebih mudah tp nyatanya lebih mudah DJP.😏
7621578548859765525,2026-03-26T14:57:28.000Z,16,https://www.tiktok.com/@liputan6.sctv/video/7621442575928528129,https://www.tiktok.com/@liputan6.sctv/video/7621442575928528129?commentId=7621578548859765525,scraping_tiktok,ilhmmmmn,otp aja ga masuk
7621572806698992404,2026-03-26T14:35:16.000Z,3,https://www.tiktok.com/@liputan6.sctv/video/7621442575928528129,https://www.tiktok.com/@liputan6.sctv/video/7621442575928528129?commentId=7621572806698992404,scraping_tiktok,arsriagst,"saya tau bapak bingung jawabnya, tapi kita yang ngisi makin bingung pak gmn biar berhasil isinya 🥺"
7624133552955376400,2026-04-02T12:12:13.000Z,1,https://www.tiktok.com/@liputan6.sctv/video/7621442575928528129,https://www.tiktok.com/@liputan6.sctv/video/7621442575928528129?commentId=7624133552955376400,scraping_tiktok,ekobudi37,gak jelas emang dunia perpajakan di konoha 😂 Kita sudah bayar pajak masih aja di persulit dengan aplikasi yg menurutku gak jelas 😁
7623423064563073813,2026-03-31T14:15:10.000Z,2,https://www.tiktok.com/@liputan6.sctv/video/7621442575928528129,https://www.tiktok.com/@liputan6.sctv/video/7621442575928528129?commentId=7623423064563073813,scraping_tiktok,mumtaz.barokah,ribet
7623090834024530708,2026-03-30T16:45:59.000Z,1,https://www.tiktok.com/@liputan6.sctv/video/7621442575928528129,https://www.tiktok.com/@liputan6.sctv/video/7621442575928528129?commentId=7623090834024530708,scraping_tiktok,chuba88888,ribet
7624066936481252116,2026-04-02T07:53:45.000Z,1,https://www.tiktok.com/@liputan6.sctv/video/7621442575928528129,https://www.tiktok.com/@liputan6.sctv/video/7621442575928528129?commentId=7624066936481252116,scraping_tiktok,nurarsyielarassid,ribeeeetttttt aslii
7624897076652589832,2026-04-04T13:35:05.000Z,1,https://www.tiktok.com/@liputan6.sctv/video/7621442575928528129,https://www.tiktok.com/@liputan6.sctv/video/7621442575928528129?commentId=7624897076652589832,scraping_tiktok,ocin0209,"bener banget susah banget, bikin yang simpel kalau bisa"
7630050832671933200,2026-04-18T10:54:20.000Z,1,https://www.tiktok.com/@liputan6.sctv/video/7621442575928528129,https://www.tiktok.com/@liputan6.sctv/video/7621442575928528129?commentId=7630050832671933200,scraping_tiktok,mirantiw03,Bnr lg
7623414388108657415,2026-03-31T13:41:29.000Z,1,https://www.tiktok.com/@liputan6.sctv/video/7621442575928528129,https://www.tiktok.com/@liputan6.sctv/video/7621442575928528129?commentId=7623414388108657415,scraping_tiktok,sukmakurniawan720,"Iya pak ribet, ne baru ngerjain krn trakhir tgl 31"
7623645953732428562,2026-04-01T04:40:07.000Z,1,https://www.tiktok.com/@liputan6.sctv/video/7621442575928528129,https://www.tiktok.com/@liputan6.sctv/video/7621442575928528129?commentId=7623645953732428562,scraping_tiktok,arulracungadget,menteri nya aja Bingung apalagi saya yang orang awam pak yang nggak tau apa-apa tentang pajak. 😌😌😌
7622873761146012436,2026-03-30T02:43:38.000Z,1,https://www.tiktok.com/@liputan6.sctv/video/7621442575928528129,https://www.tiktok.com/@liputan6.sctv/video/7621442575928528129?commentId=7622873761146012436,scraping_tiktok,mas_jawa.16,ribet
7623186926405878548,2026-03-30T22:59:12.000Z,2,https://www.tiktok.com/@liputan6.sctv/video/7621442575928528129,https://www.tiktok.com/@liputan6.sctv/video/7621442575928528129?commentId=7623186926405878548,scraping_tiktok,keongsawah63626,bikin puyeng.....
7634406747411694337,2026-04-30T04:37:38.000Z,1,https://www.tiktok.com/@liputan6.sctv/video/7621442575928528129,https://www.tiktok.com/@liputan6.sctv/video/7621442575928528129?commentId=7634406747411694337,scraping_tiktok,babang.sleketep07,lupa efin ga bisa d bntu
7622637406394991380,2026-03-29T11:26:25.000Z,2,https://www.tiktok.com/@liputan6.sctv/video/7621442575928528129,https://www.tiktok.com/@liputan6.sctv/video/7621442575928528129?commentId=7622637406394991380,scraping_tiktok,al.az646,"bener banget pak, aku mau lapor an aja bingung, padahal yang versi lama lebih mudah"
7622619604401914644,2026-03-29T10:17:23.000Z,1,https://www.tiktok.com/@liputan6.sctv/video/7621442575928528129,https://www.tiktok.com/@liputan6.sctv/video/7621442575928528129?commentId=7622619604401914644,scraping_tiktok,riobd2,Ribet
7622722000092627720,2026-03-29T16:54:43.000Z,4,https://www.tiktok.com/@liputan6.sctv/video/7621442575928528129,https://www.tiktok.com/@liputan6.sctv/video/7621442575928528129?commentId=7622722000092627720,scraping_tiktok,by.vnsa,"saya 3 hari blm bisa juga, ada yg blm keidi gara gara sistem nya lemot"
7622825064601436936,2026-03-29T23:34:47.000Z,1,https://www.tiktok.com/@liputan6.sctv/video/7621442575928528129,https://www.tiktok.com/@liputan6.sctv/video/7621442575928528129?commentId=7622825064601436936,scraping_tiktok,iyan.bustamar,"saya aja mau lapor spt tahunan, isi tahun laporannya aja gk keluar2, sampe subuh gw coba. gk keluar2"
7623093088194298625,2026-03-30T16:54:41.000Z,3,https://www.tiktok.com/@liputan6.sctv/video/7621442575928528129,https://www.tiktok.com/@liputan6.sctv/video/7621442575928528129?commentId=7623093088194298625,scraping_tiktok,rzm558,bikin tmbh pusing😳
7623379030842491669,2026-03-31T11:24:18.000Z,2,https://www.tiktok.com/@liputan6.sctv/video/7621442575928528129,https://www.tiktok.com/@liputan6.sctv/video/7621442575928528129?commentId=7623379030842491669,scraping_tiktok,microo.sd,SETUJU PAK😭
7623072165978276629,2026-03-30T15:33:31.000Z,4,https://www.tiktok.com/@liputan6.sctv/video/7621442575928528129,https://www.tiktok.com/@liputan6.sctv/video/7621442575928528129?commentId=7623072165978276629,scraping_tiktok,yeheybeldivanysia64,"ribett pak, lebih simple DJP 😭😭🙏"
7623089636944560914,2026-03-30T16:41:17.000Z,2,https://www.tiktok.com/@liputan6.sctv/video/7621442575928528129,https://www.tiktok.com/@liputan6.sctv/video/7621442575928528129?commentId=7623089636944560914,scraping_tiktok,04.balmond,"saya aja sampai bolak blik mke hp laptop, modal tutor dri tiktok. isi pulsa buat kode otp. sebulan ada tu ngurusnya😂"
7622823597719405332,2026-03-29T23:29:13.000Z,2,https://www.tiktok.com/@liputan6.sctv/video/7621442575928528129,https://www.tiktok.com/@liputan6.sctv/video/7621442575928528129?commentId=7622823597719405332,scraping_tiktok,coalmining07,login berkali2 tpi sllu minta uba pasword. ya gak jadi😁
7626209772157125384,2026-04-08T02:29:05.000Z,1,https://www.tiktok.com/@liputan6.sctv/video/7621442575928528129,https://www.tiktok.com/@liputan6.sctv/video/7621442575928528129?commentId=7626209772157125384,scraping_tiktok,mianudifana,gak bisa login bjirrr 😤😤😤
7625092015042642708,2026-04-05T02:11:39.000Z,3,https://www.tiktok.com/@liputan6.sctv/video/7621442575928528129,https://www.tiktok.com/@liputan6.sctv/video/7621442575928528129?commentId=7625092015042642708,scraping_tiktok,luciahsd,coretax sialan
7622743426554970901,2026-03-29T18:17:48.000Z,1,https://www.tiktok.com/@liputan6.sctv/video/7621442575928528129,https://www.tiktok.com/@liputan6.sctv/video/7621442575928528129?commentId=7622743426554970901,scraping_tiktok,tobi34886,sampe sekarang blm bisa login
7621532498792006418,2026-03-26T11:58:52.000Z,10,https://www.tiktok.com/@liputan6.sctv/video/7621442575928528129,https://www.tiktok.com/@liputan6.sctv/video/7621442575928528129?commentId=7621532498792006418,scraping_tiktok,deculhunter,"udah bayar lapor sendiri pula, susah pula itu 😂"
7621595239119454996,2026-03-26T16:02:14.000Z,8,https://www.tiktok.com/@liputan6.sctv/video/7621442575928528129,https://www.tiktok.com/@liputan6.sctv/video/7621442575928528129?commentId=7621595239119454996,scraping_tiktok,nila.wanna,Uda bagus DJP Online yang lama.. simple gak ribet2 kayak coretax. Ini mah kayak mau ngisi soal ujian PNS aja 😂.
7621548174206796562,2026-03-26T12:59:37.000Z,5,https://www.tiktok.com/@liputan6.sctv/video/7621442575928528129,https://www.tiktok.com/@liputan6.sctv/video/7621442575928528129?commentId=7621548174206796562,scraping_tiktok,san_samh,"Tolong buat yang simpel aja , jngn buat pusing masyarakat"
7621557681405018887,2026-03-26T13:36:30.000Z,22,https://www.tiktok.com/@liputan6.sctv/video/7621442575928528129,https://www.tiktok.com/@liputan6.sctv/video/7621442575928528129?commentId=7621557681405018887,scraping_tiktok,papayukiyumi,"coretax aplikasi yang paham cuma pegawai pajak sendiri, malah lebih simple aplikasi lama"
7621560176299492113,2026-03-26T13:46:16.000Z,5,https://www.tiktok.com/@liputan6.sctv/video/7621442575928528129,https://www.tiktok.com/@liputan6.sctv/video/7621442575928528129?commentId=7621560176299492113,scraping_tiktok,lee.snds.x,perkara email kudu capslok papur sya stres 2 hari kaga bisa login
7621476537627575057,2026-03-26T08:21:36.000Z,21,https://www.tiktok.com/@liputan6.sctv/video/7621442575928528129,https://www.tiktok.com/@liputan6.sctv/video/7621442575928528129?commentId=7621476537627575057,scraping_tiktok,nnssfff,"Tp menurutku lebih mudah yg sekarnag, karena udah autofill data2nya. Dulu harus input manual kan yg jujur itu bingung banget, penghasilan brutolah blanlabala. Walopun yg sekarang ribet dan suka error tp cukup ngebantulahhh😁"
7621485912974820104,2026-03-26T08:57:57.000Z,10,https://www.tiktok.com/@liputan6.sctv/video/7621442575928528129,https://www.tiktok.com/@liputan6.sctv/video/7621442575928528129?commentId=7621485912974820104,scraping_tiktok,ika_kiimeka,"balikin ke djp online aja pak, saya kebaca kurang bayar gak kira² lg, padhal saat djp saya nihil, saya jg dah input daftar aset dan utang. tp di coretax salah input dikit jd kurang byar, kita nih orang awam soal pajak, tiap bulan dipotong pajak, berharap pas hrs lapor yaudh selesai gtu jgn dibikin makin pusing. telat lapor kena denda"
7621531321035031314,2026-03-26T11:54:13.000Z,11,https://www.tiktok.com/@liputan6.sctv/video/7621442575928528129,https://www.tiktok.com/@liputan6.sctv/video/7621442575928528129?commentId=7621531321035031314,scraping_tiktok,sibayanggg,Sedih pak purbaya kurus bgt 😭
7621459186291753748,2026-03-26T07:14:17.000Z,35,https://www.tiktok.com/@liputan6.sctv/video/7621442575928528129,https://www.tiktok.com/@liputan6.sctv/video/7621442575928528129?commentId=7621459186291753748,scraping_tiktok,libra19.5,"kita sudah rutin bayar pajak, tapi kenapa di bikin rumit laporanya"
7621482964141310740,2026-03-26T08:46:44.000Z,6,https://www.tiktok.com/@liputan6.sctv/video/7621442575928528129,https://www.tiktok.com/@liputan6.sctv/video/7621442575928528129?commentId=7621482964141310740,scraping_tiktok,ratnaanggita0,Aku sampai sekarang belum lapor bingung ngak bisa” gampang yg dulu
7621905460144964373,2026-03-27T12:06:07.000Z,7,https://www.tiktok.com/@liputan6.sctv/video/7621442575928528129,https://www.tiktok.com/@liputan6.sctv/video/7621442575928528129?commentId=7621905460144964373,scraping_tiktok,haneena.nadhira,bagusan djp
7641603527689814804,2026-05-19T14:04:43.000Z,0,https://www.tiktok.com/@liputan6.sctv/video/7621442575928528129,https://www.tiktok.com/@liputan6.sctv/video/7621442575928528129?commentId=7641603527689814804,scraping_tiktok,mama_rafasyaaa,"iyaaa semenjak coretax Hadi sulit
kembali yg ke lama aja"
7621495315322127105,2026-03-26T09:34:45.000Z,8,https://www.tiktok.com/@liputan6.sctv/video/7621442575928528129,https://www.tiktok.com/@liputan6.sctv/video/7621442575928528129?commentId=7621495315322127105,scraping_tiktok,anrra23,Bagus si pak visualnya mneurut saya tpi emang bener “bikin bingung😂😂😂 banyak bgd yg harus di klikkk.
7621527139464102676,2026-03-26T11:37:58.000Z,5,https://www.tiktok.com/@liputan6.sctv/video/7621442575928528129,https://www.tiktok.com/@liputan6.sctv/video/7621442575928528129?commentId=7621527139464102676,scraping_tiktok,bjbgvgn,"ribetttt asli lapor"" spt"
7621546078919262984,2026-03-26T12:51:25.000Z,6,https://www.tiktok.com/@liputan6.sctv/video/7621442575928528129,https://www.tiktok.com/@liputan6.sctv/video/7621442575928528129?commentId=7621546078919262984,scraping_tiktok,hnnilst,"kita yang bayar, kita yang lapor, kita juga yang puyeng"
7621547033442583297,2026-03-26T12:55:13.000Z,5,https://www.tiktok.com/@liputan6.sctv/video/7621442575928528129,https://www.tiktok.com/@liputan6.sctv/video/7621442575928528129?commentId=7621547033442583297,scraping_tiktok,daenv06,berat bet jadi pak Pur dri raut wajah ny seperti ny banyak sekali beban di pikul sehat¹ terus pak Pur tetap semangat🥰
7621456772045308693,2026-03-26T07:04:52.000Z,5,https://www.tiktok.com/@liputan6.sctv/video/7621442575928528129,https://www.tiktok.com/@liputan6.sctv/video/7621442575928528129?commentId=7621456772045308693,scraping_tiktok,cecejulyang,Tahun ni lapor pajak coretax nya membangongkan da ribet
7623020500290257665,2026-03-30T12:13:01.000Z,0,https://www.tiktok.com/@liputan6.sctv/video/7621442575928528129,https://www.tiktok.com/@liputan6.sctv/video/7621442575928528129?commentId=7623020500290257665,scraping_tiktok,herlin3655,nda jelas memang
7621454432232850183,2026-03-26T06:56:51.000Z,12,https://www.tiktok.com/@liputan6.sctv/video/7621442575928528129,https://www.tiktok.com/@liputan6.sctv/video/7621442575928528129?commentId=7621454432232850183,scraping_tiktok,zero.trace707,bagusan yg di web djp dlu lebih friendly dan gak kaku
7621498182258328336,2026-03-26T09:45:37.000Z,28,https://www.tiktok.com/@liputan6.sctv/video/7621442575928528129,https://www.tiktok.com/@liputan6.sctv/video/7621442575928528129?commentId=7621498182258328336,scraping_tiktok,pgun01,UI UX nya kurang berarti ya
7621443104303203089,2026-03-26T06:12:10.000Z,6,https://www.tiktok.com/@liputan6.sctv/video/7621442575928528129,https://www.tiktok.com/@liputan6.sctv/video/7621442575928528129?commentId=7621443104303203089,scraping_tiktok,yuddard08,yap bener gw mau lapor pajak aja pusing kepala gw menunya berantakan
7621445641793798933,2026-03-26T06:21:51.000Z,5,https://www.tiktok.com/@liputan6.sctv/video/7621442575928528129,https://www.tiktok.com/@liputan6.sctv/video/7621442575928528129?commentId=7621445641793798933,scraping_tiktok,surtinarahmi,"Gara2 coretex gue salah input, rugi hampir 15juta g😭"
7621475039712559892,2026-03-26T08:15:57.000Z,5,https://www.tiktok.com/@liputan6.sctv/video/7621442575928528129,https://www.tiktok.com/@liputan6.sctv/video/7621442575928528129?commentId=7621475039712559892,scraping_tiktok,andritw._,Anggaran Coretax besar loh padahal😂 wanj banget
7622431826581717780,2026-03-28T22:08:51.000Z,4,https://www.tiktok.com/@liputan6.sctv/video/7621442575928528129,https://www.tiktok.com/@liputan6.sctv/video/7621442575928528129?commentId=7622431826581717780,scraping_tiktok,luthfi_mubarok19,CORETAX aplikasi bintang 1
7621559436369478418,2026-03-26T13:43:23.000Z,2,https://www.tiktok.com/@liputan6.sctv/video/7621442575928528129,https://www.tiktok.com/@liputan6.sctv/video/7621442575928528129?commentId=7621559436369478418,scraping_tiktok,buynbuyer,"gw mau nanya dong, gw freshgraduated. ada beberapa loker yang butuh NPWP. menurut kalian apakah buat npwp tanpa ada penghasilan bisa?. apakah harus tetap lapor terus tiap tahun?"
7621453400015618837,2026-03-26T06:51:48.000Z,2,https://www.tiktok.com/@liputan6.sctv/video/7621442575928528129,https://www.tiktok.com/@liputan6.sctv/video/7621442575928528129?commentId=7621453400015618837,scraping_tiktok,canonpanda08,"Proyek pengadaan 1,3 T, bapak sebagai menteri sebagai PA bilang salah design? Kalau bapak paham konsep pengadaan barang jasa, bapak bisa periksa itu PPK dan KPA pengadaan coretan melalui inspektorat bapak."
7621539219034604295,2026-03-26T12:24:49.000Z,2,https://www.tiktok.com/@liputan6.sctv/video/7621442575928528129,https://www.tiktok.com/@liputan6.sctv/video/7621442575928528129?commentId=7621539219034604295,scraping_tiktok,nonaalind_,"mumet, kenapa kurang bayar terus😳"
7621553226417275669,2026-03-26T13:19:17.000Z,4,https://www.tiktok.com/@liputan6.sctv/video/7621442575928528129,https://www.tiktok.com/@liputan6.sctv/video/7621442575928528129?commentId=7621553226417275669,scraping_tiktok,ongbinho,purbaya beda bgt sma pas pertama kali jdi mentri sekarang kurus bgt
7637562077190079239,2026-05-08T16:41:46.000Z,3,https://www.tiktok.com/@liputan6.sctv/video/7621442575928528129,https://www.tiktok.com/@liputan6.sctv/video/7621442575928528129?commentId=7637562077190079239,scraping_tiktok,bykailamalik,"JJUJURRRRRRR GASUKA SMA CORETAXXX , better djp biasa 🥲"
7622112757257618184,2026-03-28T01:30:33.000Z,3,https://www.tiktok.com/@liputan6.sctv/video/7621442575928528129,https://www.tiktok.com/@liputan6.sctv/video/7621442575928528129?commentId=7622112757257618184,scraping_tiktok,jiell.collection,Aku belum lapor spt sampe resign belum juga. Gegara susah harus minta kode efin ke kantor pajak langsung sedangkan kerja diluar kota. Ga bisa by online dapetin efin kode doang 🙂
7621539609888998160,2026-03-26T12:26:23.000Z,3,https://www.tiktok.com/@liputan6.sctv/video/7621442575928528129,https://www.tiktok.com/@liputan6.sctv/video/7621442575928528129?commentId=7621539609888998160,scraping_tiktok,eko.poetra.wardhana,Menurut saya setelah mencoba isi SPT pake coretax cukup mudah kok mgkn blm familier saja
7623401981071082247,2026-03-31T12:53:16.000Z,2,https://www.tiktok.com/@liputan6.sctv/video/7621442575928528129,https://www.tiktok.com/@liputan6.sctv/video/7621442575928528129?commentId=7623401981071082247,scraping_tiktok,iamagisaa,pertanyaanya membingungkan pak 😭
7623576509542646544,2026-04-01T00:10:58.000Z,1,https://www.tiktok.com/@liputan6.sctv/video/7621442575928528129,https://www.tiktok.com/@liputan6.sctv/video/7621442575928528129?commentId=7623576509542646544,scraping_tiktok,saefull552,gk bsa aktivasi akun 😭
7623293691168801556,2026-03-31T05:53:21.000Z,1,https://www.tiktok.com/@liputan6.sctv/video/7621442575928528129,https://www.tiktok.com/@liputan6.sctv/video/7621442575928528129?commentId=7623293691168801556,scraping_tiktok,imeng96,"Mau aktivasi aja susah betul, udah disuruh bayar, suruh laporan, suruh sabar pula sama appnya 🤨"
7623272255002968852,2026-03-31T04:30:05.000Z,1,https://www.tiktok.com/@liputan6.sctv/video/7621442575928528129,https://www.tiktok.com/@liputan6.sctv/video/7621442575928528129?commentId=7623272255002968852,scraping_tiktok,sikasma,gua gak bisa login weee
7622950709747958548,2026-03-30T07:42:21.000Z,1,https://www.tiktok.com/@liputan6.sctv/video/7621442575928528129,https://www.tiktok.com/@liputan6.sctv/video/7621442575928528129?commentId=7622950709747958548,scraping_tiktok,erni3382,setuju ribet amat pusing kita dibuatnya
7633726763147232007,2026-04-28T08:38:47.000Z,1,https://www.tiktok.com/@liputan6.sctv/video/7621442575928528129,https://www.tiktok.com/@liputan6.sctv/video/7621442575928528129?commentId=7633726763147232007,scraping_tiktok,nurlaelahfitri,"sumpah sdh 5 hari gk bs diakses sm skli gk bs login 😭😭😭😭 laporan sdh mau akhir tp blm. bs masuk pak Purbaya, apa bs masuk ke DJPonline saja"
7624849961579381521,2026-04-04T10:32:22.000Z,1,https://www.tiktok.com/@liputan6.sctv/video/7621442575928528129,https://www.tiktok.com/@liputan6.sctv/video/7621442575928528129?commentId=7624849961579381521,scraping_tiktok,ph1_nk,"kurang bayar mulu, aneh"
7622654650383647495,2026-03-29T12:33:20.000Z,1,https://www.tiktok.com/@liputan6.sctv/video/7621442575928528129,https://www.tiktok.com/@liputan6.sctv/video/7621442575928528129?commentId=7622654650383647495,scraping_tiktok,bpk2.sales,saya pusing pak.. gak. paham ini 😏🤣
7622518647173743378,2026-03-29T03:45:38.000Z,2,https://www.tiktok.com/@liputan6.sctv/video/7621442575928528129,https://www.tiktok.com/@liputan6.sctv/video/7621442575928528129?commentId=7622518647173743378,scraping_tiktok,missnuqdiary,pusing pakk
7622623950941700881,2026-03-29T10:34:10.000Z,3,https://www.tiktok.com/@liputan6.sctv/video/7621442575928528129,https://www.tiktok.com/@liputan6.sctv/video/7621442575928528129?commentId=7622623950941700881,scraping_tiktok,lulu.tjp,sumpah ribet bgt
7622469706791961361,2026-03-29T00:35:41.000Z,3,https://www.tiktok.com/@liputan6.sctv/video/7621442575928528129,https://www.tiktok.com/@liputan6.sctv/video/7621442575928528129?commentId=7622469706791961361,scraping_tiktok,_ayusafitri29,Asli kmrn lapor di cortex puyeng banget seharian 😌
7623642094061929224,2026-04-01T04:25:08.000Z,3,https://www.tiktok.com/@liputan6.sctv/video/7621442575928528129,https://www.tiktok.com/@liputan6.sctv/video/7621442575928528129?commentId=7623642094061929224,scraping_tiktok,imas_gina1,mending effiling gampang gak berbelit2
7629397035448632071,2026-04-16T16:37:15.000Z,2,https://www.tiktok.com/@liputan6.sctv/video/7621442575928528129,https://www.tiktok.com/@liputan6.sctv/video/7621442575928528129?commentId=7629397035448632071,scraping_tiktok,misotori_,Nahh berarti bukan saya aja yang merasa kalo coretex ribet 😭
7622495839320245010,2026-03-29T02:17:07.000Z,3,https://www.tiktok.com/@liputan6.sctv/video/7621442575928528129,https://www.tiktok.com/@liputan6.sctv/video/7621442575928528129?commentId=7622495839320245010,scraping_tiktok,blokir_twrus,aku benciiiiiii tiap tahun lapor SPT yg ribetttttt sekali. tolong ya saya ini manusia taat lapor pajakkkk . sudah saya bayar pajak tolong permudah saya lapor SPT yg tidak ribet. saya lapor pajak hampir seharian fokus ngerjain itu aja. blm lagi salah dan kebanyakan ngulang mulu
7623421160370078481,2026-03-31T14:07:44.000Z,1,https://www.tiktok.com/@liputan6.sctv/video/7621442575928528129,https://www.tiktok.com/@liputan6.sctv/video/7621442575928528129?commentId=7623421160370078481,scraping_tiktok,anitafp20,Ribet pak verifikasi ngapain smpe 2x email sm sms itupun gk masuk2
7622501533288203028,2026-03-29T02:39:11.000Z,2,https://www.tiktok.com/@liputan6.sctv/video/7621442575928528129,https://www.tiktok.com/@liputan6.sctv/video/7621442575928528129?commentId=7622501533288203028,scraping_tiktok,membanyu,ribett. ribet ribett
7623712279346922258,2026-04-01T08:57:26.000Z,2,https://www.tiktok.com/@liputan6.sctv/video/7621442575928528129,https://www.tiktok.com/@liputan6.sctv/video/7621442575928528129?commentId=7623712279346922258,scraping_tiktok,lob1ob,gw telat lapor spt gara2 tombol pilihan lapor bayar ga muncul
7622530587228422929,2026-03-29T04:32:07.000Z,1,https://www.tiktok.com/@liputan6.sctv/video/7621442575928528129,https://www.tiktok.com/@liputan6.sctv/video/7621442575928528129?commentId=7622530587228422929,scraping_tiktok,kanesya422,aku aj gagal terus dari kemaren padahal terahir tgl 30 maret 2026 ini
7622509270528967444,2026-03-29T03:11:19.000Z,1,https://www.tiktok.com/@liputan6.sctv/video/7621442575928528129,https://www.tiktok.com/@liputan6.sctv/video/7621442575928528129?commentId=7622509270528967444,scraping_tiktok,berdamaideh,"bingung xxx, mau lapor SPT gak ngerti."
7623781169852023572,2026-04-01T13:24:52.000Z,1,https://www.tiktok.com/@liputan6.sctv/video/7621442575928528129,https://www.tiktok.com/@liputan6.sctv/video/7621442575928528129?commentId=7623781169852023572,scraping_tiktok,mochali007,Ini batas lporny smpai akir bulan 4 ya. Yg tau bntu jwb
7634388958353589012,2026-04-30T03:28:40.000Z,1,https://www.tiktok.com/@liputan6.sctv/video/7621442575928528129,https://www.tiktok.com/@liputan6.sctv/video/7621442575928528129?commentId=7634388958353589012,scraping_tiktok,valarth4,"coretax susah di akses, sistem kaku"
7622520130292368136,2026-03-29T03:51:23.000Z,1,https://www.tiktok.com/@liputan6.sctv/video/7621442575928528129,https://www.tiktok.com/@liputan6.sctv/video/7621442575928528129?commentId=7622520130292368136,scraping_tiktok,its.ma_mine,sumpil baru liat tutor nya aja udah mumet 😭
7622880682875929365,2026-03-30T03:10:29.000Z,2,https://www.tiktok.com/@liputan6.sctv/video/7621442575928528129,https://www.tiktok.com/@liputan6.sctv/video/7621442575928528129?commentId=7622880682875929365,scraping_tiktok,ummuazmi_aghnia,mauu lapor susah bgt😭😭😭
7623113139530187541,2026-03-30T18:12:33.000Z,2,https://www.tiktok.com/@liputan6.sctv/video/7621442575928528129,https://www.tiktok.com/@liputan6.sctv/video/7621442575928528129?commentId=7623113139530187541,scraping_tiktok,fakhdam,ribett bangett ngisinya. bikin pusing. jd malas ngisi
7622092043946590996,2026-03-28T00:10:20.000Z,4,https://www.tiktok.com/@liputan6.sctv/video/7621442575928528129,https://www.tiktok.com/@liputan6.sctv/video/7621442575928528129?commentId=7622092043946590996,scraping_tiktok,sigittttt93,"tolong dibenahi lagi jujur saya kerepotan krna si coretax, mau lapor saja susah"
7627794816889291538,2026-04-12T08:59:42.000Z,1,https://www.tiktok.com/@liputan6.sctv/video/7621442575928528129,https://www.tiktok.com/@liputan6.sctv/video/7621442575928528129?commentId=7627794816889291538,scraping_tiktok,omniayos,MAU LAPOR GABISA LOGIN2 RIBET
7631797106584437512,2026-04-23T03:50:50.000Z,0,https://www.tiktok.com/@liputan6.sctv/video/7621442575928528129,https://www.tiktok.com/@liputan6.sctv/video/7621442575928528129?commentId=7631797106584437512,scraping_tiktok,user3358476303327,aneh nominal jalan sndri. stres sya gara2 cortex ngga tau data dri mana yg ditarik. tiba2 nominal diakun cortex jalan sndri ngisi2 sndri pdhal ngga diklik apa2.
7622817190438748936,2026-03-29T23:04:30.000Z,2,https://www.tiktok.com/@liputan6.sctv/video/7621442575928528129,https://www.tiktok.com/@liputan6.sctv/video/7621442575928528129?commentId=7622817190438748936,scraping_tiktok,hei.rizk,mau daftar di coretax aja eror terus..
7621477833109816084,2026-03-26T08:26:42.000Z,2,https://www.tiktok.com/@liputan6.sctv/video/7621442575928528129,https://www.tiktok.com/@liputan6.sctv/video/7621442575928528129?commentId=7621477833109816084,scraping_tiktok,susanagafialagasi,"Mumet pak lebih ke pertanyaan nya banyak banget kalimat² yg ambigu,belum lagi kalau hank,internet gak lancar jadi mental terus,ini mau lapor SPT tahunan badan gak selesai²"
7633320452777394961,2026-04-27T06:22:08.000Z,1,https://www.tiktok.com/@liputan6.sctv/video/7621442575928528129,https://www.tiktok.com/@liputan6.sctv/video/7621442575928528129?commentId=7633320452777394961,scraping_tiktok,alpian949,Susah login nya pula 🤣🤣🤣
7621541321232384786,2026-03-26T12:32:59.000Z,4,https://www.tiktok.com/@liputan6.sctv/video/7621442575928528129,https://www.tiktok.com/@liputan6.sctv/video/7621442575928528129?commentId=7621541321232384786,scraping_tiktok,ijolumut198,sejak saya gagal login terus di coretax saya putuskan tdk usah lapor
7621519687294583573,2026-03-26T11:09:10.000Z,1,https://www.tiktok.com/@liputan6.sctv/video/7621442575928528129,https://www.tiktok.com/@liputan6.sctv/video/7621442575928528129?commentId=7621519687294583573,scraping_tiktok,aa__jkt89,coretax bikin gw pusing....😭
7622948464276898578,2026-03-30T07:33:32.000Z,0,https://www.tiktok.com/@liputan6.sctv/video/7621442575928528129,https://www.tiktok.com/@liputan6.sctv/video/7621442575928528129?commentId=7622948464276898578,scraping_tiktok,danlie77,"muter muter ngisi coretax
,inilah itulah eror muluuu,
sampe muaaak....."
7621553018581336833,2026-03-26T13:18:27.000Z,2,https://www.tiktok.com/@liputan6.sctv/video/7621442575928528129,https://www.tiktok.com/@liputan6.sctv/video/7621442575928528129?commentId=7621553018581336833,scraping_tiktok,rakaalfa42,bener nyesek kl kurang bayar pas desember dipotong hampir jutaan 🥺🥺🥺
7622249607369097985,2026-03-28T10:21:37.000Z,2,https://www.tiktok.com/@liputan6.sctv/video/7621442575928528129,https://www.tiktok.com/@liputan6.sctv/video/7621442575928528129?commentId=7622249607369097985,scraping_tiktok,handcraftgresik,apalagi kalau login lewat hp. pusing banget 😭😭😭
7623061085725246224,2026-03-30T14:50:26.000Z,0,https://www.tiktok.com/@liputan6.sctv/video/7621442575928528129,https://www.tiktok.com/@liputan6.sctv/video/7621442575928528129?commentId=7623061085725246224,scraping_tiktok,sukainstanstore,"terlalu ribet , bagus yg lama DJP"
7621988062831149831,2026-03-27T17:26:38.000Z,1,https://www.tiktok.com/@liputan6.sctv/video/7621442575928528129,https://www.tiktok.com/@liputan6.sctv/video/7621442575928528129?commentId=7621988062831149831,scraping_tiktok,gracefuldizul,"Yang biken ribet itu kenapa LEBIH BAYAR dan KURANG BAYAR gak bisa balance…. Binggung kali, lihat di YouTube pun binggung"
7622333091101262599,2026-03-28T15:45:29.000Z,1,https://www.tiktok.com/@liputan6.sctv/video/7621442575928528129,https://www.tiktok.com/@liputan6.sctv/video/7621442575928528129?commentId=7622333091101262599,scraping_tiktok,callme_ipa,Nyusahin😭kita yg bayar😭kita yg lapor😭ribettt bgt dri jam 11 sampe ashar ngurusin coretax gk beres2
7621592219732624145,2026-03-26T15:50:29.000Z,2,https://www.tiktok.com/@liputan6.sctv/video/7621442575928528129,https://www.tiktok.com/@liputan6.sctv/video/7621442575928528129?commentId=7621592219732624145,scraping_tiktok,waydelee,Sinkronisasi akunnya gimana si katanya belum terdaftar tp pas didaftarkan sudah terdaftar. pusing gua mana ngurusin punya banyak karyawna.
7622915091319128852,2026-03-30T05:24:02.000Z,1,https://www.tiktok.com/@liputan6.sctv/video/7621442575928528129,https://www.tiktok.com/@liputan6.sctv/video/7621442575928528129?commentId=7622915091319128852,scraping_tiktok,dewilstaa_,"Bener, bikin error muluu"
7623300241030644501,2026-03-31T06:18:36.000Z,2,https://www.tiktok.com/@liputan6.sctv/video/7621442575928528129,https://www.tiktok.com/@liputan6.sctv/video/7621442575928528129?commentId=7623300241030644501,scraping_tiktok,malikaaa643,ribet pak lihat tutorial malah makin bingung😭 cobalah itu pegawai pajak suruh buat video tutorial lapor spt tahunan smpk slsi😌
7623854882709422869,2026-04-01T18:10:53.000Z,2,https://www.tiktok.com/@liputan6.sctv/video/7621442575928528129,https://www.tiktok.com/@liputan6.sctv/video/7621442575928528129?commentId=7623854882709422869,scraping_tiktok,austhine_,"pak purr coretax banyak eror nya, buat satu npwp aja pulsa uda abis 20 rebu itupun sampe sekarang belum berhasil bikin😭"
7622523849956115208,2026-03-29T04:05:49.000Z,2,https://www.tiktok.com/@liputan6.sctv/video/7621442575928528129,https://www.tiktok.com/@liputan6.sctv/video/7621442575928528129?commentId=7622523849956115208,scraping_tiktok,citracarolina_,IYA BIKIN BINGUNG
7623320553428026132,2026-03-31T07:37:24.000Z,2,https://www.tiktok.com/@liputan6.sctv/video/7621442575928528129,https://www.tiktok.com/@liputan6.sctv/video/7621442575928528129?commentId=7623320553428026132,scraping_tiktok,ratu.fusvitasari,"jangan kan orang awam ,kita aja pusing"
7623070961512121096,2026-03-30T15:28:46.000Z,2,https://www.tiktok.com/@liputan6.sctv/video/7621442575928528129,https://www.tiktok.com/@liputan6.sctv/video/7621442575928528129?commentId=7623070961512121096,scraping_tiktok,adhi_jrs,Pak info nurunin BB
7623810683829764872,2026-04-01T15:19:13.000Z,2,https://www.tiktok.com/@liputan6.sctv/video/7621442575928528129,https://www.tiktok.com/@liputan6.sctv/video/7621442575928528129?commentId=7623810683829764872,scraping_tiktok,qasthalani,"lbh simple yg Lama ,yg baru gagal mulu"
7622510600476033809,2026-03-29T03:14:21.000Z,2,https://www.tiktok.com/@liputan6.sctv/video/7621442575928528129,https://www.tiktok.com/@liputan6.sctv/video/7621442575928528129?commentId=7622510600476033809,scraping_tiktok,user1878328192717,ribet banget sumpah.
7622469934564377364,2026-03-29T00:36:41.000Z,2,https://www.tiktok.com/@liputan6.sctv/video/7621442575928528129,https://www.tiktok.com/@liputan6.sctv/video/7621442575928528129?commentId=7622469934564377364,scraping_tiktok,lasaraban98,"bener pak, sudah berusaha lapor pajak tapi buat akunnya ribet"
7621552947923403540,2026-03-26T13:18:10.000Z,2,https://www.tiktok.com/@liputan6.sctv/video/7621442575928528129,https://www.tiktok.com/@liputan6.sctv/video/7621442575928528129?commentId=7621552947923403540,scraping_tiktok,hanyaaku771,"Gw udh lapor tapi jujur pusing, udah bener yg dulu, dirubah2 terus"
7623328743847183124,2026-03-31T08:09:17.000Z,2,https://www.tiktok.com/@liputan6.sctv/video/7621442575928528129,https://www.tiktok.com/@liputan6.sctv/video/7621442575928528129?commentId=7623328743847183124,scraping_tiktok,bundaabra,emang pak saya aja pusing iris pajak
7623491248594092808,2026-03-31T18:39:42.000Z,2,https://www.tiktok.com/@liputan6.sctv/video/7621442575928528129,https://www.tiktok.com/@liputan6.sctv/video/7621442575928528129?commentId=7623491248594092808,scraping_tiktok,masha_dmynt,ribet bgt sumpah gue ngerjain berjam2 yg biasanya cuma brp menit selese. tapi gue bangga banget sm diri gue sendiri ternyata gue berhasil😁sebuah pencapaian gue di bulan ini🥳👏👏
7622580915249382151,2026-03-29T07:47:15.000Z,2,https://www.tiktok.com/@liputan6.sctv/video/7621442575928528129,https://www.tiktok.com/@liputan6.sctv/video/7621442575928528129?commentId=7622580915249382151,scraping_tiktok,chiahamstershop,semenjak coretax saya males lapor pajak..ribet
7621559066662748944,2026-03-26T13:42:00.000Z,2,https://www.tiktok.com/@liputan6.sctv/video/7621442575928528129,https://www.tiktok.com/@liputan6.sctv/video/7621442575928528129?commentId=7621559066662748944,scraping_tiktok,rosetofame,Plis balikin djponline aja
7622630616349852434,2026-03-29T11:00:02.000Z,2,https://www.tiktok.com/@liputan6.sctv/video/7621442575928528129,https://www.tiktok.com/@liputan6.sctv/video/7621442575928528129?commentId=7622630616349852434,scraping_tiktok,deri2712,Asli laporan malh tambh belibet..
7623794460912829192,2026-04-01T14:16:20.000Z,2,https://www.tiktok.com/@liputan6.sctv/video/7621442575928528129,https://www.tiktok.com/@liputan6.sctv/video/7621442575928528129?commentId=7623794460912829192,scraping_tiktok,liliboy.a,ribet amat 🗿
7622026663933313800,2026-03-27T19:56:26.000Z,2,https://www.tiktok.com/@liputan6.sctv/video/7621442575928528129,https://www.tiktok.com/@liputan6.sctv/video/7621442575928528129?commentId=7622026663933313800,scraping_tiktok,melfit03,betul pak
7622488826594607873,2026-03-29T01:49:58.000Z,2,https://www.tiktok.com/@liputan6.sctv/video/7621442575928528129,https://www.tiktok.com/@liputan6.sctv/video/7621442575928528129?commentId=7622488826594607873,scraping_tiktok,anake_pak_anton2708,seharian gua ngerjain SPT lewat coretax
7621882865185637138,2026-03-27T10:38:23.000Z,2,https://www.tiktok.com/@liputan6.sctv/video/7621442575928528129,https://www.tiktok.com/@liputan6.sctv/video/7621442575928528129?commentId=7621882865185637138,scraping_tiktok,reizasenjaya,kok makin kurus
7621707662644134676,2026-03-26T23:18:47.000Z,2,https://www.tiktok.com/@liputan6.sctv/video/7621442575928528129,https://www.tiktok.com/@liputan6.sctv/video/7621442575928528129?commentId=7621707662644134676,scraping_tiktok,dininara.59,"harus input 1 aset, mksa banget😭"
7623046886610060052,2026-03-30T13:55:24.000Z,2,https://www.tiktok.com/@liputan6.sctv/video/7621442575928528129,https://www.tiktok.com/@liputan6.sctv/video/7621442575928528129?commentId=7623046886610060052,scraping_tiktok,sandiary41,ribet banget sumpah
7622865285054317333,2026-03-30T02:10:54.000Z,2,https://www.tiktok.com/@liputan6.sctv/video/7621442575928528129,https://www.tiktok.com/@liputan6.sctv/video/7621442575928528129?commentId=7622865285054317333,scraping_tiktok,anggotadprdjember,"bener sih, UI nya kacau"
7622031500782879506,2026-03-27T20:15:09.000Z,2,https://www.tiktok.com/@liputan6.sctv/video/7621442575928528129,https://www.tiktok.com/@liputan6.sctv/video/7621442575928528129?commentId=7622031500782879506,scraping_tiktok,vinca_aprilliah,gak bisa login pak Pur
7623029883316241173,2026-03-30T12:49:21.000Z,3,https://www.tiktok.com/@liputan6.sctv/video/7621442575928528129,https://www.tiktok.com/@liputan6.sctv/video/7621442575928528129?commentId=7623029883316241173,scraping_tiktok,epoygeboy7,iya ribettttttt malah bikin repott
7630483667564364565,2026-04-19T14:54:01.000Z,0,https://www.tiktok.com/@liputan6.sctv/video/7621442575928528129,https://www.tiktok.com/@liputan6.sctv/video/7621442575928528129?commentId=7630483667564364565,scraping_tiktok,ziyahajaii,bener bgt pak kenapa bayar + pelaporan pajak sistemnya gak disederhanakan saja 😅
7621467677815227156,2026-03-26T07:47:14.000Z,2,https://www.tiktok.com/@liputan6.sctv/video/7621442575928528129,https://www.tiktok.com/@liputan6.sctv/video/7621442575928528129?commentId=7621467677815227156,scraping_tiktok,mancingdanmendaki,"Dari pada ribet gak beres2, mending coretax megang backend saja dan frontend diurus broker atau vendor. Konsepnya mirip BEI backend dipegang KSEI dan frontend diurus broker seperti growin, ajaib, ipod dsb. Ada biaya admin gpp yg penting masih masuk akal."
7621491970272576274,2026-03-26T09:21:34.000Z,4,https://www.tiktok.com/@liputan6.sctv/video/7621442575928528129,https://www.tiktok.com/@liputan6.sctv/video/7621442575928528129?commentId=7621491970272576274,scraping_tiktok,cheesypesy,aku aktivasi gagal mulu😭 plsa gue udh abis bnyaaakkk parah bgt helpdesk jg ga membantu smpe skrg ga dibales2 pdhal gue jg ga spam😒
7622721684970144532,2026-03-29T16:53:29.000Z,1,https://www.tiktok.com/@liputan6.sctv/video/7621442575928528129,https://www.tiktok.com/@liputan6.sctv/video/7621442575928528129?commentId=7622721684970144532,scraping_tiktok,abdiaswaja684,"Sampe skrng mau login atau masuknya gmn ya kok gagal terus, masih enak pakek aplikasi yg dulu gampang loginnya"
7623019797877375751,2026-03-30T12:10:13.000Z,0,https://www.tiktok.com/@liputan6.sctv/video/7621442575928528129,https://www.tiktok.com/@liputan6.sctv/video/7621442575928528129?commentId=7623019797877375751,scraping_tiktok,milasafitri1609,Sumpah bingung banget aku SPT pake coretax😭
7641498444835046165,2026-05-19T07:17:08.000Z,1,https://www.tiktok.com/@liputan6.sctv/video/7621442575928528129,https://www.tiktok.com/@liputan6.sctv/video/7621442575928528129?commentId=7641498444835046165,scraping_tiktok,galih_zkia,Dan saya lagi ngerjain ini. Bikin pusing !!!
7630833879393616647,2026-04-20T13:32:50.000Z,3,https://www.tiktok.com/@liputan6.sctv/video/7621442575928528129,https://www.tiktok.com/@liputan6.sctv/video/7621442575928528129?commentId=7630833879393616647,scraping_tiktok,iniashaa02,"Saking ribetnya aku sampe sekarang masih belum lapor pak, peneengg😭"
7635123864862737160,2026-05-02T03:00:12.000Z,2,https://www.tiktok.com/@liputan6.sctv/video/7621442575928528129,https://www.tiktok.com/@liputan6.sctv/video/7621442575928528129?commentId=7635123864862737160,scraping_tiktok,aditya_laksana,sumpah mending DJP yg old dari pada coretax
7621545624933368584,2026-03-26T12:49:46.000Z,4,https://www.tiktok.com/@liputan6.sctv/video/7621442575928528129,https://www.tiktok.com/@liputan6.sctv/video/7621442575928528129?commentId=7621545624933368584,scraping_tiktok,araaaa_sss,"guna kantor pajak apa njirr, yg buat laporan kita yg bayar juga udh pusing tambah pusing"
7621521696873022215,2026-03-26T11:16:52.000Z,4,https://www.tiktok.com/@liputan6.sctv/video/7621442575928528129,https://www.tiktok.com/@liputan6.sctv/video/7621442575928528129?commentId=7621521696873022215,scraping_tiktok,kolesterolbaiq,"sengaja dibuat ribet , biar konsultan pajak ada kerjaan m"
7622497884588524308,2026-03-29T02:25:09.000Z,1,https://www.tiktok.com/@liputan6.sctv/video/7621442575928528129,https://www.tiktok.com/@liputan6.sctv/video/7621442575928528129?commentId=7622497884588524308,scraping_tiktok,aqunapa_aja,"bikin pusing. udh kerja, bayar pajak, laporan diribetin."
7622434814864065287,2026-03-28T22:20:23.000Z,1,https://www.tiktok.com/@liputan6.sctv/video/7621442575928528129,https://www.tiktok.com/@liputan6.sctv/video/7621442575928528129?commentId=7622434814864065287,scraping_tiktok,masjohnjhono20,"Coretax ruwet pak, 5 kali coba gagal terus"
7621556352464667412,2026-03-26T13:31:20.000Z,3,https://www.tiktok.com/@liputan6.sctv/video/7621442575928528129,https://www.tiktok.com/@liputan6.sctv/video/7621442575928528129?commentId=7621556352464667412,scraping_tiktok,codestronautt,wajib click refresh dulu baru muncul datanya waktu baru buka menu/halaman
7621518199641441045,2026-03-26T11:03:22.000Z,3,https://www.tiktok.com/@liputan6.sctv/video/7621442575928528129,https://www.tiktok.com/@liputan6.sctv/video/7621442575928528129?commentId=7621518199641441045,scraping_tiktok,monicasutanto.id,"pak pur kek capek bgt, kebijakan2 nya bagus tp banyak dijegal yah"
7621711966462526229,2026-03-26T23:35:35.000Z,1,https://www.tiktok.com/@liputan6.sctv/video/7621442575928528129,https://www.tiktok.com/@liputan6.sctv/video/7621442575928528129?commentId=7621711966462526229,scraping_tiktok,j_anhstlnan,"ribet pak
saya belum faham
yg lama sya bisa
ini sya kyanya harus dtang lngsung"
7621549056858669844,2026-03-26T13:03:01.000Z,1,https://www.tiktok.com/@liputan6.sctv/video/7621442575928528129,https://www.tiktok.com/@liputan6.sctv/video/7621442575928528129?commentId=7621549056858669844,scraping_tiktok,kue_arang,SUMPAH TP CORETAX PAS TAU BENERAN EFFISIEN DIBANDINGIN WEB SEBELUMNYA. Di ajarin dept pajak dari kantor
7623026435531916039,2026-03-30T12:36:01.000Z,0,https://www.tiktok.com/@liputan6.sctv/video/7621442575928528129,https://www.tiktok.com/@liputan6.sctv/video/7621442575928528129?commentId=7623026435531916039,scraping_tiktok,irwan.syahrizal,asa di gawean asli saya mah ku coretax
7622879531955143441,2026-03-30T03:06:03.000Z,1,https://www.tiktok.com/@liputan6.sctv/video/7621442575928528129,https://www.tiktok.com/@liputan6.sctv/video/7621442575928528129?commentId=7622879531955143441,scraping_tiktok,flowypearl,"lebih suka lapor spt tahunan pake djp kemarin gampang bgt, sekarang pake coretax udah liat semua tutor ttp aja gabisa, ini gimana solusinya 😃"
7621524342724297492,2026-03-26T11:27:13.000Z,3,https://www.tiktok.com/@liputan6.sctv/video/7621442575928528129,https://www.tiktok.com/@liputan6.sctv/video/7621442575928528129?commentId=7621524342724297492,scraping_tiktok,listiann,"Sudah lapor OP tapi gabisa download pdf SPT nya, dari minggu lalu terus aja keterangan nya in generating doc in progress 😒"
7639282354985386773,2026-05-13T07:57:28.000Z,1,https://www.tiktok.com/@liputan6.sctv/video/7621442575928528129,https://www.tiktok.com/@liputan6.sctv/video/7621442575928528129?commentId=7639282354985386773,scraping_tiktok,sisemvak,Emang pak! Pusing dan isi datanya ribet!! Yakin gk semua bisa
7629980341181367060,2026-04-18T06:20:55.000Z,3,https://www.tiktok.com/@liputan6.sctv/video/7621442575928528129,https://www.tiktok.com/@liputan6.sctv/video/7621442575928528129?commentId=7629980341181367060,scraping_tiktok,868815rf,bener pak 😏
7629554036912931585,2026-04-17T02:46:41.000Z,3,https://www.tiktok.com/@liputan6.sctv/video/7621442575928528129,https://www.tiktok.com/@liputan6.sctv/video/7621442575928528129?commentId=7629554036912931585,scraping_tiktok,_ikidian,betul pak😭
7634268623989195540,2026-04-29T19:41:39.000Z,2,https://www.tiktok.com/@liputan6.sctv/video/7621442575928528129,https://www.tiktok.com/@liputan6.sctv/video/7621442575928528129?commentId=7634268623989195540,scraping_tiktok,dyaharum20,"ribet, sampai jam segini belom tidur, dan tanggl terakhir bulan april"
7634138461836575509,2026-04-29T11:16:31.000Z,2,https://www.tiktok.com/@liputan6.sctv/video/7621442575928528129,https://www.tiktok.com/@liputan6.sctv/video/7621442575928528129?commentId=7634138461836575509,scraping_tiktok,dheythabrc,EMANG BANGET PARAHHH BISA GA SI DIBIKIN SIMPLE AJA HIDUP UDH RUMIT PADAHAL 😭
7628985700637066001,2026-04-15T14:00:58.000Z,3,https://www.tiktok.com/@liputan6.sctv/video/7621442575928528129,https://www.tiktok.com/@liputan6.sctv/video/7621442575928528129?commentId=7628985700637066001,scraping_tiktok,ayat_89,"Bener,pertanyaan2 di coretax kurang dipahami bahasanya membingungkan ruwet😌"
7633091162085409543,2026-04-26T15:34:21.000Z,2,https://www.tiktok.com/@liputan6.sctv/video/7621442575928528129,https://www.tiktok.com/@liputan6.sctv/video/7621442575928528129?commentId=7633091162085409543,scraping_tiktok,jefriariantho2,mumet 🫨🫨🫨🫨🫨
7621727395862790920,2026-03-27T00:35:08.000Z,4,https://www.tiktok.com/@liputan6.sctv/video/7621442575928528129,https://www.tiktok.com/@liputan6.sctv/video/7621442575928528129?commentId=7621727395862790920,scraping_tiktok,mentaribrs___,tools trlalu byk. slaah tekan tombol aja bkin susah lapor. kurang byar lah lebih bayar lah. ujung2nya ttp kkntor pjak buat lapor sking ribetnya sm aplikasinya
7638231360041681682,2026-05-10T11:58:56.000Z,1,https://www.tiktok.com/@liputan6.sctv/video/7621442575928528129,https://www.tiktok.com/@liputan6.sctv/video/7621442575928528129?commentId=7638231360041681682,scraping_tiktok,arsya.qhoirunisaa,pak pur keliatan kurusan sekarang🥺 sehat selalu ya pak🤗🥰
7621617960175878930,2026-03-26T17:30:23.000Z,3,https://www.tiktok.com/@liputan6.sctv/video/7621442575928528129,https://www.tiktok.com/@liputan6.sctv/video/7621442575928528129?commentId=7621617960175878930,scraping_tiktok,maywhat_one,Sekelas Mentri aja bingung apalagi saya pak
7621569797881529109,2026-03-26T14:23:34.000Z,4,https://www.tiktok.com/@liputan6.sctv/video/7621442575928528129,https://www.tiktok.com/@liputan6.sctv/video/7621442575928528129?commentId=7621569797881529109,scraping_tiktok,survival_rantau,"Pak Pur, capek banget yaa ngurus negara ini 😭 yang kuat yaa pak 🙏"
7621565126685377298,2026-03-26T14:05:30.000Z,4,https://www.tiktok.com/@liputan6.sctv/video/7621442575928528129,https://www.tiktok.com/@liputan6.sctv/video/7621442575928528129?commentId=7621565126685377298,scraping_tiktok,undercoverr___,pak purbaya banyak pikiran itu kayaknya
7621563318104867604,2026-03-26T13:58:24.000Z,3,https://www.tiktok.com/@liputan6.sctv/video/7621442575928528129,https://www.tiktok.com/@liputan6.sctv/video/7621442575928528129?commentId=7621563318104867604,scraping_tiktok,auldiaryy,dimiripin djp online aja ga sih biar ga binggung
7621556900789977877,2026-03-26T13:33:29.000Z,4,https://www.tiktok.com/@liputan6.sctv/video/7621442575928528129,https://www.tiktok.com/@liputan6.sctv/video/7621442575928528129?commentId=7621556900789977877,scraping_tiktok,jap.hx,"Software itu hrsnya memudahkan, ini malah bikin susah, harusnya WP hanya isian di Form atau template saja, biar sistemnya yg posting, ini malah WP nya disuruh posting,"
7621552618750395143,2026-03-26T13:16:53.000Z,4,https://www.tiktok.com/@liputan6.sctv/video/7621442575928528129,https://www.tiktok.com/@liputan6.sctv/video/7621442575928528129?commentId=7621552618750395143,scraping_tiktok,bluemonday.93,"pak pur tolong jaga kesehatan pak, please banget pak"
7621531825757258497,2026-03-26T11:56:14.000Z,4,https://www.tiktok.com/@liputan6.sctv/video/7621442575928528129,https://www.tiktok.com/@liputan6.sctv/video/7621442575928528129?commentId=7621531825757258497,scraping_tiktok,bukan_sajak,My fineshyyyyyt kurusan😭
7621526369113572117,2026-03-26T11:35:02.000Z,4,https://www.tiktok.com/@liputan6.sctv/video/7621442575928528129,https://www.tiktok.com/@liputan6.sctv/video/7621442575928528129?commentId=7621526369113572117,scraping_tiktok,zayyid_07,"ribet memang, tp apalah daya. ttep aja kudu laporan"
7621523188505789202,2026-03-26T11:22:39.000Z,4,https://www.tiktok.com/@liputan6.sctv/video/7621442575928528129,https://www.tiktok.com/@liputan6.sctv/video/7621442575928528129?commentId=7621523188505789202,scraping_tiktok,whisnu.nugraha,Buisness flow nya tuh ribet banget buat end user yang mau melapor. Konsepnya dimudahkan kaya djp aja pak. Kita ga btuh tampilan keren lebih fungsional aja
7621513875200213781,2026-03-26T10:46:31.000Z,4,https://www.tiktok.com/@liputan6.sctv/video/7621442575928528129,https://www.tiktok.com/@liputan6.sctv/video/7621442575928528129?commentId=7621513875200213781,scraping_tiktok,madesuyasalesbali,asli ribet...
7621512898858943239,2026-03-26T10:42:44.000Z,4,https://www.tiktok.com/@liputan6.sctv/video/7621442575928528129,https://www.tiktok.com/@liputan6.sctv/video/7621442575928528129?commentId=7621512898858943239,scraping_tiktok,iichigoichii,Kalau coretaxnya memang belum mumpuni ya harus selaras sama ketentuan dendanya. Kan bukan kita yg mau telat lapor atau bayar tapi sistemnya yg menghambat.
7621463964169487125,2026-03-26T07:32:46.000Z,4,https://www.tiktok.com/@liputan6.sctv/video/7621442575928528129,https://www.tiktok.com/@liputan6.sctv/video/7621442575928528129?commentId=7621463964169487125,scraping_tiktok,jaditemanbaik2,"mau bayar aja sulit, coba liat shoope, tokopedia, keedivo..dll , bayar cicilan gampang, sudah jelas bayar berapa..klik beres..coba contoh itu"
7621459849696609032,2026-03-26T07:17:58.000Z,4,https://www.tiktok.com/@liputan6.sctv/video/7621442575928528129,https://www.tiktok.com/@liputan6.sctv/video/7621442575928528129?commentId=7621459849696609032,scraping_tiktok,holann_22,"Lebih butuh lagi, design webnya, please, butuh UI/UX 😭"
7621450752121602832,2026-03-26T06:41:36.000Z,4,https://www.tiktok.com/@liputan6.sctv/video/7621442575928528129,https://www.tiktok.com/@liputan6.sctv/video/7621442575928528129?commentId=7621450752121602832,scraping_tiktok,shbalssky,iya EMG membingungkan
7622747154684298004,2026-03-29T18:32:24.000Z,3,https://www.tiktok.com/@liputan6.sctv/video/7621442575928528129,https://www.tiktok.com/@liputan6.sctv/video/7621442575928528129?commentId=7622747154684298004,scraping_tiktok,arlyanda1,Terlalu rumit untuk daftar pajak pa sumpah
7621746154371416839,2026-03-27T01:47:54.000Z,3,https://www.tiktok.com/@liputan6.sctv/video/7621442575928528129,https://www.tiktok.com/@liputan6.sctv/video/7621442575928528129?commentId=7621746154371416839,scraping_tiktok,cimeng_993,SANGATT MEMBINGUNGKAN CARANYA
7622494899850593041,2026-03-29T02:13:31.000Z,3,https://www.tiktok.com/@liputan6.sctv/video/7621442575928528129,https://www.tiktok.com/@liputan6.sctv/video/7621442575928528129?commentId=7622494899850593041,scraping_tiktok,gebyhiskiaa25,"Pelaporan spt lebih mudah di djp, bayar pajak sendiri, lapor pajak sendiri, pusing sendiri"
7629517026658272021,2026-04-17T00:23:01.000Z,2,https://www.tiktok.com/@liputan6.sctv/video/7621442575928528129,https://www.tiktok.com/@liputan6.sctv/video/7621442575928528129?commentId=7629517026658272021,scraping_tiktok,annisa40_,betullllll
7622113199865021201,2026-03-28T01:32:15.000Z,3,https://www.tiktok.com/@liputan6.sctv/video/7621442575928528129,https://www.tiktok.com/@liputan6.sctv/video/7621442575928528129?commentId=7622113199865021201,scraping_tiktok,fanny.dnd,"iya pak gaptek,bingung ,susah cara ngisinya 😭😭😭"
7624473252512989969,2026-04-03T10:10:23.000Z,2,https://www.tiktok.com/@liputan6.sctv/video/7621442575928528129,https://www.tiktok.com/@liputan6.sctv/video/7621442575928528129?commentId=7624473252512989969,scraping_tiktok,koko_andreas18,"Benar ribet banget mau lapor SPT tahunan, sistem nya suka error"
7622112968691434260,2026-03-28T01:31:23.000Z,2,https://www.tiktok.com/@liputan6.sctv/video/7621442575928528129,https://www.tiktok.com/@liputan6.sctv/video/7621442575928528129?commentId=7622112968691434260,scraping_tiktok,hendradex,sudah buat gagal terus masuknya
7621743046599787284,2026-03-27T01:36:06.000Z,3,https://www.tiktok.com/@liputan6.sctv/video/7621442575928528129,https://www.tiktok.com/@liputan6.sctv/video/7621442575928528129?commentId=7621743046599787284,scraping_tiktok,kimhinata.24,balikin lapor pake DJP aja pak 😁 ga ribet
7624159342564246290,2026-04-02T13:52:17.000Z,2,https://www.tiktok.com/@liputan6.sctv/video/7621442575928528129,https://www.tiktok.com/@liputan6.sctv/video/7621442575928528129?commentId=7624159342564246290,scraping_tiktok,koi0iii0,"beda bgt coretax. sistem yg lama dulu pas ngisi ada panduannya. step by step. kl coretax njelimet gak ada panduan, terus disuruh ngisi di satu dokumen besar."
7621855420194128647,2026-03-27T08:51:55.000Z,2,https://www.tiktok.com/@liputan6.sctv/video/7621442575928528129,https://www.tiktok.com/@liputan6.sctv/video/7621442575928528129?commentId=7621855420194128647,scraping_tiktok,altrisnacitra,bener bgt...puyeng tampilannya..ribet
7622469297566761736,2026-03-29T00:34:09.000Z,2,https://www.tiktok.com/@liputan6.sctv/video/7621442575928528129,https://www.tiktok.com/@liputan6.sctv/video/7621442575928528129?commentId=7622469297566761736,scraping_tiktok,jeip19,jujur pak kita yg bayar pajak tp ngisi nya rumit bgt
7622224674630484744,2026-03-28T08:44:53.000Z,2,https://www.tiktok.com/@liputan6.sctv/video/7621442575928528129,https://www.tiktok.com/@liputan6.sctv/video/7621442575928528129?commentId=7622224674630484744,scraping_tiktok,mad.e.17,akhirrnya terwakilkannnnn
7622892400767157012,2026-03-30T03:56:00.000Z,2,https://www.tiktok.com/@liputan6.sctv/video/7621442575928528129,https://www.tiktok.com/@liputan6.sctv/video/7621442575928528129?commentId=7622892400767157012,scraping_tiktok,yohanaika4,"maaf pak ..ribet
benahi ya pak .🤗"
7622956939282400007,2026-03-30T08:06:22.000Z,2,https://www.tiktok.com/@liputan6.sctv/video/7621442575928528129,https://www.tiktok.com/@liputan6.sctv/video/7621442575928528129?commentId=7622956939282400007,scraping_tiktok,desiep,"hapus aja coretax, ganti djp aja simple mudah dipahami"
7623044561144890120,2026-03-30T13:46:19.000Z,2,https://www.tiktok.com/@liputan6.sctv/video/7621442575928528129,https://www.tiktok.com/@liputan6.sctv/video/7621442575928528129?commentId=7623044561144890120,scraping_tiktok,tama616161,"Kt punya uang, kita yang sulit_~…… sistem konoha🥱"
7621763429804245781,2026-03-27T02:55:02.000Z,2,https://www.tiktok.com/@liputan6.sctv/video/7621442575928528129,https://www.tiktok.com/@liputan6.sctv/video/7621442575928528129?commentId=7621763429804245781,scraping_tiktok,ranggakrisnaaa,Emng bener pa ribet wkwk
7623694819270132500,2026-04-01T07:49:51.000Z,2,https://www.tiktok.com/@liputan6.sctv/video/7621442575928528129,https://www.tiktok.com/@liputan6.sctv/video/7621442575928528129?commentId=7623694819270132500,scraping_tiktok,bang_jack155,"coretax itu manual semua pak,kalah dg ebranch nya BCA,ebranch BCA otomatis cukup input no rek data diri kita langsung otomatis muncul,coretax kita input nik,lalu kita input juga nama dll gak otomatis,habis itu kebanyakan pertanyaan,coba dibuat simpel saja"
7623641121239696135,2026-04-01T04:21:21.000Z,2,https://www.tiktok.com/@liputan6.sctv/video/7621442575928528129,https://www.tiktok.com/@liputan6.sctv/video/7621442575928528129?commentId=7623641121239696135,scraping_tiktok,janrihsb,pokoknya ribet mending pake e-Filling
7623603558491226901,2026-04-01T01:55:42.000Z,1,https://www.tiktok.com/@liputan6.sctv/video/7621442575928528129,https://www.tiktok.com/@liputan6.sctv/video/7621442575928528129?commentId=7623603558491226901,scraping_tiktok,supriyatna_88,mau lapor aja ribet
7622681256945582869,2026-03-29T14:16:32.000Z,2,https://www.tiktok.com/@liputan6.sctv/video/7621442575928528129,https://www.tiktok.com/@liputan6.sctv/video/7621442575928528129?commentId=7622681256945582869,scraping_tiktok,nightcreaming,sistem pajaknya yang salah.dan ribet
7622298622734582546,2026-03-28T13:31:42.000Z,1,https://www.tiktok.com/@liputan6.sctv/video/7621442575928528129,https://www.tiktok.com/@liputan6.sctv/video/7621442575928528129?commentId=7622298622734582546,scraping_tiktok,abimanapradipta,galau banget liat pak Purbaya makin kurus 😩😩😩
7623280242220155664,2026-03-31T05:01:01.000Z,1,https://www.tiktok.com/@liputan6.sctv/video/7621442575928528129,https://www.tiktok.com/@liputan6.sctv/video/7621442575928528129?commentId=7623280242220155664,scraping_tiktok,teguhgm,"Emang susah, verifikasi via sms pun gak masuk2…"
7623611788718539538,2026-04-01T02:27:33.000Z,2,https://www.tiktok.com/@liputan6.sctv/video/7621442575928528129,https://www.tiktok.com/@liputan6.sctv/video/7621442575928528129?commentId=7623611788718539538,scraping_tiktok,imam_muim,daftar aja gagal terus dah kalau online
7621865513399943943,2026-03-27T09:31:01.000Z,2,https://www.tiktok.com/@liputan6.sctv/video/7621442575928528129,https://www.tiktok.com/@liputan6.sctv/video/7621442575928528129?commentId=7621865513399943943,scraping_tiktok,naimareal01,"Bukan bikin bingung lagi Pak, nyusahin orang"
7621758085765776144,2026-03-27T02:34:13.000Z,2,https://www.tiktok.com/@liputan6.sctv/video/7621442575928528129,https://www.tiktok.com/@liputan6.sctv/video/7621442575928528129?commentId=7621758085765776144,scraping_tiktok,niesa_86,"saking ribetnya,, saya lgs ke kantor pajak..😁"
7621748344599413525,2026-03-27T01:56:28.000Z,1,https://www.tiktok.com/@liputan6.sctv/video/7621442575928528129,https://www.tiktok.com/@liputan6.sctv/video/7621442575928528129?commentId=7621748344599413525,scraping_tiktok,heypitaa,"Aku lihat video ini dan lagi di KPP 😂, please sering error juga servernya, bikin prosesnya lama, padahal antrinya banyak poll😭"
7622510651806286612,2026-03-29T03:14:39.000Z,1,https://www.tiktok.com/@liputan6.sctv/video/7621442575928528129,https://www.tiktok.com/@liputan6.sctv/video/7621442575928528129?commentId=7622510651806286612,scraping_tiktok,farhaniarfah3,ribet emang ribet
7621469263299216129,2026-03-26T07:53:25.000Z,3,https://www.tiktok.com/@liputan6.sctv/video/7621442575928528129,https://www.tiktok.com/@liputan6.sctv/video/7621442575928528129?commentId=7621469263299216129,scraping_tiktok,soal0810,Asle! Mau login aja susah banget 😂
7622357312682935060,2026-03-28T17:19:29.000Z,2,https://www.tiktok.com/@liputan6.sctv/video/7621442575928528129,https://www.tiktok.com/@liputan6.sctv/video/7621442575928528129?commentId=7622357312682935060,scraping_tiktok,kak.gan,iyaa lagi 😅
7627456448239305479,2026-04-11T11:06:47.000Z,2,https://www.tiktok.com/@liputan6.sctv/video/7621442575928528129,https://www.tiktok.com/@liputan6.sctv/video/7621442575928528129?commentId=7627456448239305479,scraping_tiktok,by.heyyul_,Pak jujur saya pusing sama coretax 🥺
7622176164124099329,2026-03-28T05:36:37.000Z,3,https://www.tiktok.com/@liputan6.sctv/video/7621442575928528129,https://www.tiktok.com/@liputan6.sctv/video/7621442575928528129?commentId=7622176164124099329,scraping_tiktok,tommy_vl8,"aneh nya, Kenapa masih disuruh lapor manual ke kantor pajak, padahal sudah ada sistem seperti Coretax dari Direktorat Jenderal Pajak?"
7626739633967465237,2026-04-09T12:45:09.000Z,2,https://www.tiktok.com/@liputan6.sctv/video/7621442575928528129,https://www.tiktok.com/@liputan6.sctv/video/7621442575928528129?commentId=7626739633967465237,scraping_tiktok,piscesloudy,"ui ux nya pak bikin bingung, trus eror mulu, udh gt gada arahan pasti mana yg salah atau belum diisi pas udh mau lapor, please pak benahin"
7621566726551765767,2026-03-26T14:11:37.000Z,0,https://www.tiktok.com/@liputan6.sctv/video/7621442575928528129,https://www.tiktok.com/@liputan6.sctv/video/7621442575928528129?commentId=7621566726551765767,scraping_tiktok,rupamelati180,knp gak pakai djp aja sih yang udh pasti bisa nyaman dipakai
7621551048461861650,2026-03-26T13:10:43.000Z,2,https://www.tiktok.com/@liputan6.sctv/video/7621442575928528129,https://www.tiktok.com/@liputan6.sctv/video/7621442575928528129?commentId=7621551048461861650,scraping_tiktok,myooseop,mau lapor aja susah bgt😔
7621879676989866760,2026-03-27T10:25:59.000Z,2,https://www.tiktok.com/@liputan6.sctv/video/7621442575928528129,https://www.tiktok.com/@liputan6.sctv/video/7621442575928528129?commentId=7621879676989866760,scraping_tiktok,nurlinaaddy,"Coretax nyusahin banget banget banget😭😭😭😭😭😭😭😭😭😭😭😭😭😭,"
7622497068631769857,2026-03-29T02:21:51.000Z,2,https://www.tiktok.com/@liputan6.sctv/video/7621442575928528129,https://www.tiktok.com/@liputan6.sctv/video/7621442575928528129?commentId=7622497068631769857,scraping_tiktok,riosuprayetno5,setiap penghasilan kt sdh di potong pajaknya tp kok kenapa kt yg harus laporkan pajak kita seharusnya yg melaporkan yaitu yg motong pajak penghasilan kt
7623101080372822791,2026-03-30T17:25:38.000Z,2,https://www.tiktok.com/@liputan6.sctv/video/7621442575928528129,https://www.tiktok.com/@liputan6.sctv/video/7621442575928528129?commentId=7623101080372822791,scraping_tiktok,jg_vjs7,mending seperti semula aja. coretax ribet banget. udah mumet ama pekerjaan malah tambah mumet urus ciretax.
7621555217896882964,2026-03-26T13:26:56.000Z,2,https://www.tiktok.com/@liputan6.sctv/video/7621442575928528129,https://www.tiktok.com/@liputan6.sctv/video/7621442575928528129?commentId=7621555217896882964,scraping_tiktok,yolaputrii_,"Paaaakkkk. Akuuuu dan teman- kantor ku sebagai anak mudaaaa cukup bingung liat apk coretax. Yg harusnya memudahkan karna udh via online, malah ke ujung2nya tetep ke kantor utk minta tolong 😭🙏🏻"
7623161328320135943,2026-03-30T21:19:31.000Z,2,https://www.tiktok.com/@liputan6.sctv/video/7621442575928528129,https://www.tiktok.com/@liputan6.sctv/video/7621442575928528129?commentId=7623161328320135943,scraping_tiktok,adenalmsyh,Asli RIBET DAN BINGUNG
7621756829500588821,2026-03-27T02:29:26.000Z,2,https://www.tiktok.com/@liputan6.sctv/video/7621442575928528129,https://www.tiktok.com/@liputan6.sctv/video/7621442575928528129?commentId=7621756829500588821,scraping_tiktok,gepl_inspirasikita,kenapa gak balikkan lagi ke djponline pak. maikin ribet yang baru ini bagi saya.
7626405021911319304,2026-04-08T15:06:36.000Z,2,https://www.tiktok.com/@liputan6.sctv/video/7621442575928528129,https://www.tiktok.com/@liputan6.sctv/video/7621442575928528129?commentId=7626405021911319304,scraping_tiktok,rian_botaks,"lapor SPT pribadi saya cepet lapor lancar, lapor SPT PT saya ga bisa2 krn tgl kemenkumhan pengesahan infonya ga valid padahal cek di system kemenkumhan valid"
7622835594058023688,2026-03-30T00:15:34.000Z,2,https://www.tiktok.com/@liputan6.sctv/video/7621442575928528129,https://www.tiktok.com/@liputan6.sctv/video/7621442575928528129?commentId=7622835594058023688,scraping_tiktok,awan.maheswara,"setuju Pak Purbaya, Coretax terlalu sulit di pake utk org Awam yg gaptek."
7621556172928058119,2026-03-26T13:30:39.000Z,2,https://www.tiktok.com/@liputan6.sctv/video/7621442575928528129,https://www.tiktok.com/@liputan6.sctv/video/7621442575928528129?commentId=7621556172928058119,scraping_tiktok,zzeennnnn_,mereka ada tim khusus ui/ux nya ga sih? hasil testingnya gmn dah wkwk
7622148293053301522,2026-03-28T03:48:23.000Z,2,https://www.tiktok.com/@liputan6.sctv/video/7621442575928528129,https://www.tiktok.com/@liputan6.sctv/video/7621442575928528129?commentId=7622148293053301522,scraping_tiktok,thereismymango,"jujurly coretax malah pleasing to see tapi bahasanya bikin mumet, orang awam bakal bingung. Trs gampang errorrrr"
7621478845107487506,2026-03-26T08:30:38.000Z,2,https://www.tiktok.com/@liputan6.sctv/video/7621442575928528129,https://www.tiktok.com/@liputan6.sctv/video/7621442575928528129?commentId=7621478845107487506,scraping_tiktok,_rejaaaaaaa,Bosku makin kurus aja 😫🙏
7621716631816028949,2026-03-26T23:53:45.000Z,2,https://www.tiktok.com/@liputan6.sctv/video/7621442575928528129,https://www.tiktok.com/@liputan6.sctv/video/7621442575928528129?commentId=7621716631816028949,scraping_tiktok,tjahyadiwidjaya,setuju dgn Pak Purbaya
7621568165189157649,2026-03-26T14:17:09.000Z,2,https://www.tiktok.com/@liputan6.sctv/video/7621442575928528129,https://www.tiktok.com/@liputan6.sctv/video/7621442575928528129?commentId=7621568165189157649,scraping_tiktok,urbani_skies,Uda setahun tp ga ada solusi real
7622113519403975444,2026-03-28T01:33:35.000Z,2,https://www.tiktok.com/@liputan6.sctv/video/7621442575928528129,https://www.tiktok.com/@liputan6.sctv/video/7621442575928528129?commentId=7622113519403975444,scraping_tiktok,opawenger,iya.. banyak banged menu nya.. bingung
7622228433004004117,2026-03-28T08:59:30.000Z,2,https://www.tiktok.com/@liputan6.sctv/video/7621442575928528129,https://www.tiktok.com/@liputan6.sctv/video/7621442575928528129?commentId=7622228433004004117,scraping_tiktok,puputwulandari274,"ada masalah dtg kekantor pajak malah jutek banget. mana nginput datanya salah dua kali, males bgt. dibetulin sendiri gk bisa."
7621513277940040455,2026-03-26T10:44:10.000Z,3,https://www.tiktok.com/@liputan6.sctv/video/7621442575928528129,https://www.tiktok.com/@liputan6.sctv/video/7621442575928528129?commentId=7621513277940040455,scraping_tiktok,y_amazz,iya anjir ribet
7621725685682176784,2026-03-27T00:28:38.000Z,3,https://www.tiktok.com/@liputan6.sctv/video/7621442575928528129,https://www.tiktok.com/@liputan6.sctv/video/7621442575928528129?commentId=7621725685682176784,scraping_tiktok,konoha4537,"BETUL,MAU BAYAR PAJAK PUN AWAK SUSAH"
7622552180042580756,2026-03-29T05:55:51.000Z,1,https://www.tiktok.com/@liputan6.sctv/video/7621442575928528129,https://www.tiktok.com/@liputan6.sctv/video/7621442575928528129?commentId=7622552180042580756,scraping_tiktok,diosyahadat,setuju
7629342023803847432,2026-04-16T13:03:45.000Z,2,https://www.tiktok.com/@liputan6.sctv/video/7621442575928528129,https://www.tiktok.com/@liputan6.sctv/video/7621442575928528129?commentId=7629342023803847432,scraping_tiktok,vinanurokta,enakan DJP yg sebelumnya daripada coretax
7622252170555425557,2026-03-28T10:31:28.000Z,1,https://www.tiktok.com/@liputan6.sctv/video/7621442575928528129,https://www.tiktok.com/@liputan6.sctv/video/7621442575928528129?commentId=7622252170555425557,scraping_tiktok,arn_wah1,"mudah pake djp kalo coretax ribet musti klik ini itu dulu, mana pas aktivasi kadang ada aja yg gak kebaca sistem musti sabar2 dicoba"
7622659758637974290,2026-03-29T12:53:10.000Z,1,https://www.tiktok.com/@liputan6.sctv/video/7621442575928528129,https://www.tiktok.com/@liputan6.sctv/video/7621442575928528129?commentId=7622659758637974290,scraping_tiktok,devaycs,ribet bgt bikin pusing
7623087056860201749,2026-03-30T16:31:16.000Z,1,https://www.tiktok.com/@liputan6.sctv/video/7621442575928528129,https://www.tiktok.com/@liputan6.sctv/video/7621442575928528129?commentId=7623087056860201749,scraping_tiktok,biak.halus,yang ada malah ribet Coretax pak
7622258865514545927,2026-03-28T10:57:33.000Z,2,https://www.tiktok.com/@liputan6.sctv/video/7621442575928528129,https://www.tiktok.com/@liputan6.sctv/video/7621442575928528129?commentId=7622258865514545927,scraping_tiktok,roxx0940,"sangat betull, coretax bikin pusing."
7621723055006155538,2026-03-27T00:18:26.000Z,2,https://www.tiktok.com/@liputan6.sctv/video/7621442575928528129,https://www.tiktok.com/@liputan6.sctv/video/7621442575928528129?commentId=7621723055006155538,scraping_tiktok,thalialia550,"iya pak ribet pelaporannya, klo bisa desainnya lebih sederhana"
7622656493129532181,2026-03-29T12:40:32.000Z,1,https://www.tiktok.com/@liputan6.sctv/video/7621442575928528129,https://www.tiktok.com/@liputan6.sctv/video/7621442575928528129?commentId=7622656493129532181,scraping_tiktok,takedo795,kenapa harus dipermudah jika dipersulit lebih banyak untuk mendapatkan keuntungan
7621560360755069716,2026-03-26T13:46:53.000Z,2,https://www.tiktok.com/@liputan6.sctv/video/7621442575928528129,https://www.tiktok.com/@liputan6.sctv/video/7621442575928528129?commentId=7621560360755069716,scraping_tiktok,user843901875,"ya bener, kacau ini program nya"
7622086589460087572,2026-03-27T23:49:11.000Z,2,https://www.tiktok.com/@liputan6.sctv/video/7621442575928528129,https://www.tiktok.com/@liputan6.sctv/video/7621442575928528129?commentId=7622086589460087572,scraping_tiktok,under.takur,Mmg ribet .. menunya kebanyakan pulak
7621699238586745608,2026-03-26T22:46:04.000Z,2,https://www.tiktok.com/@liputan6.sctv/video/7621442575928528129,https://www.tiktok.com/@liputan6.sctv/video/7621442575928528129?commentId=7621699238586745608,scraping_tiktok,bukancewekurus,setuju
7622680111481422612,2026-03-29T14:12:07.000Z,1,https://www.tiktok.com/@liputan6.sctv/video/7621442575928528129,https://www.tiktok.com/@liputan6.sctv/video/7621442575928528129?commentId=7622680111481422612,scraping_tiktok,jamaika2277,Iya ribet banget
7622129345893532436,2026-03-28T02:35:01.000Z,2,https://www.tiktok.com/@liputan6.sctv/video/7621442575928528129,https://www.tiktok.com/@liputan6.sctv/video/7621442575928528129?commentId=7622129345893532436,scraping_tiktok,nkphotography991,coretax riweuh ribet
7621739176064992008,2026-03-27T01:23:32.000Z,2,https://www.tiktok.com/@liputan6.sctv/video/7621442575928528129,https://www.tiktok.com/@liputan6.sctv/video/7621442575928528129?commentId=7621739176064992008,scraping_tiktok,iedhaaruf,Pelaporan SPT-nya balikin lagi ke metode yg lama.....jujur CoteTax tuh bikin jelimet....butuh sosialisasi
7621719484911829767,2026-03-27T00:10:08.000Z,2,https://www.tiktok.com/@liputan6.sctv/video/7621442575928528129,https://www.tiktok.com/@liputan6.sctv/video/7621442575928528129?commentId=7621719484911829767,scraping_tiktok,s41tama1453,"Fitur mau ganti email aja hrs ke kantor pajak, trus sampai di sana tdk bisa dilayani karena alasan antrian sdh habis"
7624136898348663560,2026-04-02T12:25:09.000Z,1,https://www.tiktok.com/@liputan6.sctv/video/7621442575928528129,https://www.tiktok.com/@liputan6.sctv/video/7621442575928528129?commentId=7624136898348663560,scraping_tiktok,kupet743,bikin bingung anjir klo daftar lewat online😏
7623759135452644113,2026-04-01T11:59:17.000Z,1,https://www.tiktok.com/@liputan6.sctv/video/7621442575928528129,https://www.tiktok.com/@liputan6.sctv/video/7621442575928528129?commentId=7623759135452644113,scraping_tiktok,ri5nawati0,saya daftar gagal terus salah ininsalah itu pusing ah
7623450205576676104,2026-03-31T16:00:26.000Z,1,https://www.tiktok.com/@liputan6.sctv/video/7621442575928528129,https://www.tiktok.com/@liputan6.sctv/video/7621442575928528129?commentId=7623450205576676104,scraping_tiktok,monmonn_27,"BENAR BIKIN BINGUNG, bkin kasus aja gak bisa di seen. Kita inputnya apaa yang muncul di mereka jg laen. Puyeng. Mau pembenahan aja ribet banget"
7621489889856127751,2026-03-26T09:13:27.000Z,3,https://www.tiktok.com/@liputan6.sctv/video/7621442575928528129,https://www.tiktok.com/@liputan6.sctv/video/7621442575928528129?commentId=7621489889856127751,scraping_tiktok,dinosauruskecil29,"Faktaaa, pusing andayyy. Kuisioner nya juga untuk orang awam mah musingin 😭"
7623342495803425556,2026-03-31T09:02:30.000Z,1,https://www.tiktok.com/@liputan6.sctv/video/7621442575928528129,https://www.tiktok.com/@liputan6.sctv/video/7621442575928528129?commentId=7623342495803425556,scraping_tiktok,berkah.eca,BETULLL BANGETT PAK
7621706027303617301,2026-03-26T23:12:25.000Z,3,https://www.tiktok.com/@liputan6.sctv/video/7621442575928528129,https://www.tiktok.com/@liputan6.sctv/video/7621442575928528129?commentId=7621706027303617301,scraping_tiktok,brianssss7,Pak purbaya mulai kurusan. nah kan mulai bingung .. ternyata ngurus negara nd semudah yg dibayangkan. nd semudah omongan....kadang rencana nd sesuai yg diharapkan.
7625163979379704596,2026-04-05T06:50:52.000Z,1,https://www.tiktok.com/@liputan6.sctv/video/7621442575928528129,https://www.tiktok.com/@liputan6.sctv/video/7621442575928528129?commentId=7625163979379704596,scraping_tiktok,sulamalisnaturaljaksel,Coretax gk bisa di acces loading mulu
7621549860580590356,2026-03-26T13:06:14.000Z,1,https://www.tiktok.com/@liputan6.sctv/video/7621442575928528129,https://www.tiktok.com/@liputan6.sctv/video/7621442575928528129?commentId=7621549860580590356,scraping_tiktok,gblktulul,Nah kan🤣 coretax bikin pusing🤣
7621551938039382791,2026-03-26T13:14:10.000Z,2,https://www.tiktok.com/@liputan6.sctv/video/7621442575928528129,https://www.tiktok.com/@liputan6.sctv/video/7621442575928528129?commentId=7621551938039382791,scraping_tiktok,condoriianoo,"dah desain jelek, banyak diksi diksi yg gak di pahami"
7622105008591602453,2026-03-28T01:00:44.000Z,2,https://www.tiktok.com/@liputan6.sctv/video/7621442575928528129,https://www.tiktok.com/@liputan6.sctv/video/7621442575928528129?commentId=7622105008591602453,scraping_tiktok,hanya_17,"gilak buat bisnis, pajak2"
7622130936834753301,2026-03-28T02:41:09.000Z,1,https://www.tiktok.com/@liputan6.sctv/video/7621442575928528129,https://www.tiktok.com/@liputan6.sctv/video/7621442575928528129?commentId=7622130936834753301,scraping_tiktok,backlash.engineer,Ribettttt.... parahhhh
7622260666753467156,2026-03-28T11:04:28.000Z,2,https://www.tiktok.com/@liputan6.sctv/video/7621442575928528129,https://www.tiktok.com/@liputan6.sctv/video/7621442575928528129?commentId=7622260666753467156,scraping_tiktok,moh.rizal173,"balik ke djp online saja pak purbaya,coretax buat kami yg orang pribadi susah banget,ketika lapor spt tahunan banyak yg kurang bayar atau lebih bayar."
7621698278619824914,2026-03-26T22:42:21.000Z,1,https://www.tiktok.com/@liputan6.sctv/video/7621442575928528129,https://www.tiktok.com/@liputan6.sctv/video/7621442575928528129?commentId=7621698278619824914,scraping_tiktok,tnncy_16,betul banget itu aplikasi ribet banget mereka yang butuh tapi kita yang di buat susah dan membingungkan buat melapor nya
7623829874351850258,2026-04-01T16:33:45.000Z,1,https://www.tiktok.com/@liputan6.sctv/video/7621442575928528129,https://www.tiktok.com/@liputan6.sctv/video/7621442575928528129?commentId=7623829874351850258,scraping_tiktok,la_shirala,ribet rumit bikin pusing. baru kali ini pakai aplikasi tapi bikin susah
7624714722182578951,2026-04-04T01:47:41.000Z,1,https://www.tiktok.com/@liputan6.sctv/video/7621442575928528129,https://www.tiktok.com/@liputan6.sctv/video/7621442575928528129?commentId=7624714722182578951,scraping_tiktok,ersasetyobudhy,"memang bingung,bahasanya bingung,takut terjebak salah masukin"
7623049585288463124,2026-03-30T14:05:53.000Z,1,https://www.tiktok.com/@liputan6.sctv/video/7621442575928528129,https://www.tiktok.com/@liputan6.sctv/video/7621442575928528129?commentId=7623049585288463124,scraping_tiktok,dwirully99,emang sebelumnya gaada revisi?😂
7634166857365144336,2026-04-29T13:06:40.000Z,1,https://www.tiktok.com/@liputan6.sctv/video/7621442575928528129,https://www.tiktok.com/@liputan6.sctv/video/7621442575928528129?commentId=7634166857365144336,scraping_tiktok,ade.dewi.k,benerr
7623105718946513685,2026-03-30T17:43:40.000Z,2,https://www.tiktok.com/@liputan6.sctv/video/7621442575928528129,https://www.tiktok.com/@liputan6.sctv/video/7621442575928528129?commentId=7623105718946513685,scraping_tiktok,soniarusmala,YA BETUL
7623282224581837576,2026-03-31T05:08:37.000Z,1,https://www.tiktok.com/@liputan6.sctv/video/7621442575928528129,https://www.tiktok.com/@liputan6.sctv/video/7621442575928528129?commentId=7623282224581837576,scraping_tiktok,syarifahgita04,😂😂 kalau bisa ribet kenapa harus mudah
7624135633547936533,2026-04-02T12:20:19.000Z,1,https://www.tiktok.com/@liputan6.sctv/video/7621442575928528129,https://www.tiktok.com/@liputan6.sctv/video/7621442575928528129?commentId=7624135633547936533,scraping_tiktok,rachmatabdurrozaq,bener pak sok atuh pegawai pabrik mau laporan pajak aja susah
7626217256720089873,2026-04-08T02:58:04.000Z,1,https://www.tiktok.com/@liputan6.sctv/video/7621442575928528129,https://www.tiktok.com/@liputan6.sctv/video/7621442575928528129?commentId=7626217256720089873,scraping_tiktok,jokoirzy,Betuuuuuuuuuuuuuuuuuuuuuuuuuuuuuuuuuuuuuuuuuuuuuuuuuuuuuuuuuuuuuuuuuuuuuuuuuuuuuuuuuuuuuuuuuuuuuuuuuuuuuuuul
7623899540018037524,2026-04-01T21:04:17.000Z,1,https://www.tiktok.com/@liputan6.sctv/video/7621442575928528129,https://www.tiktok.com/@liputan6.sctv/video/7621442575928528129?commentId=7623899540018037524,scraping_tiktok,junar3414,setuju bikin bingung + ribet
7623103664055649040,2026-03-30T17:35:40.000Z,1,https://www.tiktok.com/@liputan6.sctv/video/7621442575928528129,https://www.tiktok.com/@liputan6.sctv/video/7621442575928528129?commentId=7623103664055649040,scraping_tiktok,ibnu.simron,Betul ribet
7622657547456201479,2026-03-29T12:44:34.000Z,1,https://www.tiktok.com/@liputan6.sctv/video/7621442575928528129,https://www.tiktok.com/@liputan6.sctv/video/7621442575928528129?commentId=7622657547456201479,scraping_tiktok,its.me.qm,Saya bingung bgt pak pur… harta cm secuil laporannya smpe setress… begini salah bgtu salah. Susahnya mnt ampun
7622533124564878088,2026-03-29T04:41:52.000Z,1,https://www.tiktok.com/@liputan6.sctv/video/7621442575928528129,https://www.tiktok.com/@liputan6.sctv/video/7621442575928528129?commentId=7622533124564878088,scraping_tiktok,hanyoh.59,emang ribet
7623084453527913223,2026-03-30T16:21:13.000Z,1,https://www.tiktok.com/@liputan6.sctv/video/7621442575928528129,https://www.tiktok.com/@liputan6.sctv/video/7621442575928528129?commentId=7623084453527913223,scraping_tiktok,its.petricia,"jujur iya gw pusing bgt sm coretax😭, sampe males mau ngisinya krn banyak eror"
7622850783257068305,2026-03-30T01:14:47.000Z,1,https://www.tiktok.com/@liputan6.sctv/video/7621442575928528129,https://www.tiktok.com/@liputan6.sctv/video/7621442575928528129?commentId=7622850783257068305,scraping_tiktok,_yeyennuraeni,"Intinya...
sumbernya jelas, prosesnya jelas dan peruntukannya juga jelas. 😅"
7623343616140100359,2026-03-31T09:06:50.000Z,1,https://www.tiktok.com/@liputan6.sctv/video/7621442575928528129,https://www.tiktok.com/@liputan6.sctv/video/7621442575928528129?commentId=7623343616140100359,scraping_tiktok,user9719269131477,tenang aja wey masih di perpanjang sampe tgl 30 april
7625250118401360658,2026-04-05T12:25:04.000Z,1,https://www.tiktok.com/@liputan6.sctv/video/7621442575928528129,https://www.tiktok.com/@liputan6.sctv/video/7621442575928528129?commentId=7625250118401360658,scraping_tiktok,ummul.khair288,bikin pusing aku sampe 2hr
7623281226992206612,2026-03-31T05:04:49.000Z,1,https://www.tiktok.com/@liputan6.sctv/video/7621442575928528129,https://www.tiktok.com/@liputan6.sctv/video/7621442575928528129?commentId=7623281226992206612,scraping_tiktok,immou90,"😂 hayoo habis djp, Coretax, nanti apalagi ?"
7623048431270986504,2026-03-30T14:01:18.000Z,1,https://www.tiktok.com/@liputan6.sctv/video/7621442575928528129,https://www.tiktok.com/@liputan6.sctv/video/7621442575928528129?commentId=7623048431270986504,scraping_tiktok,umattuhan11,coretax ganguan mulu
7623036650008511253,2026-03-30T13:15:42.000Z,1,https://www.tiktok.com/@liputan6.sctv/video/7621442575928528129,https://www.tiktok.com/@liputan6.sctv/video/7621442575928528129?commentId=7623036650008511253,scraping_tiktok,adifinancialplanner,Harusnya Pajak memudahkan bukan merepotkan Rakyat.
7622658899007914773,2026-03-29T12:49:52.000Z,1,https://www.tiktok.com/@liputan6.sctv/video/7621442575928528129,https://www.tiktok.com/@liputan6.sctv/video/7621442575928528129?commentId=7622658899007914773,scraping_tiktok,my_k21825,Proyek negara yg membingungkan🙄
7622654003801981716,2026-03-29T12:30:53.000Z,0,https://www.tiktok.com/@liputan6.sctv/video/7621442575928528129,https://www.tiktok.com/@liputan6.sctv/video/7621442575928528129?commentId=7622654003801981716,scraping_tiktok,marotapriliand,coretax website gagal
7623305723124040465,2026-03-31T06:39:48.000Z,1,https://www.tiktok.com/@liputan6.sctv/video/7621442575928528129,https://www.tiktok.com/@liputan6.sctv/video/7621442575928528129?commentId=7623305723124040465,scraping_tiktok,ratnanuris12,roibbeeett
7623084950132818709,2026-03-30T16:23:08.000Z,0,https://www.tiktok.com/@liputan6.sctv/video/7621442575928528129,https://www.tiktok.com/@liputan6.sctv/video/7621442575928528129?commentId=7623084950132818709,scraping_tiktok,octavianofianty,Mentri keuangan bilng binggung cortex gmn sy input lapor pajak insentif di cortex.
7622672382200890133,2026-03-29T13:42:06.000Z,1,https://www.tiktok.com/@liputan6.sctv/video/7621442575928528129,https://www.tiktok.com/@liputan6.sctv/video/7621442575928528129?commentId=7622672382200890133,scraping_tiktok,dewi.retno.sari947,"BANYAK ERRORNYA, LAPOR SPT OP SAMA BADAN BIKIN PUSING GAAPAL SEMUA KALO NGERJAIN PTNYA BANYAK CARA PENGISIANNYA RIBET BGT"
7623798816227148562,2026-04-01T14:33:14.000Z,1,https://www.tiktok.com/@liputan6.sctv/video/7621442575928528129,https://www.tiktok.com/@liputan6.sctv/video/7621442575928528129?commentId=7623798816227148562,scraping_tiktok,ezy_hulu,"iya ribettt amat, beda sama kaya kemarin org awam binggung 😳 jadi malas buat laporan jadinya"
7622578862330266375,2026-03-29T07:39:20.000Z,1,https://www.tiktok.com/@liputan6.sctv/video/7621442575928528129,https://www.tiktok.com/@liputan6.sctv/video/7621442575928528129?commentId=7622578862330266375,scraping_tiktok,justaddmatcha,lebih mudah lewat djp😭
7623359761282646792,2026-03-31T10:09:26.000Z,1,https://www.tiktok.com/@liputan6.sctv/video/7621442575928528129,https://www.tiktok.com/@liputan6.sctv/video/7621442575928528129?commentId=7623359761282646792,scraping_tiktok,chatarina2610,iya pak bingung aku
7623111759868969736,2026-03-30T18:07:12.000Z,1,https://www.tiktok.com/@liputan6.sctv/video/7621442575928528129,https://www.tiktok.com/@liputan6.sctv/video/7621442575928528129?commentId=7623111759868969736,scraping_tiktok,rezsalah19,malah ribet pak pajak pakai sistem online
7623174024407122705,2026-03-30T22:08:53.000Z,1,https://www.tiktok.com/@liputan6.sctv/video/7621442575928528129,https://www.tiktok.com/@liputan6.sctv/video/7621442575928528129?commentId=7623174024407122705,scraping_tiktok,cicilia9799,Khan prinsipnya: klo bisa dibuat sulit. kenapa dipermudah. 😅
7623089845074772756,2026-03-30T16:42:10.000Z,1,https://www.tiktok.com/@liputan6.sctv/video/7621442575928528129,https://www.tiktok.com/@liputan6.sctv/video/7621442575928528129?commentId=7623089845074772756,scraping_tiktok,rendisaputra5622,dan akhirnya tahun ini saya tidak lapor spt ribet pkai coretax
7634571127612621589,2026-04-30T15:15:22.000Z,1,https://www.tiktok.com/@liputan6.sctv/video/7621442575928528129,https://www.tiktok.com/@liputan6.sctv/video/7621442575928528129?commentId=7634571127612621589,scraping_tiktok,fajryrw_mkn,"Betul pak, bikin semua WP bingung pak, terlalu ribet pak, bikin yang praktis yang tidak menyusahkan dong pak, karna kan WP udah lapor pajak tapi dibuat pusing dengan coretax"
7624116142135509780,2026-04-02T11:04:45.000Z,1,https://www.tiktok.com/@liputan6.sctv/video/7621442575928528129,https://www.tiktok.com/@liputan6.sctv/video/7621442575928528129?commentId=7624116142135509780,scraping_tiktok,eliieelll,"bener pak, masa kita yg bayar kita juga yg lapor"
7623959222129394449,2026-04-02T00:55:58.000Z,1,https://www.tiktok.com/@liputan6.sctv/video/7621442575928528129,https://www.tiktok.com/@liputan6.sctv/video/7621442575928528129?commentId=7623959222129394449,scraping_tiktok,ifuelaze,Bener ribet banget
7623048761459557141,2026-03-30T14:02:40.000Z,1,https://www.tiktok.com/@liputan6.sctv/video/7621442575928528129,https://www.tiktok.com/@liputan6.sctv/video/7621442575928528129?commentId=7623048761459557141,scraping_tiktok,ardinunobettencourt,bener banget pa pur
7623499592894972679,2026-03-31T19:12:13.000Z,1,https://www.tiktok.com/@liputan6.sctv/video/7621442575928528129,https://www.tiktok.com/@liputan6.sctv/video/7621442575928528129?commentId=7623499592894972679,scraping_tiktok,voshahaaaaa,setuju
7623472310365012756,2026-03-31T17:26:21.000Z,1,https://www.tiktok.com/@liputan6.sctv/video/7621442575928528129,https://www.tiktok.com/@liputan6.sctv/video/7621442575928528129?commentId=7623472310365012756,scraping_tiktok,lematang.drone,Kenapa ngk dibuat sesimpel aplikasi Sophee pak???
7623091088651862791,2026-03-30T16:46:55.000Z,1,https://www.tiktok.com/@liputan6.sctv/video/7621442575928528129,https://www.tiktok.com/@liputan6.sctv/video/7621442575928528129?commentId=7623091088651862791,scraping_tiktok,iyogas7,betul pak Bingung ribet 😁
7624951384940724993,2026-04-04T17:05:53.000Z,1,https://www.tiktok.com/@liputan6.sctv/video/7621442575928528129,https://www.tiktok.com/@liputan6.sctv/video/7621442575928528129?commentId=7624951384940724993,scraping_tiktok,syekh.siti.jenar43,asli pak.. 😏
7623680475563737876,2026-04-01T06:54:09.000Z,1,https://www.tiktok.com/@liputan6.sctv/video/7621442575928528129,https://www.tiktok.com/@liputan6.sctv/video/7621442575928528129?commentId=7623680475563737876,scraping_tiktok,followmetothemooon,mumet pak ya Allah
7622111525960401685,2026-03-28T01:25:50.000Z,2,https://www.tiktok.com/@liputan6.sctv/video/7621442575928528129,https://www.tiktok.com/@liputan6.sctv/video/7621442575928528129?commentId=7622111525960401685,scraping_tiktok,kimnamars,nahh kaaan
7621564270110589712,2026-03-26T14:02:01.000Z,2,https://www.tiktok.com/@liputan6.sctv/video/7621442575928528129,https://www.tiktok.com/@liputan6.sctv/video/7621442575928528129?commentId=7621564270110589712,scraping_tiktok,nm.nohan_,"prosenya ribet bangerttttt, sering error jga😏"
7626203393712161552,2026-04-08T02:04:23.000Z,1,https://www.tiktok.com/@liputan6.sctv/video/7621442575928528129,https://www.tiktok.com/@liputan6.sctv/video/7621442575928528129?commentId=7626203393712161552,scraping_tiktok,nurhusniadam590,betul pak 😭😭😭😭
7622596662611690260,2026-03-29T08:48:22.000Z,1,https://www.tiktok.com/@liputan6.sctv/video/7621442575928528129,https://www.tiktok.com/@liputan6.sctv/video/7621442575928528129?commentId=7622596662611690260,scraping_tiktok,andyesmawan,gampang yang e pin kemarin
7626378115417113360,2026-04-08T13:22:13.000Z,1,https://www.tiktok.com/@liputan6.sctv/video/7621442575928528129,https://www.tiktok.com/@liputan6.sctv/video/7621442575928528129?commentId=7626378115417113360,scraping_tiktok,._349914,pulsa ku habis banyak gara2 lapor pajak😭
7622534792245396242,2026-03-29T04:48:15.000Z,1,https://www.tiktok.com/@liputan6.sctv/video/7621442575928528129,https://www.tiktok.com/@liputan6.sctv/video/7621442575928528129?commentId=7622534792245396242,scraping_tiktok,user397700543783,betul bikin repot saja PNS
7623026609524327189,2026-03-30T12:36:44.000Z,1,https://www.tiktok.com/@liputan6.sctv/video/7621442575928528129,https://www.tiktok.com/@liputan6.sctv/video/7621442575928528129?commentId=7623026609524327189,scraping_tiktok,kikifatmawati_,iya sumpah ribet bertele teleee
7622513546400449300,2026-03-29T03:25:51.000Z,1,https://www.tiktok.com/@liputan6.sctv/video/7621442575928528129,https://www.tiktok.com/@liputan6.sctv/video/7621442575928528129?commentId=7622513546400449300,scraping_tiktok,nuningdedy,ribeeeet pak
7622663440791798549,2026-03-29T13:07:22.000Z,1,https://www.tiktok.com/@liputan6.sctv/video/7621442575928528129,https://www.tiktok.com/@liputan6.sctv/video/7621442575928528129?commentId=7622663440791798549,scraping_tiktok,rhte10,. . suamiq aku bantu juga bberpa kli koq gagal terus.. heran malah tambh ribet
7622877011951256336,2026-03-30T02:56:35.000Z,1,https://www.tiktok.com/@liputan6.sctv/video/7621442575928528129,https://www.tiktok.com/@liputan6.sctv/video/7621442575928528129?commentId=7622877011951256336,scraping_tiktok,calonlurah_konoha,betul itu
7623780124646998791,2026-04-01T13:20:39.000Z,1,https://www.tiktok.com/@liputan6.sctv/video/7621442575928528129,https://www.tiktok.com/@liputan6.sctv/video/7621442575928528129?commentId=7623780124646998791,scraping_tiktok,lupanama1980,menteri saja blg ribet aplg yg lainnya wkwk
7622579502031799048,2026-03-29T07:41:42.000Z,1,https://www.tiktok.com/@liputan6.sctv/video/7621442575928528129,https://www.tiktok.com/@liputan6.sctv/video/7621442575928528129?commentId=7622579502031799048,scraping_tiktok,yunitaadiana88,rudet ahh
7634392178811470610,2026-04-30T03:41:02.000Z,1,https://www.tiktok.com/@liputan6.sctv/video/7621442575928528129,https://www.tiktok.com/@liputan6.sctv/video/7621442575928528129?commentId=7634392178811470610,scraping_tiktok,by.arsenat20,Betull susah bnget aneh tu apk
7623277149291053825,2026-03-31T04:49:04.000Z,2,https://www.tiktok.com/@liputan6.sctv/video/7621442575928528129,https://www.tiktok.com/@liputan6.sctv/video/7621442575928528129?commentId=7623277149291053825,scraping_tiktok,jack_daniels_m,banyak bug nya.. error
7624582279176258312,2026-04-03T17:13:31.000Z,1,https://www.tiktok.com/@liputan6.sctv/video/7621442575928528129,https://www.tiktok.com/@liputan6.sctv/video/7621442575928528129?commentId=7624582279176258312,scraping_tiktok,ekaaynrt,Bener pak ribett😭
7623300697627788050,2026-03-31T06:20:23.000Z,1,https://www.tiktok.com/@liputan6.sctv/video/7621442575928528129,https://www.tiktok.com/@liputan6.sctv/video/7621442575928528129?commentId=7623300697627788050,scraping_tiktok,renyrh6,"Bener2 bikin sakit kpala..😥
Napa dibuat ribet si?? pake model sbelumnya..cepet..ga bkin stress"
7631695027413091079,2026-04-22T21:14:51.000Z,1,https://www.tiktok.com/@liputan6.sctv/video/7621442575928528129,https://www.tiktok.com/@liputan6.sctv/video/7621442575928528129?commentId=7631695027413091079,scraping_tiktok,paaa_96,RIBET BANGET CORETAX SUMPAH
7623659269489279765,2026-04-01T05:31:47.000Z,1,https://www.tiktok.com/@liputan6.sctv/video/7621442575928528129,https://www.tiktok.com/@liputan6.sctv/video/7621442575928528129?commentId=7623659269489279765,scraping_tiktok,atyanta_reskyllah_zaytun,betul sekali pak. bikin bingung
7622536576598082324,2026-03-29T04:55:13.000Z,1,https://www.tiktok.com/@liputan6.sctv/video/7621442575928528129,https://www.tiktok.com/@liputan6.sctv/video/7621442575928528129?commentId=7622536576598082324,scraping_tiktok,ndangruby,msh bagus djponline
7623580605150544661,2026-04-01T00:26:50.000Z,1,https://www.tiktok.com/@liputan6.sctv/video/7621442575928528129,https://www.tiktok.com/@liputan6.sctv/video/7621442575928528129?commentId=7623580605150544661,scraping_tiktok,malik.al.jabbar8,"saya sampe sekarang belum bisa laporan, bolak balik terus jadi males lah, bodo amat."
7624728423554532117,2026-04-04T02:40:43.000Z,1,https://www.tiktok.com/@liputan6.sctv/video/7621442575928528129,https://www.tiktok.com/@liputan6.sctv/video/7621442575928528129?commentId=7624728423554532117,scraping_tiktok,riric000,"udah berhasil aktivasi, tapi pas lupa password emailnya ga valid, aneh banget😭😭😭"
7623544908138283796,2026-03-31T22:08:20.000Z,1,https://www.tiktok.com/@liputan6.sctv/video/7621442575928528129,https://www.tiktok.com/@liputan6.sctv/video/7621442575928528129?commentId=7623544908138283796,scraping_tiktok,filosofi.kaluku,sy sepakat pandangan menkeu
7621713711775253268,2026-03-26T23:42:22.000Z,2,https://www.tiktok.com/@liputan6.sctv/video/7621442575928528129,https://www.tiktok.com/@liputan6.sctv/video/7621442575928528129?commentId=7621713711775253268,scraping_tiktok,aawanbius,mumet pak kita dibuat sama corotex
7623095965394928404,2026-03-30T17:05:55.000Z,1,https://www.tiktok.com/@liputan6.sctv/video/7621442575928528129,https://www.tiktok.com/@liputan6.sctv/video/7621442575928528129?commentId=7623095965394928404,scraping_tiktok,laksamanarafan,Iya lagi Pak Pur
7623198827159765767,2026-03-30T23:45:07.000Z,1,https://www.tiktok.com/@liputan6.sctv/video/7621442575928528129,https://www.tiktok.com/@liputan6.sctv/video/7621442575928528129?commentId=7623198827159765767,scraping_tiktok,airoh1177,"udh gaji di potong . suruh laporan yang mreka kerjakan, pdahal mreka yg kerjakan malah kita sruh mumet ngerjain smpe nihil !,"
7627495764361315080,2026-04-11T13:39:16.000Z,1,https://www.tiktok.com/@liputan6.sctv/video/7621442575928528129,https://www.tiktok.com/@liputan6.sctv/video/7621442575928528129?commentId=7627495764361315080,scraping_tiktok,ikassnti_20,iya betul pusiang
7623087917364232981,2026-03-30T16:34:41.000Z,1,https://www.tiktok.com/@liputan6.sctv/video/7621442575928528129,https://www.tiktok.com/@liputan6.sctv/video/7621442575928528129?commentId=7623087917364232981,scraping_tiktok,mba.khen,"ribed sumpah langkah2nya,untung gue d bantu bendahara ngrjainnya"
7622703152538043143,2026-03-29T15:41:28.000Z,1,https://www.tiktok.com/@liputan6.sctv/video/7621442575928528129,https://www.tiktok.com/@liputan6.sctv/video/7621442575928528129?commentId=7622703152538043143,scraping_tiktok,na740988,iya sih ribet bettt
7632678651176469269,2026-04-25T12:51:40.000Z,1,https://www.tiktok.com/@liputan6.sctv/video/7621442575928528129,https://www.tiktok.com/@liputan6.sctv/video/7621442575928528129?commentId=7632678651176469269,scraping_tiktok,ootd_kewren,Ruweeet
7621598357824078600,2026-03-26T16:14:21.000Z,2,https://www.tiktok.com/@liputan6.sctv/video/7621442575928528129,https://www.tiktok.com/@liputan6.sctv/video/7621442575928528129?commentId=7621598357824078600,scraping_tiktok,yokomi89games,Iye Susah pak gampangan sebelum nya.. kami lapor aja Susah nya minta ampun perlu di evaluasi...
7621595241619817234,2026-03-26T16:02:14.000Z,2,https://www.tiktok.com/@liputan6.sctv/video/7621442575928528129,https://www.tiktok.com/@liputan6.sctv/video/7621442575928528129?commentId=7621595241619817234,scraping_tiktok,eel0905,coretax merugikan disubmit angka jadi ga ada semua 😭
7621592562337563408,2026-03-26T15:52:00.000Z,2,https://www.tiktok.com/@liputan6.sctv/video/7621442575928528129,https://www.tiktok.com/@liputan6.sctv/video/7621442575928528129?commentId=7621592562337563408,scraping_tiktok,postinganpertama,"sebagai bendahara ini apk emang bner² ribet, nyiksa bgt😭😭"
7621588082243977992,2026-03-26T15:34:24.000Z,2,https://www.tiktok.com/@liputan6.sctv/video/7621442575928528129,https://www.tiktok.com/@liputan6.sctv/video/7621442575928528129?commentId=7621588082243977992,scraping_tiktok,spiraloftillaux,Iyaa susah. Enakan djp 😢
7621566830230373137,2026-03-26T14:12:02.000Z,2,https://www.tiktok.com/@liputan6.sctv/video/7621442575928528129,https://www.tiktok.com/@liputan6.sctv/video/7621442575928528129?commentId=7621566830230373137,scraping_tiktok,kang.kuchel,Tuh kannn ngaku juga...kusut banget sistemnya. ujung-ujungnya ada udang di balik batu 🧐🧐
7621566158395851536,2026-03-26T14:09:30.000Z,2,https://www.tiktok.com/@liputan6.sctv/video/7621442575928528129,https://www.tiktok.com/@liputan6.sctv/video/7621442575928528129?commentId=7621566158395851536,scraping_tiktok,marlembos,"sudah bagus djp online yang lama
sekarang malah bingung pakek coratex 🫠"
7621560345370559240,2026-03-26T13:46:47.000Z,2,https://www.tiktok.com/@liputan6.sctv/video/7621442575928528129,https://www.tiktok.com/@liputan6.sctv/video/7621442575928528129?commentId=7621560345370559240,scraping_tiktok,albert.adit,Terlalu banyakk tomboll
7621553165448725264,2026-03-26T13:19:00.000Z,1,https://www.tiktok.com/@liputan6.sctv/video/7621442575928528129,https://www.tiktok.com/@liputan6.sctv/video/7621442575928528129?commentId=7621553165448725264,scraping_tiktok,rjs_1996,Bisa gal sih bayar pajak kayak bayar listrik🥺
7621551763196216072,2026-03-26T13:13:30.000Z,2,https://www.tiktok.com/@liputan6.sctv/video/7621442575928528129,https://www.tiktok.com/@liputan6.sctv/video/7621442575928528129?commentId=7621551763196216072,scraping_tiktok,anthony21536,"udah bener djp online yg lama
gegayaan cortax.cortex yg ada pada ngak bisa lapor"
7621549738094412545,2026-03-26T13:05:42.000Z,1,https://www.tiktok.com/@liputan6.sctv/video/7621442575928528129,https://www.tiktok.com/@liputan6.sctv/video/7621442575928528129?commentId=7621549738094412545,scraping_tiktok,rizwan.pratama07,"Jujur lebih enak akses djponline, CORETEX RIBET"
7621549156231136007,2026-03-26T13:03:27.000Z,2,https://www.tiktok.com/@liputan6.sctv/video/7621442575928528129,https://www.tiktok.com/@liputan6.sctv/video/7621442575928528129?commentId=7621549156231136007,scraping_tiktok,muhammad_bahrul_ulum27,Pusing laporan online lewat coretax 😭😭
7621548256023282433,2026-03-26T12:59:52.000Z,2,https://www.tiktok.com/@liputan6.sctv/video/7621442575928528129,https://www.tiktok.com/@liputan6.sctv/video/7621442575928528129?commentId=7621548256023282433,scraping_tiktok,vousmaimezs,"mending yang web dulu, yang skrg gk jelas"
7621547990964437761,2026-03-26T12:58:59.000Z,2,https://www.tiktok.com/@liputan6.sctv/video/7621442575928528129,https://www.tiktok.com/@liputan6.sctv/video/7621442575928528129?commentId=7621547990964437761,scraping_tiktok,kawaii.nuna,Capeek bgt ya Pak kalo kerjaa sendirian 🥲
7621541856912016136,2026-03-26T12:35:01.000Z,2,https://www.tiktok.com/@liputan6.sctv/video/7621442575928528129,https://www.tiktok.com/@liputan6.sctv/video/7621442575928528129?commentId=7621541856912016136,scraping_tiktok,kirito_878,ini yg ngide bkin coretax siapa? udah bner aplikasi yg awal lebih mudah. 😁
7621540802611708688,2026-03-26T12:31:13.000Z,2,https://www.tiktok.com/@liputan6.sctv/video/7621442575928528129,https://www.tiktok.com/@liputan6.sctv/video/7621442575928528129?commentId=7621540802611708688,scraping_tiktok,dia_na096,kembali aja ke sistem yg lama pak lebih mudah. lapor cortex emang mudah tapi aktivasi nya yg ribet sekali sampe sy dtng ke kantor pajak untuk minta bantuan. klo sistem sebelum nya cukup lewat online selesai
7621528744445100820,2026-03-26T11:44:20.000Z,3,https://www.tiktok.com/@liputan6.sctv/video/7621442575928528129,https://www.tiktok.com/@liputan6.sctv/video/7621442575928528129?commentId=7621528744445100820,scraping_tiktok,ndoayou,"Ya Allah Lindungilah Pak Purbaya dan Para Pejabat Yg Jujur 🥺🤲
panjangkan umurnya Sehatkanlah Jasmani dan Rohaninya Ya Allah.🤲
jauhkan dari segala marabahaya 🥺🤲"
7621518796586877716,2026-03-26T11:05:37.000Z,2,https://www.tiktok.com/@liputan6.sctv/video/7621442575928528129,https://www.tiktok.com/@liputan6.sctv/video/7621442575928528129?commentId=7621518796586877716,scraping_tiktok,ristyangelia,"ya Allah pak, makin kurus 😭 sehat sehat terus ya Pak 🙏🏻"
7621517260838617863,2026-03-26T10:59:40.000Z,2,https://www.tiktok.com/@liputan6.sctv/video/7621442575928528129,https://www.tiktok.com/@liputan6.sctv/video/7621442575928528129?commentId=7621517260838617863,scraping_tiktok,argauw,"Desainnya sih oke aja, UX sama bahasanya itu loh pak yg susah dicerna"
7621506215739638548,2026-03-26T10:16:56.000Z,2,https://www.tiktok.com/@liputan6.sctv/video/7621442575928528129,https://www.tiktok.com/@liputan6.sctv/video/7621442575928528129?commentId=7621506215739638548,scraping_tiktok,bukanorangsempurna7,emanggggggggh nyusahin
7621503620169564949,2026-03-26T10:06:49.000Z,2,https://www.tiktok.com/@liputan6.sctv/video/7621442575928528129,https://www.tiktok.com/@liputan6.sctv/video/7621442575928528129?commentId=7621503620169564949,scraping_tiktok,little.faa,"gw magang di pajak😂, tiada hari tanpa erore tu sistem"
7621503058896028434,2026-03-26T10:04:34.000Z,2,https://www.tiktok.com/@liputan6.sctv/video/7621442575928528129,https://www.tiktok.com/@liputan6.sctv/video/7621442575928528129?commentId=7621503058896028434,scraping_tiktok,biibiii83,"kita yg bayar, kita yg dibikin pusing"
7622308196988207892,2026-03-28T14:08:55.000Z,3,https://www.tiktok.com/@liputan6.sctv/video/7621442575928528129,https://www.tiktok.com/@liputan6.sctv/video/7621442575928528129?commentId=7622308196988207892,scraping_tiktok,baddoodles,"jujur ribet, aplikasinya eror mulu, mau verifikasi susah... kode verifikasinya masuk tapi kolom inputnya ga tersedia, alahasih ga pernah berhasil, padahal mau lapor pajak."
7622256955068187400,2026-03-28T10:50:08.000Z,3,https://www.tiktok.com/@liputan6.sctv/video/7621442575928528129,https://www.tiktok.com/@liputan6.sctv/video/7621442575928528129?commentId=7622256955068187400,scraping_tiktok,mejikuhibiiiniu,plisss bikin puyeng pak 😭
7621522979432121095,2026-03-26T11:21:47.000Z,3,https://www.tiktok.com/@liputan6.sctv/video/7621442575928528129,https://www.tiktok.com/@liputan6.sctv/video/7621442575928528129?commentId=7621522979432121095,scraping_tiktok,ranidjournal,"@Ranidjournal🥨: bahasanya ga dimengerti, ga semua yg lapor itu orang yg punya background keuangan, UI UX nya jelek, membingungkan, terlihat kaku kurang fresh jd udah males duluan liatnya"
7621510331383399188,2026-03-26T10:32:51.000Z,3,https://www.tiktok.com/@liputan6.sctv/video/7621442575928528129,https://www.tiktok.com/@liputan6.sctv/video/7621442575928528129?commentId=7621510331383399188,scraping_tiktok,frmn_alf,Malah websitenya sering down terus user interface-nya juga ga banget
7621505772287099656,2026-03-26T10:15:02.000Z,3,https://www.tiktok.com/@liputan6.sctv/video/7621442575928528129,https://www.tiktok.com/@liputan6.sctv/video/7621442575928528129?commentId=7621505772287099656,scraping_tiktok,ananaps,asli ribet bangetttt
7621504235914150673,2026-03-26T10:09:07.000Z,3,https://www.tiktok.com/@liputan6.sctv/video/7621442575928528129,https://www.tiktok.com/@liputan6.sctv/video/7621442575928528129?commentId=7621504235914150673,scraping_tiktok,tannnnb7,"Yg dulu udah gampang pdhl, skrg jd ribet pusing"
7621493536548700935,2026-03-26T09:27:36.000Z,3,https://www.tiktok.com/@liputan6.sctv/video/7621442575928528129,https://www.tiktok.com/@liputan6.sctv/video/7621442575928528129?commentId=7621493536548700935,scraping_tiktok,talkedshits,bener pak 😭
7621486734290846485,2026-03-26T09:01:14.000Z,3,https://www.tiktok.com/@liputan6.sctv/video/7621442575928528129,https://www.tiktok.com/@liputan6.sctv/video/7621442575928528129?commentId=7621486734290846485,scraping_tiktok,user2208_2001,responsive nya aja kagak ada yg bener pakk
7621468854615048980,2026-03-26T07:51:47.000Z,3,https://www.tiktok.com/@liputan6.sctv/video/7621442575928528129,https://www.tiktok.com/@liputan6.sctv/video/7621442575928528129?commentId=7621468854615048980,scraping_tiktok,nickonezz,di sengaja biar kita pake jasa konsultan pajak 😂
7621458220385665812,2026-03-26T07:10:31.000Z,3,https://www.tiktok.com/@liputan6.sctv/video/7621442575928528129,https://www.tiktok.com/@liputan6.sctv/video/7621442575928528129?commentId=7621458220385665812,scraping_tiktok,muhamaddini33,Buka website liat tampilan udah males duluan mau lanjut
7621456488808874753,2026-03-26T07:03:53.000Z,3,https://www.tiktok.com/@liputan6.sctv/video/7621442575928528129,https://www.tiktok.com/@liputan6.sctv/video/7621442575928528129?commentId=7621456488808874753,scraping_tiktok,user66379051723649,oleh² dri srimul
7621452893216260880,2026-03-26T06:49:58.000Z,3,https://www.tiktok.com/@liputan6.sctv/video/7621442575928528129,https://www.tiktok.com/@liputan6.sctv/video/7621442575928528129?commentId=7621452893216260880,scraping_tiktok,ari.triatmaja,"E Faktur keluaran yg biasa kode 01 skrng ganti 04, X11:12🤣🤣🤣🤣🤣🤣"
7621491598770504469,2026-03-26T09:20:14.000Z,2,https://www.tiktok.com/@liputan6.sctv/video/7621442575928528129,https://www.tiktok.com/@liputan6.sctv/video/7621442575928528129?commentId=7621491598770504469,scraping_tiktok,kokovas,kaya main game. tebak2an dulu. eh salah. ulang lagi. masalahnya game nya urusan pajak jadinya takut salah mulu
7621489271014425345,2026-03-26T09:11:00.000Z,2,https://www.tiktok.com/@liputan6.sctv/video/7621442575928528129,https://www.tiktok.com/@liputan6.sctv/video/7621442575928528129?commentId=7621489271014425345,scraping_tiktok,bluskay88,tapi emang bingungin tampilannya. menurut gue lebih gampang tampilan djp online yg lama
7621488839814775570,2026-03-26T09:09:23.000Z,2,https://www.tiktok.com/@liputan6.sctv/video/7621442575928528129,https://www.tiktok.com/@liputan6.sctv/video/7621442575928528129?commentId=7621488839814775570,scraping_tiktok,dazanhobby,padahal anggarannya gak ngotak 😏
7621487500977292050,2026-03-26T09:04:13.000Z,3,https://www.tiktok.com/@liputan6.sctv/video/7621442575928528129,https://www.tiktok.com/@liputan6.sctv/video/7621442575928528129?commentId=7621487500977292050,scraping_tiktok,rnd.31,"Sebenernya coretax tuh lebih gampang dari yg sebelumnya karena satu pusat lapor pajaknya disitu semua, tapi yg ga tahan tuh leletnya, errornya, dll yg mengganggu jalannya si coretax itu 😭"
7621487341958120212,2026-03-26T09:03:37.000Z,3,https://www.tiktok.com/@liputan6.sctv/video/7621442575928528129,https://www.tiktok.com/@liputan6.sctv/video/7621442575928528129?commentId=7621487341958120212,scraping_tiktok,kuri37662,"Software Online warna Orange jago banget GA ADA MATINYA. Coba bayangkan berapa juta orang masuk ke aplikasi tsb setiap detik 24 jam 365 Harumi, ga pernah lemot. Lagih software Pedagang eceran warna hijau Biru kuning merah. apapun bisa diakses di mesin kasirnya. ga pernah gagal."
7621485355515265810,2026-03-26T08:55:54.000Z,3,https://www.tiktok.com/@liputan6.sctv/video/7621442575928528129,https://www.tiktok.com/@liputan6.sctv/video/7621442575928528129?commentId=7621485355515265810,scraping_tiktok,cukuruyuk0110,Pengadaan 1.7 triliun habis begitu aja? 😂
7621482242322449159,2026-03-26T08:43:50.000Z,2,https://www.tiktok.com/@liputan6.sctv/video/7621442575928528129,https://www.tiktok.com/@liputan6.sctv/video/7621442575928528129?commentId=7621482242322449159,scraping_tiktok,toxician,"Bener banget udah 1 tahun gua masih gagal aktivasi adalah alasan data tidak sesuai dengan dukcapil lah, gak jarang verifikasi email dan nomor telepon gagal terus, plis perbaiki , kalo gk bisa… kasih saya repository nya biar saya bisa bantu perbaiki"
7621475601723392788,2026-03-26T08:18:04.000Z,2,https://www.tiktok.com/@liputan6.sctv/video/7621442575928528129,https://www.tiktok.com/@liputan6.sctv/video/7621442575928528129?commentId=7621475601723392788,scraping_tiktok,claytoon_bay666,web designernya siapa sihh😭😭 harusnya bikin yang mode hp juga.. terus pake bahasa yang mudah dimengerti😭😭
7621474630193201928,2026-03-26T08:14:17.000Z,2,https://www.tiktok.com/@liputan6.sctv/video/7621442575928528129,https://www.tiktok.com/@liputan6.sctv/video/7621442575928528129?commentId=7621474630193201928,scraping_tiktok,forward.and.beyond,"masih gampangan yang baru ini sih, cuma karena ribet doang di awal, jadi terkesan susah dan bikin bingung."
7621463064830886657,2026-03-26T07:29:17.000Z,2,https://www.tiktok.com/@liputan6.sctv/video/7621442575928528129,https://www.tiktok.com/@liputan6.sctv/video/7621442575928528129?commentId=7621463064830886657,scraping_tiktok,cintiaraquela,Bpk ee sehat2 ee .. Tuhan Yesus menjaga dan melindungi bpk selalu 🥹😇
7621462093669892865,2026-03-26T07:25:34.000Z,2,https://www.tiktok.com/@liputan6.sctv/video/7621442575928528129,https://www.tiktok.com/@liputan6.sctv/video/7621442575928528129?commentId=7621462093669892865,scraping_tiktok,bunegaluh,belibettt..ga semua pegawai itu orang pajak ...
7621459671409509141,2026-03-26T07:16:13.000Z,2,https://www.tiktok.com/@liputan6.sctv/video/7621442575928528129,https://www.tiktok.com/@liputan6.sctv/video/7621442575928528129?commentId=7621459671409509141,scraping_tiktok,panggil_saja_ciwank,kita yang bayar kita yang urus...😂
7621459367074398996,2026-03-26T07:14:58.000Z,2,https://www.tiktok.com/@liputan6.sctv/video/7621442575928528129,https://www.tiktok.com/@liputan6.sctv/video/7621442575928528129?commentId=7621459367074398996,scraping_tiktok,moooest,"Aku aja ngisi coretax dibantu bagian accounting, dari istilah di menu sampe yang lainnya bikin pusing dan gak familier buat orang biasa.."
7621458111921095440,2026-03-26T07:10:06.000Z,2,https://www.tiktok.com/@liputan6.sctv/video/7621442575928528129,https://www.tiktok.com/@liputan6.sctv/video/7621442575928528129?commentId=7621458111921095440,scraping_tiktok,pilihanwarga,"kalo butuh mobile developer ajak saya pak, saya bikin UI yg gampang segampang belanja orang jadi ga males buka aplikasi kayak di interview"
7621443357983113991,2026-03-26T06:13:03.000Z,2,https://www.tiktok.com/@liputan6.sctv/video/7621442575928528129,https://www.tiktok.com/@liputan6.sctv/video/7621442575928528129?commentId=7621443357983113991,scraping_tiktok,anto19o7,betul pak bingung... gak otomatis hrs klik2
7629264423392035585,2026-04-16T08:02:41.000Z,1,https://www.tiktok.com/@liputan6.sctv/video/7621442575928528129,https://www.tiktok.com/@liputan6.sctv/video/7621442575928528129?commentId=7629264423392035585,scraping_tiktok,lilmaiii,fakta wkwk barusan laporan lewat coretax
7628604222598185735,2026-04-14T13:20:42.000Z,1,https://www.tiktok.com/@liputan6.sctv/video/7621442575928528129,https://www.tiktok.com/@liputan6.sctv/video/7621442575928528129?commentId=7628604222598185735,scraping_tiktok,cendana066,Balikin DJP Online pak 😁
7628002413358285589,2026-04-12T22:25:39.000Z,1,https://www.tiktok.com/@liputan6.sctv/video/7621442575928528129,https://www.tiktok.com/@liputan6.sctv/video/7621442575928528129?commentId=7628002413358285589,scraping_tiktok,muhammad_sodikin01,benahi jg buat yg pedangan online udah di potong dari aplikasi tp harus bayar jg di pajak jadi dobel
7627672097426342657,2026-04-12T01:03:38.000Z,1,https://www.tiktok.com/@liputan6.sctv/video/7621442575928528129,https://www.tiktok.com/@liputan6.sctv/video/7621442575928528129?commentId=7627672097426342657,scraping_tiktok,tanpa_nama_90,bener ribet bgt. dpt sosialisasi gak paham samsek
7627531812205609746,2026-04-11T15:59:07.000Z,1,https://www.tiktok.com/@liputan6.sctv/video/7621442575928528129,https://www.tiktok.com/@liputan6.sctv/video/7621442575928528129?commentId=7627531812205609746,scraping_tiktok,prieng1,ganti lg😂😂😂
7627011447109174024,2026-04-10T06:19:57.000Z,1,https://www.tiktok.com/@liputan6.sctv/video/7621442575928528129,https://www.tiktok.com/@liputan6.sctv/video/7621442575928528129?commentId=7627011447109174024,scraping_tiktok,sibaksokeju,"betul Pak Pur, ribet banget"
7626926913084736272,2026-04-10T00:51:58.000Z,1,https://www.tiktok.com/@liputan6.sctv/video/7621442575928528129,https://www.tiktok.com/@liputan6.sctv/video/7621442575928528129?commentId=7626926913084736272,scraping_tiktok,threedentist,"Beseenr paaaaak, coba dibuat simpeel ribet amat buat laporan pajak dr oeghasilan yg udah dipotong pajak"
7626549081564922645,2026-04-09T00:25:50.000Z,1,https://www.tiktok.com/@liputan6.sctv/video/7621442575928528129,https://www.tiktok.com/@liputan6.sctv/video/7621442575928528129?commentId=7626549081564922645,scraping_tiktok,beehoki3,yg paling aneh nyari sesuatu musti gua itung dulu urutannya
7626372131500983048,2026-04-08T12:59:03.000Z,1,https://www.tiktok.com/@liputan6.sctv/video/7621442575928528129,https://www.tiktok.com/@liputan6.sctv/video/7621442575928528129?commentId=7626372131500983048,scraping_tiktok,mynameis.nc,"Benerr daa ribett,kenapa gak djp aka seperti tahun lalu.Udah mah harus bayar dan lapor juga sendiri.Sekarang malah dipersulit sistemnya,biarr apaaa biar pada telat lapor dan kena denda?"
7625835183309488912,2026-04-07T02:15:34.000Z,1,https://www.tiktok.com/@liputan6.sctv/video/7621442575928528129,https://www.tiktok.com/@liputan6.sctv/video/7621442575928528129?commentId=7625835183309488912,scraping_tiktok,belovedyou98,coretax ngisinya sulit pak
7625629147830469397,2026-04-06T12:55:56.000Z,1,https://www.tiktok.com/@liputan6.sctv/video/7621442575928528129,https://www.tiktok.com/@liputan6.sctv/video/7621442575928528129?commentId=7625629147830469397,scraping_tiktok,kolambabyspabogor,Harusnya orang pajak ny yg kerja muter” atau pakai token kaya pln masak kita yg bayar pajak kita juga yg harus dtg ke kantornya lewat website ny atau apk nya juga eror muluk smpe pening
7634362129860821778,2026-04-30T01:44:27.000Z,1,https://www.tiktok.com/@liputan6.sctv/video/7621442575928528129,https://www.tiktok.com/@liputan6.sctv/video/7621442575928528129?commentId=7634362129860821778,scraping_tiktok,upah101,bener bgt
7624575642323272456,2026-04-03T16:47:41.000Z,2,https://www.tiktok.com/@liputan6.sctv/video/7621442575928528129,https://www.tiktok.com/@liputan6.sctv/video/7621442575928528129?commentId=7624575642323272456,scraping_tiktok,zznnzz52,dibikin ribet biar kita mending denda drpd ngurus wkwkk
7624405161306784530,2026-04-03T05:46:15.000Z,2,https://www.tiktok.com/@liputan6.sctv/video/7621442575928528129,https://www.tiktok.com/@liputan6.sctv/video/7621442575928528129?commentId=7624405161306784530,scraping_tiktok,sagara8720,ganti aja sih jgn coretax. yg lebih gampang
7634056279686578962,2026-04-29T05:57:33.000Z,1,https://www.tiktok.com/@liputan6.sctv/video/7621442575928528129,https://www.tiktok.com/@liputan6.sctv/video/7621442575928528129?commentId=7634056279686578962,scraping_tiktok,amihmasak,Betul SPT lewat Coretax buat pusing
7634033147051688705,2026-04-29T04:27:47.000Z,1,https://www.tiktok.com/@liputan6.sctv/video/7621442575928528129,https://www.tiktok.com/@liputan6.sctv/video/7621442575928528129?commentId=7634033147051688705,scraping_tiktok,farhandm111,Ayo pak di permudah sulit amet😭
7633784153678709524,2026-04-28T12:21:32.000Z,1,https://www.tiktok.com/@liputan6.sctv/video/7621442575928528129,https://www.tiktok.com/@liputan6.sctv/video/7621442575928528129?commentId=7633784153678709524,scraping_tiktok,singsingsing121,setuju
7623585242078511873,2026-04-01T00:44:43.000Z,2,https://www.tiktok.com/@liputan6.sctv/video/7621442575928528129,https://www.tiktok.com/@liputan6.sctv/video/7621442575928528129?commentId=7623585242078511873,scraping_tiktok,ioo_1993,Ribet bgt
7623333349574574855,2026-03-31T08:27:03.000Z,1,https://www.tiktok.com/@liputan6.sctv/video/7621442575928528129,https://www.tiktok.com/@liputan6.sctv/video/7621442575928528129?commentId=7623333349574574855,scraping_tiktok,ningsihnassal,"betul, ribet"
7623712031761302292,2026-04-01T08:56:33.000Z,1,https://www.tiktok.com/@liputan6.sctv/video/7621442575928528129,https://www.tiktok.com/@liputan6.sctv/video/7621442575928528129?commentId=7623712031761302292,scraping_tiktok,firmanz14,Betul pk
7622867259325055764,2026-03-30T02:18:29.000Z,1,https://www.tiktok.com/@liputan6.sctv/video/7621442575928528129,https://www.tiktok.com/@liputan6.sctv/video/7621442575928528129?commentId=7622867259325055764,scraping_tiktok,kobel77,"dengan coretax sebenarnya lebih mudah di banding dengan tahun sebelumnya.
tapi memang klw pertama x ngisi agak ribet.. tapi setelah tau itu sangat mudah bahkan saya banyak ngisi punya temen² sekalian."
7623441880655463189,2026-03-31T15:28:11.000Z,1,https://www.tiktok.com/@liputan6.sctv/video/7621442575928528129,https://www.tiktok.com/@liputan6.sctv/video/7621442575928528129?commentId=7623441880655463189,scraping_tiktok,doogieduck,mending balikin ke DJP online yg seperti biasa deh
7622847209273295634,2026-03-30T01:00:48.000Z,1,https://www.tiktok.com/@liputan6.sctv/video/7621442575928528129,https://www.tiktok.com/@liputan6.sctv/video/7621442575928528129?commentId=7622847209273295634,scraping_tiktok,rasyaa_813,Iya bnr coratex ribet tdk kyk thn kmrn mudah..🙈
7623341131279844114,2026-03-31T08:57:22.000Z,1,https://www.tiktok.com/@liputan6.sctv/video/7621442575928528129,https://www.tiktok.com/@liputan6.sctv/video/7621442575928528129?commentId=7623341131279844114,scraping_tiktok,afriani29_7,"mau lapor spt susah banget ini ga bisa"" udh 1jam ,,bikin binggung"
7625134497281131271,2026-04-05T04:56:23.000Z,1,https://www.tiktok.com/@liputan6.sctv/video/7621442575928528129,https://www.tiktok.com/@liputan6.sctv/video/7621442575928528129?commentId=7625134497281131271,scraping_tiktok,by_agh,betull
7622900378703938324,2026-03-30T04:27:04.000Z,1,https://www.tiktok.com/@liputan6.sctv/video/7621442575928528129,https://www.tiktok.com/@liputan6.sctv/video/7621442575928528129?commentId=7622900378703938324,scraping_tiktok,syahrul_ramdani99,Kebanyakan di refresh… ngisi berulang2 baru bisa
7623046953747940116,2026-03-30T13:55:39.000Z,1,https://www.tiktok.com/@liputan6.sctv/video/7621442575928528129,https://www.tiktok.com/@liputan6.sctv/video/7621442575928528129?commentId=7623046953747940116,scraping_tiktok,_.gpapa1,potongan pph21 sampe 1jutaan jir 😂
7622862586371244820,2026-03-30T02:00:19.000Z,1,https://www.tiktok.com/@liputan6.sctv/video/7621442575928528129,https://www.tiktok.com/@liputan6.sctv/video/7621442575928528129?commentId=7622862586371244820,scraping_tiktok,fajarsenjagulita,Login noh bnerin
7622916394112140040,2026-03-30T05:29:08.000Z,1,https://www.tiktok.com/@liputan6.sctv/video/7621442575928528129,https://www.tiktok.com/@liputan6.sctv/video/7621442575928528129?commentId=7622916394112140040,scraping_tiktok,angel1x060,mending web djp online
7624059124162331410,2026-04-02T07:23:22.000Z,1,https://www.tiktok.com/@liputan6.sctv/video/7621442575928528129,https://www.tiktok.com/@liputan6.sctv/video/7621442575928528129?commentId=7624059124162331410,scraping_tiktok,panggilakudona,tolong jgn dibikin ribet pak tdk semua orang cpt paham mumet kita klik ini klik itu padahal kita mw lapor aja tpi panjang btul ini itunya........hmmmmmm
7622493772949078791,2026-03-29T02:09:07.000Z,1,https://www.tiktok.com/@liputan6.sctv/video/7621442575928528129,https://www.tiktok.com/@liputan6.sctv/video/7621442575928528129?commentId=7622493772949078791,scraping_tiktok,zaykeeeeee,pak menteri pusing
7622896371075138311,2026-03-30T04:11:25.000Z,1,https://www.tiktok.com/@liputan6.sctv/video/7621442575928528129,https://www.tiktok.com/@liputan6.sctv/video/7621442575928528129?commentId=7622896371075138311,scraping_tiktok,pras_etyawan,ruwet sekali lemot sekali aplikasi nya
7623952077362299666,2026-04-02T00:28:07.000Z,1,https://www.tiktok.com/@liputan6.sctv/video/7621442575928528129,https://www.tiktok.com/@liputan6.sctv/video/7621442575928528129?commentId=7623952077362299666,scraping_tiktok,the_d3010,Pa masa kita yang bayar kita yang pusing 😭
7624959774685266708,2026-04-04T17:38:21.000Z,1,https://www.tiktok.com/@liputan6.sctv/video/7621442575928528129,https://www.tiktok.com/@liputan6.sctv/video/7621442575928528129?commentId=7624959774685266708,scraping_tiktok,shiila01,asli ribet bnget.. lancar klau buka malam hari
7622115308355339016,2026-03-28T01:40:33.000Z,2,https://www.tiktok.com/@liputan6.sctv/video/7621442575928528129,https://www.tiktok.com/@liputan6.sctv/video/7621442575928528129?commentId=7622115308355339016,scraping_tiktok,cimolkrispih,ada yang mau aku bantu lapor pajak? kebetulan aku lg nyari pengalaman dalam pelaporan pajak (jurusan ku administrasi pajak) 🙏🏻
7623743270368199444,2026-04-01T10:57:49.000Z,0,https://www.tiktok.com/@liputan6.sctv/video/7621442575928528129,https://www.tiktok.com/@liputan6.sctv/video/7621442575928528129?commentId=7623743270368199444,scraping_tiktok,curry0n3,kalo itu masalahnya di coretax asyu
7623804483361702676,2026-04-01T14:55:19.000Z,1,https://www.tiktok.com/@liputan6.sctv/video/7621442575928528129,https://www.tiktok.com/@liputan6.sctv/video/7621442575928528129?commentId=7623804483361702676,scraping_tiktok,telurkalkun22,Benulll bangettt
7624155321934611217,2026-04-02T13:36:43.000Z,1,https://www.tiktok.com/@liputan6.sctv/video/7621442575928528129,https://www.tiktok.com/@liputan6.sctv/video/7621442575928528129?commentId=7624155321934611217,scraping_tiktok,brocuek,"lebih simpel djponline gampang GK ribet sana sini,"
7628895298988147463,2026-04-15T08:10:18.000Z,1,https://www.tiktok.com/@liputan6.sctv/video/7621442575928528129,https://www.tiktok.com/@liputan6.sctv/video/7621442575928528129?commentId=7628895298988147463,scraping_tiktok,usernameed_,Bener pakk.
7628422444505137927,2026-04-14T01:35:30.000Z,1,https://www.tiktok.com/@liputan6.sctv/video/7621442575928528129,https://www.tiktok.com/@liputan6.sctv/video/7621442575928528129?commentId=7628422444505137927,scraping_tiktok,cabe_rawitkering00,LAPOR PAJAK SAJA DI PERSULIT
7627729279715099400,2026-04-12T04:45:25.000Z,1,https://www.tiktok.com/@liputan6.sctv/video/7621442575928528129,https://www.tiktok.com/@liputan6.sctv/video/7621442575928528129?commentId=7627729279715099400,scraping_tiktok,nasra.tosalili_maso,"asli ribet, pake aplikasi bukannya makin mudah malah tambah ribet"
7625520855703683860,2026-04-06T05:55:47.000Z,1,https://www.tiktok.com/@liputan6.sctv/video/7621442575928528129,https://www.tiktok.com/@liputan6.sctv/video/7621442575928528129?commentId=7625520855703683860,scraping_tiktok,pril_aprilllll4,asli pak bikin pusing
7625075623195034376,2026-04-05T01:07:58.000Z,1,https://www.tiktok.com/@liputan6.sctv/video/7621442575928528129,https://www.tiktok.com/@liputan6.sctv/video/7621442575928528129?commentId=7625075623195034376,scraping_tiktok,tynaceria,😅bener ihh lg
7624921783926129429,2026-04-04T15:11:00.000Z,1,https://www.tiktok.com/@liputan6.sctv/video/7621442575928528129,https://www.tiktok.com/@liputan6.sctv/video/7621442575928528129?commentId=7624921783926129429,scraping_tiktok,gdbyzozo,coretax ga sesimple djp
7623590222979580688,2026-04-01T01:04:03.000Z,1,https://www.tiktok.com/@liputan6.sctv/video/7621442575928528129,https://www.tiktok.com/@liputan6.sctv/video/7621442575928528129?commentId=7623590222979580688,scraping_tiktok,ann4sftr,tapi coretax yg ini lebih simple drpd djb😭
7623647641998361362,2026-04-01T04:46:41.000Z,1,https://www.tiktok.com/@liputan6.sctv/video/7621442575928528129,https://www.tiktok.com/@liputan6.sctv/video/7621442575928528129?commentId=7623647641998361362,scraping_tiktok,leooo29__,ribet gagal mulu
7622583838980915969,2026-03-29T07:58:36.000Z,0,https://www.tiktok.com/@liputan6.sctv/video/7621442575928528129,https://www.tiktok.com/@liputan6.sctv/video/7621442575928528129?commentId=7622583838980915969,scraping_tiktok,annike535,"ngk mudeng,mana eror"
7622966359735943952,2026-03-30T08:43:05.000Z,1,https://www.tiktok.com/@liputan6.sctv/video/7621442575928528129,https://www.tiktok.com/@liputan6.sctv/video/7621442575928528129?commentId=7622966359735943952,scraping_tiktok,knisah20,asli bikin riweh laporan pajak
7623669544918172437,2026-04-01T06:11:41.000Z,0,https://www.tiktok.com/@liputan6.sctv/video/7621442575928528129,https://www.tiktok.com/@liputan6.sctv/video/7621442575928528129?commentId=7623669544918172437,scraping_tiktok,ceoofgabutnasional,ribet kali
7624027666682037008,2026-04-02T05:21:23.000Z,1,https://www.tiktok.com/@liputan6.sctv/video/7621442575928528129,https://www.tiktok.com/@liputan6.sctv/video/7621442575928528129?commentId=7624027666682037008,scraping_tiktok,abcdelsaaaaaa8,Alhamdulillah aku mah cuma 5 menit udh kelarrr
7623649626911441672,2026-04-01T04:54:26.000Z,1,https://www.tiktok.com/@liputan6.sctv/video/7621442575928528129,https://www.tiktok.com/@liputan6.sctv/video/7621442575928528129?commentId=7623649626911441672,scraping_tiktok,nengiyaaaaa,"emang ZONK bgt si coretax inii😣 GAIS, kalo kalian kesusahan untuk verifikasi akun coretax, Isi email nya pake CAPSLOCK semua yaa!! Di aku work!!"
7623354296538546965,2026-03-31T09:48:26.000Z,0,https://www.tiktok.com/@liputan6.sctv/video/7621442575928528129,https://www.tiktok.com/@liputan6.sctv/video/7621442575928528129?commentId=7623354296538546965,scraping_tiktok,ljaquelynhezty,Pak kalau salah design jgn dilaunching pak 😭. Please ini ribet banget 😵‍💫😬
7622894964167312136,2026-03-30T04:05:59.000Z,1,https://www.tiktok.com/@liputan6.sctv/video/7621442575928528129,https://www.tiktok.com/@liputan6.sctv/video/7621442575928528129?commentId=7622894964167312136,scraping_tiktok,strike.force23,"solusi perbaiki dahulu cortex, lalu dipermudah bahasanya dan kelengkapan formnya diperbaiki, jangan bertele tele bahasanya lugas aja"
7622875924287963922,2026-03-30T02:52:07.000Z,1,https://www.tiktok.com/@liputan6.sctv/video/7621442575928528129,https://www.tiktok.com/@liputan6.sctv/video/7621442575928528129?commentId=7622875924287963922,scraping_tiktok,andralulu03,"iya ribet smpe skrng sya blm bisa²,peningla"
7622481806088717076,2026-03-29T01:22:49.000Z,2,https://www.tiktok.com/@liputan6.sctv/video/7621442575928528129,https://www.tiktok.com/@liputan6.sctv/video/7621442575928528129?commentId=7622481806088717076,scraping_tiktok,nea_tiktok,"keselku, sampai gak bisa menjelaskan aku tentang sistem coretax ini"
7621499215076754193,2026-03-26T09:49:39.000Z,3,https://www.tiktok.com/@liputan6.sctv/video/7621442575928528129,https://www.tiktok.com/@liputan6.sctv/video/7621442575928528129?commentId=7621499215076754193,scraping_tiktok,zugor139,"Coretax bikin bingung, seharusnya inovasi itu memudahkan dan sederhana, tapi malah bikin bingung dan menyusahkan,, sementara masyarakat ditekan utk lapor SPT, klo coretax gak bisa memudahkan ya lebih baik dihapuskan aja aplikasi coretax itu"
7623016811017945874,2026-03-30T11:58:40.000Z,1,https://www.tiktok.com/@liputan6.sctv/video/7621442575928528129,https://www.tiktok.com/@liputan6.sctv/video/7621442575928528129?commentId=7623016811017945874,scraping_tiktok,emma4948,"Dulu waktu kuliah aku ingat, dalam membuat sistem yang harus diperhatikan adalah:
1. Desain interface yang mudah dipahami
2. Memilih warna yg tidak terlalu ramai dan mencolok
3. Input, proses dan output yang jelas.
4. Menggunakan bahasa yang mudah dipahami.
5. dan masih ada lagi... tpi dah lupa😁"
7623973521094427413,2026-04-02T01:51:26.000Z,1,https://www.tiktok.com/@liputan6.sctv/video/7621442575928528129,https://www.tiktok.com/@liputan6.sctv/video/7621442575928528129?commentId=7623973521094427413,scraping_tiktok,candra.wong0,"makanya pak, balikin aja yang ke lama."
7622901986003206920,2026-03-30T04:33:12.000Z,1,https://www.tiktok.com/@liputan6.sctv/video/7621442575928528129,https://www.tiktok.com/@liputan6.sctv/video/7621442575928528129?commentId=7622901986003206920,scraping_tiktok,vanilaspilll,aduhhh salahh designn... jangannn2 tahun depann design ulang lagiiii belajar lagi aduhhh
7622890240427950866,2026-03-30T03:47:31.000Z,1,https://www.tiktok.com/@liputan6.sctv/video/7621442575928528129,https://www.tiktok.com/@liputan6.sctv/video/7621442575928528129?commentId=7622890240427950866,scraping_tiktok,mba.elis,"jujurly hari ini senin 30 maret 2026 sampe bolos kerja mana kantor pajak 1,5 jam dr rumah😏😏 pakai hp pusing"
7623397226315809543,2026-03-31T12:34:51.000Z,1,https://www.tiktok.com/@liputan6.sctv/video/7621442575928528129,https://www.tiktok.com/@liputan6.sctv/video/7621442575928528129?commentId=7623397226315809543,scraping_tiktok,senin541,aing yg bayar pajak...aing yg ribet laporan
7622825386560946945,2026-03-29T23:36:00.000Z,1,https://www.tiktok.com/@liputan6.sctv/video/7621442575928528129,https://www.tiktok.com/@liputan6.sctv/video/7621442575928528129?commentId=7622825386560946945,scraping_tiktok,aqlan915,sistem coratexx ga jelassssss ribetttt
7622975150406288135,2026-03-30T09:17:04.000Z,1,https://www.tiktok.com/@liputan6.sctv/video/7621442575928528129,https://www.tiktok.com/@liputan6.sctv/video/7621442575928528129?commentId=7622975150406288135,scraping_tiktok,nui.okee,sangat membingungkan
7623735571933201173,2026-04-01T10:27:58.000Z,1,https://www.tiktok.com/@liputan6.sctv/video/7621442575928528129,https://www.tiktok.com/@liputan6.sctv/video/7621442575928528129?commentId=7623735571933201173,scraping_tiktok,kustaniah6,akhirnya saya juga pergi ke kantor pajak soalnya ribet bukan memudahkan dan tak ada video caranya bgaimana
7623050378884399889,2026-03-30T14:08:57.000Z,1,https://www.tiktok.com/@liputan6.sctv/video/7621442575928528129,https://www.tiktok.com/@liputan6.sctv/video/7621442575928528129?commentId=7623050378884399889,scraping_tiktok,grevika7,nah itu pak ... tolonglah ... kok lebih simple tahun lalu
7623739851024597780,2026-04-01T10:44:27.000Z,1,https://www.tiktok.com/@liputan6.sctv/video/7621442575928528129,https://www.tiktok.com/@liputan6.sctv/video/7621442575928528129?commentId=7623739851024597780,scraping_tiktok,lb99_poledoeri,"masuk akun aja susah...apalgi infut data.
JD malas lapor SPT"
7622888547875586823,2026-03-30T03:40:59.000Z,1,https://www.tiktok.com/@liputan6.sctv/video/7621442575928528129,https://www.tiktok.com/@liputan6.sctv/video/7621442575928528129?commentId=7622888547875586823,scraping_tiktok,kanghendar96,Kita yg bayar kita yg dibikin ribettt emang
7624441618540266248,2026-04-03T08:07:42.000Z,1,https://www.tiktok.com/@liputan6.sctv/video/7621442575928528129,https://www.tiktok.com/@liputan6.sctv/video/7621442575928528129?commentId=7624441618540266248,scraping_tiktok,dian_laksana,"memang di negeri ini seneng banget dibikin ribet
udah enak biasanya dapat surat dri kantor tinggal lapor eh, ini dsruh bikin sendiri lapor sendiri😢"
7623736942508819221,2026-04-01T10:33:09.000Z,1,https://www.tiktok.com/@liputan6.sctv/video/7621442575928528129,https://www.tiktok.com/@liputan6.sctv/video/7621442575928528129?commentId=7623736942508819221,scraping_tiktok,sscorp.io,emg ribet bgt
7622849056649610005,2026-03-30T01:07:52.000Z,1,https://www.tiktok.com/@liputan6.sctv/video/7621442575928528129,https://www.tiktok.com/@liputan6.sctv/video/7621442575928528129?commentId=7622849056649610005,scraping_tiktok,salsasabtuu,"iya anjr susah dipake trus kalo ip kadang gabisa, taun lalu aku juga pake androind baru bisa"
7623456385871151890,2026-03-31T16:24:24.000Z,1,https://www.tiktok.com/@liputan6.sctv/video/7621442575928528129,https://www.tiktok.com/@liputan6.sctv/video/7621442575928528129?commentId=7623456385871151890,scraping_tiktok,mandoo483,Bener smpe mo gila 😭
7622976516319101716,2026-03-30T09:22:27.000Z,1,https://www.tiktok.com/@liputan6.sctv/video/7621442575928528129,https://www.tiktok.com/@liputan6.sctv/video/7621442575928528129?commentId=7622976516319101716,scraping_tiktok,nshintadelia,"Bayar tinggal bayar, ribet banegttt"
7623018459153416980,2026-03-30T12:05:14.000Z,1,https://www.tiktok.com/@liputan6.sctv/video/7621442575928528129,https://www.tiktok.com/@liputan6.sctv/video/7621442575928528129?commentId=7623018459153416980,scraping_tiktok,_indriani01_,yang kesusahan boleh DM saya yah🥰
7623392305684218640,2026-03-31T12:15:45.000Z,1,https://www.tiktok.com/@liputan6.sctv/video/7621442575928528129,https://www.tiktok.com/@liputan6.sctv/video/7621442575928528129?commentId=7623392305684218640,scraping_tiktok,sky.guvincy,ribet bngt coratex nya
7623347570530009873,2026-03-31T09:22:11.000Z,1,https://www.tiktok.com/@liputan6.sctv/video/7621442575928528129,https://www.tiktok.com/@liputan6.sctv/video/7621442575928528129?commentId=7623347570530009873,scraping_tiktok,linuy45,btul bgt mo lapor ja ribet..padahal udh byar tiap bln y
7622891205081056020,2026-03-30T03:51:24.000Z,1,https://www.tiktok.com/@liputan6.sctv/video/7621442575928528129,https://www.tiktok.com/@liputan6.sctv/video/7621442575928528129?commentId=7622891205081056020,scraping_tiktok,day_spot,"ruwet ruwet guna ne opo iki jelasin disek, gaji gk sepiro suruh ruwet yg penting krj jujur gk mencuri..."
7622902103681303314,2026-03-30T04:33:34.000Z,1,https://www.tiktok.com/@liputan6.sctv/video/7621442575928528129,https://www.tiktok.com/@liputan6.sctv/video/7621442575928528129?commentId=7622902103681303314,scraping_tiktok,twntytu0five,menurutku gpp design nya gitu. tp kalimat katanya disederhanain aja. terus dikasih tutorial yg lengkap
7622911753412952850,2026-03-30T05:11:05.000Z,2,https://www.tiktok.com/@liputan6.sctv/video/7621442575928528129,https://www.tiktok.com/@liputan6.sctv/video/7621442575928528129?commentId=7622911753412952850,scraping_tiktok,www.ratungesot,ribet ribet ribet banget itu cortex. pakek sistem lama saja. seperti efeling. susah kita masyarakat
7623349281688912647,2026-03-31T09:28:50.000Z,1,https://www.tiktok.com/@liputan6.sctv/video/7621442575928528129,https://www.tiktok.com/@liputan6.sctv/video/7621442575928528129?commentId=7623349281688912647,scraping_tiktok,sya_ony22,gak bs aktifasi gagal bae
7623335695260205832,2026-03-31T08:36:12.000Z,1,https://www.tiktok.com/@liputan6.sctv/video/7621442575928528129,https://www.tiktok.com/@liputan6.sctv/video/7621442575928528129?commentId=7623335695260205832,scraping_tiktok,subzero__8,email gw ga valid valid padahal tahun lalu bisa
7623775871749407495,2026-04-01T13:04:14.000Z,1,https://www.tiktok.com/@liputan6.sctv/video/7621442575928528129,https://www.tiktok.com/@liputan6.sctv/video/7621442575928528129?commentId=7623775871749407495,scraping_tiktok,juypasaribubondar,membingungkan bngt bikin palah pening
7623771339199660820,2026-04-01T12:46:41.000Z,1,https://www.tiktok.com/@liputan6.sctv/video/7621442575928528129,https://www.tiktok.com/@liputan6.sctv/video/7621442575928528129?commentId=7623771339199660820,scraping_tiktok,tia.arestya,bagusan DJP
7623761126388646674,2026-04-01T12:07:03.000Z,1,https://www.tiktok.com/@liputan6.sctv/video/7621442575928528129,https://www.tiktok.com/@liputan6.sctv/video/7621442575928528129?commentId=7623761126388646674,scraping_tiktok,ryanmeijihan,orang udh semangat lapor spt tp malah di bikin ruwet pengisiannya. alhasil jd males buat ngisi trmasuk sy
7623708802148778759,2026-04-01T08:44:02.000Z,1,https://www.tiktok.com/@liputan6.sctv/video/7621442575928528129,https://www.tiktok.com/@liputan6.sctv/video/7621442575928528129?commentId=7623708802148778759,scraping_tiktok,yynprto,baru ini sya milih di denda aja pak pur dri pada pusing 🙏
7623706921137455892,2026-04-01T08:36:49.000Z,1,https://www.tiktok.com/@liputan6.sctv/video/7621442575928528129,https://www.tiktok.com/@liputan6.sctv/video/7621442575928528129?commentId=7623706921137455892,scraping_tiktok,efaseptrianti,ribet lapor pajak di coretax...
7623690775470097172,2026-04-01T07:34:07.000Z,1,https://www.tiktok.com/@liputan6.sctv/video/7621442575928528129,https://www.tiktok.com/@liputan6.sctv/video/7621442575928528129?commentId=7623690775470097172,scraping_tiktok,brigita0,"saya yg bayar saya juga yg bingung,"
7623676304680125204,2026-04-01T06:37:54.000Z,1,https://www.tiktok.com/@liputan6.sctv/video/7621442575928528129,https://www.tiktok.com/@liputan6.sctv/video/7621442575928528129?commentId=7623676304680125204,scraping_tiktok,azzelandini14,qt yg kerja qt juga yg harus ribet lapor😂😂😂😂
7623642334873387794,2026-04-01T04:26:00.000Z,1,https://www.tiktok.com/@liputan6.sctv/video/7621442575928528129,https://www.tiktok.com/@liputan6.sctv/video/7621442575928528129?commentId=7623642334873387794,scraping_tiktok,imas_gina1,Laporan Badan juga tambah ribet. mending pakai yang dulu
7623612368875455252,2026-04-01T02:29:51.000Z,1,https://www.tiktok.com/@liputan6.sctv/video/7621442575928528129,https://www.tiktok.com/@liputan6.sctv/video/7621442575928528129?commentId=7623612368875455252,scraping_tiktok,siniakugebuk,"Udah bayar pajak, tp mesti lapor pajak juga.. ribet! Tolong benahi pak.. jgn dibikin ribet buset 😭🙏🏿"
7623411249519837960,2026-03-31T13:29:21.000Z,1,https://www.tiktok.com/@liputan6.sctv/video/7621442575928528129,https://www.tiktok.com/@liputan6.sctv/video/7621442575928528129?commentId=7623411249519837960,scraping_tiktok,elalexyloto,semalam aku yg muter muter dgn aplikasi ini akhirnya besoknya cari org yg SDH buat untuk dibuatkan itupun lama Krn belajar dulu.🤦
7622109431799317265,2026-03-28T01:17:48.000Z,2,https://www.tiktok.com/@liputan6.sctv/video/7621442575928528129,https://www.tiktok.com/@liputan6.sctv/video/7621442575928528129?commentId=7622109431799317265,scraping_tiktok,zaidkhl_,"Ribet terus nyuruh mikir banyak, langkah langkahnya bikin puyeng"
7622098224253469448,2026-03-28T00:34:10.000Z,3,https://www.tiktok.com/@liputan6.sctv/video/7621442575928528129,https://www.tiktok.com/@liputan6.sctv/video/7621442575928528129?commentId=7622098224253469448,scraping_tiktok,youngsheldonz09,kita yg bayar kita yg repot ye
7622070681282511623,2026-03-27T22:47:19.000Z,3,https://www.tiktok.com/@liputan6.sctv/video/7621442575928528129,https://www.tiktok.com/@liputan6.sctv/video/7621442575928528129?commentId=7622070681282511623,scraping_tiktok,likeamagma,"bukan desain nya, tapi bahasa nya itu loh. tidak semua orang itu paham bahasa perpajakan nya. pada saranin ilmu perpajakan itu diberikan di sekolah, okelah itu. tapi yg sekarang ini kan yg lapor pajak bukan anak sekolah masih 🙏"
7632881029892883218,2026-04-26T01:57:02.000Z,1,https://www.tiktok.com/@liputan6.sctv/video/7621442575928528129,https://www.tiktok.com/@liputan6.sctv/video/7621442575928528129?commentId=7632881029892883218,scraping_tiktok,aggness_sss,aduhhhh pusinggg
7621937796845060871,2026-03-27T14:11:37.000Z,1,https://www.tiktok.com/@liputan6.sctv/video/7621442575928528129,https://www.tiktok.com/@liputan6.sctv/video/7621442575928528129?commentId=7621937796845060871,scraping_tiktok,skaagustina,gak jeles cortex masa gw kurang bayar padahal gaji gw udh dipotong am perusahaan😔
7621723562466067218,2026-03-27T00:20:16.000Z,2,https://www.tiktok.com/@liputan6.sctv/video/7621442575928528129,https://www.tiktok.com/@liputan6.sctv/video/7621442575928528129?commentId=7621723562466067218,scraping_tiktok,sidace1,"kita mau bayar, kita yg repot... harus nya ada yg urusin masa kalah sama lising."
7623800468590641936,2026-04-01T14:40:57.000Z,1,https://www.tiktok.com/@liputan6.sctv/video/7621442575928528129,https://www.tiktok.com/@liputan6.sctv/video/7621442575928528129?commentId=7623800468590641936,scraping_tiktok,tayongambu0513,pak sehat2 yhh
7623785294731100936,2026-04-01T13:43:11.000Z,1,https://www.tiktok.com/@liputan6.sctv/video/7621442575928528129,https://www.tiktok.com/@liputan6.sctv/video/7621442575928528129?commentId=7623785294731100936,scraping_tiktok,lorablububblubub,"terlalu ribet pak, kadang error terus, malah bikin tambah pusing"
7623399580301968145,2026-03-31T12:44:03.000Z,1,https://www.tiktok.com/@liputan6.sctv/video/7621442575928528129,https://www.tiktok.com/@liputan6.sctv/video/7621442575928528129?commentId=7623399580301968145,scraping_tiktok,agus_ikkiy,akun djp yg dlu jd ga fungsi d alihkan ke cortex knapa?
7623369059547513618,2026-03-31T10:45:34.000Z,1,https://www.tiktok.com/@liputan6.sctv/video/7621442575928528129,https://www.tiktok.com/@liputan6.sctv/video/7621442575928528129?commentId=7623369059547513618,scraping_tiktok,safeea622,"yes, betul itu pak"
7623331556477010696,2026-03-31T08:20:13.000Z,1,https://www.tiktok.com/@liputan6.sctv/video/7621442575928528129,https://www.tiktok.com/@liputan6.sctv/video/7621442575928528129?commentId=7623331556477010696,scraping_tiktok,agus_priastana,Stuju
7623314664079770375,2026-03-31T07:14:28.000Z,1,https://www.tiktok.com/@liputan6.sctv/video/7621442575928528129,https://www.tiktok.com/@liputan6.sctv/video/7621442575928528129?commentId=7623314664079770375,scraping_tiktok,kadek_genjo72,udh q lapor tapi TDK bisa frint
7623285907667583762,2026-03-31T05:23:02.000Z,1,https://www.tiktok.com/@liputan6.sctv/video/7621442575928528129,https://www.tiktok.com/@liputan6.sctv/video/7621442575928528129?commentId=7623285907667583762,scraping_tiktok,cigu_040,"Ribet pokoknya sampe bolak balik ke pajak, padahap harusnya bisa d online. Malah nda ada Bupot nya😅 bikin puyeng. Sdh dari pajak di list lgi dari pemerintah blm lapor ujung2 di kumpulkan lgi pergi lagi jauh2 laporan, hadehhh repotttr"
7623283883911856916,2026-03-31T05:15:08.000Z,1,https://www.tiktok.com/@liputan6.sctv/video/7621442575928528129,https://www.tiktok.com/@liputan6.sctv/video/7621442575928528129?commentId=7623283883911856916,scraping_tiktok,andriandrie94,iyh ribet bin di persulit
7623097162877010689,2026-03-30T17:10:35.000Z,1,https://www.tiktok.com/@liputan6.sctv/video/7621442575928528129,https://www.tiktok.com/@liputan6.sctv/video/7621442575928528129?commentId=7623097162877010689,scraping_tiktok,lamb3.serang,betul pak Pur....ribettt
7623089154604270356,2026-03-30T16:39:28.000Z,1,https://www.tiktok.com/@liputan6.sctv/video/7621442575928528129,https://www.tiktok.com/@liputan6.sctv/video/7621442575928528129?commentId=7623089154604270356,scraping_tiktok,marchelmh,"makin kurus kusam. capek ya pak,
sehat sllu pk"
7621553558543319828,2026-03-26T13:20:35.000Z,2,https://www.tiktok.com/@liputan6.sctv/video/7621442575928528129,https://www.tiktok.com/@liputan6.sctv/video/7621442575928528129?commentId=7621553558543319828,scraping_tiktok,meuvwxyz,"balikin semula ke djp aja pak, soalnya riweuh coretax sering bgt down lagi :"")"
7622858083697640213,2026-03-30T01:42:53.000Z,1,https://www.tiktok.com/@liputan6.sctv/video/7621442575928528129,https://www.tiktok.com/@liputan6.sctv/video/7621442575928528129?commentId=7622858083697640213,scraping_tiktok,ozieplk.1717,Aku udh lapor bulan 2 kmren sih aman aja ya mskipun cara mengisi data coretax harus lihat tutorial d vt YT dlu biar paham... tpi entah skrng gmna..
7621630857325036304,2026-03-26T18:20:26.000Z,1,https://www.tiktok.com/@liputan6.sctv/video/7621442575928528129,https://www.tiktok.com/@liputan6.sctv/video/7621442575928528129?commentId=7621630857325036304,scraping_tiktok,asikprinting,Kok kurusan pak 😥
7633299935530418952,2026-04-27T05:02:36.000Z,1,https://www.tiktok.com/@liputan6.sctv/video/7621442575928528129,https://www.tiktok.com/@liputan6.sctv/video/7621442575928528129?commentId=7633299935530418952,scraping_tiktok,aza89336,"Urus rupiah anjlok, klu aplikasi ini bru pertama kali digunakan bisa di update lagi"
7622098177709310738,2026-03-28T00:34:07.000Z,1,https://www.tiktok.com/@liputan6.sctv/video/7621442575928528129,https://www.tiktok.com/@liputan6.sctv/video/7621442575928528129?commentId=7622098177709310738,scraping_tiktok,embunmawar95,"pdhal dlu ceria suka senyum, suka jawab nyeleneh"
7621567824122102536,2026-03-26T14:15:52.000Z,2,https://www.tiktok.com/@liputan6.sctv/video/7621442575928528129,https://www.tiktok.com/@liputan6.sctv/video/7621442575928528129?commentId=7621567824122102536,scraping_tiktok,kurniadiya45,"2 hari les privat coretax online di youtube, tetap pusing. Untung saat terakhir kemarin keluar eform manualnya, sukses lapor🥰"
7621477048238080775,2026-03-26T08:23:38.000Z,2,https://www.tiktok.com/@liputan6.sctv/video/7621442575928528129,https://www.tiktok.com/@liputan6.sctv/video/7621442575928528129?commentId=7621477048238080775,scraping_tiktok,lutfialkali88,"GA KOORDINASI DULU, ASAL BUAT AJA TUH"
7622086838266053397,2026-03-27T23:50:08.000Z,2,https://www.tiktok.com/@liputan6.sctv/video/7621442575928528129,https://www.tiktok.com/@liputan6.sctv/video/7621442575928528129?commentId=7622086838266053397,scraping_tiktok,blueelectricprogessiv,sampek skrg aku belom lapor pajak gak jelas tampilannya sama pengisiannya
7621572123090567954,2026-03-26T14:32:37.000Z,2,https://www.tiktok.com/@liputan6.sctv/video/7621442575928528129,https://www.tiktok.com/@liputan6.sctv/video/7621442575928528129?commentId=7621572123090567954,scraping_tiktok,moniec1,sebagai pemakai coretax gw j i j i bgt
7621564467508642568,2026-03-26T14:02:52.000Z,2,https://www.tiktok.com/@liputan6.sctv/video/7621442575928528129,https://www.tiktok.com/@liputan6.sctv/video/7621442575928528129?commentId=7621564467508642568,scraping_tiktok,yandulgundul,coretax itu jebakan bayar jadi terlambat dan lapor jadi terlambat ujung ujungnya denda ini kebijakan menteri sebelumnya
7623210048953729800,2026-03-31T00:28:52.000Z,0,https://www.tiktok.com/@liputan6.sctv/video/7621442575928528129,https://www.tiktok.com/@liputan6.sctv/video/7621442575928528129?commentId=7623210048953729800,scraping_tiktok,storestar22,buener .. Sampek tutor ..
7634893454300414741,2026-05-01T12:06:08.000Z,0,https://www.tiktok.com/@liputan6.sctv/video/7621442575928528129,https://www.tiktok.com/@liputan6.sctv/video/7621442575928528129?commentId=7634893454300414741,scraping_tiktok,elvinur94,deadland sehari penuh eror aplikasiny..untung ad perpnjangan jd bs dilmbur td malam..ribet amat dgn coretax ini
7636106473031107336,2026-05-04T18:33:19.000Z,0,https://www.tiktok.com/@liputan6.sctv/video/7621442575928528129,https://www.tiktok.com/@liputan6.sctv/video/7621442575928528129?commentId=7636106473031107336,scraping_tiktok,gemahripah78_jogjakata,saya seharian sampai migran
7634913472132547346,2026-05-01T13:23:47.000Z,0,https://www.tiktok.com/@liputan6.sctv/video/7621442575928528129,https://www.tiktok.com/@liputan6.sctv/video/7621442575928528129?commentId=7634913472132547346,scraping_tiktok,vajja_matikke,"Bikin Bingung, Sulit sekali Pakenya Intinya *RIBET*"
7623212834911339271,2026-03-31T00:39:38.000Z,0,https://www.tiktok.com/@liputan6.sctv/video/7621442575928528129,https://www.tiktok.com/@liputan6.sctv/video/7621442575928528129?commentId=7623212834911339271,scraping_tiktok,brengsek690,betul skali pak👍
7634936299145233160,2026-05-01T14:52:21.000Z,0,https://www.tiktok.com/@liputan6.sctv/video/7621442575928528129,https://www.tiktok.com/@liputan6.sctv/video/7621442575928528129?commentId=7634936299145233160,scraping_tiktok,nyenyenyenyenye_29,TRUE‼️RIBET NIAN 😏
7623221947769668359,2026-03-31T01:14:45.000Z,0,https://www.tiktok.com/@liputan6.sctv/video/7621442575928528129,https://www.tiktok.com/@liputan6.sctv/video/7621442575928528129?commentId=7623221947769668359,scraping_tiktok,hockguancookies26,"betul bikin lusing, lebuh baik cara lama gampang"
7638204573609624341,2026-05-10T10:15:01.000Z,0,https://www.tiktok.com/@liputan6.sctv/video/7621442575928528129,https://www.tiktok.com/@liputan6.sctv/video/7621442575928528129?commentId=7638204573609624341,scraping_tiktok,misyaaqu,sehat sehat pak
7623097690587317013,2026-03-30T17:12:36.000Z,0,https://www.tiktok.com/@liputan6.sctv/video/7621442575928528129,https://www.tiktok.com/@liputan6.sctv/video/7621442575928528129?commentId=7623097690587317013,scraping_tiktok,andisha_17,Pak kok kurus bnget jga ksehatan pak🥹🥹
7635067966446781204,2026-05-01T23:23:38.000Z,0,https://www.tiktok.com/@liputan6.sctv/video/7621442575928528129,https://www.tiktok.com/@liputan6.sctv/video/7621442575928528129?commentId=7635067966446781204,scraping_tiktok,relitaduri26,"untuk lap PPH 21 aja harus verfikasi org nya karna dr KTP ga valid , karyawan banyak dan saya harus verfikasi satu2 pak ribet banget pen nangis banget kalo lg ngerjain pake CORETAX , gak simple banget 😔"
7623240868158014229,2026-03-31T02:28:18.000Z,0,https://www.tiktok.com/@liputan6.sctv/video/7621442575928528129,https://www.tiktok.com/@liputan6.sctv/video/7621442575928528129?commentId=7623240868158014229,scraping_tiktok,meimajid.id,bikin mumet pak...
7636349288926511890,2026-05-05T10:15:30.000Z,0,https://www.tiktok.com/@liputan6.sctv/video/7621442575928528129,https://www.tiktok.com/@liputan6.sctv/video/7621442575928528129?commentId=7636349288926511890,scraping_tiktok,milizianty,pak tolong di permudah masyarakat . nya pak 😭😭
7623249097868247816,2026-03-31T03:00:04.000Z,0,https://www.tiktok.com/@liputan6.sctv/video/7621442575928528129,https://www.tiktok.com/@liputan6.sctv/video/7621442575928528129?commentId=7623249097868247816,scraping_tiktok,helloitsmeee00,riweuhhhh
7623224698515817236,2026-03-31T01:25:30.000Z,0,https://www.tiktok.com/@liputan6.sctv/video/7621442575928528129,https://www.tiktok.com/@liputan6.sctv/video/7621442575928528129?commentId=7623224698515817236,scraping_tiktok,yusepsolehudin22,iya ribet... masa offline gk bisa...enakan datang ke kantor langsung
7624204682000909077,2026-04-02T16:48:14.000Z,1,https://www.tiktok.com/@liputan6.sctv/video/7621442575928528129,https://www.tiktok.com/@liputan6.sctv/video/7621442575928528129?commentId=7624204682000909077,scraping_tiktok,ansjungggg,"udah RIBET BANGETT , JARINGANNYA ERROR MULU , HARUS NUNGGU MALEM JAM 12AN BARU MULAI ENAK JRINGANNYA"
7632979405728334600,2026-04-26T08:18:40.000Z,1,https://www.tiktok.com/@liputan6.sctv/video/7621442575928528129,https://www.tiktok.com/@liputan6.sctv/video/7621442575928528129?commentId=7632979405728334600,scraping_tiktok,handayanisumi,msh mnding efaktur dlu😁
7634556515131261703,2026-04-30T14:18:38.000Z,0,https://www.tiktok.com/@liputan6.sctv/video/7621442575928528129,https://www.tiktok.com/@liputan6.sctv/video/7621442575928528129?commentId=7634556515131261703,scraping_tiktok,kiki.rizki01,Emannggggg
7635923489803125512,2026-05-04T06:43:13.000Z,0,https://www.tiktok.com/@liputan6.sctv/video/7621442575928528129,https://www.tiktok.com/@liputan6.sctv/video/7621442575928528129?commentId=7635923489803125512,scraping_tiktok,jang_karimah,Ribet poll
7633320496034366224,2026-04-27T06:22:29.000Z,1,https://www.tiktok.com/@liputan6.sctv/video/7621442575928528129,https://www.tiktok.com/@liputan6.sctv/video/7621442575928528129?commentId=7633320496034366224,scraping_tiktok,alpian949,"Akun lama ku malah gak bisa masuk sdh daftar coretex ,"
7634586756722213653,2026-04-30T16:16:10.000Z,0,https://www.tiktok.com/@liputan6.sctv/video/7621442575928528129,https://www.tiktok.com/@liputan6.sctv/video/7621442575928528129?commentId=7634586756722213653,scraping_tiktok,tahugejjrotmental,akhirnya direview juga
7636004257107788565,2026-05-04T11:59:21.000Z,0,https://www.tiktok.com/@liputan6.sctv/video/7621442575928528129,https://www.tiktok.com/@liputan6.sctv/video/7621442575928528129?commentId=7636004257107788565,scraping_tiktok,robaniilyas,asli pak.ruwet...
7634590181056447249,2026-04-30T16:29:17.000Z,0,https://www.tiktok.com/@liputan6.sctv/video/7621442575928528129,https://www.tiktok.com/@liputan6.sctv/video/7621442575928528129?commentId=7634590181056447249,scraping_tiktok,anothersideiceh,SETUJUUUUUUY
7623100002285568776,2026-03-30T17:21:28.000Z,0,https://www.tiktok.com/@liputan6.sctv/video/7621442575928528129,https://www.tiktok.com/@liputan6.sctv/video/7621442575928528129?commentId=7623100002285568776,scraping_tiktok,mizyanade15_,Pak sehat sehat jaga kesehatn tolongg🥺🥺
7634671416114660116,2026-04-30T21:44:58.000Z,0,https://www.tiktok.com/@liputan6.sctv/video/7621442575928528129,https://www.tiktok.com/@liputan6.sctv/video/7621442575928528129?commentId=7634671416114660116,scraping_tiktok,ilma_0711,"iya bener banget pak tolong di beri kemudahan pak ..
dan sehat2 ya pak"
7634792043705811719,2026-05-01T05:32:37.000Z,0,https://www.tiktok.com/@liputan6.sctv/video/7621442575928528129,https://www.tiktok.com/@liputan6.sctv/video/7621442575928528129?commentId=7634792043705811719,scraping_tiktok,hizbul60,"kemarin bersama teman"" pabrik ngurus wajib pajak masa semua gak ada yg beres.. ada aja kendala nya.. pelayanannya juga ruwed"
7633428286710727432,2026-04-27T13:20:32.000Z,1,https://www.tiktok.com/@liputan6.sctv/video/7621442575928528129,https://www.tiktok.com/@liputan6.sctv/video/7621442575928528129?commentId=7633428286710727432,scraping_tiktok,ihsan.r1995,desain ter sampah.
7622636107016356626,2026-03-29T11:21:20.000Z,2,https://www.tiktok.com/@liputan6.sctv/video/7621442575928528129,https://www.tiktok.com/@liputan6.sctv/video/7621442575928528129?commentId=7622636107016356626,scraping_tiktok,setyoko.bagus,punya temen kerja d Pajak gaji besar tp Gabut . semoga Indonesia membaik semua sektor
7621845352979104533,2026-03-27T08:12:51.000Z,1,https://www.tiktok.com/@liputan6.sctv/video/7621442575928528129,https://www.tiktok.com/@liputan6.sctv/video/7621442575928528129?commentId=7621845352979104533,scraping_tiktok,assyifa.pz2,"emang iyaa jangan nyusahin orang,gue udah bayar,terus suruh laporan,terus aplikasi membagongkan,menyusahkan banget ."
7622115321475089160,2026-03-28T01:40:40.000Z,1,https://www.tiktok.com/@liputan6.sctv/video/7621442575928528129,https://www.tiktok.com/@liputan6.sctv/video/7621442575928528129?commentId=7622115321475089160,scraping_tiktok,a.dika.official,"bukan cuma ga bagus...tapi bikin males. harusnya semua tinggal klil 1 menu selesai, karena data kan sudah eksisting. engga ada data baru. tim UI UX nya perlu di ganti pak."
7622114445829391124,2026-03-28T01:37:13.000Z,1,https://www.tiktok.com/@liputan6.sctv/video/7621442575928528129,https://www.tiktok.com/@liputan6.sctv/video/7621442575928528129?commentId=7622114445829391124,scraping_tiktok,princekevin198916,udh ribet2 buat coretax tau2 tahun depan ada aplikasi baru lgi. gitu2 aja trus
7622114343304725266,2026-03-28T01:36:46.000Z,1,https://www.tiktok.com/@liputan6.sctv/video/7621442575928528129,https://www.tiktok.com/@liputan6.sctv/video/7621442575928528129?commentId=7622114343304725266,scraping_tiktok,denisedee89,pak purbaya menjabat belum 1 tahun aja...udah kliatan kurus banget...puyeng ya pak mikir 🥺🥺
7622113648249684744,2026-03-28T01:34:02.000Z,1,https://www.tiktok.com/@liputan6.sctv/video/7621442575928528129,https://www.tiktok.com/@liputan6.sctv/video/7621442575928528129?commentId=7622113648249684744,scraping_tiktok,giokfernando22,BNER . Kmren jg aku bingung banget bolak balik ke halaman ini ke ini 😭😭
7621869708737086229,2026-03-27T09:47:27.000Z,1,https://www.tiktok.com/@liputan6.sctv/video/7621442575928528129,https://www.tiktok.com/@liputan6.sctv/video/7621442575928528129?commentId=7621869708737086229,scraping_tiktok,cit7244,ribet dn berliku bgt isinya. oe Ampe nyoba 3 😂 Bru finish.
7621871421082665745,2026-03-27T09:54:01.000Z,1,https://www.tiktok.com/@liputan6.sctv/video/7621442575928528129,https://www.tiktok.com/@liputan6.sctv/video/7621442575928528129?commentId=7621871421082665745,scraping_tiktok,pecinta_kucing121197,iya coretax bikin bingung seharus nya pegawai NPWP ngapain coba kalau wajib pajak yg ngerjain ngisi nya
7622113179313849089,2026-03-28T01:32:16.000Z,1,https://www.tiktok.com/@liputan6.sctv/video/7621442575928528129,https://www.tiktok.com/@liputan6.sctv/video/7621442575928528129?commentId=7622113179313849089,scraping_tiktok,moonunaa98,Emang
7621879876454859540,2026-03-27T10:26:48.000Z,1,https://www.tiktok.com/@liputan6.sctv/video/7621442575928528129,https://www.tiktok.com/@liputan6.sctv/video/7621442575928528129?commentId=7621879876454859540,scraping_tiktok,florist_isger,asli pak ribet
7621742191458648852,2026-03-27T01:32:35.000Z,1,https://www.tiktok.com/@liputan6.sctv/video/7621442575928528129,https://www.tiktok.com/@liputan6.sctv/video/7621442575928528129?commentId=7621742191458648852,scraping_tiktok,wulanafrianihrp18,"iya pak, emang ribet"
7621726551336207124,2026-03-27T00:32:04.000Z,1,https://www.tiktok.com/@liputan6.sctv/video/7621442575928528129,https://www.tiktok.com/@liputan6.sctv/video/7621442575928528129?commentId=7621726551336207124,scraping_tiktok,123456abcdef510,ribetttttttttttttt
7621728465054204692,2026-03-27T00:39:24.000Z,1,https://www.tiktok.com/@liputan6.sctv/video/7621442575928528129,https://www.tiktok.com/@liputan6.sctv/video/7621442575928528129?commentId=7621728465054204692,scraping_tiktok,tilljannah_12,mana sering dilley ngelag cara nasuk susah ribet
7621731395279454996,2026-03-27T00:50:55.000Z,1,https://www.tiktok.com/@liputan6.sctv/video/7621442575928528129,https://www.tiktok.com/@liputan6.sctv/video/7621442575928528129?commentId=7621731395279454996,scraping_tiktok,syasyfa__,pak pur sehat selalu dan panjang umur ya pak jaga kesehatan mu pak 😢
7621731448449778439,2026-03-27T00:50:56.000Z,1,https://www.tiktok.com/@liputan6.sctv/video/7621442575928528129,https://www.tiktok.com/@liputan6.sctv/video/7621442575928528129?commentId=7621731448449778439,scraping_tiktok,tringati,Semua keputusan ada di tangan menteri.. beralih saja ke DJP
7621735335835681543,2026-03-27T01:05:57.000Z,1,https://www.tiktok.com/@liputan6.sctv/video/7621442575928528129,https://www.tiktok.com/@liputan6.sctv/video/7621442575928528129?commentId=7621735335835681543,scraping_tiktok,marina.kesumawati,Setujuuuuuu
7621735736525832967,2026-03-27T01:07:33.000Z,1,https://www.tiktok.com/@liputan6.sctv/video/7621442575928528129,https://www.tiktok.com/@liputan6.sctv/video/7621442575928528129?commentId=7621735736525832967,scraping_tiktok,gintsu15,sy gagal terus lapor
7621735898590266130,2026-03-27T01:08:15.000Z,1,https://www.tiktok.com/@liputan6.sctv/video/7621442575928528129,https://www.tiktok.com/@liputan6.sctv/video/7621442575928528129?commentId=7621735898590266130,scraping_tiktok,dr.tom83,Terlalu rumitt…. Tp sy berpkr rumit supaya 🤣🤣🤣 spy bisa ada job lagi
7621736483824763656,2026-03-27T01:10:27.000Z,1,https://www.tiktok.com/@liputan6.sctv/video/7621442575928528129,https://www.tiktok.com/@liputan6.sctv/video/7621442575928528129?commentId=7621736483824763656,scraping_tiktok,tuanbekbetawi,"maju terus pak Menkeu, jadikan kritik sbg penyempurna..
putera sulung saya bersamamu pak Menkeu"
7621452531843334928,2026-03-26T06:48:26.000Z,1,https://www.tiktok.com/@liputan6.sctv/video/7621442575928528129,https://www.tiktok.com/@liputan6.sctv/video/7621442575928528129?commentId=7621452531843334928,scraping_tiktok,masna.sijabat7,apalagi zamannya orang tua.. zaman gaptek.. suru anak yang kotak katik... bingung tetap aja ke kantor pajak.. setiap ke sana sudah close antrian... hadeh
7621740445522019093,2026-03-27T01:25:58.000Z,1,https://www.tiktok.com/@liputan6.sctv/video/7621442575928528129,https://www.tiktok.com/@liputan6.sctv/video/7621442575928528129?commentId=7621740445522019093,scraping_tiktok,gitasss,Aku sampe skrg ajuin nonaktifkan npwp 3 hari kerja ga ad info udh hari ke eempat apa ga kerja?
7621740637357818641,2026-03-27T01:26:37.000Z,1,https://www.tiktok.com/@liputan6.sctv/video/7621442575928528129,https://www.tiktok.com/@liputan6.sctv/video/7621442575928528129?commentId=7621740637357818641,scraping_tiktok,tyrex0202,"hayooo ui ux nya siapa an yg desain, bahasanya ngaco😒"
7621740803808101121,2026-03-27T01:27:29.000Z,1,https://www.tiktok.com/@liputan6.sctv/video/7621442575928528129,https://www.tiktok.com/@liputan6.sctv/video/7621442575928528129?commentId=7621740803808101121,scraping_tiktok,usernameindra_178,"terimakasih pak mentri yang ingin memperbaiki cortex yang sangat-sangat sulit di akses masyarakat yang taat pajak demi pembangunan nasional, maaf"
7622177510428918548,2026-03-28T05:46:27.000Z,1,https://www.tiktok.com/@liputan6.sctv/video/7621442575928528129,https://www.tiktok.com/@liputan6.sctv/video/7621442575928528129?commentId=7622177510428918548,scraping_tiktok,com.dwazza_76,"Mau bayar pajak ribet banget, aneh"
7621885215757976328,2026-03-27T10:47:31.000Z,1,https://www.tiktok.com/@liputan6.sctv/video/7621442575928528129,https://www.tiktok.com/@liputan6.sctv/video/7621442575928528129?commentId=7621885215757976328,scraping_tiktok,abahali6969,"DJP udah lumayan , ngapain bikin baru kl malah makin ribeud"
7621742457281233684,2026-03-27T01:33:38.000Z,1,https://www.tiktok.com/@liputan6.sctv/video/7621442575928528129,https://www.tiktok.com/@liputan6.sctv/video/7621442575928528129?commentId=7621742457281233684,scraping_tiktok,kiia.ki,betul
7621745064378139399,2026-03-27T01:43:50.000Z,1,https://www.tiktok.com/@liputan6.sctv/video/7621442575928528129,https://www.tiktok.com/@liputan6.sctv/video/7621442575928528129?commentId=7621745064378139399,scraping_tiktok,m19841115,"kalau pak menteri sudah bilang salah desain ada apa dengan cortex ? ini mau melapor pajak aja susah, pak menteri tolong di audit cortex dan libatkan KPK."
7621745347094692616,2026-03-27T01:45:00.000Z,1,https://www.tiktok.com/@liputan6.sctv/video/7621442575928528129,https://www.tiktok.com/@liputan6.sctv/video/7621442575928528129?commentId=7621745347094692616,scraping_tiktok,gustu211217,"sloganya "" kalau bisa dipersulit buat apa dipermudah""
hampir berlaku di semua birokrasi pemerintahan kita"
7621745932862882568,2026-03-27T01:47:07.000Z,1,https://www.tiktok.com/@liputan6.sctv/video/7621442575928528129,https://www.tiktok.com/@liputan6.sctv/video/7621442575928528129?commentId=7621745932862882568,scraping_tiktok,sahlan_surya,Betul pak Super ribet ngalahin test!! Emg di persulit kali ini!!
7621746124190040850,2026-03-27T01:47:51.000Z,1,https://www.tiktok.com/@liputan6.sctv/video/7621442575928528129,https://www.tiktok.com/@liputan6.sctv/video/7621442575928528129?commentId=7621746124190040850,scraping_tiktok,oksatra1998,"""ADA RUANG UNTUK BISNIS... """
7622867773685908231,2026-03-30T02:20:33.000Z,1,https://www.tiktok.com/@liputan6.sctv/video/7621442575928528129,https://www.tiktok.com/@liputan6.sctv/video/7621442575928528129?commentId=7622867773685908231,scraping_tiktok,arlikenz,saya aja bingung pak .. mending ngisiin astek drpd coretax ini
7623074542505198344,2026-03-30T15:42:43.000Z,1,https://www.tiktok.com/@liputan6.sctv/video/7621442575928528129,https://www.tiktok.com/@liputan6.sctv/video/7621442575928528129?commentId=7623074542505198344,scraping_tiktok,dearrland,"buat cek nomor npwp aja susah pak, mentok banget gbs di akses secara online, ujung” harus ke kantor"
7623078417861722898,2026-03-30T15:57:49.000Z,1,https://www.tiktok.com/@liputan6.sctv/video/7621442575928528129,https://www.tiktok.com/@liputan6.sctv/video/7621442575928528129?commentId=7623078417861722898,scraping_tiktok,diancahyani230,buat deposit nggak bisa di cek saldonya yang mana aja yang blm dilaporkan. deposit ngumpul jadi satu campur
7623073134350566152,2026-03-30T15:37:12.000Z,1,https://www.tiktok.com/@liputan6.sctv/video/7621442575928528129,https://www.tiktok.com/@liputan6.sctv/video/7621442575928528129?commentId=7623073134350566152,scraping_tiktok,toko.choqy,Iyaaa aku jadi blumblapor karna binggung isi .takut kejebak.takut diambil aset jadi pajak😩 semua
7623048845199573780,2026-03-30T14:03:02.000Z,1,https://www.tiktok.com/@liputan6.sctv/video/7621442575928528129,https://www.tiktok.com/@liputan6.sctv/video/7621442575928528129?commentId=7623048845199573780,scraping_tiktok,lipppx99,"design emang jelek, jadul, UI UX gajelas, ya kek web jadul 2015 mirip2 🤣"
7623024273225466645,2026-03-30T12:27:40.000Z,1,https://www.tiktok.com/@liputan6.sctv/video/7621442575928528129,https://www.tiktok.com/@liputan6.sctv/video/7621442575928528129?commentId=7623024273225466645,scraping_tiktok,kang_likes,"Negara ga mampu recruitment IT software professional , karena gamau ngasih salary gede 😂😂 maunya Vendor vendor magang"
7621749328848274194,2026-03-27T02:00:21.000Z,1,https://www.tiktok.com/@liputan6.sctv/video/7621442575928528129,https://www.tiktok.com/@liputan6.sctv/video/7621442575928528129?commentId=7621749328848274194,scraping_tiktok,mizun_samizan,RIBET .. PAK .
7621750986097689365,2026-03-27T02:06:54.000Z,1,https://www.tiktok.com/@liputan6.sctv/video/7621442575928528129,https://www.tiktok.com/@liputan6.sctv/video/7621442575928528129?commentId=7621750986097689365,scraping_tiktok,zodiazart,perasaan makin kurus pak purbaya
7621752059146797844,2026-03-27T02:10:59.000Z,1,https://www.tiktok.com/@liputan6.sctv/video/7621442575928528129,https://www.tiktok.com/@liputan6.sctv/video/7621442575928528129?commentId=7621752059146797844,scraping_tiktok,cuacaberawannn,pak lebih brguna chatgpt drpd nanya ke org pajak yg lg sosialisasi ke kantor
7621753609046213377,2026-03-27T02:16:54.000Z,1,https://www.tiktok.com/@liputan6.sctv/video/7621442575928528129,https://www.tiktok.com/@liputan6.sctv/video/7621442575928528129?commentId=7621753609046213377,scraping_tiktok,soni_sumarsono,coretax pakai bahasa terlalu teknis
7621755218623660807,2026-03-27T02:23:05.000Z,1,https://www.tiktok.com/@liputan6.sctv/video/7621442575928528129,https://www.tiktok.com/@liputan6.sctv/video/7621442575928528129?commentId=7621755218623660807,scraping_tiktok,juniaintan_,"iya pak, bagus yg lama"
7622168016312730376,2026-03-28T05:05:04.000Z,1,https://www.tiktok.com/@liputan6.sctv/video/7621442575928528129,https://www.tiktok.com/@liputan6.sctv/video/7621442575928528129?commentId=7622168016312730376,scraping_tiktok,puyyo3,"bahasanya aja terlalu tinggi, ngga awam friendly"
7621758812211512084,2026-03-27T02:37:13.000Z,1,https://www.tiktok.com/@liputan6.sctv/video/7621442575928528129,https://www.tiktok.com/@liputan6.sctv/video/7621442575928528129?commentId=7621758812211512084,scraping_tiktok,21_koncomu,ya membingungkan😭
7622017209560580872,2026-03-27T19:19:44.000Z,1,https://www.tiktok.com/@liputan6.sctv/video/7621442575928528129,https://www.tiktok.com/@liputan6.sctv/video/7621442575928528129?commentId=7622017209560580872,scraping_tiktok,starmediaentertain,iya tuh bobrok bgt web nya
7622079570716656391,2026-03-27T23:22:03.000Z,1,https://www.tiktok.com/@liputan6.sctv/video/7621442575928528129,https://www.tiktok.com/@liputan6.sctv/video/7621442575928528129?commentId=7622079570716656391,scraping_tiktok,abcdegdhijkl,betulllllllllll
7622078698053763857,2026-03-27T23:18:41.000Z,1,https://www.tiktok.com/@liputan6.sctv/video/7621442575928528129,https://www.tiktok.com/@liputan6.sctv/video/7621442575928528129?commentId=7622078698053763857,scraping_tiktok,aioshark,"Ribet banget sampe emosi, coba lagi, eh emosi lagi, coba lagi, terus aja gitu 😳"
7622076086226862866,2026-03-27T23:08:22.000Z,1,https://www.tiktok.com/@liputan6.sctv/video/7621442575928528129,https://www.tiktok.com/@liputan6.sctv/video/7621442575928528129?commentId=7622076086226862866,scraping_tiktok,shadowsxxx6,"gua foto ampe ganti hp 5 kali baru 😅bisa,, sangat canggih sekali aplikasi nya"
7622075507143787271,2026-03-27T23:06:02.000Z,1,https://www.tiktok.com/@liputan6.sctv/video/7621442575928528129,https://www.tiktok.com/@liputan6.sctv/video/7621442575928528129?commentId=7622075507143787271,scraping_tiktok,achyl45,betul
7621929856309543698,2026-03-27T13:40:41.000Z,1,https://www.tiktok.com/@liputan6.sctv/video/7621442575928528129,https://www.tiktok.com/@liputan6.sctv/video/7621442575928528129?commentId=7621929856309543698,scraping_tiktok,mullmulia3,asli memang menguras kesabaran.dan akhirnya jadi mles
7622074961675830024,2026-03-27T23:04:04.000Z,1,https://www.tiktok.com/@liputan6.sctv/video/7621442575928528129,https://www.tiktok.com/@liputan6.sctv/video/7621442575928528129?commentId=7622074961675830024,scraping_tiktok,srn10866,"iya pak,masuk aja susah, gmn mau lapor"
7622072084516864776,2026-03-27T22:52:49.000Z,1,https://www.tiktok.com/@liputan6.sctv/video/7621442575928528129,https://www.tiktok.com/@liputan6.sctv/video/7621442575928528129?commentId=7622072084516864776,scraping_tiktok,willywonka998,"betul banget pak
muter-muter terus"
7621444966539821845,2026-03-26T06:19:09.000Z,1,https://www.tiktok.com/@liputan6.sctv/video/7621442575928528129,https://www.tiktok.com/@liputan6.sctv/video/7621442575928528129?commentId=7621444966539821845,scraping_tiktok,cacahidayats.pd,👍 terlalu
7622051323948712722,2026-03-27T21:34:27.000Z,1,https://www.tiktok.com/@liputan6.sctv/video/7621442575928528129,https://www.tiktok.com/@liputan6.sctv/video/7621442575928528129?commentId=7622051323948712722,scraping_tiktok,nay_lasi,"ribet dan ngebingungin banget untuk orang awam, paling bener lsg dtg ke DJP biar mbaknya yg klik klik kita tinggal duduk aja jawab pertanyaan mba nya"
7622040591489155858,2026-03-27T20:50:29.000Z,1,https://www.tiktok.com/@liputan6.sctv/video/7621442575928528129,https://www.tiktok.com/@liputan6.sctv/video/7621442575928528129?commentId=7622040591489155858,scraping_tiktok,marryrosa9,benar pak ribet banget
7622027435618353927,2026-03-27T19:59:29.000Z,1,https://www.tiktok.com/@liputan6.sctv/video/7621442575928528129,https://www.tiktok.com/@liputan6.sctv/video/7621442575928528129?commentId=7622027435618353927,scraping_tiktok,n.dwi.m,ohhh..
7622026841796461333,2026-03-27T19:57:10.000Z,1,https://www.tiktok.com/@liputan6.sctv/video/7621442575928528129,https://www.tiktok.com/@liputan6.sctv/video/7621442575928528129?commentId=7622026841796461333,scraping_tiktok,brodin018,Biasa itu..biar keluar anggaran..untuk memperbaiki proyeknya..biasa lah😅😅
7622081825015972616,2026-03-27T23:30:35.000Z,1,https://www.tiktok.com/@liputan6.sctv/video/7621442575928528129,https://www.tiktok.com/@liputan6.sctv/video/7621442575928528129?commentId=7622081825015972616,scraping_tiktok,ymad11,pak pak.sekelas sampean msh aja krg lancr it apliks
7622000824831230740,2026-03-27T18:16:14.000Z,1,https://www.tiktok.com/@liputan6.sctv/video/7621442575928528129,https://www.tiktok.com/@liputan6.sctv/video/7621442575928528129?commentId=7622000824831230740,scraping_tiktok,its_okey357,aplikasi kacau.. menu nya berantakan 😂😂😂
7621984833058128647,2026-03-27T17:14:10.000Z,1,https://www.tiktok.com/@liputan6.sctv/video/7621442575928528129,https://www.tiktok.com/@liputan6.sctv/video/7621442575928528129?commentId=7621984833058128647,scraping_tiktok,wilujengranir,lah itu herannya bikin pusinggg dahh aslii
7621982608029664018,2026-03-27T17:05:27.000Z,1,https://www.tiktok.com/@liputan6.sctv/video/7621442575928528129,https://www.tiktok.com/@liputan6.sctv/video/7621442575928528129?commentId=7621982608029664018,scraping_tiktok,rahmi0001_,"gabisa, ga dapat otp no tlpn padahal nomorny udh bener😭"
7621977868939150100,2026-03-27T16:47:02.000Z,1,https://www.tiktok.com/@liputan6.sctv/video/7621442575928528129,https://www.tiktok.com/@liputan6.sctv/video/7621442575928528129?commentId=7621977868939150100,scraping_tiktok,didisuryadi.17,Login aja susah !!!!!!
7621946172647031570,2026-03-27T14:44:02.000Z,1,https://www.tiktok.com/@liputan6.sctv/video/7621442575928528129,https://www.tiktok.com/@liputan6.sctv/video/7621442575928528129?commentId=7621946172647031570,scraping_tiktok,its.hernovdi,Benat sekali. Semoga desainnya lebih simpel
7622104164882383623,2026-03-28T00:57:15.000Z,1,https://www.tiktok.com/@liputan6.sctv/video/7621442575928528129,https://www.tiktok.com/@liputan6.sctv/video/7621442575928528129?commentId=7622104164882383623,scraping_tiktok,coach_ar,asli ribet . mau lapor doang udh ken ujian anjir
7622342556013331221,2026-03-28T16:22:13.000Z,1,https://www.tiktok.com/@liputan6.sctv/video/7621442575928528129,https://www.tiktok.com/@liputan6.sctv/video/7621442575928528129?commentId=7622342556013331221,scraping_tiktok,ngocehh,tapi gua suruh orang pajaknya mau kok dia ngurusin tapi lama anjrit hampir sejam 1 orang 😭🙏 apalagi gua yang gaptek 😭🙏
7621564011931403026,2026-03-26T14:01:06.000Z,1,https://www.tiktok.com/@liputan6.sctv/video/7621442575928528129,https://www.tiktok.com/@liputan6.sctv/video/7621442575928528129?commentId=7621564011931403026,scraping_tiktok,yandulgundul,punya system ribet mau majuin umkm tp ribet sama aturan pajak mau PKP ribet mau bayar ribet mau lapor ribet gimana ekonomi mau bergerak padahal pengusaha lokal umkm contoh perusahaan lokal mau buat PKP peraturan ribet gimana mau masuk pasar nasional
7621561594761610005,2026-03-26T13:53:14.000Z,1,https://www.tiktok.com/@liputan6.sctv/video/7621442575928528129,https://www.tiktok.com/@liputan6.sctv/video/7621442575928528129?commentId=7621561594761610005,scraping_tiktok,dekaaariani,"pusing kalo lapor sendiri, dtg kekantor pajak
mintol petugas mengisi, ga pusing😅"
7621562165007598343,2026-03-26T13:53:52.000Z,1,https://www.tiktok.com/@liputan6.sctv/video/7621442575928528129,https://www.tiktok.com/@liputan6.sctv/video/7621442575928528129?commentId=7621562165007598343,scraping_tiktok,beranihijrah99,"Server kadang Error tiba2 , ngga ada fitur lupa password, trus bayar kekurangan lagi hadeh ribets"
7621562378892739336,2026-03-26T13:54:40.000Z,1,https://www.tiktok.com/@liputan6.sctv/video/7621442575928528129,https://www.tiktok.com/@liputan6.sctv/video/7621442575928528129?commentId=7621562378892739336,scraping_tiktok,lekbirrang,saya bayar pajak saya yang lapor sendiri. pertanyaannya Pegawai yg krja dkantor pajak ngapain ?
7621562541832160007,2026-03-26T13:55:21.000Z,1,https://www.tiktok.com/@liputan6.sctv/video/7621442575928528129,https://www.tiktok.com/@liputan6.sctv/video/7621442575928528129?commentId=7621562541832160007,scraping_tiktok,bruno.mars689,Setujuuuu
7621562613743534869,2026-03-26T13:55:41.000Z,1,https://www.tiktok.com/@liputan6.sctv/video/7621442575928528129,https://www.tiktok.com/@liputan6.sctv/video/7621442575928528129?commentId=7621562613743534869,scraping_tiktok,12ion12,asli ribet dan susah
7621562649185567508,2026-03-26T13:55:48.000Z,1,https://www.tiktok.com/@liputan6.sctv/video/7621442575928528129,https://www.tiktok.com/@liputan6.sctv/video/7621442575928528129?commentId=7621562649185567508,scraping_tiktok,miftakhul1909,make software apa sih yg dimaksud pak mentri? yg katanya di pake oleh perusahaan besar
7621562716075574023,2026-03-26T13:56:01.000Z,1,https://www.tiktok.com/@liputan6.sctv/video/7621442575928528129,https://www.tiktok.com/@liputan6.sctv/video/7621442575928528129?commentId=7621562716075574023,scraping_tiktok,handaaaaaay,betulllll
7621562764620153617,2026-03-26T13:56:11.000Z,1,https://www.tiktok.com/@liputan6.sctv/video/7621442575928528129,https://www.tiktok.com/@liputan6.sctv/video/7621442575928528129?commentId=7621562764620153617,scraping_tiktok,t0fu_racing,"jujur iya,skb pun ada2 aja penolakannya"
7621563049689809684,2026-03-26T13:57:18.000Z,1,https://www.tiktok.com/@liputan6.sctv/video/7621442575928528129,https://www.tiktok.com/@liputan6.sctv/video/7621442575928528129?commentId=7621563049689809684,scraping_tiktok,sanmakuw,Benerrr pak bikin bingung
7621563328133137172,2026-03-26T13:58:24.000Z,1,https://www.tiktok.com/@liputan6.sctv/video/7621442575928528129,https://www.tiktok.com/@liputan6.sctv/video/7621442575928528129?commentId=7621563328133137172,scraping_tiktok,agmd7777,Menkeu sebelumnya pede2 aja tuh
7622087940206166804,2026-03-27T23:54:24.000Z,1,https://www.tiktok.com/@liputan6.sctv/video/7621442575928528129,https://www.tiktok.com/@liputan6.sctv/video/7621442575928528129?commentId=7622087940206166804,scraping_tiktok,rifaproduction2023,Filter Buat Faktur Pajak sekarang hanya bisa 2 bulan. padahal dulu bisa 1 tahun. menyulitkan pelaporan fakturpajak yg masanya tahun lalu
7622400691889275666,2026-03-28T20:07:49.000Z,1,https://www.tiktok.com/@liputan6.sctv/video/7621442575928528129,https://www.tiktok.com/@liputan6.sctv/video/7621442575928528129?commentId=7622400691889275666,scraping_tiktok,jakselproperty88,aduh pak Pur jaga kesehatan ya...Indonesia butuh anda banget
7621563705072255745,2026-03-26T14:00:09.000Z,1,https://www.tiktok.com/@liputan6.sctv/video/7621442575928528129,https://www.tiktok.com/@liputan6.sctv/video/7621442575928528129?commentId=7621563705072255745,scraping_tiktok,riefca25,Bikin puyenh uy ini sampe ngurusin pajak spt nasabah ngelengkapin doc nya ya ampun tolong di buat yg simpel aja ngapa 🥺
7621563867106231061,2026-03-26T14:00:33.000Z,1,https://www.tiktok.com/@liputan6.sctv/video/7621442575928528129,https://www.tiktok.com/@liputan6.sctv/video/7621442575928528129?commentId=7621563867106231061,scraping_tiktok,alpokatmentega,ngurus NPWP online aja susah bngttt pakk tolong 😩
7622342164400440071,2026-03-28T16:20:40.000Z,1,https://www.tiktok.com/@liputan6.sctv/video/7621442575928528129,https://www.tiktok.com/@liputan6.sctv/video/7621442575928528129?commentId=7622342164400440071,scraping_tiktok,mita17092,coretax bikin + bingung dan sulit. balek ke djp aja
7622092359417725712,2026-03-28T00:11:38.000Z,1,https://www.tiktok.com/@liputan6.sctv/video/7621442575928528129,https://www.tiktok.com/@liputan6.sctv/video/7621442575928528129?commentId=7622092359417725712,scraping_tiktok,yunisky06,betul
7622092650901275412,2026-03-28T00:12:54.000Z,1,https://www.tiktok.com/@liputan6.sctv/video/7621442575928528129,https://www.tiktok.com/@liputan6.sctv/video/7621442575928528129?commentId=7622092650901275412,scraping_tiktok,larva2026,Ga paham soal coretax sulit banget
7621564371978994440,2026-03-26T14:02:31.000Z,1,https://www.tiktok.com/@liputan6.sctv/video/7621442575928528129,https://www.tiktok.com/@liputan6.sctv/video/7621442575928528129?commentId=7621564371978994440,scraping_tiktok,cooksuka,Pak Pur klo mau revamp coretax bisa ke saya aja 😁
7621564639655527169,2026-03-26T14:03:35.000Z,1,https://www.tiktok.com/@liputan6.sctv/video/7621442575928528129,https://www.tiktok.com/@liputan6.sctv/video/7621442575928528129?commentId=7621564639655527169,scraping_tiktok,ronyindrawan4,balikan ke DJP online kalau coretax bikin ribet
7621564668800811796,2026-03-26T14:03:37.000Z,1,https://www.tiktok.com/@liputan6.sctv/video/7621442575928528129,https://www.tiktok.com/@liputan6.sctv/video/7621442575928528129?commentId=7621564668800811796,scraping_tiktok,asredasrose,"zuzur saya juga bingung pak makenya, harus nonton youtube dulu wkwk"
7621564782089569044,2026-03-26T14:04:10.000Z,1,https://www.tiktok.com/@liputan6.sctv/video/7621442575928528129,https://www.tiktok.com/@liputan6.sctv/video/7621442575928528129?commentId=7621564782089569044,scraping_tiktok,newastambul,yg bikun UI coretax ae desainnya jadul bener
7621564854947873544,2026-03-26T14:04:17.000Z,1,https://www.tiktok.com/@liputan6.sctv/video/7621442575928528129,https://www.tiktok.com/@liputan6.sctv/video/7621442575928528129?commentId=7621564854947873544,scraping_tiktok,rizencatalist,alurnya ribet
7622097145349276437,2026-03-28T00:30:15.000Z,1,https://www.tiktok.com/@liputan6.sctv/video/7621442575928528129,https://www.tiktok.com/@liputan6.sctv/video/7621442575928528129?commentId=7622097145349276437,scraping_tiktok,ambertiktok40,verifikasi nomor gak terkirim
7622365526505538325,2026-03-28T17:51:26.000Z,1,https://www.tiktok.com/@liputan6.sctv/video/7621442575928528129,https://www.tiktok.com/@liputan6.sctv/video/7621442575928528129?commentId=7622365526505538325,scraping_tiktok,tokotigawarna,"tombol download A1 pindahin ke halaman laporan spt, dan ga perlu tombok posting, harusnya pas milih spt terbaru. buka form udh otomatis keisi sesuai form A1nya"
7622364371372491537,2026-03-28T17:46:50.000Z,1,https://www.tiktok.com/@liputan6.sctv/video/7621442575928528129,https://www.tiktok.com/@liputan6.sctv/video/7621442575928528129?commentId=7622364371372491537,scraping_tiktok,baestoreis,"jujur tahun ini belum lapor SPT karena UI coretax ribet bikin mumet,, the brain is not braining pas mau input dataaaaaaa"
7622097494138553096,2026-03-28T00:31:23.000Z,1,https://www.tiktok.com/@liputan6.sctv/video/7621442575928528129,https://www.tiktok.com/@liputan6.sctv/video/7621442575928528129?commentId=7622097494138553096,scraping_tiktok,virgogirls7980,betul pa ribet
7621565273431130888,2026-03-26T14:05:56.000Z,1,https://www.tiktok.com/@liputan6.sctv/video/7621442575928528129,https://www.tiktok.com/@liputan6.sctv/video/7621442575928528129?commentId=7621565273431130888,scraping_tiktok,endymione1,No hope
7633057707531977479,2026-04-26T13:22:24.000Z,1,https://www.tiktok.com/@liputan6.sctv/video/7621442575928528129,https://www.tiktok.com/@liputan6.sctv/video/7621442575928528129?commentId=7633057707531977479,scraping_tiktok,baksolavagibran,verifikasi nomer telpon 9 menit itupun ga muncul2 birokrasi ruwet
7622353893926175509,2026-03-28T17:06:12.000Z,2,https://www.tiktok.com/@liputan6.sctv/video/7621442575928528129,https://www.tiktok.com/@liputan6.sctv/video/7621442575928528129?commentId=7622353893926175509,scraping_tiktok,noupiopio,"tapi bener banget coretax bikin pusing, mending djp online aja deh"
7633023714545156871,2026-04-26T11:10:38.000Z,1,https://www.tiktok.com/@liputan6.sctv/video/7621442575928528129,https://www.tiktok.com/@liputan6.sctv/video/7621442575928528129?commentId=7633023714545156871,scraping_tiktok,borusinaga2702,djp online lebih ok 👍
7622295423709070088,2026-03-28T13:19:15.000Z,2,https://www.tiktok.com/@liputan6.sctv/video/7621442575928528129,https://www.tiktok.com/@liputan6.sctv/video/7621442575928528129?commentId=7622295423709070088,scraping_tiktok,longasuneed,"asliiiiii, bikin pusing. form2nya pun bukan bahasa masyarakat awam, tapi bahasa pegawai kemenkeu"
7622974265595544340,2026-03-30T09:13:38.000Z,1,https://www.tiktok.com/@liputan6.sctv/video/7621442575928528129,https://www.tiktok.com/@liputan6.sctv/video/7621442575928528129?commentId=7622974265595544340,scraping_tiktok,ochierose94,sehat sehat ya pak..
7622912913770726165,2026-03-30T05:15:38.000Z,1,https://www.tiktok.com/@liputan6.sctv/video/7621442575928528129,https://www.tiktok.com/@liputan6.sctv/video/7621442575928528129?commentId=7622912913770726165,scraping_tiktok,rabdulsalim,kita yang bayar pajak....kita juga yang di bikin ribeeetttt
7622227274083353352,2026-03-28T08:54:53.000Z,1,https://www.tiktok.com/@liputan6.sctv/video/7621442575928528129,https://www.tiktok.com/@liputan6.sctv/video/7621442575928528129?commentId=7622227274083353352,scraping_tiktok,inspi458,diaudit donk
7623823560755479316,2026-04-02T04:58:05.000Z,1,https://www.tiktok.com/@liputan6.sctv/video/7621442575928528129,https://www.tiktok.com/@liputan6.sctv/video/7621442575928528129?commentId=7623823560755479316,scraping_tiktok,hyunsukkkiii,bennerrrr ribett
7624168034169078549,2026-04-02T14:26:01.000Z,1,https://www.tiktok.com/@liputan6.sctv/video/7621442575928528129,https://www.tiktok.com/@liputan6.sctv/video/7621442575928528129?commentId=7624168034169078549,scraping_tiktok,din48503,"emg bikin bingung, enakan SPT seperti biasanya"
7621552037986517768,2026-03-26T13:14:39.000Z,2,https://www.tiktok.com/@liputan6.sctv/video/7621442575928528129,https://www.tiktok.com/@liputan6.sctv/video/7621442575928528129?commentId=7621552037986517768,scraping_tiktok,ruby_giraffe,Hayo dm kalo ada yg minat😁
7624393076676969224,2026-04-03T04:59:20.000Z,1,https://www.tiktok.com/@liputan6.sctv/video/7621442575928528129,https://www.tiktok.com/@liputan6.sctv/video/7621442575928528129?commentId=7624393076676969224,scraping_tiktok,bubbletea._.hihi,"intinya yah ges, emg dari awal desain nya itu jelek dan ngeribetin, trllu byk menu yang bikin muter2... yg kedua knpa kayak lelet gitu? yah karena perusahaan2 gede itu pake jasa dari bantuan aplikasi lain spya proses dia dlm membayar pajak tuh di prioritaskan, di cepetin, gak ribet gitu dia... dan cara ini justru ngehambat yang lain, yg pure cmn pake pak cortex itu... gitu kan?🙏🙏"
7624318473813312274,2026-04-03T00:10:02.000Z,1,https://www.tiktok.com/@liputan6.sctv/video/7621442575928528129,https://www.tiktok.com/@liputan6.sctv/video/7621442575928528129?commentId=7624318473813312274,scraping_tiktok,hikuco.cicuit,betul
7624098888283341569,2026-04-02T09:57:47.000Z,1,https://www.tiktok.com/@liputan6.sctv/video/7621442575928528129,https://www.tiktok.com/@liputan6.sctv/video/7621442575928528129?commentId=7624098888283341569,scraping_tiktok,nacht_faust7,"betul pak,"
7624022196416037653,2026-04-02T05:00:16.000Z,1,https://www.tiktok.com/@liputan6.sctv/video/7621442575928528129,https://www.tiktok.com/@liputan6.sctv/video/7621442575928528129?commentId=7624022196416037653,scraping_tiktok,bee_mymy,"semoga yang buat coretax harinya ""SENIN"" teruss.....😭😭😭😭🙏🙏"
7623895859138691847,2026-04-01T20:49:55.000Z,1,https://www.tiktok.com/@liputan6.sctv/video/7621442575928528129,https://www.tiktok.com/@liputan6.sctv/video/7621442575928528129?commentId=7623895859138691847,scraping_tiktok,user329372920,betul bgt taun lalu bkin npwp bingung bgt ni website
7622335688738079496,2026-03-28T15:55:32.000Z,1,https://www.tiktok.com/@liputan6.sctv/video/7621442575928528129,https://www.tiktok.com/@liputan6.sctv/video/7621442575928528129?commentId=7622335688738079496,scraping_tiktok,dindonkdd,emang bener coretaxt agak oleng😅
7622303907985359632,2026-03-28T13:52:13.000Z,1,https://www.tiktok.com/@liputan6.sctv/video/7621442575928528129,https://www.tiktok.com/@liputan6.sctv/video/7621442575928528129?commentId=7622303907985359632,scraping_tiktok,themastergord,"ribet cara lapor nya, udh bayar ribet lapor ny, aneh"
7622506435708568340,2026-03-29T02:58:13.000Z,1,https://www.tiktok.com/@liputan6.sctv/video/7621442575928528129,https://www.tiktok.com/@liputan6.sctv/video/7621442575928528129?commentId=7622506435708568340,scraping_tiktok,devoy12345,"Betull, ribet dan membingungkan"
7622505625118212882,2026-03-29T02:55:05.000Z,1,https://www.tiktok.com/@liputan6.sctv/video/7621442575928528129,https://www.tiktok.com/@liputan6.sctv/video/7621442575928528129?commentId=7622505625118212882,scraping_tiktok,indahrafka,Ya Ampun ribet puol
7622502238216618753,2026-03-29T02:41:54.000Z,1,https://www.tiktok.com/@liputan6.sctv/video/7621442575928528129,https://www.tiktok.com/@liputan6.sctv/video/7621442575928528129?commentId=7622502238216618753,scraping_tiktok,aleshahanum02,"Coretax,,menurut sy pribadi sudah mulai mebaik dr sebelumnya 🥰"
7622495399521501972,2026-03-29T02:15:27.000Z,1,https://www.tiktok.com/@liputan6.sctv/video/7621442575928528129,https://www.tiktok.com/@liputan6.sctv/video/7621442575928528129?commentId=7622495399521501972,scraping_tiktok,myfortune89,"Coretax jelek ribed ga familiar pak, mau lapor aja kayak ujian cpns udah gitu banyak muter2 tlg, mau lapor spt disuruh ngisi teka teki silang inimah, jgn salahin kalo ga pada isi"
7622494223535424264,2026-03-29T02:10:54.000Z,1,https://www.tiktok.com/@liputan6.sctv/video/7621442575928528129,https://www.tiktok.com/@liputan6.sctv/video/7621442575928528129?commentId=7622494223535424264,scraping_tiktok,vvyaa375,"lapor ribet, ga lapor didenda🙃"
7622301042814911248,2026-03-28T13:41:09.000Z,1,https://www.tiktok.com/@liputan6.sctv/video/7621442575928528129,https://www.tiktok.com/@liputan6.sctv/video/7621442575928528129?commentId=7622301042814911248,scraping_tiktok,tian3540,"emang pak...
udah suruh lapor pajaknya, nyusahin lagi 🫣"
7622489692335899399,2026-03-29T01:53:18.000Z,1,https://www.tiktok.com/@liputan6.sctv/video/7621442575928528129,https://www.tiktok.com/@liputan6.sctv/video/7621442575928528129?commentId=7622489692335899399,scraping_tiktok,onotsub,ud abis triliunan bikinnya malah gini hasilnya 🤣
7622484378849559316,2026-03-29T01:32:48.000Z,1,https://www.tiktok.com/@liputan6.sctv/video/7621442575928528129,https://www.tiktok.com/@liputan6.sctv/video/7621442575928528129?commentId=7622484378849559316,scraping_tiktok,ndie.azka.thea,apa nanti pajak saya bisa kembali kaya temen saya ...saya kerja sudah 19 thn da tiap bln kena pajak dari dulu ..tp belum pernah yg nama nya pajak kembali .dan kemarin ke kantor pajak di benerin di cek pertahun kemarin 2026 pajak 3.5jt apa thn dpn bisa kembali ..
7622483475040207636,2026-03-29T01:29:16.000Z,1,https://www.tiktok.com/@liputan6.sctv/video/7621442575928528129,https://www.tiktok.com/@liputan6.sctv/video/7621442575928528129?commentId=7622483475040207636,scraping_tiktok,myfortune89,"Mau lapor berasa ngisi teka teki yo Allah, udah kaya ngisi ujian cpns gusti,lebih mudah yg maren pak masih ada petunjuk manualnya"
7622476602048365332,2026-03-29T01:02:48.000Z,1,https://www.tiktok.com/@liputan6.sctv/video/7621442575928528129,https://www.tiktok.com/@liputan6.sctv/video/7621442575928528129?commentId=7622476602048365332,scraping_tiktok,family_jiso,iya tolong ini gimana sih lapor pajaknya bingung 😭
7622470157579371271,2026-03-29T00:37:35.000Z,1,https://www.tiktok.com/@liputan6.sctv/video/7621442575928528129,https://www.tiktok.com/@liputan6.sctv/video/7621442575928528129?commentId=7622470157579371271,scraping_tiktok,anggiefitriana,asli banget 😭😫 susah banget sulit email gk masuk2 edaaaan
7622467206655443720,2026-03-29T00:26:01.000Z,1,https://www.tiktok.com/@liputan6.sctv/video/7621442575928528129,https://www.tiktok.com/@liputan6.sctv/video/7621442575928528129?commentId=7622467206655443720,scraping_tiktok,chepnugraha91,"kita yg bayar kita yg ribet lapor nya,,"
7622465423291990800,2026-03-29T00:19:11.000Z,1,https://www.tiktok.com/@liputan6.sctv/video/7621442575928528129,https://www.tiktok.com/@liputan6.sctv/video/7621442575928528129?commentId=7622465423291990800,scraping_tiktok,lambung77,Bener banget pak. Mendingan kayak dulu gak ribet
7622452799946801941,2026-03-28T23:30:12.000Z,1,https://www.tiktok.com/@liputan6.sctv/video/7621442575928528129,https://www.tiktok.com/@liputan6.sctv/video/7621442575928528129?commentId=7622452799946801941,scraping_tiktok,dt_septiyan9,udh enak tahun lalu... pake djb skrng bake coretax bikin mumet. udh kita yg bayar pajak kita jg yg di suruh mumet...
7622450557534651156,2026-03-28T23:21:45.000Z,1,https://www.tiktok.com/@liputan6.sctv/video/7621442575928528129,https://www.tiktok.com/@liputan6.sctv/video/7621442575928528129?commentId=7622450557534651156,scraping_tiktok,ricoryz,Udah bolak balik login gk bisa2 skli bisa balikin lgi ke menu awal heran
7622251470142341908,2026-03-28T10:28:49.000Z,1,https://www.tiktok.com/@liputan6.sctv/video/7621442575928528129,https://www.tiktok.com/@liputan6.sctv/video/7621442575928528129?commentId=7622251470142341908,scraping_tiktok,himalayq,Asli
7622257336623137554,2026-03-28T10:51:34.000Z,1,https://www.tiktok.com/@liputan6.sctv/video/7621442575928528129,https://www.tiktok.com/@liputan6.sctv/video/7621442575928528129?commentId=7622257336623137554,scraping_tiktok,bungatanpdaunn,"Ribet pokoknya, pak"
7622256599793582856,2026-03-28T10:48:43.000Z,1,https://www.tiktok.com/@liputan6.sctv/video/7621442575928528129,https://www.tiktok.com/@liputan6.sctv/video/7621442575928528129?commentId=7622256599793582856,scraping_tiktok,zyx1200ch,Susah2
7622256557610435348,2026-03-28T10:48:30.000Z,1,https://www.tiktok.com/@liputan6.sctv/video/7621442575928528129,https://www.tiktok.com/@liputan6.sctv/video/7621442575928528129?commentId=7622256557610435348,scraping_tiktok,peter.agustinus,"gw sampek bingung, mau lapor pajak aja ribet"
7622256313336546068,2026-03-28T10:47:40.000Z,1,https://www.tiktok.com/@liputan6.sctv/video/7621442575928528129,https://www.tiktok.com/@liputan6.sctv/video/7621442575928528129?commentId=7622256313336546068,scraping_tiktok,ozymandias514_,Pak pur berani juga impersonate pak harto 😂
7622255584024904469,2026-03-28T10:44:48.000Z,1,https://www.tiktok.com/@liputan6.sctv/video/7621442575928528129,https://www.tiktok.com/@liputan6.sctv/video/7621442575928528129?commentId=7622255584024904469,scraping_tiktok,andrieugahary,bukan nya makin mudah malah nambah susah
7622253517332693768,2026-03-28T10:36:45.000Z,1,https://www.tiktok.com/@liputan6.sctv/video/7621442575928528129,https://www.tiktok.com/@liputan6.sctv/video/7621442575928528129?commentId=7622253517332693768,scraping_tiktok,ichinosan,"Bener pak pur coretax bikin pusing ,sukar di pahami 😌"
7622252386926281479,2026-03-28T10:32:25.000Z,1,https://www.tiktok.com/@liputan6.sctv/video/7621442575928528129,https://www.tiktok.com/@liputan6.sctv/video/7621442575928528129?commentId=7622252386926281479,scraping_tiktok,wahyuwasito,bener !!!!
7621601783337730824,2026-03-26T16:27:42.000Z,1,https://www.tiktok.com/@liputan6.sctv/video/7621442575928528129,https://www.tiktok.com/@liputan6.sctv/video/7621442575928528129?commentId=7621601783337730824,scraping_tiktok,nisa.puu,"iya ribet loh pak, gak user friendly"
7622250638730511112,2026-03-28T10:25:31.000Z,1,https://www.tiktok.com/@liputan6.sctv/video/7621442575928528129,https://www.tiktok.com/@liputan6.sctv/video/7621442575928528129?commentId=7622250638730511112,scraping_tiktok,dannywiwit,Betul
7622248078662517524,2026-03-28T10:15:42.000Z,1,https://www.tiktok.com/@liputan6.sctv/video/7621442575928528129,https://www.tiktok.com/@liputan6.sctv/video/7621442575928528129?commentId=7622248078662517524,scraping_tiktok,langitungu33,mending pakai yg kemarin daripada coretax banyak banget pertanyaan yg gak penting
7622245799351239431,2026-03-28T10:06:44.000Z,1,https://www.tiktok.com/@liputan6.sctv/video/7621442575928528129,https://www.tiktok.com/@liputan6.sctv/video/7621442575928528129?commentId=7622245799351239431,scraping_tiktok,novita_rahmawati25,orang awam pusing paaa liat coretax...
7622245696624689938,2026-03-28T10:06:23.000Z,1,https://www.tiktok.com/@liputan6.sctv/video/7621442575928528129,https://www.tiktok.com/@liputan6.sctv/video/7621442575928528129?commentId=7622245696624689938,scraping_tiktok,weiizlienz,ribettt ada yang salah bayar masa harus bayar ke coretax ada maksud lain itu
7622245520317285141,2026-03-28T10:05:48.000Z,1,https://www.tiktok.com/@liputan6.sctv/video/7621442575928528129,https://www.tiktok.com/@liputan6.sctv/video/7621442575928528129?commentId=7622245520317285141,scraping_tiktok,novrianrian_89,Sdah bagusnya srimuliyani malah di ganti😁😁😁😁
7622244929817543444,2026-03-28T10:03:25.000Z,1,https://www.tiktok.com/@liputan6.sctv/video/7621442575928528129,https://www.tiktok.com/@liputan6.sctv/video/7621442575928528129?commentId=7622244929817543444,scraping_tiktok,user0920181500097,"bener, mau lap spt susah bgt
padahal ga pernah ganti email atau gmna
tapi waktu mau log in email tiba² berganti
dan kalau mau lap spt akhirnya jadi kekantor mreka karena cmn mereka yg bisa akses emailnya
coba lwt no hp juga ga bisa
jadi apa gunanya app coretax"
7622244347061633799,2026-03-28T10:01:13.000Z,1,https://www.tiktok.com/@liputan6.sctv/video/7621442575928528129,https://www.tiktok.com/@liputan6.sctv/video/7621442575928528129?commentId=7622244347061633799,scraping_tiktok,storiklip,"coretax yg perlu di fix saat ini, ui dan bahasanya."
7621606320722379537,2026-03-26T16:45:14.000Z,1,https://www.tiktok.com/@liputan6.sctv/video/7621442575928528129,https://www.tiktok.com/@liputan6.sctv/video/7621442575928528129?commentId=7621606320722379537,scraping_tiktok,multi_sparepart_store,padahal anggaran segitu bisa dapat deepseek 😭😭😭
7622243664384099088,2026-03-28T09:58:36.000Z,1,https://www.tiktok.com/@liputan6.sctv/video/7621442575928528129,https://www.tiktok.com/@liputan6.sctv/video/7621442575928528129?commentId=7622243664384099088,scraping_tiktok,ibu.bqida91,Asli brpa minggu nyoba baru bisa
7621607797976908562,2026-03-26T16:50:56.000Z,1,https://www.tiktok.com/@liputan6.sctv/video/7621442575928528129,https://www.tiktok.com/@liputan6.sctv/video/7621442575928528129?commentId=7621607797976908562,scraping_tiktok,xxlmysize,"kok permasalahin desainnya, orang log in aja gk bisa ini saya coba tengah malam."
7622243280184689416,2026-03-28T09:56:55.000Z,1,https://www.tiktok.com/@liputan6.sctv/video/7621442575928528129,https://www.tiktok.com/@liputan6.sctv/video/7621442575928528129?commentId=7622243280184689416,scraping_tiktok,vavae.est,"eh gw blom lapor pajak, gara² emang fiturnya ribet bgt pusing😭"
7621612856568480530,2026-03-26T17:10:36.000Z,1,https://www.tiktok.com/@liputan6.sctv/video/7621442575928528129,https://www.tiktok.com/@liputan6.sctv/video/7621442575928528129?commentId=7621612856568480530,scraping_tiktok,rajamakan01,Sehat selalu Pak Purbaya 🤲
7621614748891398930,2026-03-26T17:18:00.000Z,1,https://www.tiktok.com/@liputan6.sctv/video/7621442575928528129,https://www.tiktok.com/@liputan6.sctv/video/7621442575928528129?commentId=7621614748891398930,scraping_tiktok,yunita_puan,"Udah bayar pajak, udah niat lapor, mau ngurus sendiri, tapi eror mulu 😭"
7621616582255936274,2026-03-26T17:25:05.000Z,1,https://www.tiktok.com/@liputan6.sctv/video/7621442575928528129,https://www.tiktok.com/@liputan6.sctv/video/7621442575928528129?commentId=7621616582255936274,scraping_tiktok,imamzimi,"hmm, ada aplikasi khusus nasabah besar ya ternyata. coretax dibisnisin. 😂"
7621619231184667410,2026-03-26T17:35:19.000Z,1,https://www.tiktok.com/@liputan6.sctv/video/7621442575928528129,https://www.tiktok.com/@liputan6.sctv/video/7621442575928528129?commentId=7621619231184667410,scraping_tiktok,pengamat_masyarakat,Tiba2 gw punya aset 4.8M di coretax. Gila aja.. 🤣🤣🤣🤣
7622229953387463431,2026-03-28T09:05:13.000Z,1,https://www.tiktok.com/@liputan6.sctv/video/7621442575928528129,https://www.tiktok.com/@liputan6.sctv/video/7621442575928528129?commentId=7622229953387463431,scraping_tiktok,salpwdx,hire ui/ux pak buat benerin
7621632812266095381,2026-03-26T18:28:12.000Z,1,https://www.tiktok.com/@liputan6.sctv/video/7621442575928528129,https://www.tiktok.com/@liputan6.sctv/video/7621442575928528129?commentId=7621632812266095381,scraping_tiktok,novieindahpertiwi,Aku ga lapor dr taun lalu pakkk…. Ga ngerti ah susah
7621508459099685639,2026-03-26T10:25:29.000Z,1,https://www.tiktok.com/@liputan6.sctv/video/7621442575928528129,https://www.tiktok.com/@liputan6.sctv/video/7621442575928528129?commentId=7621508459099685639,scraping_tiktok,awis17_,"Menkeu saja bingung, apalg kita yg tidak pernah d sosialisasikan terkait ini aplikasi, salah pilih malah statusnya lebih/kurang bayar 😏"
7621509143120151317,2026-03-26T10:28:13.000Z,1,https://www.tiktok.com/@liputan6.sctv/video/7621442575928528129,https://www.tiktok.com/@liputan6.sctv/video/7621442575928528129?commentId=7621509143120151317,scraping_tiktok,ss113335,menteri sebelumnya ga diusut KPK proyek coretax ini? kok adem2 aja KPK dan Kejaksaan
7622255367032849173,2026-03-28T10:44:00.000Z,1,https://www.tiktok.com/@liputan6.sctv/video/7621442575928528129,https://www.tiktok.com/@liputan6.sctv/video/7621442575928528129?commentId=7622255367032849173,scraping_tiktok,bocil.jr73,jngn yng ribet pak Pur bikin yng gampang klo gampang kan masyarakat rajin bayar pajak😂
7622253670831129362,2026-03-28T10:37:21.000Z,1,https://www.tiktok.com/@liputan6.sctv/video/7621442575928528129,https://www.tiktok.com/@liputan6.sctv/video/7621442575928528129?commentId=7622253670831129362,scraping_tiktok,kiiwkiw09,mmg😒
7622259872940278549,2026-03-28T11:01:30.000Z,1,https://www.tiktok.com/@liputan6.sctv/video/7621442575928528129,https://www.tiktok.com/@liputan6.sctv/video/7621442575928528129?commentId=7622259872940278549,scraping_tiktok,adindadei,ribetttt
7622279027902202644,2026-03-28T12:15:41.000Z,1,https://www.tiktok.com/@liputan6.sctv/video/7621442575928528129,https://www.tiktok.com/@liputan6.sctv/video/7621442575928528129?commentId=7622279027902202644,scraping_tiktok,kipmilove,"sebagai orang yg bukan lulusan ekonomi, punten pak emg ngeselin ngisi cortax, gabisa pak saya gabisa. saya taunya anamnesa, prognosa dan diagnosa. tolong di permudah ya Pak. lagian harta saya engk banyak Pak 😩😩 lebih bayar akhirnya minta tolong ke temen yg anak stan trus jadi NIHIL. ujung2nya Pak ttep anak STAN yg ngerjain Ya Allah 😭😭"
7622298149501977364,2026-03-28T13:30:01.000Z,1,https://www.tiktok.com/@liputan6.sctv/video/7621442575928528129,https://www.tiktok.com/@liputan6.sctv/video/7621442575928528129?commentId=7622298149501977364,scraping_tiktok,athar_haidar,ribet pak. pas ke kantor cabang malah penuh terus 😏
7622289339729101589,2026-03-28T12:55:45.000Z,1,https://www.tiktok.com/@liputan6.sctv/video/7621442575928528129,https://www.tiktok.com/@liputan6.sctv/video/7621442575928528129?commentId=7622289339729101589,scraping_tiktok,zams_z,"ALI SULIT GAK PAHAM, GW AJA BLM LAPOR PAJAK"
7622289268699317000,2026-03-28T12:55:30.000Z,1,https://www.tiktok.com/@liputan6.sctv/video/7621442575928528129,https://www.tiktok.com/@liputan6.sctv/video/7621442575928528129?commentId=7622289268699317000,scraping_tiktok,prazata,"biarin aja deh, ribet memang, kita tinggal laporan aja malah ribet banget"
7622288102644597524,2026-03-28T12:50:57.000Z,1,https://www.tiktok.com/@liputan6.sctv/video/7621442575928528129,https://www.tiktok.com/@liputan6.sctv/video/7621442575928528129?commentId=7622288102644597524,scraping_tiktok,xchallte,"asli emang ribet gue aja bingung, kalau mau edit ini itu kayak ribet banget wkwk"
7622284874335421191,2026-03-28T12:38:27.000Z,1,https://www.tiktok.com/@liputan6.sctv/video/7621442575928528129,https://www.tiktok.com/@liputan6.sctv/video/7621442575928528129?commentId=7622284874335421191,scraping_tiktok,arbiarvv,ribetpol
7622516529691460353,2026-03-29T03:37:31.000Z,1,https://www.tiktok.com/@liputan6.sctv/video/7621442575928528129,https://www.tiktok.com/@liputan6.sctv/video/7621442575928528129?commentId=7622516529691460353,scraping_tiktok,ahmd65689,ribet
7622272611977200392,2026-03-28T11:50:50.000Z,1,https://www.tiktok.com/@liputan6.sctv/video/7621442575928528129,https://www.tiktok.com/@liputan6.sctv/video/7621442575928528129?commentId=7622272611977200392,scraping_tiktok,faulliiaa,"ribet amat buset, kudu bikin ebupot😑"
7632337708636128007,2026-04-24T14:48:32.000Z,1,https://www.tiktok.com/@liputan6.sctv/video/7621442575928528129,https://www.tiktok.com/@liputan6.sctv/video/7621442575928528129?commentId=7632337708636128007,scraping_tiktok,mtassxxe,@cikickcickciki
7624419279463154452,2026-04-03T06:41:02.000Z,1,https://www.tiktok.com/@liputan6.sctv/video/7621442575928528129,https://www.tiktok.com/@liputan6.sctv/video/7621442575928528129?commentId=7624419279463154452,scraping_tiktok,whitecloudby,"iyaa dong tolong app coretax trs app2 pemerintahan yg lain jg susah bgt siii digunain uda gitu sering erorrrr, kita tu uda pusingg malah ditambah beban😭😭😭"
7622912934625149713,2026-03-30T05:15:50.000Z,1,https://www.tiktok.com/@liputan6.sctv/video/7621442575928528129,https://www.tiktok.com/@liputan6.sctv/video/7621442575928528129?commentId=7622912934625149713,scraping_tiktok,ellyta_aprilia,"Indonesia nih kebayaka apk buat bayar2, bayar pajak aja mesti gonta ganti apk, pajak motor beda, pajak penghasilan beda, hadeh sampe blank hp ku kebayakan apk"
7622085880840962836,2026-03-27T23:46:31.000Z,1,https://www.tiktok.com/@liputan6.sctv/video/7621442575928528129,https://www.tiktok.com/@liputan6.sctv/video/7621442575928528129?commentId=7622085880840962836,scraping_tiktok,makcute89,"iya kan
bikin bingung
apalagi masukkan tanda tangan
bingung aku tuh"
7622084350712775445,2026-03-27T23:40:32.000Z,1,https://www.tiktok.com/@liputan6.sctv/video/7621442575928528129,https://www.tiktok.com/@liputan6.sctv/video/7621442575928528129?commentId=7622084350712775445,scraping_tiktok,blakemidwinter,"wajib diperiksa kpk itu, masa iyaa aplikasi yg modalnya milyaran wujudnya begitu wkwkw"
7622084218344719111,2026-03-27T23:39:51.000Z,1,https://www.tiktok.com/@liputan6.sctv/video/7621442575928528129,https://www.tiktok.com/@liputan6.sctv/video/7621442575928528129?commentId=7622084218344719111,scraping_tiktok,bellameyra95,apalagi yg kerja trus punyantambahan affiliate tambah mumett
7622081588176634645,2026-03-27T23:33:41.000Z,1,https://www.tiktok.com/@liputan6.sctv/video/7621442575928528129,https://www.tiktok.com/@liputan6.sctv/video/7621442575928528129?commentId=7622081588176634645,scraping_tiktok,maspriyono937,Kirain hp saya yang terlalu jadul
7621592901949129480,2026-03-26T15:53:13.000Z,1,https://www.tiktok.com/@liputan6.sctv/video/7621442575928528129,https://www.tiktok.com/@liputan6.sctv/video/7621442575928528129?commentId=7621592901949129480,scraping_tiktok,vink.ai,bubarkan ganti xoretax terlalu ribet
7622271332973495058,2026-03-28T11:45:53.000Z,1,https://www.tiktok.com/@liputan6.sctv/video/7621442575928528129,https://www.tiktok.com/@liputan6.sctv/video/7621442575928528129?commentId=7622271332973495058,scraping_tiktok,opers20,coretax mempersulit masyarakat
7622270998239527688,2026-03-28T11:44:34.000Z,1,https://www.tiktok.com/@liputan6.sctv/video/7621442575928528129,https://www.tiktok.com/@liputan6.sctv/video/7621442575928528129?commentId=7622270998239527688,scraping_tiktok,dhanz0520,"emang ribeeettt banget, ga user friendly"
7622268432737796871,2026-03-28T11:34:32.000Z,1,https://www.tiktok.com/@liputan6.sctv/video/7621442575928528129,https://www.tiktok.com/@liputan6.sctv/video/7621442575928528129?commentId=7622268432737796871,scraping_tiktok,hellenaaaa.24,matak jangar kana mastakana ge pak:((
7622267414847210241,2026-03-28T11:30:41.000Z,1,https://www.tiktok.com/@liputan6.sctv/video/7621442575928528129,https://www.tiktok.com/@liputan6.sctv/video/7621442575928528129?commentId=7622267414847210241,scraping_tiktok,amaliakarinaa,Apus aja pak bikin pusing 😂
7622267157960147732,2026-03-28T11:29:46.000Z,1,https://www.tiktok.com/@liputan6.sctv/video/7621442575928528129,https://www.tiktok.com/@liputan6.sctv/video/7621442575928528129?commentId=7622267157960147732,scraping_tiktok,apel5387,wkwkw.... emang aneh Wak itu wabsite
7621593887400706824,2026-03-26T15:56:59.000Z,1,https://www.tiktok.com/@liputan6.sctv/video/7621442575928528129,https://www.tiktok.com/@liputan6.sctv/video/7621442575928528129?commentId=7621593887400706824,scraping_tiktok,hn_sandy,ini lah pemerintah indonesia kalau ada yg susah jangan cari yang mudah
7622266057303278343,2026-03-28T11:25:25.000Z,1,https://www.tiktok.com/@liputan6.sctv/video/7621442575928528129,https://www.tiktok.com/@liputan6.sctv/video/7621442575928528129?commentId=7622266057303278343,scraping_tiktok,majdiyyah04,"pajak teros,apa² dipajakin"
7622265098086187794,2026-03-28T11:21:38.000Z,1,https://www.tiktok.com/@liputan6.sctv/video/7621442575928528129,https://www.tiktok.com/@liputan6.sctv/video/7621442575928528129?commentId=7622265098086187794,scraping_tiktok,mohamadsukron09,"pelaporan SPT makin kesini makin ribet makin ngga jelas karena banyak yg makin males buat laporan spt, coba di bikin simple dan mudah di pahami"
7622262964124435218,2026-03-28T11:13:19.000Z,1,https://www.tiktok.com/@liputan6.sctv/video/7621442575928528129,https://www.tiktok.com/@liputan6.sctv/video/7621442575928528129?commentId=7622262964124435218,scraping_tiktok,ayuiuiuiu,"iya bgt😭 dulu pas djp online lancar2 aja walau puyeng tapi yaudah bisa. ini coretax ku lupa password, dikirim pemulihan ke email, dicoba berkali2 gagal terus, boro2 bisa login, sampe skrg blm lapor, bodo dah ah."
7621592287886492436,2026-03-26T15:50:51.000Z,1,https://www.tiktok.com/@liputan6.sctv/video/7621442575928528129,https://www.tiktok.com/@liputan6.sctv/video/7621442575928528129?commentId=7621592287886492436,scraping_tiktok,sittikhdjhti,"nahhh iniii, perasaan tahun tahun kmarem pake web yg lama bagus bagus aja, gampang jg prosesnya"
7622258995185582866,2026-03-28T10:58:00.000Z,1,https://www.tiktok.com/@liputan6.sctv/video/7621442575928528129,https://www.tiktok.com/@liputan6.sctv/video/7621442575928528129?commentId=7622258995185582866,scraping_tiktok,johanes_134,Bebas kan pajak biar tumbuh ekonomi nya
7621595545706005269,2026-03-26T16:03:25.000Z,1,https://www.tiktok.com/@liputan6.sctv/video/7621442575928528129,https://www.tiktok.com/@liputan6.sctv/video/7621442575928528129?commentId=7621595545706005269,scraping_tiktok,234cigars,"anggaran trilyunan utk bikin aplikasi yg super..
.
.
.
.
.
super membagongkan.."
7622257731814195976,2026-03-28T10:53:01.000Z,1,https://www.tiktok.com/@liputan6.sctv/video/7621442575928528129,https://www.tiktok.com/@liputan6.sctv/video/7621442575928528129?commentId=7622257731814195976,scraping_tiktok,ametlana208,Iya ribetttt Coretax model websitenya
7621597549853868801,2026-03-26T16:11:10.000Z,1,https://www.tiktok.com/@liputan6.sctv/video/7621442575928528129,https://www.tiktok.com/@liputan6.sctv/video/7621442575928528129?commentId=7621597549853868801,scraping_tiktok,daun.kelor47,"Betul, belibet bgt 🤣"
7622601047534453520,2026-03-29T09:05:35.000Z,1,https://www.tiktok.com/@liputan6.sctv/video/7621442575928528129,https://www.tiktok.com/@liputan6.sctv/video/7621442575928528129?commentId=7622601047534453520,scraping_tiktok,srizega,"Iya pas tu, jadi ribet"
7624578530735588116,2026-04-03T16:59:00.000Z,1,https://www.tiktok.com/@liputan6.sctv/video/7621442575928528129,https://www.tiktok.com/@liputan6.sctv/video/7621442575928528129?commentId=7624578530735588116,scraping_tiktok,lollybubbyduck,Betul sekali . Desain UI Ux -nya kurang banged dan ribet banget pelaporannya. Tolong lebih di anukan lagi buat kedepanya secepatnya 🙏
7622350546528174868,2026-03-28T16:53:17.000Z,1,https://www.tiktok.com/@liputan6.sctv/video/7621442575928528129,https://www.tiktok.com/@liputan6.sctv/video/7621442575928528129?commentId=7622350546528174868,scraping_tiktok,mimakaizen,produk gagal ini mah 😴
7622444483220849425,2026-03-28T22:58:11.000Z,1,https://www.tiktok.com/@liputan6.sctv/video/7621442575928528129,https://www.tiktok.com/@liputan6.sctv/video/7621442575928528129?commentId=7622444483220849425,scraping_tiktok,heri_syahdana,"Ini ceritanya, wajib pajak baik, aplikasinya yg gak baik.."
7622442152153072405,2026-03-28T22:49:00.000Z,1,https://www.tiktok.com/@liputan6.sctv/video/7621442575928528129,https://www.tiktok.com/@liputan6.sctv/video/7621442575928528129?commentId=7622442152153072405,scraping_tiktok,yogiart93,sudah verifikasi tapi ga bisa submit dan masuk aplikasi .. paniang paniang [astonish]
7622434546252972818,2026-03-28T22:23:56.000Z,1,https://www.tiktok.com/@liputan6.sctv/video/7621442575928528129,https://www.tiktok.com/@liputan6.sctv/video/7621442575928528129?commentId=7622434546252972818,scraping_tiktok,user8260998298775,hidup tambah rumit dgn coretax
7622355168055329552,2026-03-28T17:11:10.000Z,1,https://www.tiktok.com/@liputan6.sctv/video/7621442575928528129,https://www.tiktok.com/@liputan6.sctv/video/7621442575928528129?commentId=7622355168055329552,scraping_tiktok,tokoplastiktangerang,"betul . tampilan nya itu bikin bingung+ribet ,udah tahu setahun sekali laporan 😅😅"
7622354569104687893,2026-03-28T17:08:51.000Z,1,https://www.tiktok.com/@liputan6.sctv/video/7621442575928528129,https://www.tiktok.com/@liputan6.sctv/video/7621442575928528129?commentId=7622354569104687893,scraping_tiktok,chlordiazepoxideee_,"setuju, laporan spt pun bingungg😭"
7622352481281671944,2026-03-28T17:00:47.000Z,1,https://www.tiktok.com/@liputan6.sctv/video/7621442575928528129,https://www.tiktok.com/@liputan6.sctv/video/7621442575928528129?commentId=7622352481281671944,scraping_tiktok,diphylleia_grayi__0,"Kenapa ya, ada yg tau knp pakak harus lapor??, bpjs, bayar pln, bayar pdam engga ada tuh??"
7622449905856086802,2026-03-28T23:18:52.000Z,1,https://www.tiktok.com/@liputan6.sctv/video/7621442575928528129,https://www.tiktok.com/@liputan6.sctv/video/7621442575928528129?commentId=7622449905856086802,scraping_tiktok,irfpwn,jgn ditambal2. restorasi. buat ulang
7622343107640476436,2026-03-28T16:24:25.000Z,1,https://www.tiktok.com/@liputan6.sctv/video/7621442575928528129,https://www.tiktok.com/@liputan6.sctv/video/7621442575928528129?commentId=7622343107640476436,scraping_tiktok,lisabarat,"ku blom lapor lg, malasnya
ribet"
7622341929649144597,2026-03-28T16:19:46.000Z,1,https://www.tiktok.com/@liputan6.sctv/video/7621442575928528129,https://www.tiktok.com/@liputan6.sctv/video/7621442575928528129?commentId=7622341929649144597,scraping_tiktok,aliahtaug4,Bapak sehat” ya pak.. semoga kalau kurus karena diet sehat alhamdulillah. Jgn karen stress aja deh 🥺
7622339195880669953,2026-03-28T16:09:13.000Z,1,https://www.tiktok.com/@liputan6.sctv/video/7621442575928528129,https://www.tiktok.com/@liputan6.sctv/video/7621442575928528129?commentId=7622339195880669953,scraping_tiktok,2j6lily,iya lagiiiiiiiiiiii
7622338066464604944,2026-03-28T16:04:48.000Z,1,https://www.tiktok.com/@liputan6.sctv/video/7621442575928528129,https://www.tiktok.com/@liputan6.sctv/video/7621442575928528129?commentId=7622338066464604944,scraping_tiktok,hiiirannn_,Setuju☹️
7621489603710780168,2026-03-26T09:12:18.000Z,1,https://www.tiktok.com/@liputan6.sctv/video/7621442575928528129,https://www.tiktok.com/@liputan6.sctv/video/7621442575928528129?commentId=7621489603710780168,scraping_tiktok,user8274081600670,HAPUS aja Corotexnya bikin Ribet
7621460483140748053,2026-03-26T07:19:18.000Z,1,https://www.tiktok.com/@liputan6.sctv/video/7621442575928528129,https://www.tiktok.com/@liputan6.sctv/video/7621442575928528129?commentId=7621460483140748053,scraping_tiktok,aji_site,punya gw kga muncul periodenya bjir
7621464448238535444,2026-03-26T07:34:39.000Z,1,https://www.tiktok.com/@liputan6.sctv/video/7621442575928528129,https://www.tiktok.com/@liputan6.sctv/video/7621442575928528129?commentId=7621464448238535444,scraping_tiktok,ibam.mohamed,coretax dibuat utk proyek para pejabat bukan utk rakyat!
7622214175020581640,2026-03-28T08:04:03.000Z,1,https://www.tiktok.com/@liputan6.sctv/video/7621442575928528129,https://www.tiktok.com/@liputan6.sctv/video/7621442575928528129?commentId=7622214175020581640,scraping_tiktok,chand.die,"gw lapor gk tau apa yg diisi yg penting nihil dan dikirim bukti lapornya di email,udah jadi😌"
7622225226940875528,2026-03-28T08:47:00.000Z,1,https://www.tiktok.com/@liputan6.sctv/video/7621442575928528129,https://www.tiktok.com/@liputan6.sctv/video/7621442575928528129?commentId=7622225226940875528,scraping_tiktok,arini_astuti,"yes, betul sekali pak pur"
7622225094261474066,2026-03-28T08:46:23.000Z,1,https://www.tiktok.com/@liputan6.sctv/video/7621442575928528129,https://www.tiktok.com/@liputan6.sctv/video/7621442575928528129?commentId=7622225094261474066,scraping_tiktok,reni9294,"lagian segala ada lapor pajak.. kita yg bayar, masa kita yg hrs lapor juga.. 😅"
7622224832411173652,2026-03-28T08:45:27.000Z,1,https://www.tiktok.com/@liputan6.sctv/video/7621442575928528129,https://www.tiktok.com/@liputan6.sctv/video/7621442575928528129?commentId=7622224832411173652,scraping_tiktok,hin1891,betul
7622223936822969106,2026-03-28T08:41:59.000Z,1,https://www.tiktok.com/@liputan6.sctv/video/7621442575928528129,https://www.tiktok.com/@liputan6.sctv/video/7621442575928528129?commentId=7622223936822969106,scraping_tiktok,oishiiteruu,"ribet bgt ajg, bener2 ribet. mana kadang pelayanan 5 yg dibuka 2 aja 😩"
7622221489958454024,2026-03-28T08:32:28.000Z,1,https://www.tiktok.com/@liputan6.sctv/video/7621442575928528129,https://www.tiktok.com/@liputan6.sctv/video/7621442575928528129?commentId=7622221489958454024,scraping_tiktok,dunia_hiburan88,asli ribet banget mau pelaporan SPT
7622220134820578065,2026-03-28T08:29:36.000Z,1,https://www.tiktok.com/@liputan6.sctv/video/7621442575928528129,https://www.tiktok.com/@liputan6.sctv/video/7621442575928528129?commentId=7622220134820578065,scraping_tiktok,thvwrd_,ga ngerti gimana wkwk
7621651836936995605,2026-03-26T19:42:05.000Z,1,https://www.tiktok.com/@liputan6.sctv/video/7621442575928528129,https://www.tiktok.com/@liputan6.sctv/video/7621442575928528129?commentId=7621651836936995605,scraping_tiktok,sohib_kucing,Lah kan dari awal juga gak bagus
7622219171824452373,2026-03-28T08:23:29.000Z,1,https://www.tiktok.com/@liputan6.sctv/video/7621442575928528129,https://www.tiktok.com/@liputan6.sctv/video/7621442575928528129?commentId=7622219171824452373,scraping_tiktok,mindoni87,"kalo urusan dg negara kok jadi ribet ya, tiktokshop, shopee aman2 aja malah ketagihan"
7622218910641079058,2026-03-28T08:22:24.000Z,1,https://www.tiktok.com/@liputan6.sctv/video/7621442575928528129,https://www.tiktok.com/@liputan6.sctv/video/7621442575928528129?commentId=7622218910641079058,scraping_tiktok,dixie_tulip,"tampilan data coretax nya lebih aneh daripada anak smk bikin website, masa mau liat data aja harus scrol² ke samping 😒"
7622218561532134152,2026-03-28T08:21:02.000Z,1,https://www.tiktok.com/@liputan6.sctv/video/7621442575928528129,https://www.tiktok.com/@liputan6.sctv/video/7621442575928528129?commentId=7622218561532134152,scraping_tiktok,silver_ground,"integrasikan dengan AI aja, lebih sat set nanya AI ketimbang CS nya"
7621669004205523728,2026-03-26T20:48:35.000Z,1,https://www.tiktok.com/@liputan6.sctv/video/7621442575928528129,https://www.tiktok.com/@liputan6.sctv/video/7621442575928528129?commentId=7621669004205523728,scraping_tiktok,649q640062643,coretax itu paling parah design tampilannya masa bisa lebih 1 layar kolom nomor aja lebar bgt
7622217623573299969,2026-03-28T08:17:29.000Z,1,https://www.tiktok.com/@liputan6.sctv/video/7621442575928528129,https://www.tiktok.com/@liputan6.sctv/video/7621442575928528129?commentId=7622217623573299969,scraping_tiktok,anton.pangestu46,"gw mau reset sandi kaga bisa, masukin email dibilang salah mulu.
kelian tau salahnya dimana?? KETIK EMAILNYA HARUS KAPITAL ANJJJ😭
dari jaman gw tau ada email baru kali ini email harus kapital"
7622225902727086856,2026-03-28T08:49:39.000Z,1,https://www.tiktok.com/@liputan6.sctv/video/7621442575928528129,https://www.tiktok.com/@liputan6.sctv/video/7621442575928528129?commentId=7622225902727086856,scraping_tiktok,blank.id404,tolong dipermudah perbayaran pajak ini
7622212323424584469,2026-03-28T07:56:59.000Z,1,https://www.tiktok.com/@liputan6.sctv/video/7621442575928528129,https://www.tiktok.com/@liputan6.sctv/video/7621442575928528129?commentId=7622212323424584469,scraping_tiktok,wah_ana,mau lapor pajak spt .. bikin pening kepala .. terlalu ruwet dan lebay.. gk bisa dipermudah gak ya..
7621702712220664597,2026-03-26T22:59:30.000Z,1,https://www.tiktok.com/@liputan6.sctv/video/7621442575928528129,https://www.tiktok.com/@liputan6.sctv/video/7621442575928528129?commentId=7621702712220664597,scraping_tiktok,suckspeeps66,"bahasanya susah banget, kata kata nya susah dimengerti, ribet."
7621708240355345170,2026-03-26T23:20:56.000Z,1,https://www.tiktok.com/@liputan6.sctv/video/7621442575928528129,https://www.tiktok.com/@liputan6.sctv/video/7621442575928528129?commentId=7621708240355345170,scraping_tiktok,nenda2345,"betul jlimet banget yg skrg, smpek bolak balik kkantor pajak krna keliru"
7621708811741463304,2026-03-26T23:23:18.000Z,1,https://www.tiktok.com/@liputan6.sctv/video/7621442575928528129,https://www.tiktok.com/@liputan6.sctv/video/7621442575928528129?commentId=7621708811741463304,scraping_tiktok,albanus09,Sudah 1 Minggu dicoba ribet tahun ini ngk bisa lapor SPT
7621709318161744647,2026-03-26T23:25:10.000Z,1,https://www.tiktok.com/@liputan6.sctv/video/7621442575928528129,https://www.tiktok.com/@liputan6.sctv/video/7621442575928528129?commentId=7621709318161744647,scraping_tiktok,laelatul360,buat npwp gagal terus🥺
7621712034904916754,2026-03-26T23:35:46.000Z,1,https://www.tiktok.com/@liputan6.sctv/video/7621442575928528129,https://www.tiktok.com/@liputan6.sctv/video/7621442575928528129?commentId=7621712034904916754,scraping_tiktok,tokekmafia,"gw mau login aja ga bisa, pas mau buat akun nik sudah terdaftar"
7621716099637543701,2026-03-26T23:51:26.000Z,1,https://www.tiktok.com/@liputan6.sctv/video/7621442575928528129,https://www.tiktok.com/@liputan6.sctv/video/7621442575928528129?commentId=7621716099637543701,scraping_tiktok,katrin5954,"sumpah ribet banget ngisinya, hiks hiks"
7621720033945043728,2026-03-27T00:06:36.000Z,1,https://www.tiktok.com/@liputan6.sctv/video/7621442575928528129,https://www.tiktok.com/@liputan6.sctv/video/7621442575928528129?commentId=7621720033945043728,scraping_tiktok,saktiwulan_,sehat sehat ya pak Purbaya
7621720965764973313,2026-03-27T00:10:29.000Z,1,https://www.tiktok.com/@liputan6.sctv/video/7621442575928528129,https://www.tiktok.com/@liputan6.sctv/video/7621442575928528129?commentId=7621720965764973313,scraping_tiktok,zaynbinong,ribet 3mang....
7621721345235960594,2026-03-27T00:11:51.000Z,1,https://www.tiktok.com/@liputan6.sctv/video/7621442575928528129,https://www.tiktok.com/@liputan6.sctv/video/7621442575928528129?commentId=7621721345235960594,scraping_tiktok,dw.an13,di bikin ribet biar konsultan ada pemasukan
7622244283642708757,2026-03-28T10:00:56.000Z,1,https://www.tiktok.com/@liputan6.sctv/video/7621442575928528129,https://www.tiktok.com/@liputan6.sctv/video/7621442575928528129?commentId=7622244283642708757,scraping_tiktok,gdepang,"Sadar gk link2 website pemerintahan selalu ribet,bermasalah termasuk apk2 yg di keluarkan pemerintah bukan mempermudah tapi mempersulit🙏🏻"
7622874681356239634,2026-03-30T02:47:13.000Z,1,https://www.tiktok.com/@liputan6.sctv/video/7621442575928528129,https://www.tiktok.com/@liputan6.sctv/video/7621442575928528129?commentId=7622874681356239634,scraping_tiktok,r.200395,membingungkan sekali laporan di coretax
7622863426679292689,2026-03-30T02:03:52.000Z,1,https://www.tiktok.com/@liputan6.sctv/video/7621442575928528129,https://www.tiktok.com/@liputan6.sctv/video/7621442575928528129?commentId=7622863426679292689,scraping_tiktok,maverickgondez,mumet
7622701009756783378,2026-03-29T15:33:12.000Z,1,https://www.tiktok.com/@liputan6.sctv/video/7621442575928528129,https://www.tiktok.com/@liputan6.sctv/video/7621442575928528129?commentId=7622701009756783378,scraping_tiktok,freyanza_kayonna,"jangan bilang kurang pak, bilang aja jelek"
7622688453625463572,2026-03-29T14:44:31.000Z,1,https://www.tiktok.com/@liputan6.sctv/video/7621442575928528129,https://www.tiktok.com/@liputan6.sctv/video/7621442575928528129?commentId=7622688453625463572,scraping_tiktok,fathurrahman_akbar,coretax servernya ga bisa dibuka. malesin
7622671254693266193,2026-03-29T13:37:46.000Z,0,https://www.tiktok.com/@liputan6.sctv/video/7621442575928528129,https://www.tiktok.com/@liputan6.sctv/video/7621442575928528129?commentId=7622671254693266193,scraping_tiktok,leny.aw,mau bayar ribet gak bayar kena denda
7622882868348470036,2026-03-30T03:19:05.000Z,1,https://www.tiktok.com/@liputan6.sctv/video/7621442575928528129,https://www.tiktok.com/@liputan6.sctv/video/7621442575928528129?commentId=7622882868348470036,scraping_tiktok,jumrahrajaampat,kita yg bayar tiap bulan kita yg repot.
7621475727073952520,2026-03-26T08:18:26.000Z,1,https://www.tiktok.com/@liputan6.sctv/video/7621442575928528129,https://www.tiktok.com/@liputan6.sctv/video/7621442575928528129?commentId=7621475727073952520,scraping_tiktok,dodolcinaaaa,djp aja nggak user friendly banget apalagi coretax bikin puyeng 😭😭😭
7621470421007483668,2026-03-26T07:57:53.000Z,1,https://www.tiktok.com/@liputan6.sctv/video/7621442575928528129,https://www.tiktok.com/@liputan6.sctv/video/7621442575928528129?commentId=7621470421007483668,scraping_tiktok,noobkillas,"dicoba tuh OSS, malah lebih parah dan gak syncrone"
7621470367197971221,2026-03-26T07:57:37.000Z,1,https://www.tiktok.com/@liputan6.sctv/video/7621442575928528129,https://www.tiktok.com/@liputan6.sctv/video/7621442575928528129?commentId=7621470367197971221,scraping_tiktok,nuykhan,balik ke DJP online aja Pak lebih gampang
7621474764242256641,2026-03-26T08:14:55.000Z,1,https://www.tiktok.com/@liputan6.sctv/video/7621442575928528129,https://www.tiktok.com/@liputan6.sctv/video/7621442575928528129?commentId=7621474764242256641,scraping_tiktok,fryvacy,SUMPAH CORETAX REPOT IUW
7621476875865834261,2026-03-26T08:23:05.000Z,1,https://www.tiktok.com/@liputan6.sctv/video/7621442575928528129,https://www.tiktok.com/@liputan6.sctv/video/7621442575928528129?commentId=7621476875865834261,scraping_tiktok,chickennugetsss__,"wkwkwk pdhl pengerjaannya di sosialisasikan barangen sm perusahaan, tp tetep ajaa pada kesulitan semua😅"
7621479600280109825,2026-03-26T08:33:35.000Z,1,https://www.tiktok.com/@liputan6.sctv/video/7621442575928528129,https://www.tiktok.com/@liputan6.sctv/video/7621442575928528129?commentId=7621479600280109825,scraping_tiktok,dhemine94,bener banget pa pur. bikin ribet
7621479193021514504,2026-03-26T08:35:04.000Z,1,https://www.tiktok.com/@liputan6.sctv/video/7621442575928528129,https://www.tiktok.com/@liputan6.sctv/video/7621442575928528129?commentId=7621479193021514504,scraping_tiktok,paramithrhdni,"semoga kedepannya bisa diperbaiki ya pak, lebih simple jadi pelaporan juga lebih mudah ☺️"
7621471298988573460,2026-03-26T08:01:18.000Z,1,https://www.tiktok.com/@liputan6.sctv/video/7621442575928528129,https://www.tiktok.com/@liputan6.sctv/video/7621442575928528129?commentId=7621471298988573460,scraping_tiktok,fitrahhanifaali,Saya gaa peduli coretax2 an
7621471920047211272,2026-03-26T08:03:46.000Z,1,https://www.tiktok.com/@liputan6.sctv/video/7621442575928528129,https://www.tiktok.com/@liputan6.sctv/video/7621442575928528129?commentId=7621471920047211272,scraping_tiktok,hans.duino,hebat bener tuh Vendor bisa akses data semua wajib pajak 😂😂😂
7622526270635541256,2026-03-29T04:15:13.000Z,1,https://www.tiktok.com/@liputan6.sctv/video/7621442575928528129,https://www.tiktok.com/@liputan6.sctv/video/7621442575928528129?commentId=7622526270635541256,scraping_tiktok,tallgi98,RIBET
7622516876463227655,2026-03-29T03:38:38.000Z,1,https://www.tiktok.com/@liputan6.sctv/video/7621442575928528129,https://www.tiktok.com/@liputan6.sctv/video/7621442575928528129?commentId=7622516876463227655,scraping_tiktok,poerwoe,betuuuuulll sekaliiii
7622515841012499208,2026-03-29T03:34:47.000Z,1,https://www.tiktok.com/@liputan6.sctv/video/7621442575928528129,https://www.tiktok.com/@liputan6.sctv/video/7621442575928528129?commentId=7622515841012499208,scraping_tiktok,tiang.siapa,ribet pake ini ribet di kamtor semakin pusing saya
7622635370920624916,2026-03-29T11:18:33.000Z,1,https://www.tiktok.com/@liputan6.sctv/video/7621442575928528129,https://www.tiktok.com/@liputan6.sctv/video/7621442575928528129?commentId=7622635370920624916,scraping_tiktok,firmannn_s,"ribet banget, saya lapor pas mau di simpen koneksi gagal terus udah berapa hari gitu terus"
7622626459018986260,2026-03-29T10:44:01.000Z,1,https://www.tiktok.com/@liputan6.sctv/video/7621442575928528129,https://www.tiktok.com/@liputan6.sctv/video/7621442575928528129?commentId=7622626459018986260,scraping_tiktok,rensbali,semua sistem dan prosedur panjang lebar
7622626025255518996,2026-03-29T10:42:13.000Z,1,https://www.tiktok.com/@liputan6.sctv/video/7621442575928528129,https://www.tiktok.com/@liputan6.sctv/video/7621442575928528129?commentId=7622626025255518996,scraping_tiktok,krisnasetiawan35,Batul sekali jadi males buat lapor nya.bikin yg simpel dong
7622619735650435860,2026-03-29T10:17:55.000Z,1,https://www.tiktok.com/@liputan6.sctv/video/7621442575928528129,https://www.tiktok.com/@liputan6.sctv/video/7621442575928528129?commentId=7622619735650435860,scraping_tiktok,pitik_pitik_,"ogak lapor anjay, ribet banget"
7622611849854485249,2026-03-29T09:47:30.000Z,1,https://www.tiktok.com/@liputan6.sctv/video/7621442575928528129,https://www.tiktok.com/@liputan6.sctv/video/7621442575928528129?commentId=7622611849854485249,scraping_tiktok,yoesar82,pertanyaannya ambigu pak bs diganti bahasa2 di pertanyaannya. misal: apakah suami/ istri punya bpa1 ? jwb ya. isi lampiran...gitu lbh spesifik.
7622610085391139605,2026-03-29T09:40:26.000Z,1,https://www.tiktok.com/@liputan6.sctv/video/7621442575928528129,https://www.tiktok.com/@liputan6.sctv/video/7621442575928528129?commentId=7622610085391139605,scraping_tiktok,samara_tungga_dewi1,betul pak
7622607364931207956,2026-03-29T09:29:49.000Z,1,https://www.tiktok.com/@liputan6.sctv/video/7621442575928528129,https://www.tiktok.com/@liputan6.sctv/video/7621442575928528129?commentId=7622607364931207956,scraping_tiktok,ayikku18,"terlalu syulitttt!!! mau bayar pajak aja mau dipersulit, herannn."
7622605449771467540,2026-03-29T09:22:32.000Z,1,https://www.tiktok.com/@liputan6.sctv/video/7621442575928528129,https://www.tiktok.com/@liputan6.sctv/video/7621442575928528129?commentId=7622605449771467540,scraping_tiktok,englishprivate,"pak.
ada opsi lain ngak selain coretax ????"
7622595082613768967,2026-03-29T08:42:16.000Z,1,https://www.tiktok.com/@liputan6.sctv/video/7621442575928528129,https://www.tiktok.com/@liputan6.sctv/video/7621442575928528129?commentId=7622595082613768967,scraping_tiktok,soeparman30,kmblikan yg semula aj pk
7622594351411626773,2026-03-29T08:39:22.000Z,1,https://www.tiktok.com/@liputan6.sctv/video/7621442575928528129,https://www.tiktok.com/@liputan6.sctv/video/7621442575928528129?commentId=7622594351411626773,scraping_tiktok,deddyhendraputra,yaaaaa..... designnya nggak mudah dicerna orang biasa
7622586073928057607,2026-03-29T08:07:13.000Z,1,https://www.tiktok.com/@liputan6.sctv/video/7621442575928528129,https://www.tiktok.com/@liputan6.sctv/video/7621442575928528129?commentId=7622586073928057607,scraping_tiktok,kakariif,"kayak djp kan ya ringkas, jelas gak bikin orang WP emosi,,, lah ini si coretax kok malah kayak jaman jahiliyah berbelit2 😌😌😌"
7621473227172594439,2026-03-26T08:08:50.000Z,1,https://www.tiktok.com/@liputan6.sctv/video/7621442575928528129,https://www.tiktok.com/@liputan6.sctv/video/7621442575928528129?commentId=7621473227172594439,scraping_tiktok,teygarian,"buat billing sih gampang
giliran buat laporan susah, banyak NOP yg gak relevan"
7621495326487560981,2026-03-26T09:34:40.000Z,1,https://www.tiktok.com/@liputan6.sctv/video/7621442575928528129,https://www.tiktok.com/@liputan6.sctv/video/7621442575928528129?commentId=7621495326487560981,scraping_tiktok,d_santos7455,baguslah pak Purbaya di ubah coretax kadang kita bingung sendiri mau byr pajak kalo lewat apk itu
7621467577570951956,2026-03-26T07:46:49.000Z,1,https://www.tiktok.com/@liputan6.sctv/video/7621442575928528129,https://www.tiktok.com/@liputan6.sctv/video/7621442575928528129?commentId=7621467577570951956,scraping_tiktok,javascorner,susah buat SPT di coretax. agak membingungkan. buat simple aja kan bisa
7622555628741247765,2026-03-29T06:09:08.000Z,1,https://www.tiktok.com/@liputan6.sctv/video/7621442575928528129,https://www.tiktok.com/@liputan6.sctv/video/7621442575928528129?commentId=7622555628741247765,scraping_tiktok,paijulmfh,"ribet,sulit diakses jg hm"
7622555392056820481,2026-03-29T06:08:10.000Z,1,https://www.tiktok.com/@liputan6.sctv/video/7621442575928528129,https://www.tiktok.com/@liputan6.sctv/video/7621442575928528129?commentId=7622555392056820481,scraping_tiktok,ftr.hand17,Ribet ih tinggal dilaporin aja kan kita udh bayar😭😫
7622534383623521044,2026-03-29T04:46:47.000Z,1,https://www.tiktok.com/@liputan6.sctv/video/7621442575928528129,https://www.tiktok.com/@liputan6.sctv/video/7621442575928528129?commentId=7622534383623521044,scraping_tiktok,testessa06,Bpk jd tunggu kiris 😭😭😭
7622534255621866247,2026-03-29T04:46:14.000Z,1,https://www.tiktok.com/@liputan6.sctv/video/7621442575928528129,https://www.tiktok.com/@liputan6.sctv/video/7621442575928528129?commentId=7622534255621866247,scraping_tiktok,punyakupu,plis ini apaan gini terus
7622641713832542992,2026-03-29T11:43:08.000Z,1,https://www.tiktok.com/@liputan6.sctv/video/7621442575928528129,https://www.tiktok.com/@liputan6.sctv/video/7621442575928528129?commentId=7622641713832542992,scraping_tiktok,febrian2502,"lebih ribet sihh ,kepala gw pusing muter2 ,kurang bayar ,ee pas d tmbah lebih bayar ,puter2 baru nihill"
7621973325576913682,2026-03-27T16:29:23.000Z,1,https://www.tiktok.com/@liputan6.sctv/video/7621442575928528129,https://www.tiktok.com/@liputan6.sctv/video/7621442575928528129?commentId=7621973325576913682,scraping_tiktok,ijaaaa204,Capek bnget sumpah
7621948194787722005,2026-03-27T14:51:52.000Z,1,https://www.tiktok.com/@liputan6.sctv/video/7621442575928528129,https://www.tiktok.com/@liputan6.sctv/video/7621442575928528129?commentId=7621948194787722005,scraping_tiktok,chicy_mutiana3112,betul banget.hrusnya aplikasi itu memudahkan ini malh tmbah ribet
7621950602474750728,2026-03-27T15:01:15.000Z,1,https://www.tiktok.com/@liputan6.sctv/video/7621442575928528129,https://www.tiktok.com/@liputan6.sctv/video/7621442575928528129?commentId=7621950602474750728,scraping_tiktok,mr.rius.man,"pak menteri aja ribet dan gk bisa isi sendiri, apalagi kita 😭😭"
7621972488632992513,2026-03-27T16:26:08.000Z,1,https://www.tiktok.com/@liputan6.sctv/video/7621442575928528129,https://www.tiktok.com/@liputan6.sctv/video/7621442575928528129?commentId=7621972488632992513,scraping_tiktok,edwin.lau4,udah bayar mau laporan ajah ribet🤣🤣🤣
7621972268671566593,2026-03-27T16:25:19.000Z,1,https://www.tiktok.com/@liputan6.sctv/video/7621442575928528129,https://www.tiktok.com/@liputan6.sctv/video/7621442575928528129?commentId=7621972268671566593,scraping_tiktok,sintianurr24,"RIBET EMNG RIBET DIPAKSAIN BNGET, HARUSNYA KALAU UDAH SIAP"" BENER BARU DI TERAPKAN"
7621958896957440789,2026-03-27T15:33:26.000Z,1,https://www.tiktok.com/@liputan6.sctv/video/7621442575928528129,https://www.tiktok.com/@liputan6.sctv/video/7621442575928528129?commentId=7621958896957440789,scraping_tiktok,fomisa.official,"istirahat lah pak, anda kelihatan sangat lelah"
7621967709441737492,2026-03-27T16:07:39.000Z,1,https://www.tiktok.com/@liputan6.sctv/video/7621442575928528129,https://www.tiktok.com/@liputan6.sctv/video/7621442575928528129?commentId=7621967709441737492,scraping_tiktok,wwwclawn.com,sistem error bukan cuma satu org yg bilang
7622097529282364181,2026-03-28T00:31:34.000Z,1,https://www.tiktok.com/@liputan6.sctv/video/7621442575928528129,https://www.tiktok.com/@liputan6.sctv/video/7621442575928528129?commentId=7622097529282364181,scraping_tiktok,rossnaaah_,bapak menkeu nya aja bingung 😕
7621885856957252359,2026-03-27T10:49:58.000Z,1,https://www.tiktok.com/@liputan6.sctv/video/7621442575928528129,https://www.tiktok.com/@liputan6.sctv/video/7621442575928528129?commentId=7621885856957252359,scraping_tiktok,friya794,"Asli Pak, Coretax amat sangat membingungkan. Udah pak balik awal lagi. Nyusahin bgt😢😢"
7622108149366309633,2026-03-28T01:13:08.000Z,1,https://www.tiktok.com/@liputan6.sctv/video/7621442575928528129,https://www.tiktok.com/@liputan6.sctv/video/7621442575928528129?commentId=7622108149366309633,scraping_tiktok,aimfitri87,aplikasinya bikin bingung ribet bagusan kemarin
7622106560672416530,2026-03-28T01:06:33.000Z,1,https://www.tiktok.com/@liputan6.sctv/video/7621442575928528129,https://www.tiktok.com/@liputan6.sctv/video/7621442575928528129?commentId=7622106560672416530,scraping_tiktok,gobaruuub_,Menteri keuangan aja mengakui😭😂
7622105870373077761,2026-03-28T01:03:50.000Z,1,https://www.tiktok.com/@liputan6.sctv/video/7621442575928528129,https://www.tiktok.com/@liputan6.sctv/video/7621442575928528129?commentId=7622105870373077761,scraping_tiktok,moezputraonom,emang bikin bingung
7622104855851057940,2026-03-28T01:00:00.000Z,1,https://www.tiktok.com/@liputan6.sctv/video/7621442575928528129,https://www.tiktok.com/@liputan6.sctv/video/7621442575928528129?commentId=7622104855851057940,scraping_tiktok,bysoli6,emg pusinggg bgtbgttt anj
7622103735300817665,2026-03-28T00:55:41.000Z,1,https://www.tiktok.com/@liputan6.sctv/video/7621442575928528129,https://www.tiktok.com/@liputan6.sctv/video/7621442575928528129?commentId=7622103735300817665,scraping_tiktok,komjensasonoduadji,yang kemaren belum hapal pake yg baru ribet lagi
7622099925757379329,2026-03-28T00:41:02.000Z,1,https://www.tiktok.com/@liputan6.sctv/video/7621442575928528129,https://www.tiktok.com/@liputan6.sctv/video/7621442575928528129?commentId=7622099925757379329,scraping_tiktok,nsh1981,Sudah mau bayar di buat ribet 🙈
7622098863398765333,2026-03-28T00:36:50.000Z,1,https://www.tiktok.com/@liputan6.sctv/video/7621442575928528129,https://www.tiktok.com/@liputan6.sctv/video/7621442575928528129?commentId=7622098863398765333,scraping_tiktok,rfdzeros,Lol coretax😂
7621902831541633799,2026-03-27T11:55:56.000Z,1,https://www.tiktok.com/@liputan6.sctv/video/7621442575928528129,https://www.tiktok.com/@liputan6.sctv/video/7621442575928528129?commentId=7621902831541633799,scraping_tiktok,alkisah.tg,betul ribet kok bisa ya seribet itu?
7621723234111079186,2026-03-27T00:19:06.000Z,1,https://www.tiktok.com/@liputan6.sctv/video/7621442575928528129,https://www.tiktok.com/@liputan6.sctv/video/7621442575928528129?commentId=7621723234111079186,scraping_tiktok,sidace1,tapi anggarannya mahal kwalitasnya abal abal
7621913558184739592,2026-03-27T12:37:30.000Z,1,https://www.tiktok.com/@liputan6.sctv/video/7621442575928528129,https://www.tiktok.com/@liputan6.sctv/video/7621442575928528129?commentId=7621913558184739592,scraping_tiktok,mws_anikichannel,"emng susah yah laporan nya,
perasaan cpt laporan nya"
7622086474158490389,2026-03-27T23:48:44.000Z,1,https://www.tiktok.com/@liputan6.sctv/video/7621442575928528129,https://www.tiktok.com/@liputan6.sctv/video/7621442575928528129?commentId=7622086474158490389,scraping_tiktok,rantyrslnii,mau lapor tapi server nya kurang bagus
7621482779062141697,2026-03-26T08:45:53.000Z,1,https://www.tiktok.com/@liputan6.sctv/video/7621442575928528129,https://www.tiktok.com/@liputan6.sctv/video/7621442575928528129?commentId=7621482779062141697,scraping_tiktok,apostrophe.id,Ternyata weight loss paling cepet ya jadi menteri gaes😭
7621517277339239184,2026-03-26T10:59:48.000Z,1,https://www.tiktok.com/@liputan6.sctv/video/7621442575928528129,https://www.tiktok.com/@liputan6.sctv/video/7621442575928528129?commentId=7621517277339239184,scraping_tiktok,pyororonggggg,"Tampilan bikin bingung, fitur lupa password ga fungsi, opsi coretax pas mau dibuka error terus"
7622915706015171348,2026-03-30T05:26:24.000Z,1,https://www.tiktok.com/@liputan6.sctv/video/7621442575928528129,https://www.tiktok.com/@liputan6.sctv/video/7621442575928528129?commentId=7622915706015171348,scraping_tiktok,ylmdyt,BENER ‼️
7622910400351208200,2026-03-30T05:05:51.000Z,1,https://www.tiktok.com/@liputan6.sctv/video/7621442575928528129,https://www.tiktok.com/@liputan6.sctv/video/7621442575928528129?commentId=7622910400351208200,scraping_tiktok,dhstory_10,betul... pa ganti lagi sama yang dulu
7622573681944085264,2026-03-29T07:20:44.000Z,1,https://www.tiktok.com/@liputan6.sctv/video/7621442575928528129,https://www.tiktok.com/@liputan6.sctv/video/7621442575928528129?commentId=7622573681944085264,scraping_tiktok,peanut.butter991,dah bener lewat djp malah ganti web ruwet
7622568688054911745,2026-03-29T06:59:51.000Z,1,https://www.tiktok.com/@liputan6.sctv/video/7621442575928528129,https://www.tiktok.com/@liputan6.sctv/video/7621442575928528129?commentId=7622568688054911745,scraping_tiktok,dhinachannel,betul sangat ribet kr sdh byr kita lg yg hrs lapor 😳
7622552106839180039,2026-03-29T05:55:26.000Z,1,https://www.tiktok.com/@liputan6.sctv/video/7621442575928528129,https://www.tiktok.com/@liputan6.sctv/video/7621442575928528129?commentId=7622552106839180039,scraping_tiktok,cintaa198,"ribetnya, jd males lapor pajak"
7622582089213362962,2026-03-29T07:51:46.000Z,1,https://www.tiktok.com/@liputan6.sctv/video/7621442575928528129,https://www.tiktok.com/@liputan6.sctv/video/7621442575928528129?commentId=7622582089213362962,scraping_tiktok,_aldaihfos,"betulll paaak bingung, mau dari manaa"
7621579979498816264,2026-03-26T15:02:57.000Z,1,https://www.tiktok.com/@liputan6.sctv/video/7621442575928528129,https://www.tiktok.com/@liputan6.sctv/video/7621442575928528129?commentId=7621579979498816264,scraping_tiktok,sugar.babyyyyyyyyy,"nah kita yg bayar, kita yg mumet , kita yg request ! tolong"
7622302208114426632,2026-03-28T13:45:39.000Z,1,https://www.tiktok.com/@liputan6.sctv/video/7621442575928528129,https://www.tiktok.com/@liputan6.sctv/video/7621442575928528129?commentId=7622302208114426632,scraping_tiktok,sololotte,"nah kan .. pasti diganti lagi, bikin mumet gini 😭"
7621581497769837333,2026-03-26T15:08:53.000Z,1,https://www.tiktok.com/@liputan6.sctv/video/7621442575928528129,https://www.tiktok.com/@liputan6.sctv/video/7621442575928528129?commentId=7621581497769837333,scraping_tiktok,chandrabinardo0,"sudh byar pajak, suruh lapor"
7621590683417346834,2026-03-26T15:44:32.000Z,1,https://www.tiktok.com/@liputan6.sctv/video/7621442575928528129,https://www.tiktok.com/@liputan6.sctv/video/7621442575928528129?commentId=7621590683417346834,scraping_tiktok,ronabella17,"Yg masih jd misteri mau akses masuk aja susahnya minta ampun, dengan anggaran 1T alias 1000milyar dpt aplikasi yg ky gtu ga worth it bos .."
7621577612623708936,2026-03-26T14:53:47.000Z,1,https://www.tiktok.com/@liputan6.sctv/video/7621442575928528129,https://www.tiktok.com/@liputan6.sctv/video/7621442575928528129?commentId=7621577612623708936,scraping_tiktok,tillalaa11,Padahal djp udh debest bgt fiturnya 😭
7621503272835138321,2026-03-26T10:05:26.000Z,1,https://www.tiktok.com/@liputan6.sctv/video/7621442575928528129,https://www.tiktok.com/@liputan6.sctv/video/7621442575928528129?commentId=7621503272835138321,scraping_tiktok,streinz05,YA ALLAH AMPE KURUS PAK PURRR kuuu 🥺🥺🥺🥺🥺
7621548417495434001,2026-03-26T13:01:39.000Z,1,https://www.tiktok.com/@liputan6.sctv/video/7621442575928528129,https://www.tiktok.com/@liputan6.sctv/video/7621442575928528129?commentId=7621548417495434001,scraping_tiktok,rahdeegholix,jaga kesehatan pak😇
7621503797777974034,2026-03-26T10:07:29.000Z,1,https://www.tiktok.com/@liputan6.sctv/video/7621442575928528129,https://www.tiktok.com/@liputan6.sctv/video/7621442575928528129?commentId=7621503797777974034,scraping_tiktok,tiarafamil,"Ya Allah mudahkan semua urusan pemimpin2 kami, pak Prabowo, pak Purbaya, pak Amran Sulaiman, dan semua yg bekerja utk negri ini dg hati yg tulus ikhlas dan di jalan yg lurus, berilah mereka kesehatan yg prima. Panjangkan dan berkahi tiap detik umur mereka dg semua kebaikan utk negri ini. Beri mereka petunjuk dan dan taufiqMu dlm setiap langkah yg mau mereka ambil utk negri ini. Sukseskan semua program dan cita2 mereka utk negri ini. Ya Allah lindungilah mereka dari semua keburukan dimanapun mereka berada. Ya Allah ya Rabb kami, tiada tempat menggantungkan harapan selain kepadaMu. Ya Allah, tiada pertolongan yg sempurna, kecuali pertolongan dariMu. Maka tolonglah para pemimpin kami, Ya Allah 🥺"
7621493816030315272,2026-03-26T09:28:43.000Z,1,https://www.tiktok.com/@liputan6.sctv/video/7621442575928528129,https://www.tiktok.com/@liputan6.sctv/video/7621442575928528129?commentId=7621493816030315272,scraping_tiktok,panggilajakepiinn,Bahasanya ga friendly buat orang awam yg baru pertama lapor pajak
7621547976825520903,2026-03-26T12:58:49.000Z,1,https://www.tiktok.com/@liputan6.sctv/video/7621442575928528129,https://www.tiktok.com/@liputan6.sctv/video/7621442575928528129?commentId=7621547976825520903,scraping_tiktok,safarashaz,"baru coretax udah kepeningan, padahal cukup mudah, gimana mau lapor pajak diluar negeri, ngitung sendiri, bayar sendiri, lapor sendiri, belum lagi kalo salah hitung bakal dapet tagihan"
7621546642872861448,2026-03-26T12:55:07.000Z,1,https://www.tiktok.com/@liputan6.sctv/video/7621442575928528129,https://www.tiktok.com/@liputan6.sctv/video/7621442575928528129?commentId=7621546642872861448,scraping_tiktok,bintiastu,"iya bener pak,"
7621515549847716629,2026-03-26T10:53:03.000Z,1,https://www.tiktok.com/@liputan6.sctv/video/7621442575928528129,https://www.tiktok.com/@liputan6.sctv/video/7621442575928528129?commentId=7621515549847716629,scraping_tiktok,lavenderokz,"coretax itu smua data lu dipegang pemerintah, dr harta, nomor sertifikat, sampe transaksi2 saham/crypto/affiliate terekam semua.... jd gw maklum knp byk yg ga suka coretax, trmsk gw, denda smenakutkan itu kalo ga byr pajak."
7621516847851373329,2026-03-26T10:58:07.000Z,1,https://www.tiktok.com/@liputan6.sctv/video/7621442575928528129,https://www.tiktok.com/@liputan6.sctv/video/7621442575928528129?commentId=7621516847851373329,scraping_tiktok,zayastore21,"bener bgt, pusing anjir"
7621547808018252565,2026-03-26T12:58:15.000Z,1,https://www.tiktok.com/@liputan6.sctv/video/7621442575928528129,https://www.tiktok.com/@liputan6.sctv/video/7621442575928528129?commentId=7621547808018252565,scraping_tiktok,hawaii.yeay,Bingungin gajelass
7621505913765397266,2026-03-26T10:15:36.000Z,1,https://www.tiktok.com/@liputan6.sctv/video/7621442575928528129,https://www.tiktok.com/@liputan6.sctv/video/7621442575928528129?commentId=7621505913765397266,scraping_tiktok,bibiblili,"ngisinya salah terus 😂
gak paham ak
tiap taun kena denda 100k"
7622609996207719188,2026-03-29T09:40:06.000Z,0,https://www.tiktok.com/@liputan6.sctv/video/7621442575928528129,https://www.tiktok.com/@liputan6.sctv/video/7621442575928528129?commentId=7622609996207719188,scraping_tiktok,penjaganusantara_,😳😳😳😳
7622666928872555280,2026-03-29T13:20:57.000Z,0,https://www.tiktok.com/@liputan6.sctv/video/7621442575928528129,https://www.tiktok.com/@liputan6.sctv/video/7621442575928528129?commentId=7622666928872555280,scraping_tiktok,gayuh35atl,betul sangat sulit krn kita sdh kluar uang malah di srh laporan dan dipersulit baik aplikasi nya ato petugas pajak nya di kota sy serta tidak ramah sekali👎
7621484036258939656,2026-03-26T08:50:43.000Z,0,https://www.tiktok.com/@liputan6.sctv/video/7621442575928528129,https://www.tiktok.com/@liputan6.sctv/video/7621442575928528129?commentId=7621484036258939656,scraping_tiktok,hondaaaa1,"Bener, coretax ribet banget bentuknya"
7622603019343233812,2026-03-29T09:12:58.000Z,0,https://www.tiktok.com/@liputan6.sctv/video/7621442575928528129,https://www.tiktok.com/@liputan6.sctv/video/7621442575928528129?commentId=7622603019343233812,scraping_tiktok,yuniwati.hia,"sampai sekarang belum saya lapor di coretex bikin pusing kepala, jelas2 sudah di potong dari gaji malah lapor,,,
SEHARUSNYA YANG BIKIN LAPORAN PEGAWAI PAJAK LALU KITA CEK LANGSUNG DI AKUN CERETEX KITA,,"
7621483941048206100,2026-03-26T08:50:23.000Z,0,https://www.tiktok.com/@liputan6.sctv/video/7621442575928528129,https://www.tiktok.com/@liputan6.sctv/video/7621442575928528129?commentId=7621483941048206100,scraping_tiktok,piscestatum,Apa gua doang yg rasa pak pur kurusan?
7621485680627614485,2026-03-26T08:57:11.000Z,0,https://www.tiktok.com/@liputan6.sctv/video/7621442575928528129,https://www.tiktok.com/@liputan6.sctv/video/7621442575928528129?commentId=7621485680627614485,scraping_tiktok,patmeiami_zheng,Bnerr
7621485719307715348,2026-03-26T08:57:18.000Z,0,https://www.tiktok.com/@liputan6.sctv/video/7621442575928528129,https://www.tiktok.com/@liputan6.sctv/video/7621442575928528129?commentId=7621485719307715348,scraping_tiktok,moonld_,Bingung banget
7621485781471904520,2026-03-26T08:57:34.000Z,0,https://www.tiktok.com/@liputan6.sctv/video/7621442575928528129,https://www.tiktok.com/@liputan6.sctv/video/7621442575928528129?commentId=7621485781471904520,scraping_tiktok,mayacchiato,apa pentingnya si koran mana yg nanya? kenapa ga langsung jawab aja? toh emang masyarakat udh lama ngeluh tentang coretax
7621485876585005844,2026-03-26T08:57:53.000Z,0,https://www.tiktok.com/@liputan6.sctv/video/7621442575928528129,https://www.tiktok.com/@liputan6.sctv/video/7621442575928528129?commentId=7621485876585005844,scraping_tiktok,zyth.mp,Pak sehat sehat ya. Panjang umur Pak Purbaya🤍
7621486016315065105,2026-03-26T08:58:35.000Z,0,https://www.tiktok.com/@liputan6.sctv/video/7621442575928528129,https://www.tiktok.com/@liputan6.sctv/video/7621442575928528129?commentId=7621486016315065105,scraping_tiktok,love_jelly76,"aku sampai resign gara gara coretax😭,, tiap hari sakit kepala sampai rambut rontok parah"
7621486113466925842,2026-03-26T08:58:46.000Z,0,https://www.tiktok.com/@liputan6.sctv/video/7621442575928528129,https://www.tiktok.com/@liputan6.sctv/video/7621442575928528129?commentId=7621486113466925842,scraping_tiktok,m.aashimuddin,Iya Pak ..UI nya rumit. Banyak menunya
7621479367088014088,2026-03-26T08:32:34.000Z,0,https://www.tiktok.com/@liputan6.sctv/video/7621442575928528129,https://www.tiktok.com/@liputan6.sctv/video/7621442575928528129?commentId=7621479367088014088,scraping_tiktok,dewinr_002,BETULLL BANGETTTT😭😭
7621483030888399636,2026-03-26T08:46:52.000Z,0,https://www.tiktok.com/@liputan6.sctv/video/7621442575928528129,https://www.tiktok.com/@liputan6.sctv/video/7621442575928528129?commentId=7621483030888399636,scraping_tiktok,catherine.summer05,Bener. Bahasa aplikasinya jg bahasa ahli pajak bukan bukan pengguna awam
7621484481040876289,2026-03-26T08:52:43.000Z,0,https://www.tiktok.com/@liputan6.sctv/video/7621442575928528129,https://www.tiktok.com/@liputan6.sctv/video/7621442575928528129?commentId=7621484481040876289,scraping_tiktok,mieupspecial,"daripada perbaiki mending buat baru lah, simple aja"
7622631929196643088,2026-03-29T11:05:09.000Z,0,https://www.tiktok.com/@liputan6.sctv/video/7621442575928528129,https://www.tiktok.com/@liputan6.sctv/video/7621442575928528129?commentId=7622631929196643088,scraping_tiktok,f1r3l,tuhhh mentrinya aja ngomong gt...bisa kebayangkan...
7621523950057866005,2026-03-26T11:25:43.000Z,1,https://www.tiktok.com/@liputan6.sctv/video/7621442575928528129,https://www.tiktok.com/@liputan6.sctv/video/7621442575928528129?commentId=7621523950057866005,scraping_tiktok,kareecapi,"Asli stress bgt gue. Udah isi info induk, gue ga bs lapor kalo belum isi L-1. Asal klik klak lah gue, tiba² ada update apaan gatau. Nihil sih krn gue dibantu sama kantor gue cmn gue takut malah utang. Karena pajak gue udh dipotong otomatis di gaji gue 😭 Ah elah. Ribet"
7621529057457210130,2026-03-26T11:45:27.000Z,1,https://www.tiktok.com/@liputan6.sctv/video/7621442575928528129,https://www.tiktok.com/@liputan6.sctv/video/7621442575928528129?commentId=7621529057457210130,scraping_tiktok,tanuki00x,"bener, tampilannya jelek"
7621484545414267669,2026-03-26T08:52:47.000Z,1,https://www.tiktok.com/@liputan6.sctv/video/7621442575928528129,https://www.tiktok.com/@liputan6.sctv/video/7621442575928528129?commentId=7621484545414267669,scraping_tiktok,arslan743_,"iya woi masak ada joki coretax, lawak"
7621486280844821268,2026-03-26T08:59:28.000Z,1,https://www.tiktok.com/@liputan6.sctv/video/7621442575928528129,https://www.tiktok.com/@liputan6.sctv/video/7621442575928528129?commentId=7621486280844821268,scraping_tiktok,sember_hi,"Beliau tipe yang open, tapi karena masuk arena politik jadi gak bisa open kayak natural habitnya. Kemungkinan ini kayak tekanan batin, makanya jadi kurus nyerang ke badan."
7621521619722257169,2026-03-26T11:16:36.000Z,1,https://www.tiktok.com/@liputan6.sctv/video/7621442575928528129,https://www.tiktok.com/@liputan6.sctv/video/7621442575928528129?commentId=7621521619722257169,scraping_tiktok,madebyqnan,Kurusan king
7621549736801649428,2026-03-26T13:05:41.000Z,1,https://www.tiktok.com/@liputan6.sctv/video/7621442575928528129,https://www.tiktok.com/@liputan6.sctv/video/7621442575928528129?commentId=7621549736801649428,scraping_tiktok,www.tiktok.comqwak,ya ide mantan mbok sri
7621553218023867137,2026-03-26T13:19:16.000Z,1,https://www.tiktok.com/@liputan6.sctv/video/7621442575928528129,https://www.tiktok.com/@liputan6.sctv/video/7621442575928528129?commentId=7621553218023867137,scraping_tiktok,ecaamrtrs,"Ribet ngisinya, enak yang lama"
7621550374532612865,2026-03-26T13:08:11.000Z,1,https://www.tiktok.com/@liputan6.sctv/video/7621442575928528129,https://www.tiktok.com/@liputan6.sctv/video/7621442575928528129?commentId=7621550374532612865,scraping_tiktok,ketuart_colorado,RUWET
7621554282866049812,2026-03-26T13:23:24.000Z,1,https://www.tiktok.com/@liputan6.sctv/video/7621442575928528129,https://www.tiktok.com/@liputan6.sctv/video/7621442575928528129?commentId=7621554282866049812,scraping_tiktok,afriliamega99,Baru tadi d suruh input cortex males ribet ga gua kerjain
7621551162870006548,2026-03-26T13:11:16.000Z,1,https://www.tiktok.com/@liputan6.sctv/video/7621442575928528129,https://www.tiktok.com/@liputan6.sctv/video/7621442575928528129?commentId=7621551162870006548,scraping_tiktok,cikgu_novi,ruwet.. jadi males lapor pajak
7621553073337221908,2026-03-26T13:18:39.000Z,1,https://www.tiktok.com/@liputan6.sctv/video/7621442575928528129,https://www.tiktok.com/@liputan6.sctv/video/7621442575928528129?commentId=7621553073337221908,scraping_tiktok,ruliiii7,Coba pa Pur lapor SPT nya input sendiri jangan dibantu asistennya…. Pasti bingung
7621551922947916552,2026-03-26T13:14:06.000Z,1,https://www.tiktok.com/@liputan6.sctv/video/7621442575928528129,https://www.tiktok.com/@liputan6.sctv/video/7621442575928528129?commentId=7621551922947916552,scraping_tiktok,kcebonguhuy,buat lah sesederhana mungkin biar wp lbh nyaman untuk laporan spt
7621552933331436295,2026-03-26T13:18:06.000Z,1,https://www.tiktok.com/@liputan6.sctv/video/7621442575928528129,https://www.tiktok.com/@liputan6.sctv/video/7621442575928528129?commentId=7621552933331436295,scraping_tiktok,2010.susan,betul 😂😂😂😂😂
7621549149762274056,2026-03-26T13:03:21.000Z,1,https://www.tiktok.com/@liputan6.sctv/video/7621442575928528129,https://www.tiktok.com/@liputan6.sctv/video/7621442575928528129?commentId=7621549149762274056,scraping_tiktok,dalildanfakta,ribet
7621550858882368264,2026-03-26T13:10:00.000Z,1,https://www.tiktok.com/@liputan6.sctv/video/7621442575928528129,https://www.tiktok.com/@liputan6.sctv/video/7621442575928528129?commentId=7621550858882368264,scraping_tiktok,lizzzaaa73,Benerrr gua ngisi stress ini 😭😭😭😭
7621549109111603986,2026-03-26T13:03:14.000Z,1,https://www.tiktok.com/@liputan6.sctv/video/7621442575928528129,https://www.tiktok.com/@liputan6.sctv/video/7621442575928528129?commentId=7621549109111603986,scraping_tiktok,kraftiadi,yak betul pak. 😁👍
7621550103539073813,2026-03-26T13:07:07.000Z,1,https://www.tiktok.com/@liputan6.sctv/video/7621442575928528129,https://www.tiktok.com/@liputan6.sctv/video/7621442575928528129?commentId=7621550103539073813,scraping_tiktok,hanjothecorgy,"Mulai pusing, kentara dah kurus"
7621549478960988949,2026-03-26T13:04:39.000Z,1,https://www.tiktok.com/@liputan6.sctv/video/7621442575928528129,https://www.tiktok.com/@liputan6.sctv/video/7621442575928528129?commentId=7621549478960988949,scraping_tiktok,menujubumn.id,PAK PURBAYA... JANGAN LUPA JAGA KESEHATAN YAA... KAMI PERCAYA PADAMU PAKK 😭😭😭
7621548868722836240,2026-03-26T13:02:15.000Z,1,https://www.tiktok.com/@liputan6.sctv/video/7621442575928528129,https://www.tiktok.com/@liputan6.sctv/video/7621442575928528129?commentId=7621548868722836240,scraping_tiktok,la_inayah,"baru selesai bikin itu juga ada seminggu ga beres beres karna ga masuk masuk kode verifikasi nya padahal udah isi pulsa gocap, terus muter muter bgt harus ini itu nya, untung banyak yg udah bkin tutor di tiktok tapi itu juga masih bikin bingung"
7621546310911509268,2026-03-26T12:52:27.000Z,1,https://www.tiktok.com/@liputan6.sctv/video/7621442575928528129,https://www.tiktok.com/@liputan6.sctv/video/7621442575928528129?commentId=7621546310911509268,scraping_tiktok,boluecoklat,Nahhhh kannnnnnnnnnnnnn bingunggggg dan ribetttttt bangettttt
7621456322680439553,2026-03-26T07:03:14.000Z,1,https://www.tiktok.com/@liputan6.sctv/video/7621442575928528129,https://www.tiktok.com/@liputan6.sctv/video/7621442575928528129?commentId=7621456322680439553,scraping_tiktok,sweet2dimples,"coretax tuh ribet bet bet bet.
gue catetin kata sandi tp begitu login gabisa mulu😭"
7621537839641543440,2026-03-26T12:19:35.000Z,1,https://www.tiktok.com/@liputan6.sctv/video/7621442575928528129,https://www.tiktok.com/@liputan6.sctv/video/7621442575928528129?commentId=7621537839641543440,scraping_tiktok,bali_bule,"setuju Pak. pertanyaan terlalu banyak , berulang-ulang dibolak-balik pdhal intinya sama , ribet , tiba-tiba error , tampilannya buat mual. saya yg bayar pajak malah saya yg dibuat ribet sm tampilan Coretax"
7621543403634098951,2026-03-26T12:41:08.000Z,1,https://www.tiktok.com/@liputan6.sctv/video/7621442575928528129,https://www.tiktok.com/@liputan6.sctv/video/7621442575928528129?commentId=7621543403634098951,scraping_tiktok,catsmommy45,"aplikasi shopee aja bisa terhubung ke semua bank, kalo mau payment di shopee via bank, pas buka banking langsung keluar tagihan dengan nominal sekian, itu persekian detik, masa coretax ga nge link ke data masy"
7621540037511234311,2026-03-26T12:28:00.000Z,1,https://www.tiktok.com/@liputan6.sctv/video/7621442575928528129,https://www.tiktok.com/@liputan6.sctv/video/7621442575928528129?commentId=7621540037511234311,scraping_tiktok,kelanakemana_,"Pak tolong ini mah dikasih tutorial pak, ga pada bisa ini ngisinya gimana 😭"
7621500843774378773,2026-03-26T09:55:57.000Z,1,https://www.tiktok.com/@liputan6.sctv/video/7621442575928528129,https://www.tiktok.com/@liputan6.sctv/video/7621442575928528129?commentId=7621500843774378773,scraping_tiktok,favorite.almost,jujur pak pur kurusan😭😭😭😭
7621514050869920513,2026-03-26T10:47:12.000Z,1,https://www.tiktok.com/@liputan6.sctv/video/7621442575928528129,https://www.tiktok.com/@liputan6.sctv/video/7621442575928528129?commentId=7621514050869920513,scraping_tiktok,ezaqiara,makin ribet dan kurang user friendly emang
7621549377397752583,2026-03-26T13:04:15.000Z,1,https://www.tiktok.com/@liputan6.sctv/video/7621442575928528129,https://www.tiktok.com/@liputan6.sctv/video/7621442575928528129?commentId=7621549377397752583,scraping_tiktok,dharmawan1673,ya pak betul pak bikin mumet
7621549049066111751,2026-03-26T13:02:58.000Z,1,https://www.tiktok.com/@liputan6.sctv/video/7621442575928528129,https://www.tiktok.com/@liputan6.sctv/video/7621442575928528129?commentId=7621549049066111751,scraping_tiktok,top202423,Pa Purbaya tolong di perbaiki. masa kita mau bayar pajak saja di persulit.
7621549200875111184,2026-03-26T13:03:43.000Z,1,https://www.tiktok.com/@liputan6.sctv/video/7621442575928528129,https://www.tiktok.com/@liputan6.sctv/video/7621442575928528129?commentId=7621549200875111184,scraping_tiktok,vforvv89,iyaa ribet
7621549308329263893,2026-03-26T13:04:05.000Z,1,https://www.tiktok.com/@liputan6.sctv/video/7621442575928528129,https://www.tiktok.com/@liputan6.sctv/video/7621442575928528129?commentId=7621549308329263893,scraping_tiktok,forestforest34,"Setuju pak, sangat membingungkan 😏"
7621549490814206728,2026-03-26T13:04:42.000Z,1,https://www.tiktok.com/@liputan6.sctv/video/7621442575928528129,https://www.tiktok.com/@liputan6.sctv/video/7621442575928528129?commentId=7621549490814206728,scraping_tiktok,reginatrisianis,gak canggih emg coretax
7621549643864965896,2026-03-26T13:05:22.000Z,1,https://www.tiktok.com/@liputan6.sctv/video/7621442575928528129,https://www.tiktok.com/@liputan6.sctv/video/7621442575928528129?commentId=7621549643864965896,scraping_tiktok,dionsusanto403,betul
7621549702777848583,2026-03-26T13:05:33.000Z,1,https://www.tiktok.com/@liputan6.sctv/video/7621442575928528129,https://www.tiktok.com/@liputan6.sctv/video/7621442575928528129?commentId=7621549702777848583,scraping_tiktok,dkafs,sehat sehat pak pur 🙏🏼🙏🏼🙏🏼🙏🏼 jaga diri baik baik
7621525083647394581,2026-03-26T11:30:01.000Z,1,https://www.tiktok.com/@liputan6.sctv/video/7621442575928528129,https://www.tiktok.com/@liputan6.sctv/video/7621442575928528129?commentId=7621525083647394581,scraping_tiktok,dekalanaa12,"Kak sehat” ya,takut banget soalnya Tuhan akan memilih bunga yg wangi🥺"
7621550057838297876,2026-03-26T13:06:59.000Z,1,https://www.tiktok.com/@liputan6.sctv/video/7621442575928528129,https://www.tiktok.com/@liputan6.sctv/video/7621442575928528129?commentId=7621550057838297876,scraping_tiktok,vvlnt.ns,"Aktivasi akun token ke sms masuk tapi di sistem gak ada kolom masukin token, hadehhh"
7621548538397508360,2026-03-26T13:01:02.000Z,1,https://www.tiktok.com/@liputan6.sctv/video/7621442575928528129,https://www.tiktok.com/@liputan6.sctv/video/7621442575928528129?commentId=7621548538397508360,scraping_tiktok,saidillahhh,bagus bagus sudah djp
7621486677134951175,2026-03-26T09:00:55.000Z,0,https://www.tiktok.com/@liputan6.sctv/video/7621442575928528129,https://www.tiktok.com/@liputan6.sctv/video/7621442575928528129?commentId=7621486677134951175,scraping_tiktok,anakmagang19,Kerjaan meraka apa sih bingung kita yg bayar kita yg isi
7621487578383303445,2026-03-26T09:04:36.000Z,0,https://www.tiktok.com/@liputan6.sctv/video/7621442575928528129,https://www.tiktok.com/@liputan6.sctv/video/7621442575928528129?commentId=7621487578383303445,scraping_tiktok,akumanusia603,Kenapa dilanjutin kalau bingung
7636013298395300628,2026-05-04T12:31:43.000Z,0,https://www.tiktok.com/@liputan6.sctv/video/7621442575928528129,https://www.tiktok.com/@liputan6.sctv/video/7621442575928528129?commentId=7636013298395300628,scraping_tiktok,heriputra5092,😳😳😳
7621486279859684103,2026-03-26T08:59:30.000Z,0,https://www.tiktok.com/@liputan6.sctv/video/7621442575928528129,https://www.tiktok.com/@liputan6.sctv/video/7621442575928528129?commentId=7621486279859684103,scraping_tiktok,lewatsemesta307,"coretax ini lebih simple aku rasa, hya perlu sabar utk mempelajari nya.soalnya hya dri tiktok utk dipelajarin."
7621486311690093329,2026-03-26T08:59:33.000Z,0,https://www.tiktok.com/@liputan6.sctv/video/7621442575928528129,https://www.tiktok.com/@liputan6.sctv/video/7621442575928528129?commentId=7621486311690093329,scraping_tiktok,ultraman8367,"bener pak, mohon diperbaiki lagi pak🙏🏻"
7621486340424909586,2026-03-26T08:59:40.000Z,0,https://www.tiktok.com/@liputan6.sctv/video/7621442575928528129,https://www.tiktok.com/@liputan6.sctv/video/7621442575928528129?commentId=7621486340424909586,scraping_tiktok,itsme_tato,gak user friendly dalam penggunaannya
7621486662628328210,2026-03-26T09:01:03.000Z,0,https://www.tiktok.com/@liputan6.sctv/video/7621442575928528129,https://www.tiktok.com/@liputan6.sctv/video/7621442575928528129?commentId=7621486662628328210,scraping_tiktok,real.gudd,"dulu pernah mau pelaporan SPT tapi bingung buat apa juga gitu, gaji juga dibawah 5juta. tapi karena merasa punya tanggung jawab membayar pajak akhirnya pergilah ke kantor pajak, baru bertanya soal bagaimana cara lapor pajak udah dijudesin tuh sama orang pajak di kabupaten 🤣 alhasil merasa kayak gagal banget ini negara 😭😭 kejadian lama tahun 2021/2022"
7621486880311231240,2026-03-26T09:01:45.000Z,0,https://www.tiktok.com/@liputan6.sctv/video/7621442575928528129,https://www.tiktok.com/@liputan6.sctv/video/7621442575928528129?commentId=7621486880311231240,scraping_tiktok,royalexpress72,@Yeppo @Ohhyme ᥫ᭡
7621488090248479495,2026-03-26T09:06:30.000Z,0,https://www.tiktok.com/@liputan6.sctv/video/7621442575928528129,https://www.tiktok.com/@liputan6.sctv/video/7621442575928528129?commentId=7621488090248479495,scraping_tiktok,obedjust,Ow
7621487808994476821,2026-03-26T09:05:30.000Z,0,https://www.tiktok.com/@liputan6.sctv/video/7621442575928528129,https://www.tiktok.com/@liputan6.sctv/video/7621442575928528129?commentId=7621487808994476821,scraping_tiktok,obatkamu7,"bp yg pinter aj bingung, apa lagi kami ini pak,"
7621487161766757128,2026-03-26T09:02:53.000Z,0,https://www.tiktok.com/@liputan6.sctv/video/7621442575928528129,https://www.tiktok.com/@liputan6.sctv/video/7621442575928528129?commentId=7621487161766757128,scraping_tiktok,abcd.mem,asli kesel banget liat coretax.. udah biarin aja itu SPT.. Yg pasti gw kan udh bayar sebenarnya ada bukti potongnya jugaaa
7621487563954635528,2026-03-26T09:04:30.000Z,0,https://www.tiktok.com/@liputan6.sctv/video/7621442575928528129,https://www.tiktok.com/@liputan6.sctv/video/7621442575928528129?commentId=7621487563954635528,scraping_tiktok,deffrinds,"Pak, makan pak"
7622664315933573908,2026-03-29T13:10:49.000Z,0,https://www.tiktok.com/@liputan6.sctv/video/7621442575928528129,https://www.tiktok.com/@liputan6.sctv/video/7621442575928528129?commentId=7622664315933573908,scraping_tiktok,nurulbukanthenuruls,"yang paling benar itu buat karyawan gaperlu lapor pajak pak .
buat apa ??
gaji UMR , harta seadanya hasil kerja , ga mungkin korup"
7621482955014636295,2026-03-26T08:46:37.000Z,0,https://www.tiktok.com/@liputan6.sctv/video/7621442575928528129,https://www.tiktok.com/@liputan6.sctv/video/7621442575928528129?commentId=7621482955014636295,scraping_tiktok,jalandanjajan__,Asli ruwetttttt 😭😭😭😭
7622815144980890389,2026-03-29T22:56:24.000Z,0,https://www.tiktok.com/@liputan6.sctv/video/7621442575928528129,https://www.tiktok.com/@liputan6.sctv/video/7621442575928528129?commentId=7622815144980890389,scraping_tiktok,uswatunkhasanah9454,punten bnyak kan yg pinter di indo buat aplikasi bagusan dkit... sekelas aplikasi negara... msok bukanya mempermudah malah buat ribet
7622807991767139092,2026-03-29T22:28:34.000Z,0,https://www.tiktok.com/@liputan6.sctv/video/7621442575928528129,https://www.tiktok.com/@liputan6.sctv/video/7621442575928528129?commentId=7622807991767139092,scraping_tiktok,kosasih011291,"ke enakan orang orang pajak tinggal terima beres doang..
bikin pusing Mao lapor SPT"
7621483133061481237,2026-03-26T08:47:14.000Z,0,https://www.tiktok.com/@liputan6.sctv/video/7621442575928528129,https://www.tiktok.com/@liputan6.sctv/video/7621442575928528129?commentId=7621483133061481237,scraping_tiktok,langitkusoree,bener ihh ga user friendly
7621546251246600967,2026-03-26T12:52:06.000Z,1,https://www.tiktok.com/@liputan6.sctv/video/7621442575928528129,https://www.tiktok.com/@liputan6.sctv/video/7621442575928528129?commentId=7621546251246600967,scraping_tiktok,uun_dethan,setuju pak pur
7621546192891020040,2026-03-26T12:51:51.000Z,1,https://www.tiktok.com/@liputan6.sctv/video/7621442575928528129,https://www.tiktok.com/@liputan6.sctv/video/7621442575928528129?commentId=7621546192891020040,scraping_tiktok,bluurayyy,emng😂
7621546084564779784,2026-03-26T12:51:26.000Z,1,https://www.tiktok.com/@liputan6.sctv/video/7621442575928528129,https://www.tiktok.com/@liputan6.sctv/video/7621442575928528129?commentId=7621546084564779784,scraping_tiktok,99lavv,"pak kenapa sih harus lapor, kan kantor kita udah lapor"
7621546033889182471,2026-03-26T12:51:14.000Z,1,https://www.tiktok.com/@liputan6.sctv/video/7621442575928528129,https://www.tiktok.com/@liputan6.sctv/video/7621442575928528129?commentId=7621546033889182471,scraping_tiktok,fajaragungbudisantosa,Pasti kurang bayar pa🥺
7621545916348695313,2026-03-26T12:50:50.000Z,1,https://www.tiktok.com/@liputan6.sctv/video/7621442575928528129,https://www.tiktok.com/@liputan6.sctv/video/7621442575928528129?commentId=7621545916348695313,scraping_tiktok,smub167,"Anggaran 1T lebih hasilnya ""trial and error"""
7621545325312541461,2026-03-26T12:48:36.000Z,1,https://www.tiktok.com/@liputan6.sctv/video/7621442575928528129,https://www.tiktok.com/@liputan6.sctv/video/7621442575928528129?commentId=7621545325312541461,scraping_tiktok,ahamad.ardiyansyah,iya ribet
7621502029319865095,2026-03-26T10:00:33.000Z,1,https://www.tiktok.com/@liputan6.sctv/video/7621442575928528129,https://www.tiktok.com/@liputan6.sctv/video/7621442575928528129?commentId=7621502029319865095,scraping_tiktok,hiphip.id,Pak bahyak rukiyah sebelum tdr ya semoga pak pur selalu bahagi sehat
7621494352997237525,2026-03-26T09:30:49.000Z,1,https://www.tiktok.com/@liputan6.sctv/video/7621442575928528129,https://www.tiktok.com/@liputan6.sctv/video/7621442575928528129?commentId=7621494352997237525,scraping_tiktok,mahdalestari3,Betul..masa pajakku udah di potong malah muncul lg pemotongannya..klo salah isi otomatis aku bayar pajak 2 kali.
7621494703549219602,2026-03-26T09:32:10.000Z,1,https://www.tiktok.com/@liputan6.sctv/video/7621442575928528129,https://www.tiktok.com/@liputan6.sctv/video/7621442575928528129?commentId=7621494703549219602,scraping_tiktok,astie127,"emang ribet, smpe hrs ke kantor pajak. eh org pajak jg bilang ribet,,"
7621494715674018561,2026-03-26T09:32:14.000Z,1,https://www.tiktok.com/@liputan6.sctv/video/7621442575928528129,https://www.tiktok.com/@liputan6.sctv/video/7621442575928528129?commentId=7621494715674018561,scraping_tiktok,popiome,"iya tuh, kalimatnya perlu dipahami berkali-kali. biasanya lapor cuma 15 menit ini sampai sejam 😭"
7621514692749968148,2026-03-26T10:49:44.000Z,1,https://www.tiktok.com/@liputan6.sctv/video/7621442575928528129,https://www.tiktok.com/@liputan6.sctv/video/7621442575928528129?commentId=7621514692749968148,scraping_tiktok,putrykyo,"pak pur sehat2 yah, jaga kesehatan, terlihat turun berat badan drastis yah pak"
7621554920987329300,2026-03-26T13:25:53.000Z,1,https://www.tiktok.com/@liputan6.sctv/video/7621442575928528129,https://www.tiktok.com/@liputan6.sctv/video/7621442575928528129?commentId=7621554920987329300,scraping_tiktok,tripmodalnekat,Jujur bingung dan ribet. Ini belum bisa log in sampai sekarang
7621507887130919698,2026-03-26T10:23:18.000Z,1,https://www.tiktok.com/@liputan6.sctv/video/7621442575928528129,https://www.tiktok.com/@liputan6.sctv/video/7621442575928528129?commentId=7621507887130919698,scraping_tiktok,bangmunthe_ketuacumek99,"aku tiap tahun ngerjain pajak karyawan perusahaan ,
Kalo uda paham , gampang kok ngerjainnya"
7621527983623815957,2026-03-26T11:41:23.000Z,1,https://www.tiktok.com/@liputan6.sctv/video/7621442575928528129,https://www.tiktok.com/@liputan6.sctv/video/7621442575928528129?commentId=7621527983623815957,scraping_tiktok,djati901,"Bener Pak Pur, coretax menyulitkan"
7622536077375079189,2026-03-29T04:53:17.000Z,0,https://www.tiktok.com/@liputan6.sctv/video/7621442575928528129,https://www.tiktok.com/@liputan6.sctv/video/7621442575928528129?commentId=7622536077375079189,scraping_tiktok,reynachib,"betul pak, kami blm lapor pajak pak di kantor 40 org , bingung bgt gak nihil"""
7621488320065405717,2026-03-26T09:07:23.000Z,0,https://www.tiktok.com/@liputan6.sctv/video/7621442575928528129,https://www.tiktok.com/@liputan6.sctv/video/7621442575928528129?commentId=7621488320065405717,scraping_tiktok,piejal08,enak dl... skrg rubet
7621473844780040968,2026-03-26T08:11:11.000Z,0,https://www.tiktok.com/@liputan6.sctv/video/7621442575928528129,https://www.tiktok.com/@liputan6.sctv/video/7621442575928528129?commentId=7621473844780040968,scraping_tiktok,wedang_29,Bikin yang user friendly Pak Pur
7621472897764197127,2026-03-26T08:07:27.000Z,0,https://www.tiktok.com/@liputan6.sctv/video/7621442575928528129,https://www.tiktok.com/@liputan6.sctv/video/7621442575928528129?commentId=7621472897764197127,scraping_tiktok,pennotee,iyaaa pak
7622975453917954832,2026-03-30T09:18:19.000Z,0,https://www.tiktok.com/@liputan6.sctv/video/7621442575928528129,https://www.tiktok.com/@liputan6.sctv/video/7621442575928528129?commentId=7622975453917954832,scraping_tiktok,philosophy.of.live,ribettt Pakkk... udah malessss
7621473060831052552,2026-03-26T08:08:10.000Z,0,https://www.tiktok.com/@liputan6.sctv/video/7621442575928528129,https://www.tiktok.com/@liputan6.sctv/video/7621442575928528129?commentId=7621473060831052552,scraping_tiktok,tobii_1987_,biayanya bukannya smpai 1T ya
7622973874661458709,2026-03-30T09:12:06.000Z,0,https://www.tiktok.com/@liputan6.sctv/video/7621442575928528129,https://www.tiktok.com/@liputan6.sctv/video/7621442575928528129?commentId=7622973874661458709,scraping_tiktok,ekanurwidayati803,iya pak bingung bgt 😭 harapannya laporan simpel ga jd beban malah bikin stress
7622973188943184661,2026-03-30T09:09:30.000Z,0,https://www.tiktok.com/@liputan6.sctv/video/7621442575928528129,https://www.tiktok.com/@liputan6.sctv/video/7621442575928528129?commentId=7622973188943184661,scraping_tiktok,nuaiman1933,kalau ada yg susah ngapain yg gampang🗿
7622972949657797384,2026-03-30T09:08:27.000Z,0,https://www.tiktok.com/@liputan6.sctv/video/7621442575928528129,https://www.tiktok.com/@liputan6.sctv/video/7621442575928528129?commentId=7622972949657797384,scraping_tiktok,mr.popoyo,"Org pjak tinggal duduk2 aja, kita yang ribet"
7621473362381521684,2026-03-26T08:09:22.000Z,0,https://www.tiktok.com/@liputan6.sctv/video/7621442575928528129,https://www.tiktok.com/@liputan6.sctv/video/7621442575928528129?commentId=7621473362381521684,scraping_tiktok,kakz_scovers,Coretax jual API?
7622958499816047378,2026-03-30T08:12:30.000Z,0,https://www.tiktok.com/@liputan6.sctv/video/7621442575928528129,https://www.tiktok.com/@liputan6.sctv/video/7621442575928528129?commentId=7622958499816047378,scraping_tiktok,anak.rote_3,betul
7622958123360027399,2026-03-30T08:10:59.000Z,0,https://www.tiktok.com/@liputan6.sctv/video/7621442575928528129,https://www.tiktok.com/@liputan6.sctv/video/7621442575928528129?commentId=7622958123360027399,scraping_tiktok,matahari_kuh,ribet bgt eror mulu
7622957754743833345,2026-03-30T08:09:39.000Z,0,https://www.tiktok.com/@liputan6.sctv/video/7621442575928528129,https://www.tiktok.com/@liputan6.sctv/video/7621442575928528129?commentId=7622957754743833345,scraping_tiktok,intanslt,betul😂
7621473609001173761,2026-03-26T08:10:16.000Z,0,https://www.tiktok.com/@liputan6.sctv/video/7621442575928528129,https://www.tiktok.com/@liputan6.sctv/video/7621442575928528129?commentId=7621473609001173761,scraping_tiktok,chandramyname.3,Please balikin ke Djp 😭
7622955408773169940,2026-03-30T08:00:32.000Z,0,https://www.tiktok.com/@liputan6.sctv/video/7621442575928528129,https://www.tiktok.com/@liputan6.sctv/video/7621442575928528129?commentId=7622955408773169940,scraping_tiktok,user_1088.6,aplikasi bangke gangguan terus
7622978302478811911,2026-03-30T09:29:11.000Z,0,https://www.tiktok.com/@liputan6.sctv/video/7621442575928528129,https://www.tiktok.com/@liputan6.sctv/video/7621442575928528129?commentId=7622978302478811911,scraping_tiktok,puput.suharto,Gaji di bawah UMR. masih di pusingkan cortex🥺🥺🥺🥺🥺
7622949544020198164,2026-03-30T07:37:46.000Z,0,https://www.tiktok.com/@liputan6.sctv/video/7621442575928528129,https://www.tiktok.com/@liputan6.sctv/video/7621442575928528129?commentId=7622949544020198164,scraping_tiktok,erfilaf3,"betul Pak, ribet"
7622942846848484117,2026-03-30T07:11:40.000Z,0,https://www.tiktok.com/@liputan6.sctv/video/7621442575928528129,https://www.tiktok.com/@liputan6.sctv/video/7621442575928528129?commentId=7622942846848484117,scraping_tiktok,ninasafitri55,Ribettt
7622941955082126096,2026-03-30T07:08:19.000Z,0,https://www.tiktok.com/@liputan6.sctv/video/7621442575928528129,https://www.tiktok.com/@liputan6.sctv/video/7621442575928528129?commentId=7622941955082126096,scraping_tiktok,tanhokgwan3,pegawainya pajak aja aga bingung penggunaan coretax
7622935734727230226,2026-03-30T06:44:07.000Z,0,https://www.tiktok.com/@liputan6.sctv/video/7621442575928528129,https://www.tiktok.com/@liputan6.sctv/video/7621442575928528129?commentId=7622935734727230226,scraping_tiktok,dirtmatch4,balikin ga DJP online pak Purbaya. sudah cukup kami dibuat ribet dengan coretax ini.. aplikasi yang gak siap pakai begini harusnya disempurnakan dl suruh dirjen pajak coba dulu .. jangan kita yang dijadiin kelinci percobaan mikirin smpe kepala panas mana kerjakan SPT lancar itu di jam 10 malam keatas paj
7622933816806785800,2026-03-30T06:36:41.000Z,0,https://www.tiktok.com/@liputan6.sctv/video/7621442575928528129,https://www.tiktok.com/@liputan6.sctv/video/7621442575928528129?commentId=7622933816806785800,scraping_tiktok,w..ardiansyah,"STOP lapor pajak, harusnya pihak pajak yg kirim laporan ke kami yang bayar pajak"
7622930973226926856,2026-03-30T06:25:36.000Z,0,https://www.tiktok.com/@liputan6.sctv/video/7621442575928528129,https://www.tiktok.com/@liputan6.sctv/video/7621442575928528129?commentId=7622930973226926856,scraping_tiktok,anasst_,"bener banget fiturnya ribet bangett, bikin pusing, enakan sebelumnyaa😭"
7622930867183354640,2026-03-30T06:25:16.000Z,0,https://www.tiktok.com/@liputan6.sctv/video/7621442575928528129,https://www.tiktok.com/@liputan6.sctv/video/7621442575928528129?commentId=7622930867183354640,scraping_tiktok,ernykamil27,"ini bisa minta bantuan lgs ke ktr pajak ? krn stp input, error mulu, ribet"
7622930530509849351,2026-03-30T06:23:54.000Z,0,https://www.tiktok.com/@liputan6.sctv/video/7621442575928528129,https://www.tiktok.com/@liputan6.sctv/video/7621442575928528129?commentId=7622930530509849351,scraping_tiktok,herliana.grande,iyaa lagiiii
7622927190682878727,2026-03-30T06:10:58.000Z,0,https://www.tiktok.com/@liputan6.sctv/video/7621442575928528129,https://www.tiktok.com/@liputan6.sctv/video/7621442575928528129?commentId=7622927190682878727,scraping_tiktok,salsabila.ragil,bagusan yg sebelumnya
7622923928693408519,2026-03-30T05:58:21.000Z,0,https://www.tiktok.com/@liputan6.sctv/video/7621442575928528129,https://www.tiktok.com/@liputan6.sctv/video/7621442575928528129?commentId=7622923928693408519,scraping_tiktok,wicak_1988,udh pak balikin LG kaya dulu yg DJP online lebih gampang.
7622993730450703122,2026-03-30T10:29:07.000Z,0,https://www.tiktok.com/@liputan6.sctv/video/7621442575928528129,https://www.tiktok.com/@liputan6.sctv/video/7621442575928528129?commentId=7622993730450703122,scraping_tiktok,nuuurlh,"hbs lapor suamiku Terima tlpn ngakunya dr DJP, suruh kirim bukti fisik. takut penipuan. stelah cari2 trnyata bnyk bngt yg ngalamin. jd pertanyaan nmr dan data suami dpt darimana tolonglah gak amann"
7621472224000754449,2026-03-26T08:04:57.000Z,0,https://www.tiktok.com/@liputan6.sctv/video/7621442575928528129,https://www.tiktok.com/@liputan6.sctv/video/7621442575928528129?commentId=7621472224000754449,scraping_tiktok,swarnugrah,Jd thun dpn berubah lagi?
7623004860552250133,2026-03-30T11:12:19.000Z,0,https://www.tiktok.com/@liputan6.sctv/video/7621442575928528129,https://www.tiktok.com/@liputan6.sctv/video/7621442575928528129?commentId=7623004860552250133,scraping_tiktok,dwex.kentang,"mmg iya baru pertama isi sdh di cermati dan pahami masih ke ulang"" terus 😁"
7623003107328443157,2026-03-30T11:05:30.000Z,0,https://www.tiktok.com/@liputan6.sctv/video/7621442575928528129,https://www.tiktok.com/@liputan6.sctv/video/7621442575928528129?commentId=7623003107328443157,scraping_tiktok,_anak_ibuuu,"pajak bayar sendiri, lapor sendiri, gak lapor didenda,,"
7623001283763880724,2026-03-30T10:58:33.000Z,0,https://www.tiktok.com/@liputan6.sctv/video/7621442575928528129,https://www.tiktok.com/@liputan6.sctv/video/7621442575928528129?commentId=7623001283763880724,scraping_tiktok,bhakra76,betul......
7622999917069435669,2026-03-30T10:53:06.000Z,0,https://www.tiktok.com/@liputan6.sctv/video/7621442575928528129,https://www.tiktok.com/@liputan6.sctv/video/7621442575928528129?commentId=7622999917069435669,scraping_tiktok,triamlnd,Pak ribet bgt sumpah
7622998954700063508,2026-03-30T10:49:27.000Z,0,https://www.tiktok.com/@liputan6.sctv/video/7621442575928528129,https://www.tiktok.com/@liputan6.sctv/video/7621442575928528129?commentId=7622998954700063508,scraping_tiktok,blck_sweets,"plis mohon jangan apa apa dipajakkan pak ,"
7622998786877211399,2026-03-30T10:48:45.000Z,0,https://www.tiktok.com/@liputan6.sctv/video/7621442575928528129,https://www.tiktok.com/@liputan6.sctv/video/7621442575928528129?commentId=7622998786877211399,scraping_tiktok,arif_s51,asli iya pak
7622998764144067336,2026-03-30T10:48:37.000Z,0,https://www.tiktok.com/@liputan6.sctv/video/7621442575928528129,https://www.tiktok.com/@liputan6.sctv/video/7621442575928528129?commentId=7622998764144067336,scraping_tiktok,aan.sukmanah6,"Benar sekali saya juga sampai sulit untuk mempelajarinya, kalau bisa saya minta kembali ke djp online lagi Pak yang lebih mudah."
7622998580425540372,2026-03-30T10:48:04.000Z,0,https://www.tiktok.com/@liputan6.sctv/video/7621442575928528129,https://www.tiktok.com/@liputan6.sctv/video/7621442575928528129?commentId=7622998580425540372,scraping_tiktok,atmojo.meneh,"coretax taek, salah klik gaji UMR kena tagihan 4jt ribet aplikasi koruptor berat cari cuannya maksa banget, karyawan gaji besar kenapa gk survei keliling jemput bola?? nongkrong doang kerjaan nya"
7622998111337857799,2026-03-30T10:46:06.000Z,0,https://www.tiktok.com/@liputan6.sctv/video/7621442575928528129,https://www.tiktok.com/@liputan6.sctv/video/7621442575928528129?commentId=7622998111337857799,scraping_tiktok,hendri_arfan04,"negara yg butuh,rakyat yg dibikin pusing."
7622998033442226960,2026-03-30T10:46:01.000Z,0,https://www.tiktok.com/@liputan6.sctv/video/7621442575928528129,https://www.tiktok.com/@liputan6.sctv/video/7621442575928528129?commentId=7622998033442226960,scraping_tiktok,el.kholid12,yang setuju balik lagi ke djp ☝️
7622994266735805191,2026-03-30T10:31:16.000Z,0,https://www.tiktok.com/@liputan6.sctv/video/7621442575928528129,https://www.tiktok.com/@liputan6.sctv/video/7621442575928528129?commentId=7622994266735805191,scraping_tiktok,dimaaslann,"lucunya tuh kita yg bayar pajak tapi kita yg disuruh isi data 🤣 ini org pajak kerjanya ngapain sih. mana coretax menunya bnyk, desain jadul, bikin pusing"
7622918637628572432,2026-03-30T05:37:45.000Z,0,https://www.tiktok.com/@liputan6.sctv/video/7621442575928528129,https://www.tiktok.com/@liputan6.sctv/video/7621442575928528129?commentId=7622918637628572432,scraping_tiktok,wear_bymells,"permudah semua akses bayar pajak ,biar rakyat juga mau bayar pajak tuh jadi gampang"
7622993559243604757,2026-03-30T10:28:32.000Z,0,https://www.tiktok.com/@liputan6.sctv/video/7621442575928528129,https://www.tiktok.com/@liputan6.sctv/video/7621442575928528129?commentId=7622993559243604757,scraping_tiktok,231059.am,Benar Pak. Sungguh ribet
7622993320583987976,2026-03-30T10:27:34.000Z,0,https://www.tiktok.com/@liputan6.sctv/video/7621442575928528129,https://www.tiktok.com/@liputan6.sctv/video/7621442575928528129?commentId=7622993320583987976,scraping_tiktok,ediboy_86,"Orang pajak ndiri aja bingung, apalagi kita 😂🔥"
7622991771228046101,2026-03-30T10:21:31.000Z,0,https://www.tiktok.com/@liputan6.sctv/video/7621442575928528129,https://www.tiktok.com/@liputan6.sctv/video/7621442575928528129?commentId=7622991771228046101,scraping_tiktok,dominion5084,"setuju sekali pak, sangat ribet dan membingungkan tolong desain yg simpel dan mudah di pahami"
7622990138420265736,2026-03-30T10:15:16.000Z,0,https://www.tiktok.com/@liputan6.sctv/video/7621442575928528129,https://www.tiktok.com/@liputan6.sctv/video/7621442575928528129?commentId=7622990138420265736,scraping_tiktok,revoooan,ngeri makin pusing
7622989877563802376,2026-03-30T10:14:13.000Z,0,https://www.tiktok.com/@liputan6.sctv/video/7621442575928528129,https://www.tiktok.com/@liputan6.sctv/video/7621442575928528129?commentId=7622989877563802376,scraping_tiktok,faris.ep06,"Coretax designy kyk website berita,"
7622983188868858631,2026-03-30T09:48:12.000Z,0,https://www.tiktok.com/@liputan6.sctv/video/7621442575928528129,https://www.tiktok.com/@liputan6.sctv/video/7621442575928528129?commentId=7622983188868858631,scraping_tiktok,daudwuring88,"Setuju, terlalu banyak menu pak. Buat lebih sederhana dan ringkas"
7622983080232502023,2026-03-30T09:47:53.000Z,0,https://www.tiktok.com/@liputan6.sctv/video/7621442575928528129,https://www.tiktok.com/@liputan6.sctv/video/7621442575928528129?commentId=7622983080232502023,scraping_tiktok,ekafitriani411,"gak perlu bahas design coretax pak. permudah dlu pengurusan laporan spt nya. udah bayar pajak, pelaporan sulit, telat lapor denda pula. gimana itu pak."
7622982351480193799,2026-03-30T09:44:57.000Z,0,https://www.tiktok.com/@liputan6.sctv/video/7621442575928528129,https://www.tiktok.com/@liputan6.sctv/video/7621442575928528129?commentId=7622982351480193799,scraping_tiktok,subagiojoko805,"pa heri pusing nih pakk...
😁"
7622982110266393365,2026-03-30T09:44:10.000Z,0,https://www.tiktok.com/@liputan6.sctv/video/7621442575928528129,https://www.tiktok.com/@liputan6.sctv/video/7621442575928528129?commentId=7622982110266393365,scraping_tiktok,tabur89tuai,"bner pak, kshan teman sy, ada yg selisih bayar, ada yg kurang byar, ditnya petugas nya Mlah pilih suruh byar"
7622979341622838023,2026-03-30T09:33:18.000Z,0,https://www.tiktok.com/@liputan6.sctv/video/7621442575928528129,https://www.tiktok.com/@liputan6.sctv/video/7621442575928528129?commentId=7622979341622838023,scraping_tiktok,sembilanmalam,Ini beneran kerja ya sampe kurus bgt 🥺
7622978406224970517,2026-03-30T09:29:38.000Z,0,https://www.tiktok.com/@liputan6.sctv/video/7621442575928528129,https://www.tiktok.com/@liputan6.sctv/video/7621442575928528129?commentId=7622978406224970517,scraping_tiktok,dim.as1605,kok baru sadar banyak fitur gak ada fungsi
7621480488864269077,2026-03-26T08:37:04.000Z,0,https://www.tiktok.com/@liputan6.sctv/video/7621442575928528129,https://www.tiktok.com/@liputan6.sctv/video/7621442575928528129?commentId=7621480488864269077,scraping_tiktok,bad.minton75,bikin susah sj..
7622872923501822728,2026-03-30T02:40:21.000Z,0,https://www.tiktok.com/@liputan6.sctv/video/7621442575928528129,https://www.tiktok.com/@liputan6.sctv/video/7621442575928528129?commentId=7622872923501822728,scraping_tiktok,waklenk_2,"kami para kuli sudah bayar pajak, trus suruh melaporkan lagi, apa kerja orang pajak?"
7621478465598915349,2026-03-26T08:30:56.000Z,0,https://www.tiktok.com/@liputan6.sctv/video/7621442575928528129,https://www.tiktok.com/@liputan6.sctv/video/7621442575928528129?commentId=7621478465598915349,scraping_tiktok,andreaslauw777,biar kelihatan pintar di buat kayak canggih..padahal malah buat sulit masyarakat
7621479245001327380,2026-03-26T08:32:15.000Z,0,https://www.tiktok.com/@liputan6.sctv/video/7621442575928528129,https://www.tiktok.com/@liputan6.sctv/video/7621442575928528129?commentId=7621479245001327380,scraping_tiktok,shiincann27,Mbuletttt memang. Trus ngerubahnya biar gampang kapan?
7623007441509171984,2026-03-30T11:22:22.000Z,0,https://www.tiktok.com/@liputan6.sctv/video/7621442575928528129,https://www.tiktok.com/@liputan6.sctv/video/7621442575928528129?commentId=7623007441509171984,scraping_tiktok,novitakusuma_05,"klo gen z kaya saya mah okay lah bisa liat tutor ytb, lah klo tmn2 kantor yg gen y ke atas, ujung2nya gen z kaya saya yg jd joki dadakan🙃"
7621479470348321556,2026-03-26T08:33:03.000Z,0,https://www.tiktok.com/@liputan6.sctv/video/7621442575928528129,https://www.tiktok.com/@liputan6.sctv/video/7621442575928528129?commentId=7621479470348321556,scraping_tiktok,zennnofficial_,website hasil kongkalikong sama vendor alias...dah rahasia umum lah 🤣 dah mana ribet pula males ah
7622860209535763221,2026-03-30T01:51:18.000Z,0,https://www.tiktok.com/@liputan6.sctv/video/7621442575928528129,https://www.tiktok.com/@liputan6.sctv/video/7621442575928528129?commentId=7622860209535763221,scraping_tiktok,rikiansyah60,"sengaja dibuat ribet, dan gak lapor pajak, biar kena denda"
7621479857948345095,2026-03-26T08:34:34.000Z,0,https://www.tiktok.com/@liputan6.sctv/video/7621442575928528129,https://www.tiktok.com/@liputan6.sctv/video/7621442575928528129?commentId=7621479857948345095,scraping_tiktok,ridhanhanifa,Bikin emosi coretax
7621456791641801492,2026-03-26T07:04:59.000Z,1,https://www.tiktok.com/@liputan6.sctv/video/7621442575928528129,https://www.tiktok.com/@liputan6.sctv/video/7621442575928528129?commentId=7621456791641801492,scraping_tiktok,anakjahat419,"pecat purbaya, ganti sama ibuk sri mulyani kami seluruh rakyat indonesia rindu dengan ibuk sri mulyani"
7621529927951434504,2026-03-26T11:48:48.000Z,1,https://www.tiktok.com/@liputan6.sctv/video/7621442575928528129,https://www.tiktok.com/@liputan6.sctv/video/7621442575928528129?commentId=7621529927951434504,scraping_tiktok,artbeauty553,coretax bikin puyengggg
7621542571098506002,2026-03-26T12:37:53.000Z,1,https://www.tiktok.com/@liputan6.sctv/video/7621442575928528129,https://www.tiktok.com/@liputan6.sctv/video/7621442575928528129?commentId=7621542571098506002,scraping_tiktok,ezadicted,"sebetulnya bagus aplikasinya, user interfacenya yang gak bersahabat buat kita. putar sana putar sini. untungnya di yt banyak yang bikin tutorial cara isinya. sekali bisa sih aman"
7621541929440871184,2026-03-26T12:35:31.000Z,1,https://www.tiktok.com/@liputan6.sctv/video/7621442575928528129,https://www.tiktok.com/@liputan6.sctv/video/7621442575928528129?commentId=7621541929440871184,scraping_tiktok,cecengafe,Menurutku yg sekarang gampang sih cuma lemot aja
7621539903394562836,2026-03-26T12:27:37.000Z,1,https://www.tiktok.com/@liputan6.sctv/video/7621442575928528129,https://www.tiktok.com/@liputan6.sctv/video/7621442575928528129?commentId=7621539903394562836,scraping_tiktok,knoweggs_,"Kita yg bayar pajak, malah harus lapor, eh coretaxnya ribet"
7621539840156730113,2026-03-26T12:27:13.000Z,1,https://www.tiktok.com/@liputan6.sctv/video/7621442575928528129,https://www.tiktok.com/@liputan6.sctv/video/7621442575928528129?commentId=7621539840156730113,scraping_tiktok,nasibandeng,Kita yg bayar kita yg ribet bingung emosi hah! 🥰
7621534569154446100,2026-03-26T12:06:49.000Z,1,https://www.tiktok.com/@liputan6.sctv/video/7621442575928528129,https://www.tiktok.com/@liputan6.sctv/video/7621442575928528129?commentId=7621534569154446100,scraping_tiktok,miylo21,"sbagai org software developer, gw tebak sih karna deadlinenya tralu singkat bwt pelajarin existing codenya, bwt benerin bug bug crucial coretax yg gajelas kmren, sm bwt enhance coretaxnya.. blom termasuk meeting, buat plan, mastiin business requirementnya, dll.. jadi skrg yg penting jalan dulu aja.. yg penting ga se aneh kmren.."
7621546247636124437,2026-03-26T12:52:11.000Z,1,https://www.tiktok.com/@liputan6.sctv/video/7621442575928528129,https://www.tiktok.com/@liputan6.sctv/video/7621442575928528129?commentId=7621546247636124437,scraping_tiktok,febimayo,Heran..udah g bagus d pertahanin lama
7621547530161308424,2026-03-26T12:57:04.000Z,1,https://www.tiktok.com/@liputan6.sctv/video/7621442575928528129,https://www.tiktok.com/@liputan6.sctv/video/7621442575928528129?commentId=7621547530161308424,scraping_tiktok,etasa6,lagian ribet bgt sih tuh dokumen list klo pengembalian.trus helpdesk kpp nga semua ngebantu sampe kelar.diluar jam 4 selesai close 😅
7621547507625345810,2026-03-26T12:56:59.000Z,1,https://www.tiktok.com/@liputan6.sctv/video/7621442575928528129,https://www.tiktok.com/@liputan6.sctv/video/7621442575928528129?commentId=7621547507625345810,scraping_tiktok,rizan999999,aplikasi mahal tapi ribet Pak. aplikasi itu untuk mempermudah bukan mempersulit. Pada kurang bayar padahal PPh sudah di potong.
7621547458900755220,2026-03-26T12:56:52.000Z,1,https://www.tiktok.com/@liputan6.sctv/video/7621442575928528129,https://www.tiktok.com/@liputan6.sctv/video/7621442575928528129?commentId=7621547458900755220,scraping_tiktok,yusufadisaputroo,next kayaknya bisa nih orang jadi presiden
7621546797110510357,2026-03-26T12:54:18.000Z,1,https://www.tiktok.com/@liputan6.sctv/video/7621442575928528129,https://www.tiktok.com/@liputan6.sctv/video/7621442575928528129?commentId=7621546797110510357,scraping_tiktok,elizelgav,Bukan kurang memang ga bagus 😏
7621546324796621588,2026-03-26T12:52:31.000Z,1,https://www.tiktok.com/@liputan6.sctv/video/7621442575928528129,https://www.tiktok.com/@liputan6.sctv/video/7621442575928528129?commentId=7621546324796621588,scraping_tiktok,sririzki14,betull
7623704916596540181,2026-04-01T08:29:01.000Z,0,https://www.tiktok.com/@liputan6.sctv/video/7621442575928528129,https://www.tiktok.com/@liputan6.sctv/video/7621442575928528129?commentId=7623704916596540181,scraping_tiktok,by575757,"yg blg sulit, mnrt sy cukup mudah.
aktivasi ke kantor pajak aja.ntar dpt pasw baru, trus login dan ganti pasw yg kita mau.
utk pelaporan nya jg cukup mudah.sy bantu pelaporan lebih dari 50 org cukup mudah😁"
7621977525300970258,2026-03-27T16:45:45.000Z,0,https://www.tiktok.com/@liputan6.sctv/video/7621442575928528129,https://www.tiktok.com/@liputan6.sctv/video/7621442575928528129?commentId=7621977525300970258,scraping_tiktok,aryazaelani4,Pph21 gila bagus anjir
7634542930251105044,2026-04-30T13:26:05.000Z,0,https://www.tiktok.com/@liputan6.sctv/video/7621442575928528129,https://www.tiktok.com/@liputan6.sctv/video/7621442575928528129?commentId=7634542930251105044,scraping_tiktok,oktaviarina22,padahal kalau udah tahu caranya enaakan pake coretax
7622236996782785288,2026-03-28T09:32:40.000Z,0,https://www.tiktok.com/@liputan6.sctv/video/7621442575928528129,https://www.tiktok.com/@liputan6.sctv/video/7621442575928528129?commentId=7622236996782785288,scraping_tiktok,ainun123_077,langsg aja ke kantor pajak langsg dibantu ngurusnya
7622179449144066824,2026-03-28T05:49:16.000Z,0,https://www.tiktok.com/@liputan6.sctv/video/7621442575928528129,https://www.tiktok.com/@liputan6.sctv/video/7621442575928528129?commentId=7622179449144066824,scraping_tiktok,jemmypenjahatkelamin,😳😳😳
7622237953469383432,2026-03-28T09:36:20.000Z,0,https://www.tiktok.com/@liputan6.sctv/video/7621442575928528129,https://www.tiktok.com/@liputan6.sctv/video/7621442575928528129?commentId=7622237953469383432,scraping_tiktok,anangkhairuddin0,pak kok jadi kurusan pak
7622179416920310545,2026-03-28T05:49:20.000Z,0,https://www.tiktok.com/@liputan6.sctv/video/7621442575928528129,https://www.tiktok.com/@liputan6.sctv/video/7621442575928528129?commentId=7622179416920310545,scraping_tiktok,anime.6000000,kita itu melaporkan bukan membayar pajak lagi... bedakan lah mana yang melapor dan mana yang memebayar
7623196543634014996,2026-03-30T23:36:25.000Z,0,https://www.tiktok.com/@liputan6.sctv/video/7621442575928528129,https://www.tiktok.com/@liputan6.sctv/video/7621442575928528129?commentId=7623196543634014996,scraping_tiktok,bukanarfi_,SETUJU GUEEEE😏😏😏😏
7622179704016306952,2026-03-28T05:50:23.000Z,0,https://www.tiktok.com/@liputan6.sctv/video/7621442575928528129,https://www.tiktok.com/@liputan6.sctv/video/7621442575928528129?commentId=7622179704016306952,scraping_tiktok,grantbetta23,yo genahno lek kurang bagus. mek ngmng tok kurang kurang hadeh
7622180454519997191,2026-03-28T05:53:17.000Z,0,https://www.tiktok.com/@liputan6.sctv/video/7621442575928528129,https://www.tiktok.com/@liputan6.sctv/video/7621442575928528129?commentId=7622180454519997191,scraping_tiktok,wiwin_1019,Udah paling bener efaktur 😏
7623968266734322452,2026-04-02T01:31:03.000Z,0,https://www.tiktok.com/@liputan6.sctv/video/7621442575928528129,https://www.tiktok.com/@liputan6.sctv/video/7621442575928528129?commentId=7623968266734322452,scraping_tiktok,animek_2701,"bener, email n pasword sudah sesuai masih aja ga bisa login @ditjenpajakri"
7623275837891445522,2026-03-31T04:44:00.000Z,0,https://www.tiktok.com/@liputan6.sctv/video/7621442575928528129,https://www.tiktok.com/@liputan6.sctv/video/7621442575928528129?commentId=7623275837891445522,scraping_tiktok,maungbodas511,Habis uang rakyat pak dipotongin pajak terus...belum juga kering keringat udah dipotong lagi pajak...mana gede lagi potongan pajaknya...
7622217055210865428,2026-03-28T08:15:15.000Z,0,https://www.tiktok.com/@liputan6.sctv/video/7621442575928528129,https://www.tiktok.com/@liputan6.sctv/video/7621442575928528129?commentId=7622217055210865428,scraping_tiktok,etmanafe,ribet sekali pak menteri....tlg di rubah sederhana saja pak....👍
7622182378135978760,2026-03-28T06:00:44.000Z,0,https://www.tiktok.com/@liputan6.sctv/video/7621442575928528129,https://www.tiktok.com/@liputan6.sctv/video/7621442575928528129?commentId=7622182378135978760,scraping_tiktok,essaaasofia,"Kok sy malah versi coretax menurut sy gampang bgt ya, trus sy yg baru bisa lapor sendiri, bahkan bisa mandu temen2 yg sama2 gak bisa jg 😂"
7622214862958428946,2026-03-28T08:06:49.000Z,0,https://www.tiktok.com/@liputan6.sctv/video/7621442575928528129,https://www.tiktok.com/@liputan6.sctv/video/7621442575928528129?commentId=7622214862958428946,scraping_tiktok,rt246793,buset Pak Pur keliatan banget stressnya
7623107598179894034,2026-03-30T17:51:04.000Z,0,https://www.tiktok.com/@liputan6.sctv/video/7621442575928528129,https://www.tiktok.com/@liputan6.sctv/video/7621442575928528129?commentId=7623107598179894034,scraping_tiktok,mada_arunika,"pak @Purbaya Yudhi Sadewa ,CORETAX jg susah skli di akses bagi org baru."
7622183279954068244,2026-03-28T06:04:21.000Z,0,https://www.tiktok.com/@liputan6.sctv/video/7621442575928528129,https://www.tiktok.com/@liputan6.sctv/video/7621442575928528129?commentId=7622183279954068244,scraping_tiktok,kokogadget89,Barusan gw ke kantor pajak suruh mereka bantu isiin aja 🤣
7623662479880962837,2026-04-01T05:44:14.000Z,0,https://www.tiktok.com/@liputan6.sctv/video/7621442575928528129,https://www.tiktok.com/@liputan6.sctv/video/7621442575928528129?commentId=7623662479880962837,scraping_tiktok,yuniana7474,ribet..penghasilan di satuan.. tetep di kenakan pajak..padahal cari sampingan buat tambahan tetep juga di pajakin ..jahat..
7622235579535098642,2026-03-28T09:27:05.000Z,0,https://www.tiktok.com/@liputan6.sctv/video/7621442575928528129,https://www.tiktok.com/@liputan6.sctv/video/7621442575928528129?commentId=7622235579535098642,scraping_tiktok,felisita605,di kira yg lapor masih ikut ujiann x ya
7622565812800881428,2026-03-29T06:48:41.000Z,0,https://www.tiktok.com/@liputan6.sctv/video/7621442575928528129,https://www.tiktok.com/@liputan6.sctv/video/7621442575928528129?commentId=7622565812800881428,scraping_tiktok,edygunawan274,Hapus saja pak. Itukan dari nyonya sri😁
7623296701622059783,2026-03-31T06:04:53.000Z,0,https://www.tiktok.com/@liputan6.sctv/video/7621442575928528129,https://www.tiktok.com/@liputan6.sctv/video/7621442575928528129?commentId=7623296701622059783,scraping_tiktok,sabriinaaa117,RIBETT BGT PAKE CORETAX
7623963255628153618,2026-04-02T01:11:40.000Z,0,https://www.tiktok.com/@liputan6.sctv/video/7621442575928528129,https://www.tiktok.com/@liputan6.sctv/video/7621442575928528129?commentId=7623963255628153618,scraping_tiktok,almaera26,sini sini masih open aktivasi npwp dan laporan SPT 🙏🥰🥰🥰🥰🥰
7622234935433347857,2026-03-28T09:24:41.000Z,0,https://www.tiktok.com/@liputan6.sctv/video/7621442575928528129,https://www.tiktok.com/@liputan6.sctv/video/7621442575928528129?commentId=7622234935433347857,scraping_tiktok,crownscene,pak pur kurusan 🥺
7621506802690081557,2026-03-26T10:19:10.000Z,1,https://www.tiktok.com/@liputan6.sctv/video/7621442575928528129,https://www.tiktok.com/@liputan6.sctv/video/7621442575928528129?commentId=7621506802690081557,scraping_tiktok,xmaz.hendra77,"coba budgetnya dinaikin jd 10T...
mgkn bs jd lebih bagus... 🤣"
7621483466828038932,2026-03-26T08:48:36.000Z,0,https://www.tiktok.com/@liputan6.sctv/video/7621442575928528129,https://www.tiktok.com/@liputan6.sctv/video/7621442575928528129?commentId=7621483466828038932,scraping_tiktok,papihben13,audit agency-vendor ny
7621484714045555474,2026-03-26T08:53:20.000Z,0,https://www.tiktok.com/@liputan6.sctv/video/7621442575928528129,https://www.tiktok.com/@liputan6.sctv/video/7621442575928528129?commentId=7621484714045555474,scraping_tiktok,yolandarulfah,Bukan bikin bingung lagii 😭😭😭😭
7621484029028303636,2026-03-26T08:50:47.000Z,0,https://www.tiktok.com/@liputan6.sctv/video/7621442575928528129,https://www.tiktok.com/@liputan6.sctv/video/7621442575928528129?commentId=7621484029028303636,scraping_tiktok,dandelion8063,bener. ribet bgt
7621484921233130261,2026-03-26T08:54:20.000Z,0,https://www.tiktok.com/@liputan6.sctv/video/7621442575928528129,https://www.tiktok.com/@liputan6.sctv/video/7621442575928528129?commentId=7621484921233130261,scraping_tiktok,julentadee,SETUJU BGT
7621483296330334996,2026-03-26T08:48:00.000Z,0,https://www.tiktok.com/@liputan6.sctv/video/7621442575928528129,https://www.tiktok.com/@liputan6.sctv/video/7621442575928528129?commentId=7621483296330334996,scraping_tiktok,kinnas375,"bener pak,,, asli ribet 😏"
7621485119312102145,2026-03-26T08:54:55.000Z,0,https://www.tiktok.com/@liputan6.sctv/video/7621442575928528129,https://www.tiktok.com/@liputan6.sctv/video/7621442575928528129?commentId=7621485119312102145,scraping_tiktok,_nadath12,masih bisa diperbaiki itu.
7621485391413740308,2026-03-26T08:56:04.000Z,0,https://www.tiktok.com/@liputan6.sctv/video/7621442575928528129,https://www.tiktok.com/@liputan6.sctv/video/7621442575928528129?commentId=7621485391413740308,scraping_tiktok,itayoon,"udah aku kena tipu karena ketidaktahuanku tentang CORETAX, hilang sudah saldo direkening, mana g boleh aktifin M-banking, karena udah pernah terdeteksi kena penipuan, sampek trauma kalau dengar dan lihat logo CORETAX"
7621485446140363541,2026-03-26T08:56:12.000Z,0,https://www.tiktok.com/@liputan6.sctv/video/7621442575928528129,https://www.tiktok.com/@liputan6.sctv/video/7621442575928528129?commentId=7621485446140363541,scraping_tiktok,ubicilembu505,pak purbaya ngeri kurusan 😭 sesusah itu kah pak ngatur negeri ini
7621490845598909205,2026-03-26T09:17:16.000Z,0,https://www.tiktok.com/@liputan6.sctv/video/7621442575928528129,https://www.tiktok.com/@liputan6.sctv/video/7621442575928528129?commentId=7621490845598909205,scraping_tiktok,titinawaludinidris,FAKTAAAAAAA😭😭😂
7621488915967705863,2026-03-26T09:09:41.000Z,0,https://www.tiktok.com/@liputan6.sctv/video/7621442575928528129,https://www.tiktok.com/@liputan6.sctv/video/7621442575928528129?commentId=7621488915967705863,scraping_tiktok,tiktokolik_,"kita yg bayar, kita yg lapor 😭"
7621489343789728530,2026-03-26T09:11:16.000Z,0,https://www.tiktok.com/@liputan6.sctv/video/7621442575928528129,https://www.tiktok.com/@liputan6.sctv/video/7621442575928528129?commentId=7621489343789728530,scraping_tiktok,luglight_insight,"ppak pur sehat2 yaaa, Ya Allah sehatkan dan bahagiain pak pur dimanapun dia berada, lancarkan lah semua urusannya dunia dan akhirat Aamiiiin🥹🥹🥹💞🤲"
7621489361821729556,2026-03-26T09:11:29.000Z,0,https://www.tiktok.com/@liputan6.sctv/video/7621442575928528129,https://www.tiktok.com/@liputan6.sctv/video/7621442575928528129?commentId=7621489361821729556,scraping_tiktok,mas_rachmad.banjarbaru,Gue bayar pajak masa gue ribet yg lapor pajak
7622530428595307282,2026-03-29T04:31:14.000Z,0,https://www.tiktok.com/@liputan6.sctv/video/7621442575928528129,https://www.tiktok.com/@liputan6.sctv/video/7621442575928528129?commentId=7622530428595307282,scraping_tiktok,ryuhans,"coretax 2T . .
dan Mbingungi ."
7621489399038165780,2026-03-26T09:11:39.000Z,0,https://www.tiktok.com/@liputan6.sctv/video/7621442575928528129,https://www.tiktok.com/@liputan6.sctv/video/7621442575928528129?commentId=7621489399038165780,scraping_tiktok,agunggummy,kurusan pakk
7621489471734072071,2026-03-26T09:11:55.000Z,0,https://www.tiktok.com/@liputan6.sctv/video/7621442575928528129,https://www.tiktok.com/@liputan6.sctv/video/7621442575928528129?commentId=7621489471734072071,scraping_tiktok,officialdanslab,"Pak @Purbaya tolong tindak tegas semua perusahaan yang tidak mau gabung bupot, sangat merugikan Pak bagi Pekerja Kontrak, jadi kami yang harus menanggung lebih bayar"
7622519740301460231,2026-03-29T03:49:53.000Z,0,https://www.tiktok.com/@liputan6.sctv/video/7621442575928528129,https://www.tiktok.com/@liputan6.sctv/video/7621442575928528129?commentId=7622519740301460231,scraping_tiktok,mrzch333,"aku 5jam lapor dapetnya kurang bayar trus otak atik lagi jadi lebih bayar, udah capek aku pake calo aja bayar 100ribu 😳,eh gada 5menit jadi."
7621489793881801492,2026-03-26T09:13:07.000Z,0,https://www.tiktok.com/@liputan6.sctv/video/7621442575928528129,https://www.tiktok.com/@liputan6.sctv/video/7621442575928528129?commentId=7621489793881801492,scraping_tiktok,ynwalone1892,lah bener banget pak. mau bayar pajak ky dibully saking rumitnya
7622517853916365589,2026-03-29T03:42:35.000Z,0,https://www.tiktok.com/@liputan6.sctv/video/7621442575928528129,https://www.tiktok.com/@liputan6.sctv/video/7621442575928528129?commentId=7622517853916365589,scraping_tiktok,titiset,aneh..suami dah dipotong pajak oleh kantor begitu juga istri...eehhh digabungkan jd kurang bayar..apa apaan ini...pajak mencekik masyarakat..tolong dong pak Purbaya..rumusnya diganti..
7621490282052469524,2026-03-26T09:15:06.000Z,0,https://www.tiktok.com/@liputan6.sctv/video/7621442575928528129,https://www.tiktok.com/@liputan6.sctv/video/7621442575928528129?commentId=7621490282052469524,scraping_tiktok,daniel_s092,Salah desain coretax nya koq berharga triliunan ada apa ini ??? Buang2 dana lalu rakyatnya yg diperas
7621490769455334164,2026-03-26T09:16:57.000Z,0,https://www.tiktok.com/@liputan6.sctv/video/7621442575928528129,https://www.tiktok.com/@liputan6.sctv/video/7621442575928528129?commentId=7621490769455334164,scraping_tiktok,socratesfilossofos,"sudah ada AI padahal sekarang, banyak yg gratis pula, harusnya gampang ya mau desain suatu program."
7621488903259161362,2026-03-26T09:09:40.000Z,0,https://www.tiktok.com/@liputan6.sctv/video/7621442575928528129,https://www.tiktok.com/@liputan6.sctv/video/7621442575928528129?commentId=7621488903259161362,scraping_tiktok,rutherford707,"Makanya cepat di perbaiki pak, bukannya haker bpk dr rusia jago2?"
7621490926117126919,2026-03-26T09:17:28.000Z,0,https://www.tiktok.com/@liputan6.sctv/video/7621442575928528129,https://www.tiktok.com/@liputan6.sctv/video/7621442575928528129?commentId=7621490926117126919,scraping_tiktok,rivalarnld,ribet ga si
7641219784835646215,2026-05-18T13:15:32.000Z,0,https://www.tiktok.com/@liputan6.sctv/video/7621442575928528129,https://www.tiktok.com/@liputan6.sctv/video/7621442575928528129?commentId=7641219784835646215,scraping_tiktok,lixmr0,@MieAyam🤤 @lontongsayur
7623807363937665799,2026-04-01T15:06:23.000Z,0,https://www.tiktok.com/@liputan6.sctv/video/7621442575928528129,https://www.tiktok.com/@liputan6.sctv/video/7621442575928528129?commentId=7623807363937665799,scraping_tiktok,rjgamingx0,banyak calonya
7622226273398473473,2026-03-28T08:51:05.000Z,0,https://www.tiktok.com/@liputan6.sctv/video/7621442575928528129,https://www.tiktok.com/@liputan6.sctv/video/7621442575928528129?commentId=7622226273398473473,scraping_tiktok,mediansyahsk,yang ketiga plin plan.... di. pajak A beda di b beda di c beda lagi.... harus nya ada tata cara nya manual booknya... kalo kasus A gini kasus b begini
7622226435646948117,2026-03-28T08:51:45.000Z,0,https://www.tiktok.com/@liputan6.sctv/video/7621442575928528129,https://www.tiktok.com/@liputan6.sctv/video/7621442575928528129?commentId=7622226435646948117,scraping_tiktok,adudu.du_,"saya lupa pasword.. nga tau dah eamil ga jelas,. nomor ga bisaa.. dah lah ga laopr deh"
7642006525766779655,2026-05-20T16:08:27.000Z,0,https://www.tiktok.com/@liputan6.sctv/video/7621442575928528129,https://www.tiktok.com/@liputan6.sctv/video/7621442575928528129?commentId=7642006525766779655,scraping_tiktok,tokomu61,aplikasinya yang jelek kita yang pusing udah mau kluar duit malah di bikin pusing
7621442893853950728,2026-03-26T06:11:13.000Z,0,https://www.tiktok.com/@liputan6.sctv/video/7621442575928528129,https://www.tiktok.com/@liputan6.sctv/video/7621442575928528129?commentId=7621442893853950728,scraping_tiktok,mas_royy4n,1🗿
7622228007558972177,2026-03-28T08:57:51.000Z,0,https://www.tiktok.com/@liputan6.sctv/video/7621442575928528129,https://www.tiktok.com/@liputan6.sctv/video/7621442575928528129?commentId=7622228007558972177,scraping_tiktok,budisupan1,dibuat membingungkan supaya hrs ada bantuan ordal.. ujung²nya duit 😂
7621970821250745106,2026-03-27T16:19:42.000Z,0,https://www.tiktok.com/@liputan6.sctv/video/7621442575928528129,https://www.tiktok.com/@liputan6.sctv/video/7621442575928528129?commentId=7621970821250745106,scraping_tiktok,dinaaaa_ldr,Cortex bikin mumet😭😭🤮
7638126046000349970,2026-05-10T05:10:13.000Z,0,https://www.tiktok.com/@liputan6.sctv/video/7621442575928528129,https://www.tiktok.com/@liputan6.sctv/video/7621442575928528129?commentId=7638126046000349970,scraping_tiktok,pangngeee,"Dia buat nnti malah makin pusing liat ui nya🥺, ini aja udh 🤮"
7621970729102017288,2026-03-27T16:19:26.000Z,0,https://www.tiktok.com/@liputan6.sctv/video/7621442575928528129,https://www.tiktok.com/@liputan6.sctv/video/7621442575928528129?commentId=7621970729102017288,scraping_tiktok,kutuair.id,🔥
7622230093318685456,2026-03-28T09:05:49.000Z,0,https://www.tiktok.com/@liputan6.sctv/video/7621442575928528129,https://www.tiktok.com/@liputan6.sctv/video/7621442575928528129?commentId=7622230093318685456,scraping_tiktok,kakatinggi_,Bapak aja bingung apa lagi kita pak 😭
7622230121177219856,2026-03-28T09:06:03.000Z,0,https://www.tiktok.com/@liputan6.sctv/video/7621442575928528129,https://www.tiktok.com/@liputan6.sctv/video/7621442575928528129?commentId=7622230121177219856,scraping_tiktok,gianova01,iya pak...ruwet...
7622230480196731669,2026-03-28T09:07:22.000Z,0,https://www.tiktok.com/@liputan6.sctv/video/7621442575928528129,https://www.tiktok.com/@liputan6.sctv/video/7621442575928528129?commentId=7622230480196731669,scraping_tiktok,nikmaharun869,"asliii,, jd bingung ngisinya 😁😁"
7622231445780677396,2026-03-28T09:11:11.000Z,0,https://www.tiktok.com/@liputan6.sctv/video/7621442575928528129,https://www.tiktok.com/@liputan6.sctv/video/7621442575928528129?commentId=7622231445780677396,scraping_tiktok,apt._dwi,bener buat bingung😭
7622231506656936711,2026-03-28T09:11:20.000Z,0,https://www.tiktok.com/@liputan6.sctv/video/7621442575928528129,https://www.tiktok.com/@liputan6.sctv/video/7621442575928528129?commentId=7622231506656936711,scraping_tiktok,asepriki54,ribet pak saya bingung sebagai warga negara ini pajak yg butuh siapa rakyat di buat puyeng ngisi ngundang bagian pajak sulit di perusahaan kami kerja kuli sibuk untuk keluar pabrik coba lah jangan persulit buruh yg gajih pas-pasan harus keluar ke tempat pajak resikonya gaji di potong karna izin keluar
7631920520456651537,2026-04-23T11:49:52.000Z,0,https://www.tiktok.com/@liputan6.sctv/video/7621442575928528129,https://www.tiktok.com/@liputan6.sctv/video/7621442575928528129?commentId=7631920520456651537,scraping_tiktok,ulaula_22,ih iya aku setuju pak coretax agak ribet banget
7622200280020697877,2026-03-28T07:12:37.000Z,0,https://www.tiktok.com/@liputan6.sctv/video/7621442575928528129,https://www.tiktok.com/@liputan6.sctv/video/7621442575928528129?commentId=7622200280020697877,scraping_tiktok,yky775,Iya...🤣🤣🤣
7622201147629536008,2026-03-28T07:13:32.000Z,0,https://www.tiktok.com/@liputan6.sctv/video/7621442575928528129,https://www.tiktok.com/@liputan6.sctv/video/7621442575928528129?commentId=7622201147629536008,scraping_tiktok,itsmewati16,kita yang bayar kita pula yang lapor....trus kerjaan mereka apa???
7622203966998479623,2026-03-28T07:24:25.000Z,0,https://www.tiktok.com/@liputan6.sctv/video/7621442575928528129,https://www.tiktok.com/@liputan6.sctv/video/7621442575928528129?commentId=7622203966998479623,scraping_tiktok,pangerankerang,gk userfriendly😭
7622209273356469010,2026-03-28T07:45:03.000Z,0,https://www.tiktok.com/@liputan6.sctv/video/7621442575928528129,https://www.tiktok.com/@liputan6.sctv/video/7621442575928528129?commentId=7622209273356469010,scraping_tiktok,siazaani,zuzurr iyaa
7622210163066372882,2026-03-28T07:48:35.000Z,0,https://www.tiktok.com/@liputan6.sctv/video/7621442575928528129,https://www.tiktok.com/@liputan6.sctv/video/7621442575928528129?commentId=7622210163066372882,scraping_tiktok,j0_838,kalau sudah ada cortex..pegawai pajak di kurangin dong kan bisa hemat pengeluaran..karena pajak sudah pribadi yg urus tanpa datang ke kantor pajak
7622212048319054613,2026-03-28T07:55:49.000Z,0,https://www.tiktok.com/@liputan6.sctv/video/7621442575928528129,https://www.tiktok.com/@liputan6.sctv/video/7621442575928528129?commentId=7622212048319054613,scraping_tiktok,peonyfi,Terlalu ribet
7622213525226898184,2026-03-28T08:01:33.000Z,0,https://www.tiktok.com/@liputan6.sctv/video/7621442575928528129,https://www.tiktok.com/@liputan6.sctv/video/7621442575928528129?commentId=7622213525226898184,scraping_tiktok,vacayaaa,"2 jam gw ngotak ngatik sm pelajarin mau lapor pajak di coretax ini. berakhir nyerah, soalnya bingung bnget. dhlah.."
7624005196784796437,2026-04-02T03:54:20.000Z,0,https://www.tiktok.com/@liputan6.sctv/video/7621442575928528129,https://www.tiktok.com/@liputan6.sctv/video/7621442575928528129?commentId=7624005196784796437,scraping_tiktok,_ziefauzhy,Mmng ribet bgt bnyk org2 di luar sana tidak peduli dgn pelaporan nya 😏
7636016106503832328,2026-05-04T12:42:38.000Z,0,https://www.tiktok.com/@liputan6.sctv/video/7621442575928528129,https://www.tiktok.com/@liputan6.sctv/video/7621442575928528129?commentId=7636016106503832328,scraping_tiktok,fitrimaulidaa_,Bener lagiiii
7622196292890280724,2026-03-28T06:54:44.000Z,0,https://www.tiktok.com/@liputan6.sctv/video/7621442575928528129,https://www.tiktok.com/@liputan6.sctv/video/7621442575928528129?commentId=7622196292890280724,scraping_tiktok,uci.sanjaya,"anehhhhhh....kita yg byr,lh kita juga yg laporrr
hadewweww"
7623964736380650248,2026-04-02T01:17:17.000Z,0,https://www.tiktok.com/@liputan6.sctv/video/7621442575928528129,https://www.tiktok.com/@liputan6.sctv/video/7621442575928528129?commentId=7623964736380650248,scraping_tiktok,zawilirham78,nyusahin
7622219867223851797,2026-03-28T08:26:12.000Z,0,https://www.tiktok.com/@liputan6.sctv/video/7621442575928528129,https://www.tiktok.com/@liputan6.sctv/video/7621442575928528129?commentId=7622219867223851797,scraping_tiktok,priesnaga,"Ribet, mau bayar login aja susah, lupa pasword juga, mau bahar ribet mau disiplin dibuat ribet akhir bodo amatlah"
7636292252654732048,2026-05-05T06:34:12.000Z,0,https://www.tiktok.com/@liputan6.sctv/video/7621442575928528129,https://www.tiktok.com/@liputan6.sctv/video/7621442575928528129?commentId=7636292252654732048,scraping_tiktok,bangone990,asli eror Mulu ....gimana mau bikin laporan😂
7623844166518489876,2026-04-01T17:29:15.000Z,0,https://www.tiktok.com/@liputan6.sctv/video/7621442575928528129,https://www.tiktok.com/@liputan6.sctv/video/7621442575928528129?commentId=7623844166518489876,scraping_tiktok,leonard0912,😁
7623842810571277077,2026-04-01T17:23:59.000Z,0,https://www.tiktok.com/@liputan6.sctv/video/7621442575928528129,https://www.tiktok.com/@liputan6.sctv/video/7621442575928528129?commentId=7623842810571277077,scraping_tiktok,mayasusant1,"bikin ribet aja, kita yg bayar kita juga yg lapor..😏kemrin aja pajak ku sampe 500k di potong nya terus guna lapor pajak buat apa?????"
7622014140585132821,2026-03-27T19:07:57.000Z,0,https://www.tiktok.com/@liputan6.sctv/video/7621442575928528129,https://www.tiktok.com/@liputan6.sctv/video/7621442575928528129?commentId=7622014140585132821,scraping_tiktok,h4ryati_,setuju pak. pd dsrnya manusia itu tdk mau mengeluarkan uang jd klo hrs mengeluarkan uang tlg buat aplikasi yg jgn tmbh bikin orng males membyr pajak..
7636451246992196369,2026-05-05T16:51:27.000Z,0,https://www.tiktok.com/@liputan6.sctv/video/7621442575928528129,https://www.tiktok.com/@liputan6.sctv/video/7621442575928528129?commentId=7636451246992196369,scraping_tiktok,andienteddy123,ribeeeeeeeetttt
7637799015124615943,2026-05-09T08:01:14.000Z,0,https://www.tiktok.com/@liputan6.sctv/video/7621442575928528129,https://www.tiktok.com/@liputan6.sctv/video/7621442575928528129?commentId=7637799015124615943,scraping_tiktok,_wii021,"telat lapor denda, dikit dikit denda"
7630508528185377544,2026-04-19T16:33:27.000Z,0,https://www.tiktok.com/@liputan6.sctv/video/7621442575928528129,https://www.tiktok.com/@liputan6.sctv/video/7621442575928528129?commentId=7630508528185377544,scraping_tiktok,dewaneraca,"harusnya tinggal ttd aja, gk usah lapor"
7622141530480526088,2026-03-28T03:22:12.000Z,0,https://www.tiktok.com/@liputan6.sctv/video/7621442575928528129,https://www.tiktok.com/@liputan6.sctv/video/7621442575928528129?commentId=7622141530480526088,scraping_tiktok,aiy.fr192,"dulu lapor spt pake djp online bisa2 aja, skrg pke coretax aku blum ngerti jdi lapor spt langsung kekantor pajak😌🙏"
7622140337171055380,2026-03-28T03:17:36.000Z,0,https://www.tiktok.com/@liputan6.sctv/video/7621442575928528129,https://www.tiktok.com/@liputan6.sctv/video/7621442575928528129?commentId=7622140337171055380,scraping_tiktok,gunturr_98,Pak pur istrhahat yang banyak pak 🙏
7622139414374220562,2026-03-28T03:13:58.000Z,0,https://www.tiktok.com/@liputan6.sctv/video/7621442575928528129,https://www.tiktok.com/@liputan6.sctv/video/7621442575928528129?commentId=7622139414374220562,scraping_tiktok,wlnn.tndd,"djp online sih lbe bgus, tmpilnnya lbh gmpang. tpi di coretax smua nya ad sih cm lelet"
7622138955618272021,2026-03-28T03:12:18.000Z,0,https://www.tiktok.com/@liputan6.sctv/video/7621442575928528129,https://www.tiktok.com/@liputan6.sctv/video/7621442575928528129?commentId=7622138955618272021,scraping_tiktok,brinzokta,ribet pooolll
7622137080315937556,2026-03-28T03:05:01.000Z,0,https://www.tiktok.com/@liputan6.sctv/video/7621442575928528129,https://www.tiktok.com/@liputan6.sctv/video/7621442575928528129?commentId=7622137080315937556,scraping_tiktok,wkwkland321,"Anjirlah, bayar jasa gw 20jt aja, langsung beres seminggu!"
7622136770659369749,2026-03-28T03:03:54.000Z,0,https://www.tiktok.com/@liputan6.sctv/video/7621442575928528129,https://www.tiktok.com/@liputan6.sctv/video/7621442575928528129?commentId=7622136770659369749,scraping_tiktok,m.donnni,"kita yang bayar pajak, kita jg yg lapor, orang pajak apa gunanya?"
7622136797489365780,2026-03-28T03:03:54.000Z,0,https://www.tiktok.com/@liputan6.sctv/video/7621442575928528129,https://www.tiktok.com/@liputan6.sctv/video/7621442575928528129?commentId=7622136797489365780,scraping_tiktok,cutiiessx,Pak purbaya aja juga bingung pusing😔🫵🏻
7622141640014054152,2026-03-28T03:22:32.000Z,0,https://www.tiktok.com/@liputan6.sctv/video/7621442575928528129,https://www.tiktok.com/@liputan6.sctv/video/7621442575928528129?commentId=7622141640014054152,scraping_tiktok,mounstrack,ribett coretax jgan lapor
7622135454159536917,2026-03-28T02:58:47.000Z,0,https://www.tiktok.com/@liputan6.sctv/video/7621442575928528129,https://www.tiktok.com/@liputan6.sctv/video/7621442575928528129?commentId=7622135454159536917,scraping_tiktok,jebo_00,"jujurrr ribetttt, pusinggg"
7622133930360390417,2026-03-28T02:52:49.000Z,0,https://www.tiktok.com/@liputan6.sctv/video/7621442575928528129,https://www.tiktok.com/@liputan6.sctv/video/7621442575928528129?commentId=7622133930360390417,scraping_tiktok,zeropercent_alcohol,jadi kurus
7621475754522624788,2026-03-26T08:18:47.000Z,0,https://www.tiktok.com/@liputan6.sctv/video/7621442575928528129,https://www.tiktok.com/@liputan6.sctv/video/7621442575928528129?commentId=7621475754522624788,scraping_tiktok,wizard.7778,UI interface nya ngg friendly 😂
7622894083518186261,2026-03-30T04:02:31.000Z,0,https://www.tiktok.com/@liputan6.sctv/video/7621442575928528129,https://www.tiktok.com/@liputan6.sctv/video/7621442575928528129?commentId=7622894083518186261,scraping_tiktok,anakbawang732,"kita yang bayar, kita yang lapor, kita yang kena denda kalo salah. indahnya hidup di.......😅😂😂"
7621476116658799361,2026-03-26T08:20:03.000Z,0,https://www.tiktok.com/@liputan6.sctv/video/7621442575928528129,https://www.tiktok.com/@liputan6.sctv/video/7621442575928528129?commentId=7621476116658799361,scraping_tiktok,zonahidupofficial,"AQ mau lapor pajak masa bulan November 2025 - sekarang masih gak bisa ""eror / bug aplikasinya"", padahal kalo telat 1 bulan denda 500 RB. semoga gak dipermasalahkan. titip komen disini ya"
7621476271549743893,2026-03-26T08:20:41.000Z,0,https://www.tiktok.com/@liputan6.sctv/video/7621442575928528129,https://www.tiktok.com/@liputan6.sctv/video/7621442575928528129?commentId=7621476271549743893,scraping_tiktok,ddttssjj,"Gak semua orang itu melek aturan pajak dan IT. Seharusnya dipermudah, contoh : kerja apa? kita tinggal isi, misal : dagang mie ayam, nanti otomatis isi sendiri berapa persen tarifnya dll. Terus bagian harta, tinggal ketik nomor sertifikat tanah/nopol kendaraan nanti otomatis muncul datanya. Investasi saham, ketik nomor rekening langsung muncul historisnya. mungkin memang sengaja dipersulit biar salah2 kale ya, biar bisa ditagih lagi."
7621476332921012999,2026-03-26T08:20:53.000Z,0,https://www.tiktok.com/@liputan6.sctv/video/7621442575928528129,https://www.tiktok.com/@liputan6.sctv/video/7621442575928528129?commentId=7621476332921012999,scraping_tiktok,oemyv3,kita yg bayar. kita yg disuruh lapor. asli ngribetin
7621476583135838997,2026-03-26T08:21:50.000Z,0,https://www.tiktok.com/@liputan6.sctv/video/7621442575928528129,https://www.tiktok.com/@liputan6.sctv/video/7621442575928528129?commentId=7621476583135838997,scraping_tiktok,kinosu198,sumpah ribet nya minta ampun...
7621476632511038225,2026-03-26T08:22:10.000Z,0,https://www.tiktok.com/@liputan6.sctv/video/7621442575928528129,https://www.tiktok.com/@liputan6.sctv/video/7621442575928528129?commentId=7621476632511038225,scraping_tiktok,hartanto7411,Bethul ... habia panadol 1 dos 😁
7621476719392162578,2026-03-26T08:22:20.000Z,0,https://www.tiktok.com/@liputan6.sctv/video/7621442575928528129,https://www.tiktok.com/@liputan6.sctv/video/7621442575928528129?commentId=7621476719392162578,scraping_tiktok,kim_gwan04,Pak Purbaya ikuti Telegram FAQ Coretax dari sana ketahuan error nggak ada habisnya. Satu urusan Beres nanti muncul lagi error yg lain.
7621476950996943636,2026-03-26T08:23:14.000Z,0,https://www.tiktok.com/@liputan6.sctv/video/7621442575928528129,https://www.tiktok.com/@liputan6.sctv/video/7621442575928528129?commentId=7621476950996943636,scraping_tiktok,vampire_laper,LAPOR ULANG !! GANTI
7621477970804523784,2026-03-26T08:27:12.000Z,0,https://www.tiktok.com/@liputan6.sctv/video/7621442575928528129,https://www.tiktok.com/@liputan6.sctv/video/7621442575928528129?commentId=7621477970804523784,scraping_tiktok,james.brown0292,gilaaa... lembaga pemungut cukai ini... 🤣🤣🤣... kecoak semuaaa
7621478155761648405,2026-03-26T08:28:03.000Z,0,https://www.tiktok.com/@liputan6.sctv/video/7621442575928528129,https://www.tiktok.com/@liputan6.sctv/video/7621442575928528129?commentId=7621478155761648405,scraping_tiktok,hydra77799,ribet haduh
7622285620115948296,2026-03-28T12:41:16.000Z,0,https://www.tiktok.com/@liputan6.sctv/video/7621442575928528129,https://www.tiktok.com/@liputan6.sctv/video/7621442575928528129?commentId=7622285620115948296,scraping_tiktok,bayayudi,benarrr
7622290034506580756,2026-03-28T12:58:23.000Z,0,https://www.tiktok.com/@liputan6.sctv/video/7621442575928528129,https://www.tiktok.com/@liputan6.sctv/video/7621442575928528129?commentId=7622290034506580756,scraping_tiktok,auhhdah,Asli serius pak bikin pusing
7622289731590603538,2026-03-28T12:57:15.000Z,0,https://www.tiktok.com/@liputan6.sctv/video/7621442575928528129,https://www.tiktok.com/@liputan6.sctv/video/7621442575928528129?commentId=7622289731590603538,scraping_tiktok,riskiyo75,aplikasi sampah coretax
7622289472701530896,2026-03-28T12:56:25.000Z,0,https://www.tiktok.com/@liputan6.sctv/video/7621442575928528129,https://www.tiktok.com/@liputan6.sctv/video/7621442575928528129?commentId=7622289472701530896,scraping_tiktok,shiyuegen,lagian kita yang bayar masa kita juga yang urus gunanya orang pajak masa cuma nagih 😑
7622289351758037768,2026-03-28T12:55:45.000Z,0,https://www.tiktok.com/@liputan6.sctv/video/7621442575928528129,https://www.tiktok.com/@liputan6.sctv/video/7621442575928528129?commentId=7622289351758037768,scraping_tiktok,bismillahhidupku,"bener pak pusing q ngrjakannya, mana ngrjkan 1 kntor lagi😂 grget bgt"
7621499601708040968,2026-03-26T09:51:11.000Z,0,https://www.tiktok.com/@liputan6.sctv/video/7621442575928528129,https://www.tiktok.com/@liputan6.sctv/video/7621442575928528129?commentId=7621499601708040968,scraping_tiktok,neurobion_5,terlalu ribet pakai coretax.coba di buat lebih bagus lgi dong
7621499623069057793,2026-03-26T09:51:15.000Z,0,https://www.tiktok.com/@liputan6.sctv/video/7621442575928528129,https://www.tiktok.com/@liputan6.sctv/video/7621442575928528129?commentId=7621499623069057793,scraping_tiktok,utubkusatu12,katanya programmer terbaik yg dpake puuffft 😆😁
7622288557345342225,2026-03-28T12:52:43.000Z,0,https://www.tiktok.com/@liputan6.sctv/video/7621442575928528129,https://www.tiktok.com/@liputan6.sctv/video/7621442575928528129?commentId=7622288557345342225,scraping_tiktok,raydista28,pliss jangan mempersulit 😌
7622288240989438740,2026-03-28T12:51:32.000Z,0,https://www.tiktok.com/@liputan6.sctv/video/7621442575928528129,https://www.tiktok.com/@liputan6.sctv/video/7621442575928528129?commentId=7622288240989438740,scraping_tiktok,angkringan.bpdsembung,😂😂😂
7621499945695216405,2026-03-26T09:52:31.000Z,0,https://www.tiktok.com/@liputan6.sctv/video/7621442575928528129,https://www.tiktok.com/@liputan6.sctv/video/7621442575928528129?commentId=7621499945695216405,scraping_tiktok,fine2408,Jujur ribet SPT tahunan😁
7622287191401644801,2026-03-28T12:47:28.000Z,0,https://www.tiktok.com/@liputan6.sctv/video/7621442575928528129,https://www.tiktok.com/@liputan6.sctv/video/7621442575928528129?commentId=7622287191401644801,scraping_tiktok,marsyapie,YA EMANGGGGGGGG :”)
7622286590279336712,2026-03-28T12:45:02.000Z,0,https://www.tiktok.com/@liputan6.sctv/video/7621442575928528129,https://www.tiktok.com/@liputan6.sctv/video/7621442575928528129?commentId=7622286590279336712,scraping_tiktok,dadanhamdani200,emang bener urg dk lapor ge jadi hoream da pabeulit
7622286251413095186,2026-03-28T12:43:46.000Z,0,https://www.tiktok.com/@liputan6.sctv/video/7621442575928528129,https://www.tiktok.com/@liputan6.sctv/video/7621442575928528129?commentId=7622286251413095186,scraping_tiktok,cbrlah,ya di konoha itu mottonya adalah klo bisa dipersulit ngapain dipermudah. menyala Konohaku…
7622291269017289492,2026-03-28T13:03:19.000Z,0,https://www.tiktok.com/@liputan6.sctv/video/7621442575928528129,https://www.tiktok.com/@liputan6.sctv/video/7621442575928528129?commentId=7622291269017289492,scraping_tiktok,mas_heroes,"BETUL!
Orang sudah bayar pajak disuruh lapor, saat lapor dibuat susah khususnya orang yg gaptek.."
7621500457713812245,2026-03-26T09:54:27.000Z,0,https://www.tiktok.com/@liputan6.sctv/video/7621442575928528129,https://www.tiktok.com/@liputan6.sctv/video/7621442575928528129?commentId=7621500457713812245,scraping_tiktok,ninjahadori,klo di kantor gw dibikinin panduan buat pelaporan spt di coretax jd satset tp masalahnya punya gw lebih bayar 😂 jd cuma bisa sampe konsep doang.
7622283080393589525,2026-03-28T12:31:33.000Z,0,https://www.tiktok.com/@liputan6.sctv/video/7621442575928528129,https://www.tiktok.com/@liputan6.sctv/video/7621442575928528129?commentId=7622283080393589525,scraping_tiktok,putra_kalimantan_barat_,"bikin ribet ke rakyat, padahal rakyat mau yg nyaman dan efisien 🥺"
7622282867959284487,2026-03-28T12:30:34.000Z,0,https://www.tiktok.com/@liputan6.sctv/video/7621442575928528129,https://www.tiktok.com/@liputan6.sctv/video/7621442575928528129?commentId=7622282867959284487,scraping_tiktok,d_bagoes,"DJP yang dulu simple, pake itu aja udeh. Kita ini udah sesak dipotong pajak, jangan disuruh sabar gegara ngelaporin yang harusnya jadi tugas kang pajak! Daymn!"
7622281949398713106,2026-03-28T12:27:03.000Z,0,https://www.tiktok.com/@liputan6.sctv/video/7621442575928528129,https://www.tiktok.com/@liputan6.sctv/video/7621442575928528129?commentId=7622281949398713106,scraping_tiktok,dimdimfal,Betul
7622281943715005205,2026-03-28T12:27:02.000Z,0,https://www.tiktok.com/@liputan6.sctv/video/7621442575928528129,https://www.tiktok.com/@liputan6.sctv/video/7621442575928528129?commentId=7622281943715005205,scraping_tiktok,vinnaparwita,Setujuuuuu
7621479933177266951,2026-03-26T08:34:48.000Z,0,https://www.tiktok.com/@liputan6.sctv/video/7621442575928528129,https://www.tiktok.com/@liputan6.sctv/video/7621442575928528129?commentId=7621479933177266951,scraping_tiktok,sangkuriang_145,makin kuruss
7621479962348782353,2026-03-26T08:34:57.000Z,0,https://www.tiktok.com/@liputan6.sctv/video/7621442575928528129,https://www.tiktok.com/@liputan6.sctv/video/7621442575928528129?commentId=7621479962348782353,scraping_tiktok,endratoyan,Emang wkwkw
7621480145052779284,2026-03-26T08:35:45.000Z,0,https://www.tiktok.com/@liputan6.sctv/video/7621442575928528129,https://www.tiktok.com/@liputan6.sctv/video/7621442575928528129?commentId=7621480145052779284,scraping_tiktok,elderbloodcult,"Kalo cuma pak pur yang ngurus, dan lain malah mempersulit, kasihan pak purbaya"
7621478429247308562,2026-03-26T08:29:01.000Z,0,https://www.tiktok.com/@liputan6.sctv/video/7621442575928528129,https://www.tiktok.com/@liputan6.sctv/video/7621442575928528129?commentId=7621478429247308562,scraping_tiktok,naominindytasari,selisih bayar 😳😭
7621480288104153877,2026-03-26T08:36:20.000Z,0,https://www.tiktok.com/@liputan6.sctv/video/7621442575928528129,https://www.tiktok.com/@liputan6.sctv/video/7621442575928528129?commentId=7621480288104153877,scraping_tiktok,abiya_baba,bener pak ribet banget
7621480800773473044,2026-03-26T08:38:17.000Z,0,https://www.tiktok.com/@liputan6.sctv/video/7621442575928528129,https://www.tiktok.com/@liputan6.sctv/video/7621442575928528129?commentId=7621480800773473044,scraping_tiktok,mysteryman7430,"benar sekaleee, kami tes 2 hari"
7621494428590572296,2026-03-26T09:31:00.000Z,0,https://www.tiktok.com/@liputan6.sctv/video/7621442575928528129,https://www.tiktok.com/@liputan6.sctv/video/7621442575928528129?commentId=7621494428590572296,scraping_tiktok,tripplepeach,Pak pur smpe kurus ngurusin konoha
7621481706680140565,2026-03-26T08:41:47.000Z,0,https://www.tiktok.com/@liputan6.sctv/video/7621442575928528129,https://www.tiktok.com/@liputan6.sctv/video/7621442575928528129?commentId=7621481706680140565,scraping_tiktok,senior.mc2,demi rakyat dia kurus
7621481735948534549,2026-03-26T08:41:56.000Z,0,https://www.tiktok.com/@liputan6.sctv/video/7621442575928528129,https://www.tiktok.com/@liputan6.sctv/video/7621442575928528129?commentId=7621481735948534549,scraping_tiktok,yestvk5,jelek ribet susah lagi
7621482044653044497,2026-03-26T08:43:04.000Z,0,https://www.tiktok.com/@liputan6.sctv/video/7621442575928528129,https://www.tiktok.com/@liputan6.sctv/video/7621442575928528129?commentId=7621482044653044497,scraping_tiktok,wanda78312,"tukan,ribet aplikasinya,klo disini ada kantor pajak mending ke kantor pajak deh,mereka aja yg isiin"
7621482129888707346,2026-03-26T08:43:19.000Z,0,https://www.tiktok.com/@liputan6.sctv/video/7621442575928528129,https://www.tiktok.com/@liputan6.sctv/video/7621442575928528129?commentId=7621482129888707346,scraping_tiktok,yoimamen261,kita yg bayar kita yg ribet . aseli 🤣
7621482877896639252,2026-03-26T08:46:14.000Z,0,https://www.tiktok.com/@liputan6.sctv/video/7621442575928528129,https://www.tiktok.com/@liputan6.sctv/video/7621442575928528129?commentId=7621482877896639252,scraping_tiktok,bestwoofwoof,bener banget pak @Purbaya Yudhi Sadewa 👍👍👍👍👍
7635706602675536648,2026-05-03T16:41:34.000Z,0,https://www.tiktok.com/@liputan6.sctv/video/7621442575928528129,https://www.tiktok.com/@liputan6.sctv/video/7621442575928528129?commentId=7635706602675536648,scraping_tiktok,m.alpss,"kemarin saya bikin npwp ke desa malah suruh bayar 150, karna dadurat n ribet yasudah lah"
7622912657130111765,2026-03-30T05:14:38.000Z,0,https://www.tiktok.com/@liputan6.sctv/video/7621442575928528129,https://www.tiktok.com/@liputan6.sctv/video/7621442575928528129?commentId=7622912657130111765,scraping_tiktok,rabdulsalim,"udah mah kerja gaji pas2 an keringat sampai ke pantat2,kenapa mesti juga di potong pajak....."
7621482919291454228,2026-03-26T08:46:34.000Z,0,https://www.tiktok.com/@liputan6.sctv/video/7621442575928528129,https://www.tiktok.com/@liputan6.sctv/video/7621442575928528129?commentId=7621482919291454228,scraping_tiktok,clingygvrll,"Gua lebih bayar, tp masukin rekening buat pengembalian aja lama bener prosesnya. Dan submit spt harus ada rekening itu. Gimana ya ges?"
7623103290650575617,2026-03-30T17:34:25.000Z,0,https://www.tiktok.com/@liputan6.sctv/video/7621442575928528129,https://www.tiktok.com/@liputan6.sctv/video/7621442575928528129?commentId=7623103290650575617,scraping_tiktok,danny38935,kalau kreatifitas di hargai 0 rupiah .. gini 😂😂😂😂
7623114611394724625,2026-03-30T18:18:11.000Z,0,https://www.tiktok.com/@liputan6.sctv/video/7621442575928528129,https://www.tiktok.com/@liputan6.sctv/video/7621442575928528129?commentId=7623114611394724625,scraping_tiktok,zafirautama,"sini bayar pajak, sini juga yg laporan ? emang data gak masuk"
7622179200161923841,2026-03-28T05:48:27.000Z,0,https://www.tiktok.com/@liputan6.sctv/video/7621442575928528129,https://www.tiktok.com/@liputan6.sctv/video/7621442575928528129?commentId=7622179200161923841,scraping_tiktok,anime.6000000,"kasih yang simpel aja... seperti ini pak, apakah kamu/perusahaan sudah membayar pajak pph21 dengan jumlah sbb: ...... : jawabnya Ya atau tidak.... gak usah banyak embel2 beginilah begitulah... harus digabungkan segala bupotnya kalau lebih dari 1 pemberitahuan kerja. itukan Mengerikan"
7622194371903734529,2026-03-28T06:47:20.000Z,0,https://www.tiktok.com/@liputan6.sctv/video/7621442575928528129,https://www.tiktok.com/@liputan6.sctv/video/7621442575928528129?commentId=7622194371903734529,scraping_tiktok,top28588,terlambat menyadarinya... harusnya dicaba dan di sempurnakan baru di berlakukan sebelum menyusahkan dan merugikan!
7622195697379951380,2026-03-28T06:52:32.000Z,0,https://www.tiktok.com/@liputan6.sctv/video/7621442575928528129,https://www.tiktok.com/@liputan6.sctv/video/7621442575928528129?commentId=7622195697379951380,scraping_tiktok,bkn_malinkundang,harusnya di buat sedsrhana. ini makin rumit aja aplikasinya
7622158974293590802,2026-03-28T04:29:53.000Z,0,https://www.tiktok.com/@liputan6.sctv/video/7621442575928528129,https://www.tiktok.com/@liputan6.sctv/video/7621442575928528129?commentId=7622158974293590802,scraping_tiktok,anto_ableseaman,"yg bingung lagi rakyat yg bayar pajak pejabat yg menikmati,rakyat bayar pajak tapi sarana infraatruktur seperti jalan banyak yg rusak dan berlubang,yg bikin bingung lagu uang hasil pembayaran pajak oleh rakyat kemana?"
7634549921697940232,2026-04-30T13:53:00.000Z,0,https://www.tiktok.com/@liputan6.sctv/video/7621442575928528129,https://www.tiktok.com/@liputan6.sctv/video/7621442575928528129?commentId=7634549921697940232,scraping_tiktok,xxxtarra,@ppauLya🌸
7623223124267582229,2026-03-31T01:19:23.000Z,0,https://www.tiktok.com/@liputan6.sctv/video/7621442575928528129,https://www.tiktok.com/@liputan6.sctv/video/7621442575928528129?commentId=7623223124267582229,scraping_tiktok,darkside__182,"Rakyat udah susah,Swasta dipotong pajak,malah tambah dibikin susah🤡"
7623101386444702471,2026-03-30T17:26:53.000Z,0,https://www.tiktok.com/@liputan6.sctv/video/7621442575928528129,https://www.tiktok.com/@liputan6.sctv/video/7621442575928528129?commentId=7623101386444702471,scraping_tiktok,hendra.wardrobe,Kurus bnget beda bnget pas dilantik sama skrg 😭
7634550548067058439,2026-04-30T13:55:28.000Z,0,https://www.tiktok.com/@liputan6.sctv/video/7621442575928528129,https://www.tiktok.com/@liputan6.sctv/video/7621442575928528129?commentId=7634550548067058439,scraping_tiktok,ubibakar002,@aletta🍓
7622166825996813073,2026-03-28T05:00:23.000Z,0,https://www.tiktok.com/@liputan6.sctv/video/7621442575928528129,https://www.tiktok.com/@liputan6.sctv/video/7621442575928528129?commentId=7622166825996813073,scraping_tiktok,dayanaxo99,Coretax punyaku gabisa dbuka smp sekarang 😇
7622147421150135058,2026-03-28T03:45:06.000Z,0,https://www.tiktok.com/@liputan6.sctv/video/7621442575928528129,https://www.tiktok.com/@liputan6.sctv/video/7621442575928528129?commentId=7622147421150135058,scraping_tiktok,khusnjpwobc,ribet bgt coretax🥺🥺
7635567714290893576,2026-05-03T07:42:32.000Z,0,https://www.tiktok.com/@liputan6.sctv/video/7621442575928528129,https://www.tiktok.com/@liputan6.sctv/video/7621442575928528129?commentId=7635567714290893576,scraping_tiktok,mr.gal_huang,Iya aneh gw susah masuknya
7622151649519338260,2026-03-28T04:01:26.000Z,0,https://www.tiktok.com/@liputan6.sctv/video/7621442575928528129,https://www.tiktok.com/@liputan6.sctv/video/7621442575928528129?commentId=7622151649519338260,scraping_tiktok,kindazk,coretax aneh jyujur
7622151983848309524,2026-03-28T04:02:46.000Z,0,https://www.tiktok.com/@liputan6.sctv/video/7621442575928528129,https://www.tiktok.com/@liputan6.sctv/video/7621442575928528129?commentId=7622151983848309524,scraping_tiktok,akunsiapainiiiiii,tbtb double input🥲😭
7622152937720513296,2026-03-28T04:06:26.000Z,0,https://www.tiktok.com/@liputan6.sctv/video/7621442575928528129,https://www.tiktok.com/@liputan6.sctv/video/7621442575928528129?commentId=7622152937720513296,scraping_tiktok,jin1000kg,knp diganti mulu.. bikin susah aja
7622053348778492689,2026-03-27T21:40:02.000Z,0,https://www.tiktok.com/@liputan6.sctv/video/7621442575928528129,https://www.tiktok.com/@liputan6.sctv/video/7621442575928528129?commentId=7622053348778492689,scraping_tiktok,.goondel,kalo gini udah kan ya fren
7622154365139665665,2026-03-28T04:12:03.000Z,0,https://www.tiktok.com/@liputan6.sctv/video/7621442575928528129,https://www.tiktok.com/@liputan6.sctv/video/7621442575928528129?commentId=7622154365139665665,scraping_tiktok,zixyecy,gw yg kuliah pajak aja bingung dgn kalimat di coretax gimana yg awam
7622155608657429269,2026-03-28T04:16:50.000Z,0,https://www.tiktok.com/@liputan6.sctv/video/7621442575928528129,https://www.tiktok.com/@liputan6.sctv/video/7621442575928528129?commentId=7622155608657429269,scraping_tiktok,wawanpriatna4,"bukan buat bingung saja... menyesatkan..lagi"" proyek aplikasi"
7622155818239329044,2026-03-28T04:17:46.000Z,0,https://www.tiktok.com/@liputan6.sctv/video/7621442575928528129,https://www.tiktok.com/@liputan6.sctv/video/7621442575928528129?commentId=7622155818239329044,scraping_tiktok,eestehangett,EMANG
7622157023807374088,2026-03-28T04:22:22.000Z,0,https://www.tiktok.com/@liputan6.sctv/video/7621442575928528129,https://www.tiktok.com/@liputan6.sctv/video/7621442575928528129?commentId=7622157023807374088,scraping_tiktok,honeych779,coretax emg bikin bingungg
7622158551800857352,2026-03-28T04:28:14.000Z,0,https://www.tiktok.com/@liputan6.sctv/video/7621442575928528129,https://www.tiktok.com/@liputan6.sctv/video/7621442575928528129?commentId=7622158551800857352,scraping_tiktok,iwanarisunda,Kalau tahu g bagus dan bikin pusing harus nya g usah ada denda jika telat lapor dsb
7622045059253764872,2026-03-27T21:08:02.000Z,0,https://www.tiktok.com/@liputan6.sctv/video/7621442575928528129,https://www.tiktok.com/@liputan6.sctv/video/7621442575928528129?commentId=7622045059253764872,scraping_tiktok,teguhronaldo_,"Ribet , dan lucu Kita bayar Ajak disulitkan , gak dibayarkan kita juga didenda , masuk angin emang"
7623824836033381141,2026-04-01T16:14:18.000Z,0,https://www.tiktok.com/@liputan6.sctv/video/7621442575928528129,https://www.tiktok.com/@liputan6.sctv/video/7621442575928528129?commentId=7623824836033381141,scraping_tiktok,hwm199701,"INTINYA KOK KITA HARUS LAPOR PADAHAL YG KITA KARYAWAN"" NI SDH DI POTONG DLUAN KAN DRI ATAS PAJAKNYA TPI YG LAPOR MALAH INDIVIDU MASING"" 😅.."
7635525811122062101,2026-05-03T05:00:03.000Z,0,https://www.tiktok.com/@liputan6.sctv/video/7621442575928528129,https://www.tiktok.com/@liputan6.sctv/video/7621442575928528129?commentId=7635525811122062101,scraping_tiktok,langgengsemi,ngerii.. pajak main blokir aja.. gak peduli kondisi masyarakat...ajuurrr...
7622161055728878353,2026-03-28T04:38:08.000Z,0,https://www.tiktok.com/@liputan6.sctv/video/7621442575928528129,https://www.tiktok.com/@liputan6.sctv/video/7621442575928528129?commentId=7622161055728878353,scraping_tiktok,srihanda_123,tolong cari cara yg simpel aja pak purbaya
7622145815432446736,2026-03-28T03:38:53.000Z,0,https://www.tiktok.com/@liputan6.sctv/video/7621442575928528129,https://www.tiktok.com/@liputan6.sctv/video/7621442575928528129?commentId=7622145815432446736,scraping_tiktok,pipi4309,"ketika mengisinya, ada rasa kwatir kita trjebak. karena banyak yg tdk dipahami maksud dan tujuanny"
7622169585533387541,2026-03-28T05:11:02.000Z,0,https://www.tiktok.com/@liputan6.sctv/video/7621442575928528129,https://www.tiktok.com/@liputan6.sctv/video/7621442575928528129?commentId=7622169585533387541,scraping_tiktok,riieen46,tau kan pak yg kita rasain...😭
7622170410599875336,2026-03-28T05:14:16.000Z,0,https://www.tiktok.com/@liputan6.sctv/video/7621442575928528129,https://www.tiktok.com/@liputan6.sctv/video/7621442575928528129?commentId=7622170410599875336,scraping_tiktok,ihsanteras,Biar banyak yg salah n bisa di denda
7622170727970325269,2026-03-28T05:15:37.000Z,0,https://www.tiktok.com/@liputan6.sctv/video/7621442575928528129,https://www.tiktok.com/@liputan6.sctv/video/7621442575928528129?commentId=7622170727970325269,scraping_tiktok,masnidana0,mending djp online lebih gampang
7623314936450253575,2026-03-31T07:15:36.000Z,0,https://www.tiktok.com/@liputan6.sctv/video/7621442575928528129,https://www.tiktok.com/@liputan6.sctv/video/7621442575928528129?commentId=7623314936450253575,scraping_tiktok,ambar.wulandari2,😁😁😁
7622170810635551496,2026-03-28T05:15:48.000Z,0,https://www.tiktok.com/@liputan6.sctv/video/7621442575928528129,https://www.tiktok.com/@liputan6.sctv/video/7621442575928528129?commentId=7622170810635551496,scraping_tiktok,mama_moly123,saking ribetnya ke kantor pajaknya buat dilaporin 😂
7622173366737339144,2026-03-28T05:25:45.000Z,0,https://www.tiktok.com/@liputan6.sctv/video/7621442575928528129,https://www.tiktok.com/@liputan6.sctv/video/7621442575928528129?commentId=7622173366737339144,scraping_tiktok,ama_334,lebih ribet SAP pak
7622175834723795720,2026-03-28T05:35:17.000Z,0,https://www.tiktok.com/@liputan6.sctv/video/7621442575928528129,https://www.tiktok.com/@liputan6.sctv/video/7621442575928528129?commentId=7622175834723795720,scraping_tiktok,space88.xoxo,@firelight. 😂
7622177334655075090,2026-03-28T05:41:09.000Z,0,https://www.tiktok.com/@liputan6.sctv/video/7621442575928528129,https://www.tiktok.com/@liputan6.sctv/video/7621442575928528129?commentId=7622177334655075090,scraping_tiktok,nn_sc,"Pak Purbaya aja bingung, apalagi kita"
7622554635278517013,2026-03-29T06:05:16.000Z,0,https://www.tiktok.com/@liputan6.sctv/video/7621442575928528129,https://www.tiktok.com/@liputan6.sctv/video/7621442575928528129?commentId=7622554635278517013,scraping_tiktok,chlordiazepoxideee_,🥰
7621490921926509333,2026-03-26T09:17:29.000Z,0,https://www.tiktok.com/@liputan6.sctv/video/7621442575928528129,https://www.tiktok.com/@liputan6.sctv/video/7621442575928528129?commentId=7621490921926509333,scraping_tiktok,papakilo_,Betulll pak🥲
7622552144625140501,2026-03-29T05:55:35.000Z,0,https://www.tiktok.com/@liputan6.sctv/video/7621442575928528129,https://www.tiktok.com/@liputan6.sctv/video/7621442575928528129?commentId=7622552144625140501,scraping_tiktok,berandajualankita,"bener sekali sangat susah bukan ribet lagi
sulit di pake coretax nya..
BENER SEKALI SANGAT SUSAH, BUKAN RIBET LAGI
SULIT DI PAKE CORETAX NYA BAPAK ..
Harus nya di bikin gampang istilah nya 5 menit bisa selesai cara ngerjain nya"
7621490973910991632,2026-03-26T09:17:39.000Z,0,https://www.tiktok.com/@liputan6.sctv/video/7621442575928528129,https://www.tiktok.com/@liputan6.sctv/video/7621442575928528129?commentId=7621490973910991632,scraping_tiktok,zhenl9,😁😁😁
7622545983252349714,2026-03-29T05:31:42.000Z,0,https://www.tiktok.com/@liputan6.sctv/video/7621442575928528129,https://www.tiktok.com/@liputan6.sctv/video/7621442575928528129?commentId=7622545983252349714,scraping_tiktok,savar_7899,"coretek ribet banget tidak seperti djb ,kenapa buat lapor pajak saja dipersulit gini sih?? mau lapor ke kantor antrian ratusan bisa berhari hari"
7621474741766030101,2026-03-26T08:14:48.000Z,0,https://www.tiktok.com/@liputan6.sctv/video/7621442575928528129,https://www.tiktok.com/@liputan6.sctv/video/7621442575928528129?commentId=7621474741766030101,scraping_tiktok,ekki12345,jujur saya nilai kurang bagus
7621474835261571856,2026-03-26T08:15:07.000Z,0,https://www.tiktok.com/@liputan6.sctv/video/7621442575928528129,https://www.tiktok.com/@liputan6.sctv/video/7621442575928528129?commentId=7621474835261571856,scraping_tiktok,adicen1,enak x Terima beres
7621475026759697172,2026-03-26T08:15:50.000Z,0,https://www.tiktok.com/@liputan6.sctv/video/7621442575928528129,https://www.tiktok.com/@liputan6.sctv/video/7621442575928528129?commentId=7621475026759697172,scraping_tiktok,vt2063,"prawowo girlbrand makin gemoy
purbaya makin kurus ..."
7621475206000067336,2026-03-26T08:16:33.000Z,0,https://www.tiktok.com/@liputan6.sctv/video/7621442575928528129,https://www.tiktok.com/@liputan6.sctv/video/7621442575928528129?commentId=7621475206000067336,scraping_tiktok,heri_berbisik,DJP online aja dah seperti dulu tapi di inovasi lebih gampang
7621475458798437138,2026-03-26T08:17:26.000Z,0,https://www.tiktok.com/@liputan6.sctv/video/7621442575928528129,https://www.tiktok.com/@liputan6.sctv/video/7621442575928528129?commentId=7621475458798437138,scraping_tiktok,josh_yap,"pdhl djp online uda paling enak dan gampang utk wp, coretax bikin org depresi, rekening koran org lain bisa terdaftar di aset gw😅"
7621453638175589138,2026-03-26T06:53:46.000Z,1,https://www.tiktok.com/@liputan6.sctv/video/7621442575928528129,https://www.tiktok.com/@liputan6.sctv/video/7621442575928528129?commentId=7621453638175589138,scraping_tiktok,damex696,"pasti musuh nya pak Pur ketawa2 dan biarin aja jg libur sendiri
ya Alloh..selamatkan pak Pur..semoga sehat..selamat..."
7621502341779571476,2026-03-26T10:01:52.000Z,0,https://www.tiktok.com/@liputan6.sctv/video/7621442575928528129,https://www.tiktok.com/@liputan6.sctv/video/7621442575928528129?commentId=7621502341779571476,scraping_tiktok,bliadjie,"bukan konoha kalo bisa dipercepat !
dah gitu aja jawabannya 🤬✨️"
7622310231725835026,2026-03-28T14:16:47.000Z,0,https://www.tiktok.com/@liputan6.sctv/video/7621442575928528129,https://www.tiktok.com/@liputan6.sctv/video/7621442575928528129?commentId=7622310231725835026,scraping_tiktok,ajenggamaliaa,"Bener, bisa gasih pak kita udh bayar pajar otomatis gitu gausah isi2 itu lg"
7622317010437899015,2026-03-28T14:43:05.000Z,0,https://www.tiktok.com/@liputan6.sctv/video/7621442575928528129,https://www.tiktok.com/@liputan6.sctv/video/7621442575928528129?commentId=7622317010437899015,scraping_tiktok,arfaborneo,"benar ,, bingung cara menggunakannya, sanking ribetnya malah laporan SPT tahun ini belum aku lapor"
7622315986209211156,2026-03-28T14:39:06.000Z,0,https://www.tiktok.com/@liputan6.sctv/video/7621442575928528129,https://www.tiktok.com/@liputan6.sctv/video/7621442575928528129?commentId=7622315986209211156,scraping_tiktok,alimurtadhogadget,"Ribet, lelet, bahasanya nggak familiar."
7622315316395197204,2026-03-28T14:36:30.000Z,0,https://www.tiktok.com/@liputan6.sctv/video/7621442575928528129,https://www.tiktok.com/@liputan6.sctv/video/7621442575928528129?commentId=7622315316395197204,scraping_tiktok,alimurtadhogadget,"Masih ruwet, nggak simpel coretax"
7622314679477715730,2026-03-28T14:34:00.000Z,0,https://www.tiktok.com/@liputan6.sctv/video/7621442575928528129,https://www.tiktok.com/@liputan6.sctv/video/7621442575928528129?commentId=7622314679477715730,scraping_tiktok,khanadya_,Aku tiap hari berantem sm coretax😭
7622314427397014292,2026-03-28T14:33:08.000Z,0,https://www.tiktok.com/@liputan6.sctv/video/7621442575928528129,https://www.tiktok.com/@liputan6.sctv/video/7621442575928528129?commentId=7622314427397014292,scraping_tiktok,thomas.shelby00077,"ngapain lapor.
klo kita udh bayar,
harusnya data nya mereka udh punya.
sepeti kita bayar angsuran dll
pikirin seacara sederhana"
7622312887486284562,2026-03-28T14:27:01.000Z,0,https://www.tiktok.com/@liputan6.sctv/video/7621442575928528129,https://www.tiktok.com/@liputan6.sctv/video/7621442575928528129?commentId=7622312887486284562,scraping_tiktok,ff020179_,"bikin pusing, ngeribet, udah bayar pajak, masi d persulit buat lapor,"
7622311622742295303,2026-03-28T14:22:10.000Z,0,https://www.tiktok.com/@liputan6.sctv/video/7621442575928528129,https://www.tiktok.com/@liputan6.sctv/video/7621442575928528129?commentId=7622311622742295303,scraping_tiktok,titiktitik723_,"Sebenernya yg sulit tuh biki acc nya , udah bikin hrs ganti pass lg , klo lapor spt nya mah ga sampe 5 mnt"
7622310892663816977,2026-03-28T14:21:48.000Z,0,https://www.tiktok.com/@liputan6.sctv/video/7621442575928528129,https://www.tiktok.com/@liputan6.sctv/video/7621442575928528129?commentId=7622310892663816977,scraping_tiktok,badutmakam,pak pur makin kurus🤔
7622310991657616145,2026-03-28T14:19:43.000Z,0,https://www.tiktok.com/@liputan6.sctv/video/7621442575928528129,https://www.tiktok.com/@liputan6.sctv/video/7621442575928528129?commentId=7622310991657616145,scraping_tiktok,wkwkwk_land3,CORETAX BIKIN PUYENG
7622310511661482770,2026-03-28T14:17:48.000Z,0,https://www.tiktok.com/@liputan6.sctv/video/7621442575928528129,https://www.tiktok.com/@liputan6.sctv/video/7621442575928528129?commentId=7622310511661482770,scraping_tiktok,ib.nu_arif,UI UXnya dibikin user friendly pak
7622310316261966612,2026-03-28T14:17:12.000Z,0,https://www.tiktok.com/@liputan6.sctv/video/7621442575928528129,https://www.tiktok.com/@liputan6.sctv/video/7621442575928528129?commentId=7622310316261966612,scraping_tiktok,massagedjakarta87,sehat sehat selalu bapak..
7621502911574704916,2026-03-26T10:03:59.000Z,0,https://www.tiktok.com/@liputan6.sctv/video/7621442575928528129,https://www.tiktok.com/@liputan6.sctv/video/7621442575928528129?commentId=7621502911574704916,scraping_tiktok,naraa114,kita doakan pak pur semoga sehat selalu🙏🙏
7622309881374049042,2026-03-28T14:15:21.000Z,0,https://www.tiktok.com/@liputan6.sctv/video/7621442575928528129,https://www.tiktok.com/@liputan6.sctv/video/7621442575928528129?commentId=7622309881374049042,scraping_tiktok,wlntbn_,Setuju sm pakkk
7622308689312154388,2026-03-28T14:10:53.000Z,0,https://www.tiktok.com/@liputan6.sctv/video/7621442575928528129,https://www.tiktok.com/@liputan6.sctv/video/7621442575928528129?commentId=7622308689312154388,scraping_tiktok,eca.oktaviani27,Pak pur kok kurusan ? 🥺 Semoga sehat selalu y pak
7621502014049469191,2026-03-26T10:00:32.000Z,0,https://www.tiktok.com/@liputan6.sctv/video/7621442575928528129,https://www.tiktok.com/@liputan6.sctv/video/7621442575928528129?commentId=7621502014049469191,scraping_tiktok,pyakyn,Kurusan pak pur
7622307213072302869,2026-03-28T14:05:07.000Z,0,https://www.tiktok.com/@liputan6.sctv/video/7621442575928528129,https://www.tiktok.com/@liputan6.sctv/video/7621442575928528129?commentId=7622307213072302869,scraping_tiktok,ipatpatmawatii,semoga dimudahkan bikin NPWP sendiri NU online
7622304895173985032,2026-03-28T13:56:03.000Z,0,https://www.tiktok.com/@liputan6.sctv/video/7621442575928528129,https://www.tiktok.com/@liputan6.sctv/video/7621442575928528129?commentId=7622304895173985032,scraping_tiktok,maverickniaga,kalau Sudah bayar pajak... automatic Spt.. Gak usah bikin Spt lagi . biar orang pajak Buat Spt..
7621501995485168405,2026-03-26T10:00:32.000Z,0,https://www.tiktok.com/@liputan6.sctv/video/7621442575928528129,https://www.tiktok.com/@liputan6.sctv/video/7621442575928528129?commentId=7621501995485168405,scraping_tiktok,anjar_ag91,pajak yh potong kita yg harus lapor.gak kebalik tuh
7622303024451224327,2026-03-28T13:48:47.000Z,0,https://www.tiktok.com/@liputan6.sctv/video/7621442575928528129,https://www.tiktok.com/@liputan6.sctv/video/7621442575928528129?commentId=7622303024451224327,scraping_tiktok,zizah6711,"Jujur, Coretax memang bikin bingung di awal. Tpi menurut sya itu wajar, karena ini sistem baru & pasti butuh penyesuaian. Th 2025 kemarin sya jg sempat ikut sosialisasi& waktu itu petugasnya menjelaskan kalau masih kesulitan bisa langsung dtng ke kantor untuk dibantu. Jadi menurut sya, ini memang proses belajar bersama, apalagi sya yg sebelumnya terbiasa dilayani, sekarang dituntut lebih mandiri. Ini juga bisa jadi masukan nih Semoga kedepanny ada pembaruan biar aplikasi lebih simpel."
7622302128657646357,2026-03-28T13:45:28.000Z,0,https://www.tiktok.com/@liputan6.sctv/video/7621442575928528129,https://www.tiktok.com/@liputan6.sctv/video/7621442575928528129?commentId=7622302128657646357,scraping_tiktok,ajat.s_84,"kita yang bayar
kita yang itung
kita yang isi
kita yang lapor"
7621446365382509328,2026-03-26T06:24:41.000Z,0,https://www.tiktok.com/@liputan6.sctv/video/7621442575928528129,https://www.tiktok.com/@liputan6.sctv/video/7621442575928528129?commentId=7621446365382509328,scraping_tiktok,endahpamiarsih,betul pak setiap pulang kerja anakku mesti ngomel² gara² coretax lemot sulit dibuka
7622300962435678997,2026-03-28T13:40:53.000Z,0,https://www.tiktok.com/@liputan6.sctv/video/7621442575928528129,https://www.tiktok.com/@liputan6.sctv/video/7621442575928528129?commentId=7622300962435678997,scraping_tiktok,yhp869,Ribet programnya.
7621504166972834567,2026-03-26T10:08:56.000Z,0,https://www.tiktok.com/@liputan6.sctv/video/7621442575928528129,https://www.tiktok.com/@liputan6.sctv/video/7621442575928528129?commentId=7621504166972834567,scraping_tiktok,amandafebiy,aseliiiii
7622274366071833345,2026-03-28T11:57:36.000Z,0,https://www.tiktok.com/@liputan6.sctv/video/7621442575928528129,https://www.tiktok.com/@liputan6.sctv/video/7621442575928528129?commentId=7622274366071833345,scraping_tiktok,hulio165,gara2 coretax tahun ini saya ngk lapor pajak 😁
7622510393613615879,2026-03-29T03:13:37.000Z,0,https://www.tiktok.com/@liputan6.sctv/video/7621442575928528129,https://www.tiktok.com/@liputan6.sctv/video/7621442575928528129?commentId=7622510393613615879,scraping_tiktok,almaera26,sini sini yg mau aktivasi/laporan SPT bayar setelah jadi 🥰🥰🥰🥰🥰🙏🙏🙏🙏🙏🙏
7621491363650421521,2026-03-26T09:19:18.000Z,0,https://www.tiktok.com/@liputan6.sctv/video/7621442575928528129,https://www.tiktok.com/@liputan6.sctv/video/7621442575928528129?commentId=7621491363650421521,scraping_tiktok,moms_agam31,ga tau kenapa setelah download coretax bank BRI ke blokir
7621491527857275669,2026-03-26T09:19:57.000Z,0,https://www.tiktok.com/@liputan6.sctv/video/7621442575928528129,https://www.tiktok.com/@liputan6.sctv/video/7621442575928528129?commentId=7621491527857275669,scraping_tiktok,yoana.cides,"Iyaaaa, benerr"
7621491693720158997,2026-03-26T09:20:28.000Z,0,https://www.tiktok.com/@liputan6.sctv/video/7621442575928528129,https://www.tiktok.com/@liputan6.sctv/video/7621442575928528129?commentId=7621491693720158997,scraping_tiktok,cassiefrll,@z asli co coretax ini webnya kd jelas banar pernah makai
7622505619978732309,2026-03-29T02:55:04.000Z,0,https://www.tiktok.com/@liputan6.sctv/video/7621442575928528129,https://www.tiktok.com/@liputan6.sctv/video/7621442575928528129?commentId=7622505619978732309,scraping_tiktok,natjem888,harus ada panduan cara pake software cortex dong pak.. klo kita salah isi kita jg mines kurang bayar.. padahal ga mungkin kurang bayar.. org udh dipotong perusahaan kan lucu bnr itu
7622502397818290961,2026-03-29T02:42:32.000Z,0,https://www.tiktok.com/@liputan6.sctv/video/7621442575928528129,https://www.tiktok.com/@liputan6.sctv/video/7621442575928528129?commentId=7622502397818290961,scraping_tiktok,icharu_,emang
7621491728697377556,2026-03-26T09:20:45.000Z,0,https://www.tiktok.com/@liputan6.sctv/video/7621442575928528129,https://www.tiktok.com/@liputan6.sctv/video/7621442575928528129?commentId=7621491728697377556,scraping_tiktok,azzu4801,"tidak semua pemberi kerja tau membuat bpa1 dan bpa2. tp kita yg dipaksa harus punya dan harus tau, sepertinya yang atas dulu diberitahu bagaimana caranya.
giliran telat lapor kita yg didenda."
7622581593215451920,2026-03-29T07:49:59.000Z,0,https://www.tiktok.com/@liputan6.sctv/video/7621442575928528129,https://www.tiktok.com/@liputan6.sctv/video/7621442575928528129?commentId=7622581593215451920,scraping_tiktok,fandy.isman,"wkwkw kemarin aktivasi lupa pasword pake nomor hp g dikirim2 ,kebetulan di wa langsung sama pajaknya ,suruh wa di no yg tertera kalo kesulitan baru bisa dikerjain, emang sistemnya g jalan itu 😂"
7622565914652066580,2026-03-29T06:49:08.000Z,0,https://www.tiktok.com/@liputan6.sctv/video/7621442575928528129,https://www.tiktok.com/@liputan6.sctv/video/7621442575928528129?commentId=7622565914652066580,scraping_tiktok,oktaviana2688,Pak menteri aja bingung Z apalagi rakyat biasa
7622586672794092296,2026-03-29T08:09:29.000Z,0,https://www.tiktok.com/@liputan6.sctv/video/7621442575928528129,https://www.tiktok.com/@liputan6.sctv/video/7621442575928528129?commentId=7622586672794092296,scraping_tiktok,sri.mulyani3290,aneh bin ajaib..yg bayar rakyat yg dibuat pusing jg rakyat..
7622537781420868372,2026-03-29T04:59:57.000Z,0,https://www.tiktok.com/@liputan6.sctv/video/7621442575928528129,https://www.tiktok.com/@liputan6.sctv/video/7621442575928528129?commentId=7622537781420868372,scraping_tiktok,z931a,"Iya pak, aplikasinya ribet dan sulit, bikin orang males mengisi. Mungin disedehanakan pak biar ndak rumit, biar orang mengisi mudah"
7622537199783969543,2026-03-29T04:57:38.000Z,0,https://www.tiktok.com/@liputan6.sctv/video/7621442575928528129,https://www.tiktok.com/@liputan6.sctv/video/7621442575928528129?commentId=7622537199783969543,scraping_tiktok,putriypetir,Hai guys klo kalian kesulitan dm aku aja ya aku jasa lapor spt tahunan timaaci🥰
7622132460965298965,2026-03-28T02:47:06.000Z,0,https://www.tiktok.com/@liputan6.sctv/video/7621442575928528129,https://www.tiktok.com/@liputan6.sctv/video/7621442575928528129?commentId=7622132460965298965,scraping_tiktok,velynn25,"Salah design, dan gw hrs kurang bayar 16jt, pdhal pemasukan cuma dri 1 tempat dan di potong tiap bulan 🥲"
7622132050463621904,2026-03-28T02:45:23.000Z,0,https://www.tiktok.com/@liputan6.sctv/video/7621442575928528129,https://www.tiktok.com/@liputan6.sctv/video/7621442575928528129?commentId=7622132050463621904,scraping_tiktok,maufullmoon125,Tuull
7631067326540595975,2026-04-21T04:38:52.000Z,0,https://www.tiktok.com/@liputan6.sctv/video/7621442575928528129,https://www.tiktok.com/@liputan6.sctv/video/7621442575928528129?commentId=7631067326540595975,scraping_tiktok,om.tam.tam.chanel,gk jelas
7631170091753292565,2026-04-21T11:17:38.000Z,0,https://www.tiktok.com/@liputan6.sctv/video/7621442575928528129,https://www.tiktok.com/@liputan6.sctv/video/7621442575928528129?commentId=7631170091753292565,scraping_tiktok,iinkrisnasari,pak pur kok keliatan kaya kurang sehat 🥺 panjang umur ya pak pur sehat selalu Aamiin 🤲
7631210293172011797,2026-04-21T13:53:37.000Z,0,https://www.tiktok.com/@liputan6.sctv/video/7621442575928528129,https://www.tiktok.com/@liputan6.sctv/video/7621442575928528129?commentId=7631210293172011797,scraping_tiktok,libragemoy18,"Mending langsung k kantor pajak nya aj gak sih, hidup udah ribut tambah lapor pajak juga ribet banget😌"
7633039749725668103,2026-04-26T12:12:51.000Z,0,https://www.tiktok.com/@liputan6.sctv/video/7621442575928528129,https://www.tiktok.com/@liputan6.sctv/video/7621442575928528129?commentId=7633039749725668103,scraping_tiktok,pamungkas0805,yaa allah pak kurusan
7622109041921852168,2026-03-28T01:16:23.000Z,0,https://www.tiktok.com/@liputan6.sctv/video/7621442575928528129,https://www.tiktok.com/@liputan6.sctv/video/7621442575928528129?commentId=7622109041921852168,scraping_tiktok,freddyferrymp,😁
7622110528265716500,2026-03-28T01:22:00.000Z,0,https://www.tiktok.com/@liputan6.sctv/video/7621442575928528129,https://www.tiktok.com/@liputan6.sctv/video/7621442575928528129?commentId=7622110528265716500,scraping_tiktok,dekah5467,"ya pak mau tanya kita yang bayat pajak kenapa kita juga yang lapor ya??
harus kita yang bayar pajak terima laporan uang nya kemana aja?????"
7622145841599447815,2026-03-28T03:38:52.000Z,0,https://www.tiktok.com/@liputan6.sctv/video/7621442575928528129,https://www.tiktok.com/@liputan6.sctv/video/7621442575928528129?commentId=7622145841599447815,scraping_tiktok,rreneys,"Pusing x woy, sy smpe blm berani submit takut salah 🙄🙄"
7633107565447070485,2026-04-26T16:36:05.000Z,0,https://www.tiktok.com/@liputan6.sctv/video/7621442575928528129,https://www.tiktok.com/@liputan6.sctv/video/7621442575928528129?commentId=7633107565447070485,scraping_tiktok,kumau_minumankekinian,kebanyakan di korup x pa sistemnya
7622145516784698129,2026-03-28T03:37:39.000Z,0,https://www.tiktok.com/@liputan6.sctv/video/7621442575928528129,https://www.tiktok.com/@liputan6.sctv/video/7621442575928528129?commentId=7622145516784698129,scraping_tiktok,imbays__,"Harusnya pake bahasa yang ringan aja sih, jangan berat” sama di belibet” in😭. Aku aja bacanya kudu di ulang” biar paham😭"
7622145349705483028,2026-03-28T03:37:11.000Z,0,https://www.tiktok.com/@liputan6.sctv/video/7621442575928528129,https://www.tiktok.com/@liputan6.sctv/video/7621442575928528129?commentId=7622145349705483028,scraping_tiktok,sapidermanciawi,siapa yang klik² yang penting nihil 😂
7622129021362569992,2026-03-28T02:33:37.000Z,0,https://www.tiktok.com/@liputan6.sctv/video/7621442575928528129,https://www.tiktok.com/@liputan6.sctv/video/7621442575928528129?commentId=7622129021362569992,scraping_tiktok,blue_salmon,ya yg bikin ga paham UI UX
7622112490768646928,2026-03-28T01:29:39.000Z,0,https://www.tiktok.com/@liputan6.sctv/video/7621442575928528129,https://www.tiktok.com/@liputan6.sctv/video/7621442575928528129?commentId=7622112490768646928,scraping_tiktok,wu_lan03,"udah gaji kami yg dipotong, trus kami juga yg lapor pak,, knp g pemerintah yg ksh laporan ke kami aja pak brp yg dipotong,, saya g bs pakai coretax JD mesti ke kantor pajak.."
7629311054493582096,2026-04-16T11:03:40.000Z,0,https://www.tiktok.com/@liputan6.sctv/video/7621442575928528129,https://www.tiktok.com/@liputan6.sctv/video/7621442575928528129?commentId=7629311054493582096,scraping_tiktok,ans_4999,isi coretax bikin muallll pusinggg sampe enek mau muntahhhh kenapa si gak djponline aja udah mudah dan terbiasa tbtb ganti 🤢🤮
7622145124097819413,2026-03-28T03:36:18.000Z,0,https://www.tiktok.com/@liputan6.sctv/video/7621442575928528129,https://www.tiktok.com/@liputan6.sctv/video/7621442575928528129?commentId=7622145124097819413,scraping_tiktok,kharismaandi_,Login susah minta ampun. Telat lapor dennda 🗿
7622144985379586837,2026-03-28T03:35:44.000Z,0,https://www.tiktok.com/@liputan6.sctv/video/7621442575928528129,https://www.tiktok.com/@liputan6.sctv/video/7621442575928528129?commentId=7622144985379586837,scraping_tiktok,inbu290,"bener, bikin pusing"
7622143847388152584,2026-03-28T03:31:08.000Z,0,https://www.tiktok.com/@liputan6.sctv/video/7621442575928528129,https://www.tiktok.com/@liputan6.sctv/video/7621442575928528129?commentId=7622143847388152584,scraping_tiktok,lifad.difla,"Ya buat perubahan dong pak, bapak kan pembuat keputusan jgn ngomong aja"
7622143478126773010,2026-03-28T03:29:49.000Z,0,https://www.tiktok.com/@liputan6.sctv/video/7621442575928528129,https://www.tiktok.com/@liputan6.sctv/video/7621442575928528129?commentId=7622143478126773010,scraping_tiktok,wilmar7972,"Coretax melanggar UU Cipta Karya dimana NIK otomatis menjadi NPWP.
Kenyataannta NIK yang disistem lama diakui sbg NPWP di sisten Coretax tidak diakui sebagai NPWP. Akibatnya para pejabat masih bisa beli mobil mewah, rumah, dll pakai warga yg NIKnya gak terdaftar sebagai NPWP. AMAAAAAAN"
7632941301735080712,2026-04-26T05:50:50.000Z,0,https://www.tiktok.com/@liputan6.sctv/video/7621442575928528129,https://www.tiktok.com/@liputan6.sctv/video/7621442575928528129?commentId=7632941301735080712,scraping_tiktok,abadi161013,Pemerintah ga henti-hentinya bikin rakyat pusing @gerindra @Sekretariat Kabinet RI @Gibran Rakabuming @Purbaya Yudhi Sadewa
7622123899166098197,2026-03-28T02:13:52.000Z,0,https://www.tiktok.com/@liputan6.sctv/video/7621442575928528129,https://www.tiktok.com/@liputan6.sctv/video/7621442575928528129?commentId=7622123899166098197,scraping_tiktok,rahmahridwan,ribett weeehhh...
7622123855855633159,2026-03-28T02:13:41.000Z,0,https://www.tiktok.com/@liputan6.sctv/video/7621442575928528129,https://www.tiktok.com/@liputan6.sctv/video/7621442575928528129?commentId=7622123855855633159,scraping_tiktok,chili.oil93,Iya betul.. bagusan yg lama gak ribet
7622123421899997968,2026-03-28T02:11:57.000Z,0,https://www.tiktok.com/@liputan6.sctv/video/7621442575928528129,https://www.tiktok.com/@liputan6.sctv/video/7621442575928528129?commentId=7622123421899997968,scraping_tiktok,sonyferryyk,Mau bayar taat pajak selalu dibuat ribet sama birokrasi Negara.
7622123300340843284,2026-03-28T02:11:33.000Z,0,https://www.tiktok.com/@liputan6.sctv/video/7621442575928528129,https://www.tiktok.com/@liputan6.sctv/video/7621442575928528129?commentId=7622123300340843284,scraping_tiktok,ekftry0,makin kurusan 😱
7632005596439200533,2026-04-23T17:19:48.000Z,0,https://www.tiktok.com/@liputan6.sctv/video/7621442575928528129,https://www.tiktok.com/@liputan6.sctv/video/7621442575928528129?commentId=7632005596439200533,scraping_tiktok,akunefootballsejak2024,Betul sya mau lapr sppt tapi kek ribet sekali mana jaringan di tmpt kami kurang bagus jadinya tambah malas mau lapor udah do coba berkali-kali tpi permasalahan di jaringan 🤦🏼‍♂️🫠
7634518609193173768,2026-04-30T11:51:31.000Z,0,https://www.tiktok.com/@liputan6.sctv/video/7621442575928528129,https://www.tiktok.com/@liputan6.sctv/video/7621442575928528129?commentId=7634518609193173768,scraping_tiktok,mud.aza2,"kita yg harus bayar, kita pula yg harus di bikin ribet"
7623039955263603476,2026-03-30T13:28:36.000Z,0,https://www.tiktok.com/@liputan6.sctv/video/7621442575928528129,https://www.tiktok.com/@liputan6.sctv/video/7621442575928528129?commentId=7623039955263603476,scraping_tiktok,jus_semongkoo,capek deh
7623034043593212692,2026-03-30T13:05:37.000Z,0,https://www.tiktok.com/@liputan6.sctv/video/7621442575928528129,https://www.tiktok.com/@liputan6.sctv/video/7621442575928528129?commentId=7623034043593212692,scraping_tiktok,rumah_enka,cung angkat tangan siapa yang sampai sekarang masih gagal aktivasi cortax
7623034978577974023,2026-03-30T13:09:07.000Z,0,https://www.tiktok.com/@liputan6.sctv/video/7621442575928528129,https://www.tiktok.com/@liputan6.sctv/video/7621442575928528129?commentId=7623034978577974023,scraping_tiktok,novaputrid,tolong dipermudah UI/UX nya. bikin bingung saja 😭
7623037071758197524,2026-03-30T13:17:16.000Z,0,https://www.tiktok.com/@liputan6.sctv/video/7621442575928528129,https://www.tiktok.com/@liputan6.sctv/video/7621442575928528129?commentId=7623037071758197524,scraping_tiktok,.motoku,s7
7623037163860968199,2026-03-30T13:17:36.000Z,0,https://www.tiktok.com/@liputan6.sctv/video/7621442575928528129,https://www.tiktok.com/@liputan6.sctv/video/7621442575928528129?commentId=7623037163860968199,scraping_tiktok,sonter26,kita yang bayar terus kita juga di buat susah dengan coretax
7623038446483079956,2026-03-30T13:22:37.000Z,0,https://www.tiktok.com/@liputan6.sctv/video/7621442575928528129,https://www.tiktok.com/@liputan6.sctv/video/7621442575928528129?commentId=7623038446483079956,scraping_tiktok,umami.0,ribet
7623038933643494162,2026-03-30T13:24:30.000Z,0,https://www.tiktok.com/@liputan6.sctv/video/7621442575928528129,https://www.tiktok.com/@liputan6.sctv/video/7621442575928528129?commentId=7623038933643494162,scraping_tiktok,d_e_h_a_n_s,udah di bayar knapa harus laporin jg si bikin ribet
7623039732235059989,2026-03-30T13:27:41.000Z,0,https://www.tiktok.com/@liputan6.sctv/video/7621442575928528129,https://www.tiktok.com/@liputan6.sctv/video/7621442575928528129?commentId=7623039732235059989,scraping_tiktok,porororo1802,BUAT BINGUNG SUMPAHHHHH 😭😭😭😭😭😭😭😭😭
7622455780696113937,2026-03-28T23:41:40.000Z,0,https://www.tiktok.com/@liputan6.sctv/video/7621442575928528129,https://www.tiktok.com/@liputan6.sctv/video/7621442575928528129?commentId=7622455780696113937,scraping_tiktok,epi.kusmita,"setuju pak
. bikin river.. balikin kayak dlu aj"
7623039922399675157,2026-03-30T13:28:19.000Z,0,https://www.tiktok.com/@liputan6.sctv/video/7621442575928528129,https://www.tiktok.com/@liputan6.sctv/video/7621442575928528129?commentId=7623039922399675157,scraping_tiktok,bukoyo52,ribet sekali .... mau bayar pajak tapi banyak sekali embel embelnya. susah sekali.... malahan eror pake coretex
7623029677637534471,2026-03-30T12:48:39.000Z,0,https://www.tiktok.com/@liputan6.sctv/video/7621442575928528129,https://www.tiktok.com/@liputan6.sctv/video/7621442575928528129?commentId=7623029677637534471,scraping_tiktok,kuthud_aoyama,"di bikin simpel ajh pak, toh udah bayar tinggal bukti laporannya ajh..mending di bikin tinggal sign in ajh ga perlu ina inu macem2"
7623040966778225426,2026-03-30T13:32:25.000Z,0,https://www.tiktok.com/@liputan6.sctv/video/7621442575928528129,https://www.tiktok.com/@liputan6.sctv/video/7621442575928528129?commentId=7623040966778225426,scraping_tiktok,firmanwirautama,"untuk login ya aja sudah bener ..
bikin pusing .."
7623040988835169045,2026-03-30T13:32:29.000Z,0,https://www.tiktok.com/@liputan6.sctv/video/7621442575928528129,https://www.tiktok.com/@liputan6.sctv/video/7621442575928528129?commentId=7623040988835169045,scraping_tiktok,alfyn0412,Benerrr
7623042368900055828,2026-03-30T13:37:53.000Z,0,https://www.tiktok.com/@liputan6.sctv/video/7621442575928528129,https://www.tiktok.com/@liputan6.sctv/video/7621442575928528129?commentId=7623042368900055828,scraping_tiktok,mamareykin2,baru aja td slesai lapor dateng pagi ke djp😂 2 jam kelar sudah beban ini🤣
7623043267014034197,2026-03-30T13:41:26.000Z,0,https://www.tiktok.com/@liputan6.sctv/video/7621442575928528129,https://www.tiktok.com/@liputan6.sctv/video/7621442575928528129?commentId=7623043267014034197,scraping_tiktok,inamada_reich,jdi kangen efaktur
7623044321025327889,2026-03-30T13:45:23.000Z,0,https://www.tiktok.com/@liputan6.sctv/video/7621442575928528129,https://www.tiktok.com/@liputan6.sctv/video/7621442575928528129?commentId=7623044321025327889,scraping_tiktok,sisiciaa,"pls aku bingung kli loh mau lapor kek mn, bisa2nya kurang bayar, pdhl dh betul semua"
7623044838967231239,2026-03-30T13:47:23.000Z,0,https://www.tiktok.com/@liputan6.sctv/video/7621442575928528129,https://www.tiktok.com/@liputan6.sctv/video/7621442575928528129?commentId=7623044838967231239,scraping_tiktok,siti_masitoh_,saya suka yg manual lebih cepat😁😁
7623045964454085397,2026-03-30T13:51:47.000Z,0,https://www.tiktok.com/@liputan6.sctv/video/7621442575928528129,https://www.tiktok.com/@liputan6.sctv/video/7621442575928528129?commentId=7623045964454085397,scraping_tiktok,bawa_santy,coretax buang buang dana 🤣
7623046490931643143,2026-03-30T13:53:49.000Z,0,https://www.tiktok.com/@liputan6.sctv/video/7621442575928528129,https://www.tiktok.com/@liputan6.sctv/video/7621442575928528129?commentId=7623046490931643143,scraping_tiktok,fandisusanto195,Chromebook dah bener kena panggil. Jasa desain dibilang markup mau dihargai 0 rupiah. Sri Mulyani kapan dipanggil?
7623008738241135378,2026-03-30T11:27:25.000Z,0,https://www.tiktok.com/@liputan6.sctv/video/7621442575928528129,https://www.tiktok.com/@liputan6.sctv/video/7621442575928528129?commentId=7623008738241135378,scraping_tiktok,digy888,sudah lapor spt juga masih tetap kena pph21 😅
7623011091006505744,2026-03-30T11:36:36.000Z,0,https://www.tiktok.com/@liputan6.sctv/video/7621442575928528129,https://www.tiktok.com/@liputan6.sctv/video/7621442575928528129?commentId=7623011091006505744,scraping_tiktok,viennaaisahputr0,hmmmzzz
7623015327966200594,2026-03-30T11:52:53.000Z,0,https://www.tiktok.com/@liputan6.sctv/video/7621442575928528129,https://www.tiktok.com/@liputan6.sctv/video/7621442575928528129?commentId=7623015327966200594,scraping_tiktok,azkayra138,"@Purbaya Yudhi Sadewa SPT dibikin ribet,cari kerja skrg ribet harus pake sklik OJK..gimana org mau cari nafkah klw gitu pak..sianan jd rakyat indonesia kebanyakan hidup nya dibuat ribet sm pemerintah😏"
7622479758040204052,2026-03-29T01:14:57.000Z,0,https://www.tiktok.com/@liputan6.sctv/video/7621442575928528129,https://www.tiktok.com/@liputan6.sctv/video/7621442575928528129?commentId=7622479758040204052,scraping_tiktok,mimochan077,pak Pur jadi kurusan gitu.. 😭
7623019500200559381,2026-03-30T12:09:13.000Z,0,https://www.tiktok.com/@liputan6.sctv/video/7621442575928528129,https://www.tiktok.com/@liputan6.sctv/video/7621442575928528129?commentId=7623019500200559381,scraping_tiktok,adyputraaries1,"emang ribet, knpa kita sebagai yg di potong pajak kita yg juga sibuk laporan"
7623019772636218130,2026-03-30T12:10:08.000Z,0,https://www.tiktok.com/@liputan6.sctv/video/7621442575928528129,https://www.tiktok.com/@liputan6.sctv/video/7621442575928528129?commentId=7623019772636218130,scraping_tiktok,linnaningsih,yg mau dibantu lapor spt lewat cortex DM
7623020035007415048,2026-03-30T12:11:13.000Z,0,https://www.tiktok.com/@liputan6.sctv/video/7621442575928528129,https://www.tiktok.com/@liputan6.sctv/video/7621442575928528129?commentId=7623020035007415048,scraping_tiktok,user1983391877088,pak Purbaya tolong sampaikan kepada jajaran kantor Pajak seluruh di Indonesia agar mereka tau diri dan jangan kurang ajar kepada pelayanan kita mau bayar pajak saja tapi terkadang di persulit dan pelayanan terlalu lama
7635728012496388871,2026-05-03T18:04:42.000Z,0,https://www.tiktok.com/@liputan6.sctv/video/7621442575928528129,https://www.tiktok.com/@liputan6.sctv/video/7621442575928528129?commentId=7635728012496388871,scraping_tiktok,ahlizarrazali,yg paling bingung adalah. sudah uang kita dipotong. kita pula lagi yg ngelaporin. ini yg aneh
7621493518838072071,2026-03-26T09:27:34.000Z,0,https://www.tiktok.com/@liputan6.sctv/video/7621442575928528129,https://www.tiktok.com/@liputan6.sctv/video/7621442575928528129?commentId=7621493518838072071,scraping_tiktok,nani38978,saja benar
7621493639533314832,2026-03-26T09:28:01.000Z,0,https://www.tiktok.com/@liputan6.sctv/video/7621442575928528129,https://www.tiktok.com/@liputan6.sctv/video/7621442575928528129?commentId=7621493639533314832,scraping_tiktok,.mas_ginting,yg fix itu bikin bingung. gak ada dapat sosialisasi cara isi. tiba tiba d suruh isi. bingung g kali. harus pelajari lagi.
7621493716545405716,2026-03-26T09:28:17.000Z,0,https://www.tiktok.com/@liputan6.sctv/video/7621442575928528129,https://www.tiktok.com/@liputan6.sctv/video/7621442575928528129?commentId=7621493716545405716,scraping_tiktok,serba_ada089,Pak purbaya kurusan 😭
7621493736694498056,2026-03-26T09:28:22.000Z,0,https://www.tiktok.com/@liputan6.sctv/video/7621442575928528129,https://www.tiktok.com/@liputan6.sctv/video/7621442575928528129?commentId=7621493736694498056,scraping_tiktok,umardaniumar299,"pak tolong di permuda,,
Kitakan bayar,, suda ada ,, bukti bayar ya Uda,,
langsung aja ke kas negara,, ini kprtex kok di buat ribet,,"
7621493739294835476,2026-03-26T09:28:24.000Z,0,https://www.tiktok.com/@liputan6.sctv/video/7621442575928528129,https://www.tiktok.com/@liputan6.sctv/video/7621442575928528129?commentId=7621493739294835476,scraping_tiktok,gchiannn,jir mana iya lagi sampe blm lapor spt
7622513151569347348,2026-03-29T03:24:20.000Z,0,https://www.tiktok.com/@liputan6.sctv/video/7621442575928528129,https://www.tiktok.com/@liputan6.sctv/video/7621442575928528129?commentId=7622513151569347348,scraping_tiktok,hondacibuburwidaya,"SETUJU !!!! Udah bayar d potong pajak terus , bayar pajak terus , tp kudu laporan ribet🙈"
7621493796127752980,2026-03-26T09:28:38.000Z,0,https://www.tiktok.com/@liputan6.sctv/video/7621442575928528129,https://www.tiktok.com/@liputan6.sctv/video/7621442575928528129?commentId=7621493796127752980,scraping_tiktok,akurapoopo1,Berat pak menteri cuman 5 tahun menjabat sedangkan asn semumur hidup
7621481058122859282,2026-03-26T08:39:10.000Z,0,https://www.tiktok.com/@liputan6.sctv/video/7621442575928528129,https://www.tiktok.com/@liputan6.sctv/video/7621442575928528129?commentId=7621481058122859282,scraping_tiktok,loncang.sledri7,Peninggalan agen CIA kan wkwkw
7621488236564595473,2026-03-26T09:07:05.000Z,0,https://www.tiktok.com/@liputan6.sctv/video/7621442575928528129,https://www.tiktok.com/@liputan6.sctv/video/7621442575928528129?commentId=7621488236564595473,scraping_tiktok,30isss,setuju dgn pak purbaya. enakan sistem lama dibanding cortex
7621503253637137173,2026-03-26T10:05:19.000Z,0,https://www.tiktok.com/@liputan6.sctv/video/7621442575928528129,https://www.tiktok.com/@liputan6.sctv/video/7621442575928528129?commentId=7621503253637137173,scraping_tiktok,moddy.dy,Emang bingung bgt
7622319689884451604,2026-03-28T14:53:30.000Z,0,https://www.tiktok.com/@liputan6.sctv/video/7621442575928528129,https://www.tiktok.com/@liputan6.sctv/video/7621442575928528129?commentId=7622319689884451604,scraping_tiktok,buyung2128,Ga jelas.....
7622281798608962320,2026-03-28T12:26:24.000Z,0,https://www.tiktok.com/@liputan6.sctv/video/7621442575928528129,https://www.tiktok.com/@liputan6.sctv/video/7621442575928528129?commentId=7622281798608962320,scraping_tiktok,kosutmtelang,"bener bangettt pak ribetttt, mnta tolong. udh bayar pajak, masih dsuruh bingung ngisi 🫠 kasian yg gak punya admin kyak saya"
7622280422281724679,2026-03-28T12:21:04.000Z,0,https://www.tiktok.com/@liputan6.sctv/video/7621442575928528129,https://www.tiktok.com/@liputan6.sctv/video/7621442575928528129?commentId=7622280422281724679,scraping_tiktok,bang_rwin_501,"trus klo negara yg salah dan menyulitkan, klo ada yg blom lapor spt apakah masih di denda apa di hukum..
trus yg hukum negara siapa.."
7622278586012402450,2026-03-28T12:14:06.000Z,0,https://www.tiktok.com/@liputan6.sctv/video/7621442575928528129,https://www.tiktok.com/@liputan6.sctv/video/7621442575928528129?commentId=7622278586012402450,scraping_tiktok,dbgaming__,software nya apa pak pihak ke 3 nya.. barangkali memudahkan 😂
7621444434140152594,2026-03-26T06:17:08.000Z,0,https://www.tiktok.com/@liputan6.sctv/video/7621442575928528129,https://www.tiktok.com/@liputan6.sctv/video/7621442575928528129?commentId=7621444434140152594,scraping_tiktok,barsss100,mumpung sepi bagi THR min
7622278046313300756,2026-03-28T12:11:53.000Z,0,https://www.tiktok.com/@liputan6.sctv/video/7621442575928528129,https://www.tiktok.com/@liputan6.sctv/video/7621442575928528129?commentId=7622278046313300756,scraping_tiktok,mentari_596,parah susah bgt lapor di coretax 😭
7622277844279280404,2026-03-28T12:11:14.000Z,0,https://www.tiktok.com/@liputan6.sctv/video/7621442575928528129,https://www.tiktok.com/@liputan6.sctv/video/7621442575928528129?commentId=7622277844279280404,scraping_tiktok,ramadhantika,iya pak ribet😭🤣
7622277786092372754,2026-03-28T12:10:56.000Z,0,https://www.tiktok.com/@liputan6.sctv/video/7621442575928528129,https://www.tiktok.com/@liputan6.sctv/video/7621442575928528129?commentId=7622277786092372754,scraping_tiktok,driant_aan,yang butuh laporan spt itu siapa? yang repot siapa?
7622276507633877767,2026-03-28T12:05:56.000Z,0,https://www.tiktok.com/@liputan6.sctv/video/7621442575928528129,https://www.tiktok.com/@liputan6.sctv/video/7621442575928528129?commentId=7622276507633877767,scraping_tiktok,hi.pebs,Desain web/app pemerintah mana ada yang oke si..
7622274889149580049,2026-03-28T11:59:44.000Z,0,https://www.tiktok.com/@liputan6.sctv/video/7621442575928528129,https://www.tiktok.com/@liputan6.sctv/video/7621442575928528129?commentId=7622274889149580049,scraping_tiktok,kamal_9999991,😳😳😳
7622274874866090760,2026-03-28T11:59:35.000Z,0,https://www.tiktok.com/@liputan6.sctv/video/7621442575928528129,https://www.tiktok.com/@liputan6.sctv/video/7621442575928528129?commentId=7622274874866090760,scraping_tiktok,keisha_lely,"agak kurusan ya pak,,sehat² sllu pak Purbaya🫶🏼"
7621497193660695316,2026-03-26T09:41:49.000Z,0,https://www.tiktok.com/@liputan6.sctv/video/7621442575928528129,https://www.tiktok.com/@liputan6.sctv/video/7621442575928528129?commentId=7621497193660695316,scraping_tiktok,komering_pr,"kok makin kurus ya pak Purbaya nya,, smngt terus pak semoga sehat selalu"
7621496409376457480,2026-03-26T09:38:42.000Z,0,https://www.tiktok.com/@liputan6.sctv/video/7621442575928528129,https://www.tiktok.com/@liputan6.sctv/video/7621442575928528129?commentId=7621496409376457480,scraping_tiktok,michael_abrhm,sewa gw sini sebagai UI/UX Designer gw susun information architecture-nya
7621496472906859281,2026-03-26T09:38:59.000Z,0,https://www.tiktok.com/@liputan6.sctv/video/7621442575928528129,https://www.tiktok.com/@liputan6.sctv/video/7621442575928528129?commentId=7621496472906859281,scraping_tiktok,darulaksa1,bener lagi haha
7622472531074335508,2026-03-29T00:46:43.000Z,0,https://www.tiktok.com/@liputan6.sctv/video/7621442575928528129,https://www.tiktok.com/@liputan6.sctv/video/7621442575928528129?commentId=7622472531074335508,scraping_tiktok,rfauji02,"betul..🤣🤣
bahasanya tolong jgn trllu tinggi yg penting gmpang di mengerti,yg bayar pajak bukan org"" yg ngerti pajak😢"
7621496497264165640,2026-03-26T09:39:07.000Z,0,https://www.tiktok.com/@liputan6.sctv/video/7621442575928528129,https://www.tiktok.com/@liputan6.sctv/video/7621442575928528129?commentId=7621496497264165640,scraping_tiktok,gloomysunflowers,iya pusing bgt
7621496542880400146,2026-03-26T09:39:11.000Z,0,https://www.tiktok.com/@liputan6.sctv/video/7621442575928528129,https://www.tiktok.com/@liputan6.sctv/video/7621442575928528129?commentId=7621496542880400146,scraping_tiktok,anhishop93,Beliau kelihatan kurus banget🥹
7621496828580446983,2026-03-26T09:40:24.000Z,0,https://www.tiktok.com/@liputan6.sctv/video/7621442575928528129,https://www.tiktok.com/@liputan6.sctv/video/7621442575928528129?commentId=7621496828580446983,scraping_tiktok,jl.store_official,"gue pas ngisi, gue ss terus suruh chat gpt maksdnya apa harys isi apa? 🤣"
7621497010109367056,2026-03-26T09:41:10.000Z,0,https://www.tiktok.com/@liputan6.sctv/video/7621442575928528129,https://www.tiktok.com/@liputan6.sctv/video/7621442575928528129?commentId=7621497010109367056,scraping_tiktok,publistic,Ribet banget asli. 😭
7621497136450945813,2026-03-26T09:41:40.000Z,0,https://www.tiktok.com/@liputan6.sctv/video/7621442575928528129,https://www.tiktok.com/@liputan6.sctv/video/7621442575928528129?commentId=7621497136450945813,scraping_tiktok,busanaveda,"kenapa kalian petugas pajak gak datengin aja orangnya, terus wawancara, biar lebih mudah. jangan cuma mau pajaknya doang."
7621497175315022612,2026-03-26T09:41:47.000Z,0,https://www.tiktok.com/@liputan6.sctv/video/7621442575928528129,https://www.tiktok.com/@liputan6.sctv/video/7621442575928528129?commentId=7621497175315022612,scraping_tiktok,kop.dono,"@Al Jazeera English @Metro TV @tvOneNews @lambe turah official @gerindra @Prabowo @KPK_RI @Gibran Rakabuming @Deddy Corbuzier @DENNY SUMARGO udah gw bayar
gw juga yg dibikin ribet"
7621496315898037013,2026-03-26T09:38:27.000Z,0,https://www.tiktok.com/@liputan6.sctv/video/7621442575928528129,https://www.tiktok.com/@liputan6.sctv/video/7621442575928528129?commentId=7621496315898037013,scraping_tiktok,iccallss,notis ngga awal pak purbaya masuk jadi menkeu dan pak purbaya sekarang.. raut mukanya beda bgt 🙏
7621497755605959444,2026-03-26T09:44:07.000Z,0,https://www.tiktok.com/@liputan6.sctv/video/7621442575928528129,https://www.tiktok.com/@liputan6.sctv/video/7621442575928528129?commentId=7621497755605959444,scraping_tiktok,enc23,"ribet pak
saya bingung"
7635707052895126293,2026-05-03T16:43:18.000Z,0,https://www.tiktok.com/@liputan6.sctv/video/7621442575928528129,https://www.tiktok.com/@liputan6.sctv/video/7621442575928528129?commentId=7635707052895126293,scraping_tiktok,bula714,Benar lagi
7622896514898084609,2026-03-30T04:11:57.000Z,0,https://www.tiktok.com/@liputan6.sctv/video/7621442575928528129,https://www.tiktok.com/@liputan6.sctv/video/7621442575928528129?commentId=7622896514898084609,scraping_tiktok,wostaff12,kyak mo susun skripsi ajaaa. pdhal cuma mo lapor ajaa😭😭😭
7622896314439516944,2026-03-30T04:11:11.000Z,0,https://www.tiktok.com/@liputan6.sctv/video/7621442575928528129,https://www.tiktok.com/@liputan6.sctv/video/7621442575928528129?commentId=7622896314439516944,scraping_tiktok,tzytzytzy2,"Ribettt ,kalo buat apa” bapak yg coba dlu"
7621502260019741447,2026-03-26T10:01:29.000Z,0,https://www.tiktok.com/@liputan6.sctv/video/7621442575928528129,https://www.tiktok.com/@liputan6.sctv/video/7621442575928528129?commentId=7621502260019741447,scraping_tiktok,elvirarosalina0,pliss pakk ganti yg lebih mudah biar g ribet .. harta ga semana pakk
7622300399618163477,2026-03-28T13:38:41.000Z,0,https://www.tiktok.com/@liputan6.sctv/video/7621442575928528129,https://www.tiktok.com/@liputan6.sctv/video/7621442575928528129?commentId=7622300399618163477,scraping_tiktok,user3244021113143,t aleg
7622299303013417735,2026-03-28T13:34:21.000Z,0,https://www.tiktok.com/@liputan6.sctv/video/7621442575928528129,https://www.tiktok.com/@liputan6.sctv/video/7621442575928528129?commentId=7622299303013417735,scraping_tiktok,serbaserbi.99,teknologi semakin canggih bukan untuk mempermudah tapi mempersulit manusia 😅😅😅
7622299008107971336,2026-03-28T13:33:15.000Z,0,https://www.tiktok.com/@liputan6.sctv/video/7621442575928528129,https://www.tiktok.com/@liputan6.sctv/video/7621442575928528129?commentId=7622299008107971336,scraping_tiktok,josjis_project,"gaji pokok 6 juta
PPh 21 kena 260 ribu ( berklg dan ank 1 )
gak salah nih itung nya 😌😌"
7622299019070423816,2026-03-28T13:33:13.000Z,0,https://www.tiktok.com/@liputan6.sctv/video/7621442575928528129,https://www.tiktok.com/@liputan6.sctv/video/7621442575928528129?commentId=7622299019070423816,scraping_tiktok,karbukotor13,"Buat PPh 21 karyawan pas klik bayar & lapor sering muncul ""WARN"" tanpa ngasi tau warning apaan. Dicoba besoknya baru mau lancar. Aneh"
7621502070617948948,2026-03-26T10:00:50.000Z,0,https://www.tiktok.com/@liputan6.sctv/video/7621442575928528129,https://www.tiktok.com/@liputan6.sctv/video/7621442575928528129?commentId=7621502070617948948,scraping_tiktok,bobbleheads96,"mungkin ini yang disebut cak nun kalo ada pejabat yang kurus dan lusuh ketika menjabat. itu lah orang yang benar benar kerja dan 100 persen mikirin rakyat. contoh bung Hatta, jendral Soedirman dan jendral hoegeng"
7622298612437123858,2026-03-28T13:31:37.000Z,0,https://www.tiktok.com/@liputan6.sctv/video/7621442575928528129,https://www.tiktok.com/@liputan6.sctv/video/7621442575928528129?commentId=7622298612437123858,scraping_tiktok,naleu__,Ribet bgt sumpah
7622297576918926097,2026-03-28T13:30:38.000Z,0,https://www.tiktok.com/@liputan6.sctv/video/7621442575928528129,https://www.tiktok.com/@liputan6.sctv/video/7621442575928528129?commentId=7622297576918926097,scraping_tiktok,hidupsehst,pak prubaya makin hari makin kurus😊
7621502184581088021,2026-03-26T10:01:16.000Z,0,https://www.tiktok.com/@liputan6.sctv/video/7621442575928528129,https://www.tiktok.com/@liputan6.sctv/video/7621442575928528129?commentId=7621502184581088021,scraping_tiktok,peternaktownship,"sehat sehat pak Pur. .
jaga kesehatan pak 😭😭😭"
7622297352452702997,2026-03-28T13:26:56.000Z,0,https://www.tiktok.com/@liputan6.sctv/video/7621442575928528129,https://www.tiktok.com/@liputan6.sctv/video/7621442575928528129?commentId=7622297352452702997,scraping_tiktok,pmt3970,"yaps desain, fitur, isi bahasa nya agak sulit dipahami. semoga pelaporan dll nya semakin dipermudah yaa. Karena pelaporan ini kan secara digital biar ga bolak balik gtu, tapi kalo dr mulai login apalagi pada saat pengisian sulit dipahami tentunya ini butuh pendamping (yg psti berimbas pendampingan secara langsung atau ke kantor pajak lagi).."
7622296296061272850,2026-03-28T13:22:41.000Z,0,https://www.tiktok.com/@liputan6.sctv/video/7621442575928528129,https://www.tiktok.com/@liputan6.sctv/video/7621442575928528129?commentId=7622296296061272850,scraping_tiktok,reishaqu,balik aj k DJP
7622296106122691346,2026-03-28T13:21:55.000Z,0,https://www.tiktok.com/@liputan6.sctv/video/7621442575928528129,https://www.tiktok.com/@liputan6.sctv/video/7621442575928528129?commentId=7622296106122691346,scraping_tiktok,na2_95aquarius,"betul pak, Krn pusing ku akali aja supaya nihil, terserah yg ptg gajiku sdh dipotong duluan, dari pada nambah beban hidup 😅"
7622300928175194887,2026-03-28T13:40:38.000Z,0,https://www.tiktok.com/@liputan6.sctv/video/7621442575928528129,https://www.tiktok.com/@liputan6.sctv/video/7621442575928528129?commentId=7622300928175194887,scraping_tiktok,michellerl_,Ya kannn @grc brarti bukan cuma aku yang bingung wkakakak
7622295345502241543,2026-03-28T13:18:59.000Z,0,https://www.tiktok.com/@liputan6.sctv/video/7621442575928528129,https://www.tiktok.com/@liputan6.sctv/video/7621442575928528129?commentId=7622295345502241543,scraping_tiktok,pengusahasukses888,program itu dibuat untuk uang pensiun menteri terdahulu 😂😂
7622294548684981010,2026-03-28T13:15:52.000Z,0,https://www.tiktok.com/@liputan6.sctv/video/7621442575928528129,https://www.tiktok.com/@liputan6.sctv/video/7621442575928528129?commentId=7622294548684981010,scraping_tiktok,winny3701,biasa nya lapor gampang ini ribet bgd jd males lapor
7622292880816063253,2026-03-28T13:09:29.000Z,0,https://www.tiktok.com/@liputan6.sctv/video/7621442575928528129,https://www.tiktok.com/@liputan6.sctv/video/7621442575928528129?commentId=7622292880816063253,scraping_tiktok,selepeey,Pak pur kurus banget:( smg sehat sllu pak
7622292312890360596,2026-03-28T13:07:16.000Z,0,https://www.tiktok.com/@liputan6.sctv/video/7621442575928528129,https://www.tiktok.com/@liputan6.sctv/video/7621442575928528129?commentId=7622292312890360596,scraping_tiktok,pang5_kumban9,"beda era, beda aplikasi, beda sistem, beda pelaporan. wajib pajak bingung 😭😭"
7622291453510828816,2026-03-28T13:03:56.000Z,0,https://www.tiktok.com/@liputan6.sctv/video/7621442575928528129,https://www.tiktok.com/@liputan6.sctv/video/7621442575928528129?commentId=7622291453510828816,scraping_tiktok,sindinurh,kondisi yang bikin:
7621498005040349970,2026-03-26T09:44:55.000Z,0,https://www.tiktok.com/@liputan6.sctv/video/7621442575928528129,https://www.tiktok.com/@liputan6.sctv/video/7621442575928528129?commentId=7621498005040349970,scraping_tiktok,spaammm99,"bukan kurang bagus pak, tapi kita nya yang puseng karena kitanya yang ngurusss😫😫"
7621497994030924565,2026-03-26T09:44:59.000Z,0,https://www.tiktok.com/@liputan6.sctv/video/7621442575928528129,https://www.tiktok.com/@liputan6.sctv/video/7621442575928528129?commentId=7621497994030924565,scraping_tiktok,mata.dj,Temanku punya pepatah: Sesuatu itu makin rumit semakin membutuhkan orang-orang kunci untuk melahirkan ketergantungan. Semakin besar ketergantungan maka semakin besar cuan cuan keluar 🤣😅😂 dasar temanku paling bisa melihat hal2 yg ngumpet
7621498175564727047,2026-03-26T09:45:38.000Z,0,https://www.tiktok.com/@liputan6.sctv/video/7621442575928528129,https://www.tiktok.com/@liputan6.sctv/video/7621442575928528129?commentId=7621498175564727047,scraping_tiktok,silver_lining2025,iya bnr ribet
7621498206622909192,2026-03-26T09:45:46.000Z,0,https://www.tiktok.com/@liputan6.sctv/video/7621442575928528129,https://www.tiktok.com/@liputan6.sctv/video/7621442575928528129?commentId=7621498206622909192,scraping_tiktok,dayliekohen,"baru td siang lapor.. setelah scroll nyari vid cara lapor di TT lebih 10x..
gw yg prontagonis aja bingung, gimana mereka2 yg figuran"
7621498314233873173,2026-03-26T09:46:14.000Z,0,https://www.tiktok.com/@liputan6.sctv/video/7621442575928528129,https://www.tiktok.com/@liputan6.sctv/video/7621442575928528129?commentId=7621498314233873173,scraping_tiktok,papap.mmalique,"Lah sadar, telat"
7621498433333822226,2026-03-26T09:46:34.000Z,0,https://www.tiktok.com/@liputan6.sctv/video/7621442575928528129,https://www.tiktok.com/@liputan6.sctv/video/7621442575928528129?commentId=7621498433333822226,scraping_tiktok,user170219884,"GW BINGUNG BANGET ANJ. SAMPE HRD KASIH PENJELASAN, MSH BINGGUNG. 😌"
7622412583984218897,2026-03-28T20:54:15.000Z,0,https://www.tiktok.com/@liputan6.sctv/video/7621442575928528129,https://www.tiktok.com/@liputan6.sctv/video/7621442575928528129?commentId=7622412583984218897,scraping_tiktok,amphibi77,"lapor kok dipaksa,,,
kita bayar kok,,seharusnya nerima laporan"
7622409555335086869,2026-03-28T20:42:23.000Z,0,https://www.tiktok.com/@liputan6.sctv/video/7621442575928528129,https://www.tiktok.com/@liputan6.sctv/video/7621442575928528129?commentId=7622409555335086869,scraping_tiktok,jotrophy,[Sticker] mana eps 2 sbr gw pur
7621498604587483925,2026-03-26T09:47:21.000Z,0,https://www.tiktok.com/@liputan6.sctv/video/7621442575928528129,https://www.tiktok.com/@liputan6.sctv/video/7621442575928528129?commentId=7621498604587483925,scraping_tiktok,lovleraaa,ih kurusan
7622397880972444433,2026-03-28T19:56:59.000Z,0,https://www.tiktok.com/@liputan6.sctv/video/7621442575928528129,https://www.tiktok.com/@liputan6.sctv/video/7621442575928528129?commentId=7622397880972444433,scraping_tiktok,blessing_everytime,@Purbaya Yudhi Sadewa hapus aja pak ganti jgn coretax²an
7621494838055420693,2026-03-26T09:32:39.000Z,0,https://www.tiktok.com/@liputan6.sctv/video/7621442575928528129,https://www.tiktok.com/@liputan6.sctv/video/7621442575928528129?commentId=7621494838055420693,scraping_tiktok,sidabutarbutar2,ngomong doang
7621494090094084865,2026-03-26T09:29:44.000Z,0,https://www.tiktok.com/@liputan6.sctv/video/7621442575928528129,https://www.tiktok.com/@liputan6.sctv/video/7621442575928528129?commentId=7621494090094084865,scraping_tiktok,dyrj0u5ghsqx,"kita yg bayar pajak, kita yg di suruh laporan, di bikin susa lgi, org pajak kerjanya apa❓😁"
7621447655809991444,2026-03-26T06:29:32.000Z,0,https://www.tiktok.com/@liputan6.sctv/video/7621442575928528129,https://www.tiktok.com/@liputan6.sctv/video/7621442575928528129?commentId=7621447655809991444,scraping_tiktok,hanihoney281,mang repot tu coretex sampek ambil cuti buat dateng ke kantor pajak
7621494376611218184,2026-03-26T09:30:53.000Z,0,https://www.tiktok.com/@liputan6.sctv/video/7621442575928528129,https://www.tiktok.com/@liputan6.sctv/video/7621442575928528129?commentId=7621494376611218184,scraping_tiktok,user3855304184,nah kenapa ga di selidiki ini aplikasi pakai dana besar tapi jelek banget
7621494629615321864,2026-03-26T09:31:49.000Z,0,https://www.tiktok.com/@liputan6.sctv/video/7621442575928528129,https://www.tiktok.com/@liputan6.sctv/video/7621442575928528129?commentId=7621494629615321864,scraping_tiktok,dendrsrh,"cuma mau bilang hati2 lapor pake coretax skrg, tadi hampir aja kena kurang bayar jutaan pdhl biasanya selalu nihil karna udh dipotong bupot A1, ternyata ada kolom yg harus dicentang supaya SPT nya nihil🫩🫩🫩"
7622390006225093396,2026-03-28T19:26:26.000Z,0,https://www.tiktok.com/@liputan6.sctv/video/7621442575928528129,https://www.tiktok.com/@liputan6.sctv/video/7621442575928528129?commentId=7622390006225093396,scraping_tiktok,mugi.irianto,"nice pak, @Purbaya Yudhi Sadewa udah pembuatan nya mahal banget"
7621494837540438804,2026-03-26T09:32:49.000Z,0,https://www.tiktok.com/@liputan6.sctv/video/7621442575928528129,https://www.tiktok.com/@liputan6.sctv/video/7621442575928528129?commentId=7621494837540438804,scraping_tiktok,novhyd,Djp biasanya lapor sendiri tp untuk coretax bingung jadi prg langsung ke kantor pajak
7621494925242499858,2026-03-26T09:32:58.000Z,0,https://www.tiktok.com/@liputan6.sctv/video/7621442575928528129,https://www.tiktok.com/@liputan6.sctv/video/7621442575928528129?commentId=7621494925242499858,scraping_tiktok,febbynovillia,bukan tambah simple malah tambah mumet pakkk..
7621495417850954517,2026-03-26T09:34:55.000Z,0,https://www.tiktok.com/@liputan6.sctv/video/7621442575928528129,https://www.tiktok.com/@liputan6.sctv/video/7621442575928528129?commentId=7621495417850954517,scraping_tiktok,agungprabowo775,Bahasa didalam cortex yang terlalu kaku..Pemerintah ingin masyarakat membayar pajak tapi aplikasinya bahasanya tidak luwes dan mudah dimengerti oleh masyarakat
7622490609768825607,2026-03-29T01:56:48.000Z,0,https://www.tiktok.com/@liputan6.sctv/video/7621442575928528129,https://www.tiktok.com/@liputan6.sctv/video/7621442575928528129?commentId=7622490609768825607,scraping_tiktok,esdenolsatusangkulirang,"byk yg sdh korban, gegara kurang bagus"
7621495477112013569,2026-03-26T09:35:12.000Z,0,https://www.tiktok.com/@liputan6.sctv/video/7621442575928528129,https://www.tiktok.com/@liputan6.sctv/video/7621442575928528129?commentId=7621495477112013569,scraping_tiktok,adityapradpt,Mau lihat gimana ruwetnya ekonomi/keuangannya Indonesia? Tengok pak Purbaya before after jadi menteri 🥺.
7621495600329196309,2026-03-26T09:35:42.000Z,0,https://www.tiktok.com/@liputan6.sctv/video/7621442575928528129,https://www.tiktok.com/@liputan6.sctv/video/7621442575928528129?commentId=7621495600329196309,scraping_tiktok,heiidiq,"error mulu, disuruh dateng ke kantor pajak di weekday padahal kami kerja hm"
7622488241584767765,2026-03-29T01:47:36.000Z,0,https://www.tiktok.com/@liputan6.sctv/video/7621442575928528129,https://www.tiktok.com/@liputan6.sctv/video/7621442575928528129?commentId=7622488241584767765,scraping_tiktok,sonny_dx,andai sudah di potong langsung tanpa lapor 🙏
7622123041037026055,2026-03-28T02:10:32.000Z,0,https://www.tiktok.com/@liputan6.sctv/video/7621442575928528129,https://www.tiktok.com/@liputan6.sctv/video/7621442575928528129?commentId=7622123041037026055,scraping_tiktok,likeadonads,"Bener banget pak, saya lebih suka yang DJP dibanding coretax"
7622487103972737793,2026-03-29T01:43:15.000Z,0,https://www.tiktok.com/@liputan6.sctv/video/7621442575928528129,https://www.tiktok.com/@liputan6.sctv/video/7621442575928528129?commentId=7622487103972737793,scraping_tiktok,apayyaah,ERROR MULU BJIRR SUSAH BANGET PADAHAL DAH BNERR
7621495867011547911,2026-03-26T09:36:43.000Z,0,https://www.tiktok.com/@liputan6.sctv/video/7621442575928528129,https://www.tiktok.com/@liputan6.sctv/video/7621442575928528129?commentId=7621495867011547911,scraping_tiktok,sagaraprastyo,fungsinya masyarakat lapor pajak untuk apa
7621496023219766034,2026-03-26T09:37:17.000Z,0,https://www.tiktok.com/@liputan6.sctv/video/7621442575928528129,https://www.tiktok.com/@liputan6.sctv/video/7621442575928528129?commentId=7621496023219766034,scraping_tiktok,hardyzk,Hbs ngisi spt kepalaku langsung puyeng 😌😌😌. Isi rincian nya buanyak banget. Data investasi minta sampe no npwp pemotong. Yoolong menekete. Gue beli reksadana mosok nanya npwp banknya berapa. Udh gt masuk bupot bupot yg ga tau bupot apaan. Isinya ga sampe 1000 pulak. Akhirnya lebib byr. Kagak jelas cuy
7621495336671412993,2026-03-26T09:37:50.000Z,0,https://www.tiktok.com/@liputan6.sctv/video/7621442575928528129,https://www.tiktok.com/@liputan6.sctv/video/7621442575928528129?commentId=7621495336671412993,scraping_tiktok,welelel23,"itu kayanya sengaja dah biar kita g lapor baru di denda 100 per tahun, lu bayangin aja warga indo di kali 100 rb😂"
7622329743417852680,2026-03-28T15:32:28.000Z,0,https://www.tiktok.com/@liputan6.sctv/video/7621442575928528129,https://www.tiktok.com/@liputan6.sctv/video/7621442575928528129?commentId=7622329743417852680,scraping_tiktok,bellacen20,Ada2 aja program² di Konoha utk mempersulit rakyatnya!!
7621501546132587284,2026-03-26T09:58:46.000Z,0,https://www.tiktok.com/@liputan6.sctv/video/7621442575928528129,https://www.tiktok.com/@liputan6.sctv/video/7621442575928528129?commentId=7621501546132587284,scraping_tiktok,setrikaaaan,jauh bgt kurusnya astaga pak pur
7622337870669972244,2026-03-28T16:04:02.000Z,0,https://www.tiktok.com/@liputan6.sctv/video/7621442575928528129,https://www.tiktok.com/@liputan6.sctv/video/7621442575928528129?commentId=7622337870669972244,scraping_tiktok,cher6216,Hatiku tetap lebih sreg dengan djponline😭👍🏻
7622337538207859463,2026-03-28T16:02:39.000Z,0,https://www.tiktok.com/@liputan6.sctv/video/7621442575928528129,https://www.tiktok.com/@liputan6.sctv/video/7621442575928528129?commentId=7622337538207859463,scraping_tiktok,lalalaaayeye15,😁😁😁
7622336447680627477,2026-03-28T15:58:30.000Z,0,https://www.tiktok.com/@liputan6.sctv/video/7621442575928528129,https://www.tiktok.com/@liputan6.sctv/video/7621442575928528129?commentId=7622336447680627477,scraping_tiktok,kiraaboy,"ribet pol pak, sistem baru makin sulit, ngajuin kasus dokumen 3 minggu lalu sampe sekarang ga ada kabar juga dari sistem"
7621501580148097813,2026-03-26T09:58:52.000Z,0,https://www.tiktok.com/@liputan6.sctv/video/7621442575928528129,https://www.tiktok.com/@liputan6.sctv/video/7621442575928528129?commentId=7621501580148097813,scraping_tiktok,rj22622,terus kenapa diterapkan...kok gak dituntut SMI Menkeu dulu
7622334688006832917,2026-03-28T15:51:42.000Z,0,https://www.tiktok.com/@liputan6.sctv/video/7621442575928528129,https://www.tiktok.com/@liputan6.sctv/video/7621442575928528129?commentId=7622334688006832917,scraping_tiktok,in.ursoul,Ga user friendly 😭
7622333831370474247,2026-03-28T15:48:18.000Z,0,https://www.tiktok.com/@liputan6.sctv/video/7621442575928528129,https://www.tiktok.com/@liputan6.sctv/video/7621442575928528129?commentId=7622333831370474247,scraping_tiktok,kangkuli787,alamat ganti lagi Bae ini mah
7621501697080787720,2026-03-26T09:59:16.000Z,0,https://www.tiktok.com/@liputan6.sctv/video/7621442575928528129,https://www.tiktok.com/@liputan6.sctv/video/7621442575928528129?commentId=7621501697080787720,scraping_tiktok,malaikat_kecil696,[Sticker] Sri Mulyani yang katanya menteri terbaik
7622333033387148040,2026-03-28T15:45:13.000Z,0,https://www.tiktok.com/@liputan6.sctv/video/7621442575928528129,https://www.tiktok.com/@liputan6.sctv/video/7621442575928528129?commentId=7622333033387148040,scraping_tiktok,melonhokau,@sasaaa
7622332069998330645,2026-03-28T15:41:35.000Z,0,https://www.tiktok.com/@liputan6.sctv/video/7621442575928528129,https://www.tiktok.com/@liputan6.sctv/video/7621442575928528129?commentId=7622332069998330645,scraping_tiktok,candra.sasmita8,"namanya birokrasi ada yang rumit ngapain cari yang simple,gitukan konsepnya 😁"
7622330024565768981,2026-03-28T15:33:34.000Z,0,https://www.tiktok.com/@liputan6.sctv/video/7621442575928528129,https://www.tiktok.com/@liputan6.sctv/video/7621442575928528129?commentId=7622330024565768981,scraping_tiktok,nurma_tiyas,"dibuat lebih simpel pak, biar dapat di mengerti orang orang awam."
7621501385339781906,2026-03-26T09:58:05.000Z,0,https://www.tiktok.com/@liputan6.sctv/video/7621442575928528129,https://www.tiktok.com/@liputan6.sctv/video/7621442575928528129?commentId=7621501385339781906,scraping_tiktok,rambotobi12,"pak kok auranya beda wktu awal jd menteri, skrg kok kurusan mana kyk lesuh, tdk semangat gtu"
7622329534021157653,2026-03-28T15:31:42.000Z,0,https://www.tiktok.com/@liputan6.sctv/video/7621442575928528129,https://www.tiktok.com/@liputan6.sctv/video/7621442575928528129?commentId=7622329534021157653,scraping_tiktok,silvara_155,gw juga bingung tuh Coretax Pak Pur
7622328009455141639,2026-03-28T15:25:49.000Z,0,https://www.tiktok.com/@liputan6.sctv/video/7621442575928528129,https://www.tiktok.com/@liputan6.sctv/video/7621442575928528129?commentId=7622328009455141639,scraping_tiktok,sputraabadi,mmg membingungkan pak
7622327200558367506,2026-03-28T15:22:37.000Z,0,https://www.tiktok.com/@liputan6.sctv/video/7621442575928528129,https://www.tiktok.com/@liputan6.sctv/video/7621442575928528129?commentId=7622327200558367506,scraping_tiktok,imendra05,Setuju — RIBET! Semoga ke depannya tim perpajakan bikin yang lebih memudahkan lagi. Tolong dengar aspirasi ini yak
7622326911460459284,2026-03-28T15:21:28.000Z,0,https://www.tiktok.com/@liputan6.sctv/video/7621442575928528129,https://www.tiktok.com/@liputan6.sctv/video/7621442575928528129?commentId=7622326911460459284,scraping_tiktok,deipeo,"orang pada serius semua dah, pak purbaya padahal lagi cosplay soeharto di nenit awal 😂😂"
7622326156717622034,2026-03-28T15:18:36.000Z,0,https://www.tiktok.com/@liputan6.sctv/video/7621442575928528129,https://www.tiktok.com/@liputan6.sctv/video/7621442575928528129?commentId=7622326156717622034,scraping_tiktok,riska.agustin.sus,Betul pak. Mohon bisa di-improve yah😇😁
7622324899470476053,2026-03-28T15:13:44.000Z,0,https://www.tiktok.com/@liputan6.sctv/video/7621442575928528129,https://www.tiktok.com/@liputan6.sctv/video/7621442575928528129?commentId=7622324899470476053,scraping_tiktok,onebitepretty,yuk gais pake jasa konsultan aja HEHE #marketingdiri
7622324101587419925,2026-03-28T15:10:36.000Z,0,https://www.tiktok.com/@liputan6.sctv/video/7621442575928528129,https://www.tiktok.com/@liputan6.sctv/video/7621442575928528129?commentId=7622324101587419925,scraping_tiktok,wirmaaaaaa,"Menu nya terlalu banyak, bahasa susah dipahami"
7622320833587643144,2026-03-28T14:57:55.000Z,0,https://www.tiktok.com/@liputan6.sctv/video/7621442575928528129,https://www.tiktok.com/@liputan6.sctv/video/7621442575928528129?commentId=7622320833587643144,scraping_tiktok,yuscup30,BINGUNG BANGETTTT
7622320731678917396,2026-03-28T14:57:37.000Z,0,https://www.tiktok.com/@liputan6.sctv/video/7621442575928528129,https://www.tiktok.com/@liputan6.sctv/video/7621442575928528129?commentId=7622320731678917396,scraping_tiktok,kakwidya,Ribet bgt pak lapor spt😩😩
7622320485115855634,2026-03-28T14:56:31.000Z,0,https://www.tiktok.com/@liputan6.sctv/video/7621442575928528129,https://www.tiktok.com/@liputan6.sctv/video/7621442575928528129?commentId=7622320485115855634,scraping_tiktok,romifxstudio,"saya setuju, tolong dong benahi aplikasi coretax buat lebih simpel untuk pelaporan pajak, bayangkan saja untuk pelaporan pajak aja harus cari tutorial, yuk coretax improvement secepatnya agar warga Indonesia lebih mudah dan senang untuk pelaporan pajak 🔥"
7622320338042667796,2026-03-28T14:56:00.000Z,0,https://www.tiktok.com/@liputan6.sctv/video/7621442575928528129,https://www.tiktok.com/@liputan6.sctv/video/7621442575928528129?commentId=7622320338042667796,scraping_tiktok,pengukir_soejarah,"Lumayan ribet lapor Sptnya, udah bayar suruh lapor sendiri pulaa.."
7622378027955503880,2026-03-28T18:39:50.000Z,0,https://www.tiktok.com/@liputan6.sctv/video/7621442575928528129,https://www.tiktok.com/@liputan6.sctv/video/7621442575928528129?commentId=7622378027955503880,scraping_tiktok,redhie_24,"g semua orng bs online serumit itu pak,,liat d negara luar pak,orng uda dpotong pjak,dsruh lpor pajak lg,,byk orng yg uda masa bodo pakk..trs orng pjak nya krjaan nya apa,bkn ksh playanan prima,gmpng buat orng nymn byr pjak,g ada smbut bola,,"
7622122981486281493,2026-03-28T02:10:19.000Z,0,https://www.tiktok.com/@liputan6.sctv/video/7621442575928528129,https://www.tiktok.com/@liputan6.sctv/video/7621442575928528129?commentId=7622122981486281493,scraping_tiktok,azizah240817,gue gak bisa bisa ini log in pak
7622122986698556180,2026-03-28T02:10:15.000Z,0,https://www.tiktok.com/@liputan6.sctv/video/7621442575928528129,https://www.tiktok.com/@liputan6.sctv/video/7621442575928528129?commentId=7622122986698556180,scraping_tiktok,96kipasangin,"Sebenernya bagus, cuma yaitu, bahasanya bener2 bahasa undang2 banget, jadi kita yg isi bingung"
7622124314549158677,2026-03-28T02:15:32.000Z,0,https://www.tiktok.com/@liputan6.sctv/video/7621442575928528129,https://www.tiktok.com/@liputan6.sctv/video/7621442575928528129?commentId=7622124314549158677,scraping_tiktok,fandy_147,"ribet memang, sampe sekarang spt induk ga bisa cetak😂😂"
7622121516017271572,2026-03-28T02:04:43.000Z,0,https://www.tiktok.com/@liputan6.sctv/video/7621442575928528129,https://www.tiktok.com/@liputan6.sctv/video/7621442575928528129?commentId=7622121516017271572,scraping_tiktok,stan_202503,"sprtnya mmg dibuat agar pake aplikasi pihak ketiga yg jd mitra DJP, kl mitra kan berbayar sdgkan CoreTax kam gretong, kl bs dipersulit buat dpt cuan, ngapain dibuat mudah. tau lah...😎"
7622121304930599701,2026-03-28T02:03:54.000Z,0,https://www.tiktok.com/@liputan6.sctv/video/7621442575928528129,https://www.tiktok.com/@liputan6.sctv/video/7621442575928528129?commentId=7622121304930599701,scraping_tiktok,kawijaya4,saya juga bingung pak
7622118743326098196,2026-03-28T01:57:35.000Z,0,https://www.tiktok.com/@liputan6.sctv/video/7621442575928528129,https://www.tiktok.com/@liputan6.sctv/video/7621442575928528129?commentId=7622118743326098196,scraping_tiktok,user2612608706561,semoga tetap sehat pak pur dn menjadi lebih baik kedepannya
7622118732849644309,2026-03-28T01:53:52.000Z,0,https://www.tiktok.com/@liputan6.sctv/video/7621442575928528129,https://www.tiktok.com/@liputan6.sctv/video/7621442575928528129?commentId=7622118732849644309,scraping_tiktok,denoari1,ember😅
7622118253330793234,2026-03-28T01:51:54.000Z,0,https://www.tiktok.com/@liputan6.sctv/video/7621442575928528129,https://www.tiktok.com/@liputan6.sctv/video/7621442575928528129?commentId=7622118253330793234,scraping_tiktok,asisdea22,"knpa sih lapor spt gak simple sja, malah di buat rumit anj"
7631837138301305621,2026-04-23T06:26:15.000Z,0,https://www.tiktok.com/@liputan6.sctv/video/7621442575928528129,https://www.tiktok.com/@liputan6.sctv/video/7621442575928528129?commentId=7631837138301305621,scraping_tiktok,zury.ze,Bahasanya campuran inggris dan indonesiaa tolong pak yg pasti2 aja kita sudah capek tiap kali error
7622114498460680981,2026-03-28T01:37:30.000Z,0,https://www.tiktok.com/@liputan6.sctv/video/7621442575928528129,https://www.tiktok.com/@liputan6.sctv/video/7621442575928528129?commentId=7622114498460680981,scraping_tiktok,boyz927,buatan big4 itu kan ya ?😏
7632005808130327317,2026-04-23T17:20:41.000Z,0,https://www.tiktok.com/@liputan6.sctv/video/7621442575928528129,https://www.tiktok.com/@liputan6.sctv/video/7621442575928528129?commentId=7632005808130327317,scraping_tiktok,akunefootballsejak2024,Mgak lapor di denda
7632127357667066645,2026-04-24T01:12:25.000Z,0,https://www.tiktok.com/@liputan6.sctv/video/7621442575928528129,https://www.tiktok.com/@liputan6.sctv/video/7621442575928528129?commentId=7632127357667066645,scraping_tiktok,heartbleed46,"terlalu ribet, beda jauh dengan yang di djp dulu, belum lagi sering error nya, paling tidak adakan lagi e form untuk coretax, supaya ga bejibun semua online input, uda tau server ga kuat"
7622124391878689537,2026-03-28T02:15:51.000Z,0,https://www.tiktok.com/@liputan6.sctv/video/7621442575928528129,https://www.tiktok.com/@liputan6.sctv/video/7621442575928528129?commentId=7622124391878689537,scraping_tiktok,every7sins,"ya udah sih, copy dari pihak ke tiga yang dibilang gak sulit, implementasi di coretax. kalau aplikasi pihak ke 3 bisa connect ke coretax ya berarti pengembang coretax ada main"
7622124584880161554,2026-03-28T02:16:28.000Z,0,https://www.tiktok.com/@liputan6.sctv/video/7621442575928528129,https://www.tiktok.com/@liputan6.sctv/video/7621442575928528129?commentId=7622124584880161554,scraping_tiktok,tabatumeong,cortex asliii ribeeet pak
7622124702128161552,2026-03-28T02:16:57.000Z,0,https://www.tiktok.com/@liputan6.sctv/video/7621442575928528129,https://www.tiktok.com/@liputan6.sctv/video/7621442575928528129?commentId=7622124702128161552,scraping_tiktok,diah.ambarsari0,sampai mau muntah kepala mau pecah bolak balik salah ribet banget mau nya apa sih pemerintah ini sudah susah dibikin susah lagi dgn urusan pajak padahal tiap tahun membayar cuma mau lapor susah banget kenapa nggak dibuat yg gampang sih
7622125533329113873,2026-03-28T02:20:09.000Z,0,https://www.tiktok.com/@liputan6.sctv/video/7621442575928528129,https://www.tiktok.com/@liputan6.sctv/video/7621442575928528129?commentId=7622125533329113873,scraping_tiktok,feriharyadi_85,kembalikan k djp aja pk
7622125626476004117,2026-03-28T02:20:28.000Z,0,https://www.tiktok.com/@liputan6.sctv/video/7621442575928528129,https://www.tiktok.com/@liputan6.sctv/video/7621442575928528129?commentId=7622125626476004117,scraping_tiktok,aurakasih_106,"Ribet bgt coretax, trus kalau ga bsa dftar ny online smdri, trus dtg ke kamtor ny, pelayanan ny tdk ramah , kasar itu berada di dharmasraya"
7622126753797309192,2026-03-28T02:24:58.000Z,0,https://www.tiktok.com/@liputan6.sctv/video/7621442575928528129,https://www.tiktok.com/@liputan6.sctv/video/7621442575928528129?commentId=7622126753797309192,scraping_tiktok,fys.audio,Coretaxx anjnngggg bikin susah aja hidup udah di ptong pjak tiap bulan msh harus lapor pajak apa ini negaraa. udah tau tiap bulan di potong pajak msih harus lapor bikin hdupp susah aja negara ini parah2.
7622127021494190856,2026-03-28T02:26:00.000Z,0,https://www.tiktok.com/@liputan6.sctv/video/7621442575928528129,https://www.tiktok.com/@liputan6.sctv/video/7621442575928528129?commentId=7622127021494190856,scraping_tiktok,biiiiim,betul banget
7631607588517511943,2026-04-22T15:35:14.000Z,0,https://www.tiktok.com/@liputan6.sctv/video/7621442575928528129,https://www.tiktok.com/@liputan6.sctv/video/7621442575928528129?commentId=7631607588517511943,scraping_tiktok,ryanimeylla,betul
7622127050376020754,2026-03-28T02:26:02.000Z,0,https://www.tiktok.com/@liputan6.sctv/video/7621442575928528129,https://www.tiktok.com/@liputan6.sctv/video/7621442575928528129?commentId=7622127050376020754,scraping_tiktok,taurus_rm,dari awal emang ga di cek
7622127125558805249,2026-03-28T02:26:18.000Z,0,https://www.tiktok.com/@liputan6.sctv/video/7621442575928528129,https://www.tiktok.com/@liputan6.sctv/video/7621442575928528129?commentId=7622127125558805249,scraping_tiktok,p0uwp0uw,coretax coretax
7631586883268952853,2026-04-22T14:14:58.000Z,0,https://www.tiktok.com/@liputan6.sctv/video/7621442575928528129,https://www.tiktok.com/@liputan6.sctv/video/7621442575928528129?commentId=7631586883268952853,scraping_tiktok,ikahnyami2,Lah bukan bahasanya emg ribettt apa lagi kita pekerja2 mo blngisi tu terlalu rumittt saya ajah puyeng
7631226372087137045,2026-04-21T14:56:03.000Z,0,https://www.tiktok.com/@liputan6.sctv/video/7621442575928528129,https://www.tiktok.com/@liputan6.sctv/video/7621442575928528129?commentId=7631226372087137045,scraping_tiktok,oxytocin92,"temanku udah pernah kena tipu gara"" datanya dicortex bocor"
7622129026953397000,2026-03-28T02:33:36.000Z,0,https://www.tiktok.com/@liputan6.sctv/video/7621442575928528129,https://www.tiktok.com/@liputan6.sctv/video/7621442575928528129?commentId=7622129026953397000,scraping_tiktok,yahiyayacape,Bener banget pakk
7634549943247946514,2026-04-30T13:53:06.000Z,0,https://www.tiktok.com/@liputan6.sctv/video/7621442575928528129,https://www.tiktok.com/@liputan6.sctv/video/7621442575928528129?commentId=7634549943247946514,scraping_tiktok,xxxtarra,@nickelodeon_irl
7622086408853029640,2026-03-27T23:48:19.000Z,0,https://www.tiktok.com/@liputan6.sctv/video/7621442575928528129,https://www.tiktok.com/@liputan6.sctv/video/7621442575928528129?commentId=7622086408853029640,scraping_tiktok,victor_imanuel19,"kantor pajak bikin ribet. uda potong pajak. suruh lapor lagi.
klau pajak sudah dipotong untuk negara. tdk usah lapor lapor bikin pusing saja"
7625585866550805249,2026-04-06T10:07:57.000Z,0,https://www.tiktok.com/@liputan6.sctv/video/7621442575928528129,https://www.tiktok.com/@liputan6.sctv/video/7621442575928528129?commentId=7625585866550805249,scraping_tiktok,ekobudi37,🤣
7622375405257016082,2026-03-28T18:29:41.000Z,0,https://www.tiktok.com/@liputan6.sctv/video/7621442575928528129,https://www.tiktok.com/@liputan6.sctv/video/7621442575928528129?commentId=7622375405257016082,scraping_tiktok,emayazzuhri,PK Pur jaga kesehatan 🥺
7621498804597031698,2026-03-26T09:48:04.000Z,0,https://www.tiktok.com/@liputan6.sctv/video/7621442575928528129,https://www.tiktok.com/@liputan6.sctv/video/7621442575928528129?commentId=7621498804597031698,scraping_tiktok,dalsim059,Dulu bilangnya bakalan di beresin pur? sampe bawa jago IT dari luar? 😹
7621498869310866184,2026-03-26T09:48:18.000Z,0,https://www.tiktok.com/@liputan6.sctv/video/7621442575928528129,https://www.tiktok.com/@liputan6.sctv/video/7621442575928528129?commentId=7621498869310866184,scraping_tiktok,mowjo_jojo,"Sudahlah proyek yg diurusin negara itu ujung2nya gak selesai dan balik ke metode lama, contohnya ektp"
7622360530586288918,2026-03-28T17:32:03.000Z,0,https://www.tiktok.com/@liputan6.sctv/video/7621442575928528129,https://www.tiktok.com/@liputan6.sctv/video/7621442575928528129?commentId=7622360530586288918,scraping_tiktok,wongedanpoland,pak pur benar2 mkir gimana cara perbaikin ekonomi yg udah dihancurin sama sri mulyani. .
7622360067091006225,2026-03-28T17:30:19.000Z,0,https://www.tiktok.com/@liputan6.sctv/video/7621442575928528129,https://www.tiktok.com/@liputan6.sctv/video/7621442575928528129?commentId=7622360067091006225,scraping_tiktok,k_priwe,pak pur jadi kurusaan Weh mikirin negara
7621498977506444049,2026-03-26T09:48:43.000Z,0,https://www.tiktok.com/@liputan6.sctv/video/7621442575928528129,https://www.tiktok.com/@liputan6.sctv/video/7621442575928528129?commentId=7621498977506444049,scraping_tiktok,hapizul.id,"Bisa ga sih ga usah lapor kan kita sudah terdaftar, tiap tahun tinggal bilang iyaaa pak saya masih kerjaaa sudah kan ,"
7622356210985698056,2026-03-28T17:15:14.000Z,0,https://www.tiktok.com/@liputan6.sctv/video/7621442575928528129,https://www.tiktok.com/@liputan6.sctv/video/7621442575928528129?commentId=7622356210985698056,scraping_tiktok,senyummanisaries,Betull pak
7621494041863848725,2026-03-26T09:29:37.000Z,0,https://www.tiktok.com/@liputan6.sctv/video/7621442575928528129,https://www.tiktok.com/@liputan6.sctv/video/7621442575928528129?commentId=7621494041863848725,scraping_tiktok,naufalsaif3,asli coretax ribet banget terlalu rumit untuk orang awam semoga bisa di perbaiki agar lebih mudah lapor pajak [cool]
7621500594650530567,2026-03-26T09:55:02.000Z,0,https://www.tiktok.com/@liputan6.sctv/video/7621442575928528129,https://www.tiktok.com/@liputan6.sctv/video/7621442575928528129?commentId=7621500594650530567,scraping_tiktok,marigoldkhj,bener desainnya gak bgt
7622349466061882129,2026-03-28T16:49:02.000Z,0,https://www.tiktok.com/@liputan6.sctv/video/7621442575928528129,https://www.tiktok.com/@liputan6.sctv/video/7621442575928528129?commentId=7622349466061882129,scraping_tiktok,intandwg,gajelas bgt sumpah saking ribet nya gw ampe sewa jasa joki😭
7622346165087290128,2026-03-28T16:36:27.000Z,0,https://www.tiktok.com/@liputan6.sctv/video/7621442575928528129,https://www.tiktok.com/@liputan6.sctv/video/7621442575928528129?commentId=7622346165087290128,scraping_tiktok,snadira07,Boleh transparan gak ya dana pajak kemana mana aja ? Jujur saya bayar pajak tiap bulan heran 😳
7622345270030238465,2026-03-28T16:32:43.000Z,0,https://www.tiktok.com/@liputan6.sctv/video/7621442575928528129,https://www.tiktok.com/@liputan6.sctv/video/7621442575928528129?commentId=7622345270030238465,scraping_tiktok,ulyacitrarahmawati1,"Nah ini. Aku mau bikin akun cortex ni, udah sukses. Email sudah sukses. Lha pas login gak bisa. Katanya email gak valid. Piye sih. Susah banget"
7622343736518247175,2026-03-28T16:26:54.000Z,0,https://www.tiktok.com/@liputan6.sctv/video/7621442575928528129,https://www.tiktok.com/@liputan6.sctv/video/7621442575928528129?commentId=7622343736518247175,scraping_tiktok,jas.words,makin kurus pak mentri
7621500643496772373,2026-03-26T09:55:12.000Z,0,https://www.tiktok.com/@liputan6.sctv/video/7621442575928528129,https://www.tiktok.com/@liputan6.sctv/video/7621442575928528129?commentId=7621500643496772373,scraping_tiktok,grindyloo,YA EMANGGGG!!
7621501114291143444,2026-03-26T09:57:07.000Z,0,https://www.tiktok.com/@liputan6.sctv/video/7621442575928528129,https://www.tiktok.com/@liputan6.sctv/video/7621442575928528129?commentId=7621501114291143444,scraping_tiktok,racuntikttok,coba perusahaan kasih QR code coretax scan kalo ada ga cocok kita tinggal rubah gaush banyak pertanyaan punya apapapapaapapa ribet emang pemerintah kasih apa tanya²
7621501279944688402,2026-03-26T09:57:39.000Z,0,https://www.tiktok.com/@liputan6.sctv/video/7621442575928528129,https://www.tiktok.com/@liputan6.sctv/video/7621442575928528129?commentId=7621501279944688402,scraping_tiktok,owan______,"sumpah cortex bikin sakit hati. kita yg bayar kita yg ribet, mending ribet yg penting bisa d selesaikan inj binggung ngk ngerti2 sama sekali gw, sumpah d katai bodo gpl lah, tp ini jelek bnget, sangat tidak adil. ngk laporan sebulan kena denda 500rb jdi kita kerja setengah mati, kita yg bayar pajak, tp kita yg repot setengah mati, eh d denda 500rb klo lupa laporan. trus pajaknya d korup pula, ampun lah."
7621501276203516692,2026-03-26T09:57:42.000Z,0,https://www.tiktok.com/@liputan6.sctv/video/7621442575928528129,https://www.tiktok.com/@liputan6.sctv/video/7621442575928528129?commentId=7621501276203516692,scraping_tiktok,yancesumatera,"ribet tdk friendly. dan tdk flexible utk diperbaiki.
pdhal tjuan utk menyampaikan laporan doang.pajaknya sdh di bayar"
7622341891984245512,2026-03-28T16:19:37.000Z,0,https://www.tiktok.com/@liputan6.sctv/video/7621442575928528129,https://www.tiktok.com/@liputan6.sctv/video/7621442575928528129?commentId=7622341891984245512,scraping_tiktok,foryourpagedong199,"rancangan sri mulyani itu, data wajib pajak ditelanjangi di coretax
gila emang"
7621458518990324501,2026-03-26T07:11:40.000Z,0,https://www.tiktok.com/@liputan6.sctv/video/7621442575928528129,https://www.tiktok.com/@liputan6.sctv/video/7621442575928528129?commentId=7621458518990324501,scraping_tiktok,zaskiyanovitaa,emang apa2 yg bersanhkutan sama pemerintah mah kebanyakan ribetnya... padahal diisi sama orang2 pinter
7624161252541268752,2026-04-02T13:59:46.000Z,0,https://www.tiktok.com/@liputan6.sctv/video/7621442575928528129,https://www.tiktok.com/@liputan6.sctv/video/7621442575928528129?commentId=7624161252541268752,scraping_tiktok,hiiiiiiiloooteen_,asliiii coretax kampret
7621457334359425812,2026-03-26T07:07:04.000Z,0,https://www.tiktok.com/@liputan6.sctv/video/7621442575928528129,https://www.tiktok.com/@liputan6.sctv/video/7621442575928528129?commentId=7621457334359425812,scraping_tiktok,erw_11er,kok makin kurus ya pak pur....sehat2 ya pak
7621457555482559253,2026-03-26T07:07:55.000Z,0,https://www.tiktok.com/@liputan6.sctv/video/7621442575928528129,https://www.tiktok.com/@liputan6.sctv/video/7621442575928528129?commentId=7621457555482559253,scraping_tiktok,nisrinalutviaaa,wkwkwk nah kann mana error mulu paa
7621457828453253889,2026-03-26T07:09:11.000Z,0,https://www.tiktok.com/@liputan6.sctv/video/7621442575928528129,https://www.tiktok.com/@liputan6.sctv/video/7621442575928528129?commentId=7621457828453253889,scraping_tiktok,yusriadi21_,Bikin ribet
7621457925383045908,2026-03-26T07:09:22.000Z,0,https://www.tiktok.com/@liputan6.sctv/video/7621442575928528129,https://www.tiktok.com/@liputan6.sctv/video/7621442575928528129?commentId=7621457925383045908,scraping_tiktok,srimusminah29,Ora ngerti pak
7621457717836759826,2026-03-26T07:09:32.000Z,0,https://www.tiktok.com/@liputan6.sctv/video/7621442575928528129,https://www.tiktok.com/@liputan6.sctv/video/7621442575928528129?commentId=7621457717836759826,scraping_tiktok,bang.ija,ribet pak
7621458031481848596,2026-03-26T07:09:45.000Z,0,https://www.tiktok.com/@liputan6.sctv/video/7621442575928528129,https://www.tiktok.com/@liputan6.sctv/video/7621442575928528129?commentId=7621458031481848596,scraping_tiktok,tyas8686,bener bgt yg bayar yg pusing
7621458100708492052,2026-03-26T07:10:02.000Z,0,https://www.tiktok.com/@liputan6.sctv/video/7621442575928528129,https://www.tiktok.com/@liputan6.sctv/video/7621442575928528129?commentId=7621458100708492052,scraping_tiktok,silsilfiyaa,Gw mau login aja kg bisa2
7623059905621148434,2026-03-30T14:45:53.000Z,0,https://www.tiktok.com/@liputan6.sctv/video/7621442575928528129,https://www.tiktok.com/@liputan6.sctv/video/7621442575928528129?commentId=7623059905621148434,scraping_tiktok,akunnpioo,bnerr ribetttt bgttt
7623058097712038676,2026-03-30T14:38:53.000Z,0,https://www.tiktok.com/@liputan6.sctv/video/7621442575928528129,https://www.tiktok.com/@liputan6.sctv/video/7621442575928528129?commentId=7623058097712038676,scraping_tiktok,kome.sdp,betul
7623058487349625618,2026-03-30T14:40:20.000Z,0,https://www.tiktok.com/@liputan6.sctv/video/7621442575928528129,https://www.tiktok.com/@liputan6.sctv/video/7621442575928528129?commentId=7623058487349625618,scraping_tiktok,mohammadsurah,"pelaporannya ribet tidak simple,,, lebih enak DJP dulu"
7622274007895638805,2026-03-28T11:56:17.000Z,0,https://www.tiktok.com/@liputan6.sctv/video/7621442575928528129,https://www.tiktok.com/@liputan6.sctv/video/7621442575928528129?commentId=7622274007895638805,scraping_tiktok,kentangasik,"ribet, bisa²nya tiap bulan bayar pajak bisa²nya pas lapor msh kurang bayar.🤣"
7623060460447318800,2026-03-30T14:48:05.000Z,0,https://www.tiktok.com/@liputan6.sctv/video/7621442575928528129,https://www.tiktok.com/@liputan6.sctv/video/7621442575928528129?commentId=7623060460447318800,scraping_tiktok,v1torajendra,"pajak ajj ribet,,...... GK semua orang bisa.. harus liat tutorial dulu"
7623060568669176583,2026-03-30T14:48:27.000Z,0,https://www.tiktok.com/@liputan6.sctv/video/7621442575928528129,https://www.tiktok.com/@liputan6.sctv/video/7621442575928528129?commentId=7623060568669176583,scraping_tiktok,bitszie,"tau kan disini knapa masyarakat gk mau lapor bukan karena takut tapi sulit,, muter gak jelass"
7623061105188209425,2026-03-30T14:50:35.000Z,0,https://www.tiktok.com/@liputan6.sctv/video/7621442575928528129,https://www.tiktok.com/@liputan6.sctv/video/7621442575928528129?commentId=7623061105188209425,scraping_tiktok,itsmee.za,"Tapi emng yg skrg ribet buat lapor pajak. Dlu yg bisa di blg ga ribet aja org pda males lapor pajak, apalagi ini😅"
7623062154673324808,2026-03-30T14:54:35.000Z,0,https://www.tiktok.com/@liputan6.sctv/video/7621442575928528129,https://www.tiktok.com/@liputan6.sctv/video/7621442575928528129?commentId=7623062154673324808,scraping_tiktok,kentut_paus1,@darakafam
7623063372271895317,2026-03-30T14:59:23.000Z,0,https://www.tiktok.com/@liputan6.sctv/video/7621442575928528129,https://www.tiktok.com/@liputan6.sctv/video/7621442575928528129?commentId=7623063372271895317,scraping_tiktok,destama_24,benar pak ganti aja ke yg sebelumnya
7623063822303068944,2026-03-30T15:01:03.000Z,0,https://www.tiktok.com/@liputan6.sctv/video/7621442575928528129,https://www.tiktok.com/@liputan6.sctv/video/7621442575928528129?commentId=7623063822303068944,scraping_tiktok,farrday_,"Kepada redaksi @Liputan6 SCTV dan pak @Purbaya Yudhi Sadewa yang terhormat, jika diberi kesempatan dan diizinkan saya dan Tim saya @Zarfix Ai inisiatif muda yang sepenuhnya talenta IT Anak Bangsa siap berkontribusi dan membantu untuk development aplikasi dan ekosistem Core Tax tanpa dibayar, karena besar harapan kami dapat berkontribusi terhadap Bangsa dan Negara 🙏"
7623065566848664328,2026-03-30T15:07:51.000Z,0,https://www.tiktok.com/@liputan6.sctv/video/7621442575928528129,https://www.tiktok.com/@liputan6.sctv/video/7621442575928528129?commentId=7623065566848664328,scraping_tiktok,ahmadmaulid540,Ribet banget mana susah
7623054635104436999,2026-03-30T14:25:26.000Z,0,https://www.tiktok.com/@liputan6.sctv/video/7621442575928528129,https://www.tiktok.com/@liputan6.sctv/video/7621442575928528129?commentId=7623054635104436999,scraping_tiktok,sigitfirmansyah56,purbaya makin kesini makin loyo.
7624372652987826952,2026-04-03T03:40:05.000Z,0,https://www.tiktok.com/@liputan6.sctv/video/7621442575928528129,https://www.tiktok.com/@liputan6.sctv/video/7621442575928528129?commentId=7624372652987826952,scraping_tiktok,mamik.solo8,"Bener bener sulit lapor pajak...
Tlong lah pak di bikin yg gampang & praktis....kita yg bayar pajak lapor pula...kl terlambat lapor didenda....tlong pak purbaya ....biar kita rakyat lapor pajak gk lier...gara gara lapor pajak ."
7623313430044607253,2026-03-31T07:09:43.000Z,0,https://www.tiktok.com/@liputan6.sctv/video/7621442575928528129,https://www.tiktok.com/@liputan6.sctv/video/7621442575928528129?commentId=7623313430044607253,scraping_tiktok,risss_310,"Ak pas 2024 bikin NPWP sndiri satset 10mnit jadi, skrg yg bikin gedek gak bisa login pdhl udh bener ntar telat didenda"
7623388941853541141,2026-03-31T12:02:50.000Z,0,https://www.tiktok.com/@liputan6.sctv/video/7621442575928528129,https://www.tiktok.com/@liputan6.sctv/video/7621442575928528129?commentId=7623388941853541141,scraping_tiktok,ebenrabung,"sengaja pasti itu petugas pajak, di persulit supaya mereka bisa denda"
7622075434310419208,2026-03-27T23:05:48.000Z,0,https://www.tiktok.com/@liputan6.sctv/video/7621442575928528129,https://www.tiktok.com/@liputan6.sctv/video/7621442575928528129?commentId=7622075434310419208,scraping_tiktok,faizanalfareezi,🤣🤣🤣
7623749409079296776,2026-04-01T11:21:32.000Z,0,https://www.tiktok.com/@liputan6.sctv/video/7621442575928528129,https://www.tiktok.com/@liputan6.sctv/video/7621442575928528129?commentId=7623749409079296776,scraping_tiktok,estehanget.02,harus nunggu pak pur dulu baru ada pergerakan itu yg namanya corotex 😏
7621456566113665800,2026-03-26T07:04:51.000Z,0,https://www.tiktok.com/@liputan6.sctv/video/7621442575928528129,https://www.tiktok.com/@liputan6.sctv/video/7621442575928528129?commentId=7621456566113665800,scraping_tiktok,andre.wong69,Betul sekali pak lawan transaksi harus isi manual padahal yg sebelumnya sdh tersimpan
7621456697462113032,2026-03-26T07:05:24.000Z,0,https://www.tiktok.com/@liputan6.sctv/video/7621442575928528129,https://www.tiktok.com/@liputan6.sctv/video/7621442575928528129?commentId=7621456697462113032,scraping_tiktok,oky.candra1,"setuju sekali...
ribet ribet"
7624413631233295111,2026-04-03T06:19:07.000Z,0,https://www.tiktok.com/@liputan6.sctv/video/7621442575928528129,https://www.tiktok.com/@liputan6.sctv/video/7621442575928528129?commentId=7624413631233295111,scraping_tiktok,sgixyzz,Kurusan pak pur
7621456974844740373,2026-03-26T07:05:42.000Z,0,https://www.tiktok.com/@liputan6.sctv/video/7621442575928528129,https://www.tiktok.com/@liputan6.sctv/video/7621442575928528129?commentId=7621456974844740373,scraping_tiktok,glorius36,membingungkan dan ribet
7621457004468765441,2026-03-26T07:05:48.000Z,0,https://www.tiktok.com/@liputan6.sctv/video/7621442575928528129,https://www.tiktok.com/@liputan6.sctv/video/7621442575928528129?commentId=7621457004468765441,scraping_tiktok,tebekgilang,LAPOR PAJAK DI CORETAX RIBETT
7621457148908782357,2026-03-26T07:06:22.000Z,0,https://www.tiktok.com/@liputan6.sctv/video/7621442575928528129,https://www.tiktok.com/@liputan6.sctv/video/7621442575928528129?commentId=7621457148908782357,scraping_tiktok,baimzamfais,ribet
7621457254356960021,2026-03-26T07:06:44.000Z,0,https://www.tiktok.com/@liputan6.sctv/video/7621442575928528129,https://www.tiktok.com/@liputan6.sctv/video/7621442575928528129?commentId=7621457254356960021,scraping_tiktok,zanaro00760076,MREKA YG NARIK DUIT...KITA YG DISURUH LAPOR
7621462435388015380,2026-03-26T07:26:51.000Z,0,https://www.tiktok.com/@liputan6.sctv/video/7621442575928528129,https://www.tiktok.com/@liputan6.sctv/video/7621442575928528129?commentId=7621462435388015380,scraping_tiktok,dnnmkyl,"coretax nyusahin, nambah2i kerjaan, gaji uda kepotong, kita yg repot😌
Apalagi bendahara2, menangis🥲"
7621461050961478420,2026-03-26T07:21:28.000Z,0,https://www.tiktok.com/@liputan6.sctv/video/7621442575928528129,https://www.tiktok.com/@liputan6.sctv/video/7621442575928528129?commentId=7621461050961478420,scraping_tiktok,izham.miskam,marah pak luhut oiiii..
7621461218721186580,2026-03-26T07:22:08.000Z,0,https://www.tiktok.com/@liputan6.sctv/video/7621442575928528129,https://www.tiktok.com/@liputan6.sctv/video/7621442575928528129?commentId=7621461218721186580,scraping_tiktok,maz.agam,agk kurusan sekarang🙏🙏
7623719278080475911,2026-04-01T09:24:40.000Z,0,https://www.tiktok.com/@liputan6.sctv/video/7621442575928528129,https://www.tiktok.com/@liputan6.sctv/video/7621442575928528129?commentId=7623719278080475911,scraping_tiktok,jozzy957,siapa sih yg bikin prog coretax? brp biayanya? karya anak bangsa? 😄
7621461461612626708,2026-03-26T07:23:03.000Z,0,https://www.tiktok.com/@liputan6.sctv/video/7621442575928528129,https://www.tiktok.com/@liputan6.sctv/video/7621442575928528129?commentId=7621461461612626708,scraping_tiktok,herman.angran,roman2nya diganti nih coretax 😂
7621461904518972181,2026-03-26T07:24:47.000Z,0,https://www.tiktok.com/@liputan6.sctv/video/7621442575928528129,https://www.tiktok.com/@liputan6.sctv/video/7621442575928528129?commentId=7621461904518972181,scraping_tiktok,zelineee_6,pak pur sehat2 yaaa
7621462145649689361,2026-03-26T07:25:51.000Z,0,https://www.tiktok.com/@liputan6.sctv/video/7621442575928528129,https://www.tiktok.com/@liputan6.sctv/video/7621442575928528129?commentId=7621462145649689361,scraping_tiktok,hujan.guntur2,ribet lebih gampang yang dulu
7621462205456220949,2026-03-26T07:25:58.000Z,0,https://www.tiktok.com/@liputan6.sctv/video/7621442575928528129,https://www.tiktok.com/@liputan6.sctv/video/7621442575928528129?commentId=7621462205456220949,scraping_tiktok,whwaaa99,sebagai gen z yang menguasai teknologi gua akui ngisi coretax itu ribet nyusahin
7621462212179952404,2026-03-26T07:26:00.000Z,0,https://www.tiktok.com/@liputan6.sctv/video/7621442575928528129,https://www.tiktok.com/@liputan6.sctv/video/7621442575928528129?commentId=7621462212179952404,scraping_tiktok,pluviorevee,hasil karya anak magang dengan vibe codingnya dan anggaran selangit. patut diapresiasi kepintaran pemerintahan mencari vendor yg ga becus
7621462383172944641,2026-03-26T07:26:40.000Z,0,https://www.tiktok.com/@liputan6.sctv/video/7621442575928528129,https://www.tiktok.com/@liputan6.sctv/video/7621442575928528129?commentId=7621462383172944641,scraping_tiktok,tikacan92,setuju pak hapus aja la coretex biar ga pusing
7621462385526522640,2026-03-26T07:26:42.000Z,0,https://www.tiktok.com/@liputan6.sctv/video/7621442575928528129,https://www.tiktok.com/@liputan6.sctv/video/7621442575928528129?commentId=7621462385526522640,scraping_tiktok,cangciments,"core tax susah pakk, sampe hari ini malah ga bisa submitt"
7621460967280624401,2026-03-26T07:21:15.000Z,0,https://www.tiktok.com/@liputan6.sctv/video/7621442575928528129,https://www.tiktok.com/@liputan6.sctv/video/7621442575928528129?commentId=7621460967280624401,scraping_tiktok,disappear_lonely,"hidupnya baik2 saja sblm masuk jd mentri.
kesian juga. mau berjuang lurus dan bersih di konoha itu nggk mgkn. krn dah pasti ada tuntutan dari atasan."
7621462707318260500,2026-03-26T07:27:55.000Z,0,https://www.tiktok.com/@liputan6.sctv/video/7621442575928528129,https://www.tiktok.com/@liputan6.sctv/video/7621442575928528129?commentId=7621462707318260500,scraping_tiktok,ronaldpandaparabang,"@Purbaya Yudhi Sadewa maaf pak cuman saran pak lau bisa d buat lebih muda sperti blanja barang d tiktok
masa blanja barang lbih muda dr pada bayar pajak pak.... maaf pak cuman saran ja"
7621462706404721429,2026-03-26T07:27:57.000Z,0,https://www.tiktok.com/@liputan6.sctv/video/7621442575928528129,https://www.tiktok.com/@liputan6.sctv/video/7621442575928528129?commentId=7621462706404721429,scraping_tiktok,fanatics_54,cuma pelaporan spt tahunanya yg rumit
7621462708035257108,2026-03-26T07:27:57.000Z,0,https://www.tiktok.com/@liputan6.sctv/video/7621442575928528129,https://www.tiktok.com/@liputan6.sctv/video/7621442575928528129?commentId=7621462708035257108,scraping_tiktok,tiramatchaww,"pakk, sehat² yaaa"
7621462810819609365,2026-03-26T07:28:17.000Z,0,https://www.tiktok.com/@liputan6.sctv/video/7621442575928528129,https://www.tiktok.com/@liputan6.sctv/video/7621442575928528129?commentId=7621462810819609365,scraping_tiktok,js.p.s,😂😂😂
7621503354854048532,2026-03-26T10:05:44.000Z,0,https://www.tiktok.com/@liputan6.sctv/video/7621442575928528129,https://www.tiktok.com/@liputan6.sctv/video/7621442575928528129?commentId=7621503354854048532,scraping_tiktok,putraaaaa_88,"bener banget bikin bingung
uda penghasilan dipotong, lapor sendiri, jalanan dan fasilitas lain masih rusak, gini bgt 😭"
7621503374160134928,2026-03-26T10:05:48.000Z,0,https://www.tiktok.com/@liputan6.sctv/video/7621442575928528129,https://www.tiktok.com/@liputan6.sctv/video/7621442575928528129?commentId=7621503374160134928,scraping_tiktok,andis_83,ribet makin susah banggggsssaatt
7621503674133840648,2026-03-26T10:07:00.000Z,0,https://www.tiktok.com/@liputan6.sctv/video/7621442575928528129,https://www.tiktok.com/@liputan6.sctv/video/7621442575928528129?commentId=7621503674133840648,scraping_tiktok,denwah88,"makanya penerimaan pajak nya menurun, isinya aja susah"
7621503792110813953,2026-03-26T10:07:27.000Z,0,https://www.tiktok.com/@liputan6.sctv/video/7621442575928528129,https://www.tiktok.com/@liputan6.sctv/video/7621442575928528129?commentId=7621503792110813953,scraping_tiktok,coffeecoldture,"Pak purbaya, karyawan pajak kan banyak, perusahaan juga udah mendaftar di perpajakan, tolong dong bikin kalo kita udah bayar pajak nah udah sekaligus lapor pajak, masa kita yang bayar kita juga yang lapor -_- mana potong dulu baru lapor."
7621503908670735111,2026-03-26T10:07:52.000Z,0,https://www.tiktok.com/@liputan6.sctv/video/7621442575928528129,https://www.tiktok.com/@liputan6.sctv/video/7621442575928528129?commentId=7621503908670735111,scraping_tiktok,gundammessi,"Satu lagi nih pak, kita aja nih pak istilahnya klo di mintain uang tukang parkir gak perlu tuh lapor. Kenapa pajak di Indonesia udh kita yang bayar, kita juga yang perlu lapor. Kan padahal udh jelas tuh di perusahaan tempat saya kerja lapor pph 21 tiap bulan. Udh kita bayar kita jg di bikin ribet laporan pajak. Lah orang pajak ngapain dah"
7621504173469057800,2026-03-26T10:08:51.000Z,0,https://www.tiktok.com/@liputan6.sctv/video/7621442575928528129,https://www.tiktok.com/@liputan6.sctv/video/7621442575928528129?commentId=7621504173469057800,scraping_tiktok,adalahpokoknyaaa43,Asliii ribet bgtt jujur 😭
7622265221093458705,2026-03-28T11:22:22.000Z,0,https://www.tiktok.com/@liputan6.sctv/video/7621442575928528129,https://www.tiktok.com/@liputan6.sctv/video/7621442575928528129?commentId=7622265221093458705,scraping_tiktok,arxcadia,"gw yg bayar, gw yg lapor, gw yg kena denda, mereka yg punya rubicon 😂"
7621504300283380498,2026-03-26T10:09:19.000Z,0,https://www.tiktok.com/@liputan6.sctv/video/7621442575928528129,https://www.tiktok.com/@liputan6.sctv/video/7621442575928528129?commentId=7621504300283380498,scraping_tiktok,chane6299,"coretax , proyek akal akalaan pegawai pajak , kita yang bayar , kita yang lapor , kita yang ribet ."
7622262485026800391,2026-03-28T11:11:31.000Z,0,https://www.tiktok.com/@liputan6.sctv/video/7621442575928528129,https://www.tiktok.com/@liputan6.sctv/video/7621442575928528129?commentId=7622262485026800391,scraping_tiktok,idoraba_,Harus ada harta lagi pas laporan setan emang
7621504362054058759,2026-03-26T10:09:42.000Z,0,https://www.tiktok.com/@liputan6.sctv/video/7621442575928528129,https://www.tiktok.com/@liputan6.sctv/video/7621442575928528129?commentId=7621504362054058759,scraping_tiktok,makanyajadijahat,triliunan lo wkwkw
7622260556263932693,2026-03-28T11:04:07.000Z,0,https://www.tiktok.com/@liputan6.sctv/video/7621442575928528129,https://www.tiktok.com/@liputan6.sctv/video/7621442575928528129?commentId=7622260556263932693,scraping_tiktok,gustiantomy_23,"bikin bingung bikin pusing lemottt jugaa lagi,,harus nya rakyat sudah bayar pajak jgn segala di persulit harus bikin laporan juga,,harus nya rakyat Nerima bukti laporan doang dri pihak pajak"
7621504487664222983,2026-03-26T10:10:04.000Z,0,https://www.tiktok.com/@liputan6.sctv/video/7621442575928528129,https://www.tiktok.com/@liputan6.sctv/video/7621442575928528129?commentId=7621504487664222983,scraping_tiktok,paglenn,😆
7621504690090115861,2026-03-26T10:10:57.000Z,0,https://www.tiktok.com/@liputan6.sctv/video/7621442575928528129,https://www.tiktok.com/@liputan6.sctv/video/7621442575928528129?commentId=7621504690090115861,scraping_tiktok,bismeluck,bang udah bang tinggal masukin ke AI jadi🥰
7621504901366366997,2026-03-26T10:11:50.000Z,0,https://www.tiktok.com/@liputan6.sctv/video/7621442575928528129,https://www.tiktok.com/@liputan6.sctv/video/7621442575928528129?commentId=7621504901366366997,scraping_tiktok,cipy_y7,Jelek webnya
7621505119167005448,2026-03-26T10:12:33.000Z,0,https://www.tiktok.com/@liputan6.sctv/video/7621442575928528129,https://www.tiktok.com/@liputan6.sctv/video/7621442575928528129?commentId=7621505119167005448,scraping_tiktok,icebeeland,harusnya sistem teknologi makin maju nga usah ribetin rakyat hrsnya ky luar rakyat yg dpt pelaporan oke apa nga betul apa nga gt aja ribet dan semua pajak uda final ya uda
7621505199487730452,2026-03-26T10:12:52.000Z,0,https://www.tiktok.com/@liputan6.sctv/video/7621442575928528129,https://www.tiktok.com/@liputan6.sctv/video/7621442575928528129?commentId=7621505199487730452,scraping_tiktok,indira_dira4,Sadar gasi..gaji kepotong byk bet buat pajak😩😩😩
7621505706428859157,2026-03-26T10:14:54.000Z,0,https://www.tiktok.com/@liputan6.sctv/video/7621442575928528129,https://www.tiktok.com/@liputan6.sctv/video/7621442575928528129?commentId=7621505706428859157,scraping_tiktok,onetapdie,ganti email di coretax selalu error
7621503216781591317,2026-03-26T10:05:09.000Z,0,https://www.tiktok.com/@liputan6.sctv/video/7621442575928528129,https://www.tiktok.com/@liputan6.sctv/video/7621442575928528129?commentId=7621503216781591317,scraping_tiktok,masraflitoyota,"mas @David Alfa Sunarna seru nih episode baru, udh mulai kebuka soal desain, trus flowchart yg ruwet, bhs yg susah, sampe ketemu celah cuan atau lapak jasa 😂"
7623070807367746312,2026-03-30T15:28:13.000Z,0,https://www.tiktok.com/@liputan6.sctv/video/7621442575928528129,https://www.tiktok.com/@liputan6.sctv/video/7621442575928528129?commentId=7623070807367746312,scraping_tiktok,oyekk.f,Yaa terlalu ribet
7623065758553408274,2026-03-30T15:08:34.000Z,0,https://www.tiktok.com/@liputan6.sctv/video/7621442575928528129,https://www.tiktok.com/@liputan6.sctv/video/7621442575928528129?commentId=7623065758553408274,scraping_tiktok,paparyuga_88,Ribet petugas pajaknya ditanya juga bingung apalagi kita
7634371298118042376,2026-04-30T02:19:55.000Z,0,https://www.tiktok.com/@liputan6.sctv/video/7621442575928528129,https://www.tiktok.com/@liputan6.sctv/video/7621442575928528129?commentId=7634371298118042376,scraping_tiktok,nagaoroekhh,kesalahannya adalah yang pribadi dikasih relaksasi yang badan gak. server down karna semua mau lapor perorangan dan badan.
7623067170386723602,2026-03-30T15:14:08.000Z,0,https://www.tiktok.com/@liputan6.sctv/video/7621442575928528129,https://www.tiktok.com/@liputan6.sctv/video/7621442575928528129?commentId=7623067170386723602,scraping_tiktok,citi_day13,"Saya mau pake Coretax mau Login juga Sangat susah, Ribet Banget parah!!!!"
7623067424981009170,2026-03-30T15:15:04.000Z,0,https://www.tiktok.com/@liputan6.sctv/video/7621442575928528129,https://www.tiktok.com/@liputan6.sctv/video/7621442575928528129?commentId=7623067424981009170,scraping_tiktok,tokozahwa0,iya ribet
7623068714153804545,2026-03-30T15:20:03.000Z,0,https://www.tiktok.com/@liputan6.sctv/video/7621442575928528129,https://www.tiktok.com/@liputan6.sctv/video/7621442575928528129?commentId=7623068714153804545,scraping_tiktok,andikaahmadinejad7,"ribet banget kita yg bayar kita yg susah, petugas pajak cuman duduk2 di kantor"
7623069131198006036,2026-03-30T15:21:41.000Z,0,https://www.tiktok.com/@liputan6.sctv/video/7621442575928528129,https://www.tiktok.com/@liputan6.sctv/video/7621442575928528129?commentId=7623069131198006036,scraping_tiktok,maldini1388,"mumeet pak mumeetttttt..kita sdh bayar harus laporr klo salah dendaa
wess mbuuh kono karepmuuu"
7623070160924623624,2026-03-30T15:25:39.000Z,0,https://www.tiktok.com/@liputan6.sctv/video/7621442575928528129,https://www.tiktok.com/@liputan6.sctv/video/7621442575928528129?commentId=7623070160924623624,scraping_tiktok,sweetiesalways,Betul bikin bingung aplikasi kemenekeu ini
7634479065211339541,2026-04-30T09:18:20.000Z,0,https://www.tiktok.com/@liputan6.sctv/video/7621442575928528129,https://www.tiktok.com/@liputan6.sctv/video/7621442575928528129?commentId=7634479065211339541,scraping_tiktok,lince_80,"sudah tahu salah kenapa ga diselesaikan, pemerintah"
7623072336014983956,2026-03-30T15:34:08.000Z,0,https://www.tiktok.com/@liputan6.sctv/video/7621442575928528129,https://www.tiktok.com/@liputan6.sctv/video/7621442575928528129?commentId=7623072336014983956,scraping_tiktok,nindyar7,ribet bgt takut salah klik 😂 tp bismillah udh slesai dri awal maret kmren
7622255456567952146,2026-03-28T10:44:14.000Z,0,https://www.tiktok.com/@liputan6.sctv/video/7621442575928528129,https://www.tiktok.com/@liputan6.sctv/video/7621442575928528129?commentId=7622255456567952146,scraping_tiktok,uchanodaziele,"pajak udah dipotong perusahaan, pas lapor malah kena kurang bayar😂😂😂😂"
7634480148101530389,2026-04-30T09:22:26.000Z,0,https://www.tiktok.com/@liputan6.sctv/video/7621442575928528129,https://www.tiktok.com/@liputan6.sctv/video/7621442575928528129?commentId=7634480148101530389,scraping_tiktok,dodysetiawanwidodo,error
7623079462804112146,2026-03-30T16:01:46.000Z,0,https://www.tiktok.com/@liputan6.sctv/video/7621442575928528129,https://www.tiktok.com/@liputan6.sctv/video/7621442575928528129?commentId=7623079462804112146,scraping_tiktok,nurjanahtoliu,"iyaa lagi, coretax jelek bgt"
7622255186145575700,2026-03-28T10:43:20.000Z,0,https://www.tiktok.com/@liputan6.sctv/video/7621442575928528129,https://www.tiktok.com/@liputan6.sctv/video/7621442575928528129?commentId=7622255186145575700,scraping_tiktok,puputtt1995,@venda🍓
7622253874221351698,2026-03-28T10:38:09.000Z,0,https://www.tiktok.com/@liputan6.sctv/video/7621442575928528129,https://www.tiktok.com/@liputan6.sctv/video/7621442575928528129?commentId=7622253874221351698,scraping_tiktok,beejugaajalah,bener pak buat orang gaptek gak ngerti mau lapor pajak.
7623048062366106386,2026-03-30T13:59:57.000Z,0,https://www.tiktok.com/@liputan6.sctv/video/7621442575928528129,https://www.tiktok.com/@liputan6.sctv/video/7621442575928528129?commentId=7623048062366106386,scraping_tiktok,rand_om94,"udah pusing2 di lapor.
sekarang bilang aplikasinya kurang bagus,
bisa jadi tahun depan rubah lagi cara lapornya.
sebegitunya ya jadi WNI😭😭🙏"
7622480890098926353,2026-03-29T01:19:25.000Z,0,https://www.tiktok.com/@liputan6.sctv/video/7621442575928528129,https://www.tiktok.com/@liputan6.sctv/video/7621442575928528129?commentId=7622480890098926353,scraping_tiktok,miss_kolbano,betul
7622479921474929425,2026-03-29T01:15:26.000Z,0,https://www.tiktok.com/@liputan6.sctv/video/7621442575928528129,https://www.tiktok.com/@liputan6.sctv/video/7621442575928528129?commentId=7622479921474929425,scraping_tiktok,yadhipri76,bikin bingung harusnya bikin web atau aplikasi yang simpel praktydan aman.
7622341886129177351,2026-03-28T16:19:37.000Z,0,https://www.tiktok.com/@liputan6.sctv/video/7621442575928528129,https://www.tiktok.com/@liputan6.sctv/video/7621442575928528129?commentId=7622341886129177351,scraping_tiktok,mita17092,pak Purbaya knp ? kurusan banget....sehat2 ya pak
7621492304625091346,2026-03-26T09:22:49.000Z,0,https://www.tiktok.com/@liputan6.sctv/video/7621442575928528129,https://www.tiktok.com/@liputan6.sctv/video/7621442575928528129?commentId=7621492304625091346,scraping_tiktok,putuastawa737,buat pelaporan pajak itu yg simple pak biar tidak membingungkan
7621452017429332753,2026-03-26T06:46:28.000Z,0,https://www.tiktok.com/@liputan6.sctv/video/7621442575928528129,https://www.tiktok.com/@liputan6.sctv/video/7621442575928528129?commentId=7621452017429332753,scraping_tiktok,andi.l571,pak PP UMKM sampai sekarang blm keluar juga. rakyat patuh mau bayar pajak sampai sekarang bingung
7621452049351656209,2026-03-26T06:46:33.000Z,0,https://www.tiktok.com/@liputan6.sctv/video/7621442575928528129,https://www.tiktok.com/@liputan6.sctv/video/7621442575928528129?commentId=7621452049351656209,scraping_tiktok,user7271744770484,dananya brapa tu buatin coretex
7621452114245944080,2026-03-26T06:46:48.000Z,0,https://www.tiktok.com/@liputan6.sctv/video/7621442575928528129,https://www.tiktok.com/@liputan6.sctv/video/7621442575928528129?commentId=7621452114245944080,scraping_tiktok,masna.sijabat7,biar semua bayar pajak... laporannya jangan bikin ribet... ngurus pajak aja sudah buat bingung...
7621452320299778837,2026-03-26T06:47:38.000Z,0,https://www.tiktok.com/@liputan6.sctv/video/7621442575928528129,https://www.tiktok.com/@liputan6.sctv/video/7621442575928528129?commentId=7621452320299778837,scraping_tiktok,badar101089,Purbaya suda mulai kurus ia?
7621452044419695378,2026-03-26T06:47:42.000Z,0,https://www.tiktok.com/@liputan6.sctv/video/7621442575928528129,https://www.tiktok.com/@liputan6.sctv/video/7621442575928528129?commentId=7621452044419695378,scraping_tiktok,nyasinarnyacahaya,sehat selalu pak
7621452378806108949,2026-03-26T06:47:49.000Z,0,https://www.tiktok.com/@liputan6.sctv/video/7621442575928528129,https://www.tiktok.com/@liputan6.sctv/video/7621442575928528129?commentId=7621452378806108949,scraping_tiktok,linda.arisandi8,emang bikin bingung....
7621452469121794837,2026-03-26T06:48:11.000Z,0,https://www.tiktok.com/@liputan6.sctv/video/7621442575928528129,https://www.tiktok.com/@liputan6.sctv/video/7621442575928528129?commentId=7621452469121794837,scraping_tiktok,hardikabayu,Kurus skrg purbaya
7621451934180983569,2026-03-26T06:46:20.000Z,0,https://www.tiktok.com/@liputan6.sctv/video/7621442575928528129,https://www.tiktok.com/@liputan6.sctv/video/7621442575928528129?commentId=7621451934180983569,scraping_tiktok,babang_tampan03,"memalukan dgn anggaran sgitu, coretax buruk sekali"
7621452510436705044,2026-03-26T06:48:24.000Z,0,https://www.tiktok.com/@liputan6.sctv/video/7621442575928528129,https://www.tiktok.com/@liputan6.sctv/video/7621442575928528129?commentId=7621452510436705044,scraping_tiktok,chindy_maylandari15,terlalu ribet... biasanya diperbarui lebih memudahkan ini mlah bikin ribet
7634229180133114640,2026-04-29T17:08:30.000Z,0,https://www.tiktok.com/@liputan6.sctv/video/7621442575928528129,https://www.tiktok.com/@liputan6.sctv/video/7621442575928528129?commentId=7634229180133114640,scraping_tiktok,permatabeauty19,"Sumpah mual bikin laporan SPT. Saat kita ga ada penghasilan negara mana mau bantu, ehh giliran kita buka usaha dan maju langsung negara minta jatah bagiannya (pajak). 😂"
7621448351069831943,2026-03-26T06:32:32.000Z,0,https://www.tiktok.com/@liputan6.sctv/video/7621442575928528129,https://www.tiktok.com/@liputan6.sctv/video/7621442575928528129?commentId=7621448351069831943,scraping_tiktok,mulyonoiscomeback2029,"Siapa yg setuju, kalo sudah dipotong ga perlu pelaporan kecuali yg berdagang/bisnis bisa datang ke kantor pajak biar pegawai pajak tidak gabut"
7621448764319105808,2026-03-26T06:33:59.000Z,0,https://www.tiktok.com/@liputan6.sctv/video/7621442575928528129,https://www.tiktok.com/@liputan6.sctv/video/7621442575928528129?commentId=7621448764319105808,scraping_tiktok,rdy653,ada yang ada yang senang dengan aplikasi CORETAX ?
7621448862364369685,2026-03-26T06:34:13.000Z,0,https://www.tiktok.com/@liputan6.sctv/video/7621442575928528129,https://www.tiktok.com/@liputan6.sctv/video/7621442575928528129?commentId=7621448862364369685,scraping_tiktok,mister.zona,"kalo mau isi lapotan investasi aj bahasa nya aneh, ky bahasa asing di translate ke indo dan gw ga paham maksudnya"
7621449054942462741,2026-03-26T06:35:01.000Z,0,https://www.tiktok.com/@liputan6.sctv/video/7621442575928528129,https://www.tiktok.com/@liputan6.sctv/video/7621442575928528129?commentId=7621449054942462741,scraping_tiktok,gustifahla,bener lapor pajak core tax apl ribet pak purbaya
7621450170395656980,2026-03-26T06:39:15.000Z,0,https://www.tiktok.com/@liputan6.sctv/video/7621442575928528129,https://www.tiktok.com/@liputan6.sctv/video/7621442575928528129?commentId=7621450170395656980,scraping_tiktok,roel8133,bikin susah aja coretax😂😂😂😂
7621456078807466769,2026-03-26T07:02:15.000Z,0,https://www.tiktok.com/@liputan6.sctv/video/7621442575928528129,https://www.tiktok.com/@liputan6.sctv/video/7621442575928528129?commentId=7621456078807466769,scraping_tiktok,nhie_lams8,"ribettt,,,, jd bgg 😳,,, sdh kt yg byar kt pula yg dipersulittttt..."
7621455022123156244,2026-03-26T06:58:05.000Z,0,https://www.tiktok.com/@liputan6.sctv/video/7621442575928528129,https://www.tiktok.com/@liputan6.sctv/video/7621442575928528129?commentId=7621455022123156244,scraping_tiktok,wijayaeskawan,Iya padahal udah bener tiba2 kurang bayar 50 juta lagi
7621455276943721232,2026-03-26T06:59:03.000Z,0,https://www.tiktok.com/@liputan6.sctv/video/7621442575928528129,https://www.tiktok.com/@liputan6.sctv/video/7621442575928528129?commentId=7621455276943721232,scraping_tiktok,...mr.089,"kita yang bayar pajak kita juga yang lapor parah.
harus pemerintah ngasih Lis yang sudah bayar bukan kita yang lapor
kerja pemerintah apa"
7621455273462498064,2026-03-26T06:59:06.000Z,0,https://www.tiktok.com/@liputan6.sctv/video/7621442575928528129,https://www.tiktok.com/@liputan6.sctv/video/7621442575928528129?commentId=7621455273462498064,scraping_tiktok,arapsek,itu projectnya lumayan gede nilainya T.. tp pake vendor dri singapore
7621455270943163157,2026-03-26T06:59:06.000Z,0,https://www.tiktok.com/@liputan6.sctv/video/7621442575928528129,https://www.tiktok.com/@liputan6.sctv/video/7621442575928528129?commentId=7621455270943163157,scraping_tiktok,irwanfelani,Gara2 coretax aku jadi kurang bayar 😂
7621455416026727189,2026-03-26T06:59:36.000Z,0,https://www.tiktok.com/@liputan6.sctv/video/7621442575928528129,https://www.tiktok.com/@liputan6.sctv/video/7621442575928528129?commentId=7621455416026727189,scraping_tiktok,yyyydrh,Hmmm
7621455115514692359,2026-03-26T06:59:52.000Z,0,https://www.tiktok.com/@liputan6.sctv/video/7621442575928528129,https://www.tiktok.com/@liputan6.sctv/video/7621442575928528129?commentId=7621455115514692359,scraping_tiktok,inihanakok,Term wordingnya susah bgt pakk😭
7621455603822510869,2026-03-26T07:00:21.000Z,0,https://www.tiktok.com/@liputan6.sctv/video/7621442575928528129,https://www.tiktok.com/@liputan6.sctv/video/7621442575928528129?commentId=7621455603822510869,scraping_tiktok,meksiko.08,"Iya jelek coretax, ribet"
7621455719552090900,2026-03-26T07:00:48.000Z,0,https://www.tiktok.com/@liputan6.sctv/video/7621442575928528129,https://www.tiktok.com/@liputan6.sctv/video/7621442575928528129?commentId=7621455719552090900,scraping_tiktok,purpujianapur,bingung bikin asam lambung naik🤭🤭🤭
7621455869615981313,2026-03-26T07:01:24.000Z,0,https://www.tiktok.com/@liputan6.sctv/video/7621442575928528129,https://www.tiktok.com/@liputan6.sctv/video/7621442575928528129?commentId=7621455869615981313,scraping_tiktok,adoy_red_ninjer,lah emg....gk user friendly
7621455944224293649,2026-03-26T07:01:40.000Z,0,https://www.tiktok.com/@liputan6.sctv/video/7621442575928528129,https://www.tiktok.com/@liputan6.sctv/video/7621442575928528129?commentId=7621455944224293649,scraping_tiktok,lilinbiruid,"Ngomong apa sih pak,,"
7621456026927612693,2026-03-26T07:02:00.000Z,0,https://www.tiktok.com/@liputan6.sctv/video/7621442575928528129,https://www.tiktok.com/@liputan6.sctv/video/7621442575928528129?commentId=7621456026927612693,scraping_tiktok,z3ze3,Sehat sehat Pak Purbaya
7624718861178307349,2026-04-04T02:03:34.000Z,0,https://www.tiktok.com/@liputan6.sctv/video/7621442575928528129,https://www.tiktok.com/@liputan6.sctv/video/7621442575928528129?commentId=7624718861178307349,scraping_tiktok,habiskankuota,"Ribet banget ngisi nya org yg gampang2 aja ,yah byr kita kalau gk ngisi kta yah di tegur atau kena denda"
7621454942951293697,2026-03-26T06:57:46.000Z,0,https://www.tiktok.com/@liputan6.sctv/video/7621442575928528129,https://www.tiktok.com/@liputan6.sctv/video/7621442575928528129?commentId=7621454942951293697,scraping_tiktok,mar_830510,"fakta ribet banget coretax, apalagi untuk org yg terbiasa pegang leptop. loncat sana loncat sini, cara pengerjainnya. Sampai aku ngerjain punya 9 orang kantor, gara2 mereka kesulitan."
7624693001273115393,2026-04-04T00:23:28.000Z,0,https://www.tiktok.com/@liputan6.sctv/video/7621442575928528129,https://www.tiktok.com/@liputan6.sctv/video/7621442575928528129?commentId=7624693001273115393,scraping_tiktok,ikhalopez2,pak sehat2 yea Bapak🥰
7624650015488115476,2026-04-03T21:36:41.000Z,0,https://www.tiktok.com/@liputan6.sctv/video/7621442575928528129,https://www.tiktok.com/@liputan6.sctv/video/7621442575928528129?commentId=7624650015488115476,scraping_tiktok,aimyu25,hrusnya yg memungut melaporkn kpda kami ini lho pajak anda yg kami pungut slama 1 tahun ini
7621456231727760148,2026-03-26T07:02:51.000Z,0,https://www.tiktok.com/@liputan6.sctv/video/7621442575928528129,https://www.tiktok.com/@liputan6.sctv/video/7621442575928528129?commentId=7621456231727760148,scraping_tiktok,adis_t.y.p,semoga pak Purbaya diberikan panjang umur sehat selalu bapak
7621456284601484053,2026-03-26T07:03:03.000Z,0,https://www.tiktok.com/@liputan6.sctv/video/7621442575928528129,https://www.tiktok.com/@liputan6.sctv/video/7621442575928528129?commentId=7621456284601484053,scraping_tiktok,sakha_tkd,"sampai sekarang masuk coretax ga bisa, niat lapor tapi sulit."
7621453963511251733,2026-03-26T06:54:02.000Z,0,https://www.tiktok.com/@liputan6.sctv/video/7621442575928528129,https://www.tiktok.com/@liputan6.sctv/video/7621442575928528129?commentId=7621453963511251733,scraping_tiktok,duangonzales628,betul ribet sdh login ttp ga masuk2
7623050861488997138,2026-03-30T14:10:49.000Z,0,https://www.tiktok.com/@liputan6.sctv/video/7621442575928528129,https://www.tiktok.com/@liputan6.sctv/video/7621442575928528129?commentId=7623050861488997138,scraping_tiktok,ivyheather_,Betul kata pak purbaya sperti itu sistemnya muter muter trus tiba tiba keluar trus kita masuk lagi
7634176371379946261,2026-04-29T13:43:34.000Z,0,https://www.tiktok.com/@liputan6.sctv/video/7621442575928528129,https://www.tiktok.com/@liputan6.sctv/video/7621442575928528129?commentId=7634176371379946261,scraping_tiktok,me188112,betul malah kaya orng bingung ngisinya
7623051267753067280,2026-03-30T14:12:23.000Z,0,https://www.tiktok.com/@liputan6.sctv/video/7621442575928528129,https://www.tiktok.com/@liputan6.sctv/video/7621442575928528129?commentId=7623051267753067280,scraping_tiktok,negeri_impian11,"bener banget itu, di buat ruang supaya bisa di bisniskan oleh vendor"
7623050013211575048,2026-03-30T14:07:30.000Z,0,https://www.tiktok.com/@liputan6.sctv/video/7621442575928528129,https://www.tiktok.com/@liputan6.sctv/video/7621442575928528129?commentId=7623050013211575048,scraping_tiktok,2166826540,"mau bayar pajak sj harus dipersulit ini, gak bayar pajak didenda bertubi2"
7621453511226098433,2026-03-26T06:52:15.000Z,0,https://www.tiktok.com/@liputan6.sctv/video/7621442575928528129,https://www.tiktok.com/@liputan6.sctv/video/7621442575928528129?commentId=7621453511226098433,scraping_tiktok,watysetyawaty5,betul
7621453566289543956,2026-03-26T06:52:26.000Z,0,https://www.tiktok.com/@liputan6.sctv/video/7621442575928528129,https://www.tiktok.com/@liputan6.sctv/video/7621442575928528129?commentId=7621453566289543956,scraping_tiktok,trimax324,Sekelas dr. Tirta aja mau ngisi spt pake joki
7621453572098163477,2026-03-26T06:52:29.000Z,0,https://www.tiktok.com/@liputan6.sctv/video/7621442575928528129,https://www.tiktok.com/@liputan6.sctv/video/7621442575928528129?commentId=7621453572098163477,scraping_tiktok,yougi_ind,Eror mulu lagi
7621453683033932564,2026-03-26T06:52:56.000Z,0,https://www.tiktok.com/@liputan6.sctv/video/7621442575928528129,https://www.tiktok.com/@liputan6.sctv/video/7621442575928528129?commentId=7621453683033932564,scraping_tiktok,casoeno,saya mau aktivasi NPWP saya eh pas saya buka email buat NPWP ternyata status saya NE. karena emang gaji saya dibawah wajib pajak. semalam itu saya buat coretax kok nggak berhasil sampai subuh eh pas saya lihat awal saya buat NPWP statusnya NE. pengen sih kayak yg lain gajinya bisa bayar pajak. 🙏 sygnya gaji ya dibawah itu.
7627523093413823253,2026-04-11T15:25:21.000Z,0,https://www.tiktok.com/@liputan6.sctv/video/7621442575928528129,https://www.tiktok.com/@liputan6.sctv/video/7621442575928528129?commentId=7627523093413823253,scraping_tiktok,ameylia56,"knapa mesti dpermudah kalo bisa dipersulit,itu kerja tukang pajak🤮"
7621453693083419413,2026-03-26T06:52:58.000Z,0,https://www.tiktok.com/@liputan6.sctv/video/7621442575928528129,https://www.tiktok.com/@liputan6.sctv/video/7621442575928528129?commentId=7621453693083419413,scraping_tiktok,nabri.86,ya coretan bingung saya mah make nya gimana
7621453690289406721,2026-03-26T06:53:08.000Z,0,https://www.tiktok.com/@liputan6.sctv/video/7621442575928528129,https://www.tiktok.com/@liputan6.sctv/video/7621442575928528129?commentId=7621453690289406721,scraping_tiktok,keynarashop15,saya mau aktivasi laporan pajak sampai sekaran gak dapat OTP
7627076508742157076,2026-04-10T10:32:28.000Z,0,https://www.tiktok.com/@liputan6.sctv/video/7621442575928528129,https://www.tiktok.com/@liputan6.sctv/video/7621442575928528129?commentId=7627076508742157076,scraping_tiktok,akunbaruaja69,"di periksa aja pak Purbaya, jangan2 ada indikasi proyek orientet dan indikasi korupsi 🙏🤣🤣🤣"
7621453780501136145,2026-03-26T06:53:20.000Z,0,https://www.tiktok.com/@liputan6.sctv/video/7621442575928528129,https://www.tiktok.com/@liputan6.sctv/video/7621442575928528129?commentId=7621453780501136145,scraping_tiktok,ratu_kawaaii,pak pur kok semakin kuruss😭😭😭😭
7621453851865973525,2026-03-26T06:53:31.000Z,0,https://www.tiktok.com/@liputan6.sctv/video/7621442575928528129,https://www.tiktok.com/@liputan6.sctv/video/7621442575928528129?commentId=7621453851865973525,scraping_tiktok,eudaimon_store,"ini eror lagi, ga bisa login pun aneh"
7621453855074698005,2026-03-26T06:53:32.000Z,0,https://www.tiktok.com/@liputan6.sctv/video/7621442575928528129,https://www.tiktok.com/@liputan6.sctv/video/7621442575928528129?commentId=7621453855074698005,scraping_tiktok,istri_isagi67,betul
7621457257109472020,2026-03-26T07:06:49.000Z,0,https://www.tiktok.com/@liputan6.sctv/video/7621442575928528129,https://www.tiktok.com/@liputan6.sctv/video/7621442575928528129?commentId=7621457257109472020,scraping_tiktok,gulaiayam___,Saya mau lapor spt tahunan gagal mulu pakk mau login..
7621453982439703317,2026-03-26T06:54:06.000Z,0,https://www.tiktok.com/@liputan6.sctv/video/7621442575928528129,https://www.tiktok.com/@liputan6.sctv/video/7621442575928528129?commentId=7621453982439703317,scraping_tiktok,ag.ramaa,aku ga mau lapor. ribet banget
7621454091063247637,2026-03-26T06:54:28.000Z,0,https://www.tiktok.com/@liputan6.sctv/video/7621442575928528129,https://www.tiktok.com/@liputan6.sctv/video/7621442575928528129?commentId=7621454091063247637,scraping_tiktok,junchek,"beda kayak tahun lalu, ini ribet banget"
7621453821793059604,2026-03-26T06:55:09.000Z,0,https://www.tiktok.com/@liputan6.sctv/video/7621442575928528129,https://www.tiktok.com/@liputan6.sctv/video/7621442575928528129?commentId=7621453821793059604,scraping_tiktok,air9078_,baru tahu ya
7621454401799373589,2026-03-26T06:55:44.000Z,0,https://www.tiktok.com/@liputan6.sctv/video/7621442575928528129,https://www.tiktok.com/@liputan6.sctv/video/7621442575928528129?commentId=7621454401799373589,scraping_tiktok,fitriyantimulyati,pak Purbaya skrng kurusan banget duh pak cape ya mikirin uang negara yg banyak defisit nya😭
7621454721152369428,2026-03-26T06:56:55.000Z,0,https://www.tiktok.com/@liputan6.sctv/video/7621442575928528129,https://www.tiktok.com/@liputan6.sctv/video/7621442575928528129?commentId=7621454721152369428,scraping_tiktok,wulan_dari0002,"jujur iyaa, aku sebagai org yang baru mengurusi pajak bingung😭"
7626198635567186689,2026-04-08T01:45:54.000Z,0,https://www.tiktok.com/@liputan6.sctv/video/7621442575928528129,https://www.tiktok.com/@liputan6.sctv/video/7621442575928528129?commentId=7626198635567186689,scraping_tiktok,rajinibadah095,"sengaja di buat gitu biar kita pelaku usaha banyak yg kejebak,
mau coretax,oss,ahu ribet banget semua nya"
7621454807567975189,2026-03-26T06:57:15.000Z,0,https://www.tiktok.com/@liputan6.sctv/video/7621442575928528129,https://www.tiktok.com/@liputan6.sctv/video/7621442575928528129?commentId=7621454807567975189,scraping_tiktok,fatih_danish,iya bner sih
7625786031015527188,2026-04-06T23:04:59.000Z,0,https://www.tiktok.com/@liputan6.sctv/video/7621442575928528129,https://www.tiktok.com/@liputan6.sctv/video/7621442575928528129?commentId=7625786031015527188,scraping_tiktok,namanya.ann,"Bukan kita yang ga bisa ternyata , cortexnya ajah kacauuu guys sampee lebih puyeng mikirin cortex di banding kerjaan sendiri @Khansa (´｡• ᵕ •｡`) @Rizkys"
7625785146477953813,2026-04-06T23:01:29.000Z,0,https://www.tiktok.com/@liputan6.sctv/video/7621442575928528129,https://www.tiktok.com/@liputan6.sctv/video/7621442575928528129?commentId=7625785146477953813,scraping_tiktok,namanya.ann,Sampe skrng verifikasi mulu sumpil susah bangetttt kaya ribett banget Allahu
7621454907217822485,2026-03-26T06:57:41.000Z,0,https://www.tiktok.com/@liputan6.sctv/video/7621442575928528129,https://www.tiktok.com/@liputan6.sctv/video/7621442575928528129?commentId=7621454907217822485,scraping_tiktok,iinkristina.20,kok kurusan pak pur
7625617562986496788,2026-04-06T12:10:58.000Z,0,https://www.tiktok.com/@liputan6.sctv/video/7621442575928528129,https://www.tiktok.com/@liputan6.sctv/video/7621442575928528129?commentId=7625617562986496788,scraping_tiktok,ali.syaifudin18,"kapan pak dibetuo, katanya sebulan beres 😡"
7621460138482975508,2026-03-26T07:18:00.000Z,0,https://www.tiktok.com/@liputan6.sctv/video/7621442575928528129,https://www.tiktok.com/@liputan6.sctv/video/7621442575928528129?commentId=7621460138482975508,scraping_tiktok,tempatcantik21,betul
7621459459857122069,2026-03-26T07:15:20.000Z,0,https://www.tiktok.com/@liputan6.sctv/video/7621442575928528129,https://www.tiktok.com/@liputan6.sctv/video/7621442575928528129?commentId=7621459459857122069,scraping_tiktok,naga_merah83,DENGERIN NICH CORETAX
7621459538285839124,2026-03-26T07:15:38.000Z,0,https://www.tiktok.com/@liputan6.sctv/video/7621442575928528129,https://www.tiktok.com/@liputan6.sctv/video/7621442575928528129?commentId=7621459538285839124,scraping_tiktok,aan_chaeruddin,coretax gk jelas...
7623020230818317076,2026-03-30T12:14:10.000Z,0,https://www.tiktok.com/@liputan6.sctv/video/7621442575928528129,https://www.tiktok.com/@liputan6.sctv/video/7621442575928528129?commentId=7623020230818317076,scraping_tiktok,gen.z.brothers6,"Duit duit rakyat, rakyat yg bayar pajak, tapi masih aja disusahin rakyatnya.. knl harus rakyat yg lapor spt 😆😆😆mereka kerja nya apa ya!!!"
7623022096822633223,2026-03-30T12:19:13.000Z,0,https://www.tiktok.com/@liputan6.sctv/video/7621442575928528129,https://www.tiktok.com/@liputan6.sctv/video/7621442575928528129?commentId=7623022096822633223,scraping_tiktok,riekaspa,betul bgt kita yg bayar kita sibuk potong kita yg sibuk bayar blmnlgi ngurusin teman yg kurang faham
7623024208540959506,2026-03-30T12:27:22.000Z,0,https://www.tiktok.com/@liputan6.sctv/video/7621442575928528129,https://www.tiktok.com/@liputan6.sctv/video/7621442575928528129?commentId=7623024208540959506,scraping_tiktok,endpras05,semuanya ribet di konoha ini!!!
7628866696757445396,2026-04-15T06:19:18.000Z,0,https://www.tiktok.com/@liputan6.sctv/video/7621442575928528129,https://www.tiktok.com/@liputan6.sctv/video/7621442575928528129?commentId=7628866696757445396,scraping_tiktok,nopi_ani30,@Adv. Ardi Kusuma
7627878732783584018,2026-04-12T14:25:23.000Z,0,https://www.tiktok.com/@liputan6.sctv/video/7621442575928528129,https://www.tiktok.com/@liputan6.sctv/video/7621442575928528129?commentId=7627878732783584018,scraping_tiktok,00.hmmmm.00,"betul pak , ngerjain harus sampe nilai nihil . sampe harus ada jawaban palsu. seperti dipaksa"
7622727689044771602,2026-03-29T17:16:46.000Z,0,https://www.tiktok.com/@liputan6.sctv/video/7621442575928528129,https://www.tiktok.com/@liputan6.sctv/video/7621442575928528129?commentId=7622727689044771602,scraping_tiktok,memangcaca,sehatsehat pak pur🥹🤲🏻🙏🏻
7622100414284284680,2026-03-28T00:45:47.000Z,0,https://www.tiktok.com/@liputan6.sctv/video/7621442575928528129,https://www.tiktok.com/@liputan6.sctv/video/7621442575928528129?commentId=7622100414284284680,scraping_tiktok,creative._.27,"ribetnya minta ampun, saya bikin npwp aja 1 hari 1 malem"
7622105451815797525,2026-03-28T01:02:25.000Z,0,https://www.tiktok.com/@liputan6.sctv/video/7621442575928528129,https://www.tiktok.com/@liputan6.sctv/video/7621442575928528129?commentId=7622105451815797525,scraping_tiktok,hanamiwang9,Orang pajak ada buat apa 😳 udah digaji sama rakyat juga
7622106487644881685,2026-03-28T01:06:19.000Z,0,https://www.tiktok.com/@liputan6.sctv/video/7621442575928528129,https://www.tiktok.com/@liputan6.sctv/video/7621442575928528129?commentId=7622106487644881685,scraping_tiktok,epaaaaamanaluwww,"tp coretax udah lebih better dr djp. karna di djp untuk wp badan dan pengusaha beda form pengisian. dicoretax sudah jd satu semua. mungkin memang desainnya terlalu banyak yang mau diisi jd wp bingung tp kalau diliat liat aku lapor pajak ada beberapa org dengan kasus yg beda beda dia malah lebih gampang loh dari pada djp. fitur posting spt ada, jd udh otomatis semua tinggal klik yang lainnya aja kalau misal kurang bayar atau lebih bayar bisa di atasin di bagian L1. tp menurut aku sejauh ini aku gaada masalah lapor spt orang”"
7622108028352168724,2026-03-28T01:12:30.000Z,0,https://www.tiktok.com/@liputan6.sctv/video/7621442575928528129,https://www.tiktok.com/@liputan6.sctv/video/7621442575928528129?commentId=7622108028352168724,scraping_tiktok,dwikancid01,Rating nya aja Bnt ⭐️🤣🤣
7633724538841596673,2026-04-28T08:30:14.000Z,0,https://www.tiktok.com/@liputan6.sctv/video/7621442575928528129,https://www.tiktok.com/@liputan6.sctv/video/7621442575928528129?commentId=7633724538841596673,scraping_tiktok,tipx29,"spt gw ada duit lebih bayar coy 2 juta...
tapi kota serang ga ada yg di proses cair
tapi kabupaten serang semua langsung cair dalam kurun 27 hari...
ada yg ngalamin ga"
7622100464456712968,2026-03-28T00:42:53.000Z,0,https://www.tiktok.com/@liputan6.sctv/video/7621442575928528129,https://www.tiktok.com/@liputan6.sctv/video/7621442575928528129?commentId=7622100464456712968,scraping_tiktok,aisyahsitinurjane,"Paling sebel klo udh bulan Maret hrus lapor SPT siap2 puyeng. Smpe dicatet step by step nya di kertas, eh skrg malah ganti coretax beda lg aja caranya. Suruh aktivasi udh dilakukan eh pas ambil foto eror mulu. Masa iya hrus seharian manten gin coretax mulu. Please dong lebih permudah lg aja. Sy ibu rumah tangga bnyak kerjaan di rumah udh badmood aja klo udh ngurusin laporan spt 😏"
7622099788381635346,2026-03-28T00:40:22.000Z,0,https://www.tiktok.com/@liputan6.sctv/video/7621442575928528129,https://www.tiktok.com/@liputan6.sctv/video/7621442575928528129?commentId=7622099788381635346,scraping_tiktok,eko.fabregas,padahal itu bikinan sri mulyani yg menguras banyak uang demi lancar nya coretax
7622099155556827925,2026-03-28T00:37:51.000Z,0,https://www.tiktok.com/@liputan6.sctv/video/7621442575928528129,https://www.tiktok.com/@liputan6.sctv/video/7621442575928528129?commentId=7622099155556827925,scraping_tiktok,im_tiyan,Sengaja itu mah biar semua kena denda🤣🤣mau login aja ruwet
7634486431423333138,2026-04-30T09:46:38.000Z,0,https://www.tiktok.com/@liputan6.sctv/video/7621442575928528129,https://www.tiktok.com/@liputan6.sctv/video/7621442575928528129?commentId=7634486431423333138,scraping_tiktok,asnawiii__,"rumit banget pak, mudah djp simple bisa laporan sendiri nggak perlu datang ke KPP"
7621453101938311956,2026-03-26T06:50:43.000Z,0,https://www.tiktok.com/@liputan6.sctv/video/7621442575928528129,https://www.tiktok.com/@liputan6.sctv/video/7621442575928528129?commentId=7621453101938311956,scraping_tiktok,nasam.li,iya..ribet..😁
7621452533039923989,2026-03-26T06:48:31.000Z,0,https://www.tiktok.com/@liputan6.sctv/video/7621442575928528129,https://www.tiktok.com/@liputan6.sctv/video/7621442575928528129?commentId=7621452533039923989,scraping_tiktok,3v4ns94,ribet bnyk klik ini klik ono
7621452770591900437,2026-03-26T06:49:25.000Z,0,https://www.tiktok.com/@liputan6.sctv/video/7621442575928528129,https://www.tiktok.com/@liputan6.sctv/video/7621442575928528129?commentId=7621452770591900437,scraping_tiktok,haaaalooooooo123,Garai mumet pak
7621452790708175637,2026-03-26T06:49:26.000Z,0,https://www.tiktok.com/@liputan6.sctv/video/7621442575928528129,https://www.tiktok.com/@liputan6.sctv/video/7621442575928528129?commentId=7621452790708175637,scraping_tiktok,.bm_ayya,setuju
7621452885997912852,2026-03-26T06:49:47.000Z,0,https://www.tiktok.com/@liputan6.sctv/video/7621442575928528129,https://www.tiktok.com/@liputan6.sctv/video/7621442575928528129?commentId=7621452885997912852,scraping_tiktok,bphone.service,"Betul, aku gak bisa lapor yang biasanya bisa 😭"
7621452966974964501,2026-03-26T06:50:08.000Z,0,https://www.tiktok.com/@liputan6.sctv/video/7621442575928528129,https://www.tiktok.com/@liputan6.sctv/video/7621442575928528129?commentId=7621452966974964501,scraping_tiktok,mr.gude,mau aktivasi akun aja error mulu
7621453063655932693,2026-03-26T06:50:28.000Z,0,https://www.tiktok.com/@liputan6.sctv/video/7621442575928528129,https://www.tiktok.com/@liputan6.sctv/video/7621442575928528129?commentId=7621453063655932693,scraping_tiktok,muktasim6,"betul, ribet pak"
7621453048372052737,2026-03-26T06:50:29.000Z,0,https://www.tiktok.com/@liputan6.sctv/video/7621442575928528129,https://www.tiktok.com/@liputan6.sctv/video/7621442575928528129?commentId=7621453048372052737,scraping_tiktok,bakul_sayur73,Betul pak
7623634066995446536,2026-04-01T03:54:03.000Z,0,https://www.tiktok.com/@liputan6.sctv/video/7621442575928528129,https://www.tiktok.com/@liputan6.sctv/video/7621442575928528129?commentId=7623634066995446536,scraping_tiktok,teguhnur97,"agak membingungkan memang, kalau yang laporan gaptek susah sudah 🤦"
7621453130035790593,2026-03-26T06:50:46.000Z,0,https://www.tiktok.com/@liputan6.sctv/video/7621442575928528129,https://www.tiktok.com/@liputan6.sctv/video/7621442575928528129?commentId=7621453130035790593,scraping_tiktok,cimmanprime,PPh nya buat Final aja Semua agar wajib pajak tidak repot lapor lagi
7621453043209765640,2026-03-26T06:51:47.000Z,0,https://www.tiktok.com/@liputan6.sctv/video/7621442575928528129,https://www.tiktok.com/@liputan6.sctv/video/7621442575928528129?commentId=7621453043209765640,scraping_tiktok,paypaypay93,Papur aja ngakuin buset ini gimana masyarakat ngisi wkkw
7621453412967039760,2026-03-26T06:51:54.000Z,0,https://www.tiktok.com/@liputan6.sctv/video/7621442575928528129,https://www.tiktok.com/@liputan6.sctv/video/7621442575928528129?commentId=7621453412967039760,scraping_tiktok,wonder_girl0120,ini pak Purbaya makin kurus 😳
7621453450430300929,2026-03-26T06:52:10.000Z,0,https://www.tiktok.com/@liputan6.sctv/video/7621442575928528129,https://www.tiktok.com/@liputan6.sctv/video/7621442575928528129?commentId=7621453450430300929,scraping_tiktok,endahsetyowati2,Bener rinet asli
7621458146553447189,2026-03-26T07:10:15.000Z,0,https://www.tiktok.com/@liputan6.sctv/video/7621442575928528129,https://www.tiktok.com/@liputan6.sctv/video/7621442575928528129?commentId=7621458146553447189,scraping_tiktok,rumah.mas.jaka,btul sy pusing
7621458311243121429,2026-03-26T07:10:56.000Z,0,https://www.tiktok.com/@liputan6.sctv/video/7621442575928528129,https://www.tiktok.com/@liputan6.sctv/video/7621442575928528129?commentId=7621458311243121429,scraping_tiktok,ry25984,disini yg dionlenin tapi semakin susah semakin bertele tele semakin ribet itu yg dilihat bagus
7621458427920270100,2026-03-26T07:11:22.000Z,0,https://www.tiktok.com/@liputan6.sctv/video/7621442575928528129,https://www.tiktok.com/@liputan6.sctv/video/7621442575928528129?commentId=7621458427920270100,scraping_tiktok,httpsivadheha,Iya lagiii
7621458705132995348,2026-03-26T07:12:22.000Z,0,https://www.tiktok.com/@liputan6.sctv/video/7621442575928528129,https://www.tiktok.com/@liputan6.sctv/video/7621442575928528129?commentId=7621458705132995348,scraping_tiktok,iwannnnnn21,"bener terlalu ribet,terlalu banyar formulir nya"
7621458711165305620,2026-03-26T07:12:26.000Z,0,https://www.tiktok.com/@liputan6.sctv/video/7621442575928528129,https://www.tiktok.com/@liputan6.sctv/video/7621442575928528129?commentId=7621458711165305620,scraping_tiktok,vriestyy,"Kesian bgt liat bapak skrg 😭😭 sehat2 bapak.. tidur yg cukup, mkn yg sehat 😭😭"
7621458789724586773,2026-03-26T07:12:46.000Z,0,https://www.tiktok.com/@liputan6.sctv/video/7621442575928528129,https://www.tiktok.com/@liputan6.sctv/video/7621442575928528129?commentId=7621458789724586773,scraping_tiktok,rena_silitonga,kembali seperti biasa ajh Pak
7621458871571612437,2026-03-26T07:13:01.000Z,0,https://www.tiktok.com/@liputan6.sctv/video/7621442575928528129,https://www.tiktok.com/@liputan6.sctv/video/7621442575928528129?commentId=7621458871571612437,scraping_tiktok,bu_buket9,"emang, ribet bangettttttttttt"
7621458638323270418,2026-03-26T07:13:23.000Z,0,https://www.tiktok.com/@liputan6.sctv/video/7621442575928528129,https://www.tiktok.com/@liputan6.sctv/video/7621442575928528129?commentId=7621458638323270418,scraping_tiktok,adelestrangee,"asli mending tahun lalu djp itu masih mudah dipahami dan gampang buat inputnya, sekarang coretax mau masuk buat ganti sandi aja gagal terus, jd hrs ke kantor pajak deeehhh"
7621459220547060501,2026-03-26T07:14:25.000Z,0,https://www.tiktok.com/@liputan6.sctv/video/7621442575928528129,https://www.tiktok.com/@liputan6.sctv/video/7621442575928528129?commentId=7621459220547060501,scraping_tiktok,acuykeren,"input pajak masih loading lama, harus nunggu malem baru lancar😂😂😂 gmn org mau taat pajak, mau lapor pajak aja harus nunggu lama"
7621459273563226900,2026-03-26T07:14:39.000Z,0,https://www.tiktok.com/@liputan6.sctv/video/7621442575928528129,https://www.tiktok.com/@liputan6.sctv/video/7621442575928528129?commentId=7621459273563226900,scraping_tiktok,asrizal.rajo.basa,"balik aja ke DJP online , jadi semua rakyat bisa lapor dengan tenang ."
7623779400001897217,2026-04-01T13:17:55.000Z,0,https://www.tiktok.com/@liputan6.sctv/video/7621442575928528129,https://www.tiktok.com/@liputan6.sctv/video/7621442575928528129?commentId=7623779400001897217,scraping_tiktok,rieny05,"aku berasa ga ribet, dtg langsung k kntor pajak😁 mba"" nya asek bet pinjam KTP trus tnya ini itu udh selesai.. klian lapor nya dimana??"
7622245135070348053,2026-03-28T10:04:17.000Z,0,https://www.tiktok.com/@liputan6.sctv/video/7621442575928528129,https://www.tiktok.com/@liputan6.sctv/video/7621442575928528129?commentId=7622245135070348053,scraping_tiktok,ndikhair,desain sama aj kyk sisfo kampus
7623774129766302484,2026-04-01T12:57:29.000Z,0,https://www.tiktok.com/@liputan6.sctv/video/7621442575928528129,https://www.tiktok.com/@liputan6.sctv/video/7621442575928528129?commentId=7623774129766302484,scraping_tiktok,jakariayahya06,"ia muter"" jadi saya memilih ga lapor"
7622242854161679125,2026-03-28T09:55:25.000Z,0,https://www.tiktok.com/@liputan6.sctv/video/7621442575928528129,https://www.tiktok.com/@liputan6.sctv/video/7621442575928528129?commentId=7622242854161679125,scraping_tiktok,ccloouddy,"ril banyak bgt fitur sebenernya tapi ga guna samsek, mau donlot semua bupot katanya pake bulk tapi apa njir gaada guda"
7622241934598538002,2026-03-28T09:51:48.000Z,0,https://www.tiktok.com/@liputan6.sctv/video/7621442575928528129,https://www.tiktok.com/@liputan6.sctv/video/7621442575928528129?commentId=7622241934598538002,scraping_tiktok,annisanurrrf,Tadi aku coba mau lapor spt hasilnya ga bisa nihil malah lebih bayar 1.6jt. Udah nonton yt sama tt ga membantu sama sekali. Kok bisa ya apa karena aff oren juga dihitung. Mohon bantuannya temans yg ngerti masalah ginian.
7622241098438148884,2026-03-28T09:48:35.000Z,0,https://www.tiktok.com/@liputan6.sctv/video/7621442575928528129,https://www.tiktok.com/@liputan6.sctv/video/7621442575928528129?commentId=7622241098438148884,scraping_tiktok,morview.id,"yang mau dibantu, yuk dm"
7622241024928285461,2026-03-28T09:48:15.000Z,0,https://www.tiktok.com/@liputan6.sctv/video/7621442575928528129,https://www.tiktok.com/@liputan6.sctv/video/7621442575928528129?commentId=7622241024928285461,scraping_tiktok,nuyintan2026,tuch pak menkeu ngakuin itu mahh proyek vendor😁😁😁
7622240601354928903,2026-03-28T09:46:39.000Z,0,https://www.tiktok.com/@liputan6.sctv/video/7621442575928528129,https://www.tiktok.com/@liputan6.sctv/video/7621442575928528129?commentId=7622240601354928903,scraping_tiktok,rockmantic07,"gua yg punya duit, gw yang bayar, gua juga yg harus lapor, gua juga yg ngecek. ga ngerti lagi gua dah"
7622240575861179156,2026-03-28T09:46:30.000Z,0,https://www.tiktok.com/@liputan6.sctv/video/7621442575928528129,https://www.tiktok.com/@liputan6.sctv/video/7621442575928528129?commentId=7622240575861179156,scraping_tiktok,boy_mien,kirain cuma saya saja.
7623057589060436743,2026-03-30T14:36:52.000Z,0,https://www.tiktok.com/@liputan6.sctv/video/7621442575928528129,https://www.tiktok.com/@liputan6.sctv/video/7621442575928528129?commentId=7623057589060436743,scraping_tiktok,ninetyninepkl,setuju sih pak. dari awal coretax emang ngga bgt.
7623056527688368912,2026-03-30T14:32:49.000Z,0,https://www.tiktok.com/@liputan6.sctv/video/7621442575928528129,https://www.tiktok.com/@liputan6.sctv/video/7621442575928528129?commentId=7623056527688368912,scraping_tiktok,gigidadja,aplikasinya bikin emosiiiiiiiii
7623054683011941127,2026-03-30T14:25:39.000Z,0,https://www.tiktok.com/@liputan6.sctv/video/7621442575928528129,https://www.tiktok.com/@liputan6.sctv/video/7621442575928528129?commentId=7623054683011941127,scraping_tiktok,orangeorens,"masalahnya.kami bayar pajak kami jg yg lapor,kalian ngapain aja?"
7621472251581694741,2026-03-26T08:05:02.000Z,0,https://www.tiktok.com/@liputan6.sctv/video/7621442575928528129,https://www.tiktok.com/@liputan6.sctv/video/7621442575928528129?commentId=7621472251581694741,scraping_tiktok,shichris,Emg bnr😭
7623084893589439239,2026-03-30T16:22:52.000Z,0,https://www.tiktok.com/@liputan6.sctv/video/7621442575928528129,https://www.tiktok.com/@liputan6.sctv/video/7621442575928528129?commentId=7623084893589439239,scraping_tiktok,ang_rend,kurusan pak
7621470736443622152,2026-03-26T07:59:11.000Z,0,https://www.tiktok.com/@liputan6.sctv/video/7621442575928528129,https://www.tiktok.com/@liputan6.sctv/video/7621442575928528129?commentId=7621470736443622152,scraping_tiktok,kanai.99,"Bener banget mau lapor loding nya lama banget ngga ke buka"""
7621470793997796116,2026-03-26T07:59:18.000Z,0,https://www.tiktok.com/@liputan6.sctv/video/7621442575928528129,https://www.tiktok.com/@liputan6.sctv/video/7621442575928528129?commentId=7621470793997796116,scraping_tiktok,gokkonpurba,sebelum di publish dicoba dulu pak. ruwet kalau tanpa bantuan isi coretax.
7621470907118682881,2026-03-26T07:59:45.000Z,0,https://www.tiktok.com/@liputan6.sctv/video/7621442575928528129,https://www.tiktok.com/@liputan6.sctv/video/7621442575928528129?commentId=7621470907118682881,scraping_tiktok,silvacivil,banyak pikiran nih. jga kesehatan pak
7621470916660282133,2026-03-26T07:59:48.000Z,0,https://www.tiktok.com/@liputan6.sctv/video/7621442575928528129,https://www.tiktok.com/@liputan6.sctv/video/7621442575928528129?commentId=7621470916660282133,scraping_tiktok,kabecube,"coretax kebanyakan menu gaguna, verikasi menunya ngumpet kocak, bupot juga ngumpet harus refresh, dan gitu abis posting spt nominal sama di bupot beda beberapa rebu gimana gak kurang bayar lebih bayar"
7623089743606399765,2026-03-30T16:41:48.000Z,0,https://www.tiktok.com/@liputan6.sctv/video/7621442575928528129,https://www.tiktok.com/@liputan6.sctv/video/7621442575928528129?commentId=7623089743606399765,scraping_tiktok,golden_djk19,Masyarat bayar bajak..dgan keringat sndri untuk Negri tapi...korupsi merajalela...Hal kasih di mana??
7621471177949299476,2026-03-26T08:00:53.000Z,0,https://www.tiktok.com/@liputan6.sctv/video/7621442575928528129,https://www.tiktok.com/@liputan6.sctv/video/7621442575928528129?commentId=7621471177949299476,scraping_tiktok,dauphinn4,"Ribet banget asli cortex,,"
7623088222264165128,2026-03-30T16:35:44.000Z,0,https://www.tiktok.com/@liputan6.sctv/video/7621442575928528129,https://www.tiktok.com/@liputan6.sctv/video/7621442575928528129?commentId=7623088222264165128,scraping_tiktok,linggaegimanika,Ruwed app ujicobanya 😂
7623088115972031239,2026-03-30T16:35:19.000Z,0,https://www.tiktok.com/@liputan6.sctv/video/7621442575928528129,https://www.tiktok.com/@liputan6.sctv/video/7621442575928528129?commentId=7623088115972031239,scraping_tiktok,mus.dian6,"[Sticker] ribet kita yng bayar kita yang lapor
emang pemerintah gak pernah kehabisan akal buat menyusahkan rakyat."
7621471673111872276,2026-03-26T08:02:44.000Z,0,https://www.tiktok.com/@liputan6.sctv/video/7621442575928528129,https://www.tiktok.com/@liputan6.sctv/video/7621442575928528129?commentId=7621471673111872276,scraping_tiktok,qiyaraxji,lama2 ko jd mirip mantan menteri keuangan. ibu suriani😁
7621471733603042068,2026-03-26T08:03:04.000Z,0,https://www.tiktok.com/@liputan6.sctv/video/7621442575928528129,https://www.tiktok.com/@liputan6.sctv/video/7621442575928528129?commentId=7621471733603042068,scraping_tiktok,nurbasith97,gak beres beres pur masalah coretax.
7621471818000007956,2026-03-26T08:03:20.000Z,0,https://www.tiktok.com/@liputan6.sctv/video/7621442575928528129,https://www.tiktok.com/@liputan6.sctv/video/7621442575928528129?commentId=7621471818000007956,scraping_tiktok,andreasbudisetianto,"masalahnya tiap tahun nambah istilah baru dan prosedurnya beda sama thn lalu, yg thn ini lebih banyak pindah"" halaman, ux nya jelek"
7623084827794162453,2026-03-30T16:22:42.000Z,0,https://www.tiktok.com/@liputan6.sctv/video/7621442575928528129,https://www.tiktok.com/@liputan6.sctv/video/7621442575928528129?commentId=7623084827794162453,scraping_tiktok,wahyu_geragu06,"kita yg bayar, kita yang lapor, kita yg ribet. 😏😅"
7621471732613219079,2026-03-26T08:03:23.000Z,0,https://www.tiktok.com/@liputan6.sctv/video/7621442575928528129,https://www.tiktok.com/@liputan6.sctv/video/7621442575928528129?commentId=7621471732613219079,scraping_tiktok,kiazr31,@>°{rusman}°< mau login aj dah SUSAHHH 😅😆😆
7621471943816446728,2026-03-26T08:03:56.000Z,0,https://www.tiktok.com/@liputan6.sctv/video/7621442575928528129,https://www.tiktok.com/@liputan6.sctv/video/7621442575928528129?commentId=7621471943816446728,scraping_tiktok,pakpablpo,biaya pembuatan triliunan tuh pa
7621472238788920085,2026-03-26T08:04:56.000Z,0,https://www.tiktok.com/@liputan6.sctv/video/7621442575928528129,https://www.tiktok.com/@liputan6.sctv/video/7621442575928528129?commentId=7621472238788920085,scraping_tiktok,mixture390,"memang iya, anggaran tak sesuai dengan hasil."
7621462846132241173,2026-03-26T07:28:27.000Z,0,https://www.tiktok.com/@liputan6.sctv/video/7621442575928528129,https://www.tiktok.com/@liputan6.sctv/video/7621442575928528129?commentId=7621462846132241173,scraping_tiktok,maylinaputri_7,bner pak sy juga bingung g klar kelar ini
7621463075287925521,2026-03-26T07:29:22.000Z,0,https://www.tiktok.com/@liputan6.sctv/video/7621442575928528129,https://www.tiktok.com/@liputan6.sctv/video/7621442575928528129?commentId=7621463075287925521,scraping_tiktok,rupa.rupa.outdoor,iya tuh bikin bingung mana gabisa login padahal email bener tapi di keterangannya ga terdaftar
7621463369938600725,2026-03-26T07:30:28.000Z,0,https://www.tiktok.com/@liputan6.sctv/video/7621442575928528129,https://www.tiktok.com/@liputan6.sctv/video/7621442575928528129?commentId=7621463369938600725,scraping_tiktok,dorang86,"Harusnya semua data lama dirjen pajak yg imigrasi sendiri bukan menyuruh wajib pajak,, sehingga tinggal di lanjutkan laporan tahun 2026"
7621459783808107284,2026-03-26T07:16:35.000Z,0,https://www.tiktok.com/@liputan6.sctv/video/7621442575928528129,https://www.tiktok.com/@liputan6.sctv/video/7621442575928528129?commentId=7621459783808107284,scraping_tiktok,bazpake_z,Ribet bgt coretax
7621459548074803988,2026-03-26T07:15:39.000Z,0,https://www.tiktok.com/@liputan6.sctv/video/7621442575928528129,https://www.tiktok.com/@liputan6.sctv/video/7621442575928528129?commentId=7621459548074803988,scraping_tiktok,christopher_wijaya10,"cb tanyain, kenapa kita yg harus laporan? Kan kita ud bayar.. harusnya mereka yg mendata.. knp harus lapor dan kalo tdk lapor ada punishment nya."
7621459605919089428,2026-03-26T07:15:53.000Z,0,https://www.tiktok.com/@liputan6.sctv/video/7621442575928528129,https://www.tiktok.com/@liputan6.sctv/video/7621442575928528129?commentId=7621459605919089428,scraping_tiktok,hshsgdbdjdjdjvafagehrj,Ribet
7623796297959883528,2026-04-01T14:23:29.000Z,0,https://www.tiktok.com/@liputan6.sctv/video/7621442575928528129,https://www.tiktok.com/@liputan6.sctv/video/7621442575928528129?commentId=7623796297959883528,scraping_tiktok,mooonnrabbits,tadi ada org bkin vt gen z vs coretax..dikit dikit gen z pdhal coretax vs everybody 😒
7621459699829867284,2026-03-26T07:16:17.000Z,0,https://www.tiktok.com/@liputan6.sctv/video/7621442575928528129,https://www.tiktok.com/@liputan6.sctv/video/7621442575928528129?commentId=7621459699829867284,scraping_tiktok,dyn___n,Pas buat akunnya aja susah bgt😭
7623788537485738770,2026-04-01T13:53:19.000Z,0,https://www.tiktok.com/@liputan6.sctv/video/7621442575928528129,https://www.tiktok.com/@liputan6.sctv/video/7621442575928528129?commentId=7623788537485738770,scraping_tiktok,agus_mulyawan,"Punten Kang Yudi.. ini masukan aja, sepertinya hal ini disengaja biar rakyat membenci Akang. Saena mah ulah polos teuing Kang..
kalau udah udah mensinyalir bahwa ini ada bisnis, langsung audit aja, ini pasti ada sesuatu.. sehat selalu Kang.."
7621460128474891029,2026-03-26T07:17:55.000Z,0,https://www.tiktok.com/@liputan6.sctv/video/7621442575928528129,https://www.tiktok.com/@liputan6.sctv/video/7621442575928528129?commentId=7621460128474891029,scraping_tiktok,maspermana_,eh serius bener bgt yg diomongin bjir
7621460460974457621,2026-03-26T07:19:14.000Z,0,https://www.tiktok.com/@liputan6.sctv/video/7621442575928528129,https://www.tiktok.com/@liputan6.sctv/video/7621442575928528129?commentId=7621460460974457621,scraping_tiktok,mas_raden76,sangat susah pak membingungkan
7621447850418930452,2026-03-26T06:30:21.000Z,0,https://www.tiktok.com/@liputan6.sctv/video/7621442575928528129,https://www.tiktok.com/@liputan6.sctv/video/7621442575928528129?commentId=7621447850418930452,scraping_tiktok,suasana.kampung02,bener😂
7621460562186748673,2026-03-26T07:19:41.000Z,0,https://www.tiktok.com/@liputan6.sctv/video/7621442575928528129,https://www.tiktok.com/@liputan6.sctv/video/7621442575928528129?commentId=7621460562186748673,scraping_tiktok,otw.56.kg,ngabis2in apbn
7621460832467600149,2026-03-26T07:20:38.000Z,0,https://www.tiktok.com/@liputan6.sctv/video/7621442575928528129,https://www.tiktok.com/@liputan6.sctv/video/7621442575928528129?commentId=7621460832467600149,scraping_tiktok,iqarus2,kl sdh tau begitu knp dilanjutkan sih pak😰
7621460840928183061,2026-03-26T07:20:41.000Z,0,https://www.tiktok.com/@liputan6.sctv/video/7621442575928528129,https://www.tiktok.com/@liputan6.sctv/video/7621442575928528129?commentId=7621460840928183061,scraping_tiktok,bangbondan42,coba gh pemerintah denger suara rakyat...kita udh bayr pjk masa iya kita juga harus lapor....
7623428447789220616,2026-03-31T14:36:07.000Z,0,https://www.tiktok.com/@liputan6.sctv/video/7621442575928528129,https://www.tiktok.com/@liputan6.sctv/video/7621442575928528129?commentId=7623428447789220616,scraping_tiktok,saniqsan13,Stress emang gila
7623572865573389077,2026-03-31T23:56:51.000Z,0,https://www.tiktok.com/@liputan6.sctv/video/7621442575928528129,https://www.tiktok.com/@liputan6.sctv/video/7621442575928528129?commentId=7623572865573389077,scraping_tiktok,jugram_86,"emang bermasalah tuh website/aplikasi, bikin NPWP aja bikin naek darah."
7621463589089837845,2026-03-26T07:31:19.000Z,0,https://www.tiktok.com/@liputan6.sctv/video/7621442575928528129,https://www.tiktok.com/@liputan6.sctv/video/7621442575928528129?commentId=7621463589089837845,scraping_tiktok,willy_353,coretax 💩
7621463630924530453,2026-03-26T07:31:30.000Z,0,https://www.tiktok.com/@liputan6.sctv/video/7621442575928528129,https://www.tiktok.com/@liputan6.sctv/video/7621442575928528129?commentId=7621463630924530453,scraping_tiktok,batikeris,dlu di puja2 skrang B aja
7621463737161777936,2026-03-26T07:32:06.000Z,0,https://www.tiktok.com/@liputan6.sctv/video/7621442575928528129,https://www.tiktok.com/@liputan6.sctv/video/7621442575928528129?commentId=7621463737161777936,scraping_tiktok,espotong88,intinya terlalu ribet
7621463827846284053,2026-03-26T07:32:15.000Z,0,https://www.tiktok.com/@liputan6.sctv/video/7621442575928528129,https://www.tiktok.com/@liputan6.sctv/video/7621442575928528129?commentId=7621463827846284053,scraping_tiktok,asuraindra,jujur memang tambah binggung di buatnya
7621464064041239312,2026-03-26T07:33:15.000Z,0,https://www.tiktok.com/@liputan6.sctv/video/7621442575928528129,https://www.tiktok.com/@liputan6.sctv/video/7621442575928528129?commentId=7621464064041239312,scraping_tiktok,lella_leong,"lebih mudah yg sebelumnya,yg coretax panjang bgt ,apalagi bagian asetnya😏"
7621464101798462229,2026-03-26T07:33:22.000Z,0,https://www.tiktok.com/@liputan6.sctv/video/7621442575928528129,https://www.tiktok.com/@liputan6.sctv/video/7621442575928528129?commentId=7621464101798462229,scraping_tiktok,xx9946,"dikantorku datangin org kpp, dan org kpp nya jg bingung sendiri pas ada yg ngeluh 😅"
7623454038353085204,2026-03-31T16:15:23.000Z,0,https://www.tiktok.com/@liputan6.sctv/video/7621442575928528129,https://www.tiktok.com/@liputan6.sctv/video/7621442575928528129?commentId=7623454038353085204,scraping_tiktok,mayamayuuu0,"uang tunai aja dimintai nama bank dan nomor rekening, gimana coba ngisinya😭🙏🏻"
7621464265215804181,2026-03-26T07:33:57.000Z,0,https://www.tiktok.com/@liputan6.sctv/video/7621442575928528129,https://www.tiktok.com/@liputan6.sctv/video/7621442575928528129?commentId=7621464265215804181,scraping_tiktok,71111b0,Laporan pajak sengaja dibuat sulit dan rumit agar masyarakat bingung dan tidak tahu
7623444177020175111,2026-03-31T15:37:01.000Z,0,https://www.tiktok.com/@liputan6.sctv/video/7621442575928528129,https://www.tiktok.com/@liputan6.sctv/video/7621442575928528129?commentId=7623444177020175111,scraping_tiktok,nikenjos_blessed,"Pak, Hidup Rakyat Makin Tertekan Cari Uang Pun Setengah MATI, TAMBAH LAGI BBM yang Naik dan lain lain"
7621464318135763732,2026-03-26T07:34:10.000Z,0,https://www.tiktok.com/@liputan6.sctv/video/7621442575928528129,https://www.tiktok.com/@liputan6.sctv/video/7621442575928528129?commentId=7621464318135763732,scraping_tiktok,hanjomaru,selain itu bahasanya disederhanakan
7623438546581422855,2026-03-31T15:15:09.000Z,0,https://www.tiktok.com/@liputan6.sctv/video/7621442575928528129,https://www.tiktok.com/@liputan6.sctv/video/7621442575928528129?commentId=7623438546581422855,scraping_tiktok,popppppppp______,@Ecclesia
7621463471544156945,2026-03-26T07:30:52.000Z,0,https://www.tiktok.com/@liputan6.sctv/video/7621442575928528129,https://www.tiktok.com/@liputan6.sctv/video/7621442575928528129?commentId=7621463471544156945,scraping_tiktok,sukses.bersama86_,"suruh aj orang pajak nya keliling pak,,,kita bayar kita yg lapor enak banger kerja mereka"
7623426947394274069,2026-03-31T14:30:15.000Z,0,https://www.tiktok.com/@liputan6.sctv/video/7621442575928528129,https://www.tiktok.com/@liputan6.sctv/video/7621442575928528129?commentId=7623426947394274069,scraping_tiktok,renhy_taa,aku gak lapor pajak gara2 terlalu ribet....
7621464593768481537,2026-03-26T07:35:15.000Z,0,https://www.tiktok.com/@liputan6.sctv/video/7621442575928528129,https://www.tiktok.com/@liputan6.sctv/video/7621442575928528129?commentId=7621464593768481537,scraping_tiktok,arasilis,kita yg bayar...kita yg ribet😂
7621464605428335376,2026-03-26T07:35:17.000Z,0,https://www.tiktok.com/@liputan6.sctv/video/7621442575928528129,https://www.tiktok.com/@liputan6.sctv/video/7621442575928528129?commentId=7621464605428335376,scraping_tiktok,fatahsugiyanto,aplikasi clutax...
7621464653748716309,2026-03-26T07:35:30.000Z,0,https://www.tiktok.com/@liputan6.sctv/video/7621442575928528129,https://www.tiktok.com/@liputan6.sctv/video/7621442575928528129?commentId=7621464653748716309,scraping_tiktok,mario_nusantara,Harus ada sinergi antara Dirjen Pajak dan KPPN khusus PNS krn data pph pasal 21 sdh terekam di KPPN
7623094227455197973,2026-03-30T16:59:08.000Z,0,https://www.tiktok.com/@liputan6.sctv/video/7621442575928528129,https://www.tiktok.com/@liputan6.sctv/video/7621442575928528129?commentId=7623094227455197973,scraping_tiktok,ugie_duamata,"cortex hapus ajalahh, suka eror registrasi jga kadang suka lama"
7621464700761539349,2026-03-26T07:35:39.000Z,0,https://www.tiktok.com/@liputan6.sctv/video/7621442575928528129,https://www.tiktok.com/@liputan6.sctv/video/7621442575928528129?commentId=7621464700761539349,scraping_tiktok,pasienlepqavh123,"Sakit banget lihat pak purbaya😭😭😭yaAllah pak ngak usah mikir keras,,,yg korupsi aja santui😭😭😭"
7623396969312682770,2026-03-31T12:33:57.000Z,0,https://www.tiktok.com/@liputan6.sctv/video/7621442575928528129,https://www.tiktok.com/@liputan6.sctv/video/7621442575928528129?commentId=7623396969312682770,scraping_tiktok,buguru.el,bapakkuu sehat selalu bapakkkkkkkk
7621465067141432085,2026-03-26T07:37:02.000Z,0,https://www.tiktok.com/@liputan6.sctv/video/7621442575928528129,https://www.tiktok.com/@liputan6.sctv/video/7621442575928528129?commentId=7621465067141432085,scraping_tiktok,iwd.com,😁😁😁
7621465075489440513,2026-03-26T07:37:10.000Z,0,https://www.tiktok.com/@liputan6.sctv/video/7621442575928528129,https://www.tiktok.com/@liputan6.sctv/video/7621442575928528129?commentId=7621465075489440513,scraping_tiktok,ahmad.raihan.atha,pakai gopay aj pak😂😂😂
7621465143977706257,2026-03-26T07:37:25.000Z,0,https://www.tiktok.com/@liputan6.sctv/video/7621442575928528129,https://www.tiktok.com/@liputan6.sctv/video/7621442575928528129?commentId=7621465143977706257,scraping_tiktok,mulaidaridini,se 7
7621465165648839444,2026-03-26T07:37:26.000Z,0,https://www.tiktok.com/@liputan6.sctv/video/7621442575928528129,https://www.tiktok.com/@liputan6.sctv/video/7621442575928528129?commentId=7621465165648839444,scraping_tiktok,chaidarralii,bener. udah kita yang disuruh bayar kita yang dibikin ribet. masih mending yang dulu lapor sat set . ampun deh gua
7623613075010208519,2026-04-01T02:32:29.000Z,0,https://www.tiktok.com/@liputan6.sctv/video/7621442575928528129,https://www.tiktok.com/@liputan6.sctv/video/7621442575928528129?commentId=7623613075010208519,scraping_tiktok,gamertampan666,"Coretax itu udah dititik bangunana yg lebih mudah di rubuhin terus d bangun ulang daripada cuman benerin sistem doang, karena dari awal fondasinya udah ngasal"
7621450314143154964,2026-03-26T06:39:50.000Z,0,https://www.tiktok.com/@liputan6.sctv/video/7621442575928528129,https://www.tiktok.com/@liputan6.sctv/video/7621442575928528129?commentId=7621450314143154964,scraping_tiktok,nw5537,"e faktur keluaran, klo mau lihat list kita mesti naikin turunin kanan kiriin haduh gak bisa full layar kelihatan semua datanya😏"
7621450455830299413,2026-03-26T06:40:20.000Z,0,https://www.tiktok.com/@liputan6.sctv/video/7621442575928528129,https://www.tiktok.com/@liputan6.sctv/video/7621442575928528129?commentId=7621450455830299413,scraping_tiktok,bastenjos,bener sekali pak... perlu penyederhanaan dalam penyampaian bukti SPTnya.
7621450212326408968,2026-03-26T06:40:28.000Z,0,https://www.tiktok.com/@liputan6.sctv/video/7621442575928528129,https://www.tiktok.com/@liputan6.sctv/video/7621442575928528129?commentId=7621450212326408968,scraping_tiktok,suherliaceng,sangat merugikan potonganya juga luar biasa banyak..
7621450691944710932,2026-03-26T06:41:16.000Z,0,https://www.tiktok.com/@liputan6.sctv/video/7621442575928528129,https://www.tiktok.com/@liputan6.sctv/video/7621442575928528129?commentId=7621450691944710932,scraping_tiktok,sandijli310,demo
7621450779313259284,2026-03-26T06:41:43.000Z,0,https://www.tiktok.com/@liputan6.sctv/video/7621442575928528129,https://www.tiktok.com/@liputan6.sctv/video/7621442575928528129?commentId=7621450779313259284,scraping_tiktok,gemini.wmf,Enak DJP 😭
7621450851621700370,2026-03-26T06:42:36.000Z,0,https://www.tiktok.com/@liputan6.sctv/video/7621442575928528129,https://www.tiktok.com/@liputan6.sctv/video/7621442575928528129?commentId=7621450851621700370,scraping_tiktok,spilbynit,iya ih bener banget
7621451393350550292,2026-03-26T06:44:02.000Z,0,https://www.tiktok.com/@liputan6.sctv/video/7621442575928528129,https://www.tiktok.com/@liputan6.sctv/video/7621442575928528129?commentId=7621451393350550292,scraping_tiktok,pohan_31,s7
7621451380910523137,2026-03-26T06:44:14.000Z,0,https://www.tiktok.com/@liputan6.sctv/video/7621442575928528129,https://www.tiktok.com/@liputan6.sctv/video/7621442575928528129?commentId=7621451380910523137,scraping_tiktok,berkahalamhandycraft,aplikasi dari pemerintah kenapa sulit di pelajari.. malah bingung sndiri..🗿
7621468377320489744,2026-03-26T07:50:06.000Z,0,https://www.tiktok.com/@liputan6.sctv/video/7621442575928528129,https://www.tiktok.com/@liputan6.sctv/video/7621442575928528129?commentId=7621468377320489744,scraping_tiktok,hidayat8532,kita yang dipotong pajak masa kita jg yg harus lapor harusnya kantor pajak yg laporan ke kita
7623048530944672528,2026-03-30T14:01:46.000Z,0,https://www.tiktok.com/@liputan6.sctv/video/7621442575928528129,https://www.tiktok.com/@liputan6.sctv/video/7621442575928528129?commentId=7623048530944672528,scraping_tiktok,tramus14,TP EMANG IYA..MEMBINGUNGKAN bangke?!!
7621506437538497300,2026-03-26T10:17:46.000Z,0,https://www.tiktok.com/@liputan6.sctv/video/7621442575928528129,https://www.tiktok.com/@liputan6.sctv/video/7621442575928528129?commentId=7621506437538497300,scraping_tiktok,andika_9122,Ya allah. Tambah kurusan pak pur 🥺
7621506415395914516,2026-03-26T10:17:37.000Z,0,https://www.tiktok.com/@liputan6.sctv/video/7621442575928528129,https://www.tiktok.com/@liputan6.sctv/video/7621442575928528129?commentId=7621506415395914516,scraping_tiktok,bukanorangsempurna7,lama2 gw bawa pc gue ke kantor pajak dibantu isi aja deh emg gw gaptek genz gaptekkkkk
7621506046646158101,2026-03-26T10:16:16.000Z,0,https://www.tiktok.com/@liputan6.sctv/video/7621442575928528129,https://www.tiktok.com/@liputan6.sctv/video/7621442575928528129?commentId=7621506046646158101,scraping_tiktok,opick_86,aq blom lapor selama 5 th kena denda g ya karena 3 5h g kerja tetap 2 th terakhir baru buka usaha
7621505964584731410,2026-03-26T10:15:53.000Z,0,https://www.tiktok.com/@liputan6.sctv/video/7621442575928528129,https://www.tiktok.com/@liputan6.sctv/video/7621442575928528129?commentId=7621505964584731410,scraping_tiktok,pakanangfer,Setuju
7623028760573920007,2026-03-30T12:45:09.000Z,0,https://www.tiktok.com/@liputan6.sctv/video/7621442575928528129,https://www.tiktok.com/@liputan6.sctv/video/7621442575928528129?commentId=7623028760573920007,scraping_tiktok,ayususanti80,bener bikin pusing ribet. donatur pajak lapor sendiri. nah penggunaan pajaknya gak ada laporan ke donatur pajak.
7623027838610522900,2026-03-30T12:41:28.000Z,0,https://www.tiktok.com/@liputan6.sctv/video/7621442575928528129,https://www.tiktok.com/@liputan6.sctv/video/7621442575928528129?commentId=7623027838610522900,scraping_tiktok,dhitnf_,daftar NPWP online aja susah bener pak
7621473987730916114,2026-03-26T08:11:54.000Z,0,https://www.tiktok.com/@liputan6.sctv/video/7621442575928528129,https://www.tiktok.com/@liputan6.sctv/video/7621442575928528129?commentId=7621473987730916114,scraping_tiktok,imuk_0423,jujur ribet baget
7621474214004343569,2026-03-26T08:12:40.000Z,0,https://www.tiktok.com/@liputan6.sctv/video/7621442575928528129,https://www.tiktok.com/@liputan6.sctv/video/7621442575928528129?commentId=7621474214004343569,scraping_tiktok,treasureress,Asli coretax jelek bgt ui ux nya..apalagi bahasanya aneh banget terlalu teknis..seakan semua org tahu pasal pasal pelaporan pajak
7621474399132615432,2026-03-26T08:13:22.000Z,0,https://www.tiktok.com/@liputan6.sctv/video/7621442575928528129,https://www.tiktok.com/@liputan6.sctv/video/7621442575928528129?commentId=7621474399132615432,scraping_tiktok,andikayonitra,istilah bahasa perpajakannya buat sesederhana mungkin biar orang awam yang tidak mengerti pajak pun paham
7621472259169862421,2026-03-26T08:05:06.000Z,0,https://www.tiktok.com/@liputan6.sctv/video/7621442575928528129,https://www.tiktok.com/@liputan6.sctv/video/7621442575928528129?commentId=7621472259169862421,scraping_tiktok,user6387447139996,Terlalu mau perah rakyat sampai bikin software kacau gitu
7621472304829301512,2026-03-26T08:05:19.000Z,0,https://www.tiktok.com/@liputan6.sctv/video/7621442575928528129,https://www.tiktok.com/@liputan6.sctv/video/7621442575928528129?commentId=7621472304829301512,scraping_tiktok,davidaritonang98,ribet+ bingung sampe skarang blum lapor SPT
7621472383866831624,2026-03-26T08:05:42.000Z,0,https://www.tiktok.com/@liputan6.sctv/video/7621442575928528129,https://www.tiktok.com/@liputan6.sctv/video/7621442575928528129?commentId=7621472383866831624,scraping_tiktok,raghuvara.das,coretax lebih bagus dari yg sebelum nya
7621472727740302088,2026-03-26T08:06:57.000Z,0,https://www.tiktok.com/@liputan6.sctv/video/7621442575928528129,https://www.tiktok.com/@liputan6.sctv/video/7621442575928528129?commentId=7621472727740302088,scraping_tiktok,kenpin67,Emg membingungkan ngisinya yg tau cuman org pajak nya jd apa2 harus di bantu sm org pajak dan disini kita org awam gak tau misal ada yg kurang terisi bisa kenapa2 nih
7622238654530487061,2026-03-28T09:39:09.000Z,0,https://www.tiktok.com/@liputan6.sctv/video/7621442575928528129,https://www.tiktok.com/@liputan6.sctv/video/7621442575928528129?commentId=7622238654530487061,scraping_tiktok,inttanpuspitta,benerr pak ribet banget
7621521377065616146,2026-03-26T11:15:37.000Z,0,https://www.tiktok.com/@liputan6.sctv/video/7621442575928528129,https://www.tiktok.com/@liputan6.sctv/video/7621442575928528129?commentId=7621521377065616146,scraping_tiktok,wahyu_h_saputra,Cocok Pak Bener buat Bingung dan meresahkan.
7621522504275985160,2026-03-26T11:19:58.000Z,0,https://www.tiktok.com/@liputan6.sctv/video/7621442575928528129,https://www.tiktok.com/@liputan6.sctv/video/7621442575928528129?commentId=7621522504275985160,scraping_tiktok,kindofpomagranate,beneran emg coretax gabisa simpel aja apa kek repot jir
7621522603547902721,2026-03-26T11:20:29.000Z,0,https://www.tiktok.com/@liputan6.sctv/video/7621442575928528129,https://www.tiktok.com/@liputan6.sctv/video/7621442575928528129?commentId=7621522603547902721,scraping_tiktok,dinojchan,IYAAAAA MAU LAPOR AJA STRES BGT 😭
7621522933072495381,2026-03-26T11:21:40.000Z,0,https://www.tiktok.com/@liputan6.sctv/video/7621442575928528129,https://www.tiktok.com/@liputan6.sctv/video/7621442575928528129?commentId=7621522933072495381,scraping_tiktok,andrewwokas,"Saya sudah isi semua sesuai panduan youtube, tapi ga bisa submit Pak @Purbaya Yudhi Sadewa Katanya ada bukti potong yg nyangkut. Tp ga ada…"
7621523227005666055,2026-03-26T11:22:53.000Z,0,https://www.tiktok.com/@liputan6.sctv/video/7621442575928528129,https://www.tiktok.com/@liputan6.sctv/video/7621442575928528129?commentId=7621523227005666055,scraping_tiktok,schijnend,Pak Pur aja ngisinya ditemani orang pajak. ya kita disuruh usaha isi sendiri 😓
7621523539111772949,2026-03-26T11:24:03.000Z,0,https://www.tiktok.com/@liputan6.sctv/video/7621442575928528129,https://www.tiktok.com/@liputan6.sctv/video/7621442575928528129?commentId=7621523539111772949,scraping_tiktok,exe.sha,jujur iyaaa pak
7621523737174934293,2026-03-26T11:24:47.000Z,0,https://www.tiktok.com/@liputan6.sctv/video/7621442575928528129,https://www.tiktok.com/@liputan6.sctv/video/7621442575928528129?commentId=7621523737174934293,scraping_tiktok,ndayyyw,Iyaaa susahhh anjir
7621523790485226260,2026-03-26T11:25:03.000Z,0,https://www.tiktok.com/@liputan6.sctv/video/7621442575928528129,https://www.tiktok.com/@liputan6.sctv/video/7621442575928528129?commentId=7621523790485226260,scraping_tiktok,zcr___,"kasian bgt pak purnama baru menjabat udh kurus bgt krna banyak pikiran, panjang umur dan sehat2 pak untuk memperjuangkan kebenaran"
7621524130538963733,2026-03-26T11:26:26.000Z,0,https://www.tiktok.com/@liputan6.sctv/video/7621442575928528129,https://www.tiktok.com/@liputan6.sctv/video/7621442575928528129?commentId=7621524130538963733,scraping_tiktok,bananaa.chacha,"Mau login aja susah, ribet 😭"
7621521282206614289,2026-03-26T11:15:19.000Z,0,https://www.tiktok.com/@liputan6.sctv/video/7621442575928528129,https://www.tiktok.com/@liputan6.sctv/video/7621442575928528129?commentId=7621521282206614289,scraping_tiktok,49_ry,"sehat2 pak pur🥲udah kurusan,🥲"
7621521275618149128,2026-03-26T11:15:14.000Z,0,https://www.tiktok.com/@liputan6.sctv/video/7621442575928528129,https://www.tiktok.com/@liputan6.sctv/video/7621442575928528129?commentId=7621521275618149128,scraping_tiktok,brumbruumbruuum,"Benerr sekaliii, desainnya terlalu ribet"
7621521048055612180,2026-03-26T11:14:21.000Z,0,https://www.tiktok.com/@liputan6.sctv/video/7621442575928528129,https://www.tiktok.com/@liputan6.sctv/video/7621442575928528129?commentId=7621521048055612180,scraping_tiktok,indahh1806,@seloaja5
7621520865968620296,2026-03-26T11:13:38.000Z,0,https://www.tiktok.com/@liputan6.sctv/video/7621442575928528129,https://www.tiktok.com/@liputan6.sctv/video/7621442575928528129?commentId=7621520865968620296,scraping_tiktok,lunadeviaaaa,lapor spt pake coretax ruwet banget
7621520804928865042,2026-03-26T11:13:23.000Z,0,https://www.tiktok.com/@liputan6.sctv/video/7621442575928528129,https://www.tiktok.com/@liputan6.sctv/video/7621442575928528129?commentId=7621520804928865042,scraping_tiktok,apieceofshittt_,Udah pada lapor?
7621520444721939218,2026-03-26T11:11:59.000Z,0,https://www.tiktok.com/@liputan6.sctv/video/7621442575928528129,https://www.tiktok.com/@liputan6.sctv/video/7621442575928528129?commentId=7621520444721939218,scraping_tiktok,lusy.___,"Biasanya web down karena akhir bulan karena orang² banyak yang laporan mendekati penutupan, tapi sekarang sudah diperpanjang sampai 30 April"
7621520162650342145,2026-03-26T11:10:51.000Z,0,https://www.tiktok.com/@liputan6.sctv/video/7621442575928528129,https://www.tiktok.com/@liputan6.sctv/video/7621442575928528129?commentId=7621520162650342145,scraping_tiktok,_biblegum_,"EMANGGGGG, ITU MEREKA KERJAANNYA NGAPAIN, EMANG SEMUA BISA BAYAR PAJAK LEWAT TUH WEBSITE GAJELAS, KASIAN PAKDE BUDEKU PADA BINGUNG"
7621520107953586964,2026-03-26T11:10:47.000Z,0,https://www.tiktok.com/@liputan6.sctv/video/7621442575928528129,https://www.tiktok.com/@liputan6.sctv/video/7621442575928528129?commentId=7621520107953586964,scraping_tiktok,panggilcihuyy,"Laporannya ribet dr kmrn gabisa update tanggal, helpdesknya ditanyain cuma muter muter"
7621519930535641877,2026-03-26T11:10:09.000Z,0,https://www.tiktok.com/@liputan6.sctv/video/7621442575928528129,https://www.tiktok.com/@liputan6.sctv/video/7621442575928528129?commentId=7621519930535641877,scraping_tiktok,ameilindayu,"kmrn lpor, mumet krn ktmu L1 n L4, bdo amat., lgsg k kntr pajak aj, dr pd ngdumel 2 bln g kelar².😅"
7621519692947571473,2026-03-26T11:09:07.000Z,0,https://www.tiktok.com/@liputan6.sctv/video/7621442575928528129,https://www.tiktok.com/@liputan6.sctv/video/7621442575928528129?commentId=7621519692947571473,scraping_tiktok,superezzat,bener lg😁
7621519494662865665,2026-03-26T11:08:31.000Z,0,https://www.tiktok.com/@liputan6.sctv/video/7621442575928528129,https://www.tiktok.com/@liputan6.sctv/video/7621442575928528129?commentId=7621519494662865665,scraping_tiktok,rocky.tama,emng bingung lapor spt
7621519342614315796,2026-03-26T11:07:47.000Z,0,https://www.tiktok.com/@liputan6.sctv/video/7621442575928528129,https://www.tiktok.com/@liputan6.sctv/video/7621442575928528129?commentId=7621519342614315796,scraping_tiktok,rudy.putra471,tanya : berapa bandwidth terhubung ke server coretax
7621518998635512583,2026-03-26T11:06:27.000Z,0,https://www.tiktok.com/@liputan6.sctv/video/7621442575928528129,https://www.tiktok.com/@liputan6.sctv/video/7621442575928528129?commentId=7621518998635512583,scraping_tiktok,rzdaily19,"aplikasi aneh, dia yang ngasih id & pass, tapi gak bisa login 🗿👍🏻"
7621518975054856981,2026-03-26T11:06:22.000Z,0,https://www.tiktok.com/@liputan6.sctv/video/7621442575928528129,https://www.tiktok.com/@liputan6.sctv/video/7621442575928528129?commentId=7621518975054856981,scraping_tiktok,liside78,"coretax ribet, repot, lelet 😮‍💨😮‍💨😮‍💨"
7621518950007702292,2026-03-26T11:06:17.000Z,0,https://www.tiktok.com/@liputan6.sctv/video/7621442575928528129,https://www.tiktok.com/@liputan6.sctv/video/7621442575928528129?commentId=7621518950007702292,scraping_tiktok,isnathea,asliiii ribettt dan jdi kerjaan yg sangat menjengkelkan🙃
7621526315305632520,2026-03-26T11:34:50.000Z,0,https://www.tiktok.com/@liputan6.sctv/video/7621442575928528129,https://www.tiktok.com/@liputan6.sctv/video/7621442575928528129?commentId=7621526315305632520,scraping_tiktok,m4_n1k,"izin, cepet diganti saja pak.....bikin pusing lama2 bisa hipertensi 😇😇"
7621529635045884692,2026-03-26T11:47:43.000Z,0,https://www.tiktok.com/@liputan6.sctv/video/7621442575928528129,https://www.tiktok.com/@liputan6.sctv/video/7621442575928528129?commentId=7621529635045884692,scraping_tiktok,mangatakomangata,"Klo yg muter” itu ada bbrpa faktor pak, tergantung jumlah akses user yg di siapkan olh provider hosting yg di d sewa dan faktor brikut bs jdi mekanisme programing dri vendor,,"
7621529518939931413,2026-03-26T11:47:20.000Z,0,https://www.tiktok.com/@liputan6.sctv/video/7621442575928528129,https://www.tiktok.com/@liputan6.sctv/video/7621442575928528129?commentId=7621529518939931413,scraping_tiktok,tacca_intgrfolia,Aseliiii ribett bgtt bikin bingungg pakkk
7621529273304859399,2026-03-26T11:46:16.000Z,0,https://www.tiktok.com/@liputan6.sctv/video/7621442575928528129,https://www.tiktok.com/@liputan6.sctv/video/7621442575928528129?commentId=7621529273304859399,scraping_tiktok,coky.zuka.tempe,"@KPK_RI denger nih, lu jangan diem diem bae"
7621529023361909524,2026-03-26T11:45:22.000Z,0,https://www.tiktok.com/@liputan6.sctv/video/7621442575928528129,https://www.tiktok.com/@liputan6.sctv/video/7621442575928528129?commentId=7621529023361909524,scraping_tiktok,racunshopping.id6,pak tolong jaga kesehatannya. denger denger dari anak bapak. bapak sakit diabet. diabet itu gak boleh stres pak. stres dikit naik guladarahnya. soalnya inget alm ayah aku. smoga sehat selalu pak pur🥹
7621528904393622279,2026-03-26T11:44:46.000Z,0,https://www.tiktok.com/@liputan6.sctv/video/7621442575928528129,https://www.tiktok.com/@liputan6.sctv/video/7621442575928528129?commentId=7621528904393622279,scraping_tiktok,felicianggitas,@cipcapcipcup
7621527786532864775,2026-03-26T11:40:31.000Z,0,https://www.tiktok.com/@liputan6.sctv/video/7621442575928528129,https://www.tiktok.com/@liputan6.sctv/video/7621442575928528129?commentId=7621527786532864775,scraping_tiktok,quluqquluq,"mana suka gangguan lagi, makanya pake jasa swasta aja, minta bikinin pejabat aplikasi banyak di tilep"
7621527491086287632,2026-03-26T11:39:29.000Z,0,https://www.tiktok.com/@liputan6.sctv/video/7621442575928528129,https://www.tiktok.com/@liputan6.sctv/video/7621442575928528129?commentId=7621527491086287632,scraping_tiktok,azkiyaay,"Nahhhh emang menteri ini keren bgt apa adanya, kalau programnya jelek yah jelek aja, bapak menteri ini satu2nya di pemerintahan yg guaaaa sukaaaaaa !!!!"
7621527175266779922,2026-03-26T11:38:06.000Z,0,https://www.tiktok.com/@liputan6.sctv/video/7621442575928528129,https://www.tiktok.com/@liputan6.sctv/video/7621442575928528129?commentId=7621527175266779922,scraping_tiktok,tiaraputri2727,"Bingung banget, besok mau ke kantor pajak biar dikerjain sama petugasnya"
7621526841765184257,2026-03-26T11:36:58.000Z,0,https://www.tiktok.com/@liputan6.sctv/video/7621442575928528129,https://www.tiktok.com/@liputan6.sctv/video/7621442575928528129?commentId=7621526841765184257,scraping_tiktok,muzabc,"idolaaa guwaaaaa
kok agak kurusan Pak
terimakasih atas jasanya Pak"
7621526661607654151,2026-03-26T11:36:10.000Z,0,https://www.tiktok.com/@liputan6.sctv/video/7621442575928528129,https://www.tiktok.com/@liputan6.sctv/video/7621442575928528129?commentId=7621526661607654151,scraping_tiktok,ckmeheheheheheh,sumpeh suamiku 2bulan ngga selese2
7621526529961755409,2026-03-26T11:35:48.000Z,0,https://www.tiktok.com/@liputan6.sctv/video/7621442575928528129,https://www.tiktok.com/@liputan6.sctv/video/7621442575928528129?commentId=7621526529961755409,scraping_tiktok,crynsky_,sehat selalu pak pur🥹🙏
7621518722611872520,2026-03-26T11:05:19.000Z,0,https://www.tiktok.com/@liputan6.sctv/video/7621442575928528129,https://www.tiktok.com/@liputan6.sctv/video/7621442575928528129?commentId=7621518722611872520,scraping_tiktok,erzayoung0,bikin ribet anjir..
7621525996816024341,2026-03-26T11:33:35.000Z,0,https://www.tiktok.com/@liputan6.sctv/video/7621442575928528129,https://www.tiktok.com/@liputan6.sctv/video/7621442575928528129?commentId=7621525996816024341,scraping_tiktok,rr17092013,"di print gak lengkap,"
7621525975671505682,2026-03-26T11:33:34.000Z,0,https://www.tiktok.com/@liputan6.sctv/video/7621442575928528129,https://www.tiktok.com/@liputan6.sctv/video/7621442575928528129?commentId=7621525975671505682,scraping_tiktok,mldyazahr_,"intinya kita yg bayar kita yg pusing... kenapa coba harus dibikin ribet? dan kdg gonta ganti regulasi, jadi.. kita yg harus bayar pajak juga harus ngertiin dan mempelajarinya?"
7621525783765041921,2026-03-26T11:32:42.000Z,0,https://www.tiktok.com/@liputan6.sctv/video/7621442575928528129,https://www.tiktok.com/@liputan6.sctv/video/7621442575928528129?commentId=7621525783765041921,scraping_tiktok,desistnghr,asli ribet bgt coretax 😭
7621525682451727111,2026-03-26T11:32:19.000Z,0,https://www.tiktok.com/@liputan6.sctv/video/7621442575928528129,https://www.tiktok.com/@liputan6.sctv/video/7621442575928528129?commentId=7621525682451727111,scraping_tiktok,xnotttphirpangkat2,"emang iya, kek tempat judol"
7621525658184237825,2026-03-26T11:32:17.000Z,0,https://www.tiktok.com/@liputan6.sctv/video/7621442575928528129,https://www.tiktok.com/@liputan6.sctv/video/7621442575928528129?commentId=7621525658184237825,scraping_tiktok,_himawari_kireii,Pakk ? 🥺😞
7621525488033170183,2026-03-26T11:31:37.000Z,0,https://www.tiktok.com/@liputan6.sctv/video/7621442575928528129,https://www.tiktok.com/@liputan6.sctv/video/7621442575928528129?commentId=7621525488033170183,scraping_tiktok,mutyakawilaa,"Gua daftar online coretax ga bisa , terus mau dibantu sama perusahaan gue , eh ga bisa juga 😳; ga ngerti lagi gua maunya apa nih coretax"
7621525289533342465,2026-03-26T11:30:53.000Z,0,https://www.tiktok.com/@liputan6.sctv/video/7621442575928528129,https://www.tiktok.com/@liputan6.sctv/video/7621442575928528129?commentId=7621525289533342465,scraping_tiktok,kiyouwo,"blio keliatan kusut dan kurusan ya, carut marut betul keknya ekonomi Indonesia ini😭😭😭 dia menkeu keliatan kusut apalagi rakyat jelata kek kita😞"
7621525212442755847,2026-03-26T11:30:32.000Z,0,https://www.tiktok.com/@liputan6.sctv/video/7621442575928528129,https://www.tiktok.com/@liputan6.sctv/video/7621442575928528129?commentId=7621525212442755847,scraping_tiktok,liyasusanti8,pak kenapa kurusan😭😭😭😭
7621525167902065426,2026-03-26T11:30:18.000Z,0,https://www.tiktok.com/@liputan6.sctv/video/7621442575928528129,https://www.tiktok.com/@liputan6.sctv/video/7621442575928528129?commentId=7621525167902065426,scraping_tiktok,ryhn1888,aplikasi sampah emang coretax
7621525144922391317,2026-03-26T11:30:17.000Z,0,https://www.tiktok.com/@liputan6.sctv/video/7621442575928528129,https://www.tiktok.com/@liputan6.sctv/video/7621442575928528129?commentId=7621525144922391317,scraping_tiktok,aidi.arpullah,RIBETTT
7621525077977563911,2026-03-26T11:30:03.000Z,0,https://www.tiktok.com/@liputan6.sctv/video/7621442575928528129,https://www.tiktok.com/@liputan6.sctv/video/7621442575928528129?commentId=7621525077977563911,scraping_tiktok,novsckajoellen,sehat sehat pak Purbaya. Ya Tuhan lindungilah orang orang baik yg ada di dalam pemerintahan 🥺🙏🏻
7621524938101097223,2026-03-26T11:29:29.000Z,0,https://www.tiktok.com/@liputan6.sctv/video/7621442575928528129,https://www.tiktok.com/@liputan6.sctv/video/7621442575928528129?commentId=7621524938101097223,scraping_tiktok,mas_bagusingarso,kita yg bayar kita yg lapor
7621524570654638869,2026-03-26T11:28:00.000Z,0,https://www.tiktok.com/@liputan6.sctv/video/7621442575928528129,https://www.tiktok.com/@liputan6.sctv/video/7621442575928528129?commentId=7621524570654638869,scraping_tiktok,anameyx,"kenapa kita udh bayar ttep harus lapor sih, aturan sistemnya gausah dibikin lapor lg aja bisa gasi😌"
7621524195944579860,2026-03-26T11:26:38.000Z,0,https://www.tiktok.com/@liputan6.sctv/video/7621442575928528129,https://www.tiktok.com/@liputan6.sctv/video/7621442575928528129?commentId=7621524195944579860,scraping_tiktok,hdytiiiiii_,bangeeet😭
7621508759160062740,2026-03-26T10:26:43.000Z,0,https://www.tiktok.com/@liputan6.sctv/video/7621442575928528129,https://www.tiktok.com/@liputan6.sctv/video/7621442575928528129?commentId=7621508759160062740,scraping_tiktok,caecayuyyy,@Putri @syaefaaaa @s @wadoeh pak pur aja setuju
7621511059464520456,2026-03-26T10:38:35.000Z,0,https://www.tiktok.com/@liputan6.sctv/video/7621442575928528129,https://www.tiktok.com/@liputan6.sctv/video/7621442575928528129?commentId=7621511059464520456,scraping_tiktok,gigaralfat,Udh lh balik ke djp online ae pak😭
7621511719659045639,2026-03-26T10:38:08.000Z,0,https://www.tiktok.com/@liputan6.sctv/video/7621442575928528129,https://www.tiktok.com/@liputan6.sctv/video/7621442575928528129?commentId=7621511719659045639,scraping_tiktok,our_story4432,"kita yang bayar pajak, kita yang laporkan, pejabat ini itu yang nikmati, mana ribet pula webnya...haha +62"
7621511518622171924,2026-03-26T10:37:24.000Z,0,https://www.tiktok.com/@liputan6.sctv/video/7621442575928528129,https://www.tiktok.com/@liputan6.sctv/video/7621442575928528129?commentId=7621511518622171924,scraping_tiktok,recconnaissance,apk ampass itu😹
7621511507427656455,2026-03-26T10:37:18.000Z,0,https://www.tiktok.com/@liputan6.sctv/video/7621442575928528129,https://www.tiktok.com/@liputan6.sctv/video/7621442575928528129?commentId=7621511507427656455,scraping_tiktok,hei_starr,Bahasanya pun ga new user friendly itu coretax😭
7621511409721721621,2026-03-26T10:37:00.000Z,0,https://www.tiktok.com/@liputan6.sctv/video/7621442575928528129,https://www.tiktok.com/@liputan6.sctv/video/7621442575928528129?commentId=7621511409721721621,scraping_tiktok,aasclee,Coretax nih error mulu udah dari kapan tau mau lapor pajak malah error trs
7621511366298665736,2026-03-26T10:36:47.000Z,0,https://www.tiktok.com/@liputan6.sctv/video/7621442575928528129,https://www.tiktok.com/@liputan6.sctv/video/7621442575928528129?commentId=7621511366298665736,scraping_tiktok,mputriaja,Yang mau ku bantu laporin spt pribadi dm ya
7634794156606702337,2026-05-01T05:40:48.000Z,0,https://www.tiktok.com/@liputan6.sctv/video/7621442575928528129,https://www.tiktok.com/@liputan6.sctv/video/7621442575928528129?commentId=7634794156606702337,scraping_tiktok,user249754857,ribet pa bagi yg g bisa ngisi pake laptop
7621511126354461458,2026-03-26T10:35:51.000Z,0,https://www.tiktok.com/@liputan6.sctv/video/7621442575928528129,https://www.tiktok.com/@liputan6.sctv/video/7621442575928528129?commentId=7621511126354461458,scraping_tiktok,sebutsajayudi,Ya bener
7621510950953026324,2026-03-26T10:35:16.000Z,0,https://www.tiktok.com/@liputan6.sctv/video/7621442575928528129,https://www.tiktok.com/@liputan6.sctv/video/7621442575928528129?commentId=7621510950953026324,scraping_tiktok,grahadiawan,padahal yang djp online ga kenapa2
7621510878974935829,2026-03-26T10:34:59.000Z,0,https://www.tiktok.com/@liputan6.sctv/video/7621442575928528129,https://www.tiktok.com/@liputan6.sctv/video/7621442575928528129?commentId=7621510878974935829,scraping_tiktok,epyeulalia,Mks ya bang udah mewakilin
7621510017326220050,2026-03-26T10:31:31.000Z,0,https://www.tiktok.com/@liputan6.sctv/video/7621442575928528129,https://www.tiktok.com/@liputan6.sctv/video/7621442575928528129?commentId=7621510017326220050,scraping_tiktok,.monstercookies_,mantap pak pur
7621509801884877589,2026-03-26T10:30:42.000Z,0,https://www.tiktok.com/@liputan6.sctv/video/7621442575928528129,https://www.tiktok.com/@liputan6.sctv/video/7621442575928528129?commentId=7621509801884877589,scraping_tiktok,basementpim2,ampe kurus bpk gw ini 🥀
7621509680737387284,2026-03-26T10:30:17.000Z,0,https://www.tiktok.com/@liputan6.sctv/video/7621442575928528129,https://www.tiktok.com/@liputan6.sctv/video/7621442575928528129?commentId=7621509680737387284,scraping_tiktok,kenkeny13,Pajak selalu bayar tapi gak lapor gmna ?? Plis bisa gak sih aturannya di ubah cukup masyarakat bayar pajak tanpa laporan.dan laporan semuanya orang pajak yg kerjain !
7621509348448092948,2026-03-26T10:29:01.000Z,0,https://www.tiktok.com/@liputan6.sctv/video/7621442575928528129,https://www.tiktok.com/@liputan6.sctv/video/7621442575928528129?commentId=7621509348448092948,scraping_tiktok,imamyours8,nyusahin pak
7621509224929723137,2026-03-26T10:28:40.000Z,0,https://www.tiktok.com/@liputan6.sctv/video/7621442575928528129,https://www.tiktok.com/@liputan6.sctv/video/7621442575928528129?commentId=7621509224929723137,scraping_tiktok,adalahpokoknyahuacimm,sehat selalu yah pak
7621512060334506760,2026-03-26T10:39:31.000Z,0,https://www.tiktok.com/@liputan6.sctv/video/7621442575928528129,https://www.tiktok.com/@liputan6.sctv/video/7621442575928528129?commentId=7621512060334506760,scraping_tiktok,dodoj0112,setuju
7621508695821648656,2026-03-26T10:26:21.000Z,0,https://www.tiktok.com/@liputan6.sctv/video/7621442575928528129,https://www.tiktok.com/@liputan6.sctv/video/7621442575928528129?commentId=7621508695821648656,scraping_tiktok,shanoamq,"auranya jadi aga suram pur, ga seperti awal"" menjabat yg cerah"
7621508568593105672,2026-03-26T10:25:57.000Z,0,https://www.tiktok.com/@liputan6.sctv/video/7621442575928528129,https://www.tiktok.com/@liputan6.sctv/video/7621442575928528129?commentId=7621508568593105672,scraping_tiktok,menujukekal,kurus
7621508146264326930,2026-03-26T10:24:21.000Z,0,https://www.tiktok.com/@liputan6.sctv/video/7621442575928528129,https://www.tiktok.com/@liputan6.sctv/video/7621442575928528129?commentId=7621508146264326930,scraping_tiktok,de_cocooo,saya mau lapor spt malah males jdnya ketunda2 pak krn ribet 😭🤣
7621507893892711176,2026-03-26T10:23:22.000Z,0,https://www.tiktok.com/@liputan6.sctv/video/7621442575928528129,https://www.tiktok.com/@liputan6.sctv/video/7621442575928528129?commentId=7621507893892711176,scraping_tiktok,ryanntttt16,gampang klo liat yutub🗿
7621507665424401160,2026-03-26T10:22:25.000Z,0,https://www.tiktok.com/@liputan6.sctv/video/7621442575928528129,https://www.tiktok.com/@liputan6.sctv/video/7621442575928528129?commentId=7621507665424401160,scraping_tiktok,zeonchasval,"Gaada IT ahli kah sampek buat web coretax seribet itu, di kalahin sama mbanking tuh😂"
7621507606108914450,2026-03-26T10:22:13.000Z,0,https://www.tiktok.com/@liputan6.sctv/video/7621442575928528129,https://www.tiktok.com/@liputan6.sctv/video/7621442575928528129?commentId=7621507606108914450,scraping_tiktok,shinta.istiana,Saya jg bingung bahasanya njelimet
7621507498470032149,2026-03-26T10:21:46.000Z,0,https://www.tiktok.com/@liputan6.sctv/video/7621442575928528129,https://www.tiktok.com/@liputan6.sctv/video/7621442575928528129?commentId=7621507498470032149,scraping_tiktok,undercover.789,"Pak udah jaman AI pak, plisss bikin yang tinggal next2 aja gituu"
7621507305490629396,2026-03-26T10:21:06.000Z,0,https://www.tiktok.com/@liputan6.sctv/video/7621442575928528129,https://www.tiktok.com/@liputan6.sctv/video/7621442575928528129?commentId=7621507305490629396,scraping_tiktok,abcdefghiluvyew,"nah ini. mana sering nge-lag, logout sendiri. ribet ih."
7621507090419548945,2026-03-26T10:20:13.000Z,0,https://www.tiktok.com/@liputan6.sctv/video/7621442575928528129,https://www.tiktok.com/@liputan6.sctv/video/7621442575928528129?commentId=7621507090419548945,scraping_tiktok,imberknees,"belum lagi di maluku utara, dari sofifi ngurusnya kudu nyebrang ke pulau sebelah.
ebuset, emg gak bisa kah di provinsi ini aja?😭"
7621506703130264340,2026-03-26T10:18:50.000Z,0,https://www.tiktok.com/@liputan6.sctv/video/7621442575928528129,https://www.tiktok.com/@liputan6.sctv/video/7621442575928528129?commentId=7621506703130264340,scraping_tiktok,_terfujilah_,"yang bilang gini asli fix ga pernah lapor SPT, bagi gw ini justru lebih mudah secara interface mudah di pahami dibanding sebelumnya"
7621506690614280978,2026-03-26T10:18:42.000Z,0,https://www.tiktok.com/@liputan6.sctv/video/7621442575928528129,https://www.tiktok.com/@liputan6.sctv/video/7621442575928528129?commentId=7621506690614280978,scraping_tiktok,canholdyou,dokumen saya udah di refresh ga muncul2 paaakk kek mana mau laporrr
7621506562062107408,2026-03-26T10:18:15.000Z,0,https://www.tiktok.com/@liputan6.sctv/video/7621442575928528129,https://www.tiktok.com/@liputan6.sctv/video/7621442575928528129?commentId=7621506562062107408,scraping_tiktok,another.dillaa,pak kok kurusan 🥺
7621506559394415361,2026-03-26T10:18:11.000Z,0,https://www.tiktok.com/@liputan6.sctv/video/7621442575928528129,https://www.tiktok.com/@liputan6.sctv/video/7621442575928528129?commentId=7621506559394415361,scraping_tiktok,aditrisapta,Bukan kurang bagus tapi jelek banget
7621506563634676501,2026-03-26T10:18:08.000Z,0,https://www.tiktok.com/@liputan6.sctv/video/7621442575928528129,https://www.tiktok.com/@liputan6.sctv/video/7621442575928528129?commentId=7621506563634676501,scraping_tiktok,babyrunner2,"jujur CoreTax gak efektif, karna ribet. mencet itu gak masuk, mencet ini malah ngelamun tuh coretax. halahhh"
7621514344538735381,2026-03-26T10:48:21.000Z,0,https://www.tiktok.com/@liputan6.sctv/video/7621442575928528129,https://www.tiktok.com/@liputan6.sctv/video/7621442575928528129?commentId=7621514344538735381,scraping_tiktok,user1233uiopp17893936262,#RILLLLLLLL
7621466630611469076,2026-03-26T07:43:13.000Z,0,https://www.tiktok.com/@liputan6.sctv/video/7621442575928528129,https://www.tiktok.com/@liputan6.sctv/video/7621442575928528129?commentId=7621466630611469076,scraping_tiktok,tyaskejju,buat ribet bendahara
7621466738412520212,2026-03-26T07:43:35.000Z,0,https://www.tiktok.com/@liputan6.sctv/video/7621442575928528129,https://www.tiktok.com/@liputan6.sctv/video/7621442575928528129?commentId=7621466738412520212,scraping_tiktok,jericho.jayakusum,Jgn lupa Pak Pur..lebih bayarnya di minta tolong di balikin ke kami..😁😁
7621466783337382677,2026-03-26T07:43:42.000Z,0,https://www.tiktok.com/@liputan6.sctv/video/7621442575928528129,https://www.tiktok.com/@liputan6.sctv/video/7621442575928528129?commentId=7621466783337382677,scraping_tiktok,alesha.arsyila4,sebenernya utk apa LG hrus lapor pak.....klw misalkan sudh slsai dg bendahara KAntor....
7621466941207282452,2026-03-26T07:44:21.000Z,0,https://www.tiktok.com/@liputan6.sctv/video/7621442575928528129,https://www.tiktok.com/@liputan6.sctv/video/7621442575928528129?commentId=7621466941207282452,scraping_tiktok,leleputih03,"bahasanya dari planet mana njir, bingung maksudnya 😂😂"
7621467339116348181,2026-03-26T07:45:52.000Z,0,https://www.tiktok.com/@liputan6.sctv/video/7621442575928528129,https://www.tiktok.com/@liputan6.sctv/video/7621442575928528129?commentId=7621467339116348181,scraping_tiktok,haihoney.10,Makan hati ngerjain coretax
7621467458478261008,2026-03-26T07:46:21.000Z,0,https://www.tiktok.com/@liputan6.sctv/video/7621442575928528129,https://www.tiktok.com/@liputan6.sctv/video/7621442575928528129?commentId=7621467458478261008,scraping_tiktok,ardi_farm,memang ribet sih
7621467512177935121,2026-03-26T07:46:34.000Z,0,https://www.tiktok.com/@liputan6.sctv/video/7621442575928528129,https://www.tiktok.com/@liputan6.sctv/video/7621442575928528129?commentId=7621467512177935121,scraping_tiktok,syarika_81,semoga kedepannya ada solusinya
7621463409128702721,2026-03-26T07:30:37.000Z,0,https://www.tiktok.com/@liputan6.sctv/video/7621442575928528129,https://www.tiktok.com/@liputan6.sctv/video/7621442575928528129?commentId=7621463409128702721,scraping_tiktok,denifj_93,RIBET pak.. Tolong di buat sesimple mungkin
7621609445601608468,2026-03-26T16:57:28.000Z,0,https://www.tiktok.com/@liputan6.sctv/video/7621442575928528129,https://www.tiktok.com/@liputan6.sctv/video/7621442575928528129?commentId=7621609445601608468,scraping_tiktok,ket.tjau,makin sulit dan membangongkan makin gampang dapat duit petugas pajaknya
7621608859694580501,2026-03-26T16:55:08.000Z,0,https://www.tiktok.com/@liputan6.sctv/video/7621442575928528129,https://www.tiktok.com/@liputan6.sctv/video/7621442575928528129?commentId=7621608859694580501,scraping_tiktok,ket.tjau,"benar aneh ya negri konoha.kita yg bayar pajak,kita disuruh lapor.data sdh ada di mereka.lalu apa kerja pegawai pajak?
peraturan gonta ganti.menkeu aja bingung .bagaimana rakyatnya? gila"
7621608858771555080,2026-03-26T16:55:05.000Z,0,https://www.tiktok.com/@liputan6.sctv/video/7621442575928528129,https://www.tiktok.com/@liputan6.sctv/video/7621442575928528129?commentId=7621608858771555080,scraping_tiktok,nn83737,"1,3 triliun 😭"
7621619723779916551,2026-03-26T17:37:12.000Z,0,https://www.tiktok.com/@liputan6.sctv/video/7621442575928528129,https://www.tiktok.com/@liputan6.sctv/video/7621442575928528129?commentId=7621619723779916551,scraping_tiktok,frankenstein5410,"mending yg dulu, coretax bikin bingung sampah bgt hampir semua aplikasi pemerintah itu sampah semua"
7621608025828688660,2026-03-26T16:51:53.000Z,0,https://www.tiktok.com/@liputan6.sctv/video/7621442575928528129,https://www.tiktok.com/@liputan6.sctv/video/7621442575928528129?commentId=7621608025828688660,scraping_tiktok,mister9teen,pak... ingat makan pak...
7621538671079244560,2026-03-26T12:22:48.000Z,0,https://www.tiktok.com/@liputan6.sctv/video/7621442575928528129,https://www.tiktok.com/@liputan6.sctv/video/7621442575928528129?commentId=7621538671079244560,scraping_tiktok,loloxx013,betul sekali bapakkkkk sependapattt
7621607327954912018,2026-03-26T16:49:08.000Z,0,https://www.tiktok.com/@liputan6.sctv/video/7621442575928528129,https://www.tiktok.com/@liputan6.sctv/video/7621442575928528129?commentId=7621607327954912018,scraping_tiktok,adrian_ngopi.sehat.cuan,membagongkan 😁
7621538790431392532,2026-03-26T12:23:12.000Z,0,https://www.tiktok.com/@liputan6.sctv/video/7621442575928528129,https://www.tiktok.com/@liputan6.sctv/video/7621442575928528129?commentId=7621538790431392532,scraping_tiktok,irdahrais,iya pak ribet banget...
7621605617233429268,2026-03-26T16:42:35.000Z,0,https://www.tiktok.com/@liputan6.sctv/video/7621442575928528129,https://www.tiktok.com/@liputan6.sctv/video/7621442575928528129?commentId=7621605617233429268,scraping_tiktok,mamora.idn,Tolong coretax dibikin simple dong bos
7621605367018619666,2026-03-26T16:41:33.000Z,0,https://www.tiktok.com/@liputan6.sctv/video/7621442575928528129,https://www.tiktok.com/@liputan6.sctv/video/7621442575928528129?commentId=7621605367018619666,scraping_tiktok,elisabethfirma,Pak Sehat terus yaa🙏🏻🥺 @purbayayudhis
7621605233776952085,2026-03-26T16:41:03.000Z,0,https://www.tiktok.com/@liputan6.sctv/video/7621442575928528129,https://www.tiktok.com/@liputan6.sctv/video/7621442575928528129?commentId=7621605233776952085,scraping_tiktok,caakeos,kurusan bgt pakkk
7621605005603586832,2026-03-26T16:40:19.000Z,0,https://www.tiktok.com/@liputan6.sctv/video/7621442575928528129,https://www.tiktok.com/@liputan6.sctv/video/7621442575928528129?commentId=7621605005603586832,scraping_tiktok,blueeskyyy00,Kepengen cepet transparan tp gak ada persiapan 😂😂😂
7621604375505142535,2026-03-26T16:37:39.000Z,0,https://www.tiktok.com/@liputan6.sctv/video/7621442575928528129,https://www.tiktok.com/@liputan6.sctv/video/7621442575928528129?commentId=7621604375505142535,scraping_tiktok,..imtaurus27,kenapaaa belum siap tp sudah harus dijalankan?? ksian lah kmi sudah harus setor duid dibuat pusing lgi..
7621604099788653328,2026-03-26T16:36:39.000Z,0,https://www.tiktok.com/@liputan6.sctv/video/7621442575928528129,https://www.tiktok.com/@liputan6.sctv/video/7621442575928528129?commentId=7621604099788653328,scraping_tiktok,sukariryadi,betul pak pur
7621603577412403975,2026-03-26T16:34:33.000Z,0,https://www.tiktok.com/@liputan6.sctv/video/7621442575928528129,https://www.tiktok.com/@liputan6.sctv/video/7621442575928528129?commentId=7621603577412403975,scraping_tiktok,18avenuecafe,"modul form SPT PPN coretax itu amburadul, dugaan gw 99% yakin dari awal formula dan codingnya ada kesalahan, dan karena programernya gak bisa betulin akhirnya dibuatlah yg namanya peraturan ""SPT berlaku delta"" sehingga setiap kali kita ada pembetulan SPT akan berujung disuruh setor duit dulu alias kurang bayar."
7621650700184093447,2026-03-26T19:37:37.000Z,0,https://www.tiktok.com/@liputan6.sctv/video/7621442575928528129,https://www.tiktok.com/@liputan6.sctv/video/7621442575928528129?commentId=7621650700184093447,scraping_tiktok,khimill.channel,balik ke DJP online aja pak
7621646708853801746,2026-03-26T19:21:56.000Z,0,https://www.tiktok.com/@liputan6.sctv/video/7621442575928528129,https://www.tiktok.com/@liputan6.sctv/video/7621442575928528129?commentId=7621646708853801746,scraping_tiktok,akwokland,Ya namanya juga tim nya isinya dari orang dalem akwoako 😂😂
7621643162243629840,2026-03-26T19:08:29.000Z,0,https://www.tiktok.com/@liputan6.sctv/video/7621442575928528129,https://www.tiktok.com/@liputan6.sctv/video/7621442575928528129?commentId=7621643162243629840,scraping_tiktok,damai_tbk,"Negara seneng bikin rakyatnya susah, sulit, menderita, mumet."
7621639358689608456,2026-03-26T18:53:32.000Z,0,https://www.tiktok.com/@liputan6.sctv/video/7621442575928528129,https://www.tiktok.com/@liputan6.sctv/video/7621442575928528129?commentId=7621639358689608456,scraping_tiktok,chechev20,"Pak gara2 lapor spt pake coretax asam lambung saya kambuh, kurang bayar gimana benerinnya ah"
7621639096150557448,2026-03-26T18:52:26.000Z,0,https://www.tiktok.com/@liputan6.sctv/video/7621442575928528129,https://www.tiktok.com/@liputan6.sctv/video/7621442575928528129?commentId=7621639096150557448,scraping_tiktok,ms.mimaaa,cash back yg g seberapa bikin kurang bayar
7621638447644476181,2026-03-26T18:49:59.000Z,0,https://www.tiktok.com/@liputan6.sctv/video/7621442575928528129,https://www.tiktok.com/@liputan6.sctv/video/7621442575928528129?commentId=7621638447644476181,scraping_tiktok,zen99vst,Balikin aja ke DJP Online lah pak ribet tiap mau download buang waktu
7621637807458747143,2026-03-26T18:47:24.000Z,0,https://www.tiktok.com/@liputan6.sctv/video/7621442575928528129,https://www.tiktok.com/@liputan6.sctv/video/7621442575928528129?commentId=7621637807458747143,scraping_tiktok,moreaukj,"BIKIN PUSING GAK USER FRIENDLY, ISI SENDIRI SAH PAJAK GW GE ORANG PAJAK 😂"
7621634141965337364,2026-03-26T18:33:20.000Z,0,https://www.tiktok.com/@liputan6.sctv/video/7621442575928528129,https://www.tiktok.com/@liputan6.sctv/video/7621442575928528129?commentId=7621634141965337364,scraping_tiktok,abi_lie,"CORETAX terlalu ribet, kalo bisa di buat simpel aja pak 🙏"
7621634037912716039,2026-03-26T18:32:50.000Z,0,https://www.tiktok.com/@liputan6.sctv/video/7621442575928528129,https://www.tiktok.com/@liputan6.sctv/video/7621442575928528129?commentId=7621634037912716039,scraping_tiktok,romi_agged,"ngisi ny ribet parah, menu induks blm l-1 dikasih tutor pusing jg bacany , bolak balik menu blm lagi cek bpa1"
7621631659867620116,2026-03-26T18:23:38.000Z,0,https://www.tiktok.com/@liputan6.sctv/video/7621442575928528129,https://www.tiktok.com/@liputan6.sctv/video/7621442575928528129?commentId=7621631659867620116,scraping_tiktok,ridwanlzd,Tim IT yang direkrut akhir tahun kemarin kerjanya apa?
7621537863503266567,2026-03-26T12:19:39.000Z,0,https://www.tiktok.com/@liputan6.sctv/video/7621442575928528129,https://www.tiktok.com/@liputan6.sctv/video/7621442575928528129?commentId=7621537863503266567,scraping_tiktok,sk280493,"setuju, lantar layer gak jelas"
7621629841376903956,2026-03-26T18:16:34.000Z,0,https://www.tiktok.com/@liputan6.sctv/video/7621442575928528129,https://www.tiktok.com/@liputan6.sctv/video/7621442575928528129?commentId=7621629841376903956,scraping_tiktok,so_so_sophian,"kalau tujuannya untuk pelaporan tahunan, yang diaksesnya setahun sekali, janganlah disamakan dengan Perusahaan yang setiap periode bikin faktur dan segala jenis urusan perpajakan tiap bulan."
7621602489292931860,2026-03-26T16:30:24.000Z,0,https://www.tiktok.com/@liputan6.sctv/video/7621442575928528129,https://www.tiktok.com/@liputan6.sctv/video/7621442575928528129?commentId=7621602489292931860,scraping_tiktok,big.asia5,"masa pas lapor bulanan yg 2025 munculnya yg bulan yg 2026 duluan, jebakan badman, jadinya piutang donk kalo trbayar, pemerintah harus kasi bunga jika duit rakyat diterima duluan sebelum tahunnya"
7621629083344683783,2026-03-26T18:13:35.000Z,0,https://www.tiktok.com/@liputan6.sctv/video/7621442575928528129,https://www.tiktok.com/@liputan6.sctv/video/7621442575928528129?commentId=7621629083344683783,scraping_tiktok,myminaariii,gajelas emg coretax ni... nambahin jatuhnya
7621528450519728904,2026-03-26T11:43:02.000Z,0,https://www.tiktok.com/@liputan6.sctv/video/7621442575928528129,https://www.tiktok.com/@liputan6.sctv/video/7621442575928528129?commentId=7621528450519728904,scraping_tiktok,mbokezoy,setuju pak... berbelit2... wes di bayar sek dikon lapor.. sek di suruh berbelit2.. dih
7621528169804006152,2026-03-26T11:42:00.000Z,0,https://www.tiktok.com/@liputan6.sctv/video/7621442575928528129,https://www.tiktok.com/@liputan6.sctv/video/7621442575928528129?commentId=7621528169804006152,scraping_tiktok,emakcintakopi,"Iya pak, lebih gampang yang kemaren"
7621527896549901076,2026-03-26T11:40:59.000Z,0,https://www.tiktok.com/@liputan6.sctv/video/7621442575928528129,https://www.tiktok.com/@liputan6.sctv/video/7621442575928528129?commentId=7621527896549901076,scraping_tiktok,rahendrakurniawan,ribet banget kak tolong disederhanakan kambali ya
7621518809123308289,2026-03-26T11:05:36.000Z,0,https://www.tiktok.com/@liputan6.sctv/video/7621442575928528129,https://www.tiktok.com/@liputan6.sctv/video/7621442575928528129?commentId=7621518809123308289,scraping_tiktok,aeneare,@icyy @Sementaramenjadiaang 😭
7621526152671150868,2026-03-26T11:34:12.000Z,0,https://www.tiktok.com/@liputan6.sctv/video/7621442575928528129,https://www.tiktok.com/@liputan6.sctv/video/7621442575928528129?commentId=7621526152671150868,scraping_tiktok,cikgu343,Betul bgt pak
7621508871730889493,2026-03-26T10:27:06.000Z,0,https://www.tiktok.com/@liputan6.sctv/video/7621442575928528129,https://www.tiktok.com/@liputan6.sctv/video/7621442575928528129?commentId=7621508871730889493,scraping_tiktok,greggoriann,"NAAHHH, GW PUSING APA INI CORETAX.. KAGAK PAHAM CARA PAKENYA😭"
7621512030100587265,2026-03-26T10:39:18.000Z,0,https://www.tiktok.com/@liputan6.sctv/video/7621442575928528129,https://www.tiktok.com/@liputan6.sctv/video/7621442575928528129?commentId=7621512030100587265,scraping_tiktok,bipolarisnt,UX nya gak banget pak
7623267326758552341,2026-03-31T04:10:54.000Z,0,https://www.tiktok.com/@liputan6.sctv/video/7621442575928528129,https://www.tiktok.com/@liputan6.sctv/video/7621442575928528129?commentId=7623267326758552341,scraping_tiktok,liliet_____,"Aseekkkkk
Bener sekaleeeehhh"
7623273441597244178,2026-03-31T04:34:36.000Z,0,https://www.tiktok.com/@liputan6.sctv/video/7621442575928528129,https://www.tiktok.com/@liputan6.sctv/video/7621442575928528129?commentId=7623273441597244178,scraping_tiktok,mivaras26,"kirim kode otp satu abad jembod, pulsa ada sinyal ada, bikin ribet"
7621493230024934151,2026-03-26T09:26:28.000Z,0,https://www.tiktok.com/@liputan6.sctv/video/7621442575928528129,https://www.tiktok.com/@liputan6.sctv/video/7621442575928528129?commentId=7621493230024934151,scraping_tiktok,irwansalim84,Kalau ada yg bkin ribet ngapain di mudahin pak... 🥺
7621493055266521864,2026-03-26T09:25:42.000Z,0,https://www.tiktok.com/@liputan6.sctv/video/7621442575928528129,https://www.tiktok.com/@liputan6.sctv/video/7621442575928528129?commentId=7621493055266521864,scraping_tiktok,lyraanddzaky,sumpah pak pur kurusan?????
7621492683971232528,2026-03-26T09:24:22.000Z,0,https://www.tiktok.com/@liputan6.sctv/video/7621442575928528129,https://www.tiktok.com/@liputan6.sctv/video/7621442575928528129?commentId=7621492683971232528,scraping_tiktok,riny_kar,bener pak 😁😅
7621492543327486738,2026-03-26T09:23:48.000Z,0,https://www.tiktok.com/@liputan6.sctv/video/7621442575928528129,https://www.tiktok.com/@liputan6.sctv/video/7621442575928528129?commentId=7621492543327486738,scraping_tiktok,chila1850,Ribet lu coretax
7621522081670447890,2026-03-26T11:18:20.000Z,0,https://www.tiktok.com/@liputan6.sctv/video/7621442575928528129,https://www.tiktok.com/@liputan6.sctv/video/7621442575928528129?commentId=7621522081670447890,scraping_tiktok,wirogpasar4,unduh bukti potong aja error terus gabisa
7621521387417748245,2026-03-26T11:15:46.000Z,0,https://www.tiktok.com/@liputan6.sctv/video/7621442575928528129,https://www.tiktok.com/@liputan6.sctv/video/7621442575928528129?commentId=7621521387417748245,scraping_tiktok,_gameminy,coba cek pas bidding vendor nya... ijiiin
7621521538088715009,2026-03-26T11:16:14.000Z,0,https://www.tiktok.com/@liputan6.sctv/video/7621442575928528129,https://www.tiktok.com/@liputan6.sctv/video/7621442575928528129?commentId=7621521538088715009,scraping_tiktok,fitriarien,tapi emang bikin bingung
7621521663772361493,2026-03-26T11:16:53.000Z,0,https://www.tiktok.com/@liputan6.sctv/video/7621442575928528129,https://www.tiktok.com/@liputan6.sctv/video/7621442575928528129?commentId=7621521663772361493,scraping_tiktok,yoursweetestsmile,ih iya masa tadi ak ngisi di kantor pajak error mulu sampe se-jam. kakaknya sampe ga enakan liat ak nunggu lama
7621521753315197697,2026-03-26T11:17:08.000Z,0,https://www.tiktok.com/@liputan6.sctv/video/7621442575928528129,https://www.tiktok.com/@liputan6.sctv/video/7621442575928528129?commentId=7621521753315197697,scraping_tiktok,kaito.141200,yang spt tahunan badan gimana ya kira2...klo telat dendanya gede :(
7621521857536459527,2026-03-26T11:17:28.000Z,0,https://www.tiktok.com/@liputan6.sctv/video/7621442575928528129,https://www.tiktok.com/@liputan6.sctv/video/7621442575928528129?commentId=7621521857536459527,scraping_tiktok,fzyah31,"Betul, ayo ganti pak🙏🏼"
7621521881129042706,2026-03-26T11:17:38.000Z,0,https://www.tiktok.com/@liputan6.sctv/video/7621442575928528129,https://www.tiktok.com/@liputan6.sctv/video/7621442575928528129?commentId=7621521881129042706,scraping_tiktok,primaaayu10,iya ih pak
7621521885944070913,2026-03-26T11:17:43.000Z,0,https://www.tiktok.com/@liputan6.sctv/video/7621442575928528129,https://www.tiktok.com/@liputan6.sctv/video/7621442575928528129?commentId=7621521885944070913,scraping_tiktok,undurundur868,Pak pur. Coretax nya bikin ribet dari applikasi yg tahun tahun kemaren
7621627297876050695,2026-03-26T18:06:43.000Z,0,https://www.tiktok.com/@liputan6.sctv/video/7621442575928528129,https://www.tiktok.com/@liputan6.sctv/video/7621442575928528129?commentId=7621627297876050695,scraping_tiktok,sendybudiargo1212,Udah di potong pajak harus lapor pula
7621626815879234322,2026-03-26T18:04:48.000Z,0,https://www.tiktok.com/@liputan6.sctv/video/7621442575928528129,https://www.tiktok.com/@liputan6.sctv/video/7621442575928528129?commentId=7621626815879234322,scraping_tiktok,abangmarbun16,"ribet kali mau lapor pajak ini.
ribet nya minta ampunn.
serumit itu ya jadi warna negara Indonesia"
7621625898868982549,2026-03-26T18:01:13.000Z,0,https://www.tiktok.com/@liputan6.sctv/video/7621442575928528129,https://www.tiktok.com/@liputan6.sctv/video/7621442575928528129?commentId=7621625898868982549,scraping_tiktok,wiwinwijaya7,jehhhh... baru nyadar...😂
7621625631130567440,2026-03-26T18:00:21.000Z,0,https://www.tiktok.com/@liputan6.sctv/video/7621442575928528129,https://www.tiktok.com/@liputan6.sctv/video/7621442575928528129?commentId=7621625631130567440,scraping_tiktok,novita.wati80,Pak.. PDF SPT koq ga bs di download sih.. keterangannya generating progress terus. hadehhhh.. sdh 1 th 3 bln lohh.. ms error ga kelar2 sih pak.. sdh capek pak.. SUMPAH..😭😭😭
7621623260039381780,2026-03-26T17:50:58.000Z,0,https://www.tiktok.com/@liputan6.sctv/video/7621442575928528129,https://www.tiktok.com/@liputan6.sctv/video/7621442575928528129?commentId=7621623260039381780,scraping_tiktok,zero.name05,"capek kan ngurusin negara yang kinerja ASN ngawur semua, bayangkan coretax yang budget 1T hasilnya gini, coba kasih keswasta pasti aman"
7621623219809157909,2026-03-26T17:50:56.000Z,0,https://www.tiktok.com/@liputan6.sctv/video/7621442575928528129,https://www.tiktok.com/@liputan6.sctv/video/7621442575928528129?commentId=7621623219809157909,scraping_tiktok,nasgorzz,"IYAAA PAKKK IYAAAA BENERRRR. MANA DIRI SENDIRI GA NGERTI PAK, SAYA AJA LAPORNYA KE PAJAK AMPE ANTRI 3 JAM BUAT LAPOR ITU DOANGGGG"
7621622768857023249,2026-03-26T17:49:02.000Z,0,https://www.tiktok.com/@liputan6.sctv/video/7621442575928528129,https://www.tiktok.com/@liputan6.sctv/video/7621442575928528129?commentId=7621622768857023249,scraping_tiktok,chrswluca,tu tau
7621622011248706312,2026-03-26T17:46:09.000Z,0,https://www.tiktok.com/@liputan6.sctv/video/7621442575928528129,https://www.tiktok.com/@liputan6.sctv/video/7621442575928528129?commentId=7621622011248706312,scraping_tiktok,yonobakrie66,"coretax sampah, ribet parah sistem lemot gampang banget down"
7621621742565524245,2026-03-26T17:45:06.000Z,0,https://www.tiktok.com/@liputan6.sctv/video/7621442575928528129,https://www.tiktok.com/@liputan6.sctv/video/7621442575928528129?commentId=7621621742565524245,scraping_tiktok,kenshakaii,ntah lah masih gantung
7621620125477995285,2026-03-26T17:38:57.000Z,0,https://www.tiktok.com/@liputan6.sctv/video/7621442575928528129,https://www.tiktok.com/@liputan6.sctv/video/7621442575928528129?commentId=7621620125477995285,scraping_tiktok,velloratrade,menyulitkan... hapus saja
7621593615396291345,2026-03-26T15:56:06.000Z,0,https://www.tiktok.com/@liputan6.sctv/video/7621442575928528129,https://www.tiktok.com/@liputan6.sctv/video/7621442575928528129?commentId=7621593615396291345,scraping_tiktok,kokomototerus,Yg penting jgn error aja servernya & login nya gk gagal mulu
7621595307420664594,2026-03-26T16:02:30.000Z,0,https://www.tiktok.com/@liputan6.sctv/video/7621442575928528129,https://www.tiktok.com/@liputan6.sctv/video/7621442575928528129?commentId=7621595307420664594,scraping_tiktok,__mamt4__,Betull pak 😂
7621539929940050704,2026-03-26T12:27:40.000Z,0,https://www.tiktok.com/@liputan6.sctv/video/7621442575928528129,https://www.tiktok.com/@liputan6.sctv/video/7621442575928528129?commentId=7621539929940050704,scraping_tiktok,mau.mand1,ternyata banyak juga temennya yg pada kurang paham sama isi web coretax
7621595098531136264,2026-03-26T16:01:44.000Z,0,https://www.tiktok.com/@liputan6.sctv/video/7621442575928528129,https://www.tiktok.com/@liputan6.sctv/video/7621442575928528129?commentId=7621595098531136264,scraping_tiktok,woi.kim,sengaja di bikin ribet biar kena denda kali yaaa huhhh
7621595063043212039,2026-03-26T16:01:34.000Z,0,https://www.tiktok.com/@liputan6.sctv/video/7621442575928528129,https://www.tiktok.com/@liputan6.sctv/video/7621442575928528129?commentId=7621595063043212039,scraping_tiktok,dadvincii,"Gini nih project asal tanpa mikirin UX jadinya poor usability, dibikin ribet"
7621594380440290055,2026-03-26T15:58:51.000Z,0,https://www.tiktok.com/@liputan6.sctv/video/7621442575928528129,https://www.tiktok.com/@liputan6.sctv/video/7621442575928528129?commentId=7621594380440290055,scraping_tiktok,ullyhanindya05,"sampe skrg gk bisa bisa lapor SPT tahunan,ribet"
7621594209783628564,2026-03-26T15:58:20.000Z,0,https://www.tiktok.com/@liputan6.sctv/video/7621442575928528129,https://www.tiktok.com/@liputan6.sctv/video/7621442575928528129?commentId=7621594209783628564,scraping_tiktok,budimanullang1,mulai kurusann yah kasian bapak
7621594232763777800,2026-03-26T15:58:20.000Z,0,https://www.tiktok.com/@liputan6.sctv/video/7621442575928528129,https://www.tiktok.com/@liputan6.sctv/video/7621442575928528129?commentId=7621594232763777800,scraping_tiktok,hn_sandy,bisa jdi tahun depan berubah lagi ini sistem nya
7621594138019169042,2026-03-26T15:58:04.000Z,0,https://www.tiktok.com/@liputan6.sctv/video/7621442575928528129,https://www.tiktok.com/@liputan6.sctv/video/7621442575928528129?commentId=7621594138019169042,scraping_tiktok,rndymrsk,KAMI BERKEGIATAN YANG PAJAKNYA SUDAH DI POTONG OLEH BNDHARA. Harusnya di sistem sudah tercatat.. tp msh disuruh lapor lagi.. sangat tidak efisien. Aplikasi pelaporan pajak yg ribet ini.. seolah2 sengaja dibuat ribet agar muncul calo pajak.. agar orf pajak dpt uang samping. Ok klo prusahaan yg mampu menghigher.. bgmn dgn umkm atau org pribadi.. masa hrs bayar orang utk lapor pajak smntr pajak ini kan urusan dapur sndiri gk bs dibiarin org lain tau… saran saya : BUATLAH DI SATU WEB ATAU APLIKASI YANG SUDAH TERSEDIA PILIHANNYA.. CUKUP KLIK2 SELSAI DI SATU WEB. MASA SEMUA ORANG HARUS BELAJAR BUAT NERACA.. PARAHNYA LG APLIKASI PEMBUKA PDF NYA MASA MASIH PAKE ADOBE READER GENERASI LAMA DISAAT SUDAH ADA PHANTOM.. FOXIT.. NITRO… PARAH SIH INI
7621594126670512897,2026-03-26T15:57:55.000Z,0,https://www.tiktok.com/@liputan6.sctv/video/7621442575928528129,https://www.tiktok.com/@liputan6.sctv/video/7621442575928528129?commentId=7621594126670512897,scraping_tiktok,yunitawydi,"Anak pajak nih kudu belajar ke jepang, gimana caranya rakyatnya ga ngisi apa apa tapi pas minta laporan skrip pajak bisa minta ke kelurahan 🙏🥹"
7621594091634311954,2026-03-26T15:57:47.000Z,0,https://www.tiktok.com/@liputan6.sctv/video/7621442575928528129,https://www.tiktok.com/@liputan6.sctv/video/7621442575928528129?commentId=7621594091634311954,scraping_tiktok,hn_sandy,menteri nya aja mengatakan seperti itu hadehh kan udh jelass gk beres pemerintahan indonesia ini
7621539937093157640,2026-03-26T12:27:42.000Z,0,https://www.tiktok.com/@liputan6.sctv/video/7621442575928528129,https://www.tiktok.com/@liputan6.sctv/video/7621442575928528129?commentId=7621539937093157640,scraping_tiktok,depras8384,bapa aja bingung apa lg kami pa
7621593804739117845,2026-03-26T15:56:42.000Z,0,https://www.tiktok.com/@liputan6.sctv/video/7621442575928528129,https://www.tiktok.com/@liputan6.sctv/video/7621442575928528129?commentId=7621593804739117845,scraping_tiktok,arn.tkt,"captcha udah bener ,, di anggap salah terus aneh ,,, terus mau ganti kata sandi ,,, malah alert gagal login 😄,,, ini sistem alurnya gimana sih .."
7621596131173221128,2026-03-26T16:05:41.000Z,0,https://www.tiktok.com/@liputan6.sctv/video/7621442575928528129,https://www.tiktok.com/@liputan6.sctv/video/7621442575928528129?commentId=7621596131173221128,scraping_tiktok,intanmaheswari,"Aku zaman DJP online rajin lho lapor pajak dr awal thn
ini blm ku laporin"
7621593313695990535,2026-03-26T15:54:46.000Z,0,https://www.tiktok.com/@liputan6.sctv/video/7621442575928528129,https://www.tiktok.com/@liputan6.sctv/video/7621442575928528129?commentId=7621593313695990535,scraping_tiktok,kaieateggs,TRILIUNAN BUAT KERJAAN ANAK SMK MAGANG
7621593260654854933,2026-03-26T15:54:39.000Z,0,https://www.tiktok.com/@liputan6.sctv/video/7621442575928528129,https://www.tiktok.com/@liputan6.sctv/video/7621442575928528129?commentId=7621593260654854933,scraping_tiktok,vin.oding,Ia mau lapor pajak aja ribet bngd isi nya
7621593102676034324,2026-03-26T15:54:00.000Z,0,https://www.tiktok.com/@liputan6.sctv/video/7621442575928528129,https://www.tiktok.com/@liputan6.sctv/video/7621442575928528129?commentId=7621593102676034324,scraping_tiktok,kopiiibleennn,org pajaknya aja bingung pak waktu sosialisasi coretax🤣🤣
7621540026661765909,2026-03-26T12:28:05.000Z,0,https://www.tiktok.com/@liputan6.sctv/video/7621442575928528129,https://www.tiktok.com/@liputan6.sctv/video/7621442575928528129?commentId=7621540026661765909,scraping_tiktok,nenengtutrie,"asli ribet klu yang lama saya tiap tahun lapor sendiri ngk mesti pergi ke kantor pajak
klu coretax ini tahun depan pasti mesti ke kantor pajak lagi"
7621506532068557588,2026-03-26T10:18:03.000Z,0,https://www.tiktok.com/@liputan6.sctv/video/7621442575928528129,https://www.tiktok.com/@liputan6.sctv/video/7621442575928528129?commentId=7621506532068557588,scraping_tiktok,revinaoktaviani23,lah emng
7621513964086510344,2026-03-26T10:46:52.000Z,0,https://www.tiktok.com/@liputan6.sctv/video/7621442575928528129,https://www.tiktok.com/@liputan6.sctv/video/7621442575928528129?commentId=7621513964086510344,scraping_tiktok,brobroronto,jelas merugikannya gak denger ada yang dijadiin tersangka
7621518524369208082,2026-03-26T11:04:39.000Z,0,https://www.tiktok.com/@liputan6.sctv/video/7621442575928528129,https://www.tiktok.com/@liputan6.sctv/video/7621442575928528129?commentId=7621518524369208082,scraping_tiktok,an___363,ITU CORETAX BAHASANYA BISA DIBIKIN BEGINNER FREINDLY GK SIHHHHH PUSINGGG GUEEE
7621518447508013842,2026-03-26T11:04:19.000Z,0,https://www.tiktok.com/@liputan6.sctv/video/7621442575928528129,https://www.tiktok.com/@liputan6.sctv/video/7621442575928528129?commentId=7621518447508013842,scraping_tiktok,agacit,HAHAHAHAHHAHA
7621518164278395668,2026-03-26T11:03:08.000Z,0,https://www.tiktok.com/@liputan6.sctv/video/7621442575928528129,https://www.tiktok.com/@liputan6.sctv/video/7621442575928528129?commentId=7621518164278395668,scraping_tiktok,shasyasza,Bapak are u okay?☹️
7621516926338810631,2026-03-26T10:58:21.000Z,0,https://www.tiktok.com/@liputan6.sctv/video/7621442575928528129,https://www.tiktok.com/@liputan6.sctv/video/7621442575928528129?commentId=7621516926338810631,scraping_tiktok,koyino6,Ribet akh kebanyakan ngisii
7621516506484245264,2026-03-26T10:56:46.000Z,0,https://www.tiktok.com/@liputan6.sctv/video/7621442575928528129,https://www.tiktok.com/@liputan6.sctv/video/7621442575928528129?commentId=7621516506484245264,scraping_tiktok,impn17,bru sampe rumah ini pulang ngurus pajak Malaka-Atb PP 🤣 3 kali pp kantor pajak @️
7621592350422811412,2026-03-26T15:51:05.000Z,0,https://www.tiktok.com/@liputan6.sctv/video/7621442575928528129,https://www.tiktok.com/@liputan6.sctv/video/7621442575928528129?commentId=7621592350422811412,scraping_tiktok,ssagaras_,menteri yg presscon jawab2in rakyat cuma dia deh😭
7621540301014074120,2026-03-26T12:29:03.000Z,0,https://www.tiktok.com/@liputan6.sctv/video/7621442575928528129,https://www.tiktok.com/@liputan6.sctv/video/7621442575928528129?commentId=7621540301014074120,scraping_tiktok,joeessy23,"Ya Allah, tolong sehatkan Pak Purbaya gemukan lgi badannya Aamiin"
7621540315418395410,2026-03-26T12:29:09.000Z,0,https://www.tiktok.com/@liputan6.sctv/video/7621442575928528129,https://www.tiktok.com/@liputan6.sctv/video/7621442575928528129?commentId=7621540315418395410,scraping_tiktok,orkand_haeses,"😂😂nah kan
coba di bikin simple,biar mudah inputnya dan pelaporanya"
7621591422534075154,2026-03-26T15:47:24.000Z,0,https://www.tiktok.com/@liputan6.sctv/video/7621442575928528129,https://www.tiktok.com/@liputan6.sctv/video/7621442575928528129?commentId=7621591422534075154,scraping_tiktok,tiaroarr,@syifa
7621591322936165128,2026-03-26T15:47:02.000Z,0,https://www.tiktok.com/@liputan6.sctv/video/7621442575928528129,https://www.tiktok.com/@liputan6.sctv/video/7621442575928528129?commentId=7621591322936165128,scraping_tiktok,salakkupas,"uang tunai masa harus diisi nomor akun, dan gak bisa diisi sembarang. namanya tunai ya gak ada nomor akunnya👍🏻"
7621591171727344392,2026-03-26T15:46:27.000Z,0,https://www.tiktok.com/@liputan6.sctv/video/7621442575928528129,https://www.tiktok.com/@liputan6.sctv/video/7621442575928528129?commentId=7621591171727344392,scraping_tiktok,cahayainfo83,apa tidak di ujicoba dulu jangan asal launching
7621599131666154258,2026-03-26T16:17:18.000Z,0,https://www.tiktok.com/@liputan6.sctv/video/7621442575928528129,https://www.tiktok.com/@liputan6.sctv/video/7621442575928528129?commentId=7621599131666154258,scraping_tiktok,hannacrist_,Riil kayak ngisi soal ujian 😭 membingungkan
7621602225291166485,2026-03-26T16:29:25.000Z,0,https://www.tiktok.com/@liputan6.sctv/video/7621442575928528129,https://www.tiktok.com/@liputan6.sctv/video/7621442575928528129?commentId=7621602225291166485,scraping_tiktok,red_devil234,"Bisa ngk si kita ngk ada riyual lapor pajak, tapi dapat resi aja gitu, kan pemotongannya udah dilakukan, seharusnya kita dikasi resi potongannya aja."
7621602145318929170,2026-03-26T16:29:05.000Z,0,https://www.tiktok.com/@liputan6.sctv/video/7621442575928528129,https://www.tiktok.com/@liputan6.sctv/video/7621442575928528129?commentId=7621602145318929170,scraping_tiktok,sundaysuckss,yg garap dari software house yg isinya anak magang pasti
7621538906185712404,2026-03-26T12:23:39.000Z,0,https://www.tiktok.com/@liputan6.sctv/video/7621442575928528129,https://www.tiktok.com/@liputan6.sctv/video/7621442575928528129?commentId=7621538906185712404,scraping_tiktok,prnmdew,Aku baru abis lapor pajak ribet banget😭
7621601734695846664,2026-03-26T16:27:26.000Z,0,https://www.tiktok.com/@liputan6.sctv/video/7621442575928528129,https://www.tiktok.com/@liputan6.sctv/video/7621442575928528129?commentId=7621601734695846664,scraping_tiktok,iamefendi,"@iamefendi: Pak saya ui/ux designer, rekrut saya buat benerin aplikasi coretax."
7621600895243191057,2026-03-26T16:24:14.000Z,0,https://www.tiktok.com/@liputan6.sctv/video/7621442575928528129,https://www.tiktok.com/@liputan6.sctv/video/7621442575928528129?commentId=7621600895243191057,scraping_tiktok,user50162080797052,"pak Purbaya, cepat sembuh dan pulih ya pak. Tuhan menolong Bpk"
7621600357664408336,2026-03-26T16:22:14.000Z,0,https://www.tiktok.com/@liputan6.sctv/video/7621442575928528129,https://www.tiktok.com/@liputan6.sctv/video/7621442575928528129?commentId=7621600357664408336,scraping_tiktok,park.herdot,"Ribet knp harus pake otoritasasi ttd dah, udh kyk pake Efin aja. Riweh. KGK TAU APA GUA TIAP TAHUN LAPOR PAJAK JADI TUTOR MULU DI TEMPAT KERJA GUA AMPUN"
7621600116092830482,2026-03-26T16:21:09.000Z,0,https://www.tiktok.com/@liputan6.sctv/video/7621442575928528129,https://www.tiktok.com/@liputan6.sctv/video/7621442575928528129?commentId=7621600116092830482,scraping_tiktok,daveandzarra,Jangan capek2 bapak @Purbaya Yudhi Sadewa semoga bapak selalu dalam lindungan Allah SWT🤲
7621599945959605008,2026-03-26T16:20:32.000Z,0,https://www.tiktok.com/@liputan6.sctv/video/7621442575928528129,https://www.tiktok.com/@liputan6.sctv/video/7621442575928528129?commentId=7621599945959605008,scraping_tiktok,bung_boi,pak menkeu makin kurus.. sehat pak??
7621539052248384263,2026-03-26T12:24:13.000Z,0,https://www.tiktok.com/@liputan6.sctv/video/7621442575928528129,https://www.tiktok.com/@liputan6.sctv/video/7621442575928528129?commentId=7621539052248384263,scraping_tiktok,typeherebtch,harus buat kode sertifikat lagi
7621599613346431751,2026-03-26T16:19:11.000Z,0,https://www.tiktok.com/@liputan6.sctv/video/7621442575928528129,https://www.tiktok.com/@liputan6.sctv/video/7621442575928528129?commentId=7621599613346431751,scraping_tiktok,fo4ari,saya aja bingung
7621599130054165249,2026-03-26T16:17:21.000Z,0,https://www.tiktok.com/@liputan6.sctv/video/7621442575928528129,https://www.tiktok.com/@liputan6.sctv/video/7621442575928528129?commentId=7621599130054165249,scraping_tiktok,barcarollee,ya perbaiki lah pak? kok malah seolah2 menyalahkan bawahannya
7621537746554209044,2026-03-26T12:19:17.000Z,0,https://www.tiktok.com/@liputan6.sctv/video/7621442575928528129,https://www.tiktok.com/@liputan6.sctv/video/7621442575928528129?commentId=7621537746554209044,scraping_tiktok,dianaanr,Setuju emg ribet dan bikin bingunggg
7621539407464055559,2026-03-26T12:25:36.000Z,0,https://www.tiktok.com/@liputan6.sctv/video/7621442575928528129,https://www.tiktok.com/@liputan6.sctv/video/7621442575928528129?commentId=7621539407464055559,scraping_tiktok,1234jangan_kepo,"Pak sehat sehat ya,,, 🥺"
7621539558963020552,2026-03-26T12:26:14.000Z,0,https://www.tiktok.com/@liputan6.sctv/video/7621442575928528129,https://www.tiktok.com/@liputan6.sctv/video/7621442575928528129?commentId=7621539558963020552,scraping_tiktok,satria_daendels,cortex emang ribet jir... susah make nyaa..
7621598333845848850,2026-03-26T16:14:15.000Z,0,https://www.tiktok.com/@liputan6.sctv/video/7621442575928528129,https://www.tiktok.com/@liputan6.sctv/video/7621442575928528129?commentId=7621598333845848850,scraping_tiktok,baklakmanado,"ayo perbaiki pak. jangan susain wargamu, kalau mudah, kami senang bayar pajak"
7621598079242322708,2026-03-26T16:13:17.000Z,0,https://www.tiktok.com/@liputan6.sctv/video/7621442575928528129,https://www.tiktok.com/@liputan6.sctv/video/7621442575928528129?commentId=7621598079242322708,scraping_tiktok,edy.nugroho,"Kan kalo bisa dibuat susah, ngapain dibuat gampang. He he 😁"
7621597943619666696,2026-03-26T16:12:45.000Z,0,https://www.tiktok.com/@liputan6.sctv/video/7621442575928528129,https://www.tiktok.com/@liputan6.sctv/video/7621442575928528129?commentId=7621597943619666696,scraping_tiktok,yosualie,Sehat Sehat Bapak .
7621597614715241224,2026-03-26T16:11:29.000Z,0,https://www.tiktok.com/@liputan6.sctv/video/7621442575928528129,https://www.tiktok.com/@liputan6.sctv/video/7621442575928528129?commentId=7621597614715241224,scraping_tiktok,dunkdum,sulit dipahami
7621539775661867796,2026-03-26T12:27:07.000Z,0,https://www.tiktok.com/@liputan6.sctv/video/7621442575928528129,https://www.tiktok.com/@liputan6.sctv/video/7621442575928528129?commentId=7621539775661867796,scraping_tiktok,wasissemuaada,hadew.. dari dulu pak bikin pusing
7621597170849235733,2026-03-26T16:09:49.000Z,0,https://www.tiktok.com/@liputan6.sctv/video/7621442575928528129,https://www.tiktok.com/@liputan6.sctv/video/7621442575928528129?commentId=7621597170849235733,scraping_tiktok,sobatgaptek,"Era digital, udh narik pajak dari online shop/content creator/affiliator dsb, tapi di kolom pekerjaan ga ada pilihan itu."
7621596882146788097,2026-03-26T16:08:40.000Z,0,https://www.tiktok.com/@liputan6.sctv/video/7621442575928528129,https://www.tiktok.com/@liputan6.sctv/video/7621442575928528129?commentId=7621596882146788097,scraping_tiktok,awi_happy,kita yg bayar kita yg ribet mau bayar sampe rumit
7621596744485225236,2026-03-26T16:08:08.000Z,0,https://www.tiktok.com/@liputan6.sctv/video/7621442575928528129,https://www.tiktok.com/@liputan6.sctv/video/7621442575928528129?commentId=7621596744485225236,scraping_tiktok,officialtaufansetiawan,Mau bayar pajak apapun di republik ini ribet. Padahal mau ngasih duit ke negara dengan sukarela. Negara aneh. Segera lah ganti sistem. Sistem apa kek gtu yg ga ribet
7621515794484347656,2026-03-26T10:53:54.000Z,0,https://www.tiktok.com/@liputan6.sctv/video/7621442575928528129,https://www.tiktok.com/@liputan6.sctv/video/7621442575928528129?commentId=7621515794484347656,scraping_tiktok,wan_rohil,yang buat aneh datang ke kantor pajak...eee orang pajaknya juga nggak bisa 😁🤦‍♀️🤦‍♀️🤦‍♀️
7621515410550489874,2026-03-26T10:52:27.000Z,0,https://www.tiktok.com/@liputan6.sctv/video/7621442575928528129,https://www.tiktok.com/@liputan6.sctv/video/7621442575928528129?commentId=7621515410550489874,scraping_tiktok,terketik,Bahasa coretax jg ribet
7621515273866789652,2026-03-26T10:51:58.000Z,0,https://www.tiktok.com/@liputan6.sctv/video/7621442575928528129,https://www.tiktok.com/@liputan6.sctv/video/7621442575928528129?commentId=7621515273866789652,scraping_tiktok,dyx2704,mentri yg menghilangkan dana desa nmanya
7621515044333847304,2026-03-26T10:51:05.000Z,0,https://www.tiktok.com/@liputan6.sctv/video/7621442575928528129,https://www.tiktok.com/@liputan6.sctv/video/7621442575928528129?commentId=7621515044333847304,scraping_tiktok,.817710312,"memang ribett, system yg Konoha buat ga ada yg becus"
7621514689305920263,2026-03-26T10:49:40.000Z,0,https://www.tiktok.com/@liputan6.sctv/video/7621442575928528129,https://www.tiktok.com/@liputan6.sctv/video/7621442575928528129?commentId=7621514689305920263,scraping_tiktok,fdwc__,Coretax tuh gak praktis titik
7621514654628397844,2026-03-26T10:49:38.000Z,0,https://www.tiktok.com/@liputan6.sctv/video/7621442575928528129,https://www.tiktok.com/@liputan6.sctv/video/7621442575928528129?commentId=7621514654628397844,scraping_tiktok,nyongikyy,"Betulin pak! Pajak kita gede masa vendor yg di pake hasil nya se busuk itu, bikin software kaya masih level anak kuliahan. Pret"
7621514619203289877,2026-03-26T10:49:24.000Z,0,https://www.tiktok.com/@liputan6.sctv/video/7621442575928528129,https://www.tiktok.com/@liputan6.sctv/video/7621442575928528129?commentId=7621514619203289877,scraping_tiktok,xxfnbae,betul... desain nya jelek banget
7621514533307433735,2026-03-26T10:49:02.000Z,0,https://www.tiktok.com/@liputan6.sctv/video/7621442575928528129,https://www.tiktok.com/@liputan6.sctv/video/7621442575928528129?commentId=7621514533307433735,scraping_tiktok,motorcareid,kenapa bukan yang lama ditingkatkan?..nggak harus apk baru
7621514472242955025,2026-03-26T10:48:50.000Z,0,https://www.tiktok.com/@liputan6.sctv/video/7621442575928528129,https://www.tiktok.com/@liputan6.sctv/video/7621442575928528129?commentId=7621514472242955025,scraping_tiktok,aquariusman998,Kurusannnn 😭
7621513838932345620,2026-03-26T10:46:25.000Z,0,https://www.tiktok.com/@liputan6.sctv/video/7621442575928528129,https://www.tiktok.com/@liputan6.sctv/video/7621442575928528129?commentId=7621513838932345620,scraping_tiktok,cute.dlynan,"yaa kan pakkk.. sulit kan pakk...
bayangin saya udah nonaktif, udah lapor di coretax suami, tiba² di wa sama djp suruh lapor karna saya WP aktif... begimana dahh iniii"
7621513677771080449,2026-03-26T10:45:48.000Z,0,https://www.tiktok.com/@liputan6.sctv/video/7621442575928528129,https://www.tiktok.com/@liputan6.sctv/video/7621442575928528129?commentId=7621513677771080449,scraping_tiktok,0983736rtm,pak pur... semoga bisa sehat kembali😭🤲
7621513575861109521,2026-03-26T10:45:25.000Z,0,https://www.tiktok.com/@liputan6.sctv/video/7621442575928528129,https://www.tiktok.com/@liputan6.sctv/video/7621442575928528129?commentId=7621513575861109521,scraping_tiktok,oreohingiwingitingiwingi,jgn kan itu.. bpjs ketenaga kerja juga gk jelas softwarenya
7621513261805290261,2026-03-26T10:44:16.000Z,0,https://www.tiktok.com/@liputan6.sctv/video/7621442575928528129,https://www.tiktok.com/@liputan6.sctv/video/7621442575928528129?commentId=7621513261805290261,scraping_tiktok,kenricoooo,admin nya aja dichat ga bales2
7621513121866007317,2026-03-26T10:43:40.000Z,0,https://www.tiktok.com/@liputan6.sctv/video/7621442575928528129,https://www.tiktok.com/@liputan6.sctv/video/7621442575928528129?commentId=7621513121866007317,scraping_tiktok,januarycapribaby,harusnya dalam 1 menu aja. aneh bnget coretax menu nya smpe ber tab tab
7621513108490715924,2026-03-26T10:43:38.000Z,0,https://www.tiktok.com/@liputan6.sctv/video/7621442575928528129,https://www.tiktok.com/@liputan6.sctv/video/7621442575928528129?commentId=7621513108490715924,scraping_tiktok,debodebb,Setujuu pakk 😭
7621512915216057095,2026-03-26T10:42:44.000Z,0,https://www.tiktok.com/@liputan6.sctv/video/7621442575928528129,https://www.tiktok.com/@liputan6.sctv/video/7621442575928528129?commentId=7621512915216057095,scraping_tiktok,manroe_69,betul...bikin yg mudah kek..ngisi pajak kayak pelajaran matematika
7621512782911390485,2026-03-26T10:42:21.000Z,0,https://www.tiktok.com/@liputan6.sctv/video/7621442575928528129,https://www.tiktok.com/@liputan6.sctv/video/7621442575928528129?commentId=7621512782911390485,scraping_tiktok,username1983929,mana eror mulu
7621512549620155156,2026-03-26T10:41:24.000Z,0,https://www.tiktok.com/@liputan6.sctv/video/7621442575928528129,https://www.tiktok.com/@liputan6.sctv/video/7621442575928528129?commentId=7621512549620155156,scraping_tiktok,mamaghafi_abbad,Anjeeng emang coretax
7621512470704276244,2026-03-26T10:41:07.000Z,0,https://www.tiktok.com/@liputan6.sctv/video/7621442575928528129,https://www.tiktok.com/@liputan6.sctv/video/7621442575928528129?commentId=7621512470704276244,scraping_tiktok,ansar_jufiadi90,"Kmblikan saja ke DJP yg simpel, kbnyakan pemakai jenuh cara operasikan coretax"
7621512446678860552,2026-03-26T10:40:57.000Z,0,https://www.tiktok.com/@liputan6.sctv/video/7621442575928528129,https://www.tiktok.com/@liputan6.sctv/video/7621442575928528129?commentId=7621512446678860552,scraping_tiktok,abcdzeet,"ah menurut gua masalah kebiasaan aja sih, malah enakan coretax malah, cuma emang perlu adaptasi aja"
7621512435409290002,2026-03-26T10:40:56.000Z,0,https://www.tiktok.com/@liputan6.sctv/video/7621442575928528129,https://www.tiktok.com/@liputan6.sctv/video/7621442575928528129?commentId=7621512435409290002,scraping_tiktok,eye.o.heart,coretax kayak ujian nasi onal
7621512428291588885,2026-03-26T10:40:56.000Z,0,https://www.tiktok.com/@liputan6.sctv/video/7621442575928528129,https://www.tiktok.com/@liputan6.sctv/video/7621442575928528129?commentId=7621512428291588885,scraping_tiktok,meamore,Sehat sehat pak purbaya😭
7621470223536112405,2026-03-26T07:57:10.000Z,0,https://www.tiktok.com/@liputan6.sctv/video/7621442575928528129,https://www.tiktok.com/@liputan6.sctv/video/7621442575928528129?commentId=7621470223536112405,scraping_tiktok,gival.giovani,"Iya bikin bingung, sampai skrng aku gak bisa lapor pajak, mana bukti potong gak ada dikirim kirim. pusing dah"
7621468467032556289,2026-03-26T07:50:27.000Z,0,https://www.tiktok.com/@liputan6.sctv/video/7621442575928528129,https://www.tiktok.com/@liputan6.sctv/video/7621442575928528129?commentId=7621468467032556289,scraping_tiktok,theonealright,namanya juga indo
7621468558648394516,2026-03-26T07:50:39.000Z,0,https://www.tiktok.com/@liputan6.sctv/video/7621442575928528129,https://www.tiktok.com/@liputan6.sctv/video/7621442575928528129?commentId=7621468558648394516,scraping_tiktok,jimbomgshm,betul
7621469450047537941,2026-03-26T07:54:04.000Z,0,https://www.tiktok.com/@liputan6.sctv/video/7621442575928528129,https://www.tiktok.com/@liputan6.sctv/video/7621442575928528129?commentId=7621469450047537941,scraping_tiktok,kim_saogo,"ngk ribet kok,makanya dipelajarii"
7621469469680567057,2026-03-26T07:54:12.000Z,0,https://www.tiktok.com/@liputan6.sctv/video/7621442575928528129,https://www.tiktok.com/@liputan6.sctv/video/7621442575928528129?commentId=7621469469680567057,scraping_tiktok,daeng_doank89,"CORETEX APLIKASI SAMPAH, kita yang bayar pajak, kita yang harus ngerjain, orang pajak gunanya apa, apakah tugasnya cuma ngerupsi aja."
7621470228144538389,2026-03-26T07:57:07.000Z,0,https://www.tiktok.com/@liputan6.sctv/video/7621442575928528129,https://www.tiktok.com/@liputan6.sctv/video/7621442575928528129?commentId=7621470228144538389,scraping_tiktok,agungyws3mg,"PAJAK INI PALING RIBET AJA ASLINYA.. 😭😭😭😭😭. knpa sih harus ada laporan spt sgla buat apa coba bikin mumet, pusing.. kan udah byar perbulan."
7621470261589721876,2026-03-26T07:57:14.000Z,0,https://www.tiktok.com/@liputan6.sctv/video/7621442575928528129,https://www.tiktok.com/@liputan6.sctv/video/7621442575928528129?commentId=7621470261589721876,scraping_tiktok,aninda.widianings,Ada yang sadar gaksih pakpur sekarang keliatan agak kurus🥺
7621470348487164693,2026-03-26T07:57:34.000Z,0,https://www.tiktok.com/@liputan6.sctv/video/7621442575928528129,https://www.tiktok.com/@liputan6.sctv/video/7621442575928528129?commentId=7621470348487164693,scraping_tiktok,ngabibita_an_ah,"saya pernh denger yg pke vendor gtu berbyr,, cumn saya g tau nama aplikasi ny aa yg nymbung ke coretax gtu"
7621467894089990920,2026-03-26T07:48:50.000Z,0,https://www.tiktok.com/@liputan6.sctv/video/7621442575928528129,https://www.tiktok.com/@liputan6.sctv/video/7621442575928528129?commentId=7621467894089990920,scraping_tiktok,pakde.ai,ribet uy
7621467560223097620,2026-03-26T07:46:44.000Z,0,https://www.tiktok.com/@liputan6.sctv/video/7621442575928528129,https://www.tiktok.com/@liputan6.sctv/video/7621442575928528129?commentId=7621467560223097620,scraping_tiktok,fauzy_alkaff,gue yg bayar pajak.. gue jg yg harus lapor... knpa gk gue yg dapat laporan..
7621586770942509845,2026-03-26T15:29:29.000Z,0,https://www.tiktok.com/@liputan6.sctv/video/7621442575928528129,https://www.tiktok.com/@liputan6.sctv/video/7621442575928528129?commentId=7621586770942509845,scraping_tiktok,luismarselino,Aplikasi maupun digitalisasi apapun itu bertujuan untuk mempermudah 😳
7621586208950551314,2026-03-26T15:27:08.000Z,0,https://www.tiktok.com/@liputan6.sctv/video/7621442575928528129,https://www.tiktok.com/@liputan6.sctv/video/7621442575928528129?commentId=7621586208950551314,scraping_tiktok,rio_febriansine,Kok kurusan yaa
7621586145151517460,2026-03-26T15:26:59.000Z,0,https://www.tiktok.com/@liputan6.sctv/video/7621442575928528129,https://www.tiktok.com/@liputan6.sctv/video/7621442575928528129?commentId=7621586145151517460,scraping_tiktok,tuktiktaktiktu,"sy awalnya jg gtu, memang menunya komplit & secure bgt tpi klo ga user friendly buat apa? malah user pada mutung smp bingung. untungnya sy bisa ngikutin sesuai petunjuk bahkan sy minta chatGPT yg ngeguide akhirnya bsa. Mhn dipertimbangkan jka buat sistem itu yg simple dan mudah buat user, jgn trlalu berbelit2."
7621586097990894343,2026-03-26T15:26:46.000Z,0,https://www.tiktok.com/@liputan6.sctv/video/7621442575928528129,https://www.tiktok.com/@liputan6.sctv/video/7621442575928528129?commentId=7621586097990894343,scraping_tiktok,kacangalmond.panggang,"Semua aplikasi pemerintah / bumn , designnya kurang user interface alias kurang menarik , panduan kurang . Beda kalo buatan swasta gampang langsung ngerti dipakai"
7621586014842405649,2026-03-26T15:26:24.000Z,0,https://www.tiktok.com/@liputan6.sctv/video/7621442575928528129,https://www.tiktok.com/@liputan6.sctv/video/7621442575928528129?commentId=7621586014842405649,scraping_tiktok,agustm01,"mau lapor spt ,, verifikasi ke nmr bayar ,, itu bolak balik log out trsss bikin pulsa tekor .. ah sudahlah .."
7621585643186619156,2026-03-26T15:25:02.000Z,0,https://www.tiktok.com/@liputan6.sctv/video/7621442575928528129,https://www.tiktok.com/@liputan6.sctv/video/7621442575928528129?commentId=7621585643186619156,scraping_tiktok,xxrahmaax,☺️
7621585423282324244,2026-03-26T15:24:10.000Z,0,https://www.tiktok.com/@liputan6.sctv/video/7621442575928528129,https://www.tiktok.com/@liputan6.sctv/video/7621442575928528129?commentId=7621585423282324244,scraping_tiktok,mwajadh,"Ngisi coretax susah banget, bahasanya ga manusiawi, ngisi form lompat2."
7621585292588434197,2026-03-26T15:23:41.000Z,0,https://www.tiktok.com/@liputan6.sctv/video/7621442575928528129,https://www.tiktok.com/@liputan6.sctv/video/7621442575928528129?commentId=7621585292588434197,scraping_tiktok,anna.schubring,Pak pur… sehat2 ya pak… 🤍
7621585190390366997,2026-03-26T15:23:19.000Z,0,https://www.tiktok.com/@liputan6.sctv/video/7621442575928528129,https://www.tiktok.com/@liputan6.sctv/video/7621442575928528129?commentId=7621585190390366997,scraping_tiktok,gstayupuspita,SATU KATA RIBET COBA YANG SIMPLE AJAH🙏🏻
7621584844362973960,2026-03-26T15:21:49.000Z,0,https://www.tiktok.com/@liputan6.sctv/video/7621442575928528129,https://www.tiktok.com/@liputan6.sctv/video/7621442575928528129?commentId=7621584844362973960,scraping_tiktok,payunghitam1262,memang ribet.
7621584768295846677,2026-03-26T15:21:38.000Z,0,https://www.tiktok.com/@liputan6.sctv/video/7621442575928528129,https://www.tiktok.com/@liputan6.sctv/video/7621442575928528129?commentId=7621584768295846677,scraping_tiktok,koindinar,"RIbet bgt sumpah, tampilannya jg ribet. Rumit bgt"
7621583919197111048,2026-03-26T15:21:02.000Z,0,https://www.tiktok.com/@liputan6.sctv/video/7621442575928528129,https://www.tiktok.com/@liputan6.sctv/video/7621442575928528129?commentId=7621583919197111048,scraping_tiktok,user4888579331433,"Sudah mengerti DJP On Line, eh...pakai Coretax malah bingung !"
7621590844110848776,2026-03-26T15:45:14.000Z,0,https://www.tiktok.com/@liputan6.sctv/video/7621442575928528129,https://www.tiktok.com/@liputan6.sctv/video/7621442575928528129?commentId=7621590844110848776,scraping_tiktok,halu6653,"pak, kami bingung, alias tidak ngeh arahnya pertanyaan yg didalamnya itu sm penjelasan stafnya😂 puyeng jadinyaa"
7621533068952961809,2026-03-26T12:01:03.000Z,0,https://www.tiktok.com/@liputan6.sctv/video/7621442575928528129,https://www.tiktok.com/@liputan6.sctv/video/7621442575928528129?commentId=7621533068952961809,scraping_tiktok,enggak_kesiangan,Ribet!! udah kita yang bayar kita juga yang suruh laporan
7621533299659473671,2026-03-26T12:01:52.000Z,0,https://www.tiktok.com/@liputan6.sctv/video/7621442575928528129,https://www.tiktok.com/@liputan6.sctv/video/7621442575928528129?commentId=7621533299659473671,scraping_tiktok,itstikitaka,"sehat sehat terus yaa pak purbayaa.. kelihatan banget kurusannya, sekacau itu ya pak mikirin negara ini🥲"
7621533795263070984,2026-03-26T12:03:49.000Z,0,https://www.tiktok.com/@liputan6.sctv/video/7621442575928528129,https://www.tiktok.com/@liputan6.sctv/video/7621442575928528129?commentId=7621533795263070984,scraping_tiktok,nirmalamtenggo,Sehat selalu pak
7621534442059055892,2026-03-26T12:06:25.000Z,0,https://www.tiktok.com/@liputan6.sctv/video/7621442575928528129,https://www.tiktok.com/@liputan6.sctv/video/7621442575928528129?commentId=7621534442059055892,scraping_tiktok,esspreselfa,@kelana
7621591036691514132,2026-03-26T15:45:57.000Z,0,https://www.tiktok.com/@liputan6.sctv/video/7621442575928528129,https://www.tiktok.com/@liputan6.sctv/video/7621442575928528129?commentId=7621591036691514132,scraping_tiktok,cammiletheresia,Bapak sehat2 yaaaa
7621590947844244241,2026-03-26T15:45:41.000Z,0,https://www.tiktok.com/@liputan6.sctv/video/7621442575928528129,https://www.tiktok.com/@liputan6.sctv/video/7621442575928528129?commentId=7621590947844244241,scraping_tiktok,rudhay606,Nah disitulah kehebatan oknum pejabat pak…buat aturan tp utk keuntungan oknum2 tsb…
7621531996754772757,2026-03-26T11:56:56.000Z,0,https://www.tiktok.com/@liputan6.sctv/video/7621442575928528129,https://www.tiktok.com/@liputan6.sctv/video/7621442575928528129?commentId=7621531996754772757,scraping_tiktok,dandindunxx,ya allah bapak 😭
7621590691147629320,2026-03-26T15:44:33.000Z,0,https://www.tiktok.com/@liputan6.sctv/video/7621442575928528129,https://www.tiktok.com/@liputan6.sctv/video/7621442575928528129?commentId=7621590691147629320,scraping_tiktok,mitsubishi620,asli..betul..ribet..
7621590569115075349,2026-03-26T15:44:12.000Z,0,https://www.tiktok.com/@liputan6.sctv/video/7621442575928528129,https://www.tiktok.com/@liputan6.sctv/video/7621442575928528129?commentId=7621590569115075349,scraping_tiktok,annisatri1108,Alhamdulillah tersampaikan
7621590514023187208,2026-03-26T15:43:56.000Z,0,https://www.tiktok.com/@liputan6.sctv/video/7621442575928528129,https://www.tiktok.com/@liputan6.sctv/video/7621442575928528129?commentId=7621590514023187208,scraping_tiktok,apelmerah091,aplikasi apa si yg dimaksud?
7621596287704613652,2026-03-26T16:06:21.000Z,0,https://www.tiktok.com/@liputan6.sctv/video/7621442575928528129,https://www.tiktok.com/@liputan6.sctv/video/7621442575928528129?commentId=7621596287704613652,scraping_tiktok,cotton_budsss,katanyaaa bakal do benahi😳
7621531128417682184,2026-03-26T11:53:25.000Z,0,https://www.tiktok.com/@liputan6.sctv/video/7621442575928528129,https://www.tiktok.com/@liputan6.sctv/video/7621442575928528129?commentId=7621531128417682184,scraping_tiktok,albertusalby,Menkeu aja pusing gmn kitaa 😅
7621697707043717889,2026-03-26T22:40:03.000Z,0,https://www.tiktok.com/@liputan6.sctv/video/7621442575928528129,https://www.tiktok.com/@liputan6.sctv/video/7621442575928528129?commentId=7621697707043717889,scraping_tiktok,dorkycats.world,"Setelah coba akses di bulan januari 2026, karna aku baru di coretax, awal2nya juga bingung.
Terlebih soal lampiran ini itu yg gak perlu diisi atau diisi jika suatu pilihan diaktifkan atau dinonaktifkan.
Tetapi, setelah coba2 sekian jam (😅), aku baru tau, ternyata lampiran yg perlu diisi atau gak perlu diisi itu, ternyata ada di tab2 lainnya."
7621697300453393172,2026-03-26T22:38:38.000Z,0,https://www.tiktok.com/@liputan6.sctv/video/7621442575928528129,https://www.tiktok.com/@liputan6.sctv/video/7621442575928528129?commentId=7621697300453393172,scraping_tiktok,gubulgoulap,memang terlalu rumit
7621696241910563605,2026-03-26T22:34:20.000Z,0,https://www.tiktok.com/@liputan6.sctv/video/7621442575928528129,https://www.tiktok.com/@liputan6.sctv/video/7621442575928528129?commentId=7621696241910563605,scraping_tiktok,dengungsuara,Ternyata ada yang bahas. For real.. Menu seabreg begitu dan kita kudu mulai darimana kek gak ngerti. Istilah-istilahnya juga kek nganggep semua yang pake lulusan STAN. Kacau!!
7621695983298331399,2026-03-26T22:33:21.000Z,0,https://www.tiktok.com/@liputan6.sctv/video/7621442575928528129,https://www.tiktok.com/@liputan6.sctv/video/7621442575928528129?commentId=7621695983298331399,scraping_tiktok,moya.java,Sehat selalu pak pur
7621687948438733589,2026-03-26T22:02:17.000Z,0,https://www.tiktok.com/@liputan6.sctv/video/7621442575928528129,https://www.tiktok.com/@liputan6.sctv/video/7621442575928528129?commentId=7621687948438733589,scraping_tiktok,lqasri,"muak banget, gak. bisa bayar pajak pak"
7621735599686288136,2026-03-27T01:07:00.000Z,0,https://www.tiktok.com/@liputan6.sctv/video/7621442575928528129,https://www.tiktok.com/@liputan6.sctv/video/7621442575928528129?commentId=7621735599686288136,scraping_tiktok,user6548438755476,"trs pak.. masa lapor pph mada, 21 spt tahunan hrs di coretax ketua pengurus bukan di coretax prsh.. kan garuk2 kpl.. lapor pjk prsh tp malah ga ada site untuk itunya"
7621735070043718416,2026-03-27T01:05:10.000Z,0,https://www.tiktok.com/@liputan6.sctv/video/7621442575928528129,https://www.tiktok.com/@liputan6.sctv/video/7621442575928528129?commentId=7621735070043718416,scraping_tiktok,erde3318,BUKAN KURANG BAGUS LAGI TAPI KAYAK UJIAN SIM TANPA CALO ANJIR 🤬
7621733984871973648,2026-03-27T01:00:52.000Z,0,https://www.tiktok.com/@liputan6.sctv/video/7621442575928528129,https://www.tiktok.com/@liputan6.sctv/video/7621442575928528129?commentId=7621733984871973648,scraping_tiktok,agoest.tw.priyant,ribet ngisinya pak @purbaya yudhi sadewa
7621732503552443144,2026-03-27T00:55:00.000Z,0,https://www.tiktok.com/@liputan6.sctv/video/7621442575928528129,https://www.tiktok.com/@liputan6.sctv/video/7621442575928528129?commentId=7621732503552443144,scraping_tiktok,bahrimudapulungan,"katanya kebih canggih...
🤣🤣🤣
yang ada makin hancuuur...
mundur woiii....kalau cuma omon omon..."
7621731548240413461,2026-03-27T00:51:18.000Z,0,https://www.tiktok.com/@liputan6.sctv/video/7621442575928528129,https://www.tiktok.com/@liputan6.sctv/video/7621442575928528129?commentId=7621731548240413461,scraping_tiktok,athifah.salamun,bangeessssttttt aslii mbuuleettt mnyusahlan
7621731421661938450,2026-03-27T00:50:52.000Z,0,https://www.tiktok.com/@liputan6.sctv/video/7621442575928528129,https://www.tiktok.com/@liputan6.sctv/video/7621442575928528129?commentId=7621731421661938450,scraping_tiktok,arisgunawan055,"gaji di potong Pajak, makan bayar pajak, kendaraan bayar pajak, tanah bayar pajak, beli apapun pajak. TRUSSS MASIH LAPOR PAJAK 😏😳.."
7621685855984861972,2026-03-26T21:54:17.000Z,0,https://www.tiktok.com/@liputan6.sctv/video/7621442575928528129,https://www.tiktok.com/@liputan6.sctv/video/7621442575928528129?commentId=7621685855984861972,scraping_tiktok,kucing.tetangga8,pak itu coretax ksh ke kejaksaan periksa..fishy
7621727925432599303,2026-03-27T00:37:22.000Z,0,https://www.tiktok.com/@liputan6.sctv/video/7621442575928528129,https://www.tiktok.com/@liputan6.sctv/video/7621442575928528129?commentId=7621727925432599303,scraping_tiktok,richonlim,"coretax itu program sampah dari sri mulyani, aslu bikin bingung, dan sering data nya tidak konek sama DJP.
kenapa pemerintah selalu mempersulit rakyat?"
7621727543058973457,2026-03-27T00:36:14.000Z,0,https://www.tiktok.com/@liputan6.sctv/video/7621442575928528129,https://www.tiktok.com/@liputan6.sctv/video/7621442575928528129?commentId=7621727543058973457,scraping_tiktok,kitapastibertemulagi,negara ini sbnrny milik siapa?
7621727200916718344,2026-03-27T00:34:32.000Z,0,https://www.tiktok.com/@liputan6.sctv/video/7621442575928528129,https://www.tiktok.com/@liputan6.sctv/video/7621442575928528129?commentId=7621727200916718344,scraping_tiktok,daus_sp,"bagus nya to, kalau udah bayar ga perlu lapor. . emangnya ga kecatet apa yg udah dibayar. .😳"
7621726442669523733,2026-03-27T00:31:29.000Z,0,https://www.tiktok.com/@liputan6.sctv/video/7621442575928528129,https://www.tiktok.com/@liputan6.sctv/video/7621442575928528129?commentId=7621726442669523733,scraping_tiktok,thomasjp_ajah,baru nyadar pak 😂
7621726160975725320,2026-03-27T00:30:21.000Z,0,https://www.tiktok.com/@liputan6.sctv/video/7621442575928528129,https://www.tiktok.com/@liputan6.sctv/video/7621442575928528129?commentId=7621726160975725320,scraping_tiktok,izza_9351,"sekarang makin ribet pak
masak kita yang bayar pajak
kita pula yang urus...
Ahir nya gara2 coretax belum selesai gaji tidak bisa di proses 😔😡😡😡"
7621725812324942610,2026-03-27T00:29:05.000Z,0,https://www.tiktok.com/@liputan6.sctv/video/7621442575928528129,https://www.tiktok.com/@liputan6.sctv/video/7621442575928528129?commentId=7621725812324942610,scraping_tiktok,rhama.san,kurang user friendly
7621529728198066964,2026-03-26T11:48:07.000Z,0,https://www.tiktok.com/@liputan6.sctv/video/7621442575928528129,https://www.tiktok.com/@liputan6.sctv/video/7621442575928528129?commentId=7621529728198066964,scraping_tiktok,fransiska_hutahaean,"Pak, suami saya stress pakai coretax. Diberesin Pak, bikin susah seIndonesia"
7621529756965847815,2026-03-26T11:48:09.000Z,0,https://www.tiktok.com/@liputan6.sctv/video/7621442575928528129,https://www.tiktok.com/@liputan6.sctv/video/7621442575928528129?commentId=7621529756965847815,scraping_tiktok,dino.raurus,"betul pak, mau lapor aja ribet banget. bahasanya terlalu teknis buat orang yang bidangnya bukan orang finance atau orang pajak. minimal bahasanya mudah dimengerti untuk awam yg pakenya juga setahun sekali"
7621530001494459154,2026-03-26T11:49:04.000Z,0,https://www.tiktok.com/@liputan6.sctv/video/7621442575928528129,https://www.tiktok.com/@liputan6.sctv/video/7621442575928528129?commentId=7621530001494459154,scraping_tiktok,fajririadi15,Suka gangguan
7621530205723575060,2026-03-26T11:49:56.000Z,0,https://www.tiktok.com/@liputan6.sctv/video/7621442575928528129,https://www.tiktok.com/@liputan6.sctv/video/7621442575928528129?commentId=7621530205723575060,scraping_tiktok,nikodb1,"program di buat pakai biaya besar, ttp ngga efektif, banyak AR juga yg masih bingung saat di tanyakan, rasanya lebih baik pakai setor dan lapor manual saja"
7621530449659151112,2026-03-26T11:50:46.000Z,0,https://www.tiktok.com/@liputan6.sctv/video/7621442575928528129,https://www.tiktok.com/@liputan6.sctv/video/7621442575928528129?commentId=7621530449659151112,scraping_tiktok,user818980368,gara2 Sri mulyani
7621530560263521044,2026-03-26T11:51:17.000Z,0,https://www.tiktok.com/@liputan6.sctv/video/7621442575928528129,https://www.tiktok.com/@liputan6.sctv/video/7621442575928528129?commentId=7621530560263521044,scraping_tiktok,project_red2,emang bener si bikin bingung aneh bener masak kita pajak udah bayar udh dipotong msh hrs lapor juga
7621530667020960513,2026-03-26T11:51:45.000Z,0,https://www.tiktok.com/@liputan6.sctv/video/7621442575928528129,https://www.tiktok.com/@liputan6.sctv/video/7621442575928528129?commentId=7621530667020960513,scraping_tiktok,ozan.fz,Ribet gw login gabisa bisa
7621741790404412181,2026-03-27T01:31:04.000Z,0,https://www.tiktok.com/@liputan6.sctv/video/7621442575928528129,https://www.tiktok.com/@liputan6.sctv/video/7621442575928528129?commentId=7621741790404412181,scraping_tiktok,mbakira_,@Mrtjsa
7621530706837275410,2026-03-26T11:51:48.000Z,0,https://www.tiktok.com/@liputan6.sctv/video/7621442575928528129,https://www.tiktok.com/@liputan6.sctv/video/7621442575928528129?commentId=7621530706837275410,scraping_tiktok,chandodo,"1. design UInya ampas
2. copywrite UInya jelek bikin bingung
3. arahan bikin ke jebak harus klik yg mana dl jadi bikin puyeng
4. kode warna moodnya sakit mata"
7621530744104354581,2026-03-26T11:52:03.000Z,0,https://www.tiktok.com/@liputan6.sctv/video/7621442575928528129,https://www.tiktok.com/@liputan6.sctv/video/7621442575928528129?commentId=7621530744104354581,scraping_tiktok,silvermis02,BENARRRRRRR PERUSAHAAN KU UDAH BAYAR TAPI KAN HARUS DI LAPOR TPI SUSAH BANGET DI BUKA DAN BIKIN BINGUNG
7621530944516899605,2026-03-26T11:52:51.000Z,0,https://www.tiktok.com/@liputan6.sctv/video/7621442575928528129,https://www.tiktok.com/@liputan6.sctv/video/7621442575928528129?commentId=7621530944516899605,scraping_tiktok,rzkyakbrrr6,pengembalian dana nya aga aga pak
7621530987894014740,2026-03-26T11:52:58.000Z,0,https://www.tiktok.com/@liputan6.sctv/video/7621442575928528129,https://www.tiktok.com/@liputan6.sctv/video/7621442575928528129?commentId=7621530987894014740,scraping_tiktok,deadevr24,Bisa2nya saya minum😅
7621531401310470932,2026-03-26T11:54:38.000Z,0,https://www.tiktok.com/@liputan6.sctv/video/7621442575928528129,https://www.tiktok.com/@liputan6.sctv/video/7621442575928528129?commentId=7621531401310470932,scraping_tiktok,ssilvertonguee,Jujur iyaaaa bingung bgt coretax
7621531487506547463,2026-03-26T11:54:53.000Z,0,https://www.tiktok.com/@liputan6.sctv/video/7621442575928528129,https://www.tiktok.com/@liputan6.sctv/video/7621442575928528129?commentId=7621531487506547463,scraping_tiktok,kuurn1701,ngisinya juga bingung
7621531695564997384,2026-03-26T11:55:43.000Z,0,https://www.tiktok.com/@liputan6.sctv/video/7621442575928528129,https://www.tiktok.com/@liputan6.sctv/video/7621442575928528129?commentId=7621531695564997384,scraping_tiktok,afifa.rzk,setujuuuuuu ribet bet ribet 😒😒😒
7621531947747640084,2026-03-26T11:56:40.000Z,0,https://www.tiktok.com/@liputan6.sctv/video/7621442575928528129,https://www.tiktok.com/@liputan6.sctv/video/7621442575928528129?commentId=7621531947747640084,scraping_tiktok,aditya.jaya96,emang susah sekali
7621756054065464082,2026-03-27T02:26:17.000Z,0,https://www.tiktok.com/@liputan6.sctv/video/7621442575928528129,https://www.tiktok.com/@liputan6.sctv/video/7621442575928528129?commentId=7621756054065464082,scraping_tiktok,titindanagga,setiap hari aku doain bapak ❤️sehat selalu pak @Menteri Keuangan RI ❤️terima kasih udah ikut berjuang buat perekonomian negara kita pak 🥺❤️
7621766960846996240,2026-03-27T03:08:50.000Z,0,https://www.tiktok.com/@liputan6.sctv/video/7621442575928528129,https://www.tiktok.com/@liputan6.sctv/video/7621442575928528129?commentId=7621766960846996240,scraping_tiktok,rajakalap1,Lo kan enak dibikinin org pajak. Kita yg bayar pajak buat gaji pejabat sengaja dibuat kusut
7621447712450298632,2026-03-26T06:30:09.000Z,0,https://www.tiktok.com/@liputan6.sctv/video/7621442575928528129,https://www.tiktok.com/@liputan6.sctv/video/7621442575928528129?commentId=7621447712450298632,scraping_tiktok,techno_banjar567,"di Konoha gak lapor salah ,lapor ribet ( duit keluar )"
7621463212671877889,2026-03-26T07:29:55.000Z,0,https://www.tiktok.com/@liputan6.sctv/video/7621442575928528129,https://www.tiktok.com/@liputan6.sctv/video/7621442575928528129?commentId=7621463212671877889,scraping_tiktok,undername88,tuh kan kirain gw doang yg bingung dgn coretax 😭
7621761027513041685,2026-03-27T02:45:48.000Z,0,https://www.tiktok.com/@liputan6.sctv/video/7621442575928528129,https://www.tiktok.com/@liputan6.sctv/video/7621442575928528129?commentId=7621761027513041685,scraping_tiktok,yuli.adrianti,hrs y utk perpajakan dipermudah spy masyrakat semkin mudah membyar pajak & tdk dibebankan dg aplikasi yg membingugkann😏
7621759743049089813,2026-03-27T02:40:44.000Z,0,https://www.tiktok.com/@liputan6.sctv/video/7621442575928528129,https://www.tiktok.com/@liputan6.sctv/video/7621442575928528129?commentId=7621759743049089813,scraping_tiktok,nandonezz,"Sekelas mentri aja bingung ,alesan program baru ,aplikasi kredivo aja udh canggih padahal kita mau minjem duit tapi di permudah,lah ini mau laporan buat ngasih duit harus nya lebih bgus ya ,tapi masih ribet ,😂😂😂 izin🙏🏻🙏🏻🙏🏻"
7621528580476814098,2026-03-26T11:43:34.000Z,0,https://www.tiktok.com/@liputan6.sctv/video/7621442575928528129,https://www.tiktok.com/@liputan6.sctv/video/7621442575928528129?commentId=7621528580476814098,scraping_tiktok,peperogurl__,😁😁😁
7621757227624514324,2026-03-27T02:31:01.000Z,0,https://www.tiktok.com/@liputan6.sctv/video/7621442575928528129,https://www.tiktok.com/@liputan6.sctv/video/7621442575928528129?commentId=7621757227624514324,scraping_tiktok,endik580,ngasih duit ke negara saja susah apalagi mau minta duit
7621755837737370376,2026-03-27T02:25:40.000Z,0,https://www.tiktok.com/@liputan6.sctv/video/7621442575928528129,https://www.tiktok.com/@liputan6.sctv/video/7621442575928528129?commentId=7621755837737370376,scraping_tiktok,shibuyaa619,@Direktorat Jenderal Pajak di komen tuh ama pak pur wkwk
7621754551801119509,2026-03-27T02:20:40.000Z,0,https://www.tiktok.com/@liputan6.sctv/video/7621442575928528129,https://www.tiktok.com/@liputan6.sctv/video/7621442575928528129?commentId=7621754551801119509,scraping_tiktok,ayah.athira47,"atuh pak, kami mah di kampung teu ngarti kudu ngeusian anu kararitu, cik atuh petugas pajak na hiji Sa kecamatan jiga PPL pertanian, meh loba nanya kami teh mun teu ngarti"
7621753491325567760,2026-03-27T02:16:34.000Z,0,https://www.tiktok.com/@liputan6.sctv/video/7621442575928528129,https://www.tiktok.com/@liputan6.sctv/video/7621442575928528129?commentId=7621753491325567760,scraping_tiktok,soni_sumarsono,purbaya makin kurus
7621753405115106068,2026-03-27T02:16:03.000Z,0,https://www.tiktok.com/@liputan6.sctv/video/7621442575928528129,https://www.tiktok.com/@liputan6.sctv/video/7621442575928528129?commentId=7621753405115106068,scraping_tiktok,kaktusmerah23,"mumet. eror eror bae.
mau bayar pajak ini loh, bukan mau minta bansos 😭"
7621752454484345617,2026-03-27T02:12:18.000Z,0,https://www.tiktok.com/@liputan6.sctv/video/7621442575928528129,https://www.tiktok.com/@liputan6.sctv/video/7621442575928528129?commentId=7621752454484345617,scraping_tiktok,abc1aja,ribet ngejelimet nyusahin kaga ada simple2nya.. eroooooorrrrrr molooooo.. balikin ga ke DJP..!
7621752169448997653,2026-03-27T02:11:24.000Z,0,https://www.tiktok.com/@liputan6.sctv/video/7621442575928528129,https://www.tiktok.com/@liputan6.sctv/video/7621442575928528129?commentId=7621752169448997653,scraping_tiktok,agus_sri_purwanto,saya bingung sampai salah input. mau saya perbaharui dimana juga bingung
7621750264525275905,2026-03-27T02:03:57.000Z,0,https://www.tiktok.com/@liputan6.sctv/video/7621442575928528129,https://www.tiktok.com/@liputan6.sctv/video/7621442575928528129?commentId=7621750264525275905,scraping_tiktok,dolpin_blue,kurusan
7621536106237166344,2026-03-26T12:12:51.000Z,0,https://www.tiktok.com/@liputan6.sctv/video/7621442575928528129,https://www.tiktok.com/@liputan6.sctv/video/7621442575928528129?commentId=7621536106237166344,scraping_tiktok,budget_channel,"mentrinya aja bilang bingung, apalagi juragan di desa2, yg buka internet aja males. tiba2 aja ditagih pajak ratusan juta. sebenarnya bsa jdi bukan krena gk mau bayar pajak, tpi gk ngerti caranya."
7621536287396627207,2026-03-26T12:13:28.000Z,0,https://www.tiktok.com/@liputan6.sctv/video/7621442575928528129,https://www.tiktok.com/@liputan6.sctv/video/7621442575928528129?commentId=7621536287396627207,scraping_tiktok,reskystoremorut,kita aja pak pusing apalagi saya untung udah selesai
7621706066259444501,2026-03-26T23:12:43.000Z,0,https://www.tiktok.com/@liputan6.sctv/video/7621442575928528129,https://www.tiktok.com/@liputan6.sctv/video/7621442575928528129?commentId=7621706066259444501,scraping_tiktok,nasiuduk741,"menkeu nya aja bingung apalg rakyat, emg ampas bgt coretan mendingan jaman spt dlu"
7621536349182886674,2026-03-26T12:13:39.000Z,0,https://www.tiktok.com/@liputan6.sctv/video/7621442575928528129,https://www.tiktok.com/@liputan6.sctv/video/7621442575928528129?commentId=7621536349182886674,scraping_tiktok,dredtulip,kirain aku sendiri yg bodoh...selama ini pakai app lain ok saja tp cortex ini bikin males laporan SPT.
7621703619449013000,2026-03-26T23:03:03.000Z,0,https://www.tiktok.com/@liputan6.sctv/video/7621442575928528129,https://www.tiktok.com/@liputan6.sctv/video/7621442575928528129?commentId=7621703619449013000,scraping_tiktok,mamicalista6,"benar,, ribet banget, km y diperkebunan gak semua punya hp"
7621536585033335572,2026-03-26T12:14:36.000Z,0,https://www.tiktok.com/@liputan6.sctv/video/7621442575928528129,https://www.tiktok.com/@liputan6.sctv/video/7621442575928528129?commentId=7621536585033335572,scraping_tiktok,m.bs25,sy langsung ke kantor pajak terdekat soalnya ribet lapor online.😂
7621699759238152980,2026-03-26T22:51:34.000Z,0,https://www.tiktok.com/@liputan6.sctv/video/7621442575928528129,https://www.tiktok.com/@liputan6.sctv/video/7621442575928528129?commentId=7621699759238152980,scraping_tiktok,anakewong1336,setujuu pak🤣🤣🤣 repotin aja.. lebih bagus kalo yg bikin laporan orang pajak aja 🤣
7621536665673663253,2026-03-26T12:15:03.000Z,0,https://www.tiktok.com/@liputan6.sctv/video/7621442575928528129,https://www.tiktok.com/@liputan6.sctv/video/7621442575928528129?commentId=7621536665673663253,scraping_tiktok,otnaigradirvla,SO TRUUUUUUUUUUEEEEEEE
7621536695506174736,2026-03-26T12:15:06.000Z,0,https://www.tiktok.com/@liputan6.sctv/video/7621442575928528129,https://www.tiktok.com/@liputan6.sctv/video/7621442575928528129?commentId=7621536695506174736,scraping_tiktok,whatdoyoumeanmatcha,"ngelag parah lagi pak, saya mau buat npwp gabisa bisa"
7621535385739870996,2026-03-26T12:10:04.000Z,0,https://www.tiktok.com/@liputan6.sctv/video/7621442575928528129,https://www.tiktok.com/@liputan6.sctv/video/7621442575928528129?commentId=7621535385739870996,scraping_tiktok,caturad_,"pajak spt apaan gais,semua orang wajib bayar kah? plis yg baik hati jelasin ke gue🥺"
7621680439099523847,2026-03-26T21:33:05.000Z,0,https://www.tiktok.com/@liputan6.sctv/video/7621442575928528129,https://www.tiktok.com/@liputan6.sctv/video/7621442575928528129?commentId=7621680439099523847,scraping_tiktok,appleuser859378162,"Pak,, uang dari Upah kita sudah di potong negara, kenapa harus kami yg lapor ? Kenapa bukan kalian yg motong gaji buat pajak yg lapor ke masyarakat?? Sudah bikin repot, potong gaji kita, kita lagi yg lapor , !!"
7621679494792856340,2026-03-26T21:29:17.000Z,0,https://www.tiktok.com/@liputan6.sctv/video/7621442575928528129,https://www.tiktok.com/@liputan6.sctv/video/7621442575928528129?commentId=7621679494792856340,scraping_tiktok,duxelion,"memang pak, saya ngurus balik nama pertanahan punya orang tua. Harus buat npwp padahal ortu ibu rumah tangga, kata petugas pajak coba online, saya coba berulang ulang susahnya masuk jaringan lah, kereload ulang, otp ga masuk dsb. Ujung ujungnya disuruh antri ambil antrian menyita banyak waktu! coba orang tua yang ga ngerti jauh jauh panas hujan ke kota urus ke kantor pajak, ujung ujungnya disuruh pulang karna belum lengkap berkas dsb urus ini itu blm yg izin kerja tau tau ga bisa juga!!!
th 2026 pak, dimana negara lain sudah banyak inovasi buat perkembangan negara dan kesejahteraan masyarakatnya. Kita masih aja disitu aja, urus sim, pajak, balik nama, pertanahan, sertifikat, data kependudukan, pendidikan, kesehatan dll masih saja dari dulu fotokopy, kesini dulu pengantar rt, kelurahan, kecamatan dsb (dikelurahan harus ada uang sekian agar bisa berkas masuk dan di tandatangani, lurah dinas luar kota kecamatan juga lama, camat rapat dinas dll. di dinas ya gitu lama berkas salah ini itu ya Allah pak pak kami ini digitukan terus ya).
Fasilitas jalan? byk msh rusak lubang dsb banyak korban laka. Lampu jalan msh banyak padam, ga ada rawan laka dan kejahatan. Infrastruktur layanan masyarakat ya gitu gitu aja. Ditengah polemik global, pemerintah menyuruh hemat disemua aspek. Tetapi? jajaran pemerintahan pada buang buang uang negara, buat anggaran ga masuk akal semua dari di DPRD, DPR, GUBERNUR, BUPATI, WALIKOTA, CAMAT, LURAH dan semua pimpinan dinas dan kantor pemerintahan apalagi bumn. Dari isu anggaran mobil dinas? ambulance? sewa mobil pimpinan? bawa mobil dinas buat mudik? gorden? udang? cumi? minuman? atk kantor? pulpen? uang pensiun dpr, tahanan rumah bisa di bayar, calo haji, harga tiket nataru-lebaran, calo di dinas-dinas kantor pemerintah, mitra mbg pamer pendapatan yg ga masuk akal, byr uang kuliah susah, beasiswa-bansos salah sasaran, double sertifikat tanah di pertanahan, balik nama alm orang tua ribetnya bukan main kesana kemari bayar ini itu, cari kerja patok umur dan spesifikasi tertentu dan orang dlm. pak minta tolong banyak sekali rakyat bapak sayang sama negeri ini dan bapak-bapak @prabowosubianto08 @gibran_rakabuming @menkeuri @kpk_ri @kejaksaan.ri"
7621676332531745543,2026-03-26T21:17:04.000Z,0,https://www.tiktok.com/@liputan6.sctv/video/7621442575928528129,https://www.tiktok.com/@liputan6.sctv/video/7621442575928528129?commentId=7621676332531745543,scraping_tiktok,sebutsjmawar8,"pak bisa engga, pajak nya aja yg lapor ke kita. kan kita yg udah bayar kok disuruh lapor juga. sedangkan kita udah pegang juga no bukti potong nya dr company kita kerja"
7621537046288941844,2026-03-26T12:16:28.000Z,0,https://www.tiktok.com/@liputan6.sctv/video/7621442575928528129,https://www.tiktok.com/@liputan6.sctv/video/7621442575928528129?commentId=7621537046288941844,scraping_tiktok,wijay1112,Kenapa saya ga bisa reset password ya dapat SMS tapi ga bisa dibuka
7621671436407866119,2026-03-26T20:58:09.000Z,0,https://www.tiktok.com/@liputan6.sctv/video/7621442575928528129,https://www.tiktok.com/@liputan6.sctv/video/7621442575928528129?commentId=7621671436407866119,scraping_tiktok,31493842841,😁
7621537309666951954,2026-03-26T12:17:30.000Z,0,https://www.tiktok.com/@liputan6.sctv/video/7621442575928528129,https://www.tiktok.com/@liputan6.sctv/video/7621442575928528129?commentId=7621537309666951954,scraping_tiktok,.sihahahihi,Kok saya ga ribet ya🙏😭
7621657416422425362,2026-03-26T20:03:42.000Z,0,https://www.tiktok.com/@liputan6.sctv/video/7621442575928528129,https://www.tiktok.com/@liputan6.sctv/video/7621442575928528129?commentId=7621657416422425362,scraping_tiktok,niki02jr,agar lap spt pajak wp pribadi dihapus saja kecuali spt buat corporate perusahaan pt cv
7621537740559647489,2026-03-26T12:19:10.000Z,0,https://www.tiktok.com/@liputan6.sctv/video/7621442575928528129,https://www.tiktok.com/@liputan6.sctv/video/7621442575928528129?commentId=7621537740559647489,scraping_tiktok,subki_johan,"Menurut saya sudah bagus, lengkap. Saya sudah lapor SPT WP op maupun badan"
7621654703739536146,2026-03-26T19:53:13.000Z,0,https://www.tiktok.com/@liputan6.sctv/video/7621442575928528129,https://www.tiktok.com/@liputan6.sctv/video/7621442575928528129?commentId=7621654703739536146,scraping_tiktok,noonamazun,"pak pur, sehat kan?? smoga sehat slalu😭😭😭"
7621532527619228436,2026-03-26T11:59:00.000Z,0,https://www.tiktok.com/@liputan6.sctv/video/7621442575928528129,https://www.tiktok.com/@liputan6.sctv/video/7621442575928528129?commentId=7621532527619228436,scraping_tiktok,ethan_venerable,ribet bgt asli
7621532042774266640,2026-03-26T11:57:03.000Z,0,https://www.tiktok.com/@liputan6.sctv/video/7621442575928528129,https://www.tiktok.com/@liputan6.sctv/video/7621442575928528129?commentId=7621532042774266640,scraping_tiktok,tanghao_99,"Sy pusing lapor SPT, akhirnya ke kantor pajak, eh pegawainya juga pusing bantu sy isi spt🤣🤣🤣"
7621532081206608648,2026-03-26T11:57:10.000Z,0,https://www.tiktok.com/@liputan6.sctv/video/7621442575928528129,https://www.tiktok.com/@liputan6.sctv/video/7621442575928528129?commentId=7621532081206608648,scraping_tiktok,cute39435,"Bapak aja bingung, apalagi sayaaaaa😭 setuju pak"
7621532086813491988,2026-03-26T11:57:10.000Z,0,https://www.tiktok.com/@liputan6.sctv/video/7621442575928528129,https://www.tiktok.com/@liputan6.sctv/video/7621442575928528129?commentId=7621532086813491988,scraping_tiktok,rulisya2307,betul
7621532341610464021,2026-03-26T11:58:18.000Z,0,https://www.tiktok.com/@liputan6.sctv/video/7621442575928528129,https://www.tiktok.com/@liputan6.sctv/video/7621442575928528129?commentId=7621532341610464021,scraping_tiktok,graciaads,Jujuur nih sy yg bagian pajak aja menurut saya untuk orang awam memang sulit. UI UX nya ga ramah banget
7621532376313758480,2026-03-26T11:58:20.000Z,0,https://www.tiktok.com/@liputan6.sctv/video/7621442575928528129,https://www.tiktok.com/@liputan6.sctv/video/7621442575928528129?commentId=7621532376313758480,scraping_tiktok,fmairitaa,"Pak, keliatan kurusan. Sehat sehat selalu ya pakkkk"
7621532577828897553,2026-03-26T11:59:10.000Z,0,https://www.tiktok.com/@liputan6.sctv/video/7621442575928528129,https://www.tiktok.com/@liputan6.sctv/video/7621442575928528129?commentId=7621532577828897553,scraping_tiktok,swijoyo5171,pegawai pajak aja bingung pak apalagi kita yg suruh lapor 😁
7621532621580305160,2026-03-26T11:59:18.000Z,0,https://www.tiktok.com/@liputan6.sctv/video/7621442575928528129,https://www.tiktok.com/@liputan6.sctv/video/7621442575928528129?commentId=7621532621580305160,scraping_tiktok,wahyu.suputra8,bingung banget aneh
7621532951582819073,2026-03-26T12:00:31.000Z,0,https://www.tiktok.com/@liputan6.sctv/video/7621442575928528129,https://www.tiktok.com/@liputan6.sctv/video/7621442575928528129?commentId=7621532951582819073,scraping_tiktok,karay_acha,balikin lagi ke DJP aja pak
7621586958174798599,2026-03-26T15:30:03.000Z,0,https://www.tiktok.com/@liputan6.sctv/video/7621442575928528129,https://www.tiktok.com/@liputan6.sctv/video/7621442575928528129?commentId=7621586958174798599,scraping_tiktok,akurioo28,baru juga bisa pake djp apps skrg berubah lagi ke coretax 🥺
7621589148356510484,2026-03-26T15:38:39.000Z,0,https://www.tiktok.com/@liputan6.sctv/video/7621442575928528129,https://www.tiktok.com/@liputan6.sctv/video/7621442575928528129?commentId=7621589148356510484,scraping_tiktok,soni.pakpahan,u PT yg kecil gimana solusi nya gt pak
7621589081982223112,2026-03-26T15:38:19.000Z,0,https://www.tiktok.com/@liputan6.sctv/video/7621442575928528129,https://www.tiktok.com/@liputan6.sctv/video/7621442575928528129?commentId=7621589081982223112,scraping_tiktok,yellowofo,"Iya benerin la cepat, supaya nnti aku pas bayar pajak gk repot."
7621588976776954625,2026-03-26T15:38:01.000Z,0,https://www.tiktok.com/@liputan6.sctv/video/7621442575928528129,https://www.tiktok.com/@liputan6.sctv/video/7621442575928528129?commentId=7621588976776954625,scraping_tiktok,hanyakuuuuuuu,"tiap mo deket"" pelaporan, ngelaggggg mulu, terparah untuk pelaporan masa februari, beuhhhhh"
7621588605073818376,2026-03-26T15:36:33.000Z,0,https://www.tiktok.com/@liputan6.sctv/video/7621442575928528129,https://www.tiktok.com/@liputan6.sctv/video/7621442575928528129?commentId=7621588605073818376,scraping_tiktok,clarareview,"yg mau lapor bingung dm gw aj, jasa lapor aman cuma 100k"
7621588415318917909,2026-03-26T15:35:49.000Z,0,https://www.tiktok.com/@liputan6.sctv/video/7621442575928528129,https://www.tiktok.com/@liputan6.sctv/video/7621442575928528129?commentId=7621588415318917909,scraping_tiktok,pinguinalaska80,intinya ribet banget. 🤣
7621535298954920711,2026-03-26T12:09:41.000Z,0,https://www.tiktok.com/@liputan6.sctv/video/7621442575928528129,https://www.tiktok.com/@liputan6.sctv/video/7621442575928528129?commentId=7621535298954920711,scraping_tiktok,ezamilia,Pak purr 😭😭😭
7621588075176575760,2026-03-26T15:34:24.000Z,0,https://www.tiktok.com/@liputan6.sctv/video/7621442575928528129,https://www.tiktok.com/@liputan6.sctv/video/7621442575928528129?commentId=7621588075176575760,scraping_tiktok,kopkendihatiku,😁😁😁
7621587790678311700,2026-03-26T15:33:25.000Z,0,https://www.tiktok.com/@liputan6.sctv/video/7621442575928528129,https://www.tiktok.com/@liputan6.sctv/video/7621442575928528129?commentId=7621587790678311700,scraping_tiktok,donyesra,buset pk pur. ga kuat pk. hadapin penjahat 1 orang🙏
7621587650717614849,2026-03-26T15:32:45.000Z,0,https://www.tiktok.com/@liputan6.sctv/video/7621442575928528129,https://www.tiktok.com/@liputan6.sctv/video/7621442575928528129?commentId=7621587650717614849,scraping_tiktok,alfa_reiga,Masih eror terus pake coretax
7621587383888839425,2026-03-26T15:31:45.000Z,0,https://www.tiktok.com/@liputan6.sctv/video/7621442575928528129,https://www.tiktok.com/@liputan6.sctv/video/7621442575928528129?commentId=7621587383888839425,scraping_tiktok,yaagitudehh22,"Asli pak, pengen bayar pajak, tapi bikin pusing ni si coretax dan loading teruss 😭😭"
7621717817780863765,2026-03-26T23:58:18.000Z,0,https://www.tiktok.com/@liputan6.sctv/video/7621442575928528129,https://www.tiktok.com/@liputan6.sctv/video/7621442575928528129?commentId=7621717817780863765,scraping_tiktok,noorwejaya.bnb,"Negara sebesar ini buat program kok main2. harusnya malu sih, herannya program software pemerintah pada bermasalah."
7621713909238186773,2026-03-26T23:43:01.000Z,0,https://www.tiktok.com/@liputan6.sctv/video/7621442575928528129,https://www.tiktok.com/@liputan6.sctv/video/7621442575928528129?commentId=7621713909238186773,scraping_tiktok,ling.adventure.ba,menguntungkan para calo dan sistem bisa d utak atik ordal
7621712592449815316,2026-03-26T23:42:32.000Z,0,https://www.tiktok.com/@liputan6.sctv/video/7621442575928528129,https://www.tiktok.com/@liputan6.sctv/video/7621442575928528129?commentId=7621712592449815316,scraping_tiktok,www.tiktok.com.dedy0,"betul pak, coretax sengaja dipersulit mungkin ada niat lain nih bagi yg pembuat sopwarenya."
7621543770945815314,2026-03-26T12:42:31.000Z,0,https://www.tiktok.com/@liputan6.sctv/video/7621442575928528129,https://www.tiktok.com/@liputan6.sctv/video/7621442575928528129?commentId=7621543770945815314,scraping_tiktok,ariyes024,Elah gue blom lapor SPT 😅😅
7621543008051544853,2026-03-26T12:39:34.000Z,0,https://www.tiktok.com/@liputan6.sctv/video/7621442575928528129,https://www.tiktok.com/@liputan6.sctv/video/7621442575928528129?commentId=7621543008051544853,scraping_tiktok,sipripalit,ribet amat🙏
7621543053152666384,2026-03-26T12:39:42.000Z,0,https://www.tiktok.com/@liputan6.sctv/video/7621442575928528129,https://www.tiktok.com/@liputan6.sctv/video/7621442575928528129?commentId=7621543053152666384,scraping_tiktok,bebekicot,Bahasanya sulit dimengerti buat orang awam
7621543200511902480,2026-03-26T12:40:27.000Z,0,https://www.tiktok.com/@liputan6.sctv/video/7621442575928528129,https://www.tiktok.com/@liputan6.sctv/video/7621442575928528129?commentId=7621543200511902480,scraping_tiktok,jenny07718,bikin bingung tapi suruh lapor
7621569179761574676,2026-03-26T14:21:05.000Z,0,https://www.tiktok.com/@liputan6.sctv/video/7621442575928528129,https://www.tiktok.com/@liputan6.sctv/video/7621442575928528129?commentId=7621569179761574676,scraping_tiktok,aqubisaviva,coretex buat saya yang biasa pakai laporan spt lama lebih enak.. ini akhirnya aaya byr konsultan. karena pusing.
7621568923835073301,2026-03-26T14:20:14.000Z,0,https://www.tiktok.com/@liputan6.sctv/video/7621442575928528129,https://www.tiktok.com/@liputan6.sctv/video/7621442575928528129?commentId=7621568923835073301,scraping_tiktok,luly5582,Btw klo penghasilan bawah UMR harus kah isi Coretax yg ribet itu jg ??
7621568906071655185,2026-03-26T14:20:05.000Z,0,https://www.tiktok.com/@liputan6.sctv/video/7621442575928528129,https://www.tiktok.com/@liputan6.sctv/video/7621442575928528129?commentId=7621568906071655185,scraping_tiktok,gin_eskyc,"gue bikin NPWP lewat coretax sampai skrg belum di kirimin emailnya, padahal udah 3 harian 😂😂😂"
7621568872798012181,2026-03-26T14:19:56.000Z,0,https://www.tiktok.com/@liputan6.sctv/video/7621442575928528129,https://www.tiktok.com/@liputan6.sctv/video/7621442575928528129?commentId=7621568872798012181,scraping_tiktok,roninuriani23,bapak aja bingung apalagi saya😔
7621543473267950352,2026-03-26T12:41:25.000Z,0,https://www.tiktok.com/@liputan6.sctv/video/7621442575928528129,https://www.tiktok.com/@liputan6.sctv/video/7621442575928528129?commentId=7621543473267950352,scraping_tiktok,wong_kajen_asli,"pertanyaan saya: kalau kita sdh bayar pajak, kenapa hrs lapor? emang nggak kecatat ya? kalau yg nggak bayar n nggak lapor, ketahuan nggak? kalau bayar tp nggak lapor, negara kan nggak rugi"
7621543490997191445,2026-03-26T12:41:31.000Z,0,https://www.tiktok.com/@liputan6.sctv/video/7621442575928528129,https://www.tiktok.com/@liputan6.sctv/video/7621442575928528129?commentId=7621543490997191445,scraping_tiktok,ikesp22,Sistem terbodoh coretax gak jelas
7621568697506071297,2026-03-26T14:19:24.000Z,0,https://www.tiktok.com/@liputan6.sctv/video/7621442575928528129,https://www.tiktok.com/@liputan6.sctv/video/7621442575928528129?commentId=7621568697506071297,scraping_tiktok,_randomm__00,@kaminari
7621568723644531463,2026-03-26T14:19:20.000Z,0,https://www.tiktok.com/@liputan6.sctv/video/7621442575928528129,https://www.tiktok.com/@liputan6.sctv/video/7621442575928528129?commentId=7621568723644531463,scraping_tiktok,kelilingexplorejogja,Semoga sehat selalu njih pak purr🥰
7621543537208722183,2026-03-26T12:41:35.000Z,0,https://www.tiktok.com/@liputan6.sctv/video/7621442575928528129,https://www.tiktok.com/@liputan6.sctv/video/7621442575928528129?commentId=7621543537208722183,scraping_tiktok,wardsbac,"SETUJU CORETAX DESAIN NYA BIKIN BINGUNG ORANG TUA!!
IBU SAYA JADI KESUSAHAN MENGISI CORETAX UNTUK MENGISI KEBUTUHAN ASN!!"
7621570217307947783,2026-03-26T14:25:08.000Z,0,https://www.tiktok.com/@liputan6.sctv/video/7621442575928528129,https://www.tiktok.com/@liputan6.sctv/video/7621442575928528129?commentId=7621570217307947783,scraping_tiktok,danielcrizz,UI/UX nya gimane tuh
7621543759521710856,2026-03-26T12:42:32.000Z,0,https://www.tiktok.com/@liputan6.sctv/video/7621442575928528129,https://www.tiktok.com/@liputan6.sctv/video/7621442575928528129?commentId=7621543759521710856,scraping_tiktok,mrivalda7,bayar pajak aja susah memang Konoha banyak gerakan tambahan nya
7621544049972331284,2026-03-26T12:43:37.000Z,0,https://www.tiktok.com/@liputan6.sctv/video/7621442575928528129,https://www.tiktok.com/@liputan6.sctv/video/7621442575928528129?commentId=7621544049972331284,scraping_tiktok,thepulupulu,sumpil ribet cok
7621544047052849940,2026-03-26T12:43:41.000Z,0,https://www.tiktok.com/@liputan6.sctv/video/7621442575928528129,https://www.tiktok.com/@liputan6.sctv/video/7621442575928528129?commentId=7621544047052849940,scraping_tiktok,wolker099,setuju 😁
7621544234663199508,2026-03-26T12:44:20.000Z,0,https://www.tiktok.com/@liputan6.sctv/video/7621442575928528129,https://www.tiktok.com/@liputan6.sctv/video/7621442575928528129?commentId=7621544234663199508,scraping_tiktok,interisti_ilyas,pak pur kurusan 🥺
7621567795373097748,2026-03-26T14:15:45.000Z,0,https://www.tiktok.com/@liputan6.sctv/video/7621442575928528129,https://www.tiktok.com/@liputan6.sctv/video/7621442575928528129?commentId=7621567795373097748,scraping_tiktok,dibaafarah,"asliiii pak, ga user friendly. ngisinya sambil misuh misuh. bisa ga dibalik aja, djp yang lapor ke kita setiap tahun?"
7621567178647569159,2026-03-26T14:13:25.000Z,0,https://www.tiktok.com/@liputan6.sctv/video/7621442575928528129,https://www.tiktok.com/@liputan6.sctv/video/7621442575928528129?commentId=7621567178647569159,scraping_tiktok,eskopikocampurbrasso,"Gara gara coretax semua data wajib pajak bocor
🚬🫩☕
Setelah launching coretax banyak penipuan mengatasnamakan DJP untuk konfirmasi data wajib pajak
🫵🏽🫩☕
Padahal konfirmasi data wajib pajak itu tanggungjawab DJP di masing masing wilayah
🫵🏽🫩☕"
7621541363385336597,2026-03-26T12:33:13.000Z,0,https://www.tiktok.com/@liputan6.sctv/video/7621442575928528129,https://www.tiktok.com/@liputan6.sctv/video/7621442575928528129?commentId=7621541363385336597,scraping_tiktok,journalidya,"@Lidya: Kita yg bayar kt yg pening sebenernya ga masalah bayar pajak, itu wajar bangetttt cuma Napa lahh dibikin susahhh system modelan begitu yg ringkes aja jangan lah Rumit dah bayar mahal2 itu coretax tp masih ada nyusahin😏"
7621541402564854529,2026-03-26T12:33:17.000Z,0,https://www.tiktok.com/@liputan6.sctv/video/7621442575928528129,https://www.tiktok.com/@liputan6.sctv/video/7621442575928528129?commentId=7621541402564854529,scraping_tiktok,imtheking10e,Tau kan kenapa di buat ribett aplikasi Coretaxxxx😳
7621564986528531221,2026-03-26T14:04:57.000Z,0,https://www.tiktok.com/@liputan6.sctv/video/7621442575928528129,https://www.tiktok.com/@liputan6.sctv/video/7621442575928528129?commentId=7621564986528531221,scraping_tiktok,oyonkhab,gua dah ngerjain dari awal februari alhasil bantuin temen temen katanya ribet semua. yahh gapapa daripada kesentil orang pajak. yang mau dibantu dm aja ya temen temen krna ku tahu pasti banyak yang bingung
7621564998108152597,2026-03-26T14:04:56.000Z,0,https://www.tiktok.com/@liputan6.sctv/video/7621442575928528129,https://www.tiktok.com/@liputan6.sctv/video/7621442575928528129?commentId=7621564998108152597,scraping_tiktok,g.nslna,"Tapi emanng iyaa design nya bikin pusing, jadi repot tiap bikin report SPT🥹"
7621564983134716679,2026-03-26T14:04:51.000Z,0,https://www.tiktok.com/@liputan6.sctv/video/7621442575928528129,https://www.tiktok.com/@liputan6.sctv/video/7621442575928528129?commentId=7621564983134716679,scraping_tiktok,cyberkartatv,"sini gua buatin 5M aja pak mentri, yg user friendly bukan design acakadul kek sekarang"
7621564891086455559,2026-03-26T14:04:29.000Z,0,https://www.tiktok.com/@liputan6.sctv/video/7621442575928528129,https://www.tiktok.com/@liputan6.sctv/video/7621442575928528129?commentId=7621564891086455559,scraping_tiktok,xsozyn,MEMANG
7621541473338589970,2026-03-26T12:33:35.000Z,0,https://www.tiktok.com/@liputan6.sctv/video/7621442575928528129,https://www.tiktok.com/@liputan6.sctv/video/7621442575928528129?commentId=7621541473338589970,scraping_tiktok,fbtz10,coba hire natuno pak
7621541518180827911,2026-03-26T12:33:48.000Z,0,https://www.tiktok.com/@liputan6.sctv/video/7621442575928528129,https://www.tiktok.com/@liputan6.sctv/video/7621442575928528129?commentId=7621541518180827911,scraping_tiktok,papabudiii,ya d perbaiki pa biar simpel
7621541562522993415,2026-03-26T12:33:56.000Z,0,https://www.tiktok.com/@liputan6.sctv/video/7621442575928528129,https://www.tiktok.com/@liputan6.sctv/video/7621442575928528129?commentId=7621541562522993415,scraping_tiktok,arifadianfa,Iyaaa pakkkkk setuju banget.. balik ke yg lama aja
7621541585439867649,2026-03-26T12:34:00.000Z,0,https://www.tiktok.com/@liputan6.sctv/video/7621442575928528129,https://www.tiktok.com/@liputan6.sctv/video/7621442575928528129?commentId=7621541585439867649,scraping_tiktok,highlight0148,Tim desain : dagdigdugserrrr
7621552225806615316,2026-03-26T13:15:21.000Z,0,https://www.tiktok.com/@liputan6.sctv/video/7621442575928528129,https://www.tiktok.com/@liputan6.sctv/video/7621442575928528129?commentId=7621552225806615316,scraping_tiktok,subkhanoo,"Pak @Purbaya Yudhi Sadewa , kan coretax sudah bisa detect semua yang dipajakin or yang laporin pajak atas transaksi kita.
gimana kalau coretax nya yang lapor pajak yang sudah dipotong ke kita baru kita saat lapor spt tuh confirm spt nya, dan tambahin jika ada yg perlu ditambah."
7621555417534677778,2026-03-26T13:27:41.000Z,0,https://www.tiktok.com/@liputan6.sctv/video/7621442575928528129,https://www.tiktok.com/@liputan6.sctv/video/7621442575928528129?commentId=7621555417534677778,scraping_tiktok,needlemon.jjang,"setuju, desain nya bikin bingung 😭"
7621554789897814804,2026-03-26T13:25:19.000Z,0,https://www.tiktok.com/@liputan6.sctv/video/7621442575928528129,https://www.tiktok.com/@liputan6.sctv/video/7621442575928528129?commentId=7621554789897814804,scraping_tiktok,jambivox,"BAYAR PAJAK DARI JERIH PAYAH DIRI SENDIRI AJA SUSAH BANGET, KACAU!!!!"
7621554406445859602,2026-03-26T13:23:46.000Z,0,https://www.tiktok.com/@liputan6.sctv/video/7621442575928528129,https://www.tiktok.com/@liputan6.sctv/video/7621442575928528129?commentId=7621554406445859602,scraping_tiktok,budo0811,"qt yg bayar
qt yg di persulit"
7621553787740685057,2026-03-26T13:21:34.000Z,0,https://www.tiktok.com/@liputan6.sctv/video/7621442575928528129,https://www.tiktok.com/@liputan6.sctv/video/7621442575928528129?commentId=7621553787740685057,scraping_tiktok,zaky543212,https://vt.tiktok.com/ZSuK8X946/
7621553292422415121,2026-03-26T13:19:27.000Z,0,https://www.tiktok.com/@liputan6.sctv/video/7621442575928528129,https://www.tiktok.com/@liputan6.sctv/video/7621442575928528129?commentId=7621553292422415121,scraping_tiktok,tetangga.sebelah58,"sehat selalu Pak, jaga kesehatan, sptnya banyak yg musuhin anda di dalam kementerian sendiri."
7621548713027076872,2026-03-26T13:01:42.000Z,0,https://www.tiktok.com/@liputan6.sctv/video/7621442575928528129,https://www.tiktok.com/@liputan6.sctv/video/7621442575928528129?commentId=7621548713027076872,scraping_tiktok,yuni_exprole,pak Mentri JD kurus banget skrg. beda dgn wkt pertama JD Mentri .
7621552877446693653,2026-03-26T13:17:54.000Z,0,https://www.tiktok.com/@liputan6.sctv/video/7621442575928528129,https://www.tiktok.com/@liputan6.sctv/video/7621442575928528129?commentId=7621552877446693653,scraping_tiktok,zweetlilly,ERROR MULU
7621552530914296594,2026-03-26T13:16:33.000Z,0,https://www.tiktok.com/@liputan6.sctv/video/7621442575928528129,https://www.tiktok.com/@liputan6.sctv/video/7621442575928528129?commentId=7621552530914296594,scraping_tiktok,almaera26,yok open aktivasi/laporan SPT 🥰🥰🥰✅✅✅✅
7621551544052122388,2026-03-26T13:12:44.000Z,0,https://www.tiktok.com/@liputan6.sctv/video/7621442575928528129,https://www.tiktok.com/@liputan6.sctv/video/7621442575928528129?commentId=7621551544052122388,scraping_tiktok,husaintelatmakan,masukin alamat buat NPWP aja gak bisa verifikasi mau upload verivikasi foto juga ngga bisa
7621551461303272193,2026-03-26T13:12:30.000Z,0,https://www.tiktok.com/@liputan6.sctv/video/7621442575928528129,https://www.tiktok.com/@liputan6.sctv/video/7621442575928528129?commentId=7621551461303272193,scraping_tiktok,boy74801,"tahap 5...pas lokasi (GPS) mentok.. bikin kesel, teman today k kantor pajak tunggu 3 jam... jd malas.."
7621551358163895047,2026-03-26T13:11:52.000Z,0,https://www.tiktok.com/@liputan6.sctv/video/7621442575928528129,https://www.tiktok.com/@liputan6.sctv/video/7621442575928528129?commentId=7621551358163895047,scraping_tiktok,almaera26,sini sini siap ngerjakan 🙏🥰🙏🙏🙏🙏🙏🙏✅✅✅✅✅✅✅
7621567131087864596,2026-03-26T14:13:11.000Z,0,https://www.tiktok.com/@liputan6.sctv/video/7621442575928528129,https://www.tiktok.com/@liputan6.sctv/video/7621442575928528129?commentId=7621567131087864596,scraping_tiktok,sumarjhon,"Cukup bini gua aja yg ngatur duit gua,bukan pemerintah...malah bikin riweuh aja😂"
7621544527698363154,2026-03-26T12:45:28.000Z,0,https://www.tiktok.com/@liputan6.sctv/video/7621442575928528129,https://www.tiktok.com/@liputan6.sctv/video/7621442575928528129?commentId=7621544527698363154,scraping_tiktok,buattcantik,Ribet bikin malesss
7621590455557980935,2026-03-26T15:43:40.000Z,0,https://www.tiktok.com/@liputan6.sctv/video/7621442575928528129,https://www.tiktok.com/@liputan6.sctv/video/7621442575928528129?commentId=7621590455557980935,scraping_tiktok,edi_tproaseti0,Kurus bet pasti naik gula dara
7621590459680588552,2026-03-26T15:43:38.000Z,0,https://www.tiktok.com/@liputan6.sctv/video/7621442575928528129,https://www.tiktok.com/@liputan6.sctv/video/7621442575928528129?commentId=7621590459680588552,scraping_tiktok,ketua.naga11,kebijakanya apa ini mentri
7621590005748564743,2026-03-26T15:41:55.000Z,0,https://www.tiktok.com/@liputan6.sctv/video/7621442575928528129,https://www.tiktok.com/@liputan6.sctv/video/7621442575928528129?commentId=7621590005748564743,scraping_tiktok,omez_sng,buat Lapor pajak aja dipersusah....😅
7621589726902698768,2026-03-26T15:40:55.000Z,0,https://www.tiktok.com/@liputan6.sctv/video/7621442575928528129,https://www.tiktok.com/@liputan6.sctv/video/7621442575928528129?commentId=7621589726902698768,scraping_tiktok,arinjul99,@Arinjul: Ini yang design coretax seakan akan kita seluruh rakyat indonesia yang dimana diwajibkan buat lapor pajak ngerti persoalan ekonomi/akuntan/perpajakan. Banyak istilah yang orang awam ga ngerti. Contoh pemilihan kolom golongan TK Berapa aja kayak pilih kolom agama ga di jelasin ini tuh apa. Iya tau akhirnya kita googling. Tapi apa ga lebih baik di jelaskan juga biar semua paham.
7621589564674835218,2026-03-26T15:40:11.000Z,0,https://www.tiktok.com/@liputan6.sctv/video/7621442575928528129,https://www.tiktok.com/@liputan6.sctv/video/7621442575928528129?commentId=7621589564674835218,scraping_tiktok,koko.medan,setuju
7621589461646164754,2026-03-26T15:39:46.000Z,0,https://www.tiktok.com/@liputan6.sctv/video/7621442575928528129,https://www.tiktok.com/@liputan6.sctv/video/7621442575928528129?commentId=7621589461646164754,scraping_tiktok,gerryjuntak17,minta pertanggung jawabannya ke siapa pak kalau gini?
7621588784102572808,2026-03-26T15:39:02.000Z,0,https://www.tiktok.com/@liputan6.sctv/video/7621442575928528129,https://www.tiktok.com/@liputan6.sctv/video/7621442575928528129?commentId=7621588784102572808,scraping_tiktok,bijaksana.berkata,"dari dahulu kala
memang sengaja
supaya WP pakai konsultan.
konsultan setoran ke oknum dirjen pajak"
7621559962091488020,2026-03-26T13:45:24.000Z,0,https://www.tiktok.com/@liputan6.sctv/video/7621442575928528129,https://www.tiktok.com/@liputan6.sctv/video/7621442575928528129?commentId=7621559962091488020,scraping_tiktok,tenggo_08,usut dana oengdaan yg sangat besar menghasilkan apoikasi anak sma
7621559490034270994,2026-03-26T13:43:28.000Z,0,https://www.tiktok.com/@liputan6.sctv/video/7621442575928528129,https://www.tiktok.com/@liputan6.sctv/video/7621442575928528129?commentId=7621559490034270994,scraping_tiktok,flowwwer5,"kita yang bayar pajak, udah dikasih pdf pajak sama perusahaan. harusnya tinggal kirim dokumen aja biar org pajak yg isi inimah ribet udh ganti pass lama masuk emailnya"
7621550308640785168,2026-03-26T13:07:53.000Z,0,https://www.tiktok.com/@liputan6.sctv/video/7621442575928528129,https://www.tiktok.com/@liputan6.sctv/video/7621442575928528129?commentId=7621550308640785168,scraping_tiktok,timotius206,"setuju Pak Menteri , bikin malas"
7621550310876381953,2026-03-26T13:08:00.000Z,0,https://www.tiktok.com/@liputan6.sctv/video/7621442575928528129,https://www.tiktok.com/@liputan6.sctv/video/7621442575928528129?commentId=7621550310876381953,scraping_tiktok,rachman_888,jujur susah w males lapor ora ngerti
7621550391566287637,2026-03-26T13:08:16.000Z,0,https://www.tiktok.com/@liputan6.sctv/video/7621442575928528129,https://www.tiktok.com/@liputan6.sctv/video/7621442575928528129?commentId=7621550391566287637,scraping_tiktok,im5344063561059,Abisan percaya ama consulting
7621550755548726034,2026-03-26T13:09:41.000Z,0,https://www.tiktok.com/@liputan6.sctv/video/7621442575928528129,https://www.tiktok.com/@liputan6.sctv/video/7621442575928528129?commentId=7621550755548726034,scraping_tiktok,xyzyxkszyx,"sy udah bayar, dan mohon dicek Pak, untuk norek, dikunci, jika ada kelebihan bayar, caranya bgm?"
7621551075723723540,2026-03-26T13:10:50.000Z,1,https://www.tiktok.com/@liputan6.sctv/video/7621442575928528129,https://www.tiktok.com/@liputan6.sctv/video/7621442575928528129?commentId=7621551075723723540,scraping_tiktok,iswa8488,kemarin aja petugas nya sndr aja bingung apa lgi kita rakyat biasa.😩
7621557573955240712,2026-03-26T13:36:06.000Z,0,https://www.tiktok.com/@liputan6.sctv/video/7621442575928528129,https://www.tiktok.com/@liputan6.sctv/video/7621442575928528129?commentId=7621557573955240712,scraping_tiktok,tamirahmahwati,pak pur katanya kena gula darah ya allah pak sehat2 pa
7621557129456665362,2026-03-26T13:34:21.000Z,0,https://www.tiktok.com/@liputan6.sctv/video/7621442575928528129,https://www.tiktok.com/@liputan6.sctv/video/7621442575928528129?commentId=7621557129456665362,scraping_tiktok,malamyangsempurna,Bapak purbaya kok semakin kurusan🥺🥺🥺
7621560084329480967,2026-03-26T13:45:45.000Z,0,https://www.tiktok.com/@liputan6.sctv/video/7621442575928528129,https://www.tiktok.com/@liputan6.sctv/video/7621442575928528129?commentId=7621560084329480967,scraping_tiktok,bucende,"Udah bayar pajak, wajib lapor pula. Orang pajak kerja nya ngapainnn"
7621556494827324180,2026-03-26T13:31:50.000Z,0,https://www.tiktok.com/@liputan6.sctv/video/7621442575928528129,https://www.tiktok.com/@liputan6.sctv/video/7621442575928528129?commentId=7621556494827324180,scraping_tiktok,duyungmagang_,😂😂😂
7621556462749270792,2026-03-26T13:31:44.000Z,0,https://www.tiktok.com/@liputan6.sctv/video/7621442575928528129,https://www.tiktok.com/@liputan6.sctv/video/7621442575928528129?commentId=7621556462749270792,scraping_tiktok,vanillamacaronz,eh tp kok aku gampang2 aja ya ngerasanya😭
7621555970930213633,2026-03-26T13:29:55.000Z,0,https://www.tiktok.com/@liputan6.sctv/video/7621442575928528129,https://www.tiktok.com/@liputan6.sctv/video/7621442575928528129?commentId=7621555970930213633,scraping_tiktok,hog01882,jaga makan pak Pur takut mafia kesal
7621555876251468561,2026-03-26T13:29:31.000Z,0,https://www.tiktok.com/@liputan6.sctv/video/7621442575928528129,https://www.tiktok.com/@liputan6.sctv/video/7621442575928528129?commentId=7621555876251468561,scraping_tiktok,hog01882,banyak mafiaaaa
7621555876332208912,2026-03-26T13:29:30.000Z,0,https://www.tiktok.com/@liputan6.sctv/video/7621442575928528129,https://www.tiktok.com/@liputan6.sctv/video/7621442575928528129?commentId=7621555876332208912,scraping_tiktok,ynptrrrr,"Bener pakk, bikin bingung, ribettt, padahal udah kita yang bayar pajak, kita yang lapor masihhhh sulit kaya gitu. Adanya online kan seharusnya mempermudah."
7621546953092350721,2026-03-26T12:54:54.000Z,0,https://www.tiktok.com/@liputan6.sctv/video/7621442575928528129,https://www.tiktok.com/@liputan6.sctv/video/7621442575928528129?commentId=7621546953092350721,scraping_tiktok,azyylyn,@An'ean
7621547463396344584,2026-03-26T12:56:48.000Z,0,https://www.tiktok.com/@liputan6.sctv/video/7621442575928528129,https://www.tiktok.com/@liputan6.sctv/video/7621442575928528129?commentId=7621547463396344584,scraping_tiktok,napogos1232,"ahhh ini kalau tidak bisa menggendalikan bilang salah disaen
padahal dia yg tidak mampu menggelola...habcur indonesia pantas prabowo pernah bilang 2030 hancur ternyata beltul dia yg buat hancur sebelum 2030 ☹️☹️"
7621564059433812756,2026-03-26T14:01:19.000Z,0,https://www.tiktok.com/@liputan6.sctv/video/7621442575928528129,https://www.tiktok.com/@liputan6.sctv/video/7621442575928528129?commentId=7621564059433812756,scraping_tiktok,dagekim,"kita bayar pajak, tapi suru lapor pajak kita, terus kerjaan mereka ngapain?"
7621545322481664776,2026-03-26T12:48:29.000Z,0,https://www.tiktok.com/@liputan6.sctv/video/7621442575928528129,https://www.tiktok.com/@liputan6.sctv/video/7621442575928528129?commentId=7621545322481664776,scraping_tiktok,jasmen.dra,"pak Pur kerjanya sangat nyata, sampai ngefek kebadan 🥲"
7621545989815796498,2026-03-26T12:51:07.000Z,0,https://www.tiktok.com/@liputan6.sctv/video/7621442575928528129,https://www.tiktok.com/@liputan6.sctv/video/7621442575928528129?commentId=7621545989815796498,scraping_tiktok,jagoaneon000,Tidak friendly user pak @Purbaya Yudhi Sadewa
7621572395959042832,2026-03-26T14:33:36.000Z,0,https://www.tiktok.com/@liputan6.sctv/video/7621442575928528129,https://www.tiktok.com/@liputan6.sctv/video/7621442575928528129?commentId=7621572395959042832,scraping_tiktok,axlrock2,gampang kok..
7621573493414724372,2026-03-26T14:37:51.000Z,0,https://www.tiktok.com/@liputan6.sctv/video/7621442575928528129,https://www.tiktok.com/@liputan6.sctv/video/7621442575928528129?commentId=7621573493414724372,scraping_tiktok,jassminekrr,Harusnya pemerintah yg lapor ke kita orang pajaknya dipake buat apa aja #izin
7621573434808025876,2026-03-26T14:37:40.000Z,0,https://www.tiktok.com/@liputan6.sctv/video/7621442575928528129,https://www.tiktok.com/@liputan6.sctv/video/7621442575928528129?commentId=7621573434808025876,scraping_tiktok,tutyyaa._,"Betul itu pak. Dan updatenya hampir tiap minggu dan anehnya lagi setiap mepet closingan ada perbaikan, sangat memperlambat pekerjaan ditambah lagi banyak tahapnya jadi makin lama kerjanya 😭"
7621573449332605712,2026-03-26T14:37:39.000Z,0,https://www.tiktok.com/@liputan6.sctv/video/7621442575928528129,https://www.tiktok.com/@liputan6.sctv/video/7621442575928528129?commentId=7621573449332605712,scraping_tiktok,farocake,udah bayar tp lapor sendiri. bisa nga diiliangin pelaporan tuh. tinggal bayar2 aja😳😳😳
7621573395365184277,2026-03-26T14:37:32.000Z,0,https://www.tiktok.com/@liputan6.sctv/video/7621442575928528129,https://www.tiktok.com/@liputan6.sctv/video/7621442575928528129?commentId=7621573395365184277,scraping_tiktok,citramandiri97,emang. ribet banget
7621542184948843272,2026-03-26T12:36:19.000Z,0,https://www.tiktok.com/@liputan6.sctv/video/7621442575928528129,https://www.tiktok.com/@liputan6.sctv/video/7621442575928528129?commentId=7621542184948843272,scraping_tiktok,khikhgyom1728,kembali lagi ke sistem lama aja DJP
7621573279921308434,2026-03-26T14:37:01.000Z,0,https://www.tiktok.com/@liputan6.sctv/video/7621442575928528129,https://www.tiktok.com/@liputan6.sctv/video/7621442575928528129?commentId=7621573279921308434,scraping_tiktok,sakti.naga24,kurusan pak Purbaya sekrang
7621573092980769556,2026-03-26T14:36:20.000Z,0,https://www.tiktok.com/@liputan6.sctv/video/7621442575928528129,https://www.tiktok.com/@liputan6.sctv/video/7621442575928528129?commentId=7621573092980769556,scraping_tiktok,hanspribadi,"Ada yg namanya PJAP, Penyedia Jasa Aplikasi Perpajakan. Nah itu yg punya koneksi ke DJP supaya yg gratis jadi susah diakses, sehingga perusahaan2 akhirnya beralih ke yg berbayar. Coba aja cek siapa aja PJAP itu di Indonesia. Ga banyak kok. HAHA"
7621542194147214098,2026-03-26T12:36:23.000Z,0,https://www.tiktok.com/@liputan6.sctv/video/7621442575928528129,https://www.tiktok.com/@liputan6.sctv/video/7621442575928528129?commentId=7621542194147214098,scraping_tiktok,erwanmuhsan,desainnya berubah2 pak
7621573054270980881,2026-03-26T14:36:12.000Z,0,https://www.tiktok.com/@liputan6.sctv/video/7621442575928528129,https://www.tiktok.com/@liputan6.sctv/video/7621442575928528129?commentId=7621573054270980881,scraping_tiktok,treasuree_01,OSS jugaa
7621572832556057352,2026-03-26T14:35:13.000Z,0,https://www.tiktok.com/@liputan6.sctv/video/7621442575928528129,https://www.tiktok.com/@liputan6.sctv/video/7621442575928528129?commentId=7621572832556057352,scraping_tiktok,kuronekouniverse,"Emangg pak, UI kacau, UX nya apalagi, kaga pernah bener pemerintah bikin web atau app 😌"
7621572504205181716,2026-03-26T14:34:03.000Z,0,https://www.tiktok.com/@liputan6.sctv/video/7621442575928528129,https://www.tiktok.com/@liputan6.sctv/video/7621442575928528129?commentId=7621572504205181716,scraping_tiktok,ilyana.salim,sy belom lapor dan malas lapor
7621572415937626887,2026-03-26T14:33:39.000Z,0,https://www.tiktok.com/@liputan6.sctv/video/7621442575928528129,https://www.tiktok.com/@liputan6.sctv/video/7621442575928528129?commentId=7621572415937626887,scraping_tiktok,produkbagusaugies,dari tahun ketahun. cuman tahun ini yg ribet lapornya. sampe mikir ini isi datanya bener apa enggak ya
7621572161265845012,2026-03-26T14:32:40.000Z,0,https://www.tiktok.com/@liputan6.sctv/video/7621442575928528129,https://www.tiktok.com/@liputan6.sctv/video/7621442575928528129?commentId=7621572161265845012,scraping_tiktok,bonitaachan29,kasih waktu lagi dong buat lapor pajak .. sampe skrg pun coba laporan system nya susah banget 😭
7621542680497996564,2026-03-26T12:38:21.000Z,0,https://www.tiktok.com/@liputan6.sctv/video/7621442575928528129,https://www.tiktok.com/@liputan6.sctv/video/7621442575928528129?commentId=7621542680497996564,scraping_tiktok,pulupulutidur,HAHAHA BETUL BGT PAK
7621542659186737936,2026-03-26T12:38:22.000Z,0,https://www.tiktok.com/@liputan6.sctv/video/7621442575928528129,https://www.tiktok.com/@liputan6.sctv/video/7621442575928528129?commentId=7621542659186737936,scraping_tiktok,cuphacupz,"ribet, pdhl w mau cba ngisi..mlh males jdnya kebanyakan inputan"
7621542838899196693,2026-03-26T12:38:55.000Z,0,https://www.tiktok.com/@liputan6.sctv/video/7621442575928528129,https://www.tiktok.com/@liputan6.sctv/video/7621442575928528129?commentId=7621542838899196693,scraping_tiktok,arbimauluddin,Aslii ribett banget cuyyy tahun kemaren aku laporan spt ga seribet tahun sekarang ini aja masih kependinh belum laporan mana tanggal 31 maret udah terakhir 🥺
7621571527054492417,2026-03-26T14:30:14.000Z,0,https://www.tiktok.com/@liputan6.sctv/video/7621442575928528129,https://www.tiktok.com/@liputan6.sctv/video/7621442575928528129?commentId=7621571527054492417,scraping_tiktok,agusneops,jadi kerusakan yh
7621542957274972946,2026-03-26T12:39:18.000Z,0,https://www.tiktok.com/@liputan6.sctv/video/7621442575928528129,https://www.tiktok.com/@liputan6.sctv/video/7621442575928528129?commentId=7621542957274972946,scraping_tiktok,salesrumahroyalbatam,Membingungkan
7621571091446399765,2026-03-26T14:28:33.000Z,0,https://www.tiktok.com/@liputan6.sctv/video/7621442575928528129,https://www.tiktok.com/@liputan6.sctv/video/7621442575928528129?commentId=7621571091446399765,scraping_tiktok,sepyoutm13241,benerr ribett
7621571004338848530,2026-03-26T14:28:10.000Z,0,https://www.tiktok.com/@liputan6.sctv/video/7621442575928528129,https://www.tiktok.com/@liputan6.sctv/video/7621442575928528129?commentId=7621571004338848530,scraping_tiktok,masmasan32,[Sticker] owhh yg perusahaan gede dan orang kaya banget udah ngakalin dari awal
7621570688347865863,2026-03-26T14:26:55.000Z,0,https://www.tiktok.com/@liputan6.sctv/video/7621442575928528129,https://www.tiktok.com/@liputan6.sctv/video/7621442575928528129?commentId=7621570688347865863,scraping_tiktok,arichie88,"Supaya bisa di calo in sama jasa broker pajak, sekelas pemerintah kok bisa d bodoin"
7621570557017031432,2026-03-26T14:26:28.000Z,0,https://www.tiktok.com/@liputan6.sctv/video/7621442575928528129,https://www.tiktok.com/@liputan6.sctv/video/7621442575928528129?commentId=7621570557017031432,scraping_tiktok,fitria_2605,"Please ganti coretax pak…aplikasi gagal ribet. Berasa jd orang bodoh dan gagal paham saat pelaporan, udah gaji kita yg di potong kita nya pula yg di ribetin😵‍💫"
7621570401743012624,2026-03-26T14:25:49.000Z,0,https://www.tiktok.com/@liputan6.sctv/video/7621442575928528129,https://www.tiktok.com/@liputan6.sctv/video/7621442575928528129?commentId=7621570401743012624,scraping_tiktok,internetarchive41,"Repot pak, mainannya developer bikin banyak bug supaya ketergantungan maintenance.. lebih mudah djp online.. kalo lupa password mudah yg djp online"
7621463263247745813,2026-03-26T07:30:06.000Z,0,https://www.tiktok.com/@liputan6.sctv/video/7621442575928528129,https://www.tiktok.com/@liputan6.sctv/video/7621442575928528129?commentId=7621463263247745813,scraping_tiktok,buendees,masyarakat jadi 🐇 percobaan ya Pak @purbayayudhis ?
7621468372374504212,2026-03-26T07:49:53.000Z,0,https://www.tiktok.com/@liputan6.sctv/video/7621442575928528129,https://www.tiktok.com/@liputan6.sctv/video/7621442575928528129?commentId=7621468372374504212,scraping_tiktok,mayasyafitri59,"dah jelas gak bagus.. eh pakai target akhir maret mesti tuntas, klo engga tar di denda.
mana kmren gajian di pisah sama THR. persentase pajak ny turun donk. eh ternyata di balas ny pas gajian ini. persentase pajak gaji bulan ini adalah jumlah THR n gaji maret di kali persentase sesuai aturan. atuh gede donk jdi nya potongan pajak pas gajian. THR di potong, gajian dipotong lebih gede lagi.😭😭😭"
7621468059111293717,2026-03-26T07:48:43.000Z,0,https://www.tiktok.com/@liputan6.sctv/video/7621442575928528129,https://www.tiktok.com/@liputan6.sctv/video/7621442575928528129?commentId=7621468059111293717,scraping_tiktok,bang.ejha,ga praktis aplikasinya
7621467817791079186,2026-03-26T07:48:24.000Z,0,https://www.tiktok.com/@liputan6.sctv/video/7621442575928528129,https://www.tiktok.com/@liputan6.sctv/video/7621442575928528129?commentId=7621467817791079186,scraping_tiktok,kuingpasaribu,Kita mundur ke jaman batu aja tidak bisa kah pak
7621467959378772737,2026-03-26T07:48:18.000Z,0,https://www.tiktok.com/@liputan6.sctv/video/7621442575928528129,https://www.tiktok.com/@liputan6.sctv/video/7621442575928528129?commentId=7621467959378772737,scraping_tiktok,aguspamujii,aneh juga .gw yg bayar pajak .gw juga yg disuruh isi coretax
7621467783544554257,2026-03-26T07:47:35.000Z,0,https://www.tiktok.com/@liputan6.sctv/video/7621442575928528129,https://www.tiktok.com/@liputan6.sctv/video/7621442575928528129?commentId=7621467783544554257,scraping_tiktok,tradamdum,Jadi kurusan co
7621467656314520340,2026-03-26T07:47:06.000Z,0,https://www.tiktok.com/@liputan6.sctv/video/7621442575928528129,https://www.tiktok.com/@liputan6.sctv/video/7621442575928528129?commentId=7621467656314520340,scraping_tiktok,blackrose2888,"sebenernya kita itu tinggal beres serahkan laporan keuangan aja kemereka, 😁 ini PT juga harus byr staff utk ngurus tax, kita pula byr pajak🙄 ehhh apk nya kayak sampah sering ngelag🙄"
7621467592322827029,2026-03-26T07:46:54.000Z,0,https://www.tiktok.com/@liputan6.sctv/video/7621442575928528129,https://www.tiktok.com/@liputan6.sctv/video/7621442575928528129?commentId=7621467592322827029,scraping_tiktok,user155620691,"asliiiiiiiii makin ribeeeeeettttttt....makin nyusahin pekerja.knp harus kita sih yg ribet,kita sdh bayar kita pula yg di pusingin coretax.heraannnn gue"
7621467587943629584,2026-03-26T07:46:52.000Z,0,https://www.tiktok.com/@liputan6.sctv/video/7621442575928528129,https://www.tiktok.com/@liputan6.sctv/video/7621442575928528129?commentId=7621467587943629584,scraping_tiktok,hamba_merepotkan,"gak cuma bikin bingung, tapi juga bikin karyawan susah. macam mana gaji karyawan mau dipajakin, harusnya yang kena pajak itu ya pemilik usaha dan bisnis."
7621656853008614151,2026-03-26T20:01:20.000Z,0,https://www.tiktok.com/@liputan6.sctv/video/7621442575928528129,https://www.tiktok.com/@liputan6.sctv/video/7621442575928528129?commentId=7621656853008614151,scraping_tiktok,ishi.kawa11,mantap nih kesampaian
7621583519827624724,2026-03-26T15:16:48.000Z,0,https://www.tiktok.com/@liputan6.sctv/video/7621442575928528129,https://www.tiktok.com/@liputan6.sctv/video/7621442575928528129?commentId=7621583519827624724,scraping_tiktok,iafariha98,"coretax perasaan kek jebakan Betmen, 😭😭 tim lebih suka DJP baru jg hapal DJP eh dah ganti baru"
7621564011218682641,2026-03-26T14:01:12.000Z,0,https://www.tiktok.com/@liputan6.sctv/video/7621442575928528129,https://www.tiktok.com/@liputan6.sctv/video/7621442575928528129?commentId=7621564011218682641,scraping_tiktok,xxxx19340,WAF 5 dan F5 big-ip tolong dimatikan
7621563897993003796,2026-03-26T14:00:41.000Z,0,https://www.tiktok.com/@liputan6.sctv/video/7621442575928528129,https://www.tiktok.com/@liputan6.sctv/video/7621442575928528129?commentId=7621563897993003796,scraping_tiktok,danielmarvin76,Yang buatkan Sri Mulyani Tercinta
7621541737592374032,2026-03-26T12:34:36.000Z,0,https://www.tiktok.com/@liputan6.sctv/video/7621442575928528129,https://www.tiktok.com/@liputan6.sctv/video/7621442575928528129?commentId=7621541737592374032,scraping_tiktok,aulbells,betul Pak 😭
7621583161676088082,2026-03-26T15:15:22.000Z,0,https://www.tiktok.com/@liputan6.sctv/video/7621442575928528129,https://www.tiktok.com/@liputan6.sctv/video/7621442575928528129?commentId=7621583161676088082,scraping_tiktok,momjo8,Disengaja bikin rumit spy pelapor pajaknya makin ga paham jd akhirnya jasa konsultan pajak makim tinggi dan yg ga paham jd klo salah ya rugi sendiri
7621582930427790088,2026-03-26T15:14:31.000Z,0,https://www.tiktok.com/@liputan6.sctv/video/7621442575928528129,https://www.tiktok.com/@liputan6.sctv/video/7621442575928528129?commentId=7621582930427790088,scraping_tiktok,ffiowns,SETUJU PAKKKK RIBET😔
7621582334114956050,2026-03-26T15:12:13.000Z,0,https://www.tiktok.com/@liputan6.sctv/video/7621442575928528129,https://www.tiktok.com/@liputan6.sctv/video/7621442575928528129?commentId=7621582334114956050,scraping_tiktok,kak.selimut_biruuuu,"Yaa Biar ""Penjual Jasa"" Laku lah buat NgeBantu Isi 😂🤣, Makin Rumit Semakin Mumet Semakin CUAN haha"
7621581854756193045,2026-03-26T15:10:22.000Z,0,https://www.tiktok.com/@liputan6.sctv/video/7621442575928528129,https://www.tiktok.com/@liputan6.sctv/video/7621442575928528129?commentId=7621581854756193045,scraping_tiktok,adin.bintang,dulu gampang bgt sekarang susah bgt jadi males laporan
7621581700791747336,2026-03-26T15:09:39.000Z,0,https://www.tiktok.com/@liputan6.sctv/video/7621442575928528129,https://www.tiktok.com/@liputan6.sctv/video/7621442575928528129?commentId=7621581700791747336,scraping_tiktok,llith__,"ui/ux nya jelek, servernya ngaco, keknya di indo banyak lulusan desain sama IT yg bagus bagus, napa ga dibenerin😭"
7621581579894620936,2026-03-26T15:09:11.000Z,0,https://www.tiktok.com/@liputan6.sctv/video/7621442575928528129,https://www.tiktok.com/@liputan6.sctv/video/7621442575928528129?commentId=7621581579894620936,scraping_tiktok,sarjana_tani.2023,"Gua yang bayar pajak, gua yang pusing lapor pajak"
7621581558679864084,2026-03-26T15:09:09.000Z,0,https://www.tiktok.com/@liputan6.sctv/video/7621442575928528129,https://www.tiktok.com/@liputan6.sctv/video/7621442575928528129?commentId=7621581558679864084,scraping_tiktok,beachaholic_,@debzlah
7621581551356445448,2026-03-26T15:09:05.000Z,0,https://www.tiktok.com/@liputan6.sctv/video/7621442575928528129,https://www.tiktok.com/@liputan6.sctv/video/7621442575928528129?commentId=7621581551356445448,scraping_tiktok,roedy903,LOGIKA PEJABAT NYA SANGAT JAUH DARI NALAR KEWARASAN....MASYARAKAT SUDAH TERBEBANI SECARA FINANSIAL UTK KEWAJIBAN PAJAKNYA....MASIH DI SIKSA LAGI DENGAN TEKNIS PELAPORAN YG RUWET & JAUH DARI TUJUAN MEMUDAHKAN WAJIB PAJAK....
7621540602865287943,2026-03-26T12:30:11.000Z,0,https://www.tiktok.com/@liputan6.sctv/video/7621442575928528129,https://www.tiktok.com/@liputan6.sctv/video/7621442575928528129?commentId=7621540602865287943,scraping_tiktok,pochuhontas,"Di bagian dokumen saya, buat liat bukti potong, setelah refresh, akan muncul. Tp kenapa munculnya hanya utk download, gaada tombol view yak:’)"
7621540645694817042,2026-03-26T12:30:31.000Z,0,https://www.tiktok.com/@liputan6.sctv/video/7621442575928528129,https://www.tiktok.com/@liputan6.sctv/video/7621442575928528129?commentId=7621540645694817042,scraping_tiktok,ananindia7,pak tolong lah pak kami yang mau bayar kami juga yang ribet banget sihh pak
7621589230095368968,2026-03-26T15:38:55.000Z,0,https://www.tiktok.com/@liputan6.sctv/video/7621442575928528129,https://www.tiktok.com/@liputan6.sctv/video/7621442575928528129?commentId=7621589230095368968,scraping_tiktok,ab861111,Kurus bnget pak skg
7621575723527209749,2026-03-26T14:46:32.000Z,0,https://www.tiktok.com/@liputan6.sctv/video/7621442575928528129,https://www.tiktok.com/@liputan6.sctv/video/7621442575928528129?commentId=7621575723527209749,scraping_tiktok,dawaii__,Aku juga bingung ngisinya gimana
7621577848319525650,2026-03-26T14:54:44.000Z,0,https://www.tiktok.com/@liputan6.sctv/video/7621442575928528129,https://www.tiktok.com/@liputan6.sctv/video/7621442575928528129?commentId=7621577848319525650,scraping_tiktok,nir_8686,nah Kan 😂
7621577200693805825,2026-03-26T14:52:16.000Z,0,https://www.tiktok.com/@liputan6.sctv/video/7621442575928528129,https://www.tiktok.com/@liputan6.sctv/video/7621442575928528129?commentId=7621577200693805825,scraping_tiktok,iniabuk13,pusing 😩 ancen pak
7621577189209654023,2026-03-26T14:52:10.000Z,0,https://www.tiktok.com/@liputan6.sctv/video/7621442575928528129,https://www.tiktok.com/@liputan6.sctv/video/7621442575928528129?commentId=7621577189209654023,scraping_tiktok,brubako7,"dri nama ""CORETAX"" nya aja udah ketebak kok"
7621576985282118407,2026-03-26T14:51:22.000Z,0,https://www.tiktok.com/@liputan6.sctv/video/7621442575928528129,https://www.tiktok.com/@liputan6.sctv/video/7621442575928528129?commentId=7621576985282118407,scraping_tiktok,suaraneni,"pakkk, udah mulai kurusan gituuu🥺 sehat-sehatt Pak Puuuuuurrr"
7621576826662732552,2026-03-26T14:50:47.000Z,0,https://www.tiktok.com/@liputan6.sctv/video/7621442575928528129,https://www.tiktok.com/@liputan6.sctv/video/7621442575928528129?commentId=7621576826662732552,scraping_tiktok,yulyatrisnawati,setara menteri keuangan aja bingung lah apalagi aku 😂 bolak balik liat tutorial buat pelaporan 😂
7621576807728759572,2026-03-26T14:50:44.000Z,0,https://www.tiktok.com/@liputan6.sctv/video/7621442575928528129,https://www.tiktok.com/@liputan6.sctv/video/7621442575928528129?commentId=7621576807728759572,scraping_tiktok,72993839a,jadi twrakhir lapor akhir maret apa akhir april nih
7621576493278298901,2026-03-26T14:49:33.000Z,0,https://www.tiktok.com/@liputan6.sctv/video/7621442575928528129,https://www.tiktok.com/@liputan6.sctv/video/7621442575928528129?commentId=7621576493278298901,scraping_tiktok,julyii27,sumpah aku udah seminggu gk bisa mulu udah muak bangettt asli daah
7621576491964941063,2026-03-26T14:49:30.000Z,0,https://www.tiktok.com/@liputan6.sctv/video/7621442575928528129,https://www.tiktok.com/@liputan6.sctv/video/7621442575928528129?commentId=7621576491964941063,scraping_tiktok,_l1n9_83_,seandai nya bs balik ke djp online lg 😭😭😭
7621576263954563861,2026-03-26T14:48:40.000Z,0,https://www.tiktok.com/@liputan6.sctv/video/7621442575928528129,https://www.tiktok.com/@liputan6.sctv/video/7621442575928528129?commentId=7621576263954563861,scraping_tiktok,fredibelekubun,setuju
7621575909024514836,2026-03-26T14:47:19.000Z,0,https://www.tiktok.com/@liputan6.sctv/video/7621442575928528129,https://www.tiktok.com/@liputan6.sctv/video/7621442575928528129?commentId=7621575909024514836,scraping_tiktok,goojun93,"sehat2 Pak, demi Indonesia maju 🙏"
7621577984457048850,2026-03-26T14:55:15.000Z,0,https://www.tiktok.com/@liputan6.sctv/video/7621442575928528129,https://www.tiktok.com/@liputan6.sctv/video/7621442575928528129?commentId=7621577984457048850,scraping_tiktok,icevanillass_,@. Lieur emang😭
7621575474455724808,2026-03-26T14:45:30.000Z,0,https://www.tiktok.com/@liputan6.sctv/video/7621442575928528129,https://www.tiktok.com/@liputan6.sctv/video/7621442575928528129?commentId=7621575474455724808,scraping_tiktok,vhevayuu,"kita yg byar pajak tpi kita jg yg lapor pajak kita, sebenarnya mereka krj apa sih"
7621575411219137288,2026-03-26T14:45:20.000Z,0,https://www.tiktok.com/@liputan6.sctv/video/7621442575928528129,https://www.tiktok.com/@liputan6.sctv/video/7621442575928528129?commentId=7621575411219137288,scraping_tiktok,evan_tokk,knp ngga pakai yg lama di perbarui saja kelengkapan yg kurang.. coretax rumit bgt.. saya bukan lulusan ekonomi dan akuntan pak
7621575415287317266,2026-03-26T14:45:16.000Z,0,https://www.tiktok.com/@liputan6.sctv/video/7621442575928528129,https://www.tiktok.com/@liputan6.sctv/video/7621442575928528129?commentId=7621575415287317266,scraping_tiktok,warnawarniduni,bener pak. mau lapor pajak aja koq ribet.
7621575355309032213,2026-03-26T14:45:09.000Z,0,https://www.tiktok.com/@liputan6.sctv/video/7621442575928528129,https://www.tiktok.com/@liputan6.sctv/video/7621442575928528129?commentId=7621575355309032213,scraping_tiktok,bibimbubumbambam,emg app sampah anak magang juga bisa bikin kaya coretax malah lebih bagus
7621575306805592839,2026-03-26T14:44:51.000Z,0,https://www.tiktok.com/@liputan6.sctv/video/7621442575928528129,https://www.tiktok.com/@liputan6.sctv/video/7621442575928528129?commentId=7621575306805592839,scraping_tiktok,lavanya_tavisha,bentar2 off kesel muter2 aja
7621575278628209429,2026-03-26T14:44:49.000Z,0,https://www.tiktok.com/@liputan6.sctv/video/7621442575928528129,https://www.tiktok.com/@liputan6.sctv/video/7621442575928528129?commentId=7621575278628209429,scraping_tiktok,007thekingsman,"dibuat sulit, biar kena denda"
7621574840156701458,2026-03-26T14:43:04.000Z,0,https://www.tiktok.com/@liputan6.sctv/video/7621442575928528129,https://www.tiktok.com/@liputan6.sctv/video/7621442575928528129?commentId=7621574840156701458,scraping_tiktok,brianaxel03,"Bayar lebih, kurang bayar. ribet supaya jd Nihil😭"
7621574749894345492,2026-03-26T14:42:46.000Z,0,https://www.tiktok.com/@liputan6.sctv/video/7621442575928528129,https://www.tiktok.com/@liputan6.sctv/video/7621442575928528129?commentId=7621574749894345492,scraping_tiktok,tilugroup,"dibikin susah biar
1. konsultan pajak dpt cuan (konsultan jg byk dr oknum peg kpp pratama)
2. AR² nya bs kasih itungan yg menjebak"
7621580327497483016,2026-03-26T15:04:23.000Z,0,https://www.tiktok.com/@liputan6.sctv/video/7621442575928528129,https://www.tiktok.com/@liputan6.sctv/video/7621442575928528129?commentId=7621580327497483016,scraping_tiktok,hosewedaputra,Masih sering error saat detik detik krusial
7621540618603053844,2026-03-26T12:30:19.000Z,0,https://www.tiktok.com/@liputan6.sctv/video/7621442575928528129,https://www.tiktok.com/@liputan6.sctv/video/7621442575928528129?commentId=7621540618603053844,scraping_tiktok,wongdeso_ae,klw bisa langsung otomatis pendapatan berapa langsung kena pajak berapa di potong otomatis
7621541176491655957,2026-03-26T12:32:30.000Z,0,https://www.tiktok.com/@liputan6.sctv/video/7621442575928528129,https://www.tiktok.com/@liputan6.sctv/video/7621442575928528129?commentId=7621541176491655957,scraping_tiktok,ummiyuliana01,"BENER BANGET, RIBET GA JELAS"
7621541592696652565,2026-03-26T12:34:06.000Z,0,https://www.tiktok.com/@liputan6.sctv/video/7621442575928528129,https://www.tiktok.com/@liputan6.sctv/video/7621442575928528129?commentId=7621541592696652565,scraping_tiktok,nasipadangberotot,"ubahlagi coretax nya pake golang react vite pak backend fronend, nya netcore angulat itu berat ."
7621574106489029383,2026-03-26T14:40:16.000Z,0,https://www.tiktok.com/@liputan6.sctv/video/7621442575928528129,https://www.tiktok.com/@liputan6.sctv/video/7621442575928528129?commentId=7621574106489029383,scraping_tiktok,romachan_02,"Coretax lagi, muak kali dahh. Disuruh lapor pajak malah di buat ribett, merasa dipersulit banget 😒"
7621574031414035218,2026-03-26T14:39:54.000Z,0,https://www.tiktok.com/@liputan6.sctv/video/7621442575928528129,https://www.tiktok.com/@liputan6.sctv/video/7621442575928528129?commentId=7621574031414035218,scraping_tiktok,ade222890wnw,Kurusan
7621541860708074260,2026-03-26T12:35:07.000Z,0,https://www.tiktok.com/@liputan6.sctv/video/7621442575928528129,https://www.tiktok.com/@liputan6.sctv/video/7621442575928528129?commentId=7621541860708074260,scraping_tiktok,aganpede,coretaxe mudah kok
7623046785690534676,2026-03-30T13:54:58.000Z,0,https://www.tiktok.com/@liputan6.sctv/video/7621442575928528129,https://www.tiktok.com/@liputan6.sctv/video/7621442575928528129?commentId=7623046785690534676,scraping_tiktok,dailydose0333,musingin deh
7621573724521399047,2026-03-26T14:38:43.000Z,0,https://www.tiktok.com/@liputan6.sctv/video/7621442575928528129,https://www.tiktok.com/@liputan6.sctv/video/7621442575928528129?commentId=7621573724521399047,scraping_tiktok,vey_291,pak Pur sampe kurusan😭
7621579210586489621,2026-03-26T15:00:01.000Z,0,https://www.tiktok.com/@liputan6.sctv/video/7621442575928528129,https://www.tiktok.com/@liputan6.sctv/video/7621442575928528129?commentId=7621579210586489621,scraping_tiktok,_capungg,"Sudah kita yang bayar pajak, kita yang laporan tahunan, malah di peribet pula lagi.(mana ada pengalaman tdk mengenakkan yang dialami temanku, grgr dia bingung laporan tahunan nya pke website, akhirnya dia ke kntor pajak, pas disana pegawai pajaknya judesnya minta ampun). Hufttttt, gini banget tinggal di konoha"
7621581303187538709,2026-03-26T15:08:08.000Z,0,https://www.tiktok.com/@liputan6.sctv/video/7621442575928528129,https://www.tiktok.com/@liputan6.sctv/video/7621442575928528129?commentId=7621581303187538709,scraping_tiktok,floraaaaabrown,Pusinggggg
7621580721967219463,2026-03-26T15:05:54.000Z,0,https://www.tiktok.com/@liputan6.sctv/video/7621442575928528129,https://www.tiktok.com/@liputan6.sctv/video/7621442575928528129?commentId=7621580721967219463,scraping_tiktok,fildzrra,SETUJU😭
7621580712541504272,2026-03-26T15:05:52.000Z,0,https://www.tiktok.com/@liputan6.sctv/video/7621442575928528129,https://www.tiktok.com/@liputan6.sctv/video/7621442575928528129?commentId=7621580712541504272,scraping_tiktok,ashiracba,"SPT d buat singkat padat dan jelas aja gak sihh.. kek ak ini mo lapor tp ko mls karena bingungg mo ngisii harus mikir kek mo ujian terlalu bnyk yg hrus isi, blm yg gak d paham bnyk yg hrus d skip tp mau tanya k siapa. 😳"
7621580178766775058,2026-03-26T15:03:47.000Z,0,https://www.tiktok.com/@liputan6.sctv/video/7621442575928528129,https://www.tiktok.com/@liputan6.sctv/video/7621442575928528129?commentId=7621580178766775058,scraping_tiktok,abdul.rahman561,baru nyadar
7621580080687301384,2026-03-26T15:03:23.000Z,0,https://www.tiktok.com/@liputan6.sctv/video/7621442575928528129,https://www.tiktok.com/@liputan6.sctv/video/7621442575928528129?commentId=7621580080687301384,scraping_tiktok,giar93,bak sya antri cortex ampe berjam2 ratysan orang cba ngantri
7621540694733996821,2026-03-26T12:30:38.000Z,0,https://www.tiktok.com/@liputan6.sctv/video/7621442575928528129,https://www.tiktok.com/@liputan6.sctv/video/7621442575928528129?commentId=7621540694733996821,scraping_tiktok,drjn91,"asli sy ga lapor pajak semenjak ada coretax, jd ribet gagal"
7621579673750897426,2026-03-26T15:01:47.000Z,0,https://www.tiktok.com/@liputan6.sctv/video/7621442575928528129,https://www.tiktok.com/@liputan6.sctv/video/7621442575928528129?commentId=7621579673750897426,scraping_tiktok,uistev,dan sd tgl segini aku blm bisa lapor spt..hadehhhhhh..tulunggggg
7621579566536983304,2026-03-26T15:01:24.000Z,0,https://www.tiktok.com/@liputan6.sctv/video/7621442575928528129,https://www.tiktok.com/@liputan6.sctv/video/7621442575928528129?commentId=7621579566536983304,scraping_tiktok,anneth3571,[Sticker] oww hangat hangat
7621579204241277717,2026-03-26T15:00:06.000Z,0,https://www.tiktok.com/@liputan6.sctv/video/7621442575928528129,https://www.tiktok.com/@liputan6.sctv/video/7621442575928528129?commentId=7621579204241277717,scraping_tiktok,schattenwesley,banyak modus oenipuan online terkait cortex
7621579206422266645,2026-03-26T15:00:05.000Z,0,https://www.tiktok.com/@liputan6.sctv/video/7621442575928528129,https://www.tiktok.com/@liputan6.sctv/video/7621442575928528129?commentId=7621579206422266645,scraping_tiktok,janternp,"Kemana aja selama ini pak Purba, itu kan sudah kendala lama yg sering dikeluhkan. sblm nya dg Pede bisa benerin dalam waktu cepat."
7621579023223309063,2026-03-26T14:59:19.000Z,0,https://www.tiktok.com/@liputan6.sctv/video/7621442575928528129,https://www.tiktok.com/@liputan6.sctv/video/7621442575928528129?commentId=7621579023223309063,scraping_tiktok,5onindulgence,asli ribet nginputnya
7621540986599113490,2026-03-26T12:31:45.000Z,0,https://www.tiktok.com/@liputan6.sctv/video/7621442575928528129,https://www.tiktok.com/@liputan6.sctv/video/7621442575928528129?commentId=7621540986599113490,scraping_tiktok,sukaakopii7,🤣 benerrr lho pak bikin bingung....
7621578323042796296,2026-03-26T14:56:35.000Z,0,https://www.tiktok.com/@liputan6.sctv/video/7621442575928528129,https://www.tiktok.com/@liputan6.sctv/video/7621442575928528129?commentId=7621578323042796296,scraping_tiktok,primiitime,Pusing dah pak purbaya wwkk 😂 skrg pusng pikirin design ekwk
7621541000951792385,2026-03-26T12:31:47.000Z,0,https://www.tiktok.com/@liputan6.sctv/video/7621442575928528129,https://www.tiktok.com/@liputan6.sctv/video/7621442575928528129?commentId=7621541000951792385,scraping_tiktok,happyandfun11,Bgusan swasta ketimbng pemerintah
7621466126891057941,2026-03-26T07:41:09.000Z,0,https://www.tiktok.com/@liputan6.sctv/video/7621442575928528129,https://www.tiktok.com/@liputan6.sctv/video/7621442575928528129?commentId=7621466126891057941,scraping_tiktok,jericho.jayakusum,"Perangkat lunak kurang mendukung tp biaya nya ngerik bgt..🤣😂🤣, yg gampang dibuat susah di konoha ini.."
7621465304430560020,2026-03-26T07:38:00.000Z,0,https://www.tiktok.com/@liputan6.sctv/video/7621442575928528129,https://www.tiktok.com/@liputan6.sctv/video/7621442575928528129?commentId=7621465304430560020,scraping_tiktok,webseoferdian,RIBET ! Coretai
7621465381042914068,2026-03-26T07:38:15.000Z,0,https://www.tiktok.com/@liputan6.sctv/video/7621442575928528129,https://www.tiktok.com/@liputan6.sctv/video/7621442575928528129?commentId=7621465381042914068,scraping_tiktok,kuntomarbot,"soal pajak kendaraan juga gak sih, ayo ayo kita bahas. pajak kendaraan juga ribet bgt, apalagi urusan pembaharuan TNKB 😁😁"
7621465480280769301,2026-03-26T07:38:40.000Z,0,https://www.tiktok.com/@liputan6.sctv/video/7621442575928528129,https://www.tiktok.com/@liputan6.sctv/video/7621442575928528129?commentId=7621465480280769301,scraping_tiktok,sanditia05,hahahaaaaa
7621465571733652244,2026-03-26T07:39:03.000Z,0,https://www.tiktok.com/@liputan6.sctv/video/7621442575928528129,https://www.tiktok.com/@liputan6.sctv/video/7621442575928528129?commentId=7621465571733652244,scraping_tiktok,coralcrimehunter,Web mahal ui ux sampah
7621465709281821456,2026-03-26T07:39:38.000Z,0,https://www.tiktok.com/@liputan6.sctv/video/7621442575928528129,https://www.tiktok.com/@liputan6.sctv/video/7621442575928528129?commentId=7621465709281821456,scraping_tiktok,pejalansantuy7,"Terlalu ribet udah pake DJP malah pindah ke coretex, kelemahan nya udah tau kita yg bayar kenapa kita juga yg harus lapor — ahhhhhh 😂🤣"
7621465897068856085,2026-03-26T07:40:17.000Z,0,https://www.tiktok.com/@liputan6.sctv/video/7621442575928528129,https://www.tiktok.com/@liputan6.sctv/video/7621442575928528129?commentId=7621465897068856085,scraping_tiktok,yowisikilo,Coretax ini aplikasi buat yang paham bukan untk masyarakat umum.
7621466248819344145,2026-03-26T07:41:38.000Z,0,https://www.tiktok.com/@liputan6.sctv/video/7621442575928528129,https://www.tiktok.com/@liputan6.sctv/video/7621442575928528129?commentId=7621466248819344145,scraping_tiktok,ekahimura,pusing pak
7621466334854136577,2026-03-26T07:42:02.000Z,0,https://www.tiktok.com/@liputan6.sctv/video/7621442575928528129,https://www.tiktok.com/@liputan6.sctv/video/7621442575928528129?commentId=7621466334854136577,scraping_tiktok,amangjualbeli,gas terus pak purrrr sampe beres
7621466405644780289,2026-03-26T07:42:17.000Z,0,https://www.tiktok.com/@liputan6.sctv/video/7621442575928528129,https://www.tiktok.com/@liputan6.sctv/video/7621442575928528129?commentId=7621466405644780289,scraping_tiktok,77ands,program bikin susah wp.duit pajak nya mau tapi di buat susah.
7621466481826546433,2026-03-26T07:42:35.000Z,0,https://www.tiktok.com/@liputan6.sctv/video/7621442575928528129,https://www.tiktok.com/@liputan6.sctv/video/7621442575928528129?commentId=7621466481826546433,scraping_tiktok,kakaks.adiks,"semangat pak purbaya,demi negara dan rakyat ..
Tapi kasihan ya lihat pak pyr,rada kurusan sekarang ya,sangking beratnya tugas,..
harusnya gaji yang naik pejabat atau mentri sepeti beliaulah yang pantas dianikin gajinya,bukan DPR yang malah otak atik UUD ubah sesuka hati seauai keperluan partainya,Merusak nama rakyat aja .
semanagt pak pur😊"
7621908114611536648,2026-03-27T12:16:23.000Z,0,https://www.tiktok.com/@liputan6.sctv/video/7621442575928528129,https://www.tiktok.com/@liputan6.sctv/video/7621442575928528129?commentId=7621908114611536648,scraping_tiktok,wohidisaputra,nggak bisa kah dibuat 1 halaman aja untuk lapor pajak. buat dengan sesederhana mungkin jgn buat masyarakat tambah bingung bos
7621909935560065812,2026-03-27T12:23:30.000Z,0,https://www.tiktok.com/@liputan6.sctv/video/7621442575928528129,https://www.tiktok.com/@liputan6.sctv/video/7621442575928528129?commentId=7621909935560065812,scraping_tiktok,budug061,"pak Purbaya, Bapak kan sdh tau banyak perusahaan yg manipulasi PpH dan PPn.
1. PPh: Gaji 100juta, lapor 10juta. Apa langkah bapak untuk cross check hal ini.
2. PPn: saya beli misal kuliner, kena ppn, lalu apakah ppn saya disetor ke pajak? Setau saya setoran ke negara dilakukan akumulatif. Bisakah meniru Tiongkok, mengundi faktur ppn saya dalam periode tertentu. Kalau ternyata PPn saya tdk disetor mk denda perusahaan tsb 1000000x lipat dan diaudit.
Terimakasih pak"
7621910355158287111,2026-03-27T12:25:06.000Z,0,https://www.tiktok.com/@liputan6.sctv/video/7621442575928528129,https://www.tiktok.com/@liputan6.sctv/video/7621442575928528129?commentId=7621910355158287111,scraping_tiktok,ariardinata,"menurut ku sih masih okelah,malahan lebih simpel"
7621903215563686676,2026-03-27T11:57:27.000Z,0,https://www.tiktok.com/@liputan6.sctv/video/7621442575928528129,https://www.tiktok.com/@liputan6.sctv/video/7621442575928528129?commentId=7621903215563686676,scraping_tiktok,titatitukk,"Ya Allah pak, kurus banget skrg pak😭. Pak sehat2 ya pak😭😭😭"
7621912538204963592,2026-03-27T12:33:34.000Z,0,https://www.tiktok.com/@liputan6.sctv/video/7621442575928528129,https://www.tiktok.com/@liputan6.sctv/video/7621442575928528129?commentId=7621912538204963592,scraping_tiktok,umma_liza,setujahh bangettt sma pak pur ini...
7621913236233454357,2026-03-27T12:36:16.000Z,0,https://www.tiktok.com/@liputan6.sctv/video/7621442575928528129,https://www.tiktok.com/@liputan6.sctv/video/7621442575928528129?commentId=7621913236233454357,scraping_tiktok,fitri_hidayatul,betul
7621914452803306261,2026-03-27T12:40:58.000Z,0,https://www.tiktok.com/@liputan6.sctv/video/7621442575928528129,https://www.tiktok.com/@liputan6.sctv/video/7621442575928528129?commentId=7621914452803306261,scraping_tiktok,aldi_campay,"aku sih sampai sekarang masih aman sih, emang waktu awal2 agak ribet tapi klw udah terbiasa udah gampang, sama kayak djp dulu, awalnya ribet akhirnya terbiasa, asal jgn ganti2 mulu aplikasinya, penyesuaian lagi dari awal😩"
7621914813665886984,2026-03-27T12:42:28.000Z,0,https://www.tiktok.com/@liputan6.sctv/video/7621442575928528129,https://www.tiktok.com/@liputan6.sctv/video/7621442575928528129?commentId=7621914813665886984,scraping_tiktok,sellyseungsaka,menurut saya coretax bagus....lapor lebih gampang karena e bupot lgsg masuk ga perlu minta2 ebupot dr pihak yg motong yg kadang ga dikirim2
7621918288944349972,2026-03-27T12:55:55.000Z,0,https://www.tiktok.com/@liputan6.sctv/video/7621442575928528129,https://www.tiktok.com/@liputan6.sctv/video/7621442575928528129?commentId=7621918288944349972,scraping_tiktok,ipeehh____6,pengajuan non aktip npwp dr sblm lebaran smpe skrg blm ada perubahan
7621918962402001681,2026-03-27T12:58:26.000Z,0,https://www.tiktok.com/@liputan6.sctv/video/7621442575928528129,https://www.tiktok.com/@liputan6.sctv/video/7621442575928528129?commentId=7621918962402001681,scraping_tiktok,dellaea02,"ya Allah pak, bapak sadar juga kan,..😭😭 sya smpai pergi ke kantor pajak pak minta tolong SMA mereka, nah udh selesai ada masalah lainnya, malah saya disuruh urus sndiri 😭😭 jdi utk apa mereka bekerja dikantor pajak kalau sya yg oon ini disuruh utak Atik cortex"
7621919398261228296,2026-03-27T13:00:08.000Z,0,https://www.tiktok.com/@liputan6.sctv/video/7621442575928528129,https://www.tiktok.com/@liputan6.sctv/video/7621442575928528129?commentId=7621919398261228296,scraping_tiktok,macfluet,"Yuk sini aku bantu pengisian, sampek selesai guys😁"
7621919671939466004,2026-03-27T13:01:12.000Z,0,https://www.tiktok.com/@liputan6.sctv/video/7621442575928528129,https://www.tiktok.com/@liputan6.sctv/video/7621442575928528129?commentId=7621919671939466004,scraping_tiktok,romadondiki,"oh ternyata di buat untuk itu, titipan😂"
7621902845859988244,2026-03-27T11:55:55.000Z,0,https://www.tiktok.com/@liputan6.sctv/video/7621442575928528129,https://www.tiktok.com/@liputan6.sctv/video/7621442575928528129?commentId=7621902845859988244,scraping_tiktok,carameltyz,"Untung gw selalu dikasih kemudahan kalo lagi ngerjain coretax orang2, lancar2 aja sampe semuanya kelar. Thanks to coretax, berkatmu aku jadi joki coretax 😭"
7621899612228911880,2026-03-27T11:43:22.000Z,0,https://www.tiktok.com/@liputan6.sctv/video/7621442575928528129,https://www.tiktok.com/@liputan6.sctv/video/7621442575928528129?commentId=7621899612228911880,scraping_tiktok,putriindahlestari994,"iya pak, pusing saya.
mana guru sekolah juga dapat tugas ngurusin coretax. hadehh perasaan kerjaan kok double2 😳"
7621898886332728081,2026-03-27T11:40:34.000Z,0,https://www.tiktok.com/@liputan6.sctv/video/7621442575928528129,https://www.tiktok.com/@liputan6.sctv/video/7621442575928528129?commentId=7621898886332728081,scraping_tiktok,mastinusmotovlog,"bahasa yg digunakan terlalu ""keuangan"". Bagi pengusaha yang gak kuliah pun bingung, bahkan petani aja juga bingung dengan bahasa yg terlalu teknis banget. Sehingga kayak ujian malah. Seharusnya apa yg tertampil di masyarakat awam itu adalah bahasa pasar biasa aja, tinggal si programner nya mengubah isi kolom itu masuk ke database bahasa keuangan.
Hilangkan kata kata seperti netto bruto atau apalah itu. Gak paham. Kita mah pahamnya untung bersih, untung kotor, dll"
7621898497160315664,2026-03-27T11:39:06.000Z,0,https://www.tiktok.com/@liputan6.sctv/video/7621442575928528129,https://www.tiktok.com/@liputan6.sctv/video/7621442575928528129?commentId=7621898497160315664,scraping_tiktok,eireineiren,tim yg ngak mau ribet. langsung ke kantor pajak ngurus SPT. ngak smpe 5 menit da kelar 😂
7621897634112865032,2026-03-27T11:35:44.000Z,0,https://www.tiktok.com/@liputan6.sctv/video/7621442575928528129,https://www.tiktok.com/@liputan6.sctv/video/7621442575928528129?commentId=7621897634112865032,scraping_tiktok,sweetgvrl____,Baru berhasil setelah sebulan w diemin karena males dan ribet 🤣
7621896926367695637,2026-03-27T11:32:59.000Z,0,https://www.tiktok.com/@liputan6.sctv/video/7621442575928528129,https://www.tiktok.com/@liputan6.sctv/video/7621442575928528129?commentId=7621896926367695637,scraping_tiktok,mangaspri,"Gw males aja, mending denda. Bodo amat"
7621895298928329490,2026-03-27T11:26:40.000Z,0,https://www.tiktok.com/@liputan6.sctv/video/7621442575928528129,https://www.tiktok.com/@liputan6.sctv/video/7621442575928528129?commentId=7621895298928329490,scraping_tiktok,kayaya0i,"iy pak bikin bingung susah amat ribettt, kita yg di potong kita yg ribet"
7621894878830134024,2026-03-27T11:24:59.000Z,0,https://www.tiktok.com/@liputan6.sctv/video/7621442575928528129,https://www.tiktok.com/@liputan6.sctv/video/7621442575928528129?commentId=7621894878830134024,scraping_tiktok,kohoncuga,"pak sehat terus pak, rakyat msh membutuhkan bapak🥺"
7621893729629438741,2026-03-27T11:20:40.000Z,0,https://www.tiktok.com/@liputan6.sctv/video/7621442575928528129,https://www.tiktok.com/@liputan6.sctv/video/7621442575928528129?commentId=7621893729629438741,scraping_tiktok,joger079,"duit gw suruh byr gw sendiri trs aplikasi ribet, trs org pajak kerjanya apa bikin aplikaai ribet doang gt."
7621893396139623189,2026-03-27T11:19:17.000Z,0,https://www.tiktok.com/@liputan6.sctv/video/7621442575928528129,https://www.tiktok.com/@liputan6.sctv/video/7621442575928528129?commentId=7621893396139623189,scraping_tiktok,s.p.s.s.p.s,😂😂😂
7621891897497518866,2026-03-27T11:13:25.000Z,0,https://www.tiktok.com/@liputan6.sctv/video/7621442575928528129,https://www.tiktok.com/@liputan6.sctv/video/7621442575928528129?commentId=7621891897497518866,scraping_tiktok,noname976523,Iya pak ribet bgt isinya bikin org makin males lapor sptnjd jgn salahin rakyat malas lapor spt
7621890810163151624,2026-03-27T11:09:16.000Z,0,https://www.tiktok.com/@liputan6.sctv/video/7621442575928528129,https://www.tiktok.com/@liputan6.sctv/video/7621442575928528129?commentId=7621890810163151624,scraping_tiktok,pung_1246,sehat selalu pak Purbaya.. ya Alloh kasian jadi kurus
7621890360797266689,2026-03-27T11:07:34.000Z,0,https://www.tiktok.com/@liputan6.sctv/video/7621442575928528129,https://www.tiktok.com/@liputan6.sctv/video/7621442575928528129?commentId=7621890360797266689,scraping_tiktok,firmansyahfirmans083,Pak Menkeu kurusan
7621890121218343698,2026-03-27T11:06:32.000Z,0,https://www.tiktok.com/@liputan6.sctv/video/7621442575928528129,https://www.tiktok.com/@liputan6.sctv/video/7621442575928528129?commentId=7621890121218343698,scraping_tiktok,biyung121,Menurut saya lebih mudah djp coretax daripada yg sebelumnya djp online
7621887905337754386,2026-03-27T10:57:54.000Z,0,https://www.tiktok.com/@liputan6.sctv/video/7621442575928528129,https://www.tiktok.com/@liputan6.sctv/video/7621442575928528129?commentId=7621887905337754386,scraping_tiktok,hartothamrin,bukan cuma bikin bingung tapi bikin stress kalo gak kuat bisa gila gara2 cara ngisinya dianggap semua wp pinter isinya.
7621939151739011856,2026-03-27T14:16:47.000Z,0,https://www.tiktok.com/@liputan6.sctv/video/7621442575928528129,https://www.tiktok.com/@liputan6.sctv/video/7621442575928528129?commentId=7621939151739011856,scraping_tiktok,nadhirafashion93,bru brp bulan pak pur muka y dh beda😢
7621961534671061767,2026-03-27T15:43:36.000Z,0,https://www.tiktok.com/@liputan6.sctv/video/7621442575928528129,https://www.tiktok.com/@liputan6.sctv/video/7621442575928528129?commentId=7621961534671061767,scraping_tiktok,karthashop,Maksudnya PJAP mgkn ya?
7621960758419997458,2026-03-27T15:40:43.000Z,0,https://www.tiktok.com/@liputan6.sctv/video/7621442575928528129,https://www.tiktok.com/@liputan6.sctv/video/7621442575928528129?commentId=7621960758419997458,scraping_tiktok,makam.keristen,berarti ada mafia juga pak
7622090234918699792,2026-03-28T00:03:24.000Z,0,https://www.tiktok.com/@liputan6.sctv/video/7621442575928528129,https://www.tiktok.com/@liputan6.sctv/video/7621442575928528129?commentId=7622090234918699792,scraping_tiktok,thunasgemilang,"kita yg mau lapor...kita yg mau bayar... pusing,udah bayar konsultan pajak..kita kena bodoh2in konsultan,
kurang bayar ini kurang bayar ini..
akhirnya
bodo amat ..tak perlu lapor2
mending tutup PTnya dari pada pusing...
lebih besar bayar pajak dari pada ke untungan"
7623267268579607316,2026-03-31T04:10:43.000Z,0,https://www.tiktok.com/@liputan6.sctv/video/7621442575928528129,https://www.tiktok.com/@liputan6.sctv/video/7621442575928528129?commentId=7623267268579607316,scraping_tiktok,mantemans89,"asli bikin lieurr pak,,tolong di permudah lagi"
7623265669249696533,2026-03-31T04:04:33.000Z,0,https://www.tiktok.com/@liputan6.sctv/video/7621442575928528129,https://www.tiktok.com/@liputan6.sctv/video/7621442575928528129?commentId=7623265669249696533,scraping_tiktok,kr02822,gw bilang di indonesia gak ada yg instan di buat ribet biar org org pd males mikir
7623259757504447250,2026-03-31T03:41:33.000Z,0,https://www.tiktok.com/@liputan6.sctv/video/7621442575928528129,https://www.tiktok.com/@liputan6.sctv/video/7621442575928528129?commentId=7623259757504447250,scraping_tiktok,kenzo.kenken,betul bermasalah dan sulit dipakai..saya coba gagal terus
7623256763345601301,2026-03-31T03:29:57.000Z,0,https://www.tiktok.com/@liputan6.sctv/video/7621442575928528129,https://www.tiktok.com/@liputan6.sctv/video/7621442575928528129?commentId=7623256763345601301,scraping_tiktok,panggilaja.nok,Gajelas
7621608500351976210,2026-03-26T16:53:44.000Z,0,https://www.tiktok.com/@liputan6.sctv/video/7621442575928528129,https://www.tiktok.com/@liputan6.sctv/video/7621442575928528129?commentId=7621608500351976210,scraping_tiktok,simsuna01,"Banyak program pemerintah diterapkan sebelum benar-benar matang dan teruji. Akibatnya sering muncul kesulitan dan gesekan di masyarakat, seperti pada kebijakan vaksin, kendaraan listrik, dan program lainnya. Kondisi ini menimbulkan kesan seolah ada sesuatu yang harus segera dikejar, bahkan memunculkan dugaan bahwa tidak semua hal disampaikan secara terbuka kepada publik.”
termasuk cortek ini"
7621538054084477713,2026-03-26T12:20:30.000Z,0,https://www.tiktok.com/@liputan6.sctv/video/7621442575928528129,https://www.tiktok.com/@liputan6.sctv/video/7621442575928528129?commentId=7621538054084477713,scraping_tiktok,peaceminusone_21,banget ribet...yg simple aja knp sih..
7621538285567574792,2026-03-26T12:21:14.000Z,0,https://www.tiktok.com/@liputan6.sctv/video/7621442575928528129,https://www.tiktok.com/@liputan6.sctv/video/7621442575928528129?commentId=7621538285567574792,scraping_tiktok,dex191619,"ribet memang, harus diperbaiki terus. sebab kalau ngurus nya ke petugas pajak, selalu dikadalin terus. ujung2 nya petugas pajak minta jatah, gak sedikit pula."
7621538506540466952,2026-03-26T12:22:04.000Z,0,https://www.tiktok.com/@liputan6.sctv/video/7621442575928528129,https://www.tiktok.com/@liputan6.sctv/video/7621442575928528129?commentId=7621538506540466952,scraping_tiktok,momet20_,"padahal pajaknya udah di potong otomatis kan dari gaji pokok, ngapa laporannya ga otomatis juga? giliran potong2 gaji aja kalian gampangkan, pelaporannya di persulit 🤪"
7621538508109431568,2026-03-26T12:22:09.000Z,0,https://www.tiktok.com/@liputan6.sctv/video/7621442575928528129,https://www.tiktok.com/@liputan6.sctv/video/7621442575928528129?commentId=7621538508109431568,scraping_tiktok,umi.nabilah1,"yg kesulitan bisa nyari2 tutorial di youtube lapor spt, ada masalh bsa tnya tiktok .
banyak konten2 yg bisa bantu .."
7621613135421670152,2026-03-26T17:11:41.000Z,0,https://www.tiktok.com/@liputan6.sctv/video/7621442575928528129,https://www.tiktok.com/@liputan6.sctv/video/7621442575928528129?commentId=7621613135421670152,scraping_tiktok,user1054035173816,"terlalu banyak fitur yg sebenernya nggak dibutuhin buat informasi, contoh nya pas dokumen saya, untuk bisa tahu dokumen itu dari siapa, batal atau tidak, pembetulan atau normal harus unduh dulu, sedangkan yg dijadikan informasi di depan ntah apa.
bayangin aja lapor SPT tahunan harus cek bukpot Satu satu karna pas di posting banyak bukpot orang lain masuk jadi harus cross check ulang."
7621538609750180626,2026-03-26T12:22:31.000Z,0,https://www.tiktok.com/@liputan6.sctv/video/7621442575928528129,https://www.tiktok.com/@liputan6.sctv/video/7621442575928528129?commentId=7621538609750180626,scraping_tiktok,dudidudid,pak Pur kenapaa 😭😭😭
7621612378534544135,2026-03-26T17:08:42.000Z,0,https://www.tiktok.com/@liputan6.sctv/video/7621442575928528129,https://www.tiktok.com/@liputan6.sctv/video/7621442575928528129?commentId=7621612378534544135,scraping_tiktok,ilhamsrg_,musingin
7621611916557222674,2026-03-26T17:06:56.000Z,0,https://www.tiktok.com/@liputan6.sctv/video/7621442575928528129,https://www.tiktok.com/@liputan6.sctv/video/7621442575928528129?commentId=7621611916557222674,scraping_tiktok,lapchiong_99,"Saya sampe ke kantor pajak, minta cs isiiinnn 🤣🤣🤣🤣"
7621610131537560328,2026-03-26T17:00:04.000Z,0,https://www.tiktok.com/@liputan6.sctv/video/7621442575928528129,https://www.tiktok.com/@liputan6.sctv/video/7621442575928528129?commentId=7621610131537560328,scraping_tiktok,dessyariany02,lebih enak eform SPT tahun lalu 😌
7621841527626662674,2026-03-27T07:57:56.000Z,0,https://www.tiktok.com/@liputan6.sctv/video/7621442575928528129,https://www.tiktok.com/@liputan6.sctv/video/7621442575928528129?commentId=7621841527626662674,scraping_tiktok,user6124776961846,"sudah bayar pajak
masih harus diribetin lapor lg"
7621841362400609032,2026-03-27T07:57:20.000Z,0,https://www.tiktok.com/@liputan6.sctv/video/7621442575928528129,https://www.tiktok.com/@liputan6.sctv/video/7621442575928528129?commentId=7621841362400609032,scraping_tiktok,user6124776961846,"terlalu ribet, pak"
7621840907328193301,2026-03-27T07:55:42.000Z,0,https://www.tiktok.com/@liputan6.sctv/video/7621442575928528129,https://www.tiktok.com/@liputan6.sctv/video/7621442575928528129?commentId=7621840907328193301,scraping_tiktok,emyfaish,sehat terus pak Pur. jarang ada yg terus terang eror masalah sistem pajak. dari aplikasi lama jg kayak gini. bnyk bugs nya
7621840255272682248,2026-03-27T07:53:03.000Z,0,https://www.tiktok.com/@liputan6.sctv/video/7621442575928528129,https://www.tiktok.com/@liputan6.sctv/video/7621442575928528129?commentId=7621840255272682248,scraping_tiktok,alyaa_4415,"nah bpk tau, ribet ga bisa2, dah byr pajak diribetin lagi cara ngelapornya😁"
7621840100670784274,2026-03-27T07:52:30.000Z,0,https://www.tiktok.com/@liputan6.sctv/video/7621442575928528129,https://www.tiktok.com/@liputan6.sctv/video/7621442575928528129?commentId=7621840100670784274,scraping_tiktok,afdhal.muhammad5,bingung dengan pajak. dibuat lebih mudah lah. kita masih gaptek
7621830536689386260,2026-03-27T07:18:59.000Z,0,https://www.tiktok.com/@liputan6.sctv/video/7621442575928528129,https://www.tiktok.com/@liputan6.sctv/video/7621442575928528129?commentId=7621830536689386260,scraping_tiktok,bintangrama58,perhitungan pajk dengn simgaji taspen tidk singkron
7621831389637919506,2026-03-27T07:18:40.000Z,0,https://www.tiktok.com/@liputan6.sctv/video/7621442575928528129,https://www.tiktok.com/@liputan6.sctv/video/7621442575928528129?commentId=7621831389637919506,scraping_tiktok,zonewargmail.com,[Sticker] parah data juga bocor
7621829206322889493,2026-03-27T07:13:16.000Z,0,https://www.tiktok.com/@liputan6.sctv/video/7621442575928528129,https://www.tiktok.com/@liputan6.sctv/video/7621442575928528129?commentId=7621829206322889493,scraping_tiktok,bintangrama58,benar pak rumit sekali jadi beban bendahara suda bikin biling pajak mala mau bikin spt ditambh sistem deposit
7621824018648236817,2026-03-27T06:50:06.000Z,0,https://www.tiktok.com/@liputan6.sctv/video/7621442575928528129,https://www.tiktok.com/@liputan6.sctv/video/7621442575928528129?commentId=7621824018648236817,scraping_tiktok,amarakids.wear,Dah muak bgt sama coretax akhirnya gw rela ngantri diratusan orang demi laporan spt tahunan😭😭😭
7621822208294191893,2026-03-27T06:43:05.000Z,0,https://www.tiktok.com/@liputan6.sctv/video/7621442575928528129,https://www.tiktok.com/@liputan6.sctv/video/7621442575928528129?commentId=7621822208294191893,scraping_tiktok,jajangcobra15,"bener pisan gak simple 😅, aplikasi sampah"
7621820710491456277,2026-03-27T06:37:20.000Z,0,https://www.tiktok.com/@liputan6.sctv/video/7621442575928528129,https://www.tiktok.com/@liputan6.sctv/video/7621442575928528129?commentId=7621820710491456277,scraping_tiktok,ponks_mulyani,"iya iiih aku blm berhasil, angka y Ada yg ga munccul terkait status. d ketik manual ya kagak bisa. males sekali buat lanjutin"
7621819910755173138,2026-03-27T06:34:11.000Z,0,https://www.tiktok.com/@liputan6.sctv/video/7621442575928528129,https://www.tiktok.com/@liputan6.sctv/video/7621442575928528129?commentId=7621819910755173138,scraping_tiktok,syallom_mendrofa19,sampai skg Saya blm selesai Krn bingung ttp gagal katanya mengisi L1 😭
7621819069269263124,2026-03-27T06:31:01.000Z,0,https://www.tiktok.com/@liputan6.sctv/video/7621442575928528129,https://www.tiktok.com/@liputan6.sctv/video/7621442575928528129?commentId=7621819069269263124,scraping_tiktok,fahrizal.j,mudahkan segala urusan kami ya allah
7621815568971498261,2026-03-27T06:17:25.000Z,0,https://www.tiktok.com/@liputan6.sctv/video/7621442575928528129,https://www.tiktok.com/@liputan6.sctv/video/7621442575928528129?commentId=7621815568971498261,scraping_tiktok,supriyadiahad,programernya mengikuti kemauan pejabat konoha yg ribetnya minta ampun 🤣🤣🤣
7621814731963286290,2026-03-27T06:13:57.000Z,0,https://www.tiktok.com/@liputan6.sctv/video/7621442575928528129,https://www.tiktok.com/@liputan6.sctv/video/7621442575928528129?commentId=7621814731963286290,scraping_tiktok,meiraeee_,PLEASE PERBAIKI
7621841920486294279,2026-03-27T07:59:28.000Z,0,https://www.tiktok.com/@liputan6.sctv/video/7621442575928528129,https://www.tiktok.com/@liputan6.sctv/video/7621442575928528129?commentId=7621841920486294279,scraping_tiktok,yullsin,sehat slalu pak..panjng umur.smngt slalu..jngn kurusan pak😊🙏
7621809674787521300,2026-03-27T05:54:32.000Z,0,https://www.tiktok.com/@liputan6.sctv/video/7621442575928528129,https://www.tiktok.com/@liputan6.sctv/video/7621442575928528129?commentId=7621809674787521300,scraping_tiktok,sayidridlo,korupsi yo boss
7621807766232204052,2026-03-27T05:47:11.000Z,0,https://www.tiktok.com/@liputan6.sctv/video/7621442575928528129,https://www.tiktok.com/@liputan6.sctv/video/7621442575928528129?commentId=7621807766232204052,scraping_tiktok,cleverla8s,"anggaran nya besar Pak, perhatikan kualitas nya agar sesuai dengan budgeting"
7621807196921266961,2026-03-27T05:44:47.000Z,0,https://www.tiktok.com/@liputan6.sctv/video/7621442575928528129,https://www.tiktok.com/@liputan6.sctv/video/7621442575928528129?commentId=7621807196921266961,scraping_tiktok,raditbintangtimur,"aku aja ke kantor pajak masih ndak bisa juga malah eror sarver nya, akhirnya sia sia buang2 waktu tenaga juga 😀"
7621804827370799879,2026-03-27T05:35:36.000Z,0,https://www.tiktok.com/@liputan6.sctv/video/7621442575928528129,https://www.tiktok.com/@liputan6.sctv/video/7621442575928528129?commentId=7621804827370799879,scraping_tiktok,cendolssdawet,pak purr jadi kuyusss gt😭😭
7621804798484824839,2026-03-27T05:35:30.000Z,0,https://www.tiktok.com/@liputan6.sctv/video/7621442575928528129,https://www.tiktok.com/@liputan6.sctv/video/7621442575928528129?commentId=7621804798484824839,scraping_tiktok,alghifary766,SPT gua jg belom.. gara2 ganti coretax
7621804703294915348,2026-03-27T05:35:09.000Z,0,https://www.tiktok.com/@liputan6.sctv/video/7621442575928528129,https://www.tiktok.com/@liputan6.sctv/video/7621442575928528129?commentId=7621804703294915348,scraping_tiktok,kerrychenlai,"balikin ke djp online aja. sistemnya yang sudah teruji,
cortex tidak siap dan membingungkan banyak jebakan yg menakutkan kalangan umum.
dipaksa jalan karena proyek,
buat masyarakat terasa terbebani dan menyulitkan, bayar aja disusahkan.
pejabat dan mentrinya kayak gitu.. ya sudah.."
7621804553637692161,2026-03-27T05:34:30.000Z,0,https://www.tiktok.com/@liputan6.sctv/video/7621442575928528129,https://www.tiktok.com/@liputan6.sctv/video/7621442575928528129?commentId=7621804553637692161,scraping_tiktok,devasuryopraja,fermuk susah
7621804013093012231,2026-03-27T05:32:28.000Z,0,https://www.tiktok.com/@liputan6.sctv/video/7621442575928528129,https://www.tiktok.com/@liputan6.sctv/video/7621442575928528129?commentId=7621804013093012231,scraping_tiktok,lionitaboo,benerrrrr ribet banget. dah enak2 versi lamanya skrg dbkin makin ribet.
7621803698842485521,2026-03-27T05:31:13.000Z,0,https://www.tiktok.com/@liputan6.sctv/video/7621442575928528129,https://www.tiktok.com/@liputan6.sctv/video/7621442575928528129?commentId=7621803698842485521,scraping_tiktok,ar.sun.mo,"intinya ribet bukannya memudahkan malah bikin puyeng buat laporan spt, tolong pak perbaiki lah saya aja blm lapor SPT karena ribettttt"
7621803139431219989,2026-03-27T05:29:02.000Z,0,https://www.tiktok.com/@liputan6.sctv/video/7621442575928528129,https://www.tiktok.com/@liputan6.sctv/video/7621442575928528129?commentId=7621803139431219989,scraping_tiktok,rhmt_agst,"baru sadar,nampaknya banyak turun berat badan sehat selalu pak Purbaya🥰"
7621799087364571922,2026-03-27T05:13:17.000Z,0,https://www.tiktok.com/@liputan6.sctv/video/7621442575928528129,https://www.tiktok.com/@liputan6.sctv/video/7621442575928528129?commentId=7621799087364571922,scraping_tiktok,rasta_kartiah,"nunggu yg baru ajh lah baru lapor dpjp ajh baru udh ganti pdhal gampang ini ribet bgt, tpi kayanya bau2 ada yg baru lagi 😅"
7621797576995570452,2026-03-27T05:07:25.000Z,0,https://www.tiktok.com/@liputan6.sctv/video/7621442575928528129,https://www.tiktok.com/@liputan6.sctv/video/7621442575928528129?commentId=7621797576995570452,scraping_tiktok,oubreykung,sedang membayangkan beliau jadi dosen penguji 😭🙏
7621796153802343176,2026-03-27T05:02:01.000Z,0,https://www.tiktok.com/@liputan6.sctv/video/7621442575928528129,https://www.tiktok.com/@liputan6.sctv/video/7621442575928528129?commentId=7621796153802343176,scraping_tiktok,agustinisaputri8,"bener pak😭😭, bikin malas lapor😌"
7621795837907354388,2026-03-27T05:00:42.000Z,0,https://www.tiktok.com/@liputan6.sctv/video/7621442575928528129,https://www.tiktok.com/@liputan6.sctv/video/7621442575928528129?commentId=7621795837907354388,scraping_tiktok,hary.chandra0,"baru ini ane lapor pajak ribet bangets, sumpeh dech JD kaga ane laporin"
7621862045206315796,2026-03-27T09:17:41.000Z,0,https://www.tiktok.com/@liputan6.sctv/video/7621442575928528129,https://www.tiktok.com/@liputan6.sctv/video/7621442575928528129?commentId=7621862045206315796,scraping_tiktok,deedee.aditya,setuju pak!! enakan paka DJP Online yg lama....di Coretax Beberapa kali ngisi kurang melulu!
7621886429295182613,2026-03-27T10:52:12.000Z,0,https://www.tiktok.com/@liputan6.sctv/video/7621442575928528129,https://www.tiktok.com/@liputan6.sctv/video/7621442575928528129?commentId=7621886429295182613,scraping_tiktok,sospond,"kita bisa lapor ke kantor pajak,nanti dibantu proses nya,sy setiap lapor SPT tahun nan selalu ke kantor pajak.khawatir salah input/salah pilih dll."
7621883703261676305,2026-03-27T10:41:37.000Z,0,https://www.tiktok.com/@liputan6.sctv/video/7621442575928528129,https://www.tiktok.com/@liputan6.sctv/video/7621442575928528129?commentId=7621883703261676305,scraping_tiktok,kerajinan_kayu1,"puyeng anjeng ah,ribet amat mau lapor doang"
7621881437109551880,2026-03-27T10:32:52.000Z,0,https://www.tiktok.com/@liputan6.sctv/video/7621442575928528129,https://www.tiktok.com/@liputan6.sctv/video/7621442575928528129?commentId=7621881437109551880,scraping_tiktok,cerita.lalu0,EMANG
7621881113889112840,2026-03-27T10:31:35.000Z,0,https://www.tiktok.com/@liputan6.sctv/video/7621442575928528129,https://www.tiktok.com/@liputan6.sctv/video/7621442575928528129?commentId=7621881113889112840,scraping_tiktok,chaxrym,ampe cuti kerja buat lapor DPT
7621880873805497095,2026-03-27T10:30:38.000Z,0,https://www.tiktok.com/@liputan6.sctv/video/7621442575928528129,https://www.tiktok.com/@liputan6.sctv/video/7621442575928528129?commentId=7621880873805497095,scraping_tiktok,happytoonid,bikinan orang amatir..bukan pro
7621879527107281685,2026-03-27T10:25:30.000Z,0,https://www.tiktok.com/@liputan6.sctv/video/7621442575928528129,https://www.tiktok.com/@liputan6.sctv/video/7621442575928528129?commentId=7621879527107281685,scraping_tiktok,cikgu_rantau,"iya kan pak.. udah ngisi dengan seksama, ga tau kenapa tiba2 kurang bayar.. padahal aku anak baiq2 lho, pas ngisi juga baca doa dulu.."
7621879183345992456,2026-03-27T10:24:06.000Z,0,https://www.tiktok.com/@liputan6.sctv/video/7621442575928528129,https://www.tiktok.com/@liputan6.sctv/video/7621442575928528129?commentId=7621879183345992456,scraping_tiktok,super_kaka26,"Masyarakat seharusnya dipermudah. Masyarakat / nasabah yg dipotong pajaknya, masyarakat/nasabah pula yg melapor. Udah gitu ribet dan membingungkan lagi. emang pegawai pajak kerjaannya apa si✌️"
7621878117880431380,2026-03-27T10:20:05.000Z,0,https://www.tiktok.com/@liputan6.sctv/video/7621442575928528129,https://www.tiktok.com/@liputan6.sctv/video/7621442575928528129?commentId=7621878117880431380,scraping_tiktok,akselerasimaksimum,"akun gua ga bisa login, tiba² email di ganti, pake otp pun tetep ga bisa login, kacrut"
7621877728660767495,2026-03-27T10:18:25.000Z,0,https://www.tiktok.com/@liputan6.sctv/video/7621442575928528129,https://www.tiktok.com/@liputan6.sctv/video/7621442575928528129?commentId=7621877728660767495,scraping_tiktok,nandachute,paaak makin kurus 😭😭
7621877299105989383,2026-03-27T10:16:49.000Z,0,https://www.tiktok.com/@liputan6.sctv/video/7621442575928528129,https://www.tiktok.com/@liputan6.sctv/video/7621442575928528129?commentId=7621877299105989383,scraping_tiktok,buex08,kacau Konoha Perpajakan nya
7621871854526317333,2026-03-27T09:55:47.000Z,0,https://www.tiktok.com/@liputan6.sctv/video/7621442575928528129,https://www.tiktok.com/@liputan6.sctv/video/7621442575928528129?commentId=7621871854526317333,scraping_tiktok,barudak1252,"ia bener... makin ribet kalo mau laporan spt tahunan pakai coretax
Ribet ribet pokoknya mah"
7621870259364004626,2026-03-27T09:49:27.000Z,0,https://www.tiktok.com/@liputan6.sctv/video/7621442575928528129,https://www.tiktok.com/@liputan6.sctv/video/7621442575928528129?commentId=7621870259364004626,scraping_tiktok,muhammad_apandy,"Udah rakyat yg bayar pajak di bikin ribet lagi, terus pegawai pajak kerja nya ngapain."
7621863034806043410,2026-03-27T09:21:25.000Z,0,https://www.tiktok.com/@liputan6.sctv/video/7621442575928528129,https://www.tiktok.com/@liputan6.sctv/video/7621442575928528129?commentId=7621863034806043410,scraping_tiktok,tangsan_87,bener.... Pak.... perlu sosialisasi.... hayo para ujung tombak petugas pajak.... Bantu Bapak menteri dengan melakukan sosialisasi... kepada rakyat.... 👍👍👍👍👍
7621862739875447560,2026-03-27T09:20:20.000Z,0,https://www.tiktok.com/@liputan6.sctv/video/7621442575928528129,https://www.tiktok.com/@liputan6.sctv/video/7621442575928528129?commentId=7621862739875447560,scraping_tiktok,kumaha.nyaa._,plis lah pajak perusahaan satuin aja napa ribet bener harus ke kantor itu ke kantor ini lah.kita mau bayar tapi di bikin ribet
7621860059865580296,2026-03-27T09:09:58.000Z,0,https://www.tiktok.com/@liputan6.sctv/video/7621442575928528129,https://www.tiktok.com/@liputan6.sctv/video/7621442575928528129?commentId=7621860059865580296,scraping_tiktok,henryyang77,"kalau sudah tau itu belum layak, jangan dipaksakan pakai dl, kasihan rakyat kesulitan akses dan bolak balik ke djp, habis waktu dan biaya. jd bukan diperpanjang batasnya, tapo kembali dl ke sistem lama saja."
7621859794571936520,2026-03-27T09:08:52.000Z,0,https://www.tiktok.com/@liputan6.sctv/video/7621442575928528129,https://www.tiktok.com/@liputan6.sctv/video/7621442575928528129?commentId=7621859794571936520,scraping_tiktok,zhgftyksk,jujur ly pusing 😭
7621859478946300692,2026-03-27T09:07:40.000Z,0,https://www.tiktok.com/@liputan6.sctv/video/7621442575928528129,https://www.tiktok.com/@liputan6.sctv/video/7621442575928528129?commentId=7621859478946300692,scraping_tiktok,user1855007422428,Menteri saja dibikin bingung oleh Coretax bagaimana dgn kami rakyat jelata😭
7621858130528027413,2026-03-27T09:02:29.000Z,0,https://www.tiktok.com/@liputan6.sctv/video/7621442575928528129,https://www.tiktok.com/@liputan6.sctv/video/7621442575928528129?commentId=7621858130528027413,scraping_tiktok,libraniummm,"jujur pas pertama kali coba
yg jelasinpun bingung 😌"
7621858091189224213,2026-03-27T09:02:18.000Z,0,https://www.tiktok.com/@liputan6.sctv/video/7621442575928528129,https://www.tiktok.com/@liputan6.sctv/video/7621442575928528129?commentId=7621858091189224213,scraping_tiktok,sekalangkasa,iya buat bingung lebih baik di portal DJP kemarin
7621856483998991122,2026-03-27T08:55:58.000Z,0,https://www.tiktok.com/@liputan6.sctv/video/7621442575928528129,https://www.tiktok.com/@liputan6.sctv/video/7621442575928528129?commentId=7621856483998991122,scraping_tiktok,012sdjehynbs,siapa sih yg ngasih nama coretax.. ndak nasionalis banget
7621856180008977169,2026-03-27T08:54:59.000Z,0,https://www.tiktok.com/@liputan6.sctv/video/7621442575928528129,https://www.tiktok.com/@liputan6.sctv/video/7621442575928528129?commentId=7621856180008977169,scraping_tiktok,semutgula97,mentri yg expert aja bingung. bgimna rakyat normal kek kt ini🤣
7621856057858933511,2026-03-27T08:54:23.000Z,0,https://www.tiktok.com/@liputan6.sctv/video/7621442575928528129,https://www.tiktok.com/@liputan6.sctv/video/7621442575928528129?commentId=7621856057858933511,scraping_tiktok,karlinaaa_2,aduh gimana nich pdhl lgi tahap bikin npwp online mana sendiri pula modal tutor ytb doang pantes sekrng error 🥲
7621814048451265298,2026-03-27T06:11:21.000Z,0,https://www.tiktok.com/@liputan6.sctv/video/7621442575928528129,https://www.tiktok.com/@liputan6.sctv/video/7621442575928528129?commentId=7621814048451265298,scraping_tiktok,nizamudzaki02,😂😂 Kl yg awam butuh pemahaman yg ekstra pak
7621795474577048340,2026-03-27T04:59:26.000Z,0,https://www.tiktok.com/@liputan6.sctv/video/7621442575928528129,https://www.tiktok.com/@liputan6.sctv/video/7621442575928528129?commentId=7621795474577048340,scraping_tiktok,riaaja215,"dr pd pusing laporan SPT, lngsung ke kntor pelayanan pajak tp antrinya😂"
7621841981135848199,2026-03-27T07:59:42.000Z,0,https://www.tiktok.com/@liputan6.sctv/video/7621442575928528129,https://www.tiktok.com/@liputan6.sctv/video/7621442575928528129?commentId=7621841981135848199,scraping_tiktok,lunasha_meuna,Setuju pak...terus suka eror..dan jadi kesalahan dalam laporan retur barang...bete..
7621451625332867860,2026-03-26T06:44:56.000Z,0,https://www.tiktok.com/@liputan6.sctv/video/7621442575928528129,https://www.tiktok.com/@liputan6.sctv/video/7621442575928528129?commentId=7621451625332867860,scraping_tiktok,ayuuuuuuuuui,"apalagi.kami yg gaptek,bukan tidak.mau lapor🙏"
7621792309932245768,2026-03-27T04:47:06.000Z,0,https://www.tiktok.com/@liputan6.sctv/video/7621442575928528129,https://www.tiktok.com/@liputan6.sctv/video/7621442575928528129?commentId=7621792309932245768,scraping_tiktok,cansetiktok,😳😳😳
7621791298730820360,2026-03-27T04:43:02.000Z,0,https://www.tiktok.com/@liputan6.sctv/video/7621442575928528129,https://www.tiktok.com/@liputan6.sctv/video/7621442575928528129?commentId=7621791298730820360,scraping_tiktok,mr.warko,"bisa ga lebih mudah,repot😏😏"
7621790728046019344,2026-03-27T04:40:58.000Z,0,https://www.tiktok.com/@liputan6.sctv/video/7621442575928528129,https://www.tiktok.com/@liputan6.sctv/video/7621442575928528129?commentId=7621790728046019344,scraping_tiktok,whoam1_25,"ribet bgt, harus masukin sandi sandilah segala macem"
7621790642557289217,2026-03-27T04:40:32.000Z,0,https://www.tiktok.com/@liputan6.sctv/video/7621442575928528129,https://www.tiktok.com/@liputan6.sctv/video/7621442575928528129?commentId=7621790642557289217,scraping_tiktok,rekomendasibyaln_,"gemes bnget tiap tahun lapor spt udah bisa step by stepnya eh tiap thun lngkahny beda lgi, trs thn ini gnti pkai coretax, thun dpn gmn lg ? ribet"
7621954460215100180,2026-03-27T15:16:16.000Z,0,https://www.tiktok.com/@liputan6.sctv/video/7621442575928528129,https://www.tiktok.com/@liputan6.sctv/video/7621442575928528129?commentId=7621954460215100180,scraping_tiktok,fitraandika88,"asli bner2 ribet.. dtg ke kantor malah cuma 1 org yg nglayanin 100 org.. lawak aja.. kita yg cari kerja, kita yg kerja, kita yg capek, udah bayar pajak juga masih dibuat capek..😂😂😂"
7621522197907047175,2026-03-26T11:18:49.000Z,0,https://www.tiktok.com/@liputan6.sctv/video/7621442575928528129,https://www.tiktok.com/@liputan6.sctv/video/7621442575928528129?commentId=7621522197907047175,scraping_tiktok,pipiiw08,Bener pak
7621965631261000456,2026-03-27T15:59:31.000Z,0,https://www.tiktok.com/@liputan6.sctv/video/7621442575928528129,https://www.tiktok.com/@liputan6.sctv/video/7621442575928528129?commentId=7621965631261000456,scraping_tiktok,maha.doni,jadi coretax itu di buat agar para pekerja pajak bisa dapat cuan di luar gajinya sebagai pekerja....
7621563593549251349,2026-03-26T13:59:23.000Z,0,https://www.tiktok.com/@liputan6.sctv/video/7621442575928528129,https://www.tiktok.com/@liputan6.sctv/video/7621442575928528129?commentId=7621563593549251349,scraping_tiktok,eazysmile11,Sd sekarang ga beres-beres pemenang tendernya kenapa ga bisa digugat ya
7621541941918106389,2026-03-26T12:35:26.000Z,0,https://www.tiktok.com/@liputan6.sctv/video/7621442575928528129,https://www.tiktok.com/@liputan6.sctv/video/7621442575928528129?commentId=7621541941918106389,scraping_tiktok,nasanapek,masih bagus sistem lama
7621956629386625800,2026-03-27T15:24:34.000Z,0,https://www.tiktok.com/@liputan6.sctv/video/7621442575928528129,https://www.tiktok.com/@liputan6.sctv/video/7621442575928528129?commentId=7621956629386625800,scraping_tiktok,jeff.wjy24,asli ribet sih.. ganti pun kirim SMS tp SMS gak masuk2.. sumpah ribet bgt...
7621954455072850709,2026-03-27T15:16:15.000Z,0,https://www.tiktok.com/@liputan6.sctv/video/7621442575928528129,https://www.tiktok.com/@liputan6.sctv/video/7621442575928528129?commentId=7621954455072850709,scraping_tiktok,calvez.pride,"Tuh kan… kerjaan kita tiap taun gonta ganti aplikasi… ribetnya,,, sudah kita yang bayar, kita yang lapor pula"
7621947637322957589,2026-03-27T14:49:42.000Z,0,https://www.tiktok.com/@liputan6.sctv/video/7621442575928528129,https://www.tiktok.com/@liputan6.sctv/video/7621442575928528129?commentId=7621947637322957589,scraping_tiktok,raya_jasmine,betul
7621943956101153556,2026-03-27T14:35:32.000Z,0,https://www.tiktok.com/@liputan6.sctv/video/7621442575928528129,https://www.tiktok.com/@liputan6.sctv/video/7621442575928528129?commentId=7621943956101153556,scraping_tiktok,aghanim5,balikin ke djp aje udeh pak paling bnr
7621943510706553607,2026-03-27T14:35:03.000Z,0,https://www.tiktok.com/@liputan6.sctv/video/7621442575928528129,https://www.tiktok.com/@liputan6.sctv/video/7621442575928528129?commentId=7621943510706553607,scraping_tiktok,happyending9995,aplikasinya ribet susah dimengerti orang awam
7621943756157174546,2026-03-27T14:34:36.000Z,0,https://www.tiktok.com/@liputan6.sctv/video/7621442575928528129,https://www.tiktok.com/@liputan6.sctv/video/7621442575928528129?commentId=7621943756157174546,scraping_tiktok,tm_2615,"betul bngtt pak
kdng berubah2 tata letak dn bahasanyaaa😭"
7621942713923257108,2026-03-27T14:30:38.000Z,0,https://www.tiktok.com/@liputan6.sctv/video/7621442575928528129,https://www.tiktok.com/@liputan6.sctv/video/7621442575928528129?commentId=7621942713923257108,scraping_tiktok,jajatsetiawan720,"@Purbaya Yudhi Sadewa -Pemotongan: Berdasarkan aturan baru, pemotongan PPh 21 menggunakan TER dilakukan setiap masa pajak (Januari - November) dan dihitung ulang pada bulan Desember. Perbedaan bisa muncul jika perusahaan menghitung akumulasi pajak dari awal tahun, bukan per bulan.
-Komponen Penghasilan: Coretax memperhitungkan seluruh komponen, termasuk iuran JKK dan JKM dari pemberi kerja sebagai objek PPh 21.
pas karyawan lapor banyak yg selisih jadi kurang terus"
7621942273496859410,2026-03-27T14:28:54.000Z,0,https://www.tiktok.com/@liputan6.sctv/video/7621442575928528129,https://www.tiktok.com/@liputan6.sctv/video/7621442575928528129?commentId=7621942273496859410,scraping_tiktok,___ar_21___,kekantor pajak antri bejibun😂
7621940927423546120,2026-03-27T14:23:41.000Z,0,https://www.tiktok.com/@liputan6.sctv/video/7621442575928528129,https://www.tiktok.com/@liputan6.sctv/video/7621442575928528129?commentId=7621940927423546120,scraping_tiktok,zaynn.abeed,Emg bikin ribet
7621940530872353556,2026-03-27T14:22:11.000Z,0,https://www.tiktok.com/@liputan6.sctv/video/7621442575928528129,https://www.tiktok.com/@liputan6.sctv/video/7621442575928528129?commentId=7621940530872353556,scraping_tiktok,octaviaputrip6,btulll
7621939414185018132,2026-03-27T14:17:50.000Z,0,https://www.tiktok.com/@liputan6.sctv/video/7621442575928528129,https://www.tiktok.com/@liputan6.sctv/video/7621442575928528129?commentId=7621939414185018132,scraping_tiktok,everydaylattefore,noh😭
7622082276592468757,2026-03-27T23:32:41.000Z,0,https://www.tiktok.com/@liputan6.sctv/video/7621442575928528129,https://www.tiktok.com/@liputan6.sctv/video/7621442575928528129?commentId=7622082276592468757,scraping_tiktok,fabrulouz,Cari duit yg banyak best.. Buat ngempanin orang pajak.
7622081892220715796,2026-03-27T23:30:52.000Z,0,https://www.tiktok.com/@liputan6.sctv/video/7621442575928528129,https://www.tiktok.com/@liputan6.sctv/video/7621442575928528129?commentId=7622081892220715796,scraping_tiktok,fabrulouz,"Repot kali lah Coretax ini. Cari duit kerja jungkir balik, udah dipotong pajak, masih disuruh ngerjain laporan pajak. Enak bener org pajak. Kerjaan lo dikerjain orang kerja 🤣."
7621939279615410952,2026-03-27T14:17:19.000Z,0,https://www.tiktok.com/@liputan6.sctv/video/7621442575928528129,https://www.tiktok.com/@liputan6.sctv/video/7621442575928528129?commentId=7621939279615410952,scraping_tiktok,arkurniyanto,"Betull,, terlalu mutar muterr. Bukan dipersimple malah makin rumit"
7621561687692575506,2026-03-26T13:52:05.000Z,0,https://www.tiktok.com/@liputan6.sctv/video/7621442575928528129,https://www.tiktok.com/@liputan6.sctv/video/7621442575928528129?commentId=7621561687692575506,scraping_tiktok,pia.gio8,"kok tambah kurus, paaakk?? sedih lihatnyaaaa 🥺🥺"
7621561059762225937,2026-03-26T13:49:40.000Z,0,https://www.tiktok.com/@liputan6.sctv/video/7621442575928528129,https://www.tiktok.com/@liputan6.sctv/video/7621442575928528129?commentId=7621561059762225937,scraping_tiktok,vidiartihana,kalian tau ngisi spt sekarang banyak bgt calo saking ribetnya 😭
7621560952194499348,2026-03-26T13:49:13.000Z,0,https://www.tiktok.com/@liputan6.sctv/video/7621442575928528129,https://www.tiktok.com/@liputan6.sctv/video/7621442575928528129?commentId=7621560952194499348,scraping_tiktok,mayarumagorga,"Tolong jangan buat ruwet klo lapor pajak, kita sudah kerja untuk bayar pajak . Jangan lagi dikerjain saat lapor pajak ruwet"
7621560818065523463,2026-03-26T13:48:44.000Z,0,https://www.tiktok.com/@liputan6.sctv/video/7621442575928528129,https://www.tiktok.com/@liputan6.sctv/video/7621442575928528129?commentId=7621560818065523463,scraping_tiktok,0nc01,"kita yg bayar, kita yg repot lapor. padahal uangnya dah masuk"
7621569176130159381,2026-03-26T14:21:08.000Z,0,https://www.tiktok.com/@liputan6.sctv/video/7621442575928528129,https://www.tiktok.com/@liputan6.sctv/video/7621442575928528129?commentId=7621569176130159381,scraping_tiktok,aykjuly,Balik DJP lagi aja plissssssss😭😭😭
7621568794763035400,2026-03-26T14:19:38.000Z,0,https://www.tiktok.com/@liputan6.sctv/video/7621442575928528129,https://www.tiktok.com/@liputan6.sctv/video/7621442575928528129?commentId=7621568794763035400,scraping_tiktok,fadhlanalfarisy_,apakabar info gtk
7621574233227264776,2026-03-26T14:40:43.000Z,0,https://www.tiktok.com/@liputan6.sctv/video/7621442575928528129,https://www.tiktok.com/@liputan6.sctv/video/7621442575928528129?commentId=7621574233227264776,scraping_tiktok,andrebhr,"bener bikin bingung, yg nyusun menu2 nya terlalu pinter"
7621573860139795216,2026-03-26T14:39:21.000Z,0,https://www.tiktok.com/@liputan6.sctv/video/7621442575928528129,https://www.tiktok.com/@liputan6.sctv/video/7621442575928528129?commentId=7621573860139795216,scraping_tiktok,arultourleader,Jangan mulai “Akan ganti lagi” trus aja gonta ganti..kayak paspor gonta ganti trus kebijakan nya
7621589236164526869,2026-03-26T15:38:57.000Z,0,https://www.tiktok.com/@liputan6.sctv/video/7621442575928528129,https://www.tiktok.com/@liputan6.sctv/video/7621442575928528129?commentId=7621589236164526869,scraping_tiktok,soni.pakpahan,lemot pool
7622448755555549959,2026-03-28T23:14:26.000Z,1,https://www.tiktok.com/@liputan6.sctv/video/7621442575928528129,https://www.tiktok.com/@liputan6.sctv/video/7621442575928528129?commentId=7622448755555549959,scraping_tiktok,arifwicaksono46700,gara2 mak sri ya...
7621760739439297301,2026-03-27T02:44:35.000Z,1,https://www.tiktok.com/@liputan6.sctv/video/7621442575928528129,https://www.tiktok.com/@liputan6.sctv/video/7621442575928528129?commentId=7621760739439297301,scraping_tiktok,yourbrader,"Design jelek, ribet, error, tapi anggaran T"
7621827305422029589,2026-03-27T07:02:53.000Z,1,https://www.tiktok.com/@liputan6.sctv/video/7621442575928528129,https://www.tiktok.com/@liputan6.sctv/video/7621442575928528129?commentId=7621827305422029589,scraping_tiktok,gicwan,xxxxxx ribet udah cb ngk bisa buat akun coratex
7621821579559846676,2026-03-27T06:40:43.000Z,1,https://www.tiktok.com/@liputan6.sctv/video/7621442575928528129,https://www.tiktok.com/@liputan6.sctv/video/7621442575928528129?commentId=7621821579559846676,scraping_tiktok,afrzhl,"Pak pur, i hope u always healthy semagat pak"
7621761426335859463,2026-03-27T02:47:09.000Z,1,https://www.tiktok.com/@liputan6.sctv/video/7621442575928528129,https://www.tiktok.com/@liputan6.sctv/video/7621442575928528129?commentId=7621761426335859463,scraping_tiktok,nanungbusu28,iya ribet susah cortax
7621762155721573127,2026-03-27T02:50:01.000Z,1,https://www.tiktok.com/@liputan6.sctv/video/7621442575928528129,https://www.tiktok.com/@liputan6.sctv/video/7621442575928528129?commentId=7621762155721573127,scraping_tiktok,arcabali,Jgn dipakai pak si coretax bikin ep males lapor pajak
7621762891206787848,2026-03-27T02:52:53.000Z,1,https://www.tiktok.com/@liputan6.sctv/video/7621442575928528129,https://www.tiktok.com/@liputan6.sctv/video/7621442575928528129?commentId=7621762891206787848,scraping_tiktok,ryan.nuryanto,"udah satu bulan mau laporan di coretax gak berhasil, login gagal, ganti pasword gagal, aktivasi gagal ,males"
7621809707024237332,2026-03-27T05:54:34.000Z,1,https://www.tiktok.com/@liputan6.sctv/video/7621442575928528129,https://www.tiktok.com/@liputan6.sctv/video/7621442575928528129?commentId=7621809707024237332,scraping_tiktok,danial_261273,ya betul ribet dan bikin bingung
7621762891399037714,2026-03-27T02:52:58.000Z,1,https://www.tiktok.com/@liputan6.sctv/video/7621442575928528129,https://www.tiktok.com/@liputan6.sctv/video/7621442575928528129?commentId=7621762891399037714,scraping_tiktok,lin_yongqiang,"Salah desain, mau lapor SPT aja belibet, bahasa di formulir ama di web ny beda ga sesuai ama di form bikin mikir . Aturan disamain aja ama formulirnya"
7621774075023000338,2026-03-27T03:36:14.000Z,1,https://www.tiktok.com/@liputan6.sctv/video/7621442575928528129,https://www.tiktok.com/@liputan6.sctv/video/7621442575928528129?commentId=7621774075023000338,scraping_tiktok,cliper.indonesia1,Pak pur kurusan 🥺 sehat sehat pak pur
7621778328005378832,2026-03-27T03:55:18.000Z,1,https://www.tiktok.com/@liputan6.sctv/video/7621442575928528129,https://www.tiktok.com/@liputan6.sctv/video/7621442575928528129?commentId=7621778328005378832,scraping_tiktok,angky499,tolong pak menteri desain ulang cara lapor pajak pak. bikin yg simple cara lapornya dong
7621783477012939538,2026-03-27T04:12:43.000Z,1,https://www.tiktok.com/@liputan6.sctv/video/7621442575928528129,https://www.tiktok.com/@liputan6.sctv/video/7621442575928528129?commentId=7621783477012939538,scraping_tiktok,cossonsbabyy,coretax emang astagfirullah bgt
7621790162212864788,2026-03-27T04:38:43.000Z,1,https://www.tiktok.com/@liputan6.sctv/video/7621442575928528129,https://www.tiktok.com/@liputan6.sctv/video/7621442575928528129?commentId=7621790162212864788,scraping_tiktok,cacaaea1,balikin pake djp online biasa kayak tahun2 sebelumnyaaa dong
7622152679615824648,2026-03-28T04:05:27.000Z,1,https://www.tiktok.com/@liputan6.sctv/video/7621442575928528129,https://www.tiktok.com/@liputan6.sctv/video/7621442575928528129?commentId=7622152679615824648,scraping_tiktok,ameritarita5,perlu dievaluasi pelaporan pajak dgn coretax
7621907434517480193,2026-03-27T12:13:55.000Z,0,https://www.tiktok.com/@liputan6.sctv/video/7621442575928528129,https://www.tiktok.com/@liputan6.sctv/video/7621442575928528129?commentId=7621907434517480193,scraping_tiktok,saufah199,aku kira aku sendiri yg stress mau lapor gagal terus ternyata banyak temen nya
7621908060567077639,2026-03-27T12:16:07.000Z,0,https://www.tiktok.com/@liputan6.sctv/video/7621442575928528129,https://www.tiktok.com/@liputan6.sctv/video/7621442575928528129?commentId=7621908060567077639,scraping_tiktok,samiaji3333,coretax UX nya bikin keder
7621907413914600200,2026-03-27T12:13:39.000Z,0,https://www.tiktok.com/@liputan6.sctv/video/7621442575928528129,https://www.tiktok.com/@liputan6.sctv/video/7621442575928528129?commentId=7621907413914600200,scraping_tiktok,anak_rantau1870,udah bayar masi di persulit
7621905611173298964,2026-03-27T12:06:42.000Z,0,https://www.tiktok.com/@liputan6.sctv/video/7621442575928528129,https://www.tiktok.com/@liputan6.sctv/video/7621442575928528129?commentId=7621905611173298964,scraping_tiktok,iwandirga58,sependapat dgn pak Menteri
7621904473485280021,2026-03-27T12:02:19.000Z,0,https://www.tiktok.com/@liputan6.sctv/video/7621442575928528129,https://www.tiktok.com/@liputan6.sctv/video/7621442575928528129?commentId=7621904473485280021,scraping_tiktok,ikhsan_hargo_kusumo,bahasanya Ya Alloh bikin pusing
7622239499074372372,2026-03-28T09:42:20.000Z,0,https://www.tiktok.com/@liputan6.sctv/video/7621442575928528129,https://www.tiktok.com/@liputan6.sctv/video/7621442575928528129?commentId=7622239499074372372,scraping_tiktok,yourexhubby,EMANGGG PAK BIKIN PUYENG
7622186193891722005,2026-03-28T06:15:36.000Z,0,https://www.tiktok.com/@liputan6.sctv/video/7621442575928528129,https://www.tiktok.com/@liputan6.sctv/video/7621442575928528129?commentId=7622186193891722005,scraping_tiktok,_nau.ldw.2943,😳😳😳
7622184783519875861,2026-03-28T06:10:10.000Z,0,https://www.tiktok.com/@liputan6.sctv/video/7621442575928528129,https://www.tiktok.com/@liputan6.sctv/video/7621442575928528129?commentId=7622184783519875861,scraping_tiktok,ichashareen,"lieurrrr akh aku ge ngisi n , 🤭"
7621795139761341191,2026-03-27T04:57:58.000Z,0,https://www.tiktok.com/@liputan6.sctv/video/7621442575928528129,https://www.tiktok.com/@liputan6.sctv/video/7621442575928528129?commentId=7621795139761341191,scraping_tiktok,jousnata,Kurusan yaa 😅
7621910955705778945,2026-03-27T12:27:21.000Z,0,https://www.tiktok.com/@liputan6.sctv/video/7621442575928528129,https://www.tiktok.com/@liputan6.sctv/video/7621442575928528129?commentId=7621910955705778945,scraping_tiktok,feeling200621,"Kyk ada gula darah tinggi ya beliau? Cpt bgt kurusan, semoga beliau baik2 aj dan sehat"
7621565468624683794,2026-03-26T14:06:39.000Z,1,https://www.tiktok.com/@liputan6.sctv/video/7621442575928528129,https://www.tiktok.com/@liputan6.sctv/video/7621442575928528129?commentId=7621565468624683794,scraping_tiktok,toktoktok4250,Adakah kalian seperti saia yg belum lapor spt krn langsung puyeng begitu buka coretax
7621565708237931284,2026-03-26T14:07:43.000Z,1,https://www.tiktok.com/@liputan6.sctv/video/7621442575928528129,https://www.tiktok.com/@liputan6.sctv/video/7621442575928528129?commentId=7621565708237931284,scraping_tiktok,gulomanis32,"perhitungannya aneh gaji suami plus istri dihitung begitu juga potongan pajaknya, kriteria kurang atau lebih bayarnya tp coretax selalu ngitung kurang bayar. padahal gaji suami dan istri sdh dipotong"
7621566205576479509,2026-03-26T14:09:34.000Z,1,https://www.tiktok.com/@liputan6.sctv/video/7621442575928528129,https://www.tiktok.com/@liputan6.sctv/video/7621442575928528129?commentId=7621566205576479509,scraping_tiktok,goodlookingman1,harusnya Coretax itu di coba dulu ke ASN DJP dan Kemenkeu termasuk ke Mitra kerjanya.. kalau mereka aja ga lancar apalagi masyarakat luas..
7621566427133690641,2026-03-26T14:10:26.000Z,1,https://www.tiktok.com/@liputan6.sctv/video/7621442575928528129,https://www.tiktok.com/@liputan6.sctv/video/7621442575928528129?commentId=7621566427133690641,scraping_tiktok,santifarrell,"katanya punya tim IT yang canggih, bisa diperbaiki ehhhhhh ternyata 😏😏😏"
7621566472917238535,2026-03-26T14:10:34.000Z,1,https://www.tiktok.com/@liputan6.sctv/video/7621442575928528129,https://www.tiktok.com/@liputan6.sctv/video/7621442575928528129?commentId=7621566472917238535,scraping_tiktok,gadeaja1o,knp pas gw mau ganti pasword gabisa. udah bener masukin data malah dibilang salah mulu
7621566566190203656,2026-03-26T14:10:56.000Z,1,https://www.tiktok.com/@liputan6.sctv/video/7621442575928528129,https://www.tiktok.com/@liputan6.sctv/video/7621442575928528129?commentId=7621566566190203656,scraping_tiktok,rupamelati180,iya nih knp coretax masih bermasalah sampai sekarang
7621566608208937729,2026-03-26T14:11:05.000Z,1,https://www.tiktok.com/@liputan6.sctv/video/7621442575928528129,https://www.tiktok.com/@liputan6.sctv/video/7621442575928528129?commentId=7621566608208937729,scraping_tiktok,lilis_kartika_guru,"nah iya ribet bangeud .. sampai ganti NPWP , masih blm selesai"
7621567012905517844,2026-03-26T14:12:47.000Z,1,https://www.tiktok.com/@liputan6.sctv/video/7621442575928528129,https://www.tiktok.com/@liputan6.sctv/video/7621442575928528129?commentId=7621567012905517844,scraping_tiktok,inputd_,ribet.
7621568312996954896,2026-03-26T14:17:48.000Z,1,https://www.tiktok.com/@liputan6.sctv/video/7621442575928528129,https://www.tiktok.com/@liputan6.sctv/video/7621442575928528129?commentId=7621568312996954896,scraping_tiktok,sukaemosijiwa,Bisa ga sih bikin satu tahap aja gausah pake verifikasi ttd apalah gapenting
7621568365555467028,2026-03-26T14:17:58.000Z,1,https://www.tiktok.com/@liputan6.sctv/video/7621442575928528129,https://www.tiktok.com/@liputan6.sctv/video/7621442575928528129?commentId=7621568365555467028,scraping_tiktok,luly5582,"betulll pak Pur, coretax terlalu berbelit2, ngisinya hrs super cepet, padahal perlu berpikir, gampang error, ngisi hrs berulang2 kali. bikin cape kesal."
7621568499009782535,2026-03-26T14:18:25.000Z,1,https://www.tiktok.com/@liputan6.sctv/video/7621442575928528129,https://www.tiktok.com/@liputan6.sctv/video/7621442575928528129?commentId=7621568499009782535,scraping_tiktok,endo_marselina,Betul. Udah baca ulang juga masih bingung isinya 😭.
7621565380427416338,2026-03-26T14:06:23.000Z,1,https://www.tiktok.com/@liputan6.sctv/video/7621442575928528129,https://www.tiktok.com/@liputan6.sctv/video/7621442575928528129?commentId=7621565380427416338,scraping_tiktok,royal.chocobrownies,sehat2 y pak pur😭 ga tegaa liat bpk ke skg inih
7621569556398097160,2026-03-26T14:22:36.000Z,1,https://www.tiktok.com/@liputan6.sctv/video/7621442575928528129,https://www.tiktok.com/@liputan6.sctv/video/7621442575928528129?commentId=7621569556398097160,scraping_tiktok,igun3272,
7621569638481232648,2026-03-26T14:22:57.000Z,1,https://www.tiktok.com/@liputan6.sctv/video/7621442575928528129,https://www.tiktok.com/@liputan6.sctv/video/7621442575928528129?commentId=7621569638481232648,scraping_tiktok,ellaamtiran,benar
7621922224878748437,2026-03-27T13:11:11.000Z,0,https://www.tiktok.com/@liputan6.sctv/video/7621442575928528129,https://www.tiktok.com/@liputan6.sctv/video/7621442575928528129?commentId=7621922224878748437,scraping_tiktok,harmoko1712,hahahaha. bner banget 😂😂😂
7621922076270248724,2026-03-27T13:10:34.000Z,0,https://www.tiktok.com/@liputan6.sctv/video/7621442575928528129,https://www.tiktok.com/@liputan6.sctv/video/7621442575928528129?commentId=7621922076270248724,scraping_tiktok,syanto905,iyA Pak betul knp sih padahal data kita ada di kantor pajak knp harus lapor lagi sihhhhhhhhhhhhh
7621921815006626567,2026-03-27T13:09:30.000Z,0,https://www.tiktok.com/@liputan6.sctv/video/7621442575928528129,https://www.tiktok.com/@liputan6.sctv/video/7621442575928528129?commentId=7621921815006626567,scraping_tiktok,surya_kece99,SETUJU
7621921336819483393,2026-03-27T13:07:47.000Z,0,https://www.tiktok.com/@liputan6.sctv/video/7621442575928528129,https://www.tiktok.com/@liputan6.sctv/video/7621442575928528129?commentId=7621921336819483393,scraping_tiktok,by.bon_kun,coretax terlalu buru2
7621921128366686997,2026-03-27T13:06:59.000Z,0,https://www.tiktok.com/@liputan6.sctv/video/7621442575928528129,https://www.tiktok.com/@liputan6.sctv/video/7621442575928528129?commentId=7621921128366686997,scraping_tiktok,bram_kusumo,asli ribet banget buat rakyat .....
7621920583055753991,2026-03-27T13:04:44.000Z,0,https://www.tiktok.com/@liputan6.sctv/video/7621442575928528129,https://www.tiktok.com/@liputan6.sctv/video/7621442575928528129?commentId=7621920583055753991,scraping_tiktok,konohaunited4d,susah coretax parah!! 😳
7622187355822588688,2026-03-28T06:19:57.000Z,0,https://www.tiktok.com/@liputan6.sctv/video/7621442575928528129,https://www.tiktok.com/@liputan6.sctv/video/7621442575928528129?commentId=7622187355822588688,scraping_tiktok,septiarsaragih,"Betul, malah bikin pusing"
7621573702723257105,2026-03-26T14:38:39.000Z,1,https://www.tiktok.com/@liputan6.sctv/video/7621442575928528129,https://www.tiktok.com/@liputan6.sctv/video/7621442575928528129?commentId=7621573702723257105,scraping_tiktok,yasfinakh,"saya aja jadi belom lapor pph21 pak, biasanya ga pernah telat, pas liat ruwet ga ada waktu kerjaan banyak, ga sempet ke kantor pajaknya jugaa"
7621574614615917319,2026-03-26T14:42:13.000Z,1,https://www.tiktok.com/@liputan6.sctv/video/7621442575928528129,https://www.tiktok.com/@liputan6.sctv/video/7621442575928528129?commentId=7621574614615917319,scraping_tiktok,kentlim6,ini proyek waktu si Sri kan?
7621575057106436872,2026-03-26T14:43:56.000Z,1,https://www.tiktok.com/@liputan6.sctv/video/7621442575928528129,https://www.tiktok.com/@liputan6.sctv/video/7621442575928528129?commentId=7621575057106436872,scraping_tiktok,apayaali,nah iya lagi gw dulu daftar NPWP alah ribet banget sumpah coretax
7621575127541187346,2026-03-26T14:44:11.000Z,1,https://www.tiktok.com/@liputan6.sctv/video/7621442575928528129,https://www.tiktok.com/@liputan6.sctv/video/7621442575928528129?commentId=7621575127541187346,scraping_tiktok,nianiuu,kok aku lebih suka coretax ya
7621575244591006485,2026-03-26T14:44:38.000Z,1,https://www.tiktok.com/@liputan6.sctv/video/7621442575928528129,https://www.tiktok.com/@liputan6.sctv/video/7621442575928528129?commentId=7621575244591006485,scraping_tiktok,opell_nande,Coba deh buat aplikasi nya simpel2 saja
7621576491818599186,2026-03-26T14:49:29.000Z,1,https://www.tiktok.com/@liputan6.sctv/video/7621442575928528129,https://www.tiktok.com/@liputan6.sctv/video/7621442575928528129?commentId=7621576491818599186,scraping_tiktok,aelyeaa_,HHhharusnya kita gk sih yg dpt laporannya? kan kita yg bayar 😔
7621599643750777617,2026-03-26T16:19:20.000Z,1,https://www.tiktok.com/@liputan6.sctv/video/7621442575928528129,https://www.tiktok.com/@liputan6.sctv/video/7621442575928528129?commentId=7621599643750777617,scraping_tiktok,wddy99arsitek,"coretax lemot, mbulet dan malah TDK praktis ...simpel, data sudah cocok tetapi TDK bisa di upload harus wjib ngisi lampiran2 yg bikin bingung..."
7621794849456390930,2026-03-27T04:56:47.000Z,0,https://www.tiktok.com/@liputan6.sctv/video/7621442575928528129,https://www.tiktok.com/@liputan6.sctv/video/7621442575928528129?commentId=7621794849456390930,scraping_tiktok,ruly.promono,"betul, lebih mudah sistem yg sebelumnya. kita hrs belajar lg belajar lg😅"
7621794518392439572,2026-03-27T04:55:40.000Z,0,https://www.tiktok.com/@liputan6.sctv/video/7621442575928528129,https://www.tiktok.com/@liputan6.sctv/video/7621442575928528129?commentId=7621794518392439572,scraping_tiktok,115arisma,terlalu bnyak pertanyaan pak ya tidak ya tidak 😳😳
7621793626879836944,2026-03-27T04:52:05.000Z,0,https://www.tiktok.com/@liputan6.sctv/video/7621442575928528129,https://www.tiktok.com/@liputan6.sctv/video/7621442575928528129?commentId=7621793626879836944,scraping_tiktok,antoniohendri,minimal pemerintah laporan juga pajaknya buat apa
7621560196213801746,2026-03-26T13:46:17.000Z,0,https://www.tiktok.com/@liputan6.sctv/video/7621442575928528129,https://www.tiktok.com/@liputan6.sctv/video/7621442575928528129?commentId=7621560196213801746,scraping_tiktok,meformasya,"Aku kmrn baru ke kantor meski punyaku nihil soalnya stres buka websitenya sendiri ngg bisa dripd stress mending ke kantor laporan SPT, bertemulah dg konglo2 yg banyak bgt itu penghasilannya 😭😭"
7621571442237489940,2026-03-26T14:29:58.000Z,1,https://www.tiktok.com/@liputan6.sctv/video/7621442575928528129,https://www.tiktok.com/@liputan6.sctv/video/7621442575928528129?commentId=7621571442237489940,scraping_tiktok,lellynla,Paakk sehat sehat yaaa🥺
7621571774467179285,2026-03-26T14:31:10.000Z,1,https://www.tiktok.com/@liputan6.sctv/video/7621442575928528129,https://www.tiktok.com/@liputan6.sctv/video/7621442575928528129?commentId=7621571774467179285,scraping_tiktok,amungmulyadi0,emng ribet sih
7621572059526005521,2026-03-26T14:32:23.000Z,1,https://www.tiktok.com/@liputan6.sctv/video/7621442575928528129,https://www.tiktok.com/@liputan6.sctv/video/7621442575928528129?commentId=7621572059526005521,scraping_tiktok,nunanuraini,Pastiii ruwet bngt dahh
7621573079122608903,2026-03-26T14:36:14.000Z,1,https://www.tiktok.com/@liputan6.sctv/video/7621442575928528129,https://www.tiktok.com/@liputan6.sctv/video/7621442575928528129?commentId=7621573079122608903,scraping_tiktok,hilman.fathony,Iyaa pak.. gagal mulu buat laporan pusing aku.. udah bagus ygcdulu simple
7621573274703872786,2026-03-26T14:37:01.000Z,1,https://www.tiktok.com/@liputan6.sctv/video/7621442575928528129,https://www.tiktok.com/@liputan6.sctv/video/7621442575928528129?commentId=7621573274703872786,scraping_tiktok,sisuryo,"mau isi coretax musti punya pulsa karena verifikasi pakai SMS padahal sudah verifikasi via email, hello skrg jaman whatsapp lho"
7621573322128114433,2026-03-26T14:37:11.000Z,1,https://www.tiktok.com/@liputan6.sctv/video/7621442575928528129,https://www.tiktok.com/@liputan6.sctv/video/7621442575928528129?commentId=7621573322128114433,scraping_tiktok,bee_160177,dah tau bikin bingung kenapa gak di sederhanakan sih
7621561796734763783,2026-03-26T13:52:26.000Z,1,https://www.tiktok.com/@liputan6.sctv/video/7621442575928528129,https://www.tiktok.com/@liputan6.sctv/video/7621442575928528129?commentId=7621561796734763783,scraping_tiktok,infinityblessing88,"kusut pakkk, SPT induk saya, badan sama pph masa gk bisa di download.
harus ke helpdesk, ternyata helpdesk juga gk bisa, akhirnya tindaklanjut pake tiket.
gk tau dah bingung."
7621574310818530056,2026-03-26T14:41:02.000Z,1,https://www.tiktok.com/@liputan6.sctv/video/7621442575928528129,https://www.tiktok.com/@liputan6.sctv/video/7621442575928528129?commentId=7621574310818530056,scraping_tiktok,ihsanshan27,salah diproses bisnis ni pasti🗿 project asal cuan
7621854899173081876,2026-03-27T08:49:54.000Z,0,https://www.tiktok.com/@liputan6.sctv/video/7621442575928528129,https://www.tiktok.com/@liputan6.sctv/video/7621442575928528129?commentId=7621854899173081876,scraping_tiktok,rahmahnovrianti,salah design? masih diluncurkan dan dipake😞
7621854760396079893,2026-03-27T08:49:22.000Z,0,https://www.tiktok.com/@liputan6.sctv/video/7621442575928528129,https://www.tiktok.com/@liputan6.sctv/video/7621442575928528129?commentId=7621854760396079893,scraping_tiktok,rahmahnovrianti,ribet pak pake coretax
7621854510172259080,2026-03-27T08:48:22.000Z,0,https://www.tiktok.com/@liputan6.sctv/video/7621442575928528129,https://www.tiktok.com/@liputan6.sctv/video/7621442575928528129?commentId=7621854510172259080,scraping_tiktok,metta_ave,dari awal sampai skrg kena bug tidak ada tombol bayar dan lapor 🥺
7621851179173774100,2026-03-27T08:35:31.000Z,0,https://www.tiktok.com/@liputan6.sctv/video/7621442575928528129,https://www.tiktok.com/@liputan6.sctv/video/7621442575928528129?commentId=7621851179173774100,scraping_tiktok,perfectlife289,"hasil kry srimulyani ,,😂"
7621850225704452881,2026-03-27T08:31:55.000Z,0,https://www.tiktok.com/@liputan6.sctv/video/7621442575928528129,https://www.tiktok.com/@liputan6.sctv/video/7621442575928528129?commentId=7621850225704452881,scraping_tiktok,aicebearrrrr,"biar ada modus lg ,adaiin anggaran buat.....perbaikan. kayak ngk tahu aja..."
7621847917595460369,2026-03-27T08:22:51.000Z,0,https://www.tiktok.com/@liputan6.sctv/video/7621442575928528129,https://www.tiktok.com/@liputan6.sctv/video/7621442575928528129?commentId=7621847917595460369,scraping_tiktok,mrs_cahyo11,"jgn Ampe nihh ad org buka kursus cuma buat lapor SPT dg biaya berjuta juta gegara aplikasi nya sangat bagus dan sangat mudah di mengerti masyarakat, pak😭😭"
7621847167401083656,2026-03-27T08:19:52.000Z,0,https://www.tiktok.com/@liputan6.sctv/video/7621442575928528129,https://www.tiktok.com/@liputan6.sctv/video/7621442575928528129?commentId=7621847167401083656,scraping_tiktok,cakra_rag1l_las,pak pur kurusan skrg.... sehat² ya pak💪
7621845797001429780,2026-03-27T08:14:41.000Z,0,https://www.tiktok.com/@liputan6.sctv/video/7621442575928528129,https://www.tiktok.com/@liputan6.sctv/video/7621442575928528129?commentId=7621845797001429780,scraping_tiktok,santtiw,"setuju pak, ribet ngisinya,, enakan ngisi yg sebelum sebelumnya simple,,"
7621788721747084053,2026-03-27T04:33:10.000Z,0,https://www.tiktok.com/@liputan6.sctv/video/7621442575928528129,https://www.tiktok.com/@liputan6.sctv/video/7621442575928528129?commentId=7621788721747084053,scraping_tiktok,oh.ma.boy,intinya semakin ribet dan semakin lambat akses servernya akan semkain mls org untuk melaporkan pajak...
7621787955586220820,2026-03-27T04:30:14.000Z,0,https://www.tiktok.com/@liputan6.sctv/video/7621442575928528129,https://www.tiktok.com/@liputan6.sctv/video/7621442575928528129?commentId=7621787955586220820,scraping_tiktok,lavanyamaela,Ribet
7621781959521534741,2026-03-27T04:06:52.000Z,0,https://www.tiktok.com/@liputan6.sctv/video/7621442575928528129,https://www.tiktok.com/@liputan6.sctv/video/7621442575928528129?commentId=7621781959521534741,scraping_tiktok,dea.l0va6,byar pajak hrsny pemerintah ngasi bukti pembyaran k3 kita via email
7621781448723301136,2026-03-27T04:04:52.000Z,0,https://www.tiktok.com/@liputan6.sctv/video/7621442575928528129,https://www.tiktok.com/@liputan6.sctv/video/7621442575928528129?commentId=7621781448723301136,scraping_tiktok,suriantoten5,😁😁😁
7621781229432259336,2026-03-27T04:04:03.000Z,0,https://www.tiktok.com/@liputan6.sctv/video/7621442575928528129,https://www.tiktok.com/@liputan6.sctv/video/7621442575928528129?commentId=7621781229432259336,scraping_tiktok,danieldaniel8071,"pas mau lapor, loading lama.. udah gitu gagal berkali2.
giliran 1 April, waktunya system memberikan denda bagi yg telat lapor.. coretax lancar wush..wush..wush.. 😂"
7622194308158849813,2026-03-28T06:47:02.000Z,0,https://www.tiktok.com/@liputan6.sctv/video/7621442575928528129,https://www.tiktok.com/@liputan6.sctv/video/7621442575928528129?commentId=7622194308158849813,scraping_tiktok,numpangnonton46,"kalau ga lapor denda berapa??
100rb ?
100rb dikalikan 1jt penduduk. dpt berapa tuh? trus uang denda buat siapa? buat beli rubicon kah? atau mbg? atau bayar gaji pejabat? atau...."
7622193116091319061,2026-03-28T06:42:25.000Z,0,https://www.tiktok.com/@liputan6.sctv/video/7621442575928528129,https://www.tiktok.com/@liputan6.sctv/video/7621442575928528129?commentId=7622193116091319061,scraping_tiktok,ecik_w,"kenapa stlh di coretax byk terjadi kasus kekurangan bayar pajak, agak bingung jg dgn kondisi saat ke kantor pajak dan dijabarkan bahwa bahkan penghasilan kecil yg diterima dr sebuah kegiatan dikenakan potongan pajak😮‍💨"
7622191148170380040,2026-03-28T06:34:46.000Z,0,https://www.tiktok.com/@liputan6.sctv/video/7621442575928528129,https://www.tiktok.com/@liputan6.sctv/video/7621442575928528129?commentId=7622191148170380040,scraping_tiktok,amrinarsd04,ya bener pak😂
7621935344640623380,2026-03-27T14:02:00.000Z,0,https://www.tiktok.com/@liputan6.sctv/video/7621442575928528129,https://www.tiktok.com/@liputan6.sctv/video/7621442575928528129?commentId=7621935344640623380,scraping_tiktok,masyudha19,asli binggung
7621573946094617351,2026-03-26T14:39:37.000Z,0,https://www.tiktok.com/@liputan6.sctv/video/7621442575928528129,https://www.tiktok.com/@liputan6.sctv/video/7621442575928528129?commentId=7621573946094617351,scraping_tiktok,baimisnotmyrealname,kasian pak pur kurusan euy :((
7621529809256694548,2026-03-26T11:48:24.000Z,0,https://www.tiktok.com/@liputan6.sctv/video/7621442575928528129,https://www.tiktok.com/@liputan6.sctv/video/7621442575928528129?commentId=7621529809256694548,scraping_tiktok,nmhmmdm_27,"bener pakkk, sayaa baru bikin nih buat negara malahh pusing liat tampilan nya😭"
7621934619253080852,2026-03-27T13:59:17.000Z,0,https://www.tiktok.com/@liputan6.sctv/video/7621442575928528129,https://www.tiktok.com/@liputan6.sctv/video/7621442575928528129?commentId=7621934619253080852,scraping_tiktok,apriliana3412,"gw bru berhasil setelah lebih dr 3jam 😭
sumpah mumet"
7621930850565096210,2026-03-27T13:44:34.000Z,0,https://www.tiktok.com/@liputan6.sctv/video/7621442575928528129,https://www.tiktok.com/@liputan6.sctv/video/7621442575928528129?commentId=7621930850565096210,scraping_tiktok,wilnopenamsenesae,aplikasi banyak yg hilang dan tdk bisa di akses atau menu lanjutan hilang
7621930765446824722,2026-03-27T13:44:18.000Z,0,https://www.tiktok.com/@liputan6.sctv/video/7621442575928528129,https://www.tiktok.com/@liputan6.sctv/video/7621442575928528129?commentId=7621930765446824722,scraping_tiktok,wulandari.ao,sengaja yaa biar org bayar denda
7621924825656804103,2026-03-27T13:21:07.000Z,0,https://www.tiktok.com/@liputan6.sctv/video/7621442575928528129,https://www.tiktok.com/@liputan6.sctv/video/7621442575928528129?commentId=7621924825656804103,scraping_tiktok,dianathree29,"setuju pak dr era espt,djp,eform,coretax katanya memudahkan tp bikin pusing"
7621924148050182933,2026-03-27T13:18:33.000Z,0,https://www.tiktok.com/@liputan6.sctv/video/7621442575928528129,https://www.tiktok.com/@liputan6.sctv/video/7621442575928528129?commentId=7621924148050182933,scraping_tiktok,irharamsih,betul pak ribet anehx kolom harta harus d isi nah klu org gk nambah harta dalam satahun itu jadix isi asal2lan😅 yg pnting bisa NIHIl krn klu gak mutar aja d kolom itu😅
7621587266376729365,2026-03-26T15:31:18.000Z,0,https://www.tiktok.com/@liputan6.sctv/video/7621442575928528129,https://www.tiktok.com/@liputan6.sctv/video/7621442575928528129?commentId=7621587266376729365,scraping_tiktok,fearnotidx,"tu sadar
ganti lah"
7621937990998754066,2026-03-27T14:12:16.000Z,0,https://www.tiktok.com/@liputan6.sctv/video/7621442575928528129,https://www.tiktok.com/@liputan6.sctv/video/7621442575928528129?commentId=7621937990998754066,scraping_tiktok,stillduff,bener
7621937754583466772,2026-03-27T14:11:28.000Z,0,https://www.tiktok.com/@liputan6.sctv/video/7621442575928528129,https://www.tiktok.com/@liputan6.sctv/video/7621442575928528129?commentId=7621937754583466772,scraping_tiktok,.fleurious,syulittttt bangettt
7621936582165054228,2026-03-27T14:06:48.000Z,0,https://www.tiktok.com/@liputan6.sctv/video/7621442575928528129,https://www.tiktok.com/@liputan6.sctv/video/7621442575928528129?commentId=7621936582165054228,scraping_tiktok,bocilgakaturan,bner ribet poll buat senv simple gt lowh ... cortexnya .... mau lapor salpek bingjng buka youtube berkali²
7621935922121147154,2026-03-27T14:04:16.000Z,0,https://www.tiktok.com/@liputan6.sctv/video/7621442575928528129,https://www.tiktok.com/@liputan6.sctv/video/7621442575928528129?commentId=7621935922121147154,scraping_tiktok,ardi032008,"ngisi gk smpai 15 menit
datang k kantor pajak ambil antrian, ganti email dan ni HP, trs pengisian verifikasi dan clear done
antri nya cpet bgt gk lama
kp2kp ungaran 🥰"
7621578499410019080,2026-03-26T14:57:21.000Z,0,https://www.tiktok.com/@liputan6.sctv/video/7621442575928528129,https://www.tiktok.com/@liputan6.sctv/video/7621442575928528129?commentId=7621578499410019080,scraping_tiktok,nia_hanant,"coretax, Faktur pajak aja tampilanya ga simple"
7621480152200004372,2026-03-26T08:35:46.000Z,0,https://www.tiktok.com/@liputan6.sctv/video/7621442575928528129,https://www.tiktok.com/@liputan6.sctv/video/7621442575928528129?commentId=7621480152200004372,scraping_tiktok,rize200,"bahasa pertanyaan nya aja gua gk ngerti tau itu harus gimana ngisi nya,"
7621499093823816466,2026-03-26T09:49:13.000Z,0,https://www.tiktok.com/@liputan6.sctv/video/7621442575928528129,https://www.tiktok.com/@liputan6.sctv/video/7621442575928528129?commentId=7621499093823816466,scraping_tiktok,.debie62,"Iya pak ribet bgt suwer mana susah lg masuk untuk log in , klo di kantor pajak kok bisa cepet gtu ya pak, tolong petunjuknya suhu"
7621500881985897237,2026-03-26T09:56:14.000Z,0,https://www.tiktok.com/@liputan6.sctv/video/7621442575928528129,https://www.tiktok.com/@liputan6.sctv/video/7621442575928528129?commentId=7621500881985897237,scraping_tiktok,ryrkys,Bener sering error ke double lah bukti potongnya ga sinkron lah sama yg keupload pemberi kerja klo ga paham hasilnya bisa kurang bayar gede langsung jd id biling trust issue disengajain.
7621587262559699733,2026-03-26T15:31:15.000Z,0,https://www.tiktok.com/@liputan6.sctv/video/7621442575928528129,https://www.tiktok.com/@liputan6.sctv/video/7621442575928528129?commentId=7621587262559699733,scraping_tiktok,diamdiamndelepkan,detikcom🤣
7621457254701531924,2026-03-26T07:06:48.000Z,0,https://www.tiktok.com/@liputan6.sctv/video/7621442575928528129,https://www.tiktok.com/@liputan6.sctv/video/7621442575928528129?commentId=7621457254701531924,scraping_tiktok,femsss__,@🐇
7621549669428036359,2026-03-26T13:05:23.000Z,0,https://www.tiktok.com/@liputan6.sctv/video/7621442575928528129,https://www.tiktok.com/@liputan6.sctv/video/7621442575928528129?commentId=7621549669428036359,scraping_tiktok,gaj.ahmada01,aplikasi itu semangatnya memudahkan... beda dg konoha.. kalo bisa dipersulit kenapa dibikin mudah.. apalagi soal pajak.. spy apa coba... supaya ada kerjaan buat konsultan pajak gadungan...
7621550044685222664,2026-03-26T13:06:51.000Z,0,https://www.tiktok.com/@liputan6.sctv/video/7621442575928528129,https://www.tiktok.com/@liputan6.sctv/video/7621442575928528129?commentId=7621550044685222664,scraping_tiktok,anjun927,tau dah hidup di negara sendiri aja seribet ini heran😌
7621558185031189264,2026-03-26T13:38:26.000Z,0,https://www.tiktok.com/@liputan6.sctv/video/7621442575928528129,https://www.tiktok.com/@liputan6.sctv/video/7621442575928528129?commentId=7621558185031189264,scraping_tiktok,__ermaaw,jujur emg bikin bingung
7621558244410098440,2026-03-26T13:38:39.000Z,0,https://www.tiktok.com/@liputan6.sctv/video/7621442575928528129,https://www.tiktok.com/@liputan6.sctv/video/7621442575928528129?commentId=7621558244410098440,scraping_tiktok,maccalan378,pak pur cb tanya yg ngotot mesti coretax donk
7621549854665474836,2026-03-26T13:06:07.000Z,0,https://www.tiktok.com/@liputan6.sctv/video/7621442575928528129,https://www.tiktok.com/@liputan6.sctv/video/7621442575928528129?commentId=7621549854665474836,scraping_tiktok,aflahfarchanrizqullah,"Bingung, gabisa ditarik aja kah nik itu dari smua pajak kita. tinggal ngecek aja gitu"
7621946563818128135,2026-03-27T14:45:36.000Z,0,https://www.tiktok.com/@liputan6.sctv/video/7621442575928528129,https://www.tiktok.com/@liputan6.sctv/video/7621442575928528129?commentId=7621946563818128135,scraping_tiktok,nani_s87,jgn kn SPT OP SPT Badan aja ribet 😏
