id,timestamp,likesCount,postUrl,commentUrl,source_file,ownerUsername,text
7638918755121382164,2026-05-12T08:26:33.000Z,1489,https://www.tiktok.com/@liputan6.sctv/video/7638910407763168533,https://www.tiktok.com/@liputan6.sctv/video/7638910407763168533?commentId=7638918755121382164,scraping_tiktok,sagitarius_anna,stop mbg cukup sembako murah pajak turun Indonesia damai
7638918006110864148,2026-05-12T08:23:36.000Z,488,https://www.tiktok.com/@liputan6.sctv/video/7638910407763168533,https://www.tiktok.com/@liputan6.sctv/video/7638910407763168533?commentId=7638918006110864148,scraping_tiktok,rifandiyahya,"sudah jelas celah korupsi sangat besar,
bukan hanya yang disebutkan tapi SPPG di suspend aja masih dapet insentif
semoga pemeriksaan nya bener""peduli demi benar""program Gizi ini berjalan terukur dan tepat sasaran,"
7639027514120651528,2026-05-12T15:28:28.000Z,437,https://www.tiktok.com/@liputan6.sctv/video/7638910407763168533,https://www.tiktok.com/@liputan6.sctv/video/7638910407763168533?commentId=7639027514120651528,scraping_tiktok,yerus.seran,"dahlah capek, cukup 1 periode saja"
7638929540648321799,2026-05-12T09:08:16.000Z,298,https://www.tiktok.com/@liputan6.sctv/video/7638910407763168533,https://www.tiktok.com/@liputan6.sctv/video/7638910407763168533?commentId=7638929540648321799,scraping_tiktok,abu_asadillah07,ekonomi Indonesia makin terpuruk
7638927735143318293,2026-05-12T09:01:26.000Z,50,https://www.tiktok.com/@liputan6.sctv/video/7638910407763168533,https://www.tiktok.com/@liputan6.sctv/video/7638910407763168533?commentId=7638927735143318293,scraping_tiktok,zihan0361,Mbg bagus untuk membantu rakyat kecil
7638922186745856789,2026-05-12T08:39:56.000Z,249,https://www.tiktok.com/@liputan6.sctv/video/7638910407763168533,https://www.tiktok.com/@liputan6.sctv/video/7638910407763168533?commentId=7638922186745856789,scraping_tiktok,lalufaizi0,"terlalu bayak harga yg di mar,ap"
7639710120779760405,2026-05-14T11:40:00.000Z,6,https://www.tiktok.com/@liputan6.sctv/video/7638910407763168533,https://www.tiktok.com/@liputan6.sctv/video/7638910407763168533?commentId=7639710120779760405,scraping_tiktok,user96302343839483,stop mbg sembako murah
7639004922336674576,2026-05-12T14:00:48.000Z,127,https://www.tiktok.com/@liputan6.sctv/video/7638910407763168533,https://www.tiktok.com/@liputan6.sctv/video/7638910407763168533?commentId=7639004922336674576,scraping_tiktok,win_nay03,"selama prabowo menjabat, Harta saya habis terjual buat modal usaha, tapi malah pendapatan semakin memburuk, dan hari ini pun rumah saya disita bank, 😭😭...
ya allah...
harus apa lagi saya sekarang 😭😭😭😭"
7639734336364053268,2026-05-14T13:15:27.000Z,5,https://www.tiktok.com/@liputan6.sctv/video/7638910407763168533,https://www.tiktok.com/@liputan6.sctv/video/7638910407763168533?commentId=7639734336364053268,scraping_tiktok,kesayanganmu9223,STOP MBG... turunkan harga sembako rakyat sejahtera.
7638988675523707666,2026-05-12T12:57:42.000Z,15,https://www.tiktok.com/@liputan6.sctv/video/7638910407763168533,https://www.tiktok.com/@liputan6.sctv/video/7638910407763168533?commentId=7638988675523707666,scraping_tiktok,mhyr999,"PEJABAT MENURUT GW YG BENER, JUJUR, SELALU MENJAGA INTEGRITAS DALAM MENJALANKAN RODA PEMERINTAHAN, YAITU KDM(BAPAK AING) 👌"
7639134629506827028,2026-05-12T22:29:02.000Z,32,https://www.tiktok.com/@liputan6.sctv/video/7638910407763168533,https://www.tiktok.com/@liputan6.sctv/video/7638910407763168533?commentId=7639134629506827028,scraping_tiktok,helinawati622,"y saya pernah ngalamin kerja jdi MBG ,byk yg g aktifitas tapi ngaji ngalir trus contoh di sekolah libur tapi pekerja tetep suruh masuk kerja ,tapi di dapur g ada aktifitas cuma pada maen hp doang jdi asal kita dtng sama absen kita tanpa krja tapi dpt ngaji,itu lh yg pernah sya alami"
7639019016555758343,2026-05-12T14:55:20.000Z,25,https://www.tiktok.com/@liputan6.sctv/video/7638910407763168533,https://www.tiktok.com/@liputan6.sctv/video/7638910407763168533?commentId=7639019016555758343,scraping_tiktok,marisamebel,"usaha tambah susah skrng..sepii.sembako mahal
cari krja susah.tp presiden gk peduli..yg diurus cuma mbg aja
gk peduli hrg2 melambung tinggi"
7639182415549989650,2026-05-13T01:29:33.000Z,18,https://www.tiktok.com/@liputan6.sctv/video/7638910407763168533,https://www.tiktok.com/@liputan6.sctv/video/7638910407763168533?commentId=7639182415549989650,scraping_tiktok,gg.gilvani,gw gabakalan pilih pak prabowo lagi🗿
7640109040660742932,2026-05-15T13:27:58.000Z,8,https://www.tiktok.com/@liputan6.sctv/video/7638910407763168533,https://www.tiktok.com/@liputan6.sctv/video/7638910407763168533?commentId=7640109040660742932,scraping_tiktok,sublihah69,tutup aja.murahkan aja harga barang
7639052661270086421,2026-05-12T17:05:57.000Z,7,https://www.tiktok.com/@liputan6.sctv/video/7638910407763168533,https://www.tiktok.com/@liputan6.sctv/video/7638910407763168533?commentId=7639052661270086421,scraping_tiktok,sanjiglamor,bukan celah emang ladang 😅😅😅
7639028104178500359,2026-05-12T15:30:39.000Z,7,https://www.tiktok.com/@liputan6.sctv/video/7638910407763168533,https://www.tiktok.com/@liputan6.sctv/video/7638910407763168533?commentId=7639028104178500359,scraping_tiktok,aliusman.dmg,"Bukan celah lagi, tapi jalann lebar kayak tol"
7638913635548742421,2026-05-12T08:06:35.000Z,28,https://www.tiktok.com/@liputan6.sctv/video/7638910407763168533,https://www.tiktok.com/@liputan6.sctv/video/7638910407763168533?commentId=7638913635548742421,scraping_tiktok,mmoafi5_reng_medure,bukan nya sdh biasa itu
7638985185832764181,2026-05-12T12:47:32.000Z,23,https://www.tiktok.com/@liputan6.sctv/video/7638910407763168533,https://www.tiktok.com/@liputan6.sctv/video/7638910407763168533?commentId=7638985185832764181,scraping_tiktok,sakur._12,kenapa tetap berjalan lancar susah di hentikan
7639557643057005330,2026-05-14T01:45:39.000Z,0,https://www.tiktok.com/@liputan6.sctv/video/7638910407763168533,https://www.tiktok.com/@liputan6.sctv/video/7638910407763168533?commentId=7639557643057005330,scraping_tiktok,janurkuning9967,wowo baru mlek
7638923682089992976,2026-05-12T08:45:31.000Z,30,https://www.tiktok.com/@liputan6.sctv/video/7638910407763168533,https://www.tiktok.com/@liputan6.sctv/video/7638910407763168533?commentId=7638923682089992976,scraping_tiktok,hilmanwijayapra48,program GK jelas dn GK br paedah.
7638962405536269064,2026-05-12T11:15:46.000Z,55,https://www.tiktok.com/@liputan6.sctv/video/7638910407763168533,https://www.tiktok.com/@liputan6.sctv/video/7638910407763168533?commentId=7638962405536269064,scraping_tiktok,banjarmasinbungas47,alhamdulillah akhirnya prbowo denger suara rakyat
7639145166234125063,2026-05-12T23:05:04.000Z,5,https://www.tiktok.com/@liputan6.sctv/video/7638910407763168533,https://www.tiktok.com/@liputan6.sctv/video/7638910407763168533?commentId=7639145166234125063,scraping_tiktok,almiftah2_sma,PROGRAMNYA BAGUS..... CUMA SASARANNYA KOMITMENNYA DAN BAGIAN BAWAHNYA TFK BUERESSSSS. PERLU DIKAJI ULANG SEBAIK MNGKIN.
7638913610825204500,2026-05-12T08:06:35.000Z,8,https://www.tiktok.com/@liputan6.sctv/video/7638910407763168533,https://www.tiktok.com/@liputan6.sctv/video/7638910407763168533?commentId=7638913610825204500,scraping_tiktok,kuntoro_hadi,halah🤣🤣🤣
7638934472620049173,2026-05-12T09:29:39.000Z,6,https://www.tiktok.com/@liputan6.sctv/video/7638910407763168533,https://www.tiktok.com/@liputan6.sctv/video/7638910407763168533?commentId=7638934472620049173,scraping_tiktok,yuni68028,pak Prabowo hdp jgn boros.dolar LG naik.apbn LG defisit.hrs hdp hemat.
7639174274771370770,2026-05-13T00:58:03.000Z,6,https://www.tiktok.com/@liputan6.sctv/video/7638910407763168533,https://www.tiktok.com/@liputan6.sctv/video/7638910407763168533?commentId=7639174274771370770,scraping_tiktok,octa.motor,sebetulnya kalau MBG dan koprasi GK ada trus dananya dialihkan ke pendidikan gratis dan BPJS aku yakin GK ada yg menghujat wowo
7638986749012640519,2026-05-12T12:50:13.000Z,16,https://www.tiktok.com/@liputan6.sctv/video/7638910407763168533,https://www.tiktok.com/@liputan6.sctv/video/7638910407763168533?commentId=7638986749012640519,scraping_tiktok,chairul736,klu mau dpt 1 dapur mbg harus bayar brp puluhan jt ya?
7639094728458093332,2026-05-12T19:49:28.000Z,9,https://www.tiktok.com/@liputan6.sctv/video/7638910407763168533,https://www.tiktok.com/@liputan6.sctv/video/7638910407763168533?commentId=7639094728458093332,scraping_tiktok,khusnifarid,tiba tiba admin gerindra ga pernah komen lagi... adminnya bingung 😭😭
7638917068003279624,2026-05-12T08:19:47.000Z,11,https://www.tiktok.com/@liputan6.sctv/video/7638910407763168533,https://www.tiktok.com/@liputan6.sctv/video/7638910407763168533?commentId=7638917068003279624,scraping_tiktok,ambarawa_lovers,kakean pidato
7638912776317010709,2026-05-12T08:03:24.000Z,6,https://www.tiktok.com/@liputan6.sctv/video/7638910407763168533,https://www.tiktok.com/@liputan6.sctv/video/7638910407763168533?commentId=7638912776317010709,scraping_tiktok,nanaoick,klo sm Dudung mahh... yahhhh gitu dechhhh😁😅
7639316655747089172,2026-05-13T10:13:59.000Z,1,https://www.tiktok.com/@liputan6.sctv/video/7638910407763168533,https://www.tiktok.com/@liputan6.sctv/video/7638910407763168533?commentId=7639316655747089172,scraping_tiktok,santidepok12,Capek
7639337976841175816,2026-05-13T11:33:06.000Z,4,https://www.tiktok.com/@liputan6.sctv/video/7638910407763168533,https://www.tiktok.com/@liputan6.sctv/video/7638910407763168533?commentId=7639337976841175816,scraping_tiktok,rozzandesjr,baru sadar pemerintah.... 😁
7639441634178269973,2026-05-13T18:15:28.000Z,5,https://www.tiktok.com/@liputan6.sctv/video/7638910407763168533,https://www.tiktok.com/@liputan6.sctv/video/7638910407763168533?commentId=7639441634178269973,scraping_tiktok,ahmad17_4_,"Sudah jelas di depan mata, !"
7639151665397056277,2026-05-12T23:30:41.000Z,5,https://www.tiktok.com/@liputan6.sctv/video/7638910407763168533,https://www.tiktok.com/@liputan6.sctv/video/7638910407763168533?commentId=7639151665397056277,scraping_tiktok,fieangaminggyt,"Aplikasi BGN 1,2 Trilliun 💔"
7639792510449386258,2026-05-14T16:56:55.000Z,4,https://www.tiktok.com/@liputan6.sctv/video/7638910407763168533,https://www.tiktok.com/@liputan6.sctv/video/7638910407763168533?commentId=7639792510449386258,scraping_tiktok,andrie_bagus,BPJS dan pendidikan gratis... jelas tepat sasaran bagi rakyat indonesia
7638996296263942930,2026-05-12T13:27:18.000Z,4,https://www.tiktok.com/@liputan6.sctv/video/7638910407763168533,https://www.tiktok.com/@liputan6.sctv/video/7638910407763168533?commentId=7638996296263942930,scraping_tiktok,list.yw,sudah kuduga sejak awal🤔
7639182813585113876,2026-05-13T01:36:08.000Z,1,https://www.tiktok.com/@liputan6.sctv/video/7638910407763168533,https://www.tiktok.com/@liputan6.sctv/video/7638910407763168533?commentId=7639182813585113876,scraping_tiktok,opos1s1,"dari kemaren kemana, kog baru sadar🤣"
7639343928088527623,2026-05-13T11:56:11.000Z,4,https://www.tiktok.com/@liputan6.sctv/video/7638910407763168533,https://www.tiktok.com/@liputan6.sctv/video/7638910407763168533?commentId=7639343928088527623,scraping_tiktok,naaaaz17,lah baru sadar?
7638999575031055105,2026-05-12T13:40:25.000Z,3,https://www.tiktok.com/@liputan6.sctv/video/7638910407763168533,https://www.tiktok.com/@liputan6.sctv/video/7638910407763168533?commentId=7638999575031055105,scraping_tiktok,kulipabriksawit,"semua orang juga tau, setiap program baru itu hanya jadi ladang baru."
7640032232027276053,2026-05-15T08:30:35.000Z,1,https://www.tiktok.com/@liputan6.sctv/video/7638910407763168533,https://www.tiktok.com/@liputan6.sctv/video/7638910407763168533?commentId=7640032232027276053,scraping_tiktok,dwisouvenir,tutup mbg turunkan harga2 alikan ke BPJS gratis untuk masyrkat
7639016844653462293,2026-05-12T14:47:05.000Z,3,https://www.tiktok.com/@liputan6.sctv/video/7638910407763168533,https://www.tiktok.com/@liputan6.sctv/video/7638910407763168533?commentId=7639016844653462293,scraping_tiktok,salessaleho,omon-omon
7639242020351230727,2026-05-13T05:20:49.000Z,3,https://www.tiktok.com/@liputan6.sctv/video/7638910407763168533,https://www.tiktok.com/@liputan6.sctv/video/7638910407763168533?commentId=7639242020351230727,scraping_tiktok,genkshots,Kaos kaki 10-20rb sudah lebih dari cukup
7639429539945235217,2026-05-13T17:28:28.000Z,2,https://www.tiktok.com/@liputan6.sctv/video/7638910407763168533,https://www.tiktok.com/@liputan6.sctv/video/7638910407763168533?commentId=7639429539945235217,scraping_tiktok,hay_s4yanggkuu,tolong pak minyak goreng sekarang 2 liter hampir 50 ribu😭😭😭
7638938044498920199,2026-05-12T09:41:16.000Z,3,https://www.tiktok.com/@liputan6.sctv/video/7638910407763168533,https://www.tiktok.com/@liputan6.sctv/video/7638910407763168533?commentId=7638938044498920199,scraping_tiktok,entershoping,Baru tau kamu yaaaaa?
7639356010700522257,2026-05-13T12:43:10.000Z,2,https://www.tiktok.com/@liputan6.sctv/video/7638910407763168533,https://www.tiktok.com/@liputan6.sctv/video/7638910407763168533?commentId=7639356010700522257,scraping_tiktok,rico.siahaan93,buat tim lagi .anggaran lagi
7638966782293230354,2026-05-12T11:32:50.000Z,2,https://www.tiktok.com/@liputan6.sctv/video/7638910407763168533,https://www.tiktok.com/@liputan6.sctv/video/7638910407763168533?commentId=7638966782293230354,scraping_tiktok,nusaharianmedia,jelasss lah bro
7643290808157979413,2026-05-24T03:12:18.000Z,0,https://www.tiktok.com/@liputan6.sctv/video/7638910407763168533,https://www.tiktok.com/@liputan6.sctv/video/7638910407763168533?commentId=7643290808157979413,scraping_tiktok,derrwanted,kocaakk
7639198964173046545,2026-05-13T02:33:50.000Z,1,https://www.tiktok.com/@liputan6.sctv/video/7638910407763168533,https://www.tiktok.com/@liputan6.sctv/video/7638910407763168533?commentId=7639198964173046545,scraping_tiktok,bintang_bin_tang,[Sticker] 
7639100803214754567,2026-05-12T20:16:44.000Z,1,https://www.tiktok.com/@liputan6.sctv/video/7638910407763168533,https://www.tiktok.com/@liputan6.sctv/video/7638910407763168533?commentId=7639100803214754567,scraping_tiktok,1975enda,Telat ..
7639156583532364562,2026-05-12T23:49:24.000Z,1,https://www.tiktok.com/@liputan6.sctv/video/7638910407763168533,https://www.tiktok.com/@liputan6.sctv/video/7638910407763168533?commentId=7639156583532364562,scraping_tiktok,cancercrasystarcc,up
7639559903807587092,2026-05-14T01:54:30.000Z,0,https://www.tiktok.com/@liputan6.sctv/video/7638910407763168533,https://www.tiktok.com/@liputan6.sctv/video/7638910407763168533?commentId=7639559903807587092,scraping_tiktok,fajar.mauluddin18,Baru Tau Ya 😂
7639156737228833537,2026-05-13T00:18:38.000Z,2,https://www.tiktok.com/@liputan6.sctv/video/7638910407763168533,https://www.tiktok.com/@liputan6.sctv/video/7638910407763168533?commentId=7639156737228833537,scraping_tiktok,sargiusudiisudis,"stop,,mbg"
7640301584161112853,2026-05-16T01:52:36.000Z,2,https://www.tiktok.com/@liputan6.sctv/video/7638910407763168533,https://www.tiktok.com/@liputan6.sctv/video/7638910407763168533?commentId=7640301584161112853,scraping_tiktok,capek051,NYESEL PILIH PRABOWO
7639013310185734933,2026-05-12T14:33:24.000Z,3,https://www.tiktok.com/@liputan6.sctv/video/7638910407763168533,https://www.tiktok.com/@liputan6.sctv/video/7638910407763168533?commentId=7639013310185734933,scraping_tiktok,ketua.kelas16,Wowo baru bangun
7639125453593494288,2026-05-12T21:48:43.000Z,2,https://www.tiktok.com/@liputan6.sctv/video/7638910407763168533,https://www.tiktok.com/@liputan6.sctv/video/7638910407763168533?commentId=7639125453593494288,scraping_tiktok,oky_tambunan,formalitas saja
7639033477581226760,2026-05-12T15:51:31.000Z,4,https://www.tiktok.com/@liputan6.sctv/video/7638910407763168533,https://www.tiktok.com/@liputan6.sctv/video/7638910407763168533?commentId=7639033477581226760,scraping_tiktok,manik_1312,Anggara yg gak masuk akal
7638942233295880967,2026-05-12T09:57:32.000Z,2,https://www.tiktok.com/@liputan6.sctv/video/7638910407763168533,https://www.tiktok.com/@liputan6.sctv/video/7638910407763168533?commentId=7638942233295880967,scraping_tiktok,djakasetiawan_,kyok sinetron
7639104948500513554,2026-05-12T20:29:03.000Z,2,https://www.tiktok.com/@liputan6.sctv/video/7638910407763168533,https://www.tiktok.com/@liputan6.sctv/video/7638910407763168533?commentId=7639104948500513554,scraping_tiktok,msariman2,Prabowo cukup satu periode
7639112278587556629,2026-05-12T20:57:33.000Z,2,https://www.tiktok.com/@liputan6.sctv/video/7638910407763168533,https://www.tiktok.com/@liputan6.sctv/video/7638910407763168533?commentId=7639112278587556629,scraping_tiktok,adibakhanza8221,kasihan pedagang kecil pak... klo mbg masih d teruskan
7639007331502736146,2026-05-12T14:10:06.000Z,2,https://www.tiktok.com/@liputan6.sctv/video/7638910407763168533,https://www.tiktok.com/@liputan6.sctv/video/7638910407763168533?commentId=7639007331502736146,scraping_tiktok,ndykha331,setuju harus diselidiki pak
7639161032975860487,2026-05-13T00:06:40.000Z,2,https://www.tiktok.com/@liputan6.sctv/video/7638910407763168533,https://www.tiktok.com/@liputan6.sctv/video/7638910407763168533?commentId=7639161032975860487,scraping_tiktok,asrof062,titik dapur aj di jual..
7638975052348949266,2026-05-12T12:04:53.000Z,4,https://www.tiktok.com/@liputan6.sctv/video/7638910407763168533,https://www.tiktok.com/@liputan6.sctv/video/7638910407763168533?commentId=7638975052348949266,scraping_tiktok,akuselaluberuntng,"tolong dong cek pedagang kecil di pasar 2 tanyain keadaan penjualan skrg gmn, biar tau jawabannya min 10 sample"
7639185920759005960,2026-05-13T01:43:05.000Z,2,https://www.tiktok.com/@liputan6.sctv/video/7638910407763168533,https://www.tiktok.com/@liputan6.sctv/video/7638910407763168533?commentId=7639185920759005960,scraping_tiktok,sandipraja91,untuk satu ttk dapur sppg itu di hagai kisaran 300 dan 600juta itu yg terjadi dilapangan
7639073807600960276,2026-05-12T18:28:09.000Z,3,https://www.tiktok.com/@liputan6.sctv/video/7638910407763168533,https://www.tiktok.com/@liputan6.sctv/video/7638910407763168533?commentId=7639073807600960276,scraping_tiktok,efendipradisyah,baru sadar bloggg
7639011989676016391,2026-05-12T14:28:10.000Z,2,https://www.tiktok.com/@liputan6.sctv/video/7638910407763168533,https://www.tiktok.com/@liputan6.sctv/video/7638910407763168533?commentId=7639011989676016391,scraping_tiktok,rifqiardy12,halah udah telat
7639013073872765697,2026-05-12T14:32:23.000Z,2,https://www.tiktok.com/@liputan6.sctv/video/7638910407763168533,https://www.tiktok.com/@liputan6.sctv/video/7638910407763168533?commentId=7639013073872765697,scraping_tiktok,mrsalin80,Smoga semakin terang benerang
7638954131150570260,2026-05-12T10:43:50.000Z,2,https://www.tiktok.com/@liputan6.sctv/video/7638910407763168533,https://www.tiktok.com/@liputan6.sctv/video/7638910407763168533?commentId=7638954131150570260,scraping_tiktok,jarijemari_saleh21,dri dulu kmnaaaaaaa
7638973703657865992,2026-05-12T11:59:39.000Z,2,https://www.tiktok.com/@liputan6.sctv/video/7638910407763168533,https://www.tiktok.com/@liputan6.sctv/video/7638910407763168533?commentId=7638973703657865992,scraping_tiktok,alfa_foam_furniture,kalo kopdes gimana😁
7639393969080124167,2026-05-13T15:10:27.000Z,3,https://www.tiktok.com/@liputan6.sctv/video/7638910407763168533,https://www.tiktok.com/@liputan6.sctv/video/7638910407763168533?commentId=7639393969080124167,scraping_tiktok,petani_milenial992,"kenapa baru sekarang sadar nya? bukan celah lagi pak, tapi emang udah ada korupsi nya"
7639068744795259655,2026-05-12T18:08:24.000Z,2,https://www.tiktok.com/@liputan6.sctv/video/7638910407763168533,https://www.tiktok.com/@liputan6.sctv/video/7638910407763168533?commentId=7639068744795259655,scraping_tiktok,user4253627371514,sangat.... sangat... sangat membantu dan menyehatkan perekonomian buat yang punya dapur² MBG dan para pengurus BGN
7638970385633051399,2026-05-12T11:46:46.000Z,2,https://www.tiktok.com/@liputan6.sctv/video/7638910407763168533,https://www.tiktok.com/@liputan6.sctv/video/7638910407763168533?commentId=7638970385633051399,scraping_tiktok,user75469106860033,terlambat.. byk yg sdh kenyang
7638999170741682965,2026-05-12T13:38:31.000Z,2,https://www.tiktok.com/@liputan6.sctv/video/7638910407763168533,https://www.tiktok.com/@liputan6.sctv/video/7638910407763168533?commentId=7638999170741682965,scraping_tiktok,burititem_panci,ketua sppg nya bisa beli mobil
7639161706531455760,2026-05-13T00:09:59.000Z,2,https://www.tiktok.com/@liputan6.sctv/video/7638910407763168533,https://www.tiktok.com/@liputan6.sctv/video/7638910407763168533?commentId=7639161706531455760,scraping_tiktok,eko.robimianto,udah dari lama woyyy udah lama kemana aja??
7638914364224996103,2026-05-12T08:09:19.000Z,2,https://www.tiktok.com/@liputan6.sctv/video/7638910407763168533,https://www.tiktok.com/@liputan6.sctv/video/7638910407763168533?commentId=7638914364224996103,scraping_tiktok,lagiviral4,[Sticker] sdh ku bilang
7639027820920029968,2026-05-12T15:29:32.000Z,2,https://www.tiktok.com/@liputan6.sctv/video/7638910407763168533,https://www.tiktok.com/@liputan6.sctv/video/7638910407763168533?commentId=7639027820920029968,scraping_tiktok,putra.bangkit0,Saya yakin Masih bagus di tangani ALFAMART dan INDOMARET
7639002399952552721,2026-05-12T13:51:18.000Z,2,https://www.tiktok.com/@liputan6.sctv/video/7638910407763168533,https://www.tiktok.com/@liputan6.sctv/video/7638910407763168533?commentId=7639002399952552721,scraping_tiktok,kilas_story,"Kaos kaki sepasang 100rb , itu kaos kaki bentuknya spt apa ya 😳 semahal itu"
7639132769339540232,2026-05-12T22:16:57.000Z,2,https://www.tiktok.com/@liputan6.sctv/video/7638910407763168533,https://www.tiktok.com/@liputan6.sctv/video/7638910407763168533?commentId=7639132769339540232,scraping_tiktok,mustopa2353,sakit hati orang yang bayar pajak
7639275422149346069,2026-05-13T07:30:41.000Z,3,https://www.tiktok.com/@liputan6.sctv/video/7638910407763168533,https://www.tiktok.com/@liputan6.sctv/video/7638910407763168533?commentId=7639275422149346069,scraping_tiktok,guardoland_0,DARI AWAL WOK
7639062486206350087,2026-05-12T17:44:10.000Z,3,https://www.tiktok.com/@liputan6.sctv/video/7638910407763168533,https://www.tiktok.com/@liputan6.sctv/video/7638910407763168533?commentId=7639062486206350087,scraping_tiktok,andhika.purba,"stop mbg, bagus anggaranya buat pendidikan, buat guru2 yg mencerdaskan anak bangsa juga nakes2"
7639036784831726356,2026-05-12T16:04:25.000Z,3,https://www.tiktok.com/@liputan6.sctv/video/7638910407763168533,https://www.tiktok.com/@liputan6.sctv/video/7638910407763168533?commentId=7639036784831726356,scraping_tiktok,wijil93,setuju karna ngeri² sedap hasil perhari nya sedangkan menu banyak yg tidak sesuai
7639196665064620807,2026-05-13T02:24:47.000Z,2,https://www.tiktok.com/@liputan6.sctv/video/7638910407763168533,https://www.tiktok.com/@liputan6.sctv/video/7638910407763168533?commentId=7639196665064620807,scraping_tiktok,bejojo05,percuma mbg ada barang semua naik bikin rakyat kecil susah dlm hal sadang pangan
7639021886470439697,2026-05-12T15:06:42.000Z,2,https://www.tiktok.com/@liputan6.sctv/video/7638910407763168533,https://www.tiktok.com/@liputan6.sctv/video/7638910407763168533?commentId=7639021886470439697,scraping_tiktok,yesiamca,Udah 17.517 nih
7639020331664098066,2026-05-12T15:00:33.000Z,2,https://www.tiktok.com/@liputan6.sctv/video/7638910407763168533,https://www.tiktok.com/@liputan6.sctv/video/7638910407763168533?commentId=7639020331664098066,scraping_tiktok,hzle370,"telor 2rb
tempe 500 perak
nasi 2rb
minyak 500 perak 😂"
7639019789314654983,2026-05-12T14:58:23.000Z,3,https://www.tiktok.com/@liputan6.sctv/video/7638910407763168533,https://www.tiktok.com/@liputan6.sctv/video/7638910407763168533?commentId=7639019789314654983,scraping_tiktok,febrianti634,lbi baik per kk setiap bulan d kasi 2.5 JT .. insaallah Amana dan membantu kemiskinan
7638929900212273927,2026-05-12T09:09:33.000Z,3,https://www.tiktok.com/@liputan6.sctv/video/7638910407763168533,https://www.tiktok.com/@liputan6.sctv/video/7638910407763168533?commentId=7638929900212273927,scraping_tiktok,sherlysafarongga,dari pd mbg lebih baik bpjs kesehatan gratis untuk semua rakyat indonesia
7639029431793009428,2026-05-12T15:35:52.000Z,2,https://www.tiktok.com/@liputan6.sctv/video/7638910407763168533,https://www.tiktok.com/@liputan6.sctv/video/7638910407763168533?commentId=7639029431793009428,scraping_tiktok,sandby10313,SYUKUR DAH KALO PRESIDEN MULAI SADAR.
7639000944844243733,2026-05-12T13:45:23.000Z,4,https://www.tiktok.com/@liputan6.sctv/video/7638910407763168533,https://www.tiktok.com/@liputan6.sctv/video/7638910407763168533?commentId=7639000944844243733,scraping_tiktok,rachmanhakim7,yg ini di selidikin gak ya 🗿
7639173833975235336,2026-05-13T00:56:19.000Z,1,https://www.tiktok.com/@liputan6.sctv/video/7638910407763168533,https://www.tiktok.com/@liputan6.sctv/video/7638910407763168533?commentId=7639173833975235336,scraping_tiktok,d.yspp,[Sticker] ahkk bosennnn
7639017682633720594,2026-05-12T14:50:14.000Z,2,https://www.tiktok.com/@liputan6.sctv/video/7638910407763168533,https://www.tiktok.com/@liputan6.sctv/video/7638910407763168533?commentId=7639017682633720594,scraping_tiktok,fulan_.67,ha? dia masi nyadar sekarang??? 🗿
7639562865775952647,2026-05-14T02:05:57.000Z,2,https://www.tiktok.com/@liputan6.sctv/video/7638910407763168533,https://www.tiktok.com/@liputan6.sctv/video/7638910407763168533?commentId=7639562865775952647,scraping_tiktok,cecep_ginanjar10,baru bangun 😂😂😂😂
7639395236674732821,2026-05-13T15:15:29.000Z,2,https://www.tiktok.com/@liputan6.sctv/video/7638910407763168533,https://www.tiktok.com/@liputan6.sctv/video/7638910407763168533?commentId=7639395236674732821,scraping_tiktok,gisanisa,"Anggaran dr pemerintah 15rb. Yg diterima dlm bentuk makanan 10rb. Belum lg keadaanya suka basi, nasi blm mateng, buah busuk. Dialami bgt ini disini"
7638943177501082389,2026-05-12T10:01:22.000Z,2,https://www.tiktok.com/@liputan6.sctv/video/7638910407763168533,https://www.tiktok.com/@liputan6.sctv/video/7638910407763168533?commentId=7638943177501082389,scraping_tiktok,yantigulo17,dah stop ajah
7639010622430479111,2026-05-12T14:22:49.000Z,2,https://www.tiktok.com/@liputan6.sctv/video/7638910407763168533,https://www.tiktok.com/@liputan6.sctv/video/7638910407763168533?commentId=7639010622430479111,scraping_tiktok,wawan_89kumis,abis laptop terbitlah kaos kaki 😂😂
7641982253904888596,2026-05-20T14:34:25.000Z,1,https://www.tiktok.com/@liputan6.sctv/video/7638910407763168533,https://www.tiktok.com/@liputan6.sctv/video/7638910407763168533?commentId=7641982253904888596,scraping_tiktok,natasyakelly76,"tutup mbg, harga bahan pokok turun lagi"
7639218432927990536,2026-05-13T03:49:21.000Z,1,https://www.tiktok.com/@liputan6.sctv/video/7638910407763168533,https://www.tiktok.com/@liputan6.sctv/video/7638910407763168533?commentId=7639218432927990536,scraping_tiktok,z4lnsjq,
7639366187655676680,2026-05-13T13:22:42.000Z,1,https://www.tiktok.com/@liputan6.sctv/video/7638910407763168533,https://www.tiktok.com/@liputan6.sctv/video/7638910407763168533?commentId=7639366187655676680,scraping_tiktok,jokopsound_mazben,Aji Mumpung 😂
7639271032424416021,2026-05-13T07:19:13.000Z,1,https://www.tiktok.com/@liputan6.sctv/video/7638910407763168533,https://www.tiktok.com/@liputan6.sctv/video/7638910407763168533?commentId=7639271032424416021,scraping_tiktok,testting982,
7639244188799222546,2026-05-13T05:29:18.000Z,2,https://www.tiktok.com/@liputan6.sctv/video/7638910407763168533,https://www.tiktok.com/@liputan6.sctv/video/7638910407763168533?commentId=7639244188799222546,scraping_tiktok,cokawaa,Bagaimna pendapat Prabowo 🗿
7638991046210945800,2026-05-12T13:06:52.000Z,2,https://www.tiktok.com/@liputan6.sctv/video/7638910407763168533,https://www.tiktok.com/@liputan6.sctv/video/7638910407763168533?commentId=7638991046210945800,scraping_tiktok,solana.corp,lah udh terang terangan 😂
7639426286238171921,2026-05-13T17:15:50.000Z,3,https://www.tiktok.com/@liputan6.sctv/video/7638910407763168533,https://www.tiktok.com/@liputan6.sctv/video/7638910407763168533?commentId=7639426286238171921,scraping_tiktok,hasbunagroupsreborn,"pak Prabowo coba di check lagi yayasannya yg mbuka mbg adakah nama nama yg sama di setiap yayasan tersebut pak , ini ada 1 orang punya 9 sppg ada juga yg punya 6 sppg, seng sugih tambah sugih pak , model OPO koyok ngene pak Prabowo, mohon atensi nya pak presiden"
7639178314816537364,2026-05-13T01:13:45.000Z,1,https://www.tiktok.com/@liputan6.sctv/video/7638910407763168533,https://www.tiktok.com/@liputan6.sctv/video/7638910407763168533?commentId=7639178314816537364,scraping_tiktok,akbaarr__,ini kan emang lahan basah
7639381748573111061,2026-05-13T14:26:24.000Z,1,https://www.tiktok.com/@liputan6.sctv/video/7638910407763168533,https://www.tiktok.com/@liputan6.sctv/video/7638910407763168533?commentId=7639381748573111061,scraping_tiktok,gedang.klutuk733,muak bgt
7638960239048688401,2026-05-12T11:07:41.000Z,4,https://www.tiktok.com/@liputan6.sctv/video/7638910407763168533,https://www.tiktok.com/@liputan6.sctv/video/7638910407763168533?commentId=7638960239048688401,scraping_tiktok,muhamad.efendi1810,"mbg bagus, mungkin hanya harus di evaluasi ulang celah korup nya banyak banget , dan menu² nya gak sesuai anggaran perporsi"
7638911159517315841,2026-05-12T07:56:56.000Z,2,https://www.tiktok.com/@liputan6.sctv/video/7638910407763168533,https://www.tiktok.com/@liputan6.sctv/video/7638910407763168533?commentId=7638911159517315841,scraping_tiktok,baronoonly,kedua dapat apa
7638919138111079185,2026-05-12T08:28:14.000Z,1,https://www.tiktok.com/@liputan6.sctv/video/7638910407763168533,https://www.tiktok.com/@liputan6.sctv/video/7638910407763168533?commentId=7638919138111079185,scraping_tiktok,teki.kato,[Sticker] 🫳🫴🫳🫴🫳🫴
7639027757258654471,2026-05-12T15:33:19.000Z,1,https://www.tiktok.com/@liputan6.sctv/video/7638910407763168533,https://www.tiktok.com/@liputan6.sctv/video/7638910407763168533?commentId=7639027757258654471,scraping_tiktok,suliye03,saya aja rakyat biasa sudah menduga sejak awal berjalan
7641208357655806741,2026-05-18T12:34:54.000Z,0,https://www.tiktok.com/@liputan6.sctv/video/7638910407763168533,https://www.tiktok.com/@liputan6.sctv/video/7638910407763168533?commentId=7641208357655806741,scraping_tiktok,limatujuh515,kasihan pak Prabowo. partai bos2 dapur yg punya dapur tlg di tertibkan yg jual beli titik dapur. ada yg ounyalbh dari 10titik dapur utk 1 orang
7638936269905183506,2026-05-12T09:38:35.000Z,2,https://www.tiktok.com/@liputan6.sctv/video/7638910407763168533,https://www.tiktok.com/@liputan6.sctv/video/7638910407763168533?commentId=7638936269905183506,scraping_tiktok,rriyan_097,"Saudara"" ... mbg bermanfaat untuk rakyat atau tidakkkk .......????"
7639384129810006804,2026-05-13T14:32:20.000Z,1,https://www.tiktok.com/@liputan6.sctv/video/7638910407763168533,https://www.tiktok.com/@liputan6.sctv/video/7638910407763168533?commentId=7639384129810006804,scraping_tiktok,agus_setyo1951,kebiasaan barang udah habis baru datang
7639601604908516103,2026-05-14T04:36:15.000Z,2,https://www.tiktok.com/@liputan6.sctv/video/7638910407763168533,https://www.tiktok.com/@liputan6.sctv/video/7638910407763168533?commentId=7639601604908516103,scraping_tiktok,yarisunart0,caranya bagus si tapi sistem nya jelek dari 16500 sampai di sekolah 7000 aja
7640061780668220181,2026-05-15T10:21:59.000Z,2,https://www.tiktok.com/@liputan6.sctv/video/7638910407763168533,https://www.tiktok.com/@liputan6.sctv/video/7638910407763168533?commentId=7640061780668220181,scraping_tiktok,triset_76,"program bagus pelaksana yg perlu di dampingi dg serius .
apa ngg bisa di ganti dg fokus program SEKOLAH GRATIS saja lebih bagus ."
7638922416475603713,2026-05-12T08:40:49.000Z,2,https://www.tiktok.com/@liputan6.sctv/video/7638910407763168533,https://www.tiktok.com/@liputan6.sctv/video/7638910407763168533?commentId=7638922416475603713,scraping_tiktok,terserah.iih,[Sticker] 
7638982085222466320,2026-05-12T12:32:15.000Z,2,https://www.tiktok.com/@liputan6.sctv/video/7638910407763168533,https://www.tiktok.com/@liputan6.sctv/video/7638910407763168533?commentId=7638982085222466320,scraping_tiktok,aiss.310,MBG bagus untuk perekonomian rakyat besar dan orang kaya
7639379342094648085,2026-05-13T14:15:19.000Z,1,https://www.tiktok.com/@liputan6.sctv/video/7638910407763168533,https://www.tiktok.com/@liputan6.sctv/video/7638910407763168533?commentId=7639379342094648085,scraping_tiktok,toracasli,mmng mbg hrus di benahi ekonomi makin g stabil.. rakyat kecil usaha klilingan makin mnjerit tlng di pulihkan lg ekonomi biar masyarak bisa makmur
7639334526266934034,2026-05-13T11:19:43.000Z,1,https://www.tiktok.com/@liputan6.sctv/video/7638910407763168533,https://www.tiktok.com/@liputan6.sctv/video/7638910407763168533?commentId=7639334526266934034,scraping_tiktok,volxgueve2,kemaren² kemana aja 😏
7641173411726115592,2026-05-18T10:21:21.000Z,1,https://www.tiktok.com/@liputan6.sctv/video/7638910407763168533,https://www.tiktok.com/@liputan6.sctv/video/7638910407763168533?commentId=7641173411726115592,scraping_tiktok,fr.sayang,g udah sok kaget kan dah dari awal
7639217698598486792,2026-05-13T03:46:35.000Z,1,https://www.tiktok.com/@liputan6.sctv/video/7638910407763168533,https://www.tiktok.com/@liputan6.sctv/video/7638910407763168533?commentId=7639217698598486792,scraping_tiktok,basri.basri.al.fi,sudah jelas
7639545221529535250,2026-05-14T00:57:29.000Z,1,https://www.tiktok.com/@liputan6.sctv/video/7638910407763168533,https://www.tiktok.com/@liputan6.sctv/video/7638910407763168533?commentId=7639545221529535250,scraping_tiktok,b.p.s.05,"kaok kaki sepasang 100k, itu bahan nya apa ya?? bertanya dengan intro Air bunga"
7639433262175306513,2026-05-13T17:42:51.000Z,1,https://www.tiktok.com/@liputan6.sctv/video/7638910407763168533,https://www.tiktok.com/@liputan6.sctv/video/7638910407763168533?commentId=7639433262175306513,scraping_tiktok,puputthebronk6,itu mah jelas
7639988904594096913,2026-05-15T05:39:03.000Z,1,https://www.tiktok.com/@liputan6.sctv/video/7638910407763168533,https://www.tiktok.com/@liputan6.sctv/video/7638910407763168533?commentId=7639988904594096913,scraping_tiktok,gondes1223,tau sih mau STOP malu
7639920440639963925,2026-05-15T01:13:35.000Z,1,https://www.tiktok.com/@liputan6.sctv/video/7638910407763168533,https://www.tiktok.com/@liputan6.sctv/video/7638910407763168533?commentId=7639920440639963925,scraping_tiktok,elahhayatiputribantn,Setop mbg
7639382046649860882,2026-05-13T14:24:11.000Z,1,https://www.tiktok.com/@liputan6.sctv/video/7638910407763168533,https://www.tiktok.com/@liputan6.sctv/video/7638910407763168533?commentId=7639382046649860882,scraping_tiktok,yukkkkk37,ayu kpk
7639687817468035860,2026-05-14T10:10:54.000Z,1,https://www.tiktok.com/@liputan6.sctv/video/7638910407763168533,https://www.tiktok.com/@liputan6.sctv/video/7638910407763168533?commentId=7639687817468035860,scraping_tiktok,user834276085,baru nyadar ya
7639349533667607316,2026-05-13T12:21:43.000Z,1,https://www.tiktok.com/@liputan6.sctv/video/7638910407763168533,https://www.tiktok.com/@liputan6.sctv/video/7638910407763168533?commentId=7639349533667607316,scraping_tiktok,user8717147707634,maaf Mentri ke uangan nya kemana za sekarang?
7639607584379765521,2026-05-14T05:18:29.000Z,1,https://www.tiktok.com/@liputan6.sctv/video/7638910407763168533,https://www.tiktok.com/@liputan6.sctv/video/7638910407763168533?commentId=7639607584379765521,scraping_tiktok,user7714516111504,bagus stop ajah
7639692983806051088,2026-05-14T10:31:06.000Z,1,https://www.tiktok.com/@liputan6.sctv/video/7638910407763168533,https://www.tiktok.com/@liputan6.sctv/video/7638910407763168533?commentId=7639692983806051088,scraping_tiktok,ahmadmamin07,tida tepatMBG yg tepat uwangnya langsung ke orangtua siswa hanya orang tua yg tau makanan untuk anak anaknya
7639329724325544724,2026-05-13T11:01:09.000Z,1,https://www.tiktok.com/@liputan6.sctv/video/7638910407763168533,https://www.tiktok.com/@liputan6.sctv/video/7638910407763168533?commentId=7639329724325544724,scraping_tiktok,nurdianan3,MBG ganti dengan uang saja lebih bermanfaat buat pelajar🙏🙏🙏
7639746398586815252,2026-05-14T14:01:49.000Z,1,https://www.tiktok.com/@liputan6.sctv/video/7638910407763168533,https://www.tiktok.com/@liputan6.sctv/video/7638910407763168533?commentId=7639746398586815252,scraping_tiktok,umi_17575,Naah Lo..
7639179650685715208,2026-05-13T01:18:49.000Z,1,https://www.tiktok.com/@liputan6.sctv/video/7638910407763168533,https://www.tiktok.com/@liputan6.sctv/video/7638910407763168533?commentId=7639179650685715208,scraping_tiktok,wandy390,cukup di cek
7639325221774295826,2026-05-13T10:43:37.000Z,1,https://www.tiktok.com/@liputan6.sctv/video/7638910407763168533,https://www.tiktok.com/@liputan6.sctv/video/7638910407763168533?commentId=7639325221774295826,scraping_tiktok,baddiiiee7,Ahh bisa aja akting baru sadar skrg 🤭🤭
7639399677449077524,2026-05-13T15:32:44.000Z,1,https://www.tiktok.com/@liputan6.sctv/video/7638910407763168533,https://www.tiktok.com/@liputan6.sctv/video/7638910407763168533?commentId=7639399677449077524,scraping_tiktok,kim36238,ya allah segera beri hidayahmu 🤲
7639231040200377109,2026-05-13T04:42:31.000Z,1,https://www.tiktok.com/@liputan6.sctv/video/7638910407763168533,https://www.tiktok.com/@liputan6.sctv/video/7638910407763168533?commentId=7639231040200377109,scraping_tiktok,budiarahman20,ya biasa lahhh
7639362359949476616,2026-05-13T13:07:44.000Z,1,https://www.tiktok.com/@liputan6.sctv/video/7638910407763168533,https://www.tiktok.com/@liputan6.sctv/video/7638910407763168533?commentId=7639362359949476616,scraping_tiktok,kopi_pahit613,"kalian percaya?
😂😂😂😂"
7639360972121391873,2026-05-13T13:02:35.000Z,1,https://www.tiktok.com/@liputan6.sctv/video/7638910407763168533,https://www.tiktok.com/@liputan6.sctv/video/7638910407763168533?commentId=7639360972121391873,scraping_tiktok,suparsa_205,ngerasa ngga si dagangan kita omset menurun. uang modal terus harus di tambah tapi keuntungan tidak terlalu seimbang
7639344236983173895,2026-05-13T11:57:31.000Z,1,https://www.tiktok.com/@liputan6.sctv/video/7638910407763168533,https://www.tiktok.com/@liputan6.sctv/video/7638910407763168533?commentId=7639344236983173895,scraping_tiktok,bram0661,"terlalu boros padahal tujuannya hanya untuk makan.. harusnya buat saja beberapa kantin ditiap sekolah supaya anak bisa memilih mau menu apa..buatkan atm misalnya limit penarikan 15 ribu/hari khusus bisa digesek dikantin atau belanja dikoperasi merah putih klau ada sisa krna anak ada absen tdak kesekolah jadi dananya 100% sampai tujuan.. hemat anggaran tdak bnyak yg trlibat,potensi keracunan jga kecil.."
7639308669205447431,2026-05-13T09:39:29.000Z,1,https://www.tiktok.com/@liputan6.sctv/video/7638910407763168533,https://www.tiktok.com/@liputan6.sctv/video/7638910407763168533?commentId=7639308669205447431,scraping_tiktok,jalushanghiang,Mbg bagus untuk Rakyat Dan uang Negara😁😁😁
7639299309113180936,2026-05-13T09:03:09.000Z,1,https://www.tiktok.com/@liputan6.sctv/video/7638910407763168533,https://www.tiktok.com/@liputan6.sctv/video/7638910407763168533?commentId=7639299309113180936,scraping_tiktok,alfiantoarie,mohon lah pak dengar rakyat
7639298250852565781,2026-05-13T08:59:14.000Z,1,https://www.tiktok.com/@liputan6.sctv/video/7638910407763168533,https://www.tiktok.com/@liputan6.sctv/video/7638910407763168533?commentId=7639298250852565781,scraping_tiktok,iwakteri010,udah mohon di tutup aja mbg pak
7639293722085769992,2026-05-13T08:41:26.000Z,1,https://www.tiktok.com/@liputan6.sctv/video/7638910407763168533,https://www.tiktok.com/@liputan6.sctv/video/7638910407763168533?commentId=7639293722085769992,scraping_tiktok,uchida072,"Gpp kan program nya bagus untuk polri, Tni dan partai"
7639289877594899208,2026-05-13T08:30:24.000Z,1,https://www.tiktok.com/@liputan6.sctv/video/7638910407763168533,https://www.tiktok.com/@liputan6.sctv/video/7638910407763168533?commentId=7639289877594899208,scraping_tiktok,marnasumarna953,Amburadul...
7639275722150871816,2026-05-13T07:37:23.000Z,1,https://www.tiktok.com/@liputan6.sctv/video/7638910407763168533,https://www.tiktok.com/@liputan6.sctv/video/7638910407763168533?commentId=7639275722150871816,scraping_tiktok,juara763,"Nyuruh KSP yg selidiki ? Knp ga KPK atau Kejagung aja, pak ?"
7639273644183651092,2026-05-13T07:28:04.000Z,1,https://www.tiktok.com/@liputan6.sctv/video/7638910407763168533,https://www.tiktok.com/@liputan6.sctv/video/7638910407763168533?commentId=7639273644183651092,scraping_tiktok,.wilovely,"ya iya lah
dari dulu"
7639271068129379090,2026-05-13T07:13:32.000Z,1,https://www.tiktok.com/@liputan6.sctv/video/7638910407763168533,https://www.tiktok.com/@liputan6.sctv/video/7638910407763168533?commentId=7639271068129379090,scraping_tiktok,rxysx25,"tanyain bpknya gibran bro, dia kebih tau"
7639269446805668624,2026-05-13T07:07:52.000Z,1,https://www.tiktok.com/@liputan6.sctv/video/7638910407763168533,https://www.tiktok.com/@liputan6.sctv/video/7638910407763168533?commentId=7639269446805668624,scraping_tiktok,aliakbarproject,BUKAN ADANYA TAPI BANYAK CELAH
7639266599031685909,2026-05-13T06:56:18.000Z,1,https://www.tiktok.com/@liputan6.sctv/video/7638910407763168533,https://www.tiktok.com/@liputan6.sctv/video/7638910407763168533?commentId=7639266599031685909,scraping_tiktok,pengguna_mi_chat,baru sadar sekarang.?
7639261628550808341,2026-05-13T06:37:01.000Z,1,https://www.tiktok.com/@liputan6.sctv/video/7638910407763168533,https://www.tiktok.com/@liputan6.sctv/video/7638910407763168533?commentId=7639261628550808341,scraping_tiktok,muntolgodok,semua dapur
7639261142549218055,2026-05-13T06:35:05.000Z,1,https://www.tiktok.com/@liputan6.sctv/video/7638910407763168533,https://www.tiktok.com/@liputan6.sctv/video/7638910407763168533?commentId=7639261142549218055,scraping_tiktok,bangmo_4,sudah diduga
7639249232641753864,2026-05-13T05:48:48.000Z,1,https://www.tiktok.com/@liputan6.sctv/video/7638910407763168533,https://www.tiktok.com/@liputan6.sctv/video/7638910407763168533?commentId=7639249232641753864,scraping_tiktok,el_jr510,itu sudah kesenangan presiden
7639247122827297544,2026-05-13T05:40:38.000Z,1,https://www.tiktok.com/@liputan6.sctv/video/7638910407763168533,https://www.tiktok.com/@liputan6.sctv/video/7638910407763168533?commentId=7639247122827297544,scraping_tiktok,tohnystark,mark up bukan mar ap
7639243674719240967,2026-05-13T05:27:14.000Z,1,https://www.tiktok.com/@liputan6.sctv/video/7638910407763168533,https://www.tiktok.com/@liputan6.sctv/video/7638910407763168533?commentId=7639243674719240967,scraping_tiktok,sonmino03,pura² GK tau aja teros😂
7639236672861766420,2026-05-13T05:00:14.000Z,1,https://www.tiktok.com/@liputan6.sctv/video/7638910407763168533,https://www.tiktok.com/@liputan6.sctv/video/7638910407763168533?commentId=7639236672861766420,scraping_tiktok,e.mexsure,telat atensinya...
7639234842157499143,2026-05-13T04:53:03.000Z,1,https://www.tiktok.com/@liputan6.sctv/video/7638910407763168533,https://www.tiktok.com/@liputan6.sctv/video/7638910407763168533?commentId=7639234842157499143,scraping_tiktok,plisbisaaa,"ngopo ora mikir ngono Ket ndek mben si, gemashhh 😭"
7639225302992732949,2026-05-13T04:16:06.000Z,1,https://www.tiktok.com/@liputan6.sctv/video/7638910407763168533,https://www.tiktok.com/@liputan6.sctv/video/7638910407763168533?commentId=7639225302992732949,scraping_tiktok,something_wron9,Baru diperiksa? Wkwkwkwk
7639223274732618497,2026-05-13T04:08:34.000Z,1,https://www.tiktok.com/@liputan6.sctv/video/7638910407763168533,https://www.tiktok.com/@liputan6.sctv/video/7638910407763168533?commentId=7639223274732618497,scraping_tiktok,davian.std,"kok baru sadar, aneh"
7639184684828164884,2026-05-13T01:38:31.000Z,1,https://www.tiktok.com/@liputan6.sctv/video/7638910407763168533,https://www.tiktok.com/@liputan6.sctv/video/7638910407763168533?commentId=7639184684828164884,scraping_tiktok,bian6738,setuju
7639183432282784532,2026-05-13T01:33:34.000Z,1,https://www.tiktok.com/@liputan6.sctv/video/7638910407763168533,https://www.tiktok.com/@liputan6.sctv/video/7638910407763168533?commentId=7639183432282784532,scraping_tiktok,denko713,TIDAK SETUJU MBG.
7640344154031637268,2026-05-16T04:37:44.000Z,1,https://www.tiktok.com/@liputan6.sctv/video/7638910407763168533,https://www.tiktok.com/@liputan6.sctv/video/7638910407763168533?commentId=7640344154031637268,scraping_tiktok,butdrexs,kemana aja denpresiden ?
7639209315291251473,2026-05-13T03:38:44.000Z,1,https://www.tiktok.com/@liputan6.sctv/video/7638910407763168533,https://www.tiktok.com/@liputan6.sctv/video/7638910407763168533?commentId=7639209315291251473,scraping_tiktok,06mei94,dari atas sampai bawah kemungkinan berperan
7639200988800713489,2026-05-13T02:47:41.000Z,1,https://www.tiktok.com/@liputan6.sctv/video/7638910407763168533,https://www.tiktok.com/@liputan6.sctv/video/7638910407763168533?commentId=7639200988800713489,scraping_tiktok,arissetyawan631,kemana aj
7638918149609669397,2026-05-12T08:24:03.000Z,2,https://www.tiktok.com/@liputan6.sctv/video/7638910407763168533,https://www.tiktok.com/@liputan6.sctv/video/7638910407763168533?commentId=7638918149609669397,scraping_tiktok,ahkwat0495,masa y baru tau
7639175537664328468,2026-05-13T01:03:15.000Z,1,https://www.tiktok.com/@liputan6.sctv/video/7638910407763168533,https://www.tiktok.com/@liputan6.sctv/video/7638910407763168533?commentId=7639175537664328468,scraping_tiktok,sukronalparidzo,murah banget untuk kaos kaki nya
7639166081789559560,2026-05-13T00:26:13.000Z,1,https://www.tiktok.com/@liputan6.sctv/video/7638910407763168533,https://www.tiktok.com/@liputan6.sctv/video/7638910407763168533?commentId=7639166081789559560,scraping_tiktok,ronalsepriadi237,bayar pajak hanya untuk ini semua 🥲
7639178585068159751,2026-05-13T01:14:39.000Z,1,https://www.tiktok.com/@liputan6.sctv/video/7638910407763168533,https://www.tiktok.com/@liputan6.sctv/video/7638910407763168533?commentId=7639178585068159751,scraping_tiktok,zarrahassby,[Sticker] aman aman...
7639154802631656210,2026-05-12T23:42:33.000Z,1,https://www.tiktok.com/@liputan6.sctv/video/7638910407763168533,https://www.tiktok.com/@liputan6.sctv/video/7638910407763168533?commentId=7639154802631656210,scraping_tiktok,risthismith,kaos kaki 100 RB dapat 12 pcs...
7639188904316027649,2026-05-13T01:54:40.000Z,1,https://www.tiktok.com/@liputan6.sctv/video/7638910407763168533,https://www.tiktok.com/@liputan6.sctv/video/7638910407763168533?commentId=7639188904316027649,scraping_tiktok,fahmiajis52,mbg lagi mbg lagi 😫
7639989080700584711,2026-05-15T05:39:46.000Z,1,https://www.tiktok.com/@liputan6.sctv/video/7638910407763168533,https://www.tiktok.com/@liputan6.sctv/video/7638910407763168533?commentId=7639989080700584711,scraping_tiktok,aabece1234,betul sekali..mbg tidak efektif
7639219956562838279,2026-05-13T03:55:10.000Z,1,https://www.tiktok.com/@liputan6.sctv/video/7638910407763168533,https://www.tiktok.com/@liputan6.sctv/video/7638910407763168533?commentId=7639219956562838279,scraping_tiktok,ginanjarsroy,mustahil terungkap
7639725574894437127,2026-05-14T12:37:13.000Z,0,https://www.tiktok.com/@liputan6.sctv/video/7638910407763168533,https://www.tiktok.com/@liputan6.sctv/video/7638910407763168533?commentId=7639725574894437127,scraping_tiktok,nasirins1,jual beli titik SPPG itu yang dilapangan yang berwenang nentukan titik SPPG
7639164149230535444,2026-05-13T00:18:57.000Z,1,https://www.tiktok.com/@liputan6.sctv/video/7638910407763168533,https://www.tiktok.com/@liputan6.sctv/video/7638910407763168533?commentId=7639164149230535444,scraping_tiktok,aangs_27,"bukan celah,tapi kan tujuan proyek nya emang itu"
7639165307358429960,2026-05-13T00:23:22.000Z,1,https://www.tiktok.com/@liputan6.sctv/video/7638910407763168533,https://www.tiktok.com/@liputan6.sctv/video/7638910407763168533?commentId=7639165307358429960,scraping_tiktok,redbel28,Kaos kaki gw aja 20rb 5 pasang 😩
7639172191971869460,2026-05-13T00:50:02.000Z,1,https://www.tiktok.com/@liputan6.sctv/video/7638910407763168533,https://www.tiktok.com/@liputan6.sctv/video/7638910407763168533?commentId=7639172191971869460,scraping_tiktok,j.z.j2,knp baru sadar sekaranggggggg!!!!
7639973854534468370,2026-05-15T04:40:41.000Z,1,https://www.tiktok.com/@liputan6.sctv/video/7638910407763168533,https://www.tiktok.com/@liputan6.sctv/video/7638910407763168533?commentId=7639973854534468370,scraping_tiktok,raymondadhitya,masak lola banget loadingnya
7639651222048555796,2026-05-14T07:48:55.000Z,1,https://www.tiktok.com/@liputan6.sctv/video/7638910407763168533,https://www.tiktok.com/@liputan6.sctv/video/7638910407763168533?commentId=7639651222048555796,scraping_tiktok,meng_harap_ridho_allah,KPK terbaik lah kalau bisa ungkap kasus ini
7639397079140123413,2026-05-13T15:22:34.000Z,1,https://www.tiktok.com/@liputan6.sctv/video/7638910407763168533,https://www.tiktok.com/@liputan6.sctv/video/7638910407763168533?commentId=7639397079140123413,scraping_tiktok,agus.santoso309,benahi lg MBG nya agar benar benar layak menunya dan tidak ada lg yang keracunan MBG.
7639396524003803911,2026-05-13T15:20:16.000Z,1,https://www.tiktok.com/@liputan6.sctv/video/7638910407763168533,https://www.tiktok.com/@liputan6.sctv/video/7638910407763168533?commentId=7639396524003803911,scraping_tiktok,nayarajaya_1,mantap MBG
7639396263947043604,2026-05-13T15:19:21.000Z,1,https://www.tiktok.com/@liputan6.sctv/video/7638910407763168533,https://www.tiktok.com/@liputan6.sctv/video/7638910407763168533?commentId=7639396263947043604,scraping_tiktok,indrabaguz88,Saya juga punya dapur...
7639383217707336464,2026-05-13T14:28:49.000Z,1,https://www.tiktok.com/@liputan6.sctv/video/7638910407763168533,https://www.tiktok.com/@liputan6.sctv/video/7638910407763168533?commentId=7639383217707336464,scraping_tiktok,andanrifai92,yg paling peaknya kenapa bisa di acc.. gak di koreksi duluuu.. kan anehhh
7639158055514768146,2026-05-12T23:55:10.000Z,1,https://www.tiktok.com/@liputan6.sctv/video/7638910407763168533,https://www.tiktok.com/@liputan6.sctv/video/7638910407763168533?commentId=7639158055514768146,scraping_tiktok,sajadahmadina,segitu jelasnya msh belom beraksi juga??
7639162408578597650,2026-05-13T00:12:14.000Z,1,https://www.tiktok.com/@liputan6.sctv/video/7638910407763168533,https://www.tiktok.com/@liputan6.sctv/video/7638910407763168533?commentId=7639162408578597650,scraping_tiktok,iegwuzb,gimana si pk wo koseperti ini mbg
7639158231142974216,2026-05-12T23:55:47.000Z,1,https://www.tiktok.com/@liputan6.sctv/video/7638910407763168533,https://www.tiktok.com/@liputan6.sctv/video/7638910407763168533?commentId=7639158231142974216,scraping_tiktok,tiany0406,pak presiden minta satu motor saja yg paling murah untuk antar anak anak sekolah
7639151378632557329,2026-05-12T23:30:00.000Z,1,https://www.tiktok.com/@liputan6.sctv/video/7638910407763168533,https://www.tiktok.com/@liputan6.sctv/video/7638910407763168533?commentId=7639151378632557329,scraping_tiktok,nursyafa1011,lama2 semakin ngawur anggaran nya
7639167398965052180,2026-05-13T00:38:19.000Z,1,https://www.tiktok.com/@liputan6.sctv/video/7638910407763168533,https://www.tiktok.com/@liputan6.sctv/video/7638910407763168533?commentId=7639167398965052180,scraping_tiktok,yanardi96,wah.. hbs beli hp nih pk presiden..
7639041354609591058,2026-05-12T16:22:03.000Z,1,https://www.tiktok.com/@liputan6.sctv/video/7638910407763168533,https://www.tiktok.com/@liputan6.sctv/video/7638910407763168533?commentId=7639041354609591058,scraping_tiktok,ksmirwt,oalah kok baru sadar to yo yo.
7639204626016862993,2026-05-13T02:55:40.000Z,1,https://www.tiktok.com/@liputan6.sctv/video/7638910407763168533,https://www.tiktok.com/@liputan6.sctv/video/7638910407763168533?commentId=7639204626016862993,scraping_tiktok,dndghost77,"kaus kaki 100k buat karyawan masak
situ beli kaos kaki adidas bro?"
7639602473662006034,2026-05-14T04:45:07.000Z,1,https://www.tiktok.com/@liputan6.sctv/video/7638910407763168533,https://www.tiktok.com/@liputan6.sctv/video/7638910407763168533?commentId=7639602473662006034,scraping_tiktok,asnan.masjid,stooop mbg
7639158160553870087,2026-05-12T23:55:35.000Z,1,https://www.tiktok.com/@liputan6.sctv/video/7638910407763168533,https://www.tiktok.com/@liputan6.sctv/video/7638910407763168533?commentId=7639158160553870087,scraping_tiktok,hasan.basri6921,jgn pura 2 gk tau pk
7639192440943346439,2026-05-13T02:08:26.000Z,1,https://www.tiktok.com/@liputan6.sctv/video/7638910407763168533,https://www.tiktok.com/@liputan6.sctv/video/7638910407763168533?commentId=7639192440943346439,scraping_tiktok,koncolodon23,Memang baru tau atau pura pura baru tau (?)
7639040063293588245,2026-05-12T16:17:15.000Z,1,https://www.tiktok.com/@liputan6.sctv/video/7638910407763168533,https://www.tiktok.com/@liputan6.sctv/video/7638910407763168533?commentId=7639040063293588245,scraping_tiktok,kanvasshirt,ah elah baru nyadar skrg.. Basa basi
7639203043129934599,2026-05-13T02:49:40.000Z,1,https://www.tiktok.com/@liputan6.sctv/video/7638910407763168533,https://www.tiktok.com/@liputan6.sctv/video/7638910407763168533?commentId=7639203043129934599,scraping_tiktok,thedarkknight939,sadarnya telat 😂
7639056672415089415,2026-05-12T17:21:35.000Z,2,https://www.tiktok.com/@liputan6.sctv/video/7638910407763168533,https://www.tiktok.com/@liputan6.sctv/video/7638910407763168533?commentId=7639056672415089415,scraping_tiktok,karossz,Kapan sadarnya?
7639171577675006741,2026-05-13T00:55:07.000Z,1,https://www.tiktok.com/@liputan6.sctv/video/7638910407763168533,https://www.tiktok.com/@liputan6.sctv/video/7638910407763168533?commentId=7639171577675006741,scraping_tiktok,akhmad.ikhsan56,yg penting kita dpt cuan
7639169968459203348,2026-05-13T00:41:38.000Z,1,https://www.tiktok.com/@liputan6.sctv/video/7638910407763168533,https://www.tiktok.com/@liputan6.sctv/video/7638910407763168533?commentId=7639169968459203348,scraping_tiktok,alau5266,coba gratis kan pendaftaran anak sekolah SD sampai kuliah terus BPJS gratis kan
7639168092572844817,2026-05-13T00:34:06.000Z,1,https://www.tiktok.com/@liputan6.sctv/video/7638910407763168533,https://www.tiktok.com/@liputan6.sctv/video/7638910407763168533?commentId=7639168092572844817,scraping_tiktok,dian.lestari163,lah kan udh dari lama di kasih tau netizen.
7639157299524666120,2026-05-12T23:52:05.000Z,1,https://www.tiktok.com/@liputan6.sctv/video/7638910407763168533,https://www.tiktok.com/@liputan6.sctv/video/7638910407763168533?commentId=7639157299524666120,scraping_tiktok,hnzs.16,ko berita panas bgni lama skli smpai ke presiden ? apakah pesannya lewat pos ? hingga tibanya berbulan bulan ?
7638926452092928786,2026-05-12T08:56:17.000Z,2,https://www.tiktok.com/@liputan6.sctv/video/7638910407763168533,https://www.tiktok.com/@liputan6.sctv/video/7638910407763168533?commentId=7638926452092928786,scraping_tiktok,radeyapos04,yg keracunan juga Banyak mohon lebih apdet lagi perkembangan terkait progam MBG ini
7639850504546304788,2026-05-14T20:42:18.000Z,0,https://www.tiktok.com/@liputan6.sctv/video/7638910407763168533,https://www.tiktok.com/@liputan6.sctv/video/7638910407763168533?commentId=7639850504546304788,scraping_tiktok,erakou5758,mana mungkin bisa di stop ini proyek presiden
7639653315424437000,2026-05-14T07:56:48.000Z,0,https://www.tiktok.com/@liputan6.sctv/video/7638910407763168533,https://www.tiktok.com/@liputan6.sctv/video/7638910407763168533?commentId=7639653315424437000,scraping_tiktok,inoe.hite,lah baru sadar kemana aja? 🗿
7639797231570191121,2026-05-14T17:15:23.000Z,0,https://www.tiktok.com/@liputan6.sctv/video/7638910407763168533,https://www.tiktok.com/@liputan6.sctv/video/7638910407763168533?commentId=7639797231570191121,scraping_tiktok,ibrahimmalik0204,plis pak hntikan sja MBG ckup mrahkan hrga smbako gratiskan skolah n bpjs tmbahkan lpngan pkerjaan tnpa liat btas usia itu sdah ckup bwt rakyatmu pak
7639794806739731221,2026-05-14T17:10:06.000Z,0,https://www.tiktok.com/@liputan6.sctv/video/7638910407763168533,https://www.tiktok.com/@liputan6.sctv/video/7638910407763168533?commentId=7639794806739731221,scraping_tiktok,icuk.murdaka,stoop mbg..
7639672072528167687,2026-05-14T09:09:35.000Z,0,https://www.tiktok.com/@liputan6.sctv/video/7638910407763168533,https://www.tiktok.com/@liputan6.sctv/video/7638910407763168533?commentId=7639672072528167687,scraping_tiktok,jupen.sam,kt yg dapet proyek bagus juga
7639673577247654676,2026-05-14T09:15:34.000Z,0,https://www.tiktok.com/@liputan6.sctv/video/7638910407763168533,https://www.tiktok.com/@liputan6.sctv/video/7638910407763168533?commentId=7639673577247654676,scraping_tiktok,mrkuncen,ruwet
7639661355944166165,2026-05-14T08:32:42.000Z,0,https://www.tiktok.com/@liputan6.sctv/video/7638910407763168533,https://www.tiktok.com/@liputan6.sctv/video/7638910407763168533?commentId=7639661355944166165,scraping_tiktok,sugionosugiono499,A1 PASTI...ITU
7639004066849080082,2026-05-12T13:57:27.000Z,1,https://www.tiktok.com/@liputan6.sctv/video/7638910407763168533,https://www.tiktok.com/@liputan6.sctv/video/7638910407763168533?commentId=7639004066849080082,scraping_tiktok,ru5di7,dapur mbg aja butuh dana 1 M dan penghasilannya aja dalam 1 hari 6 juta untuk dapur nya aja
7643429561488720661,2026-05-24T12:10:36.000Z,0,https://www.tiktok.com/@liputan6.sctv/video/7638910407763168533,https://www.tiktok.com/@liputan6.sctv/video/7638910407763168533?commentId=7643429561488720661,scraping_tiktok,rohan99425,bener
7642709599267750676,2026-05-22T13:36:51.000Z,0,https://www.tiktok.com/@liputan6.sctv/video/7638910407763168533,https://www.tiktok.com/@liputan6.sctv/video/7638910407763168533?commentId=7642709599267750676,scraping_tiktok,gus13_47,"program makanan 8rb, seribet itu"
7642618592572588818,2026-05-22T07:43:41.000Z,0,https://www.tiktok.com/@liputan6.sctv/video/7638910407763168533,https://www.tiktok.com/@liputan6.sctv/video/7638910407763168533?commentId=7642618592572588818,scraping_tiktok,sisworofandi,tdk masuk logika😏
7641851640845484808,2026-05-20T06:07:29.000Z,0,https://www.tiktok.com/@liputan6.sctv/video/7638910407763168533,https://www.tiktok.com/@liputan6.sctv/video/7638910407763168533?commentId=7641851640845484808,scraping_tiktok,sugieono.asep,kaos kaki apaan tuh😁
7641766608452731668,2026-05-20T00:37:41.000Z,0,https://www.tiktok.com/@liputan6.sctv/video/7638910407763168533,https://www.tiktok.com/@liputan6.sctv/video/7638910407763168533?commentId=7641766608452731668,scraping_tiktok,aisah37tiktok.combu.aisy,iih merinding
7641360885676409608,2026-05-18T22:23:14.000Z,0,https://www.tiktok.com/@liputan6.sctv/video/7638910407763168533,https://www.tiktok.com/@liputan6.sctv/video/7638910407763168533?commentId=7641360885676409608,scraping_tiktok,kuslan21,"tutup,,mbg,saja.biar,hargs,harga,murah,stabil"
7641200193266631432,2026-05-18T11:59:31.000Z,0,https://www.tiktok.com/@liputan6.sctv/video/7638910407763168533,https://www.tiktok.com/@liputan6.sctv/video/7638910407763168533?commentId=7641200193266631432,scraping_tiktok,_ansh97,yakin bisa terungkap
7640841465878299412,2026-05-17T12:47:27.000Z,0,https://www.tiktok.com/@liputan6.sctv/video/7638910407763168533,https://www.tiktok.com/@liputan6.sctv/video/7638910407763168533?commentId=7640841465878299412,scraping_tiktok,yn12_41,Mbg memang berlombah lombah cari untung
7640837021821141780,2026-05-17T12:33:35.000Z,0,https://www.tiktok.com/@liputan6.sctv/video/7638910407763168533,https://www.tiktok.com/@liputan6.sctv/video/7638910407763168533?commentId=7640837021821141780,scraping_tiktok,l..a7389,bisa di olah bg 15 ribu per porsi padahal cuma 5 ribu 😂 perporsi
7640382047341593352,2026-05-16T07:04:40.000Z,0,https://www.tiktok.com/@liputan6.sctv/video/7638910407763168533,https://www.tiktok.com/@liputan6.sctv/video/7638910407763168533?commentId=7640382047341593352,scraping_tiktok,s.yantii183,semuah itu tak penting.yg penting rakyat haya 1 harga sembako di turunkan 👍
7640138850723250951,2026-05-15T15:20:53.000Z,0,https://www.tiktok.com/@liputan6.sctv/video/7638910407763168533,https://www.tiktok.com/@liputan6.sctv/video/7638910407763168533?commentId=7640138850723250951,scraping_tiktok,m..balya1,stop
7640121181790847745,2026-05-15T14:12:24.000Z,0,https://www.tiktok.com/@liputan6.sctv/video/7638910407763168533,https://www.tiktok.com/@liputan6.sctv/video/7638910407763168533?commentId=7640121181790847745,scraping_tiktok,evifitriani045,ttup mbg
7640091841929298696,2026-05-15T12:18:32.000Z,0,https://www.tiktok.com/@liputan6.sctv/video/7638910407763168533,https://www.tiktok.com/@liputan6.sctv/video/7638910407763168533?commentId=7640091841929298696,scraping_tiktok,deva.polowijo,Ajur.
7640087878534906645,2026-05-15T12:03:18.000Z,0,https://www.tiktok.com/@liputan6.sctv/video/7638910407763168533,https://www.tiktok.com/@liputan6.sctv/video/7638910407763168533?commentId=7640087878534906645,scraping_tiktok,user37419791,keren👍👍
7640046560378831632,2026-05-15T09:23:05.000Z,0,https://www.tiktok.com/@liputan6.sctv/video/7638910407763168533,https://www.tiktok.com/@liputan6.sctv/video/7638910407763168533?commentId=7640046560378831632,scraping_tiktok,fikri_1357,dari kemarin kemana aja pa
7640005340051079956,2026-05-15T06:43:05.000Z,0,https://www.tiktok.com/@liputan6.sctv/video/7638910407763168533,https://www.tiktok.com/@liputan6.sctv/video/7638910407763168533?commentId=7640005340051079956,scraping_tiktok,azkadanalmeer,pernah ada yg bilng bisa dpt milyaran per dapur dlm satu buln
7639982202759398161,2026-05-15T05:13:22.000Z,0,https://www.tiktok.com/@liputan6.sctv/video/7638910407763168533,https://www.tiktok.com/@liputan6.sctv/video/7638910407763168533?commentId=7639982202759398161,scraping_tiktok,uae.dibba04,kaos kaki 100 ribu OMG
7639982054453052178,2026-05-15T05:12:30.000Z,0,https://www.tiktok.com/@liputan6.sctv/video/7638910407763168533,https://www.tiktok.com/@liputan6.sctv/video/7638910407763168533?commentId=7639982054453052178,scraping_tiktok,kristus74,ngeri
7639945526486909717,2026-05-15T02:51:03.000Z,0,https://www.tiktok.com/@liputan6.sctv/video/7638910407763168533,https://www.tiktok.com/@liputan6.sctv/video/7638910407763168533?commentId=7639945526486909717,scraping_tiktok,putridianadiana68,"tujuan pak Prabowo itu udah bagus adanya mbg,tp lebih baiknya mbg dihapus dan diganti dg sembako gratis,"
7639926885846041352,2026-05-15T01:38:28.000Z,0,https://www.tiktok.com/@liputan6.sctv/video/7638910407763168533,https://www.tiktok.com/@liputan6.sctv/video/7638910407763168533?commentId=7639926885846041352,scraping_tiktok,mata.goib2,ngakak
7639923116319359760,2026-05-15T01:23:49.000Z,0,https://www.tiktok.com/@liputan6.sctv/video/7638910407763168533,https://www.tiktok.com/@liputan6.sctv/video/7638910407763168533?commentId=7639923116319359760,scraping_tiktok,yusup.mohamad.ami,tutup
7639913340256502545,2026-05-15T00:46:10.000Z,0,https://www.tiktok.com/@liputan6.sctv/video/7638910407763168533,https://www.tiktok.com/@liputan6.sctv/video/7638910407763168533?commentId=7639913340256502545,scraping_tiktok,masgtt,"Baru tau,, kemarin kemarin ngapain ae,,,,,!!! telatt wo wo"
7639913196871467792,2026-05-15T00:46:00.000Z,0,https://www.tiktok.com/@liputan6.sctv/video/7638910407763168533,https://www.tiktok.com/@liputan6.sctv/video/7638910407763168533?commentId=7639913196871467792,scraping_tiktok,hotman9519,Dan banyak tata letak dapurnya TDK sesuai dengan wilayahnya. Mereka buat titik koordinat dapurnya sesuai keinginan pemilik dapur. Biarpun lokasinya jauh dari Sekolah2 penerima manfaat
7639894227460358920,2026-05-14T23:31:51.000Z,0,https://www.tiktok.com/@liputan6.sctv/video/7638910407763168533,https://www.tiktok.com/@liputan6.sctv/video/7638910407763168533?commentId=7639894227460358920,scraping_tiktok,hjdame1putra2,"stop mbg turunin harga"" sembako"
7639197093190288129,2026-05-13T02:26:33.000Z,1,https://www.tiktok.com/@liputan6.sctv/video/7638910407763168533,https://www.tiktok.com/@liputan6.sctv/video/7638910407763168533?commentId=7639197093190288129,scraping_tiktok,0ol1oil00il,kemana aja
7639196671700189960,2026-05-13T02:24:53.000Z,1,https://www.tiktok.com/@liputan6.sctv/video/7638910407763168533,https://www.tiktok.com/@liputan6.sctv/video/7638910407763168533?commentId=7639196671700189960,scraping_tiktok,priyanto0343,"Kaos Kaki harga 100 ribu , Terbuat dari kain sutra X 🤭🤭🤭"
7639889860514284295,2026-05-14T23:14:59.000Z,0,https://www.tiktok.com/@liputan6.sctv/video/7638910407763168533,https://www.tiktok.com/@liputan6.sctv/video/7638910407763168533?commentId=7639889860514284295,scraping_tiktok,agusproling,mbg belum ada payung hukumnya
7639841126694486804,2026-05-14T20:05:49.000Z,0,https://www.tiktok.com/@liputan6.sctv/video/7638910407763168533,https://www.tiktok.com/@liputan6.sctv/video/7638910407763168533?commentId=7639841126694486804,scraping_tiktok,renzz_865,haraga sembako megilaa rupiah ga ada artinya semua pada mahal
7639794299114914580,2026-05-14T17:03:59.000Z,0,https://www.tiktok.com/@liputan6.sctv/video/7638910407763168533,https://www.tiktok.com/@liputan6.sctv/video/7638910407763168533?commentId=7639794299114914580,scraping_tiktok,barbie_joo8,[Sticker] 
7639785177045172993,2026-05-14T16:28:46.000Z,0,https://www.tiktok.com/@liputan6.sctv/video/7638910407763168533,https://www.tiktok.com/@liputan6.sctv/video/7638910407763168533?commentId=7639785177045172993,scraping_tiktok,ammysukaspill,"Dikondusi skrg ini lebih baik anggarannya dialihkan ke yg lain, contohnya subsidi bahan pokok seperti beras, subsidi listrik, PAM, bensin dll"
7639772243141526293,2026-05-14T15:38:26.000Z,0,https://www.tiktok.com/@liputan6.sctv/video/7638910407763168533,https://www.tiktok.com/@liputan6.sctv/video/7638910407763168533?commentId=7639772243141526293,scraping_tiktok,rahmahnovrianti,SDH jelas aja masak baru tau
7639758014320902928,2026-05-14T14:43:06.000Z,0,https://www.tiktok.com/@liputan6.sctv/video/7638910407763168533,https://www.tiktok.com/@liputan6.sctv/video/7638910407763168533?commentId=7639758014320902928,scraping_tiktok,fyp_767,benar sekali . mantap pak dudung
7639744145524081428,2026-05-14T13:49:26.000Z,0,https://www.tiktok.com/@liputan6.sctv/video/7638910407763168533,https://www.tiktok.com/@liputan6.sctv/video/7638910407763168533?commentId=7639744145524081428,scraping_tiktok,arifinasofik1,pada cari untung banyak
7639725185562673928,2026-05-14T12:35:41.000Z,0,https://www.tiktok.com/@liputan6.sctv/video/7638910407763168533,https://www.tiktok.com/@liputan6.sctv/video/7638910407763168533?commentId=7639725185562673928,scraping_tiktok,andiounk77,padahal dari dulu kok baru tau sekarang sih woo
7639713406492476178,2026-05-14T11:49:57.000Z,0,https://www.tiktok.com/@liputan6.sctv/video/7638910407763168533,https://www.tiktok.com/@liputan6.sctv/video/7638910407763168533?commentId=7639713406492476178,scraping_tiktok,masbheyecoffe,buat pembangun jlan2 propinsi se indonesia saja
7639704897445675794,2026-05-14T11:17:00.000Z,0,https://www.tiktok.com/@liputan6.sctv/video/7638910407763168533,https://www.tiktok.com/@liputan6.sctv/video/7638910407763168533?commentId=7639704897445675794,scraping_tiktok,nahuddin72,bgmn mtor listrik
7639698365274964743,2026-05-14T10:51:42.000Z,0,https://www.tiktok.com/@liputan6.sctv/video/7638910407763168533,https://www.tiktok.com/@liputan6.sctv/video/7638910407763168533?commentId=7639698365274964743,scraping_tiktok,_2haqiqi,Semuanya gak si karena kalo gak mark up harga gak balik modal😂
7639686175008080648,2026-05-14T10:04:26.000Z,0,https://www.tiktok.com/@liputan6.sctv/video/7638910407763168533,https://www.tiktok.com/@liputan6.sctv/video/7638910407763168533?commentId=7639686175008080648,scraping_tiktok,gorenganlimaribu4,[Sticker] 
7639680954088981269,2026-05-14T09:44:11.000Z,0,https://www.tiktok.com/@liputan6.sctv/video/7638910407763168533,https://www.tiktok.com/@liputan6.sctv/video/7638910407763168533?commentId=7639680954088981269,scraping_tiktok,setiabudi2534,un faedahh
7639651143425606420,2026-05-14T07:48:28.000Z,0,https://www.tiktok.com/@liputan6.sctv/video/7638910407763168533,https://www.tiktok.com/@liputan6.sctv/video/7638910407763168533?commentId=7639651143425606420,scraping_tiktok,iqbal_story19,ai
7639623206274335508,2026-05-14T06:00:11.000Z,0,https://www.tiktok.com/@liputan6.sctv/video/7638910407763168533,https://www.tiktok.com/@liputan6.sctv/video/7638910407763168533?commentId=7639623206274335508,scraping_tiktok,timbrung,moga benar
7639609415653835537,2026-05-14T05:06:52.000Z,0,https://www.tiktok.com/@liputan6.sctv/video/7638910407763168533,https://www.tiktok.com/@liputan6.sctv/video/7638910407763168533?commentId=7639609415653835537,scraping_tiktok,user995503665,terlambat Prabowo
7639606462922982151,2026-05-14T04:55:04.000Z,0,https://www.tiktok.com/@liputan6.sctv/video/7638910407763168533,https://www.tiktok.com/@liputan6.sctv/video/7638910407763168533?commentId=7639606462922982151,scraping_tiktok,robot_pintar21,[Sticker] 
7639595873764541192,2026-05-14T04:17:34.000Z,0,https://www.tiktok.com/@liputan6.sctv/video/7638910407763168533,https://www.tiktok.com/@liputan6.sctv/video/7638910407763168533?commentId=7639595873764541192,scraping_tiktok,bilqisbilqis8090,"stop MBG... murah kan harga sembako murah, listrik murah,"
7639594581835662088,2026-05-14T04:08:53.000Z,0,https://www.tiktok.com/@liputan6.sctv/video/7638910407763168533,https://www.tiktok.com/@liputan6.sctv/video/7638910407763168533?commentId=7639594581835662088,scraping_tiktok,agus.shomad_,Baru tauuuu 🤣🤣🤣🤣🤣
7639692361181889300,2026-05-14T10:28:22.000Z,1,https://www.tiktok.com/@liputan6.sctv/video/7638910407763168533,https://www.tiktok.com/@liputan6.sctv/video/7638910407763168533?commentId=7639692361181889300,scraping_tiktok,anggarizkyhakiki022,baru pagi apa sudah malam
7639591471301460737,2026-05-14T03:57:15.000Z,0,https://www.tiktok.com/@liputan6.sctv/video/7638910407763168533,https://www.tiktok.com/@liputan6.sctv/video/7638910407763168533?commentId=7639591471301460737,scraping_tiktok,khalifah735,"jauh lebih bijak jika uangnya di kasih langsung ke orang tuanya itu jauh lebih relevan 🥺 GC ada korupsi "" lagi udah aman"
7639591180506317584,2026-05-14T03:56:11.000Z,0,https://www.tiktok.com/@liputan6.sctv/video/7638910407763168533,https://www.tiktok.com/@liputan6.sctv/video/7638910407763168533?commentId=7639591180506317584,scraping_tiktok,khalifah735,faktanya yang tersalur ke masyarakat cuma 6k😭
7639137719783949077,2026-05-12T22:36:20.000Z,3,https://www.tiktok.com/@liputan6.sctv/video/7638910407763168533,https://www.tiktok.com/@liputan6.sctv/video/7638910407763168533?commentId=7639137719783949077,scraping_tiktok,sunangrosir,"berkat MBG, anak-anak yang sebelumnya tidak pernah merasakan keracunan jadi pernah merasakan. sungguh pengalaman yang luar biasa"
7639012361512551175,2026-05-12T14:29:35.000Z,3,https://www.tiktok.com/@liputan6.sctv/video/7638910407763168533,https://www.tiktok.com/@liputan6.sctv/video/7638910407763168533?commentId=7639012361512551175,scraping_tiktok,anan_segalancar,kalian pura-pura kaget aja
7639018780102886164,2026-05-12T14:54:37.000Z,2,https://www.tiktok.com/@liputan6.sctv/video/7638910407763168533,https://www.tiktok.com/@liputan6.sctv/video/7638910407763168533?commentId=7639018780102886164,scraping_tiktok,hendriislm,lah baru sadar doi??
7639076127881249557,2026-05-12T18:37:06.000Z,2,https://www.tiktok.com/@liputan6.sctv/video/7638910407763168533,https://www.tiktok.com/@liputan6.sctv/video/7638910407763168533?commentId=7639076127881249557,scraping_tiktok,grabyous.03,ternyata kita lebih cepat tau.
7639595791271314197,2026-05-14T04:13:48.000Z,0,https://www.tiktok.com/@liputan6.sctv/video/7638910407763168533,https://www.tiktok.com/@liputan6.sctv/video/7638910407763168533?commentId=7639595791271314197,scraping_tiktok,ceceeee7421,sdh lamaa kk mulai mbg ada yaaach😀😆🤣🤣
7639367805452010261,2026-05-13T13:28:57.000Z,2,https://www.tiktok.com/@liputan6.sctv/video/7638910407763168533,https://www.tiktok.com/@liputan6.sctv/video/7638910407763168533?commentId=7639367805452010261,scraping_tiktok,.librraaa,lah terus kalian bikin program ga di kaji dulu?
7639257374864409364,2026-05-13T06:25:08.000Z,2,https://www.tiktok.com/@liputan6.sctv/video/7638910407763168533,https://www.tiktok.com/@liputan6.sctv/video/7638910407763168533?commentId=7639257374864409364,scraping_tiktok,p_iniqjq,bubarin aja la mbg tu
7638904268875301640,2026-05-12T13:59:36.000Z,2,https://www.tiktok.com/@liputan6.sctv/video/7638910407763168533,https://www.tiktok.com/@liputan6.sctv/video/7638910407763168533?commentId=7638904268875301640,scraping_tiktok,tumiumi4,seharusnya begitu harus diselidiki biar gak dikorupsi bukan MBGnya yg dihentikan
7639003876301406992,2026-05-12T13:56:38.000Z,2,https://www.tiktok.com/@liputan6.sctv/video/7638910407763168533,https://www.tiktok.com/@liputan6.sctv/video/7638910407763168533?commentId=7639003876301406992,scraping_tiktok,mr.abdhamid,kupas tuntas korupsi MBG
7639008317113565970,2026-05-12T14:13:53.000Z,2,https://www.tiktok.com/@liputan6.sctv/video/7638910407763168533,https://www.tiktok.com/@liputan6.sctv/video/7638910407763168533?commentId=7639008317113565970,scraping_tiktok,jendral_hung,Udah telat... karena udah banyak uang yang jadi korupsi
7639144931912024850,2026-05-12T23:13:48.000Z,2,https://www.tiktok.com/@liputan6.sctv/video/7638910407763168533,https://www.tiktok.com/@liputan6.sctv/video/7638910407763168533?commentId=7639144931912024850,scraping_tiktok,gerybanyu,selama hukuman koruptor ringan dan tidak d miskinkan g mungkin koruptor akn hilang dari negri ini
7639024571039302408,2026-05-12T15:16:55.000Z,2,https://www.tiktok.com/@liputan6.sctv/video/7638910407763168533,https://www.tiktok.com/@liputan6.sctv/video/7638910407763168533?commentId=7639024571039302408,scraping_tiktok,mic.21tjf,Jangan lupa ada dana anggaran buzzer MBG
7639122120518271765,2026-05-12T21:35:57.000Z,3,https://www.tiktok.com/@liputan6.sctv/video/7638910407763168533,https://www.tiktok.com/@liputan6.sctv/video/7638910407763168533?commentId=7639122120518271765,scraping_tiktok,nn043276,mbg bacakan korupsi
7639154553489195783,2026-05-12T23:48:01.000Z,3,https://www.tiktok.com/@liputan6.sctv/video/7638910407763168533,https://www.tiktok.com/@liputan6.sctv/video/7638910407763168533?commentId=7639154553489195783,scraping_tiktok,restuirawan327,cek audit ke lapangan bersama kpk turun langsung Jangan liat laporan aja laporan bisa di buat2
7639198320373056274,2026-05-13T02:31:24.000Z,2,https://www.tiktok.com/@liputan6.sctv/video/7638910407763168533,https://www.tiktok.com/@liputan6.sctv/video/7638910407763168533?commentId=7639198320373056274,scraping_tiktok,azurejaak,"dahlah capek , mending Anis jadi Ketua RT aja"
7639151348533166866,2026-05-12T23:29:08.000Z,2,https://www.tiktok.com/@liputan6.sctv/video/7638910407763168533,https://www.tiktok.com/@liputan6.sctv/video/7638910407763168533?commentId=7639151348533166866,scraping_tiktok,mbahjoe36,"saran untuk presiden,jika anda ingin berhasil memimpin anda harus bekerja secara independen.jangan sedikit sedikit nyuruh anak buah.. jangan mudah percaya dengan bawahan anda.lebih baik program MBG diturunkan langsung secara praktis tanpa melalui tim tim yg rawan eror"
7639146547520520967,2026-05-12T23:10:35.000Z,2,https://www.tiktok.com/@liputan6.sctv/video/7638910407763168533,https://www.tiktok.com/@liputan6.sctv/video/7638910407763168533?commentId=7639146547520520967,scraping_tiktok,mr.doglod,"pantesan dari menjabat sampe sekarang blom ada perubahan kemajuan negri ini, cuman MBG doang yg dibedar""in, memajukan ajang korupsi, ancur"" ws negri ini"
7639116234022175509,2026-05-12T21:13:03.000Z,2,https://www.tiktok.com/@liputan6.sctv/video/7638910407763168533,https://www.tiktok.com/@liputan6.sctv/video/7638910407763168533?commentId=7639116234022175509,scraping_tiktok,ariefherman,pura2 ga tau seorang presiden ga mungkin Drama pejabat
7639041229729432321,2026-05-12T16:21:39.000Z,2,https://www.tiktok.com/@liputan6.sctv/video/7638910407763168533,https://www.tiktok.com/@liputan6.sctv/video/7638910407763168533?commentId=7639041229729432321,scraping_tiktok,hiimans19,"polanya trrus kayak gitu,pertama nutup mata purapura gak tau,terus akhirny jadi penyelamat,padahal ulah dia sendiri"
7639025971149423378,2026-05-12T15:28:42.000Z,2,https://www.tiktok.com/@liputan6.sctv/video/7638910407763168533,https://www.tiktok.com/@liputan6.sctv/video/7638910407763168533?commentId=7639025971149423378,scraping_tiktok,mam79869,kenapa hanya kaos kaki aj pakaian dlm sekali
7639021996438225671,2026-05-12T15:07:01.000Z,2,https://www.tiktok.com/@liputan6.sctv/video/7638910407763168533,https://www.tiktok.com/@liputan6.sctv/video/7638910407763168533?commentId=7639021996438225671,scraping_tiktok,luxidrem,"dari Indonesia berdiri, ada program ada cuan😁"
7639023516796650248,2026-05-12T15:12:52.000Z,2,https://www.tiktok.com/@liputan6.sctv/video/7638910407763168533,https://www.tiktok.com/@liputan6.sctv/video/7638910407763168533?commentId=7639023516796650248,scraping_tiktok,ketengdispenser,priksa ketua bgn
7639021881416696584,2026-05-12T15:06:30.000Z,2,https://www.tiktok.com/@liputan6.sctv/video/7638910407763168533,https://www.tiktok.com/@liputan6.sctv/video/7638910407763168533?commentId=7639021881416696584,scraping_tiktok,bangpardedejayaparholong,"lah itu asli harga Makanan 8 RB kok bisa dihargai 15 RB 😂😂😂,,, intinya MBG bukan lagi program,,tapi proyek korupsi besar besar secara terbuka 😂😂😂"
7639009714853217044,2026-05-12T14:23:41.000Z,2,https://www.tiktok.com/@liputan6.sctv/video/7638910407763168533,https://www.tiktok.com/@liputan6.sctv/video/7638910407763168533?commentId=7639009714853217044,scraping_tiktok,pak.ojat8,dan gedung kmp jg hrs diselidiki
7639275102539350785,2026-05-13T07:29:45.000Z,1,https://www.tiktok.com/@liputan6.sctv/video/7638910407763168533,https://www.tiktok.com/@liputan6.sctv/video/7638910407763168533?commentId=7639275102539350785,scraping_tiktok,mamadenzo1982,MBG memperkaya orang kaya 😂
7639174974187913991,2026-05-13T01:00:40.000Z,1,https://www.tiktok.com/@liputan6.sctv/video/7638910407763168533,https://www.tiktok.com/@liputan6.sctv/video/7638910407763168533?commentId=7639174974187913991,scraping_tiktok,tazavimel,"pemerintah rakyat sudh susah mlh di bikin susah, kok mlh seneng orng yg korupsi,,"
7639230543800140561,2026-05-13T04:36:17.000Z,1,https://www.tiktok.com/@liputan6.sctv/video/7638910407763168533,https://www.tiktok.com/@liputan6.sctv/video/7638910407763168533?commentId=7639230543800140561,scraping_tiktok,masihberlumurdosa_,BERGIZI BUAT OKNUM2 NYA 😭😭😭
7639228583416759061,2026-05-13T04:28:51.000Z,1,https://www.tiktok.com/@liputan6.sctv/video/7638910407763168533,https://www.tiktok.com/@liputan6.sctv/video/7638910407763168533?commentId=7639228583416759061,scraping_tiktok,vintage_analisa99,"Karena SPPG ini pemiliknya swasta harusnya di kasih Pajak, bukan dikasih fasilitas mobil, motor, laptop, tab, kaos kaki, sikat sepatu, dll"
7639249038634648321,2026-05-13T05:48:24.000Z,1,https://www.tiktok.com/@liputan6.sctv/video/7638910407763168533,https://www.tiktok.com/@liputan6.sctv/video/7638910407763168533?commentId=7639249038634648321,scraping_tiktok,ndeso.93,"turun kelapangan jangan cuma nerima laporan manis,,
saran stop mbg alihkan sembako murah,subsidi token,pajak pajak murah."
7639271820453069576,2026-05-13T07:16:26.000Z,1,https://www.tiktok.com/@liputan6.sctv/video/7638910407763168533,https://www.tiktok.com/@liputan6.sctv/video/7638910407763168533?commentId=7639271820453069576,scraping_tiktok,another_cut3,"di gw, pemilik tempat mbg langsung beli mobil sama renov rumah🤣"
7639228885205091092,2026-05-13T04:29:59.000Z,1,https://www.tiktok.com/@liputan6.sctv/video/7638910407763168533,https://www.tiktok.com/@liputan6.sctv/video/7638910407763168533?commentId=7639228885205091092,scraping_tiktok,bocahmendho1945,"mana ada yg d tangkap GK.
la keracunan aja pelaku y g tertangkap kok"
7639234607674835729,2026-05-13T04:52:31.000Z,1,https://www.tiktok.com/@liputan6.sctv/video/7638910407763168533,https://www.tiktok.com/@liputan6.sctv/video/7638910407763168533?commentId=7639234607674835729,scraping_tiktok,romansyahlubis569,hancur hancur
7639230938849805076,2026-05-13T04:38:02.000Z,1,https://www.tiktok.com/@liputan6.sctv/video/7638910407763168533,https://www.tiktok.com/@liputan6.sctv/video/7638910407763168533?commentId=7639230938849805076,scraping_tiktok,rev.fan,lahh emg ladangnya 🗿
7639235539400966929,2026-05-13T04:55:56.000Z,1,https://www.tiktok.com/@liputan6.sctv/video/7638910407763168533,https://www.tiktok.com/@liputan6.sctv/video/7638910407763168533?commentId=7639235539400966929,scraping_tiktok,arsyfa_rafanda1,"Anak"" sdh mulai bosan dgn MBG... MBG kalo bisa untuk daerah"" desa"" kalo pun untuk perkota an bisa di daftr kn dlu.. soal nya anak"" bnyak gak kmakan sdh dgn MBG... menu nya membosan kan.."
7639396104527037191,2026-05-13T15:18:48.000Z,1,https://www.tiktok.com/@liputan6.sctv/video/7638910407763168533,https://www.tiktok.com/@liputan6.sctv/video/7638910407763168533?commentId=7639396104527037191,scraping_tiktok,devidiandra13964,stop mbg ttup
7639422066441241365,2026-05-13T16:59:30.000Z,1,https://www.tiktok.com/@liputan6.sctv/video/7638910407763168533,https://www.tiktok.com/@liputan6.sctv/video/7638910407763168533?commentId=7639422066441241365,scraping_tiktok,sitiaisyah3740,"bubarkan dapur Raksasa
MBG merugikan usaha kecil"
7639263678731158292,2026-05-13T06:45:02.000Z,1,https://www.tiktok.com/@liputan6.sctv/video/7638910407763168533,https://www.tiktok.com/@liputan6.sctv/video/7638910407763168533?commentId=7639263678731158292,scraping_tiktok,anas.nasihin67,MGB (makanan berbisnis gede2an)
7639249303722771221,2026-05-13T05:49:09.000Z,1,https://www.tiktok.com/@liputan6.sctv/video/7638910407763168533,https://www.tiktok.com/@liputan6.sctv/video/7638910407763168533?commentId=7639249303722771221,scraping_tiktok,ferrygs20,"program kalo asal dijalankan ya begini, progam potensi korupsi besar-besaran tp wowo kekeh banget. miris sekali"
7639205197961315090,2026-05-13T02:57:59.000Z,1,https://www.tiktok.com/@liputan6.sctv/video/7638910407763168533,https://www.tiktok.com/@liputan6.sctv/video/7638910407763168533?commentId=7639205197961315090,scraping_tiktok,cari.jodoh40,presiden kita lambat
7639220478532272904,2026-05-13T03:57:16.000Z,1,https://www.tiktok.com/@liputan6.sctv/video/7638910407763168533,https://www.tiktok.com/@liputan6.sctv/video/7638910407763168533?commentId=7639220478532272904,scraping_tiktok,arief__wijaya,percaya laporan palsu menteri nya dari pada rakyat nya
7639201396345094932,2026-05-13T02:43:23.000Z,1,https://www.tiktok.com/@liputan6.sctv/video/7638910407763168533,https://www.tiktok.com/@liputan6.sctv/video/7638910407763168533?commentId=7639201396345094932,scraping_tiktok,user6661796078505,g bakalan diusut yg mentri2 nya aja tidur nyenyak
7639207484603040533,2026-05-13T03:06:55.000Z,1,https://www.tiktok.com/@liputan6.sctv/video/7638910407763168533,https://www.tiktok.com/@liputan6.sctv/video/7638910407763168533?commentId=7639207484603040533,scraping_tiktok,tung..tung..saur,CEO MBG MAH GKAN PDULI
7639219203848798983,2026-05-13T03:55:40.000Z,1,https://www.tiktok.com/@liputan6.sctv/video/7638910407763168533,https://www.tiktok.com/@liputan6.sctv/video/7638910407763168533?commentId=7639219203848798983,scraping_tiktok,bananamas0,Sudah kedaluwarsa yang punya SPPG sudah ngantongi 1M labanya
7639259095552508679,2026-05-13T06:27:04.000Z,1,https://www.tiktok.com/@liputan6.sctv/video/7638910407763168533,https://www.tiktok.com/@liputan6.sctv/video/7638910407763168533?commentId=7639259095552508679,scraping_tiktok,baskara_cakrabirawa,MBG ini program ngawur
7639269134896071442,2026-05-13T07:06:03.000Z,1,https://www.tiktok.com/@liputan6.sctv/video/7638910407763168533,https://www.tiktok.com/@liputan6.sctv/video/7638910407763168533?commentId=7639269134896071442,scraping_tiktok,irma.wahyuni228,soyo suwi negoro ws ra karukaruan
7639280061887759111,2026-05-13T07:48:23.000Z,1,https://www.tiktok.com/@liputan6.sctv/video/7638910407763168533,https://www.tiktok.com/@liputan6.sctv/video/7638910407763168533?commentId=7639280061887759111,scraping_tiktok,rahmanhasibuan526,udah hapus aja tu MBG
7639382156557337352,2026-05-13T14:24:35.000Z,1,https://www.tiktok.com/@liputan6.sctv/video/7638910407763168533,https://www.tiktok.com/@liputan6.sctv/video/7638910407763168533?commentId=7639382156557337352,scraping_tiktok,muthiazahra31,stop saja program MBG pak Prabowo
7639245213241099028,2026-05-13T05:33:28.000Z,1,https://www.tiktok.com/@liputan6.sctv/video/7638910407763168533,https://www.tiktok.com/@liputan6.sctv/video/7638910407763168533?commentId=7639245213241099028,scraping_tiktok,murtymunir,anggaran 15 RB . dapatnya cuma segitu 😂
7639377847392830216,2026-05-13T14:07:51.000Z,1,https://www.tiktok.com/@liputan6.sctv/video/7638910407763168533,https://www.tiktok.com/@liputan6.sctv/video/7638910407763168533?commentId=7639377847392830216,scraping_tiktok,agus.sanny,gak ada guna nya MBG
7639397160220885761,2026-05-13T15:23:04.000Z,1,https://www.tiktok.com/@liputan6.sctv/video/7638910407763168533,https://www.tiktok.com/@liputan6.sctv/video/7638910407763168533?commentId=7639397160220885761,scraping_tiktok,user29724182441083,300T KLO ngk di korupsi berjamaah syang😂
7639173616130736916,2026-05-13T00:55:32.000Z,1,https://www.tiktok.com/@liputan6.sctv/video/7638910407763168533,https://www.tiktok.com/@liputan6.sctv/video/7638910407763168533?commentId=7639173616130736916,scraping_tiktok,gdgiri201,celah korupsi ples manipulasi harga ingat
7639281977011405575,2026-05-13T07:55:54.000Z,1,https://www.tiktok.com/@liputan6.sctv/video/7638910407763168533,https://www.tiktok.com/@liputan6.sctv/video/7638910407763168533?commentId=7639281977011405575,scraping_tiktok,didiknavigo,"stop mbg,,,ganti bantuan pendidikan dan kesehatan masyarakat,"
7639376456602632968,2026-05-13T14:02:30.000Z,1,https://www.tiktok.com/@liputan6.sctv/video/7638910407763168533,https://www.tiktok.com/@liputan6.sctv/video/7638910407763168533?commentId=7639376456602632968,scraping_tiktok,zexozoo,bubarkan
7639160867872113428,2026-05-13T00:13:06.000Z,1,https://www.tiktok.com/@liputan6.sctv/video/7638910407763168533,https://www.tiktok.com/@liputan6.sctv/video/7638910407763168533?commentId=7639160867872113428,scraping_tiktok,user8058110134619,"udah jelasss ladang korupsi mosok kaos kaki aja sepasang 100 ,KL yg pakai kaos kaki ceo percaya harga nya segitu , parah banget"
7639232778581902100,2026-05-13T04:45:14.000Z,1,https://www.tiktok.com/@liputan6.sctv/video/7638910407763168533,https://www.tiktok.com/@liputan6.sctv/video/7638910407763168533?commentId=7639232778581902100,scraping_tiktok,sobirin_batahan,BGN Memanjakan Karyawannya
7639437149386310408,2026-05-13T17:58:04.000Z,1,https://www.tiktok.com/@liputan6.sctv/video/7638910407763168533,https://www.tiktok.com/@liputan6.sctv/video/7638910407763168533?commentId=7639437149386310408,scraping_tiktok,necro26_,"yg punya dapur pada kaya2
wowo mana tau 😅"
7639267515504739080,2026-05-13T06:59:47.000Z,1,https://www.tiktok.com/@liputan6.sctv/video/7638910407763168533,https://www.tiktok.com/@liputan6.sctv/video/7638910407763168533?commentId=7639267515504739080,scraping_tiktok,sultancastello98,Kamii berani menjawabb kpk tidak akan berani🗿
7639183053662814994,2026-05-13T01:32:00.000Z,1,https://www.tiktok.com/@liputan6.sctv/video/7638910407763168533,https://www.tiktok.com/@liputan6.sctv/video/7638910407763168533?commentId=7639183053662814994,scraping_tiktok,ahmadbabaan,udh dari duluu..marlup..?😡😡😡
7639251043250881287,2026-05-13T05:55:44.000Z,1,https://www.tiktok.com/@liputan6.sctv/video/7638910407763168533,https://www.tiktok.com/@liputan6.sctv/video/7638910407763168533?commentId=7639251043250881287,scraping_tiktok,marlansyah882,Dimana KPK...?
7639259785188573960,2026-05-13T06:29:50.000Z,1,https://www.tiktok.com/@liputan6.sctv/video/7638910407763168533,https://www.tiktok.com/@liputan6.sctv/video/7638910407763168533?commentId=7639259785188573960,scraping_tiktok,arifarfvielaarifa,betul sekali membuka peluang korypsi
7639389013124891393,2026-05-13T14:51:12.000Z,1,https://www.tiktok.com/@liputan6.sctv/video/7638910407763168533,https://www.tiktok.com/@liputan6.sctv/video/7638910407763168533?commentId=7639389013124891393,scraping_tiktok,tonorealmethai,RAKYAT Enggak Heran Tidak Kegat Lagi 😂 🤣 😂
7639381020660171540,2026-05-13T14:20:19.000Z,1,https://www.tiktok.com/@liputan6.sctv/video/7638910407763168533,https://www.tiktok.com/@liputan6.sctv/video/7638910407763168533?commentId=7639381020660171540,scraping_tiktok,mamita.alee,"sebatas perintah, tp tidak dilaksanakan. kasian pak presiden ya..😳"
7639264160962167573,2026-05-13T06:46:49.000Z,1,https://www.tiktok.com/@liputan6.sctv/video/7638910407763168533,https://www.tiktok.com/@liputan6.sctv/video/7638910407763168533?commentId=7639264160962167573,scraping_tiktok,wahyudi_r18,"perintahnya jgn cuma angin sorga aja pak, usut tuntas sampe ke akarnya."
7639172797457711892,2026-05-13T00:57:12.000Z,1,https://www.tiktok.com/@liputan6.sctv/video/7638910407763168533,https://www.tiktok.com/@liputan6.sctv/video/7638910407763168533?commentId=7639172797457711892,scraping_tiktok,tahu_plet0k,bubarkan saja
7639104849519100679,2026-05-12T20:28:35.000Z,1,https://www.tiktok.com/@liputan6.sctv/video/7638910407763168533,https://www.tiktok.com/@liputan6.sctv/video/7638910407763168533?commentId=7639104849519100679,scraping_tiktok,msariman2,Prabowo biking naik harga barang petani menjadi menderita
7639365356306580245,2026-05-13T13:19:31.000Z,1,https://www.tiktok.com/@liputan6.sctv/video/7638910407763168533,https://www.tiktok.com/@liputan6.sctv/video/7638910407763168533?commentId=7639365356306580245,scraping_tiktok,asal_935,"kenapa gk langsung KPK aja, ngapain pak Dudung????"
7639170803716342529,2026-05-13T00:44:59.000Z,1,https://www.tiktok.com/@liputan6.sctv/video/7638910407763168533,https://www.tiktok.com/@liputan6.sctv/video/7638910407763168533?commentId=7639170803716342529,scraping_tiktok,akademicrypto095,mau tanya kenapa bisa gubernur pekalongan bisa ketangkep sedang kan gubernur kaltim yg korupsi terang²an ga ketangkep
7639168188308095765,2026-05-13T00:41:04.000Z,1,https://www.tiktok.com/@liputan6.sctv/video/7638910407763168533,https://www.tiktok.com/@liputan6.sctv/video/7638910407763168533?commentId=7639168188308095765,scraping_tiktok,sttrrwbbiiess,"masyarakat udah pada tau,mbg sarang korupsi.pemerintah lamban menanggapi."
7639358997690450708,2026-05-13T12:54:47.000Z,1,https://www.tiktok.com/@liputan6.sctv/video/7638910407763168533,https://www.tiktok.com/@liputan6.sctv/video/7638910407763168533?commentId=7639358997690450708,scraping_tiktok,afandi289102,"aku ora percoyo, paling juga biar keliatan waw aja"
7639157715436880656,2026-05-12T23:54:18.000Z,1,https://www.tiktok.com/@liputan6.sctv/video/7638910407763168533,https://www.tiktok.com/@liputan6.sctv/video/7638910407763168533?commentId=7639157715436880656,scraping_tiktok,agususman0,"wahhh, celah korupsinya besar sekali"
7639135189100217095,2026-05-12T22:26:20.000Z,1,https://www.tiktok.com/@liputan6.sctv/video/7638910407763168533,https://www.tiktok.com/@liputan6.sctv/video/7638910407763168533?commentId=7639135189100217095,scraping_tiktok,ryantoaugst,"[Sticker] yakin mau di selidiki?
ah yg bener?"
7639571110809633543,2026-05-14T02:37:58.000Z,0,https://www.tiktok.com/@liputan6.sctv/video/7638910407763168533,https://www.tiktok.com/@liputan6.sctv/video/7638910407763168533?commentId=7639571110809633543,scraping_tiktok,pemalang981,baru sadar
7639564642181006101,2026-05-14T02:13:01.000Z,0,https://www.tiktok.com/@liputan6.sctv/video/7638910407763168533,https://www.tiktok.com/@liputan6.sctv/video/7638910407763168533?commentId=7639564642181006101,scraping_tiktok,hendra.agustian88,Baru sadar🤣🤣🤣
7639169864242201351,2026-05-13T00:40:49.000Z,5,https://www.tiktok.com/@liputan6.sctv/video/7638910407763168533,https://www.tiktok.com/@liputan6.sctv/video/7638910407763168533?commentId=7639169864242201351,scraping_tiktok,kaslam99,kpk bongkar mbg
7639971003313357588,2026-05-15T04:29:45.000Z,0,https://www.tiktok.com/@liputan6.sctv/video/7638910407763168533,https://www.tiktok.com/@liputan6.sctv/video/7638910407763168533?commentId=7639971003313357588,scraping_tiktok,cintaibu989,katanya mau berantas korupsi.. ini malah d sediain tempat utk bisa korupsi gmna sih??
7639187499860149000,2026-05-13T01:49:16.000Z,1,https://www.tiktok.com/@liputan6.sctv/video/7638910407763168533,https://www.tiktok.com/@liputan6.sctv/video/7638910407763168533?commentId=7639187499860149000,scraping_tiktok,arsy_store_2026,pantesan mbg anak gua dapet daging dan buah 1 ternyata oh ternyata lagi mau di awasin kpk🤣🤣🤣
7639081193917481749,2026-05-12T18:56:58.000Z,3,https://www.tiktok.com/@liputan6.sctv/video/7638910407763168533,https://www.tiktok.com/@liputan6.sctv/video/7638910407763168533?commentId=7639081193917481749,scraping_tiktok,andi.ajj8,"paling bener ucapan KDM & anis.
kasih uang aja ke ortu siswa masing"".
1.hemat bayar karyawan
2.hemat motor listrik
3.bebas korupsi.
karena MBG itu bukan s'bener y bukan PROGRAM tp s'buah proyek buat org yg korupsi d program in.?"
7639028246328656648,2026-05-12T15:31:16.000Z,3,https://www.tiktok.com/@liputan6.sctv/video/7638910407763168533,https://www.tiktok.com/@liputan6.sctv/video/7638910407763168533?commentId=7639028246328656648,scraping_tiktok,epung82,"kan dari dulu dah PD bilang, MBG itu cuman buat ladang korupsi"
7638986903186309906,2026-05-12T12:50:45.000Z,3,https://www.tiktok.com/@liputan6.sctv/video/7638910407763168533,https://www.tiktok.com/@liputan6.sctv/video/7638910407763168533?commentId=7638986903186309906,scraping_tiktok,inisiall_fa,udah tau sarang korupsi dari pertama juga🤣
7638946288524673813,2026-05-12T10:13:21.000Z,3,https://www.tiktok.com/@liputan6.sctv/video/7638910407763168533,https://www.tiktok.com/@liputan6.sctv/video/7638910407763168533?commentId=7638946288524673813,scraping_tiktok,osemwaee,pemerintahan semakin morat marit
7639282500023354133,2026-05-13T07:57:57.000Z,2,https://www.tiktok.com/@liputan6.sctv/video/7638910407763168533,https://www.tiktok.com/@liputan6.sctv/video/7638910407763168533?commentId=7639282500023354133,scraping_tiktok,dewivelovianaolga,kaos kaki...menyala kaki mu
7639162561792344848,2026-05-13T00:13:18.000Z,2,https://www.tiktok.com/@liputan6.sctv/video/7638910407763168533,https://www.tiktok.com/@liputan6.sctv/video/7638910407763168533?commentId=7639162561792344848,scraping_tiktok,sambangdalan79,mbg bagus....buruk nya...staf nya...pinter mark up nota...dan kebanyakan referensi....alhasil membuka celah....soal suqp menyuap ......
7639159465010971409,2026-05-13T00:01:12.000Z,2,https://www.tiktok.com/@liputan6.sctv/video/7638910407763168533,https://www.tiktok.com/@liputan6.sctv/video/7638910407763168533?commentId=7639159465010971409,scraping_tiktok,akbar_muhammad86,baru nyadar si omon²😂😂😂😂 kmrn kmn aja😂😂😂😂
7639157100913394452,2026-05-12T23:51:51.000Z,2,https://www.tiktok.com/@liputan6.sctv/video/7638910407763168533,https://www.tiktok.com/@liputan6.sctv/video/7638910407763168533?commentId=7639157100913394452,scraping_tiktok,masligss,Jangan lupa Anggaran Beli Buzzer 860 juta
7639036755182043924,2026-05-12T16:04:17.000Z,2,https://www.tiktok.com/@liputan6.sctv/video/7638910407763168533,https://www.tiktok.com/@liputan6.sctv/video/7638910407763168533?commentId=7639036755182043924,scraping_tiktok,wawansuandana3,bubarkan mbg selesai smbako murah
7639030529809924871,2026-05-12T15:44:15.000Z,2,https://www.tiktok.com/@liputan6.sctv/video/7638910407763168533,https://www.tiktok.com/@liputan6.sctv/video/7638910407763168533?commentId=7639030529809924871,scraping_tiktok,mainanpalsu,"wes jelasss, wes terang kok isih di di goleki celah nya.Jelas ono ngapusiii, jelass ono korupsiii😊"
7639028676995482376,2026-05-12T15:32:57.000Z,2,https://www.tiktok.com/@liputan6.sctv/video/7638910407763168533,https://www.tiktok.com/@liputan6.sctv/video/7638910407763168533?commentId=7639028676995482376,scraping_tiktok,xusamkkk._,Makanya bang setiap organisasi di pecah itu akan banyak dampak negatif salah satunya kurupsi dan manfaat nya itu banyak orang menyalah gunakan untuk menguntungkan bagi pengusaha atau elite politik
7639028210945114887,2026-05-12T15:31:06.000Z,2,https://www.tiktok.com/@liputan6.sctv/video/7638910407763168533,https://www.tiktok.com/@liputan6.sctv/video/7638910407763168533?commentId=7639028210945114887,scraping_tiktok,edelweish_88,kdmp jg harus d telusuri
7639028071740228360,2026-05-12T15:30:34.000Z,2,https://www.tiktok.com/@liputan6.sctv/video/7638910407763168533,https://www.tiktok.com/@liputan6.sctv/video/7638910407763168533?commentId=7639028071740228360,scraping_tiktok,mayaip7,yg pnya sppg itu rata2 anggota dewan
7639027678611292946,2026-05-12T15:28:58.000Z,2,https://www.tiktok.com/@liputan6.sctv/video/7638910407763168533,https://www.tiktok.com/@liputan6.sctv/video/7638910407763168533?commentId=7639027678611292946,scraping_tiktok,parto123com,Ya gimana bang beking nya prabowo sendiri
7639025969361404692,2026-05-12T15:22:28.000Z,2,https://www.tiktok.com/@liputan6.sctv/video/7638910407763168533,https://www.tiktok.com/@liputan6.sctv/video/7638910407763168533?commentId=7639025969361404692,scraping_tiktok,naga.hitam3632,kebanyakan dibuang2
7639024598047130388,2026-05-12T15:21:30.000Z,2,https://www.tiktok.com/@liputan6.sctv/video/7638910407763168533,https://www.tiktok.com/@liputan6.sctv/video/7638910407763168533?commentId=7639024598047130388,scraping_tiktok,rini.1902,alah😏 setiap progam pemerintah itu smua ada celah tuk korupsi
7639022244832330513,2026-05-12T15:07:56.000Z,2,https://www.tiktok.com/@liputan6.sctv/video/7638910407763168533,https://www.tiktok.com/@liputan6.sctv/video/7638910407763168533?commentId=7639022244832330513,scraping_tiktok,masaji007,sudah kubilang klo MBG itu bisnis cuan yg menjanjikan hanya segelintir orang tertentu.
7639020387490054932,2026-05-12T15:00:53.000Z,2,https://www.tiktok.com/@liputan6.sctv/video/7638910407763168533,https://www.tiktok.com/@liputan6.sctv/video/7638910407763168533?commentId=7639020387490054932,scraping_tiktok,jumroni39,tukang joget baru nyadar
7639018794065527560,2026-05-12T14:54:36.000Z,2,https://www.tiktok.com/@liputan6.sctv/video/7638910407763168533,https://www.tiktok.com/@liputan6.sctv/video/7638910407763168533?commentId=7639018794065527560,scraping_tiktok,faizen441,sudah di bilang mbg itu ladang korup berjemaah.tapi sayang presidennya ga mau dengar omongan masyarakat kecil.
7639016792376476436,2026-05-12T14:47:00.000Z,2,https://www.tiktok.com/@liputan6.sctv/video/7638910407763168533,https://www.tiktok.com/@liputan6.sctv/video/7638910407763168533?commentId=7639016792376476436,scraping_tiktok,ahmadrohiman197,sejarah korupsi masal kah
7639016323360883477,2026-05-12T14:45:06.000Z,2,https://www.tiktok.com/@liputan6.sctv/video/7638910407763168533,https://www.tiktok.com/@liputan6.sctv/video/7638910407763168533?commentId=7639016323360883477,scraping_tiktok,umi_maheza,korupsi ter nampak
7639013115393753876,2026-05-12T14:32:47.000Z,2,https://www.tiktok.com/@liputan6.sctv/video/7638910407763168533,https://www.tiktok.com/@liputan6.sctv/video/7638910407763168533?commentId=7639013115393753876,scraping_tiktok,mus.zal,Prabowo yg membuka peluang korupsi
7639012744935375623,2026-05-12T14:31:03.000Z,2,https://www.tiktok.com/@liputan6.sctv/video/7638910407763168533,https://www.tiktok.com/@liputan6.sctv/video/7638910407763168533?commentId=7639012744935375623,scraping_tiktok,_cha855,MBG lahan basah korupsi
7639012556510151445,2026-05-12T14:30:25.000Z,2,https://www.tiktok.com/@liputan6.sctv/video/7638910407763168533,https://www.tiktok.com/@liputan6.sctv/video/7638910407763168533?commentId=7639012556510151445,scraping_tiktok,ariabal0,STOP MBG yang menghabiskan anggaran negara
7639010028330976021,2026-05-12T14:20:39.000Z,2,https://www.tiktok.com/@liputan6.sctv/video/7638910407763168533,https://www.tiktok.com/@liputan6.sctv/video/7638910407763168533?commentId=7639010028330976021,scraping_tiktok,masrul_1389,jelas .....ayo kpk
7639009465404474130,2026-05-12T14:18:23.000Z,2,https://www.tiktok.com/@liputan6.sctv/video/7638910407763168533,https://www.tiktok.com/@liputan6.sctv/video/7638910407763168533?commentId=7639009465404474130,scraping_tiktok,siskasubur666,Saya heran banyak kasus keracunan tp tidak ada yg lanjut hukum ya ?
7639003647162581761,2026-05-12T13:55:47.000Z,2,https://www.tiktok.com/@liputan6.sctv/video/7638910407763168533,https://www.tiktok.com/@liputan6.sctv/video/7638910407763168533?commentId=7639003647162581761,scraping_tiktok,adeknur99,Kpk gk guna di konoha
7639003448570905365,2026-05-12T13:55:06.000Z,2,https://www.tiktok.com/@liputan6.sctv/video/7638910407763168533,https://www.tiktok.com/@liputan6.sctv/video/7638910407763168533?commentId=7639003448570905365,scraping_tiktok,andes2953,emang korupsi..mau fakta kelapangan dong
7638942389759607570,2026-05-12T09:58:03.000Z,2,https://www.tiktok.com/@liputan6.sctv/video/7638910407763168533,https://www.tiktok.com/@liputan6.sctv/video/7638910407763168533?commentId=7638942389759607570,scraping_tiktok,syahriyadi15,Mending MBG di stop! Dan di ganti BPJS gratis ke seluruh rakyat indonesia & gaji para guru guru sekolah & madrasah yang selama ini kurang di perhatikan!
7638917864087388946,2026-05-12T08:22:54.000Z,2,https://www.tiktok.com/@liputan6.sctv/video/7638910407763168533,https://www.tiktok.com/@liputan6.sctv/video/7638910407763168533?commentId=7638917864087388946,scraping_tiktok,etzuga,pertanyaannya emang kpk berani? 🤣
7641163365687132948,2026-05-18T09:38:53.000Z,1,https://www.tiktok.com/@liputan6.sctv/video/7638910407763168533,https://www.tiktok.com/@liputan6.sctv/video/7638910407763168533?commentId=7641163365687132948,scraping_tiktok,degoy79,"KPK mau selidiki,, anggota KPK nya punya SPPG..
kejaksaan mau selidiki.. oknum kejaksaan punya SPPG..
Polri-TNI mau selidiki... Mereka punya SPPG nya jg...
trus aman dong...ga kesentuh...🤣🤣🤣🤣🤣"
7640689714039374613,2026-05-17T02:58:47.000Z,1,https://www.tiktok.com/@liputan6.sctv/video/7638910407763168533,https://www.tiktok.com/@liputan6.sctv/video/7638910407763168533?commentId=7640689714039374613,scraping_tiktok,chepypartaman1,Bilangnya biar anak2 kenyang...gimana mo kenyang cuma di kasih makan siang sekali sehari doang...sore sampe malam kelaparan lagi...MBG konsennya di daerah pelosok aja sambil evaluasi hal2 apa yang masih hrs di sempurnakan...lahan korupsi buat para pejabat2 yg buka SPPG...
7640157010704958228,2026-05-15T16:31:27.000Z,1,https://www.tiktok.com/@liputan6.sctv/video/7638910407763168533,https://www.tiktok.com/@liputan6.sctv/video/7638910407763168533?commentId=7640157010704958228,scraping_tiktok,nonoyinoy,stress bjir stress nah kalo ini dihukum 27tahun penjara setuju karena celah korupsinya banyak
7639581068081496853,2026-05-14T03:16:39.000Z,1,https://www.tiktok.com/@liputan6.sctv/video/7638910407763168533,https://www.tiktok.com/@liputan6.sctv/video/7638910407763168533?commentId=7639581068081496853,scraping_tiktok,verdian.77,Merdeka
7639574032396501781,2026-05-14T02:49:22.000Z,1,https://www.tiktok.com/@liputan6.sctv/video/7638910407763168533,https://www.tiktok.com/@liputan6.sctv/video/7638910407763168533?commentId=7639574032396501781,scraping_tiktok,marmut__01,"apa adanya cela korupsi ya pasti ada lah cela korupsinya, namanya program semua nya begitu apa2 yg menjadi program yg lain semua pasti ada cela korupsi nya, biar program mbg di ganti program pendidikan atau apa tetap akan ada cela korupsi nya, intinya mau di apa kan uang rakyat dn tidak di apa kan semua ada cela korupsi nya paham, syukur syukurlah ada program mbg yg sangat membantu masyarakat2 yg kurang mampu, dri pada uang rakyat di korupsi sia2, mending di beri program mbg jdi anak2 rakyat bisa merasakan uang rakyat nya sendiri"
7639549035326522120,2026-05-14T01:12:19.000Z,1,https://www.tiktok.com/@liputan6.sctv/video/7638910407763168533,https://www.tiktok.com/@liputan6.sctv/video/7638910407763168533?commentId=7639549035326522120,scraping_tiktok,nank_clouds,KPK JANGAN DIAM AJA..
7639435011464430356,2026-05-13T17:49:46.000Z,1,https://www.tiktok.com/@liputan6.sctv/video/7638910407763168533,https://www.tiktok.com/@liputan6.sctv/video/7638910407763168533?commentId=7639435011464430356,scraping_tiktok,sundanese_culture,rakyat ga butuh makan Gratis . yg penting tuh sekolah gratis . kesehatan gratis . sembako murah . listrik murah . pajak murah .
7639428252369126145,2026-05-13T17:23:43.000Z,1,https://www.tiktok.com/@liputan6.sctv/video/7638910407763168533,https://www.tiktok.com/@liputan6.sctv/video/7638910407763168533?commentId=7639428252369126145,scraping_tiktok,rizla535,gaji relawan juga kecil
7639423036638593813,2026-05-13T17:06:28.000Z,1,https://www.tiktok.com/@liputan6.sctv/video/7638910407763168533,https://www.tiktok.com/@liputan6.sctv/video/7638910407763168533?commentId=7639423036638593813,scraping_tiktok,reffiereva,emang baru tau yee.. korupsinya berjamaah nih kayanyee
7639406410150871816,2026-05-13T15:58:45.000Z,1,https://www.tiktok.com/@liputan6.sctv/video/7638910407763168533,https://www.tiktok.com/@liputan6.sctv/video/7638910407763168533?commentId=7639406410150871816,scraping_tiktok,roonnysaputra97,tak mungkin di periksa.. ini program presiden dan pasti kenal hukum
7639404980839514900,2026-05-13T15:56:19.000Z,1,https://www.tiktok.com/@liputan6.sctv/video/7638910407763168533,https://www.tiktok.com/@liputan6.sctv/video/7638910407763168533?commentId=7639404980839514900,scraping_tiktok,andikbeckham425,"lah emang MBG itu ladang k*rupsi,,sehari sja berapa anggaran yg di markup"
7639404435752600340,2026-05-13T15:55:22.000Z,1,https://www.tiktok.com/@liputan6.sctv/video/7638910407763168533,https://www.tiktok.com/@liputan6.sctv/video/7638910407763168533?commentId=7639404435752600340,scraping_tiktok,alfianriski071,intinya mbg jadi sarang korupsi
7639398794849387284,2026-05-13T15:32:48.000Z,1,https://www.tiktok.com/@liputan6.sctv/video/7638910407763168533,https://www.tiktok.com/@liputan6.sctv/video/7638910407763168533?commentId=7639398794849387284,scraping_tiktok,user85844327233307,branngkatttttttttt
7639392686915617544,2026-05-13T15:05:29.000Z,1,https://www.tiktok.com/@liputan6.sctv/video/7638910407763168533,https://www.tiktok.com/@liputan6.sctv/video/7638910407763168533?commentId=7639392686915617544,scraping_tiktok,ilhamnanda2929gmail.com,tutup aja mbg ladang korupsi
7639390840116429584,2026-05-13T14:58:22.000Z,1,https://www.tiktok.com/@liputan6.sctv/video/7638910407763168533,https://www.tiktok.com/@liputan6.sctv/video/7638910407763168533?commentId=7639390840116429584,scraping_tiktok,masdanu453,kebal bah..mbg bgn
7639385845744796424,2026-05-13T14:38:50.000Z,1,https://www.tiktok.com/@liputan6.sctv/video/7638910407763168533,https://www.tiktok.com/@liputan6.sctv/video/7638910407763168533?commentId=7639385845744796424,scraping_tiktok,riswannduru,Hanya Cerita Doang skg Masyarakat Menjerit Cari Makan
7639382156587123476,2026-05-13T14:29:40.000Z,1,https://www.tiktok.com/@liputan6.sctv/video/7638910407763168533,https://www.tiktok.com/@liputan6.sctv/video/7638910407763168533?commentId=7639382156587123476,scraping_tiktok,bah.udil,"pendidikan, harus di prior ritaskan, bangsa akan cerdas dan maju, untuk msa yabg ajan datang, klo mkan orang tuanya juga, masih mampu member makan, sesuai selera anak"
7639045960844559121,2026-05-12T16:40:09.000Z,2,https://www.tiktok.com/@liputan6.sctv/video/7638910407763168533,https://www.tiktok.com/@liputan6.sctv/video/7638910407763168533?commentId=7639045960844559121,scraping_tiktok,fauzanhidayatull17,Mana yg kemaren koar koar bakal ngeburu koruptor sampai ke Antartika..??
7639042679746085648,2026-05-12T16:27:31.000Z,2,https://www.tiktok.com/@liputan6.sctv/video/7638910407763168533,https://www.tiktok.com/@liputan6.sctv/video/7638910407763168533?commentId=7639042679746085648,scraping_tiktok,dealfa89,paling nanti seakan² merasa di bohongi 😅
7639042319245476616,2026-05-12T16:25:51.000Z,2,https://www.tiktok.com/@liputan6.sctv/video/7638910407763168533,https://www.tiktok.com/@liputan6.sctv/video/7638910407763168533?commentId=7639042319245476616,scraping_tiktok,kembangwangi_112019,proyek buang uang 🥺...mengerikan pada pengen semua ikutan ... padhal gk berkah🥺
7639041673565995777,2026-05-12T16:23:22.000Z,2,https://www.tiktok.com/@liputan6.sctv/video/7638910407763168533,https://www.tiktok.com/@liputan6.sctv/video/7638910407763168533?commentId=7639041673565995777,scraping_tiktok,timpakul394,efesiensi untuk mbg tp yg ngurus malah boros
7639041067895145237,2026-05-12T16:21:00.000Z,2,https://www.tiktok.com/@liputan6.sctv/video/7638910407763168533,https://www.tiktok.com/@liputan6.sctv/video/7638910407763168533?commentId=7639041067895145237,scraping_tiktok,hullhernandez,PASTILAAHH INI KOROPSI GEDE2.AN
7639039313434739477,2026-05-12T16:14:13.000Z,2,https://www.tiktok.com/@liputan6.sctv/video/7638910407763168533,https://www.tiktok.com/@liputan6.sctv/video/7638910407763168533?commentId=7639039313434739477,scraping_tiktok,estehplastikan2023,jebakan tikus
7639037111001924359,2026-05-12T16:05:37.000Z,2,https://www.tiktok.com/@liputan6.sctv/video/7638910407763168533,https://www.tiktok.com/@liputan6.sctv/video/7638910407763168533?commentId=7639037111001924359,scraping_tiktok,andi_7664,semoga Benar adanya..😂😂😂😂
7639382583587111701,2026-05-13T14:26:15.000Z,1,https://www.tiktok.com/@liputan6.sctv/video/7638910407763168533,https://www.tiktok.com/@liputan6.sctv/video/7638910407763168533?commentId=7639382583587111701,scraping_tiktok,i_charlotte15,"pemerintah ini kek tutup mata, padahal MBG dan kopdes ini sasaran empuk"
7639381958418055944,2026-05-13T14:23:47.000Z,1,https://www.tiktok.com/@liputan6.sctv/video/7638910407763168533,https://www.tiktok.com/@liputan6.sctv/video/7638910407763168533?commentId=7639381958418055944,scraping_tiktok,mcg5230981986351,mbg mbg
7639376779396154120,2026-05-13T14:03:40.000Z,1,https://www.tiktok.com/@liputan6.sctv/video/7638910407763168533,https://www.tiktok.com/@liputan6.sctv/video/7638910407763168533?commentId=7639376779396154120,scraping_tiktok,sabar5082,kita rakyat kecil tidak setuju MBG harus di tutup... hutang' Nega semakin bertambah....tar anak kita yg kena sasaran karena MBG 😭
7639374076062843666,2026-05-13T13:53:13.000Z,1,https://www.tiktok.com/@liputan6.sctv/video/7638910407763168533,https://www.tiktok.com/@liputan6.sctv/video/7638910407763168533?commentId=7639374076062843666,scraping_tiktok,nopri4118,bubar aja pak mbg ganti uang
7639368152752702224,2026-05-13T13:30:11.000Z,1,https://www.tiktok.com/@liputan6.sctv/video/7638910407763168533,https://www.tiktok.com/@liputan6.sctv/video/7638910407763168533?commentId=7639368152752702224,scraping_tiktok,muhamadrisky941,mantap 👍 lanjutkan MBG
7639364743086195476,2026-05-13T13:20:07.000Z,1,https://www.tiktok.com/@liputan6.sctv/video/7638910407763168533,https://www.tiktok.com/@liputan6.sctv/video/7638910407763168533?commentId=7639364743086195476,scraping_tiktok,arik4754,negara apa ini makin gak jelas
7639364206181434120,2026-05-13T13:17:22.000Z,1,https://www.tiktok.com/@liputan6.sctv/video/7638910407763168533,https://www.tiktok.com/@liputan6.sctv/video/7638910407763168533?commentId=7639364206181434120,scraping_tiktok,wongcilik7775,uang rakyat habis d korupsi..anehnya para korup dari segi apapun kok aman2 aja
7639356092510454549,2026-05-13T12:51:42.000Z,1,https://www.tiktok.com/@liputan6.sctv/video/7638910407763168533,https://www.tiktok.com/@liputan6.sctv/video/7638910407763168533?commentId=7639356092510454549,scraping_tiktok,harryardhiansyah,rupanya baru mendengarkan dia baru bertindak. 😂
7639357046357738247,2026-05-13T12:47:07.000Z,1,https://www.tiktok.com/@liputan6.sctv/video/7638910407763168533,https://www.tiktok.com/@liputan6.sctv/video/7638910407763168533?commentId=7639357046357738247,scraping_tiktok,ai_c39,lah yg disuruh selidiki 9rang yg pernah dicurigai korupsi 500m🤣🤣
7639354531440378645,2026-05-13T12:37:25.000Z,1,https://www.tiktok.com/@liputan6.sctv/video/7638910407763168533,https://www.tiktok.com/@liputan6.sctv/video/7638910407763168533?commentId=7639354531440378645,scraping_tiktok,unknown27_4,"bubarin juga gpp, lebih penting pendidikan gratis hingga sarjana."
7639353355420893972,2026-05-13T12:32:55.000Z,1,https://www.tiktok.com/@liputan6.sctv/video/7638910407763168533,https://www.tiktok.com/@liputan6.sctv/video/7638910407763168533?commentId=7639353355420893972,scraping_tiktok,swallowming,mbg full celah mass😂
7639351374665696007,2026-05-13T12:25:12.000Z,1,https://www.tiktok.com/@liputan6.sctv/video/7638910407763168533,https://www.tiktok.com/@liputan6.sctv/video/7638910407763168533?commentId=7639351374665696007,scraping_tiktok,deepofsea_,KENAPA TENTARA YANG NGURUS?
7639349757887054613,2026-05-13T12:23:24.000Z,1,https://www.tiktok.com/@liputan6.sctv/video/7638910407763168533,https://www.tiktok.com/@liputan6.sctv/video/7638910407763168533?commentId=7639349757887054613,scraping_tiktok,elkhau,Mentrinya diganti
7639349434145440533,2026-05-13T12:22:29.000Z,1,https://www.tiktok.com/@liputan6.sctv/video/7638910407763168533,https://www.tiktok.com/@liputan6.sctv/video/7638910407763168533?commentId=7639349434145440533,scraping_tiktok,chidznchow,lahan basah..
7639350678415491858,2026-05-13T12:22:29.000Z,1,https://www.tiktok.com/@liputan6.sctv/video/7638910407763168533,https://www.tiktok.com/@liputan6.sctv/video/7638910407763168533?commentId=7639350678415491858,scraping_tiktok,syifasafira565,MBG ajang KORUPSI ASTAGHFIRULLAH😭😭😭...
7639343827496911624,2026-05-13T11:55:50.000Z,1,https://www.tiktok.com/@liputan6.sctv/video/7638910407763168533,https://www.tiktok.com/@liputan6.sctv/video/7638910407763168533?commentId=7639343827496911624,scraping_tiktok,mas___her,ladang nya korupsi ya itu 🥺
7639342218587226887,2026-05-13T11:49:36.000Z,1,https://www.tiktok.com/@liputan6.sctv/video/7638910407763168533,https://www.tiktok.com/@liputan6.sctv/video/7638910407763168533?commentId=7639342218587226887,scraping_tiktok,solikhakeyza,"disini rakyat masih sulit untuk cari uang buat makan hari ini,presiden malah bagi 2 motor untuk mbg,wuh ...gemblung"
7639339171073458960,2026-05-13T11:37:49.000Z,1,https://www.tiktok.com/@liputan6.sctv/video/7638910407763168533,https://www.tiktok.com/@liputan6.sctv/video/7638910407763168533?commentId=7639339171073458960,scraping_tiktok,jambri48,MBG alihkan kesejjahtraan guru dan siswa
7639336523221631765,2026-05-13T11:27:38.000Z,1,https://www.tiktok.com/@liputan6.sctv/video/7638910407763168533,https://www.tiktok.com/@liputan6.sctv/video/7638910407763168533?commentId=7639336523221631765,scraping_tiktok,catatan_scorvio,selidiki apa sekedar formalitas buat rakyat diam sementara😅
7639335237885002497,2026-05-13T11:22:28.000Z,1,https://www.tiktok.com/@liputan6.sctv/video/7638910407763168533,https://www.tiktok.com/@liputan6.sctv/video/7638910407763168533?commentId=7639335237885002497,scraping_tiktok,nunuk.supriharto,"udalah bpk presiden STOP MBG......ni jelas"" tdk mnfaat sma skli.....apa lgi yg di daerah"".......😳"
7639334576175825682,2026-05-13T11:19:59.000Z,1,https://www.tiktok.com/@liputan6.sctv/video/7638910407763168533,https://www.tiktok.com/@liputan6.sctv/video/7638910407763168533?commentId=7639334576175825682,scraping_tiktok,alfaqir365,MBG bikin gaduh ada manfaatnya tapi kecil korupnya besar
7639326039768711957,2026-05-13T10:46:59.000Z,1,https://www.tiktok.com/@liputan6.sctv/video/7638910407763168533,https://www.tiktok.com/@liputan6.sctv/video/7638910407763168533?commentId=7639326039768711957,scraping_tiktok,svarna.griya,pura2 di cek...m😄😄😄
7639312434473583381,2026-05-13T09:54:07.000Z,1,https://www.tiktok.com/@liputan6.sctv/video/7638910407763168533,https://www.tiktok.com/@liputan6.sctv/video/7638910407763168533?commentId=7639312434473583381,scraping_tiktok,www.inafathah.com,"baru turun perintah dari presiden..
🤲🤲🤲semoga semua akan terbongkar"
7639058616482530064,2026-05-12T17:29:07.000Z,2,https://www.tiktok.com/@liputan6.sctv/video/7638910407763168533,https://www.tiktok.com/@liputan6.sctv/video/7638910407763168533?commentId=7639058616482530064,scraping_tiktok,tangankanan0205,adili dadan hindayana
7639101404774302485,2026-05-12T20:15:17.000Z,2,https://www.tiktok.com/@liputan6.sctv/video/7638910407763168533,https://www.tiktok.com/@liputan6.sctv/video/7638910407763168533?commentId=7639101404774302485,scraping_tiktok,hawa_anik,betuulll...di program koperasi merah putih saja juga bnyak korup dr atasan sampe kades ...apalgi di MBG.....
7639063514225574663,2026-05-12T17:48:08.000Z,2,https://www.tiktok.com/@liputan6.sctv/video/7638910407763168533,https://www.tiktok.com/@liputan6.sctv/video/7638910407763168533?commentId=7639063514225574663,scraping_tiktok,noey64_,"masa g tau anggaran d selewengkan pdhl udh jls2 keliatan kok,mulai dr penunjukan sppg smpe kaos kaki smpe semir semir sepatu"
7639057262284505876,2026-05-12T17:23:57.000Z,2,https://www.tiktok.com/@liputan6.sctv/video/7638910407763168533,https://www.tiktok.com/@liputan6.sctv/video/7638910407763168533?commentId=7639057262284505876,scraping_tiktok,lonpengusaha,"sudah lama tau, kalian baru sadar, sampai sampai gaji honorer pun mau di makan, di korupsi lagi"
7639172239545893653,2026-05-13T00:50:21.000Z,1,https://www.tiktok.com/@liputan6.sctv/video/7638910407763168533,https://www.tiktok.com/@liputan6.sctv/video/7638910407763168533?commentId=7639172239545893653,scraping_tiktok,ken_arok080,"percuma juga di kritik pasti di anggap makar,lagian juga di kasih data palsu percaya aja."
7639158303126602516,2026-05-12T23:56:28.000Z,1,https://www.tiktok.com/@liputan6.sctv/video/7638910407763168533,https://www.tiktok.com/@liputan6.sctv/video/7638910407763168533?commentId=7639158303126602516,scraping_tiktok,haizum3133,lapangan pekerjaan 19 juta itu lebih utama daripada MBG
7639158964173882132,2026-05-12T23:58:59.000Z,1,https://www.tiktok.com/@liputan6.sctv/video/7638910407763168533,https://www.tiktok.com/@liputan6.sctv/video/7638910407763168533?commentId=7639158964173882132,scraping_tiktok,teamsuukses,😹😹 ladangnya tuh
7639149955890660103,2026-05-12T23:23:45.000Z,1,https://www.tiktok.com/@liputan6.sctv/video/7638910407763168533,https://www.tiktok.com/@liputan6.sctv/video/7638910407763168533?commentId=7639149955890660103,scraping_tiktok,penggemarberat86,alihkan dana MBG ke pendidikan gratis dan kesehatan gratis
7639145375093408530,2026-05-12T23:05:54.000Z,1,https://www.tiktok.com/@liputan6.sctv/video/7638910407763168533,https://www.tiktok.com/@liputan6.sctv/video/7638910407763168533?commentId=7639145375093408530,scraping_tiktok,pe_kusut,ganti presiden lama2 makin ngaco
7639169851642790677,2026-05-13T00:41:05.000Z,1,https://www.tiktok.com/@liputan6.sctv/video/7638910407763168533,https://www.tiktok.com/@liputan6.sctv/video/7638910407763168533?commentId=7639169851642790677,scraping_tiktok,dono.iwake,KPK selama ini diem.. padahal rakyat sudah banyak kowar kowar tentang MBG
7639180418638349074,2026-05-13T01:21:50.000Z,1,https://www.tiktok.com/@liputan6.sctv/video/7638910407763168533,https://www.tiktok.com/@liputan6.sctv/video/7638910407763168533?commentId=7639180418638349074,scraping_tiktok,herdiansart,Celah korupsi? Itu bukan celah lohh.. UDAH TERBUKA LEBARRR ITUUU
7639134012729082640,2026-05-12T22:22:13.000Z,1,https://www.tiktok.com/@liputan6.sctv/video/7638910407763168533,https://www.tiktok.com/@liputan6.sctv/video/7638910407763168533?commentId=7639134012729082640,scraping_tiktok,soleh.solehah84,dia LG yang d suruh selidiki nya
7639168272861233938,2026-05-13T00:34:51.000Z,1,https://www.tiktok.com/@liputan6.sctv/video/7638910407763168533,https://www.tiktok.com/@liputan6.sctv/video/7638910407763168533?commentId=7639168272861233938,scraping_tiktok,ferdinankristianto,"Telat ....
management resikonya TDK berjalan 😏"
7639158492247360276,2026-05-12T23:57:08.000Z,1,https://www.tiktok.com/@liputan6.sctv/video/7638910407763168533,https://www.tiktok.com/@liputan6.sctv/video/7638910407763168533?commentId=7639158492247360276,scraping_tiktok,haizum3133,sampai sekarang kenapa Prabowo melibatkan aparat di MBG
7639167894777905927,2026-05-13T00:33:18.000Z,1,https://www.tiktok.com/@liputan6.sctv/video/7638910407763168533,https://www.tiktok.com/@liputan6.sctv/video/7638910407763168533?commentId=7639167894777905927,scraping_tiktok,deny59810,Saya benar2 gak rela banget uang pajak kami dihambur-hamburkan begitu...
7639166838300312328,2026-05-13T00:29:15.000Z,1,https://www.tiktok.com/@liputan6.sctv/video/7638910407763168533,https://www.tiktok.com/@liputan6.sctv/video/7638910407763168533?commentId=7639166838300312328,scraping_tiktok,masve71vdp,nentukan titik lokasi pembangunan gedung aja itu harus bayar. sumpah MBG ladang korupsi
7639165808811655937,2026-05-13T00:25:09.000Z,1,https://www.tiktok.com/@liputan6.sctv/video/7638910407763168533,https://www.tiktok.com/@liputan6.sctv/video/7638910407763168533?commentId=7639165808811655937,scraping_tiktok,sukarnoputro0,"seketat apapun pengawasannya tetap rawan dikorupsi, lihat saja nanti bakal banyak yang masuk penjara kalau penegak hukum bekerja serius"
7639159345175364372,2026-05-13T00:00:18.000Z,1,https://www.tiktok.com/@liputan6.sctv/video/7638910407763168533,https://www.tiktok.com/@liputan6.sctv/video/7638910407763168533?commentId=7639159345175364372,scraping_tiktok,user072745176,program lier tampa pemikiran panjang coba kaji dulu pikirkan dulu matang2 cek lapangan ini teh merugikan tida bermakna untung buat pengelola
7639189754508788501,2026-05-13T01:58:12.000Z,1,https://www.tiktok.com/@liputan6.sctv/video/7638910407763168533,https://www.tiktok.com/@liputan6.sctv/video/7638910407763168533?commentId=7639189754508788501,scraping_tiktok,yunitaayu364,"pak Prabowo kok di tipu terus sama bawa,anya"
7639156765809689362,2026-05-12T23:50:12.000Z,1,https://www.tiktok.com/@liputan6.sctv/video/7638910407763168533,https://www.tiktok.com/@liputan6.sctv/video/7638910407763168533?commentId=7639156765809689362,scraping_tiktok,farel.adam36,bubarin aja.. setiap hari makanan semakin tidak bermutu. 😏
7639144724712850196,2026-05-12T23:03:44.000Z,1,https://www.tiktok.com/@liputan6.sctv/video/7638910407763168533,https://www.tiktok.com/@liputan6.sctv/video/7638910407763168533?commentId=7639144724712850196,scraping_tiktok,mbbkl773,bukan celah pakk....bolongan guedhiii
7639135647068816149,2026-05-12T22:28:28.000Z,1,https://www.tiktok.com/@liputan6.sctv/video/7638910407763168533,https://www.tiktok.com/@liputan6.sctv/video/7638910407763168533?commentId=7639135647068816149,scraping_tiktok,kenmaster2,pesanan tahanan rumah
7639169850770621205,2026-05-13T00:41:04.000Z,1,https://www.tiktok.com/@liputan6.sctv/video/7638910407763168533,https://www.tiktok.com/@liputan6.sctv/video/7638910407763168533?commentId=7639169850770621205,scraping_tiktok,jay.jam74,usuttt
7639172347006485268,2026-05-13T00:50:45.000Z,1,https://www.tiktok.com/@liputan6.sctv/video/7638910407763168533,https://www.tiktok.com/@liputan6.sctv/video/7638910407763168533?commentId=7639172347006485268,scraping_tiktok,paking_sit,lah baru nyadar? dari pertama muncul juga udah pada korup klo diselidiki
7639140300418450192,2026-05-12T22:46:18.000Z,2,https://www.tiktok.com/@liputan6.sctv/video/7638910407763168533,https://www.tiktok.com/@liputan6.sctv/video/7638910407763168533?commentId=7639140300418450192,scraping_tiktok,tukanggrooming_29,gara gara MBG imbas nya ke semua sektor
7639136176921690901,2026-05-12T22:30:18.000Z,2,https://www.tiktok.com/@liputan6.sctv/video/7638910407763168533,https://www.tiktok.com/@liputan6.sctv/video/7638910407763168533?commentId=7639136176921690901,scraping_tiktok,taritari0621,ganti uang ja lebih baik
7639136152708825876,2026-05-12T22:30:17.000Z,2,https://www.tiktok.com/@liputan6.sctv/video/7638910407763168533,https://www.tiktok.com/@liputan6.sctv/video/7638910407763168533?commentId=7639136152708825876,scraping_tiktok,yusardian0,"semua petunjuk soal ketidakwarasan anggaran udh dibuka netizen..presiden ga mau dengar, lembaga2 hukum diam selama ini. skrg knp prabowo tiba2 kesitu? udh ga ada uang kn?"
7639132462745355028,2026-05-12T22:16:11.000Z,2,https://www.tiktok.com/@liputan6.sctv/video/7638910407763168533,https://www.tiktok.com/@liputan6.sctv/video/7638910407763168533?commentId=7639132462745355028,scraping_tiktok,armansyaharmand7,memang MBG itu ladang korupsi se indonesia
7639129371639022357,2026-05-12T22:04:02.000Z,2,https://www.tiktok.com/@liputan6.sctv/video/7638910407763168533,https://www.tiktok.com/@liputan6.sctv/video/7638910407763168533?commentId=7639129371639022357,scraping_tiktok,lisdaoktarina,"pak Prabowo hanya ingin jadi presiden, bukan ingin jadi pemimpin warga Indonesia."
7639124969096987410,2026-05-12T21:46:52.000Z,2,https://www.tiktok.com/@liputan6.sctv/video/7638910407763168533,https://www.tiktok.com/@liputan6.sctv/video/7638910407763168533?commentId=7639124969096987410,scraping_tiktok,ahnacho4,dari awal sudah menjadi lahan korupsi
7639081697380696850,2026-05-12T18:58:42.000Z,2,https://www.tiktok.com/@liputan6.sctv/video/7638910407763168533,https://www.tiktok.com/@liputan6.sctv/video/7638910407763168533?commentId=7639081697380696850,scraping_tiktok,channelinspirasi00,hidup mahal bos UMR gk mampu
7639071748935959316,2026-05-12T18:20:11.000Z,2,https://www.tiktok.com/@liputan6.sctv/video/7638910407763168533,https://www.tiktok.com/@liputan6.sctv/video/7638910407763168533?commentId=7639071748935959316,scraping_tiktok,abil270122,padahal pelakunya ada di depan mata tapi GK di proses 😂
7639069979475723016,2026-05-12T18:13:08.000Z,2,https://www.tiktok.com/@liputan6.sctv/video/7638910407763168533,https://www.tiktok.com/@liputan6.sctv/video/7638910407763168533?commentId=7639069979475723016,scraping_tiktok,arifrabd,"tata kelola negara emg harus dirombak total, kerjaan kementrian atau lembaga yg cuma ngabisin amggaran diubah jadi sistem perusahaan aja biar setor kenegara buat gaji rakyat. biar pd dagang semua kementerian !!!!"
7639064570438419207,2026-05-12T17:55:03.000Z,2,https://www.tiktok.com/@liputan6.sctv/video/7638910407763168533,https://www.tiktok.com/@liputan6.sctv/video/7638910407763168533?commentId=7639064570438419207,scraping_tiktok,sundongyank69,"percuma, Prabowo berlagak gak tahu🤣🤣🤣"
7639063822825341717,2026-05-12T17:49:23.000Z,2,https://www.tiktok.com/@liputan6.sctv/video/7638910407763168533,https://www.tiktok.com/@liputan6.sctv/video/7638910407763168533?commentId=7639063822825341717,scraping_tiktok,muhammad.hifduddin,korupsi terstukur ber organisasi semua instansi baik vertikal maupun horizontal.
7639062077012771604,2026-05-12T17:42:31.000Z,2,https://www.tiktok.com/@liputan6.sctv/video/7638910407763168533,https://www.tiktok.com/@liputan6.sctv/video/7638910407763168533?commentId=7639062077012771604,scraping_tiktok,sayapaai,buzzer belum masuk
7639061408541770503,2026-05-12T17:39:55.000Z,2,https://www.tiktok.com/@liputan6.sctv/video/7638910407763168533,https://www.tiktok.com/@liputan6.sctv/video/7638910407763168533?commentId=7639061408541770503,scraping_tiktok,0827u7r,mbg program korupsi
7639060575376556821,2026-05-12T17:36:41.000Z,2,https://www.tiktok.com/@liputan6.sctv/video/7638910407763168533,https://www.tiktok.com/@liputan6.sctv/video/7638910407763168533?commentId=7639060575376556821,scraping_tiktok,sem_ph4t,giliran yg korup dah kenyang baru nyadar wooo wowo
7639058675541918485,2026-05-12T17:32:04.000Z,2,https://www.tiktok.com/@liputan6.sctv/video/7638910407763168533,https://www.tiktok.com/@liputan6.sctv/video/7638910407763168533?commentId=7639058675541918485,scraping_tiktok,master_cikruk,"MBG itu bukan program, Itu proyek Korupsi."
7639057013116961553,2026-05-12T17:22:51.000Z,2,https://www.tiktok.com/@liputan6.sctv/video/7638910407763168533,https://www.tiktok.com/@liputan6.sctv/video/7638910407763168533?commentId=7639057013116961553,scraping_tiktok,patra.wijaya.sh,"jual titik juga sudah sampai ratusan juta ,periksa kepala BGN"
7639056830610621201,2026-05-12T17:22:11.000Z,2,https://www.tiktok.com/@liputan6.sctv/video/7638910407763168533,https://www.tiktok.com/@liputan6.sctv/video/7638910407763168533?commentId=7639056830610621201,scraping_tiktok,patra.wijaya.sh,emang harus dperiksa kepala BGN
7639054882859533077,2026-05-12T17:14:41.000Z,2,https://www.tiktok.com/@liputan6.sctv/video/7638910407763168533,https://www.tiktok.com/@liputan6.sctv/video/7638910407763168533?commentId=7639054882859533077,scraping_tiktok,via.rsty,"sudah jelas Nyata korupsi besar-besaran kok di lama"" tangkap penjarakn"
7639051012272030485,2026-05-12T17:03:23.000Z,2,https://www.tiktok.com/@liputan6.sctv/video/7638910407763168533,https://www.tiktok.com/@liputan6.sctv/video/7638910407763168533?commentId=7639051012272030485,scraping_tiktok,putra.kelonk,"yaahh ke mana ajah..
yang lain udah kenyang makan..
ini baru di bahas soal makanan"
7639051515407778567,2026-05-12T17:01:32.000Z,2,https://www.tiktok.com/@liputan6.sctv/video/7638910407763168533,https://www.tiktok.com/@liputan6.sctv/video/7638910407763168533?commentId=7639051515407778567,scraping_tiktok,angela.tik.tok06,"dari awal saya sudah bilang, MBG itu adalah korupsi yang dilegalkan. hanya karna janji politik sampai program MBG itu dipaksakan."
7639050740510409493,2026-05-12T16:58:39.000Z,2,https://www.tiktok.com/@liputan6.sctv/video/7638910407763168533,https://www.tiktok.com/@liputan6.sctv/video/7638910407763168533?commentId=7639050740510409493,scraping_tiktok,monstereverest,mbg aceh
7639150011372520212,2026-05-12T23:24:09.000Z,1,https://www.tiktok.com/@liputan6.sctv/video/7638910407763168533,https://www.tiktok.com/@liputan6.sctv/video/7638910407763168533?commentId=7639150011372520212,scraping_tiktok,baba_macan,si Dadang turun lah
7639187725900301057,2026-05-13T01:50:53.000Z,1,https://www.tiktok.com/@liputan6.sctv/video/7638910407763168533,https://www.tiktok.com/@liputan6.sctv/video/7638910407763168533?commentId=7639187725900301057,scraping_tiktok,andiryan50,cukup g usah pilih abah
7639190415442559765,2026-05-13T02:00:43.000Z,1,https://www.tiktok.com/@liputan6.sctv/video/7638910407763168533,https://www.tiktok.com/@liputan6.sctv/video/7638910407763168533?commentId=7639190415442559765,scraping_tiktok,barraraya,MBG bermanfaat bagi pejabat negara... Rakyat di bodohi..
7639183603813450514,2026-05-13T01:34:13.000Z,1,https://www.tiktok.com/@liputan6.sctv/video/7638910407763168533,https://www.tiktok.com/@liputan6.sctv/video/7638910407763168533?commentId=7639183603813450514,scraping_tiktok,jayasutrisno0,idhul adha masih lama Bang.
7639197231627633416,2026-05-13T02:27:03.000Z,1,https://www.tiktok.com/@liputan6.sctv/video/7638910407763168533,https://www.tiktok.com/@liputan6.sctv/video/7638910407763168533?commentId=7639197231627633416,scraping_tiktok,user6363122217738,"program mu
bajir, sayang sekali"
7639149183869895445,2026-05-12T23:20:51.000Z,1,https://www.tiktok.com/@liputan6.sctv/video/7638910407763168533,https://www.tiktok.com/@liputan6.sctv/video/7638910407763168533?commentId=7639149183869895445,scraping_tiktok,ari69okey,"monopoli sppg, 1 org bisa punya 2-9 sppg, Khan monopoli oknum"
7639137903025898260,2026-05-12T22:37:16.000Z,1,https://www.tiktok.com/@liputan6.sctv/video/7638910407763168533,https://www.tiktok.com/@liputan6.sctv/video/7638910407763168533?commentId=7639137903025898260,scraping_tiktok,wahyuchan_15393,STOP MBG
7639266686995399432,2026-05-13T06:56:40.000Z,1,https://www.tiktok.com/@liputan6.sctv/video/7638910407763168533,https://www.tiktok.com/@liputan6.sctv/video/7638910407763168533?commentId=7639266686995399432,scraping_tiktok,soeherman_suhe,Banyak bgt celahnya😅
7639180986869465863,2026-05-13T01:23:59.000Z,1,https://www.tiktok.com/@liputan6.sctv/video/7638910407763168533,https://www.tiktok.com/@liputan6.sctv/video/7638910407763168533?commentId=7639180986869465863,scraping_tiktok,user2614852417972,MBELGEDES. ....
7639279193335808788,2026-05-13T07:45:15.000Z,1,https://www.tiktok.com/@liputan6.sctv/video/7638910407763168533,https://www.tiktok.com/@liputan6.sctv/video/7638910407763168533?commentId=7639279193335808788,scraping_tiktok,umu.robiah,"mending buat perbaikan sekolah"",kasih buku gratis biar pendidikan semakin maju,"
7639276883036799751,2026-05-13T07:36:03.000Z,1,https://www.tiktok.com/@liputan6.sctv/video/7638910407763168533,https://www.tiktok.com/@liputan6.sctv/video/7638910407763168533?commentId=7639276883036799751,scraping_tiktok,gendisjawi475,banyak uang yg dibuang sia sia jadi sampah makanan yg dibuang
7639275091097142036,2026-05-13T07:29:21.000Z,1,https://www.tiktok.com/@liputan6.sctv/video/7638910407763168533,https://www.tiktok.com/@liputan6.sctv/video/7638910407763168533?commentId=7639275091097142036,scraping_tiktok,tenang61,"tiada hari tanpa kabar buruk dr MBG, solusi stop MBG"
7639272201859416853,2026-05-13T07:23:12.000Z,1,https://www.tiktok.com/@liputan6.sctv/video/7638910407763168533,https://www.tiktok.com/@liputan6.sctv/video/7638910407763168533?commentId=7639272201859416853,scraping_tiktok,zetta_88,"baru sadar dia🤣 orang awam aja tau kalo program mbg banyak korupsinya, bentar lagi kopdes merah putih nyusul jd ladang korupsi"
7639269852691579649,2026-05-13T07:08:48.000Z,1,https://www.tiktok.com/@liputan6.sctv/video/7638910407763168533,https://www.tiktok.com/@liputan6.sctv/video/7638910407763168533?commentId=7639269852691579649,scraping_tiktok,ridwan.kurniawan99,"ladang korupsi,mnding d stop"
7639268001531364114,2026-05-13T07:01:40.000Z,1,https://www.tiktok.com/@liputan6.sctv/video/7638910407763168533,https://www.tiktok.com/@liputan6.sctv/video/7638910407763168533?commentId=7639268001531364114,scraping_tiktok,gus.leon88,mbg benar2 ladang korupsi😁
7639266958861075208,2026-05-13T06:57:34.000Z,1,https://www.tiktok.com/@liputan6.sctv/video/7638910407763168533,https://www.tiktok.com/@liputan6.sctv/video/7638910407763168533?commentId=7639266958861075208,scraping_tiktok,sempak_teles361,dan biaya penyelidikan pun juga dikorupsi 🤭😂😂
7639265182787633927,2026-05-13T06:50:45.000Z,1,https://www.tiktok.com/@liputan6.sctv/video/7638910407763168533,https://www.tiktok.com/@liputan6.sctv/video/7638910407763168533?commentId=7639265182787633927,scraping_tiktok,rianatriwiyatmi,"MBG itu hanya Proyek"" pejabat"" n partai yg mendukung prabowo kmrin....untuk pemilu 2029."
7639264590170030869,2026-05-13T06:48:32.000Z,1,https://www.tiktok.com/@liputan6.sctv/video/7638910407763168533,https://www.tiktok.com/@liputan6.sctv/video/7638910407763168533?commentId=7639264590170030869,scraping_tiktok,syanet.masuneneng,bosan proyek tidak bermanfaat bikin HBS uang negara.utang negara menumpuk..presiden sih mau mempertahankan MBG
7639264594565120788,2026-05-13T06:48:28.000Z,1,https://www.tiktok.com/@liputan6.sctv/video/7638910407763168533,https://www.tiktok.com/@liputan6.sctv/video/7638910407763168533?commentId=7639264594565120788,scraping_tiktok,nurjavametedab,Aneh memang...apa aja di korupsi
7639263765406417672,2026-05-13T06:45:17.000Z,1,https://www.tiktok.com/@liputan6.sctv/video/7638910407763168533,https://www.tiktok.com/@liputan6.sctv/video/7638910407763168533?commentId=7639263765406417672,scraping_tiktok,iindah_purnama,"MBG di kelola langsung oleh rakyat gt aja knp sih, memberdayakan ibu2 utk masak, jgn lewat sppg soalnya kebocoran dananya lumayan, terus menu nya juga itu2 aja, padahal dr pemerintah lumayan"
7639263491118891777,2026-05-13T06:44:13.000Z,1,https://www.tiktok.com/@liputan6.sctv/video/7638910407763168533,https://www.tiktok.com/@liputan6.sctv/video/7638910407763168533?commentId=7639263491118891777,scraping_tiktok,putrisarii8i,kelihatan sekali koropsi nya. sekarang masarakat byk yg pinter
7639260000863109909,2026-05-13T06:30:44.000Z,1,https://www.tiktok.com/@liputan6.sctv/video/7638910407763168533,https://www.tiktok.com/@liputan6.sctv/video/7638910407763168533?commentId=7639260000863109909,scraping_tiktok,user485677809,Presiden aja gtu apalagi pendukungnya
7639259771438498578,2026-05-13T06:29:45.000Z,1,https://www.tiktok.com/@liputan6.sctv/video/7638910407763168533,https://www.tiktok.com/@liputan6.sctv/video/7638910407763168533?commentId=7639259771438498578,scraping_tiktok,dwiristiyani3,"stop mbg, ngga perlu ada mbg mending buat sekolah gratis"
7639258022934266644,2026-05-13T06:27:50.000Z,1,https://www.tiktok.com/@liputan6.sctv/video/7638910407763168533,https://www.tiktok.com/@liputan6.sctv/video/7638910407763168533?commentId=7639258022934266644,scraping_tiktok,0o0oppp,yang bandel itu pemerintah rakyat tau hitung hitungan di bawah. rakyat tetap setanting mana gizinya
7639259196656452372,2026-05-13T06:27:43.000Z,1,https://www.tiktok.com/@liputan6.sctv/video/7638910407763168533,https://www.tiktok.com/@liputan6.sctv/video/7638910407763168533?commentId=7639259196656452372,scraping_tiktok,brakot.kot,bukan celah korupsi tapi sarangnya koropsi
7639257102032831252,2026-05-13T06:23:16.000Z,1,https://www.tiktok.com/@liputan6.sctv/video/7638910407763168533,https://www.tiktok.com/@liputan6.sctv/video/7638910407763168533?commentId=7639257102032831252,scraping_tiktok,tatitjassari,"buang2 uang, ini ladang korupsi"
7639251693193446151,2026-05-13T05:58:25.000Z,1,https://www.tiktok.com/@liputan6.sctv/video/7638910407763168533,https://www.tiktok.com/@liputan6.sctv/video/7638910407763168533?commentId=7639251693193446151,scraping_tiktok,joel_120696,"prek rakyat SDH lama berteriak.
para pakar SDH buat byk viti.
ko baru skrg di selidiki ..
KPK jg terkejut....
prek....prekkkk.....
SDH lama rakyat berteriak woy..."
7639250812707488519,2026-05-13T05:55:01.000Z,1,https://www.tiktok.com/@liputan6.sctv/video/7638910407763168533,https://www.tiktok.com/@liputan6.sctv/video/7638910407763168533?commentId=7639250812707488519,scraping_tiktok,anjungan88,"nah begitu dong, mbg bagus, cuma anggarannya ga masuk akal, sama satu lagi, balikin tni ke barak !"
7639992687463252756,2026-05-15T05:53:56.000Z,0,https://www.tiktok.com/@liputan6.sctv/video/7638910407763168533,https://www.tiktok.com/@liputan6.sctv/video/7638910407763168533?commentId=7639992687463252756,scraping_tiktok,dudykeliekiskan54,"LANJUTKAN MBG , Benahi tata kelolanya ,"
7640002526403379986,2026-05-15T06:31:54.000Z,0,https://www.tiktok.com/@liputan6.sctv/video/7638910407763168533,https://www.tiktok.com/@liputan6.sctv/video/7638910407763168533?commentId=7640002526403379986,scraping_tiktok,endarpryd,stop embege.
7640425184521110273,2026-05-16T09:52:08.000Z,0,https://www.tiktok.com/@liputan6.sctv/video/7638910407763168533,https://www.tiktok.com/@liputan6.sctv/video/7638910407763168533?commentId=7640425184521110273,scraping_tiktok,gassulin645,"positif udah lama
kok baru sekarang di bahas
anak kecil aja sudah tau kok 😂😂"
7640003706209911572,2026-05-15T06:36:43.000Z,0,https://www.tiktok.com/@liputan6.sctv/video/7638910407763168533,https://www.tiktok.com/@liputan6.sctv/video/7638910407763168533?commentId=7640003706209911572,scraping_tiktok,massam493,wo wo Dr kmrn kmna aja mnding bubarin lahan korupsi itu
7640425724561703688,2026-05-16T09:54:09.000Z,0,https://www.tiktok.com/@liputan6.sctv/video/7638910407763168533,https://www.tiktok.com/@liputan6.sctv/video/7638910407763168533?commentId=7640425724561703688,scraping_tiktok,suarahati4782,inti ya STOP MBG .
7640006871655105298,2026-05-15T06:48:49.000Z,0,https://www.tiktok.com/@liputan6.sctv/video/7638910407763168533,https://www.tiktok.com/@liputan6.sctv/video/7638910407763168533?commentId=7640006871655105298,scraping_tiktok,denissyafiraaaa,"stop MBG, stop program proyek koropsi, stop rakyat sengsara,"
7640463718232638229,2026-05-16T12:21:37.000Z,0,https://www.tiktok.com/@liputan6.sctv/video/7638910407763168533,https://www.tiktok.com/@liputan6.sctv/video/7638910407763168533?commentId=7640463718232638229,scraping_tiktok,metaisnasinaga,Yang kaya mangkin kaya penglola MBG ini
7640463887083848469,2026-05-16T12:22:25.000Z,0,https://www.tiktok.com/@liputan6.sctv/video/7638910407763168533,https://www.tiktok.com/@liputan6.sctv/video/7638910407763168533?commentId=7640463887083848469,scraping_tiktok,iwanridwan977,udah jelas banyak yang keracunan.....tapi ga pernah....d bahas
7640021747250004757,2026-05-15T07:46:47.000Z,0,https://www.tiktok.com/@liputan6.sctv/video/7638910407763168533,https://www.tiktok.com/@liputan6.sctv/video/7638910407763168533?commentId=7640021747250004757,scraping_tiktok,ubaidillah_69,semoga MBG di tutup selamanya
7640023662678180626,2026-05-15T07:53:54.000Z,0,https://www.tiktok.com/@liputan6.sctv/video/7638910407763168533,https://www.tiktok.com/@liputan6.sctv/video/7638910407763168533?commentId=7640023662678180626,scraping_tiktok,gulali.manise,"lahan korupsi baru yg gmpng laporan doang sdh g ada barangnya, soalnya udh jdi taik."
7640513667494773524,2026-05-16T15:35:27.000Z,0,https://www.tiktok.com/@liputan6.sctv/video/7638910407763168533,https://www.tiktok.com/@liputan6.sctv/video/7638910407763168533?commentId=7640513667494773524,scraping_tiktok,cunadiyoyo245gmail.com3,"klo KPK periksa juga itu cuma pencitraan sja, gak bakal ada tindak lanjut🙄🙄🙄"
7641165085944169217,2026-05-18T09:43:18.000Z,0,https://www.tiktok.com/@liputan6.sctv/video/7638910407763168533,https://www.tiktok.com/@liputan6.sctv/video/7638910407763168533?commentId=7641165085944169217,scraping_tiktok,samikussmks,prabowo.udahparah.melindungikorupsi.
7641829323502781204,2026-05-20T04:46:45.000Z,0,https://www.tiktok.com/@liputan6.sctv/video/7638910407763168533,https://www.tiktok.com/@liputan6.sctv/video/7638910407763168533?commentId=7641829323502781204,scraping_tiktok,zidanjupe,stop mbg
7639546341479777042,2026-05-14T01:01:49.000Z,0,https://www.tiktok.com/@liputan6.sctv/video/7638910407763168533,https://www.tiktok.com/@liputan6.sctv/video/7638910407763168533?commentId=7639546341479777042,scraping_tiktok,www.gatau56.com,roti 2k di jual 4k🤣🤣🤣
7640027255213949714,2026-05-15T08:07:59.000Z,0,https://www.tiktok.com/@liputan6.sctv/video/7638910407763168533,https://www.tiktok.com/@liputan6.sctv/video/7638910407763168533?commentId=7640027255213949714,scraping_tiktok,robettt97__,asli mbg bnyak yg di korup soal nya isi nya mkin sini makin ga sbnding dngn harga 10rb jga enggk
7639743549143253778,2026-05-14T13:46:57.000Z,0,https://www.tiktok.com/@liputan6.sctv/video/7638910407763168533,https://www.tiktok.com/@liputan6.sctv/video/7638910407763168533?commentId=7639743549143253778,scraping_tiktok,bang.iwan.official,MBG korupsi kok bisa👈🤣😅
7640519421350904596,2026-05-16T15:57:53.000Z,0,https://www.tiktok.com/@liputan6.sctv/video/7638910407763168533,https://www.tiktok.com/@liputan6.sctv/video/7638910407763168533?commentId=7640519421350904596,scraping_tiktok,bawellchantik,"Mending d Stop aj yg nmnya MBG,,mending uangkn tiap siswa Rp 15.000 biar orang tua siswa aj yg masak buat anaknya sbg siswa,,drpd MBG d masak dr MLM hari besoknya d bagi k sekolah"" ada yg udah basi yahkn,,??🤔✌️👌"
7639251160881120007,2026-05-13T06:01:52.000Z,1,https://www.tiktok.com/@liputan6.sctv/video/7638910407763168533,https://www.tiktok.com/@liputan6.sctv/video/7638910407763168533?commentId=7639251160881120007,scraping_tiktok,user494542105638,bosan membicarakan korupsi dan keracunan mbg seakan ada pembiaran kasus........
7640028336656270081,2026-05-15T08:12:32.000Z,0,https://www.tiktok.com/@liputan6.sctv/video/7638910407763168533,https://www.tiktok.com/@liputan6.sctv/video/7638910407763168533?commentId=7640028336656270081,scraping_tiktok,ud_erikputra1962,usud koroptor
7639744723532874516,2026-05-14T13:51:40.000Z,0,https://www.tiktok.com/@liputan6.sctv/video/7638910407763168533,https://www.tiktok.com/@liputan6.sctv/video/7638910407763168533?commentId=7639744723532874516,scraping_tiktok,_fx699,Pokoknya Stop MBG
7640031822412759826,2026-05-15T08:25:43.000Z,0,https://www.tiktok.com/@liputan6.sctv/video/7638910407763168533,https://www.tiktok.com/@liputan6.sctv/video/7638910407763168533?commentId=7640031822412759826,scraping_tiktok,tempo_doeloe07,betul di t4ku wakil bupati di indikasikan menjual titik sppg.
7639745266144264980,2026-05-14T13:53:36.000Z,0,https://www.tiktok.com/@liputan6.sctv/video/7638910407763168533,https://www.tiktok.com/@liputan6.sctv/video/7638910407763168533?commentId=7639745266144264980,scraping_tiktok,sepeldriansyah,"stop MBG,kesehatan gratis lebih penting"
7642680938907910913,2026-05-22T11:45:31.000Z,0,https://www.tiktok.com/@liputan6.sctv/video/7638910407763168533,https://www.tiktok.com/@liputan6.sctv/video/7638910407763168533?commentId=7642680938907910913,scraping_tiktok,naufa.hl,sakit telinga denger nominal nya
7639221587091637010,2026-05-13T04:08:35.000Z,1,https://www.tiktok.com/@liputan6.sctv/video/7638910407763168533,https://www.tiktok.com/@liputan6.sctv/video/7638910407763168533?commentId=7639221587091637010,scraping_tiktok,2tiek_dewanga,Semua di satu link...ya mustahil terungkap.
7639747117642203925,2026-05-14T14:00:51.000Z,0,https://www.tiktok.com/@liputan6.sctv/video/7638910407763168533,https://www.tiktok.com/@liputan6.sctv/video/7638910407763168533?commentId=7639747117642203925,scraping_tiktok,patminisastrodiha,nyiapin makanan nya sembarangan
7639213018673333012,2026-05-13T03:28:30.000Z,1,https://www.tiktok.com/@liputan6.sctv/video/7638910407763168533,https://www.tiktok.com/@liputan6.sctv/video/7638910407763168533?commentId=7639213018673333012,scraping_tiktok,gepengxmz,"harus nya Bates sppg aja udah itu, kenapa harus ditambah beli motor baju kaos kaki kan keliatan banget mau korupsi"
7639747186938872596,2026-05-14T14:01:10.000Z,0,https://www.tiktok.com/@liputan6.sctv/video/7638910407763168533,https://www.tiktok.com/@liputan6.sctv/video/7638910407763168533?commentId=7639747186938872596,scraping_tiktok,putra.baduy191,Demi MBG dan KDMP rela menghentikan anggaran Lain nya. parah BPJS malah di non aktipkam
7640037538396914453,2026-05-15T08:47:58.000Z,0,https://www.tiktok.com/@liputan6.sctv/video/7638910407763168533,https://www.tiktok.com/@liputan6.sctv/video/7638910407763168533?commentId=7640037538396914453,scraping_tiktok,gedecahyadi95,"🤣🤣🤣ini istilahnya udh untung baru digubris
dari kemarin² masyarakat udh kritik dan viralin masih aja diem🤣🤣"
7639211063469703953,2026-05-13T03:20:49.000Z,1,https://www.tiktok.com/@liputan6.sctv/video/7638910407763168533,https://www.tiktok.com/@liputan6.sctv/video/7638910407763168533?commentId=7639211063469703953,scraping_tiktok,jaka.susila73,bubarkan aja mbg
7639748004559471367,2026-05-14T14:04:15.000Z,0,https://www.tiktok.com/@liputan6.sctv/video/7638910407763168533,https://www.tiktok.com/@liputan6.sctv/video/7638910407763168533?commentId=7639748004559471367,scraping_tiktok,ayaherenal,BGN daya Rusaknya Luar Biasa untuk INDONESIA.
7643399713056375559,2026-05-24T10:14:45.000Z,0,https://www.tiktok.com/@liputan6.sctv/video/7638910407763168533,https://www.tiktok.com/@liputan6.sctv/video/7638910407763168533?commentId=7643399713056375559,scraping_tiktok,aipul06,Itu wajar
7639226351716500225,2026-05-13T04:24:48.000Z,1,https://www.tiktok.com/@liputan6.sctv/video/7638910407763168533,https://www.tiktok.com/@liputan6.sctv/video/7638910407763168533?commentId=7639226351716500225,scraping_tiktok,maspiyah86,"ya jelas itu,,dan yg menciptakan program itu paling banyak dpt setoran keuangannya."
7639207640568627989,2026-05-13T03:07:37.000Z,1,https://www.tiktok.com/@liputan6.sctv/video/7638910407763168533,https://www.tiktok.com/@liputan6.sctv/video/7638910407763168533?commentId=7639207640568627989,scraping_tiktok,roii896,STOP MBG
7639200677952848648,2026-05-13T02:40:27.000Z,1,https://www.tiktok.com/@liputan6.sctv/video/7638910407763168533,https://www.tiktok.com/@liputan6.sctv/video/7638910407763168533?commentId=7639200677952848648,scraping_tiktok,daboribo_o1,"mbg & dpr lumbung korupsi !! investasi berkedok iming"" 😭"
7639751647099634440,2026-05-14T14:18:25.000Z,0,https://www.tiktok.com/@liputan6.sctv/video/7638910407763168533,https://www.tiktok.com/@liputan6.sctv/video/7638910407763168533?commentId=7639751647099634440,scraping_tiktok,rilextology.hegarm,Pantesan GK mau di tutup
7639199801565725460,2026-05-13T02:37:11.000Z,1,https://www.tiktok.com/@liputan6.sctv/video/7638910407763168533,https://www.tiktok.com/@liputan6.sctv/video/7638910407763168533?commentId=7639199801565725460,scraping_tiktok,januaryzavis,"kalau ketahuan disita lah asetnya, masak cuman dihukum aja, tp hasil korupsi masih jadi hak milik"
7639754560819004181,2026-05-14T14:32:54.000Z,0,https://www.tiktok.com/@liputan6.sctv/video/7638910407763168533,https://www.tiktok.com/@liputan6.sctv/video/7638910407763168533?commentId=7639754560819004181,scraping_tiktok,user3099116551374,di tutup aja mbg cuman lahan koroptor makanan yg di bagikan ngak mutu banyak yg ngak di makan
7639209144436638484,2026-05-13T03:13:28.000Z,1,https://www.tiktok.com/@liputan6.sctv/video/7638910407763168533,https://www.tiktok.com/@liputan6.sctv/video/7638910407763168533?commentId=7639209144436638484,scraping_tiktok,iwan.tjh,uda jelas anggaran lbh gde bkn buat kesejahteraan rakyat🤣🤣🤣🤣
7639744067828892434,2026-05-14T13:49:03.000Z,0,https://www.tiktok.com/@liputan6.sctv/video/7638910407763168533,https://www.tiktok.com/@liputan6.sctv/video/7638910407763168533?commentId=7639744067828892434,scraping_tiktok,cv.brnjayadiesel,janji politik yg konyol. sya pendukung nya .beberapa pencalonan smpai jdi..TPI GK SE nyesel ini...dgn 2 program yg cmk menguras keuangan negara .
7640659010387149589,2026-05-17T00:59:32.000Z,0,https://www.tiktok.com/@liputan6.sctv/video/7638910407763168533,https://www.tiktok.com/@liputan6.sctv/video/7638910407763168533?commentId=7640659010387149589,scraping_tiktok,halimmargana,emang .mbg ..ladang korupsi. boos....
7639755902136468232,2026-05-14T14:34:53.000Z,0,https://www.tiktok.com/@liputan6.sctv/video/7638910407763168533,https://www.tiktok.com/@liputan6.sctv/video/7638910407763168533?commentId=7639755902136468232,scraping_tiktok,isnaini.khusnul.k,MBG katanya buat makanan bergizi nyatanya d sekolah an anaku MBG nya gak enak sama sekali GK pernah d makan malah di suruh d masukin kotak bekal kalau GK di makan . percuma pak GK bermanfaat akhirnya malah emak nya yang makan
7639234545964319508,2026-05-13T04:58:38.000Z,1,https://www.tiktok.com/@liputan6.sctv/video/7638910407763168533,https://www.tiktok.com/@liputan6.sctv/video/7638910407763168533?commentId=7639234545964319508,scraping_tiktok,_lexaaaa_2367,duh si wowonya semuanya acc ketua hanya usul jadi yg salah siapa
7640046990232208144,2026-05-15T09:24:53.000Z,0,https://www.tiktok.com/@liputan6.sctv/video/7638910407763168533,https://www.tiktok.com/@liputan6.sctv/video/7638910407763168533?commentId=7640046990232208144,scraping_tiktok,debutamin2,Alhamdulillah terungkap ayo terus ungakap
7639309961054520085,2026-05-13T09:44:28.000Z,1,https://www.tiktok.com/@liputan6.sctv/video/7638910407763168533,https://www.tiktok.com/@liputan6.sctv/video/7638910407763168533?commentId=7639309961054520085,scraping_tiktok,praptoaye,Indonesia itu apa yang tidak dikurub
7639309963592303376,2026-05-13T09:44:25.000Z,1,https://www.tiktok.com/@liputan6.sctv/video/7638910407763168533,https://www.tiktok.com/@liputan6.sctv/video/7638910407763168533?commentId=7639309963592303376,scraping_tiktok,bndtuah2094,Bubarkan saja
7639307668981662485,2026-05-13T09:35:43.000Z,1,https://www.tiktok.com/@liputan6.sctv/video/7638910407763168533,https://www.tiktok.com/@liputan6.sctv/video/7638910407763168533?commentId=7639307668981662485,scraping_tiktok,sepfauzk22,dudung dan dadan 🤣
7639302272644645649,2026-05-13T09:14:40.000Z,1,https://www.tiktok.com/@liputan6.sctv/video/7638910407763168533,https://www.tiktok.com/@liputan6.sctv/video/7638910407763168533?commentId=7639302272644645649,scraping_tiktok,cuupaal,KPK nunggu waktu aja guys kayanya..
7639300954294223623,2026-05-13T09:09:28.000Z,1,https://www.tiktok.com/@liputan6.sctv/video/7638910407763168533,https://www.tiktok.com/@liputan6.sctv/video/7638910407763168533?commentId=7639300954294223623,scraping_tiktok,ifankelana88_,lobaaaa 😅
7639298036343554837,2026-05-13T09:04:50.000Z,1,https://www.tiktok.com/@liputan6.sctv/video/7638910407763168533,https://www.tiktok.com/@liputan6.sctv/video/7638910407763168533?commentId=7639298036343554837,scraping_tiktok,mhmdfahmydijay,bagus usut sampe tuntas !!
7639296506772210452,2026-05-13T08:52:19.000Z,1,https://www.tiktok.com/@liputan6.sctv/video/7638910407763168533,https://www.tiktok.com/@liputan6.sctv/video/7638910407763168533?commentId=7639296506772210452,scraping_tiktok,iyansubhan4,Mbg ini apa an ya bingung juga. yang jadi pemimpin nanti menggantikan Prabowo bisa memberntikan mbg. sumpah dk jelas. banyak makanan yang dari pelajar di bawa pulang mbg dan di kasikkan ke tetangga dak di makan sendiri. sumpah dak jelas data lapangan ini mbg.
7639292311805281042,2026-05-13T08:35:58.000Z,1,https://www.tiktok.com/@liputan6.sctv/video/7638910407763168533,https://www.tiktok.com/@liputan6.sctv/video/7638910407763168533?commentId=7639292311805281042,scraping_tiktok,liekelieke65,"Bosen amat kasus ,MBG gk selsai2....tinggal di Stop kok"
7639291179138728724,2026-05-13T08:31:44.000Z,1,https://www.tiktok.com/@liputan6.sctv/video/7638910407763168533,https://www.tiktok.com/@liputan6.sctv/video/7638910407763168533?commentId=7639291179138728724,scraping_tiktok,rayhan_febri,"Saran sy sih sbgai rakyat stop MBG cuma JD bancakn korupsi dri Ats smpai Bwah,alihkan ke pndidikn dn ksehatn gratis LBH brmanfaat buat rakyat"
7639283399539606273,2026-05-13T08:01:50.000Z,1,https://www.tiktok.com/@liputan6.sctv/video/7638910407763168533,https://www.tiktok.com/@liputan6.sctv/video/7638910407763168533?commentId=7639283399539606273,scraping_tiktok,..madda1111,dari atas sampai bawah korupsi
7639264613225317138,2026-05-13T06:52:46.000Z,1,https://www.tiktok.com/@liputan6.sctv/video/7638910407763168533,https://www.tiktok.com/@liputan6.sctv/video/7638910407763168533?commentId=7639264613225317138,scraping_tiktok,rifaiahmad175,mbg BKN cm celah tp ladang besar utk korupsi
7639247551690769173,2026-05-13T05:46:54.000Z,1,https://www.tiktok.com/@liputan6.sctv/video/7638910407763168533,https://www.tiktok.com/@liputan6.sctv/video/7638910407763168533?commentId=7639247551690769173,scraping_tiktok,mama.lis81,mending dihentikan aja lama2 segalanya harus di beli
7639243517626565396,2026-05-13T05:26:53.000Z,1,https://www.tiktok.com/@liputan6.sctv/video/7638910407763168533,https://www.tiktok.com/@liputan6.sctv/video/7638910407763168533?commentId=7639243517626565396,scraping_tiktok,gembel_105,kenapa sih pejabatnya pada rakuz
7639243479004955393,2026-05-13T05:26:29.000Z,1,https://www.tiktok.com/@liputan6.sctv/video/7638910407763168533,https://www.tiktok.com/@liputan6.sctv/video/7638910407763168533?commentId=7639243479004955393,scraping_tiktok,septian_aji_n,pak tolong gaji MBG di jadikan pegawai negeri karena sppg bekerja dengan keras engk usah di BHS berita seperti ini. dan tolong tangkap yg menjelekkan MBG
7639243265741390610,2026-05-13T05:25:42.000Z,1,https://www.tiktok.com/@liputan6.sctv/video/7638910407763168533,https://www.tiktok.com/@liputan6.sctv/video/7638910407763168533?commentId=7639243265741390610,scraping_tiktok,m68935254,"sangat di sayang kan mbg tidak manfaat , hanya hambur"" kan uang yg tidak jelas ...."
7639242616790565649,2026-05-13T05:23:11.000Z,1,https://www.tiktok.com/@liputan6.sctv/video/7638910407763168533,https://www.tiktok.com/@liputan6.sctv/video/7638910407763168533?commentId=7639242616790565649,scraping_tiktok,wahmuadi0,lebih cepat lebih baik
7639241150843388688,2026-05-13T05:17:47.000Z,1,https://www.tiktok.com/@liputan6.sctv/video/7638910407763168533,https://www.tiktok.com/@liputan6.sctv/video/7638910407763168533?commentId=7639241150843388688,scraping_tiktok,wanksn1,sudah di peringatkan rakyat kecil dari awal awal lagi.tapi Prabowo tidak mau dengar ya silahkan
7639240491956142856,2026-05-13T05:15:00.000Z,1,https://www.tiktok.com/@liputan6.sctv/video/7638910407763168533,https://www.tiktok.com/@liputan6.sctv/video/7638910407763168533?commentId=7639240491956142856,scraping_tiktok,nengzizahh1,Yuk semangat yok bongkar kebobrokan MBG rakyat jadi miskin semenjak ada MBG
7639239598560510740,2026-05-13T05:11:34.000Z,1,https://www.tiktok.com/@liputan6.sctv/video/7638910407763168533,https://www.tiktok.com/@liputan6.sctv/video/7638910407763168533?commentId=7639239598560510740,scraping_tiktok,putih992,knp bru skrg si dipriksa da kenyang kli org tu
7639237010532074258,2026-05-13T05:01:23.000Z,1,https://www.tiktok.com/@liputan6.sctv/video/7638910407763168533,https://www.tiktok.com/@liputan6.sctv/video/7638910407763168533?commentId=7639237010532074258,scraping_tiktok,ezioajib,aeehhhh.. bru ngeuh ya pdhl yg duduk diatas sana pinter pinter.. malah pinteran rakyat jelata mewarning soal potensi korupsi di program MBG.
7639234924460999441,2026-05-13T04:53:36.000Z,1,https://www.tiktok.com/@liputan6.sctv/video/7638910407763168533,https://www.tiktok.com/@liputan6.sctv/video/7638910407763168533?commentId=7639234924460999441,scraping_tiktok,shub993,ko bisa semua berita ga tembus ke presiden ? apa ada yg nutup
7639228289395409681,2026-05-13T04:27:53.000Z,1,https://www.tiktok.com/@liputan6.sctv/video/7638910407763168533,https://www.tiktok.com/@liputan6.sctv/video/7638910407763168533?commentId=7639228289395409681,scraping_tiktok,bigbrother_timoty,cara menaikan USD..ya memboroskan anggaran.....yang penting CUAN.
7639221340303033109,2026-05-13T04:00:48.000Z,1,https://www.tiktok.com/@liputan6.sctv/video/7638910407763168533,https://www.tiktok.com/@liputan6.sctv/video/7638910407763168533?commentId=7639221340303033109,scraping_tiktok,raaan_83,celah korupsi yang memang disediakan dan udah keliatan tapi pemimpinnya tutup mata🫣
7639216806708904712,2026-05-13T03:43:04.000Z,1,https://www.tiktok.com/@liputan6.sctv/video/7638910407763168533,https://www.tiktok.com/@liputan6.sctv/video/7638910407763168533?commentId=7639216806708904712,scraping_tiktok,abuhasan5661,percuma berjamaah susah semua menikmati
7639213439042994965,2026-05-13T03:30:04.000Z,1,https://www.tiktok.com/@liputan6.sctv/video/7638910407763168533,https://www.tiktok.com/@liputan6.sctv/video/7638910407763168533?commentId=7639213439042994965,scraping_tiktok,silyaofficial1,"Kesimpulannya tanpa mbg pendidikan baik baik saja , stop mbg"
7639210257466737429,2026-05-13T03:17:47.000Z,1,https://www.tiktok.com/@liputan6.sctv/video/7638910407763168533,https://www.tiktok.com/@liputan6.sctv/video/7638910407763168533?commentId=7639210257466737429,scraping_tiktok,_maunyariapa_,lanjutkann
7639488938860757781,2026-05-14T14:38:16.000Z,0,https://www.tiktok.com/@liputan6.sctv/video/7638910407763168533,https://www.tiktok.com/@liputan6.sctv/video/7638910407763168533?commentId=7639488938860757781,scraping_tiktok,user1071307958385,jelas la banya clah korupsi mnding uang nya di kasi orang tuanya knapa pemerintah GK percaya sama orang tua anak nya😇😇😇
7639740340928267026,2026-05-14T13:34:27.000Z,0,https://www.tiktok.com/@liputan6.sctv/video/7638910407763168533,https://www.tiktok.com/@liputan6.sctv/video/7638910407763168533?commentId=7639740340928267026,scraping_tiktok,fauzi6911190383984,mbg semakin di depan😁
7639246708341523218,2026-05-13T05:38:57.000Z,1,https://www.tiktok.com/@liputan6.sctv/video/7638910407763168533,https://www.tiktok.com/@liputan6.sctv/video/7638910407763168533?commentId=7639246708341523218,scraping_tiktok,azarudin806,rskyat percaya gk ya klu msu d usut kayak nya ada kangkalikong
7639739875872850706,2026-05-14T13:32:42.000Z,0,https://www.tiktok.com/@liputan6.sctv/video/7638910407763168533,https://www.tiktok.com/@liputan6.sctv/video/7638910407763168533?commentId=7639739875872850706,scraping_tiktok,mrfdsstore,"lebih baik stop aja,emng bener bisa kurangin pengangguran tapi banyak kurangnya di banding manfaatnya,intinya gak bikin pelajar berkembang yang ada celah korupsi makin banyak dan makin mudah coba uang 1 T di gunakan untuk hal hal lain Contoh nya buka pelatihan kerja tanpa seleksi yang ribet kan itu bisa bikin semua orang punya keahlian,bisa buka usaha bisa buka lapangan pekerjaan ini lebih bermanfaat sih ingat 1T perhari loh bukan uang kecil"
7639735558658687765,2026-05-14T13:18:26.000Z,0,https://www.tiktok.com/@liputan6.sctv/video/7638910407763168533,https://www.tiktok.com/@liputan6.sctv/video/7638910407763168533?commentId=7639735558658687765,scraping_tiktok,marfiliaazawra,"setop mbg,lapangan koropsi"
7639203287803249428,2026-05-13T02:50:33.000Z,1,https://www.tiktok.com/@liputan6.sctv/video/7638910407763168533,https://www.tiktok.com/@liputan6.sctv/video/7638910407763168533?commentId=7639203287803249428,scraping_tiktok,apep.ahmad82,"program MBG nya bagus . cuma yang mengelola nya gak bener .malah di jadikan ladang korupsi baru .dan itu terang""an"
7639761374083990279,2026-05-14T14:56:09.000Z,0,https://www.tiktok.com/@liputan6.sctv/video/7638910407763168533,https://www.tiktok.com/@liputan6.sctv/video/7638910407763168533?commentId=7639761374083990279,scraping_tiktok,toenocloth,apa seorang presiden buta informasi?
7640050034600723221,2026-05-15T09:36:30.000Z,0,https://www.tiktok.com/@liputan6.sctv/video/7638910407763168533,https://www.tiktok.com/@liputan6.sctv/video/7638910407763168533?commentId=7640050034600723221,scraping_tiktok,nur90959,harusnya 'banyaknya celah korupsi' gitu yaaak😌
7639729345594475281,2026-05-14T12:51:52.000Z,0,https://www.tiktok.com/@liputan6.sctv/video/7638910407763168533,https://www.tiktok.com/@liputan6.sctv/video/7638910407763168533?commentId=7639729345594475281,scraping_tiktok,putrakembargofin,in mmang sengaja nyeblak masyarakat d suruh kropsi
7639762030342750996,2026-05-14T14:58:52.000Z,0,https://www.tiktok.com/@liputan6.sctv/video/7638910407763168533,https://www.tiktok.com/@liputan6.sctv/video/7638910407763168533?commentId=7639762030342750996,scraping_tiktok,ahmadjumari08,itu baru yg kelihatan yg gak kelihatan kita kga tau 😏
7640670401093223189,2026-05-17T01:47:21.000Z,0,https://www.tiktok.com/@liputan6.sctv/video/7638910407763168533,https://www.tiktok.com/@liputan6.sctv/video/7638910407763168533?commentId=7640670401093223189,scraping_tiktok,soetardi.soerotan,program bermasalah yang ngotot dipertahankan
7639258228182532872,2026-05-13T06:23:42.000Z,1,https://www.tiktok.com/@liputan6.sctv/video/7638910407763168533,https://www.tiktok.com/@liputan6.sctv/video/7638910407763168533?commentId=7639258228182532872,scraping_tiktok,ranutirto,jelas lahan korupsi cawe cawe
7639257091186885383,2026-05-13T06:19:22.000Z,1,https://www.tiktok.com/@liputan6.sctv/video/7638910407763168533,https://www.tiktok.com/@liputan6.sctv/video/7638910407763168533?commentId=7639257091186885383,scraping_tiktok,user284369322,"paling kalo dihukum 1bln lama lamanya 3bulan, pokoknya menang banyak buat yang korupsi. udah ga kaget hukum konoha"
7639236103867630356,2026-05-13T04:57:58.000Z,1,https://www.tiktok.com/@liputan6.sctv/video/7638910407763168533,https://www.tiktok.com/@liputan6.sctv/video/7638910407763168533?commentId=7639236103867630356,scraping_tiktok,abangabanganx,korupsinya banyak😂
7639177160448967441,2026-05-13T01:09:55.000Z,1,https://www.tiktok.com/@liputan6.sctv/video/7638910407763168533,https://www.tiktok.com/@liputan6.sctv/video/7638910407763168533?commentId=7639177160448967441,scraping_tiktok,ujank.saputra,Kalau soal celah korupsi bukan cuma MBG dari dulu para kades celahnya banyak tapi Kamu semua pada diam
7639193234766201618,2026-05-13T02:11:34.000Z,1,https://www.tiktok.com/@liputan6.sctv/video/7638910407763168533,https://www.tiktok.com/@liputan6.sctv/video/7638910407763168533?commentId=7639193234766201618,scraping_tiktok,snowman2712,"luarbiasa kegilaan pemerintah dalam dalam belanja yg tidak masuk akal, dan itu tidak di periksa, karena mereka sudah bekerja sama berlomba lomba habiskan uang negara yg dari pajak rakyat😂😂"
7639196803813081857,2026-05-13T02:25:55.000Z,1,https://www.tiktok.com/@liputan6.sctv/video/7638910407763168533,https://www.tiktok.com/@liputan6.sctv/video/7638910407763168533?commentId=7639196803813081857,scraping_tiktok,ayahnya.naifa,makanya.ga usah pake SPPG lah... serahkan aja Pengelolaan MBG ke pihak dapur sekolah atau kantin sekolah...
7639471704980751112,2026-05-13T20:12:10.000Z,0,https://www.tiktok.com/@liputan6.sctv/video/7638910407763168533,https://www.tiktok.com/@liputan6.sctv/video/7638910407763168533?commentId=7639471704980751112,scraping_tiktok,boysgrn,Apa ini?
7639480597409268500,2026-05-13T20:46:54.000Z,0,https://www.tiktok.com/@liputan6.sctv/video/7638910407763168533,https://www.tiktok.com/@liputan6.sctv/video/7638910407763168533?commentId=7639480597409268500,scraping_tiktok,bunda7196,Indonesian
7639487609941279495,2026-05-13T21:13:56.000Z,0,https://www.tiktok.com/@liputan6.sctv/video/7638910407763168533,https://www.tiktok.com/@liputan6.sctv/video/7638910407763168533?commentId=7639487609941279495,scraping_tiktok,amal16023,"[Sticker] Cukup murahkan harga bhan pangan , pupuk, DLL mangnya yg butuh akan cuma anak sekolah?"
7639489287638221575,2026-05-13T21:20:28.000Z,0,https://www.tiktok.com/@liputan6.sctv/video/7638910407763168533,https://www.tiktok.com/@liputan6.sctv/video/7638910407763168533?commentId=7639489287638221575,scraping_tiktok,ade.itfalh,"Nah ini langkah yang bener-bener tegas, kalau ada celah langsung diselidiki biar program MBG tetap bersih dan tepat sasaran. Rakyat butuh transparansi kayak gini biar anggaran besar nggak diselewengkan. Kawal terus Pak Prabowo!"
7639496408936366855,2026-05-13T21:48:03.000Z,0,https://www.tiktok.com/@liputan6.sctv/video/7638910407763168533,https://www.tiktok.com/@liputan6.sctv/video/7638910407763168533?commentId=7639496408936366855,scraping_tiktok,muchlisnew24,"ini memang FAKTA, ada yg memonopoli pengadaan bahan baku juga"
7639459618837857041,2026-05-13T19:25:12.000Z,0,https://www.tiktok.com/@liputan6.sctv/video/7638910407763168533,https://www.tiktok.com/@liputan6.sctv/video/7638910407763168533?commentId=7639459618837857041,scraping_tiktok,syamboja97,kbijakan prabowo byk hamburkan uang rakyat. saya tidak merasakan dampak positip mlh serba susah semua untuk hidup apalaginuntuknusaha
7639458593368638225,2026-05-13T19:21:14.000Z,0,https://www.tiktok.com/@liputan6.sctv/video/7638910407763168533,https://www.tiktok.com/@liputan6.sctv/video/7638910407763168533?commentId=7639458593368638225,scraping_tiktok,syamboja97,ada gk si yg bisa bilangin prabowo jngan hambur hamburkan uang rakyat.
7639453954111308565,2026-05-13T19:03:16.000Z,0,https://www.tiktok.com/@liputan6.sctv/video/7638910407763168533,https://www.tiktok.com/@liputan6.sctv/video/7638910407763168533?commentId=7639453954111308565,scraping_tiktok,melon_ppang8,
7639453471012242177,2026-05-13T19:01:23.000Z,0,https://www.tiktok.com/@liputan6.sctv/video/7638910407763168533,https://www.tiktok.com/@liputan6.sctv/video/7638910407763168533?commentId=7639453471012242177,scraping_tiktok,jambri48,@Jambri 🕉️🥰:yakin program mbg ini akan ada korupsi
7639451927121806101,2026-05-13T18:55:24.000Z,0,https://www.tiktok.com/@liputan6.sctv/video/7638910407763168533,https://www.tiktok.com/@liputan6.sctv/video/7638910407763168533?commentId=7639451927121806101,scraping_tiktok,vickyfauzi15,Nu karorupsi hasil mbg sing saletruk
7639446695613711124,2026-05-13T18:39:43.000Z,0,https://www.tiktok.com/@liputan6.sctv/video/7638910407763168533,https://www.tiktok.com/@liputan6.sctv/video/7638910407763168533?commentId=7639446695613711124,scraping_tiktok,_irwan334,proyek🤣🤣
7638915361790771988,2026-05-12T08:13:25.000Z,0,https://www.tiktok.com/@liputan6.sctv/video/7638910407763168533,https://www.tiktok.com/@liputan6.sctv/video/7638910407763168533?commentId=7638915361790771988,scraping_tiktok,donnymayhem,munurut kami ini GRINDCORE
7638917596226863890,2026-05-12T08:21:57.000Z,0,https://www.tiktok.com/@liputan6.sctv/video/7638910407763168533,https://www.tiktok.com/@liputan6.sctv/video/7638910407763168533?commentId=7638917596226863890,scraping_tiktok,rianna2315,bukan celah itumah emng bolong
7638916273137484565,2026-05-12T08:16:54.000Z,0,https://www.tiktok.com/@liputan6.sctv/video/7638910407763168533,https://www.tiktok.com/@liputan6.sctv/video/7638910407763168533?commentId=7638916273137484565,scraping_tiktok,muhammederlando,halah
7638916444868920072,2026-05-12T08:17:25.000Z,0,https://www.tiktok.com/@liputan6.sctv/video/7638910407763168533,https://www.tiktok.com/@liputan6.sctv/video/7638910407763168533?commentId=7638916444868920072,scraping_tiktok,mohammadfirdaus158,[Sticker] expresi orang yg dari awal sudah untung 6 jt per hari
7638917649356243720,2026-05-12T08:22:12.000Z,0,https://www.tiktok.com/@liputan6.sctv/video/7638910407763168533,https://www.tiktok.com/@liputan6.sctv/video/7638910407763168533?commentId=7638917649356243720,scraping_tiktok,setiadi.selamet,APA BERANI KAN CEO MBG SIAPA SIH
7638917090905604871,2026-05-12T08:19:59.000Z,0,https://www.tiktok.com/@liputan6.sctv/video/7638910407763168533,https://www.tiktok.com/@liputan6.sctv/video/7638910407763168533?commentId=7638917090905604871,scraping_tiktok,guntur07_id,orang awam z tau tu ladang korupsi😂😂😂
7638917312284164882,2026-05-12T08:20:43.000Z,0,https://www.tiktok.com/@liputan6.sctv/video/7638910407763168533,https://www.tiktok.com/@liputan6.sctv/video/7638910407763168533?commentId=7638917312284164882,scraping_tiktok,nyong_piris.86,usut tuntas sampai akar pak...
7639980340903985941,2026-05-15T05:11:15.000Z,0,https://www.tiktok.com/@liputan6.sctv/video/7638910407763168533,https://www.tiktok.com/@liputan6.sctv/video/7638910407763168533?commentId=7639980340903985941,scraping_tiktok,emaniawati266,moga2 pak dudung bisa bongkar mbg ini
7639865320118747921,2026-05-15T05:51:01.000Z,0,https://www.tiktok.com/@liputan6.sctv/video/7638910407763168533,https://www.tiktok.com/@liputan6.sctv/video/7638910407763168533?commentId=7639865320118747921,scraping_tiktok,light_satoru_047,STOP MBG Sekarang..
7639991654426231570,2026-05-15T05:49:43.000Z,0,https://www.tiktok.com/@liputan6.sctv/video/7638910407763168533,https://www.tiktok.com/@liputan6.sctv/video/7638910407763168533?commentId=7639991654426231570,scraping_tiktok,nafiyah.nawiyah123,di kampung dong di sidak makanannya cuma asal asalan tempat nya bikin geram
7639991271939113748,2026-05-15T05:48:21.000Z,0,https://www.tiktok.com/@liputan6.sctv/video/7638910407763168533,https://www.tiktok.com/@liputan6.sctv/video/7638910407763168533?commentId=7639991271939113748,scraping_tiktok,padli.shikamaru,"Mantap,,cuman anehnya knp gak dari dulu di cek,,ini aja baru di lantik dudung nya udah gerak dulu kmna aja yah yg lain tuh"
7639972140117050119,2026-05-15T04:34:03.000Z,0,https://www.tiktok.com/@liputan6.sctv/video/7638910407763168533,https://www.tiktok.com/@liputan6.sctv/video/7638910407763168533?commentId=7639972140117050119,scraping_tiktok,sonoshop5,tinggal di stop aja ko repot sih
7639193453486899975,2026-05-13T02:12:31.000Z,1,https://www.tiktok.com/@liputan6.sctv/video/7638910407763168533,https://www.tiktok.com/@liputan6.sctv/video/7638910407763168533?commentId=7639193453486899975,scraping_tiktok,rahman.riski6,SUDAH LAH BUBARKAN MBG GAK ADA GUNA NYA
7639188443264762642,2026-05-13T01:52:59.000Z,1,https://www.tiktok.com/@liputan6.sctv/video/7638910407763168533,https://www.tiktok.com/@liputan6.sctv/video/7638910407763168533?commentId=7639188443264762642,scraping_tiktok,bandiiit00,"BUKAN CELAH KORUP,TPU LADANG KORUP"
7639182123462918920,2026-05-13T01:28:25.000Z,1,https://www.tiktok.com/@liputan6.sctv/video/7638910407763168533,https://www.tiktok.com/@liputan6.sctv/video/7638910407763168533?commentId=7639182123462918920,scraping_tiktok,puttri_008,MBG gk bolrh d audit lo. itu untuk kitq besama
7639181620424360722,2026-05-13T01:26:28.000Z,1,https://www.tiktok.com/@liputan6.sctv/video/7638910407763168533,https://www.tiktok.com/@liputan6.sctv/video/7638910407763168533?commentId=7639181620424360722,scraping_tiktok,melyagustin0707,"gausah ada mbg, biar harga pasar murah. sejak ada mbg semuanya naik yg jualan di sekolahan juga sepii"
7639180472874812180,2026-05-13T01:26:23.000Z,1,https://www.tiktok.com/@liputan6.sctv/video/7638910407763168533,https://www.tiktok.com/@liputan6.sctv/video/7638910407763168533?commentId=7639180472874812180,scraping_tiktok,kapvincent2,MBG MASIH DI CARI KEUNTUNGAN KLO NEGARA INI PERANG PASTI RAKYAT MALAH YG DI JAJAH
7639181166592230161,2026-05-13T01:25:02.000Z,1,https://www.tiktok.com/@liputan6.sctv/video/7638910407763168533,https://www.tiktok.com/@liputan6.sctv/video/7638910407763168533?commentId=7639181166592230161,scraping_tiktok,nipponestnippon,Prabowo lebih baik mengundurkan diri aja ..malu
7639177204136870676,2026-05-13T01:09:44.000Z,1,https://www.tiktok.com/@liputan6.sctv/video/7638910407763168533,https://www.tiktok.com/@liputan6.sctv/video/7638910407763168533?commentId=7639177204136870676,scraping_tiktok,ndasku4,aji mumpung 😁😁😁
7639176189597369106,2026-05-13T01:05:36.000Z,1,https://www.tiktok.com/@liputan6.sctv/video/7638910407763168533,https://www.tiktok.com/@liputan6.sctv/video/7638910407763168533?commentId=7639176189597369106,scraping_tiktok,sagitarius.boy90,Indonesia makin kocak..
7639175768869995271,2026-05-13T01:03:52.000Z,1,https://www.tiktok.com/@liputan6.sctv/video/7638910407763168533,https://www.tiktok.com/@liputan6.sctv/video/7638910407763168533?commentId=7639175768869995271,scraping_tiktok,rieyanxgangsa,"Emang Konoha, Gak di mana-mana kalau ada project pasti motif Korupsi pasti ada.. mustahil nihil korupsi"
7639173437727310612,2026-05-13T01:00:43.000Z,1,https://www.tiktok.com/@liputan6.sctv/video/7638910407763168533,https://www.tiktok.com/@liputan6.sctv/video/7638910407763168533?commentId=7639173437727310612,scraping_tiktok,bangbeyy33,"bukan celah lagi tapi pundi"" untuk korupsi bayangkan perhari triliun an"
7639174647066952449,2026-05-13T01:00:08.000Z,1,https://www.tiktok.com/@liputan6.sctv/video/7638910407763168533,https://www.tiktok.com/@liputan6.sctv/video/7638910407763168533?commentId=7639174647066952449,scraping_tiktok,nurassyifatsurayya,stop MBG buat ajang korupsi aja
7639174001725850388,2026-05-13T00:57:01.000Z,1,https://www.tiktok.com/@liputan6.sctv/video/7638910407763168533,https://www.tiktok.com/@liputan6.sctv/video/7638910407763168533?commentId=7639174001725850388,scraping_tiktok,nurhalim123_,"gara2 ada mbg bisa makan buah anggur ,apel ,pir dan buah buah yg lainnnya🥰"
7639172180794589959,2026-05-13T00:49:58.000Z,1,https://www.tiktok.com/@liputan6.sctv/video/7638910407763168533,https://www.tiktok.com/@liputan6.sctv/video/7638910407763168533?commentId=7639172180794589959,scraping_tiktok,alwikids6011,"alah telat .
dah kebanyakan itu korupsi nya. dah jalan 1 thn lbh kan. opssss"
7639170914039218962,2026-05-13T00:45:00.000Z,1,https://www.tiktok.com/@liputan6.sctv/video/7638910407763168533,https://www.tiktok.com/@liputan6.sctv/video/7638910407763168533?commentId=7639170914039218962,scraping_tiktok,bosrizal080,bobrook.. MBG.
7639963904717980423,2026-05-15T04:02:03.000Z,0,https://www.tiktok.com/@liputan6.sctv/video/7638910407763168533,https://www.tiktok.com/@liputan6.sctv/video/7638910407763168533?commentId=7639963904717980423,scraping_tiktok,sego.ndeso.smd,yang jelas korupsi pajak dan kewajaran harga sewa
7639959180241126160,2026-05-15T04:00:36.000Z,0,https://www.tiktok.com/@liputan6.sctv/video/7638910407763168533,https://www.tiktok.com/@liputan6.sctv/video/7638910407763168533?commentId=7639959180241126160,scraping_tiktok,suciii661,hapus mbg bukan membantu malah menyengsarakan rakyat. harga pokok semua melambung
7639961105309188871,2026-05-15T03:51:11.000Z,0,https://www.tiktok.com/@liputan6.sctv/video/7638910407763168533,https://www.tiktok.com/@liputan6.sctv/video/7638910407763168533?commentId=7639961105309188871,scraping_tiktok,badutpasuruan,"kelamaan, cepat hentikan"
7639959056832267024,2026-05-15T03:43:33.000Z,0,https://www.tiktok.com/@liputan6.sctv/video/7638910407763168533,https://www.tiktok.com/@liputan6.sctv/video/7638910407763168533?commentId=7639959056832267024,scraping_tiktok,nanang.fauzi87,mbg lahan korupsi
7639957306265289490,2026-05-15T03:36:31.000Z,0,https://www.tiktok.com/@liputan6.sctv/video/7638910407763168533,https://www.tiktok.com/@liputan6.sctv/video/7638910407763168533?commentId=7639957306265289490,scraping_tiktok,sebataskwn2,MBG SEHARUS NYA DIHENTIKAN.. LEBIH BAIK SEKOLAH GRATIS DI ADAKAN SAMPAI PERGURUAN TINGGI
7640098758408897300,2026-05-15T12:48:01.000Z,0,https://www.tiktok.com/@liputan6.sctv/video/7638910407763168533,https://www.tiktok.com/@liputan6.sctv/video/7638910407763168533?commentId=7640098758408897300,scraping_tiktok,nasrori7,jelas korupsi berjamaah didiamkan rakyatnya tambah miskin
7640086340251910932,2026-05-15T11:59:30.000Z,0,https://www.tiktok.com/@liputan6.sctv/video/7638910407763168533,https://www.tiktok.com/@liputan6.sctv/video/7638910407763168533?commentId=7640086340251910932,scraping_tiktok,user2020792580803,di stop aja MBG. gk ngaruh untuk orang tua murid. lebih baik di alihkan ke bahan sembako murah
7640083318915433223,2026-05-15T11:45:32.000Z,0,https://www.tiktok.com/@liputan6.sctv/video/7638910407763168533,https://www.tiktok.com/@liputan6.sctv/video/7638910407763168533?commentId=7640083318915433223,scraping_tiktok,bendoell801,"program gak efektif,malah meninbulkan celah buat korupsi.."
7640066176734855956,2026-05-15T10:38:57.000Z,0,https://www.tiktok.com/@liputan6.sctv/video/7638910407763168533,https://www.tiktok.com/@liputan6.sctv/video/7638910407763168533?commentId=7640066176734855956,scraping_tiktok,rayanza.aja0,👍
7638911892194853652,2026-05-12T07:59:50.000Z,0,https://www.tiktok.com/@liputan6.sctv/video/7638910407763168533,https://www.tiktok.com/@liputan6.sctv/video/7638910407763168533?commentId=7638911892194853652,scraping_tiktok,hersoftspoken,ke 3
7640060523824857863,2026-05-15T10:17:01.000Z,0,https://www.tiktok.com/@liputan6.sctv/video/7638910407763168533,https://www.tiktok.com/@liputan6.sctv/video/7638910407763168533?commentId=7640060523824857863,scraping_tiktok,novi10104,"Bukan lagi celah nya memang mbg di disain untuk ladang korupsi, pakai akal sehat 🗿"
7639956360982315794,2026-05-15T03:32:52.000Z,0,https://www.tiktok.com/@liputan6.sctv/video/7638910407763168533,https://www.tiktok.com/@liputan6.sctv/video/7638910407763168533?commentId=7639956360982315794,scraping_tiktok,zultalao,ini korupsi paling aman tanpa audit
7638911920666788624,2026-05-12T07:59:57.000Z,0,https://www.tiktok.com/@liputan6.sctv/video/7638910407763168533,https://www.tiktok.com/@liputan6.sctv/video/7638910407763168533?commentId=7638911920666788624,scraping_tiktok,userrname13.4,ke 3
7640024689192944404,2026-05-15T07:58:04.000Z,0,https://www.tiktok.com/@liputan6.sctv/video/7638910407763168533,https://www.tiktok.com/@liputan6.sctv/video/7638910407763168533?commentId=7640024689192944404,scraping_tiktok,pacarbaru789,#2029GANTIPRESIDEN#
7639850391665328897,2026-05-14T20:42:34.000Z,0,https://www.tiktok.com/@liputan6.sctv/video/7638910407763168533,https://www.tiktok.com/@liputan6.sctv/video/7638910407763168533?commentId=7639850391665328897,scraping_tiktok,yatirah751,Tutup mbg.ladang korupsi.
7639891099083096853,2026-05-14T23:19:52.000Z,0,https://www.tiktok.com/@liputan6.sctv/video/7638910407763168533,https://www.tiktok.com/@liputan6.sctv/video/7638910407763168533?commentId=7639891099083096853,scraping_tiktok,sum.ri8,ta usah banyak p tutup biyar ga ribut terus.
7639878001081844487,2026-05-14T22:38:42.000Z,0,https://www.tiktok.com/@liputan6.sctv/video/7638910407763168533,https://www.tiktok.com/@liputan6.sctv/video/7638910407763168533?commentId=7639878001081844487,scraping_tiktok,merpati12240,"MBG niatnya program yg tadinya utk menuju sehat, tapi ahirnya jd program ga sehat / membuka peluang korupsi, tutup aja, LBH baik"
7639874329878479634,2026-05-14T22:19:43.000Z,0,https://www.tiktok.com/@liputan6.sctv/video/7638910407763168533,https://www.tiktok.com/@liputan6.sctv/video/7638910407763168533?commentId=7639874329878479634,scraping_tiktok,komalasiti698,tutup mbg dananya alihkan ke pendidikan ke kesehatan sembako murah BBM murah
7639875402785653511,2026-05-14T22:18:51.000Z,0,https://www.tiktok.com/@liputan6.sctv/video/7638910407763168533,https://www.tiktok.com/@liputan6.sctv/video/7638910407763168533?commentId=7639875402785653511,scraping_tiktok,naureen2018,"stop mbg makannya tidak sesuai,lebih baik dialihkan kependidikan atau ke hal lain"
7639871078877463297,2026-05-14T22:02:08.000Z,0,https://www.tiktok.com/@liputan6.sctv/video/7638910407763168533,https://www.tiktok.com/@liputan6.sctv/video/7638910407763168533?commentId=7639871078877463297,scraping_tiktok,sweety_30,"sekarang di sekolah-sekolah terutama anak-anak yg mau lulus sudah gk masuk sekolah,lah terus jatah MBG nya gk di berikan,terus di kekanakan jatah itu..? sedangkan anggaran dari atas selalu full"
7639866114431812353,2026-05-14T21:42:38.000Z,0,https://www.tiktok.com/@liputan6.sctv/video/7638910407763168533,https://www.tiktok.com/@liputan6.sctv/video/7638910407763168533?commentId=7639866114431812353,scraping_tiktok,dapoerbundawi,KERJA @KPK_RI @Kejaksaan.RI
7639865435962409748,2026-05-14T21:40:19.000Z,0,https://www.tiktok.com/@liputan6.sctv/video/7638910407763168533,https://www.tiktok.com/@liputan6.sctv/video/7638910407763168533?commentId=7639865435962409748,scraping_tiktok,tomi.thomas45,mbg itu di uang kan sja kepada siswa2 supaya biaya2 itu tdak lari kemana2...
7639559445903541012,2026-05-14T18:48:53.000Z,0,https://www.tiktok.com/@liputan6.sctv/video/7638910407763168533,https://www.tiktok.com/@liputan6.sctv/video/7638910407763168533?commentId=7639559445903541012,scraping_tiktok,user835340385,sebaiknya di hentikan saja
7639815450642318087,2026-05-14T18:26:04.000Z,0,https://www.tiktok.com/@liputan6.sctv/video/7638910407763168533,https://www.tiktok.com/@liputan6.sctv/video/7638910407763168533?commentId=7639815450642318087,scraping_tiktok,syamsudinzxz,semoga semua pada sadar apa penting nya mbg kalau hanya buat defisit APBN dan inflasi
7639808315808023314,2026-05-14T17:58:19.000Z,0,https://www.tiktok.com/@liputan6.sctv/video/7638910407763168533,https://www.tiktok.com/@liputan6.sctv/video/7638910407763168533?commentId=7639808315808023314,scraping_tiktok,pakell541,😁😁😁
7639804781338362632,2026-05-14T17:44:31.000Z,0,https://www.tiktok.com/@liputan6.sctv/video/7638910407763168533,https://www.tiktok.com/@liputan6.sctv/video/7638910407763168533?commentId=7639804781338362632,scraping_tiktok,alvian.slam.saputra,🤣🤣🤣🤣 percaya sama wowo
7639802196569096980,2026-05-14T17:34:33.000Z,0,https://www.tiktok.com/@liputan6.sctv/video/7638910407763168533,https://www.tiktok.com/@liputan6.sctv/video/7638910407763168533?commentId=7639802196569096980,scraping_tiktok,puterapsj,"kalau MBG dananya luar biasa giatnya.
tapi menaikkan gajih guru honorer tidak mampu..🤦🤦🤦"
7639799877874238229,2026-05-14T17:27:00.000Z,0,https://www.tiktok.com/@liputan6.sctv/video/7638910407763168533,https://www.tiktok.com/@liputan6.sctv/video/7638910407763168533?commentId=7639799877874238229,scraping_tiktok,imanuelllkapten,udah tau ladang krupsi malah di pertahanin
7639930220372607765,2026-05-15T01:51:41.000Z,0,https://www.tiktok.com/@liputan6.sctv/video/7638910407763168533,https://www.tiktok.com/@liputan6.sctv/video/7638910407763168533?commentId=7639930220372607765,scraping_tiktok,user5618786693027,"gk usah ada mbg,, ampun teuing hpus program nu meakeun dwt"
7639955310333248276,2026-05-15T03:28:48.000Z,0,https://www.tiktok.com/@liputan6.sctv/video/7638910407763168533,https://www.tiktok.com/@liputan6.sctv/video/7638910407763168533?commentId=7639955310333248276,scraping_tiktok,bosgedang92,"Mbg wes jelas gampang nemen nk arep korupsi,eh malah d tmabahi koprasi merah putih la iki rakyat iki onone kok d ploroti kon bayar pajak"
7639954868078183175,2026-05-15T03:27:00.000Z,0,https://www.tiktok.com/@liputan6.sctv/video/7638910407763168533,https://www.tiktok.com/@liputan6.sctv/video/7638910407763168533?commentId=7639954868078183175,scraping_tiktok,pia.nurpianti,Sudah seharusnya proyek ini di stop semua se-Indonesia
7639944069440946951,2026-05-15T02:45:19.000Z,0,https://www.tiktok.com/@liputan6.sctv/video/7638910407763168533,https://www.tiktok.com/@liputan6.sctv/video/7638910407763168533?commentId=7639944069440946951,scraping_tiktok,ina.puspita.sari26,sudah jelas ladang korupsi masih dipertahankan
7639941641301787400,2026-05-15T02:35:40.000Z,0,https://www.tiktok.com/@liputan6.sctv/video/7638910407763168533,https://www.tiktok.com/@liputan6.sctv/video/7638910407763168533?commentId=7639941641301787400,scraping_tiktok,user70565533446777,"GK aneh, semua korupsi mmg caranya menggelembungkan harga."
7639940095685640976,2026-05-15T02:30:06.000Z,0,https://www.tiktok.com/@liputan6.sctv/video/7638910407763168533,https://www.tiktok.com/@liputan6.sctv/video/7638910407763168533?commentId=7639940095685640976,scraping_tiktok,jajakasunda87,gelo mtor listrik seharga NMAX 😁😁markup budget gila2an
7639939177199698705,2026-05-15T02:26:40.000Z,0,https://www.tiktok.com/@liputan6.sctv/video/7638910407763168533,https://www.tiktok.com/@liputan6.sctv/video/7638910407763168533?commentId=7639939177199698705,scraping_tiktok,jajakasunda87,stop MBG...sarang korupsi
7639936348443001618,2026-05-15T02:15:13.000Z,0,https://www.tiktok.com/@liputan6.sctv/video/7638910407763168533,https://www.tiktok.com/@liputan6.sctv/video/7638910407763168533?commentId=7639936348443001618,scraping_tiktok,si.lanlangbuana,MBG bukan solusi meringankan beban rakyat yg jelas memperkaya bawahan ptesiden sendiri
7639935913589818133,2026-05-15T02:13:37.000Z,0,https://www.tiktok.com/@liputan6.sctv/video/7638910407763168533,https://www.tiktok.com/@liputan6.sctv/video/7638910407763168533?commentId=7639935913589818133,scraping_tiktok,mienr76,👍👍👍
7640114875352924929,2026-05-15T13:47:56.000Z,0,https://www.tiktok.com/@liputan6.sctv/video/7638910407763168533,https://www.tiktok.com/@liputan6.sctv/video/7638910407763168533?commentId=7640114875352924929,scraping_tiktok,bernat_sihotang,"stop mbg.
karena membuka kesempatan korupsi besar.
padahal Prabowo mau berantas korupsi"
7639928778207052552,2026-05-15T01:45:53.000Z,0,https://www.tiktok.com/@liputan6.sctv/video/7638910407763168533,https://www.tiktok.com/@liputan6.sctv/video/7638910407763168533?commentId=7639928778207052552,scraping_tiktok,nesty1955,"Itu betul ada lahan korupsi,KLO mau diteruskan dikawal ketat benarkah ada daging sapi."
7639924939713921813,2026-05-15T01:31:05.000Z,0,https://www.tiktok.com/@liputan6.sctv/video/7638910407763168533,https://www.tiktok.com/@liputan6.sctv/video/7638910407763168533?commentId=7639924939713921813,scraping_tiktok,anzero24,Program paling menghabiskan APBN (rekor..
7639922930310775572,2026-05-15T01:29:00.000Z,0,https://www.tiktok.com/@liputan6.sctv/video/7638910407763168533,https://www.tiktok.com/@liputan6.sctv/video/7638910407763168533?commentId=7639922930310775572,scraping_tiktok,entomonas,semoga bpk prabowo cpt sadar di mana2 korupsi
7639733507337782017,2026-05-14T13:07:59.000Z,0,https://www.tiktok.com/@liputan6.sctv/video/7638910407763168533,https://www.tiktok.com/@liputan6.sctv/video/7638910407763168533?commentId=7639733507337782017,scraping_tiktok,nurziah346,mbg tutup aja pak
7638914779567031056,2026-05-12T08:11:01.000Z,0,https://www.tiktok.com/@liputan6.sctv/video/7638910407763168533,https://www.tiktok.com/@liputan6.sctv/video/7638910407763168533?commentId=7638914779567031056,scraping_tiktok,bundakuayuu,Cuma bantuan uang tunai yang gak di korupsi
7638915323203207956,2026-05-12T08:17:45.000Z,0,https://www.tiktok.com/@liputan6.sctv/video/7638910407763168533,https://www.tiktok.com/@liputan6.sctv/video/7638910407763168533?commentId=7638915323203207956,scraping_tiktok,tatirah8,"tak peduli apapun pokoke mbg lanjuttttt
ra Wedi karo KPK
wkwkwk 😂😂😂😂"
7638916556977767189,2026-05-12T08:17:51.000Z,0,https://www.tiktok.com/@liputan6.sctv/video/7638910407763168533,https://www.tiktok.com/@liputan6.sctv/video/7638910407763168533?commentId=7638916556977767189,scraping_tiktok,setiamustamir,"bukan celah lg tapi udah bolong terlalu besar,..😂"
7639965527998710544,2026-05-15T04:09:01.000Z,0,https://www.tiktok.com/@liputan6.sctv/video/7638910407763168533,https://www.tiktok.com/@liputan6.sctv/video/7638910407763168533?commentId=7639965527998710544,scraping_tiktok,kebutuhan37,sudah lah ini bukan hal baru..dr awal tujuan nya sudah lain...GK masuk akal ..ini hrs d periksa kepala bgn nya
7639964610829779730,2026-05-15T04:04:56.000Z,0,https://www.tiktok.com/@liputan6.sctv/video/7638910407763168533,https://www.tiktok.com/@liputan6.sctv/video/7638910407763168533?commentId=7639964610829779730,scraping_tiktok,pri_ham,negara korup
7639723257097159445,2026-05-14T12:28:23.000Z,0,https://www.tiktok.com/@liputan6.sctv/video/7638910407763168533,https://www.tiktok.com/@liputan6.sctv/video/7638910407763168533?commentId=7639723257097159445,scraping_tiktok,orangberuntung28,sebenernya sulit diukur soal makanan bnyak korupsi ya dan egk dimakan juga SMA siswa ya
7638911828706509588,2026-05-12T07:59:43.000Z,0,https://www.tiktok.com/@liputan6.sctv/video/7638910407763168533,https://www.tiktok.com/@liputan6.sctv/video/7638910407763168533?commentId=7638911828706509588,scraping_tiktok,rizwanbhatti5556,😳😳😳
7639918211215295248,2026-05-15T01:05:01.000Z,0,https://www.tiktok.com/@liputan6.sctv/video/7638910407763168533,https://www.tiktok.com/@liputan6.sctv/video/7638910407763168533?commentId=7639918211215295248,scraping_tiktok,angkara676,korupsi tures piki lah
7639916443496891156,2026-05-15T00:58:09.000Z,0,https://www.tiktok.com/@liputan6.sctv/video/7638910407763168533,https://www.tiktok.com/@liputan6.sctv/video/7638910407763168533?commentId=7639916443496891156,scraping_tiktok,cecepsupriadi2601,setop aja mbg
7641039492237607688,2026-05-18T01:36:04.000Z,0,https://www.tiktok.com/@liputan6.sctv/video/7638910407763168533,https://www.tiktok.com/@liputan6.sctv/video/7638910407763168533?commentId=7641039492237607688,scraping_tiktok,retaapriani,"SINI PA SAYA PUNYA BUKTI DAPUR MBG KORUPSI,malah yang tadinya kelilit utang jadi bisa lunas semua,koupsinya miliyaran"
7641596804659741461,2026-05-19T13:38:35.000Z,0,https://www.tiktok.com/@liputan6.sctv/video/7638910407763168533,https://www.tiktok.com/@liputan6.sctv/video/7638910407763168533?commentId=7641596804659741461,scraping_tiktok,masnawatimasna81,🙏🙏🙏
7641462784911770376,2026-05-19T04:58:31.000Z,0,https://www.tiktok.com/@liputan6.sctv/video/7638910407763168533,https://www.tiktok.com/@liputan6.sctv/video/7638910407763168533?commentId=7641462784911770376,scraping_tiktok,s21011983,Pokoknya harus di tutup MBG
7641462607849276167,2026-05-19T04:57:48.000Z,0,https://www.tiktok.com/@liputan6.sctv/video/7638910407763168533,https://www.tiktok.com/@liputan6.sctv/video/7638910407763168533?commentId=7641462607849276167,scraping_tiktok,s21011983,👍👍👍
7641456498333598485,2026-05-19T04:34:15.000Z,0,https://www.tiktok.com/@liputan6.sctv/video/7638910407763168533,https://www.tiktok.com/@liputan6.sctv/video/7638910407763168533?commentId=7641456498333598485,scraping_tiktok,yunik8586,🥰🥰🥰
7641225971702547218,2026-05-18T13:39:32.000Z,0,https://www.tiktok.com/@liputan6.sctv/video/7638910407763168533,https://www.tiktok.com/@liputan6.sctv/video/7638910407763168533?commentId=7641225971702547218,scraping_tiktok,tripazyah2,Korup terbanyak MBG
7641021433057198855,2026-05-18T00:26:10.000Z,0,https://www.tiktok.com/@liputan6.sctv/video/7638910407763168533,https://www.tiktok.com/@liputan6.sctv/video/7638910407763168533?commentId=7641021433057198855,scraping_tiktok,eful487,ttp aja buang buang uwang aj d mna pikiran pak prabowo cerita nya mau brantas kuroptor tpi skrang mlh d ksh jln buat orang kuroptor
7640998712194745108,2026-05-17T23:05:50.000Z,0,https://www.tiktok.com/@liputan6.sctv/video/7638910407763168533,https://www.tiktok.com/@liputan6.sctv/video/7638910407763168533?commentId=7640998712194745108,scraping_tiktok,oncho.oncho94,distop aj ganti dengan sembako murah dan pendidikan gratis
7640906443957142290,2026-05-17T16:59:36.000Z,0,https://www.tiktok.com/@liputan6.sctv/video/7638910407763168533,https://www.tiktok.com/@liputan6.sctv/video/7638910407763168533?commentId=7640906443957142290,scraping_tiktok,monsterkecil232,"Gak jelas pemerintahan Prabowo semua pekerjaan dan jalan penghasilan rakyat mau diambil alih,perdagangan,bangunan,peternakan,dll😀 bentara lagi Prabowo buat program buka salon juga pegawainya difasilitasi kendaraan nnti terus jd asn 😂😂"
7640869759555552007,2026-05-17T14:37:15.000Z,0,https://www.tiktok.com/@liputan6.sctv/video/7638910407763168533,https://www.tiktok.com/@liputan6.sctv/video/7638910407763168533?commentId=7640869759555552007,scraping_tiktok,gjps3,presiden egois
7640850412655985415,2026-05-17T13:22:08.000Z,0,https://www.tiktok.com/@liputan6.sctv/video/7638910407763168533,https://www.tiktok.com/@liputan6.sctv/video/7638910407763168533?commentId=7640850412655985415,scraping_tiktok,similikiti658,"Udah bukan Rahasia lgi Korupsi MBG
Presiden aja yg pura2 ga tahu..
Karena Itu Semua MBG maupun KDMP adalah lingkaran Presiden"
7640836582630687504,2026-05-17T12:28:27.000Z,0,https://www.tiktok.com/@liputan6.sctv/video/7638910407763168533,https://www.tiktok.com/@liputan6.sctv/video/7638910407763168533?commentId=7640836582630687504,scraping_tiktok,wwwtristancrosergamil.c,korupsi berkedok gizi😳😳😏😏
7640827774323802901,2026-05-17T11:54:20.000Z,0,https://www.tiktok.com/@liputan6.sctv/video/7638910407763168533,https://www.tiktok.com/@liputan6.sctv/video/7638910407763168533?commentId=7640827774323802901,scraping_tiktok,wahana.arta,bubarkannn
7638943916142150421,2026-05-12T10:04:06.000Z,0,https://www.tiktok.com/@liputan6.sctv/video/7638910407763168533,https://www.tiktok.com/@liputan6.sctv/video/7638910407763168533?commentId=7638943916142150421,scraping_tiktok,subaidi.adi,persiden jendaral di bohong terus terus san terus kan lah pak persiden
7643428751077982994,2026-05-24T12:07:24.000Z,0,https://www.tiktok.com/@liputan6.sctv/video/7638910407763168533,https://www.tiktok.com/@liputan6.sctv/video/7638910407763168533?commentId=7643428751077982994,scraping_tiktok,zulqoimad1,setiap Pemda korban itu bupati tetapi yang enak itu wakil bupati atau wakil gubernur dan sekda ini yang rentan korupsi
7643371095714939669,2026-05-24T08:23:51.000Z,0,https://www.tiktok.com/@liputan6.sctv/video/7638910407763168533,https://www.tiktok.com/@liputan6.sctv/video/7638910407763168533?commentId=7643371095714939669,scraping_tiktok,faisalfaisasfar,Buang buang duit mending dana MBG nya untuk beasiswa gratis sekolah dasar sampai sarjana
7643313148019852048,2026-05-24T04:38:49.000Z,0,https://www.tiktok.com/@liputan6.sctv/video/7638910407763168533,https://www.tiktok.com/@liputan6.sctv/video/7638910407763168533?commentId=7643313148019852048,scraping_tiktok,najhan_photography,Negara MBG
7639711387401192199,2026-05-14T11:42:14.000Z,0,https://www.tiktok.com/@liputan6.sctv/video/7638910407763168533,https://www.tiktok.com/@liputan6.sctv/video/7638910407763168533?commentId=7639711387401192199,scraping_tiktok,heripajero,"percuma cm omong doang buat bukti supaya rakyat percya
pdahal tindakan y tdk ada..
presiden gak bs kerja"
7638919375277556501,2026-05-12T08:28:50.000Z,0,https://www.tiktok.com/@liputan6.sctv/video/7638910407763168533,https://www.tiktok.com/@liputan6.sctv/video/7638910407763168533?commentId=7638919375277556501,scraping_tiktok,prabowi74,Bukan celah.. Tp emang d sengaja d sengajo d kasih cela🤣
7638918325993915143,2026-05-12T08:24:49.000Z,0,https://www.tiktok.com/@liputan6.sctv/video/7638910407763168533,https://www.tiktok.com/@liputan6.sctv/video/7638910407763168533?commentId=7638918325993915143,scraping_tiktok,rosmaliana357,asliii tahh gra gra mbg pedagang kecill Semkin ke cekik trs mitra nya juga TDK belnja ke pedagang kecil
7639694464185058065,2026-05-14T10:36:30.000Z,0,https://www.tiktok.com/@liputan6.sctv/video/7638910407763168533,https://www.tiktok.com/@liputan6.sctv/video/7638910407763168533?commentId=7639694464185058065,scraping_tiktok,ciegokiel26,bazer
7639693832719844103,2026-05-14T10:36:35.000Z,0,https://www.tiktok.com/@liputan6.sctv/video/7638910407763168533,https://www.tiktok.com/@liputan6.sctv/video/7638910407763168533?commentId=7639693832719844103,scraping_tiktok,saha_w009,@sayah radar Indonesia men hobos Kris's m b g superuser Oleg k p k
7639698630082183954,2026-05-14T10:52:44.000Z,0,https://www.tiktok.com/@liputan6.sctv/video/7638910407763168533,https://www.tiktok.com/@liputan6.sctv/video/7638910407763168533?commentId=7639698630082183954,scraping_tiktok,ayahebyazki,GK mesti kpk yg menilai ...masyrakat awam jg paham ko berbau korupsi
7639701788405007120,2026-05-14T11:04:57.000Z,0,https://www.tiktok.com/@liputan6.sctv/video/7638910407763168533,https://www.tiktok.com/@liputan6.sctv/video/7638910407763168533?commentId=7639701788405007120,scraping_tiktok,user2814802323338,hancur pak hancur ...1 periode saja pak
7639704023512367879,2026-05-14T11:13:36.000Z,0,https://www.tiktok.com/@liputan6.sctv/video/7638910407763168533,https://www.tiktok.com/@liputan6.sctv/video/7638910407763168533?commentId=7639704023512367879,scraping_tiktok,samsulsam10,stop MBG karena ladang korupsi
7638918010615939861,2026-05-12T08:23:41.000Z,0,https://www.tiktok.com/@liputan6.sctv/video/7638910407763168533,https://www.tiktok.com/@liputan6.sctv/video/7638910407763168533?commentId=7638918010615939861,scraping_tiktok,muhamad.sulthan15,omon2 jk
7639711347996099346,2026-05-14T11:42:05.000Z,0,https://www.tiktok.com/@liputan6.sctv/video/7638910407763168533,https://www.tiktok.com/@liputan6.sctv/video/7638910407763168533?commentId=7639711347996099346,scraping_tiktok,prititprili,udah jangan di persoalkan bubarkan aja mbg pecat ketuanya mbg
7639691381870920456,2026-05-14T10:24:32.000Z,0,https://www.tiktok.com/@liputan6.sctv/video/7638910407763168533,https://www.tiktok.com/@liputan6.sctv/video/7638910407763168533?commentId=7639691381870920456,scraping_tiktok,aspydi_,🥱
7639713001956115207,2026-05-14T11:48:24.000Z,0,https://www.tiktok.com/@liputan6.sctv/video/7638910407763168533,https://www.tiktok.com/@liputan6.sctv/video/7638910407763168533?commentId=7639713001956115207,scraping_tiktok,melati33776,tutup MBG
7639713236924924690,2026-05-14T11:49:18.000Z,0,https://www.tiktok.com/@liputan6.sctv/video/7638910407763168533,https://www.tiktok.com/@liputan6.sctv/video/7638910407763168533?commentId=7639713236924924690,scraping_tiktok,masbheyecoffe,mbg mbg distop
7639713316826792712,2026-05-14T11:49:38.000Z,0,https://www.tiktok.com/@liputan6.sctv/video/7638910407763168533,https://www.tiktok.com/@liputan6.sctv/video/7638910407763168533?commentId=7639713316826792712,scraping_tiktok,zakimaulana459,alah kpk GK ada NYALi
7639716720420799252,2026-05-14T12:02:57.000Z,0,https://www.tiktok.com/@liputan6.sctv/video/7638910407763168533,https://www.tiktok.com/@liputan6.sctv/video/7638910407763168533?commentId=7639716720420799252,scraping_tiktok,adinuser,probowo baru nyadar d ngibulin
7639716893453026064,2026-05-14T12:03:52.000Z,0,https://www.tiktok.com/@liputan6.sctv/video/7638910407763168533,https://www.tiktok.com/@liputan6.sctv/video/7638910407763168533?commentId=7639716893453026064,scraping_tiktok,thewonk666,halah dr dlu udah pda nebak dri hrga makanan motor mobil smpek kaos kaki berpotensi KORUPSI... inget Berpotensi. knapa skrg baru re
7639717717893088007,2026-05-14T12:06:49.000Z,0,https://www.tiktok.com/@liputan6.sctv/video/7638910407763168533,https://www.tiktok.com/@liputan6.sctv/video/7638910407763168533?commentId=7639717717893088007,scraping_tiktok,tresnotristya,jualan makin sepi cari duit susah apakah semua sama merasakan
7639718837336703764,2026-05-14T12:11:12.000Z,0,https://www.tiktok.com/@liputan6.sctv/video/7638910407763168533,https://www.tiktok.com/@liputan6.sctv/video/7638910407763168533?commentId=7639718837336703764,scraping_tiktok,booyi56,@Gibran Rakabuming @gerindra tuh min apa ku bilang cek lagi badan giji nasional yah sama kepala mbg yah tuh cek cek minnnn
7639721956618863380,2026-05-14T12:23:12.000Z,0,https://www.tiktok.com/@liputan6.sctv/video/7638910407763168533,https://www.tiktok.com/@liputan6.sctv/video/7638910407763168533?commentId=7639721956618863380,scraping_tiktok,kang_nas26,korupsi terang2an tapi kpk tidak berani... ada apa ini😅
7639722330563216136,2026-05-14T12:24:43.000Z,0,https://www.tiktok.com/@liputan6.sctv/video/7638910407763168533,https://www.tiktok.com/@liputan6.sctv/video/7638910407763168533?commentId=7639722330563216136,scraping_tiktok,.mantau.aja,stop MBG alihkan ke skolah gratis seluruh indonesia.. lebih adil pak👌
7639722735564931860,2026-05-14T12:26:20.000Z,0,https://www.tiktok.com/@liputan6.sctv/video/7638910407763168533,https://www.tiktok.com/@liputan6.sctv/video/7638910407763168533?commentId=7639722735564931860,scraping_tiktok,rcwanda,Waktu pilpres kemarin pilih ganjar kedepan pasti akan pilih prabowo karena senang lihat anak² pada makan di sekolah sungguh terharu😢
7639466025717187348,2026-05-13T19:50:12.000Z,0,https://www.tiktok.com/@liputan6.sctv/video/7638910407763168533,https://www.tiktok.com/@liputan6.sctv/video/7638910407763168533?commentId=7639466025717187348,scraping_tiktok,ujdua6,wow menang banyak
7638921041629381397,2026-05-12T08:35:27.000Z,0,https://www.tiktok.com/@liputan6.sctv/video/7638910407763168533,https://www.tiktok.com/@liputan6.sctv/video/7638910407763168533?commentId=7638921041629381397,scraping_tiktok,sarialrexyz,lah dari dulu udah d ingetin SM netizen😏😏😏
7638920777084961543,2026-05-12T08:34:11.000Z,0,https://www.tiktok.com/@liputan6.sctv/video/7638910407763168533,https://www.tiktok.com/@liputan6.sctv/video/7638910407763168533?commentId=7638920777084961543,scraping_tiktok,joker6999999,awas KDMP juga ladang korupsi 🤣
7638920642742223637,2026-05-12T08:33:48.000Z,0,https://www.tiktok.com/@liputan6.sctv/video/7638910407763168533,https://www.tiktok.com/@liputan6.sctv/video/7638910407763168533?commentId=7638920642742223637,scraping_tiktok,kalin.jono,setiap program pendekatan nya adalah proyek..maka itu lah celah korupsi nya..gitu aja kok pusing2 .. belajarlah dr yg lalu2
7638923952602055425,2026-05-12T08:46:57.000Z,0,https://www.tiktok.com/@liputan6.sctv/video/7638910407763168533,https://www.tiktok.com/@liputan6.sctv/video/7638910407763168533?commentId=7638923952602055425,scraping_tiktok,pakdee_ku77,"seleksi karyawan juga banyak curangnya
lebih mentingin ordal!"
7638923992787305223,2026-05-12T08:46:42.000Z,0,https://www.tiktok.com/@liputan6.sctv/video/7638910407763168533,https://www.tiktok.com/@liputan6.sctv/video/7638910407763168533?commentId=7638923992787305223,scraping_tiktok,swahyuniachwan,AAJJJJJJJJJJJJJJJJJUUUUÙUUUUUUUR
7638923879709475591,2026-05-12T08:46:21.000Z,0,https://www.tiktok.com/@liputan6.sctv/video/7638910407763168533,https://www.tiktok.com/@liputan6.sctv/video/7638910407763168533?commentId=7638923879709475591,scraping_tiktok,cayono23,maju terus buat kpk
7639518249662710529,2026-05-13T23:13:05.000Z,0,https://www.tiktok.com/@liputan6.sctv/video/7638910407763168533,https://www.tiktok.com/@liputan6.sctv/video/7638910407763168533?commentId=7639518249662710529,scraping_tiktok,abcdyggjgg,Yg korupsi hukuman nya di naikkan ..harus lebih di prhtikan lgi ..
7638923556475290388,2026-05-12T08:45:11.000Z,0,https://www.tiktok.com/@liputan6.sctv/video/7638910407763168533,https://www.tiktok.com/@liputan6.sctv/video/7638910407763168533?commentId=7638923556475290388,scraping_tiktok,razi_dr.spog,halah... dudung pula
7638923324836659989,2026-05-12T08:44:19.000Z,0,https://www.tiktok.com/@liputan6.sctv/video/7638910407763168533,https://www.tiktok.com/@liputan6.sctv/video/7638910407763168533?commentId=7638923324836659989,scraping_tiktok,farhanstecu30,GK penting
7638923314069275413,2026-05-12T08:44:13.000Z,0,https://www.tiktok.com/@liputan6.sctv/video/7638910407763168533,https://www.tiktok.com/@liputan6.sctv/video/7638910407763168533?commentId=7638923314069275413,scraping_tiktok,blinkblackpink197,pura2 itu cuma formalitas aj drama si Wo2 Du2ng
7638923244993086229,2026-05-12T08:43:53.000Z,0,https://www.tiktok.com/@liputan6.sctv/video/7638910407763168533,https://www.tiktok.com/@liputan6.sctv/video/7638910407763168533?commentId=7638923244993086229,scraping_tiktok,princes.iqistiktok.compr,👍👍👍
7638923061580710677,2026-05-12T08:43:13.000Z,0,https://www.tiktok.com/@liputan6.sctv/video/7638910407763168533,https://www.tiktok.com/@liputan6.sctv/video/7638910407763168533?commentId=7638923061580710677,scraping_tiktok,tosbra1,"waw kaos kaki merek apa tuu, uniqlo atau adidas gk segitu harganya😭"
7638922942169105168,2026-05-12T08:42:39.000Z,0,https://www.tiktok.com/@liputan6.sctv/video/7638910407763168533,https://www.tiktok.com/@liputan6.sctv/video/7638910407763168533?commentId=7638922942169105168,scraping_tiktok,54ntr.p3k0k77,bukan celah tapi lapangan korupsi
7638922824049361672,2026-05-12T08:42:17.000Z,0,https://www.tiktok.com/@liputan6.sctv/video/7638910407763168533,https://www.tiktok.com/@liputan6.sctv/video/7638910407763168533?commentId=7638922824049361672,scraping_tiktok,djulie.eka,"@Eka Y:MasyaAllah... pak prabowo gak salah bikin progam ini??Bpk kaya raya sekali pak. ini yg di pake anggaran uang pribadi Bpk atau uang negara. stop aja sie pak.. lama""apa gak bangkrut ini. mending d ganti dg progam ""yg lebih minim korupsi dan lebih efisien untuk rakyat"
7638922728125580039,2026-05-12T08:41:53.000Z,0,https://www.tiktok.com/@liputan6.sctv/video/7638910407763168533,https://www.tiktok.com/@liputan6.sctv/video/7638910407763168533?commentId=7638922728125580039,scraping_tiktok,ikmarrudin,kepala BGN
7638922702099514129,2026-05-12T08:41:44.000Z,0,https://www.tiktok.com/@liputan6.sctv/video/7638910407763168533,https://www.tiktok.com/@liputan6.sctv/video/7638910407763168533?commentId=7638922702099514129,scraping_tiktok,kang_tulen,kok Dudung 😂
7638922586344342279,2026-05-12T08:41:15.000Z,0,https://www.tiktok.com/@liputan6.sctv/video/7638910407763168533,https://www.tiktok.com/@liputan6.sctv/video/7638910407763168533?commentId=7638922586344342279,scraping_tiktok,budiyana586,sarangnya korupsi udah pada tahu bukan rahasia lagi
7638922509803389703,2026-05-12T08:40:59.000Z,0,https://www.tiktok.com/@liputan6.sctv/video/7638910407763168533,https://www.tiktok.com/@liputan6.sctv/video/7638910407763168533?commentId=7638922509803389703,scraping_tiktok,user9481673834161,MBG menghamburkan uang
7639591275319460615,2026-05-14T03:56:13.000Z,0,https://www.tiktok.com/@liputan6.sctv/video/7638910407763168533,https://www.tiktok.com/@liputan6.sctv/video/7638910407763168533?commentId=7639591275319460615,scraping_tiktok,papa_nabil2,proyek 1 triliun sehari mustahil gak dikorup sama tikus kantor Konoha..
7638919923275744017,2026-05-12T08:31:05.000Z,0,https://www.tiktok.com/@liputan6.sctv/video/7638910407763168533,https://www.tiktok.com/@liputan6.sctv/video/7638910407763168533?commentId=7638919923275744017,scraping_tiktok,alungmpj2,udh d tttp aja mbg nya mendingan uang nya langsung d ksh k ortu nya
7638919646627955476,2026-05-12T08:29:52.000Z,0,https://www.tiktok.com/@liputan6.sctv/video/7638910407763168533,https://www.tiktok.com/@liputan6.sctv/video/7638910407763168533?commentId=7638919646627955476,scraping_tiktok,player.baru965,progam baru ladang korupsi baru
7638919580664333074,2026-05-12T08:29:33.000Z,0,https://www.tiktok.com/@liputan6.sctv/video/7638910407763168533,https://www.tiktok.com/@liputan6.sctv/video/7638910407763168533?commentId=7638919580664333074,scraping_tiktok,karyagambutpb,😁
7639584542642750225,2026-05-14T03:30:30.000Z,0,https://www.tiktok.com/@liputan6.sctv/video/7638910407763168533,https://www.tiktok.com/@liputan6.sctv/video/7638910407763168533?commentId=7639584542642750225,scraping_tiktok,asadiyahmecca,😯😯🥺😭
7639585327157625620,2026-05-14T03:33:04.000Z,0,https://www.tiktok.com/@liputan6.sctv/video/7638910407763168533,https://www.tiktok.com/@liputan6.sctv/video/7638910407763168533?commentId=7639585327157625620,scraping_tiktok,user57269940,anggaran dapur dari pusat aja udh d korupsi
7639586168325423879,2026-05-14T03:36:16.000Z,0,https://www.tiktok.com/@liputan6.sctv/video/7638910407763168533,https://www.tiktok.com/@liputan6.sctv/video/7638910407763168533?commentId=7639586168325423879,scraping_tiktok,daniseseptiadi,Lah baru tau dia tmn gw yg punya dapur mbg jd kaya banget g ada pemeriksaan aman tentram 😂😂😂
7639586412161385217,2026-05-14T03:37:30.000Z,0,https://www.tiktok.com/@liputan6.sctv/video/7638910407763168533,https://www.tiktok.com/@liputan6.sctv/video/7638910407763168533?commentId=7639586412161385217,scraping_tiktok,otman_jhn,namnya jg progman aneh 😁😁
7639586951918519060,2026-05-14T03:39:33.000Z,0,https://www.tiktok.com/@liputan6.sctv/video/7638910407763168533,https://www.tiktok.com/@liputan6.sctv/video/7638910407763168533?commentId=7639586951918519060,scraping_tiktok,wajing80,berhentikn mbg
7639587012194370324,2026-05-14T03:39:38.000Z,0,https://www.tiktok.com/@liputan6.sctv/video/7638910407763168533,https://www.tiktok.com/@liputan6.sctv/video/7638910407763168533?commentId=7639587012194370324,scraping_tiktok,ceppek_abang1,🤣🤣🤣
7639588891356250897,2026-05-14T03:47:21.000Z,0,https://www.tiktok.com/@liputan6.sctv/video/7638910407763168533,https://www.tiktok.com/@liputan6.sctv/video/7638910407763168533?commentId=7639588891356250897,scraping_tiktok,zenud_09,"dari awal juga rakyat teriak teriak kocak,, kemana aja 😂"
7639593638435422993,2026-05-14T04:05:39.000Z,0,https://www.tiktok.com/@liputan6.sctv/video/7638910407763168533,https://www.tiktok.com/@liputan6.sctv/video/7638910407763168533?commentId=7639593638435422993,scraping_tiktok,ratucleopatra5,wah keren nih ..penjara penuh
7640819938291303189,2026-05-17T11:24:01.000Z,0,https://www.tiktok.com/@liputan6.sctv/video/7638910407763168533,https://www.tiktok.com/@liputan6.sctv/video/7638910407763168533?commentId=7640819938291303189,scraping_tiktok,jamtanganjakarta.pusat,dah lah muak gua sama pemerintahan sekarang!!!
7638943988083901191,2026-05-12T10:04:18.000Z,0,https://www.tiktok.com/@liputan6.sctv/video/7638910407763168533,https://www.tiktok.com/@liputan6.sctv/video/7638910407763168533?commentId=7638943988083901191,scraping_tiktok,optimus.189,[Sticker] tumben baru sadar!
7638920525336052488,2026-05-12T08:33:25.000Z,0,https://www.tiktok.com/@liputan6.sctv/video/7638910407763168533,https://www.tiktok.com/@liputan6.sctv/video/7638910407763168533?commentId=7638920525336052488,scraping_tiktok,zainurrohim114,"gak bakalan berani Dudung mengungkap scandal korupsi di MBG,"
7638920523006984980,2026-05-12T08:33:17.000Z,0,https://www.tiktok.com/@liputan6.sctv/video/7638910407763168533,https://www.tiktok.com/@liputan6.sctv/video/7638910407763168533?commentId=7638920523006984980,scraping_tiktok,kenzie_arya3010,lah....emang ladang korupsi
7638920339532153607,2026-05-12T08:32:34.000Z,0,https://www.tiktok.com/@liputan6.sctv/video/7638910407763168533,https://www.tiktok.com/@liputan6.sctv/video/7638910407763168533?commentId=7638920339532153607,scraping_tiktok,ucubuah,[Sticker] Lanjutkan mbg
7638921634212528903,2026-05-12T08:37:31.000Z,0,https://www.tiktok.com/@liputan6.sctv/video/7638910407763168533,https://www.tiktok.com/@liputan6.sctv/video/7638910407763168533?commentId=7638921634212528903,scraping_tiktok,ijik654,apalagi koprasi merah putih
7639467412789707540,2026-05-13T19:55:32.000Z,0,https://www.tiktok.com/@liputan6.sctv/video/7638910407763168533,https://www.tiktok.com/@liputan6.sctv/video/7638910407763168533?commentId=7639467412789707540,scraping_tiktok,ahonkk_89,anggaran truss.. 🙏🙏🤣😂🤣@gerindra@Humas Polri @Inilah.com @badangizinasional.ri
7639469412999086866,2026-05-13T20:03:11.000Z,0,https://www.tiktok.com/@liputan6.sctv/video/7638910407763168533,https://www.tiktok.com/@liputan6.sctv/video/7638910407763168533?commentId=7639469412999086866,scraping_tiktok,fadilanurannisa,perikasa kelapa MBG nya
7639469904521560840,2026-05-13T20:05:06.000Z,0,https://www.tiktok.com/@liputan6.sctv/video/7638910407763168533,https://www.tiktok.com/@liputan6.sctv/video/7638910407763168533?commentId=7639469904521560840,scraping_tiktok,windaatres,Program ga guna
7639514423610688274,2026-05-13T23:04:16.000Z,0,https://www.tiktok.com/@liputan6.sctv/video/7638910407763168533,https://www.tiktok.com/@liputan6.sctv/video/7638910407763168533?commentId=7639514423610688274,scraping_tiktok,user600091614030,MBG sangat membantu rskyat kecil pengagguran berkurang
7639515085307691796,2026-05-13T23:04:16.000Z,0,https://www.tiktok.com/@liputan6.sctv/video/7638910407763168533,https://www.tiktok.com/@liputan6.sctv/video/7638910407763168533?commentId=7639515085307691796,scraping_tiktok,minategal4,kalau berbau duit pasti banyak yg tergoda
7639516768458048277,2026-05-13T23:07:30.000Z,0,https://www.tiktok.com/@liputan6.sctv/video/7638910407763168533,https://www.tiktok.com/@liputan6.sctv/video/7638910407763168533?commentId=7639516768458048277,scraping_tiktok,novriuncu,"yaaa yg di korbarkan mitra nya, vendor yg kerja sama mulai was was ni,, trus pegawai bgn gimna?? ngak kesentuh lah😂😂"
7638923767545463572,2026-05-12T08:46:01.000Z,0,https://www.tiktok.com/@liputan6.sctv/video/7638910407763168533,https://www.tiktok.com/@liputan6.sctv/video/7638910407763168533?commentId=7638923767545463572,scraping_tiktok,awokawok0292,gubernur Kaltim kok belom diperiksa
7638925382432457492,2026-05-12T08:52:16.000Z,0,https://www.tiktok.com/@liputan6.sctv/video/7638910407763168533,https://www.tiktok.com/@liputan6.sctv/video/7638910407763168533?commentId=7638925382432457492,scraping_tiktok,e416424,proyek jaaahaatttttt
7638925273660719879,2026-05-12T08:51:40.000Z,0,https://www.tiktok.com/@liputan6.sctv/video/7638910407763168533,https://www.tiktok.com/@liputan6.sctv/video/7638910407763168533?commentId=7638925273660719879,scraping_tiktok,helenora1555,"Stop MBG,buatlah sekolah gratis,kesehatan gratis,bahan pangan murah dijamin masyarakat sejahtera"
7638925210469565192,2026-05-12T08:51:31.000Z,0,https://www.tiktok.com/@liputan6.sctv/video/7638910407763168533,https://www.tiktok.com/@liputan6.sctv/video/7638910407763168533?commentId=7638925210469565192,scraping_tiktok,wongndeso.peduli,Cek google : jokowi bikin negara rugi 25 triliun per tahun 😭😭😭
7638924325868962580,2026-05-12T08:48:02.000Z,0,https://www.tiktok.com/@liputan6.sctv/video/7638910407763168533,https://www.tiktok.com/@liputan6.sctv/video/7638910407763168533?commentId=7638924325868962580,scraping_tiktok,as_shabru22,sekalian Mitra yah periksa
7638924211838731026,2026-05-12T08:47:32.000Z,0,https://www.tiktok.com/@liputan6.sctv/video/7638910407763168533,https://www.tiktok.com/@liputan6.sctv/video/7638910407763168533?commentId=7638924211838731026,scraping_tiktok,korep453,cik kasepe
7638924113445192466,2026-05-12T08:47:11.000Z,0,https://www.tiktok.com/@liputan6.sctv/video/7638910407763168533,https://www.tiktok.com/@liputan6.sctv/video/7638910407763168533?commentId=7638924113445192466,scraping_tiktok,swahyuniachwan,AJUUUUUUUUUUUUUUUUU😭😭😭😭😭😭
7638924047107146512,2026-05-12T08:47:02.000Z,0,https://www.tiktok.com/@liputan6.sctv/video/7638910407763168533,https://www.tiktok.com/@liputan6.sctv/video/7638910407763168533?commentId=7638924047107146512,scraping_tiktok,bojes0507,"Udah ada KPK
Apakah KPK udah ga ada gunanya ?"
7638924048239723285,2026-05-12T08:46:59.000Z,0,https://www.tiktok.com/@liputan6.sctv/video/7638910407763168533,https://www.tiktok.com/@liputan6.sctv/video/7638910407763168533?commentId=7638924048239723285,scraping_tiktok,budisetiawan4707,udah pasti
7640137677634978567,2026-05-15T15:16:21.000Z,0,https://www.tiktok.com/@liputan6.sctv/video/7638910407763168533,https://www.tiktok.com/@liputan6.sctv/video/7638910407763168533?commentId=7640137677634978567,scraping_tiktok,putriandita12,"luar biasa tidak msuk akal, mdigan stopp aja program MBG,ganti program yang lain yg lbh bermanfaat"
7640119633522098964,2026-05-15T14:10:33.000Z,0,https://www.tiktok.com/@liputan6.sctv/video/7638910407763168533,https://www.tiktok.com/@liputan6.sctv/video/7638910407763168533?commentId=7640119633522098964,scraping_tiktok,penjaitharti,stop aja mbg
7640815721680732946,2026-05-17T11:07:30.000Z,0,https://www.tiktok.com/@liputan6.sctv/video/7638910407763168533,https://www.tiktok.com/@liputan6.sctv/video/7638910407763168533?commentId=7640815721680732946,scraping_tiktok,koko_1891,Ladang korupsi🤮
7640796814728594196,2026-05-17T09:54:22.000Z,0,https://www.tiktok.com/@liputan6.sctv/video/7638910407763168533,https://www.tiktok.com/@liputan6.sctv/video/7638910407763168533?commentId=7640796814728594196,scraping_tiktok,user48360537,"bagi"" roti...
yg g kebagian ""Nyanyi"""
7640782381272695559,2026-05-17T08:58:14.000Z,0,https://www.tiktok.com/@liputan6.sctv/video/7638910407763168533,https://www.tiktok.com/@liputan6.sctv/video/7638910407763168533?commentId=7640782381272695559,scraping_tiktok,martinikeke,"menurutku,,,,bubarkaaaaan"
7640753400195810068,2026-05-17T07:05:48.000Z,0,https://www.tiktok.com/@liputan6.sctv/video/7638910407763168533,https://www.tiktok.com/@liputan6.sctv/video/7638910407763168533?commentId=7640753400195810068,scraping_tiktok,rafael.agustinus,tidak akan sejahtera untuk kita rakyat kecil hanya bisa nyumbang ke pejabat
7640715481524323080,2026-05-17T04:38:37.000Z,0,https://www.tiktok.com/@liputan6.sctv/video/7638910407763168533,https://www.tiktok.com/@liputan6.sctv/video/7638910407763168533?commentId=7640715481524323080,scraping_tiktok,dede.rukmawanti,"iya itu yg di khawatirkan ,,,membuka celah korupsi"
7640713117823255316,2026-05-17T04:33:36.000Z,0,https://www.tiktok.com/@liputan6.sctv/video/7638910407763168533,https://www.tiktok.com/@liputan6.sctv/video/7638910407763168533?commentId=7640713117823255316,scraping_tiktok,mars1957,dah nampak depan mata kog itu penyelewengan duit tapi kan kolega yg korup
7639796610604352276,2026-05-14T17:13:01.000Z,0,https://www.tiktok.com/@liputan6.sctv/video/7638910407763168533,https://www.tiktok.com/@liputan6.sctv/video/7638910407763168533?commentId=7639796610604352276,scraping_tiktok,boimgaming14,stop MBG
7640415802680197889,2026-05-16T09:15:40.000Z,0,https://www.tiktok.com/@liputan6.sctv/video/7638910407763168533,https://www.tiktok.com/@liputan6.sctv/video/7638910407763168533?commentId=7640415802680197889,scraping_tiktok,wawan.cs6,yakin tuh tegas dan jujur dudung ga tergoda sma suap uang dari pengelola sppg
7640404994303738641,2026-05-16T08:33:51.000Z,0,https://www.tiktok.com/@liputan6.sctv/video/7638910407763168533,https://www.tiktok.com/@liputan6.sctv/video/7638910407763168533?commentId=7640404994303738641,scraping_tiktok,sky_galang05,stop MBG
7640397872563225365,2026-05-16T08:09:05.000Z,0,https://www.tiktok.com/@liputan6.sctv/video/7638910407763168533,https://www.tiktok.com/@liputan6.sctv/video/7638910407763168533?commentId=7640397872563225365,scraping_tiktok,aufa_snack,"alhamdulillah didengar jg..
jelas adanya luang korup"
7639618241267172116,2026-05-14T05:40:59.000Z,0,https://www.tiktok.com/@liputan6.sctv/video/7638910407763168533,https://www.tiktok.com/@liputan6.sctv/video/7638910407763168533?commentId=7639618241267172116,scraping_tiktok,ragil.s.kom,Xari izin pendirian MBG saja bayar..
7639616150817358599,2026-05-14T05:37:23.000Z,0,https://www.tiktok.com/@liputan6.sctv/video/7638910407763168533,https://www.tiktok.com/@liputan6.sctv/video/7638910407763168533?commentId=7639616150817358599,scraping_tiktok,amahsadamah,stop mbg
7639616444154725138,2026-05-14T05:33:48.000Z,0,https://www.tiktok.com/@liputan6.sctv/video/7638910407763168533,https://www.tiktok.com/@liputan6.sctv/video/7638910407763168533?commentId=7639616444154725138,scraping_tiktok,ridwannurhidaya,1 solusinya hentikan mbg
7639614072623137544,2026-05-14T05:24:31.000Z,0,https://www.tiktok.com/@liputan6.sctv/video/7638910407763168533,https://www.tiktok.com/@liputan6.sctv/video/7638910407763168533?commentId=7639614072623137544,scraping_tiktok,edi.junaedi393,stop MBG Krn terlalu byk yg dikorupsi oleh oknum
7639609183864144660,2026-05-14T05:07:05.000Z,0,https://www.tiktok.com/@liputan6.sctv/video/7638910407763168533,https://www.tiktok.com/@liputan6.sctv/video/7638910407763168533?commentId=7639609183864144660,scraping_tiktok,babangwill07,"hentikan MBG selamanya sebelum perekonomian,pedagang kecil di sekolah2an dll ikut hancur."
7643053880503517970,2026-05-23T11:52:48.000Z,0,https://www.tiktok.com/@liputan6.sctv/video/7638910407763168533,https://www.tiktok.com/@liputan6.sctv/video/7638910407763168533?commentId=7643053880503517970,scraping_tiktok,maslmtim,"yg nglola dapur mbg, di desa2 rata2 langsung punya mobil pjero 😂😂"
7643009751047914247,2026-05-23T09:01:31.000Z,0,https://www.tiktok.com/@liputan6.sctv/video/7638910407763168533,https://www.tiktok.com/@liputan6.sctv/video/7638910407763168533?commentId=7643009751047914247,scraping_tiktok,alfaqir365,"tujuan baik tapi manfaat sedikit korupsi besar, stop MBG ganti program lainnya"
7642947647884133138,2026-05-23T05:00:31.000Z,0,https://www.tiktok.com/@liputan6.sctv/video/7638910407763168533,https://www.tiktok.com/@liputan6.sctv/video/7638910407763168533?commentId=7642947647884133138,scraping_tiktok,vikarz13,celah? itu mah LOBANG
7642549738638738194,2026-05-22T03:16:30.000Z,0,https://www.tiktok.com/@liputan6.sctv/video/7638910407763168533,https://www.tiktok.com/@liputan6.sctv/video/7638910407763168533?commentId=7642549738638738194,scraping_tiktok,dadanrahmadhan0,"sudah ku duga, bakal jadi lumbung korupsi"
7642468697412993812,2026-05-21T22:02:25.000Z,0,https://www.tiktok.com/@liputan6.sctv/video/7638910407763168533,https://www.tiktok.com/@liputan6.sctv/video/7638910407763168533?commentId=7642468697412993812,scraping_tiktok,muhamadghufron413,kepala Bgn masih anteng di meja political padahal udah di pecat yg acc anggaran itu.
7642353345475691272,2026-05-21T14:40:46.000Z,0,https://www.tiktok.com/@liputan6.sctv/video/7638910407763168533,https://www.tiktok.com/@liputan6.sctv/video/7638910407763168533?commentId=7642353345475691272,scraping_tiktok,katmifikri,stop mbg alihkan dana pendidikan dan kesehatan gratis
7641923105937474311,2026-05-20T10:44:44.000Z,0,https://www.tiktok.com/@liputan6.sctv/video/7638910407763168533,https://www.tiktok.com/@liputan6.sctv/video/7638910407763168533?commentId=7641923105937474311,scraping_tiktok,lrizss,🥰🥰🥰
7640291822321713927,2026-05-16T01:14:39.000Z,0,https://www.tiktok.com/@liputan6.sctv/video/7638910407763168533,https://www.tiktok.com/@liputan6.sctv/video/7638910407763168533?commentId=7640291822321713927,scraping_tiktok,jelimankendal,ALHAMDULILAH segera d tutup saja mbg
7640331288142955271,2026-05-16T03:47:46.000Z,0,https://www.tiktok.com/@liputan6.sctv/video/7638910407763168533,https://www.tiktok.com/@liputan6.sctv/video/7638910407763168533?commentId=7640331288142955271,scraping_tiktok,zaky6396,"stop MBG , program pemborosan sarat korupsi"
7640330584808997639,2026-05-16T03:45:04.000Z,0,https://www.tiktok.com/@liputan6.sctv/video/7638910407763168533,https://www.tiktok.com/@liputan6.sctv/video/7638910407763168533?commentId=7640330584808997639,scraping_tiktok,sangilusi321,"halahhh percuma tidak ada satupun presiden yang bikin hukuman m... buat para koruptor, mangknnya makin merajalela, sekalinya di penjara, pasilitas bintang lima, hasil korupsi bisa di nikmati, karna penjara 2/3 taun doang"
7640313128530395922,2026-05-16T02:37:18.000Z,0,https://www.tiktok.com/@liputan6.sctv/video/7638910407763168533,https://www.tiktok.com/@liputan6.sctv/video/7638910407763168533?commentId=7640313128530395922,scraping_tiktok,mas.jawa640,keracuan jga iya trus byak koruptor jga semakin rakyat sengsara
7640310399518966535,2026-05-16T02:26:45.000Z,0,https://www.tiktok.com/@liputan6.sctv/video/7638910407763168533,https://www.tiktok.com/@liputan6.sctv/video/7638910407763168533?commentId=7640310399518966535,scraping_tiktok,adigunawan5276,sudah bagus ditutup MBG ga berguna ladang korup
7640309466710622994,2026-05-16T02:23:10.000Z,0,https://www.tiktok.com/@liputan6.sctv/video/7638910407763168533,https://www.tiktok.com/@liputan6.sctv/video/7638910407763168533?commentId=7640309466710622994,scraping_tiktok,suparno0861,satu kata untuk menyelamatkan uang negara &pendidikan serta kesehatan stop mbg lebih baik sekolah gratis karena itu bukti yang akan mencerdaskan anak bangsa
7640303951687418631,2026-05-16T02:10:08.000Z,0,https://www.tiktok.com/@liputan6.sctv/video/7638910407763168533,https://www.tiktok.com/@liputan6.sctv/video/7638910407763168533?commentId=7640303951687418631,scraping_tiktok,ernadefila1,MBG program korupsi stop MBG
7640301781276394260,2026-05-16T01:53:17.000Z,0,https://www.tiktok.com/@liputan6.sctv/video/7638910407763168533,https://www.tiktok.com/@liputan6.sctv/video/7638910407763168533?commentId=7640301781276394260,scraping_tiktok,capek051,RUPIAH MELEMAH 17.600 TAPI GAK ADA TUH PRESIDEN MUNCUL BUAT NENANGIN MASYARAKAT
7638910856310309652,2026-05-12T07:55:45.000Z,0,https://www.tiktok.com/@liputan6.sctv/video/7638910407763168533,https://www.tiktok.com/@liputan6.sctv/video/7638910407763168533?commentId=7638910856310309652,scraping_tiktok,agush688,gas
7640292156549677844,2026-05-16T01:16:13.000Z,0,https://www.tiktok.com/@liputan6.sctv/video/7638910407763168533,https://www.tiktok.com/@liputan6.sctv/video/7638910407763168533?commentId=7640292156549677844,scraping_tiktok,asep.achmad.zunae,"MBG tidak bermanfaat tidak tepat sasaran,,, karna yg mkan nya tidak bergiji"
7640343584298320661,2026-05-16T04:35:31.000Z,0,https://www.tiktok.com/@liputan6.sctv/video/7638910407763168533,https://www.tiktok.com/@liputan6.sctv/video/7638910407763168533?commentId=7640343584298320661,scraping_tiktok,ganesha3113,Boncos
7640283942901695248,2026-05-16T00:44:06.000Z,0,https://www.tiktok.com/@liputan6.sctv/video/7638910407763168533,https://www.tiktok.com/@liputan6.sctv/video/7638910407763168533?commentId=7640283942901695248,scraping_tiktok,joeman961,😂mirip banget ky belanja jmn nya om anis mnjabat yhhh...tp gk bs ksentuh hukum
7640251139070182145,2026-05-15T22:36:53.000Z,0,https://www.tiktok.com/@liputan6.sctv/video/7638910407763168533,https://www.tiktok.com/@liputan6.sctv/video/7638910407763168533?commentId=7640251139070182145,scraping_tiktok,urangjasun1sampae2,tutup saja mbg.ganti dgn sandang pangan papan murah...
7639567205876859664,2026-05-14T02:23:02.000Z,0,https://www.tiktok.com/@liputan6.sctv/video/7638910407763168533,https://www.tiktok.com/@liputan6.sctv/video/7638910407763168533?commentId=7639567205876859664,scraping_tiktok,bundazafran22,"kenapa MBG di setujui ya karna MBG mudah di korupsi dan rakyat mudah di manifulasi, angarannya mudah di manifulasi"
7639566297646842631,2026-05-14T02:24:17.000Z,0,https://www.tiktok.com/@liputan6.sctv/video/7638910407763168533,https://www.tiktok.com/@liputan6.sctv/video/7638910407763168533?commentId=7639566297646842631,scraping_tiktok,dc582162abangkuh,ya emang dimbg PD korupsi semuanya
7639567990480732935,2026-05-14T02:25:45.000Z,0,https://www.tiktok.com/@liputan6.sctv/video/7638910407763168533,https://www.tiktok.com/@liputan6.sctv/video/7638910407763168533?commentId=7639567990480732935,scraping_tiktok,supirpadalarang,Mending tutup lah
7638914561692992277,2026-05-12T08:10:10.000Z,0,https://www.tiktok.com/@liputan6.sctv/video/7638910407763168533,https://www.tiktok.com/@liputan6.sctv/video/7638910407763168533?commentId=7638914561692992277,scraping_tiktok,lipanadol,"semakin uang negara dikorupsi
semakin infrastruktur terhenti 😹"
7640353532580119297,2026-05-16T05:14:30.000Z,0,https://www.tiktok.com/@liputan6.sctv/video/7638910407763168533,https://www.tiktok.com/@liputan6.sctv/video/7638910407763168533?commentId=7640353532580119297,scraping_tiktok,azka8557,kenapa ga di biarkan saja supaya negara smkin hancur dn hutang smkin banyak
7638914511826912021,2026-05-12T08:09:57.000Z,0,https://www.tiktok.com/@liputan6.sctv/video/7638910407763168533,https://www.tiktok.com/@liputan6.sctv/video/7638910407763168533?commentId=7638914511826912021,scraping_tiktok,marulamnadeak,"kenapa GK langsung ditangkap sama KPK,,KLO memang udh ada korupsi,itu kan tugas KPK."
7638912136069186325,2026-05-12T08:00:56.000Z,0,https://www.tiktok.com/@liputan6.sctv/video/7638910407763168533,https://www.tiktok.com/@liputan6.sctv/video/7638910407763168533?commentId=7638912136069186325,scraping_tiktok,ji3ji3show,3 Kg
7639605763124757269,2026-05-14T04:58:07.000Z,0,https://www.tiktok.com/@liputan6.sctv/video/7638910407763168533,https://www.tiktok.com/@liputan6.sctv/video/7638910407763168533?commentId=7639605763124757269,scraping_tiktok,sugi.yatmi88,stop MBG ganti dgn sembako murah aja
7639627178254238471,2026-05-14T06:15:22.000Z,0,https://www.tiktok.com/@liputan6.sctv/video/7638910407763168533,https://www.tiktok.com/@liputan6.sctv/video/7638910407763168533?commentId=7639627178254238471,scraping_tiktok,parjinah1,😳😳😳
7639630023103742737,2026-05-14T06:26:44.000Z,0,https://www.tiktok.com/@liputan6.sctv/video/7638910407763168533,https://www.tiktok.com/@liputan6.sctv/video/7638910407763168533?commentId=7639630023103742737,scraping_tiktok,riri.jamur,hentikan aja mbg ini
7639628018013455125,2026-05-14T06:18:48.000Z,0,https://www.tiktok.com/@liputan6.sctv/video/7638910407763168533,https://www.tiktok.com/@liputan6.sctv/video/7638910407763168533?commentId=7639628018013455125,scraping_tiktok,_putratunggal69,setof mbg kurang efektif bayak cela korusiyh
7639554215464157973,2026-05-14T01:32:35.000Z,0,https://www.tiktok.com/@liputan6.sctv/video/7638910407763168533,https://www.tiktok.com/@liputan6.sctv/video/7638910407763168533?commentId=7639554215464157973,scraping_tiktok,ellynstianingsih,Betul Sekali .Sarang korupsi mbg
7639565756820554503,2026-05-14T02:17:04.000Z,0,https://www.tiktok.com/@liputan6.sctv/video/7638910407763168533,https://www.tiktok.com/@liputan6.sctv/video/7638910407763168533?commentId=7639565756820554503,scraping_tiktok,hart2hart_h2h,"MBG itu tempat orang korupsi yang sudah terstukur, itu korupsi terang²an loh pdhal, anggaran buat BPOM aja anggaran nya kalah sama belaja kaos kaki doang, sekarang BPOM butuh biyaya udh ga ada lagi tuh"
7639565322862035729,2026-05-14T02:15:32.000Z,0,https://www.tiktok.com/@liputan6.sctv/video/7638910407763168533,https://www.tiktok.com/@liputan6.sctv/video/7638910407763168533?commentId=7639565322862035729,scraping_tiktok,difatraza,MBG Parah...
7639564849161126677,2026-05-14T02:13:45.000Z,0,https://www.tiktok.com/@liputan6.sctv/video/7638910407763168533,https://www.tiktok.com/@liputan6.sctv/video/7638910407763168533?commentId=7639564849161126677,scraping_tiktok,fadillah_116,"Udah Cukup pak Stop MBG, Mbg hanya di jdikan sarang korupsi yg mengatas namakan anak bangsa @gerindra"
7639558557238854408,2026-05-14T01:53:43.000Z,0,https://www.tiktok.com/@liputan6.sctv/video/7638910407763168533,https://www.tiktok.com/@liputan6.sctv/video/7638910407763168533?commentId=7639558557238854408,scraping_tiktok,anggaputra134141,pada banyak Derama semua bener tidak ditutup MBG.sama sama mau cari ke untunggan pribadi semua kalaw bener mau ditutup buktikan ..jangan bicara saja
7639556178583044865,2026-05-14T01:40:06.000Z,0,https://www.tiktok.com/@liputan6.sctv/video/7638910407763168533,https://www.tiktok.com/@liputan6.sctv/video/7638910407763168533?commentId=7639556178583044865,scraping_tiktok,tyo_d,udah telat bgtttt sadar kalau ini fulll korup
7639552958435476225,2026-05-14T01:27:34.000Z,0,https://www.tiktok.com/@liputan6.sctv/video/7638910407763168533,https://www.tiktok.com/@liputan6.sctv/video/7638910407763168533?commentId=7639552958435476225,scraping_tiktok,bocahbagus055,"selidiki juga yang bagian pengadaan barang,bukan rahasia umum lagi,banyak yang mainin harga barang dari pedagang nya,🙏"
7639551846118703893,2026-05-14T01:23:25.000Z,0,https://www.tiktok.com/@liputan6.sctv/video/7638910407763168533,https://www.tiktok.com/@liputan6.sctv/video/7638910407763168533?commentId=7639551846118703893,scraping_tiktok,imamsofii379,korupsi berantai kayaknya..😅😅
7639541977184715527,2026-05-14T00:44:50.000Z,0,https://www.tiktok.com/@liputan6.sctv/video/7638910407763168533,https://www.tiktok.com/@liputan6.sctv/video/7638910407763168533?commentId=7639541977184715527,scraping_tiktok,araivibes,Mendingan hasil masakan dapur sendiri lebih bergizi
7639541774785118997,2026-05-14T00:44:27.000Z,0,https://www.tiktok.com/@liputan6.sctv/video/7638910407763168533,https://www.tiktok.com/@liputan6.sctv/video/7638910407763168533?commentId=7639541774785118997,scraping_tiktok,danifardian_,"MBG anggaran Fantastis
sementara anggaran Pendidikan,kesehatan tergerus,
Pemda stop Jamkesda,BPJS PBI ga terbayar karena kena Pemangkasan anggaran Pusat"
7639534376360198920,2026-05-14T00:15:36.000Z,0,https://www.tiktok.com/@liputan6.sctv/video/7638910407763168533,https://www.tiktok.com/@liputan6.sctv/video/7638910407763168533?commentId=7639534376360198920,scraping_tiktok,19825.anakwadon,MBG ga bakalan tutup lho yaaaa 😁😂🤣
7639526977166295829,2026-05-13T23:46:46.000Z,0,https://www.tiktok.com/@liputan6.sctv/video/7638910407763168533,https://www.tiktok.com/@liputan6.sctv/video/7638910407763168533?commentId=7639526977166295829,scraping_tiktok,orhwed,"udah bukan celah lagi anjir, sejak awal emng ini disediakan buat ladang korupsi. kocak banget dah"
7639521962255401746,2026-05-13T23:32:30.000Z,0,https://www.tiktok.com/@liputan6.sctv/video/7638910407763168533,https://www.tiktok.com/@liputan6.sctv/video/7638910407763168533?commentId=7639521962255401746,scraping_tiktok,mogi2809,stop saja
7639594207967462160,2026-05-14T04:15:10.000Z,0,https://www.tiktok.com/@liputan6.sctv/video/7638910407763168533,https://www.tiktok.com/@liputan6.sctv/video/7638910407763168533?commentId=7639594207967462160,scraping_tiktok,sulthan_amir_hasanurdin,sudah jelas mending di stop sajah program MBG gk ada manfaatnya untuk masyarakat
7639607264668877586,2026-05-14T04:58:16.000Z,0,https://www.tiktok.com/@liputan6.sctv/video/7638910407763168533,https://www.tiktok.com/@liputan6.sctv/video/7638910407763168533?commentId=7639607264668877586,scraping_tiktok,meseri.putra,stop dan bubarkan
7639604169754624775,2026-05-14T04:46:11.000Z,0,https://www.tiktok.com/@liputan6.sctv/video/7638910407763168533,https://www.tiktok.com/@liputan6.sctv/video/7638910407763168533?commentId=7639604169754624775,scraping_tiktok,ferryfirdaus825,itu uang pajak buang buang anggaran GI mana ya
7639603998320870151,2026-05-14T04:45:32.000Z,0,https://www.tiktok.com/@liputan6.sctv/video/7638910407763168533,https://www.tiktok.com/@liputan6.sctv/video/7638910407763168533?commentId=7639603998320870151,scraping_tiktok,shaquen27,KETUA MBG SELIDIKI SEMUA.....
7639602409007219474,2026-05-14T04:39:24.000Z,0,https://www.tiktok.com/@liputan6.sctv/video/7638910407763168533,https://www.tiktok.com/@liputan6.sctv/video/7638910407763168533?commentId=7639602409007219474,scraping_tiktok,garudaku70,ndak bakal ditindak formalitas aja😂
7639602313740583687,2026-05-14T04:38:54.000Z,0,https://www.tiktok.com/@liputan6.sctv/video/7638910407763168533,https://www.tiktok.com/@liputan6.sctv/video/7638910407763168533?commentId=7639602313740583687,scraping_tiktok,arianto.rizal,mbg ( MAKAN BAGAJI GRATIS.)
7639601943463953160,2026-05-14T04:37:33.000Z,0,https://www.tiktok.com/@liputan6.sctv/video/7638910407763168533,https://www.tiktok.com/@liputan6.sctv/video/7638910407763168533?commentId=7639601943463953160,scraping_tiktok,retno.wati641,😁
7639600474723795733,2026-05-14T04:32:00.000Z,0,https://www.tiktok.com/@liputan6.sctv/video/7638910407763168533,https://www.tiktok.com/@liputan6.sctv/video/7638910407763168533?commentId=7639600474723795733,scraping_tiktok,.hamer12,KPK hadirlah ...selamatkan NEGERI KITA💪💪💪🇮🇩🇮🇩🇮🇩🇮🇩
7639600392200176385,2026-05-14T04:31:50.000Z,0,https://www.tiktok.com/@liputan6.sctv/video/7638910407763168533,https://www.tiktok.com/@liputan6.sctv/video/7638910407763168533?commentId=7639600392200176385,scraping_tiktok,prima_bf,di mana ada program pasti ada yang bermain
7639598564532716295,2026-05-14T04:24:29.000Z,0,https://www.tiktok.com/@liputan6.sctv/video/7638910407763168533,https://www.tiktok.com/@liputan6.sctv/video/7638910407763168533?commentId=7639598564532716295,scraping_tiktok,rizkyoktavi08,MBG=KORUPSI UGAL-UGAL YANG ADA DI DEPAN MATA
7639672171053482759,2026-05-14T09:10:03.000Z,0,https://www.tiktok.com/@liputan6.sctv/video/7638910407763168533,https://www.tiktok.com/@liputan6.sctv/video/7638910407763168533?commentId=7639672171053482759,scraping_tiktok,jupen.sam,semakin sulit hidup jaman pranowo
7639671280132178695,2026-05-14T09:06:29.000Z,0,https://www.tiktok.com/@liputan6.sctv/video/7638910407763168533,https://www.tiktok.com/@liputan6.sctv/video/7638910407763168533?commentId=7639671280132178695,scraping_tiktok,dedidasuki.asyari,bicara korupsi instansi mana yg aman dr korupsi jadi MBG Itu jgn di jadikan bahan untuk menyerang program MBG
7639671110111658773,2026-05-14T09:05:54.000Z,0,https://www.tiktok.com/@liputan6.sctv/video/7638910407763168533,https://www.tiktok.com/@liputan6.sctv/video/7638910407763168533?commentId=7639671110111658773,scraping_tiktok,nabila_atan,"mbg bikin perekonomian melemah mending lapangan kerja di perbayak bpjs yg non aktip di aktipin sekolah geratis yg gk banyak embel"" itu ini di sklh bhn poko gk begitu terlalu mahal biar seluruh rakyat itu hidup nya makmur 🙏🏻"
7639670649981027092,2026-05-14T09:04:21.000Z,0,https://www.tiktok.com/@liputan6.sctv/video/7638910407763168533,https://www.tiktok.com/@liputan6.sctv/video/7638910407763168533?commentId=7639670649981027092,scraping_tiktok,risdianto0910,Anak sekolah dijadikan alat buat proyek raksasa
7639663523416933128,2026-05-14T08:36:26.000Z,0,https://www.tiktok.com/@liputan6.sctv/video/7638910407763168533,https://www.tiktok.com/@liputan6.sctv/video/7638910407763168533?commentId=7639663523416933128,scraping_tiktok,west.life365,"udah rahasia umum dari awal adanya MBG, yang dibicarakan keuntungan korupsi gue tau sendiri"
7639661446075319061,2026-05-14T08:33:33.000Z,0,https://www.tiktok.com/@liputan6.sctv/video/7638910407763168533,https://www.tiktok.com/@liputan6.sctv/video/7638910407763168533?commentId=7639661446075319061,scraping_tiktok,sugionosugiono499,"MULAI PEMBANGUNAN,BELANJA SEMUANYA WES.. A1 PASTI ITU...USUT"
7639661780865041169,2026-05-14T08:30:14.000Z,0,https://www.tiktok.com/@liputan6.sctv/video/7638910407763168533,https://www.tiktok.com/@liputan6.sctv/video/7638910407763168533?commentId=7639661780865041169,scraping_tiktok,djavaboutique7,"ini sekelas presiden baru mikirrrr setelah program berjalan selama ini,,,???hadeuuhhhh....pingsan to selama ini...kocak...kocak"
7639651163986592519,2026-05-14T07:48:28.000Z,0,https://www.tiktok.com/@liputan6.sctv/video/7638910407763168533,https://www.tiktok.com/@liputan6.sctv/video/7638910407763168533?commentId=7639651163986592519,scraping_tiktok,kacong.madura04,kalau benar benar di audit gak bakalan muat lapas menampung koruptor
7639650563958178578,2026-05-14T07:46:12.000Z,0,https://www.tiktok.com/@liputan6.sctv/video/7638910407763168533,https://www.tiktok.com/@liputan6.sctv/video/7638910407763168533?commentId=7639650563958178578,scraping_tiktok,assofandiragil,"kasus chromebook aja menjadi masalah, kalau mbg gak dikawal ketat bisa jadi potensi masalah serupa (klo serius di selidiki)"
7638943992449745672,2026-05-12T10:04:18.000Z,0,https://www.tiktok.com/@liputan6.sctv/video/7638910407763168533,https://www.tiktok.com/@liputan6.sctv/video/7638910407763168533?commentId=7638943992449745672,scraping_tiktok,harjapawira_syd,hanya sandiwara
7639647844228793095,2026-05-14T07:40:48.000Z,0,https://www.tiktok.com/@liputan6.sctv/video/7638910407763168533,https://www.tiktok.com/@liputan6.sctv/video/7638910407763168533?commentId=7639647844228793095,scraping_tiktok,rikirina12,"klau mbg jadi kesempatan koropsi ,maka lebih baik tutup aja mbg"
7639648864064832277,2026-05-14T07:39:42.000Z,0,https://www.tiktok.com/@liputan6.sctv/video/7638910407763168533,https://www.tiktok.com/@liputan6.sctv/video/7638910407763168533?commentId=7639648864064832277,scraping_tiktok,watini194,Stop MBG Cukup Sembako Murah BBM Murah Pajek Turun Damai Indonesia Rakyat Sejahtera 🙏
7639636029189178132,2026-05-14T06:50:03.000Z,0,https://www.tiktok.com/@liputan6.sctv/video/7638910407763168533,https://www.tiktok.com/@liputan6.sctv/video/7638910407763168533?commentId=7639636029189178132,scraping_tiktok,iluxku,stop mbg☝️☝️☝️☝️
7639630079894553364,2026-05-14T06:30:10.000Z,0,https://www.tiktok.com/@liputan6.sctv/video/7638910407763168533,https://www.tiktok.com/@liputan6.sctv/video/7638910407763168533?commentId=7639630079894553364,scraping_tiktok,cyellaarra12_,"ke wajiban negara itu sejahtrakan rayat sembako murah lapangan kerja banyak Tampa sarat rumah sakit geratis sekola kuliyah geratis itu yg Poko utama negara jalnkan untuk rayat bukan program yg masih bisa di korupsi,"
7640230799829517063,2026-05-15T21:24:43.000Z,0,https://www.tiktok.com/@liputan6.sctv/video/7638910407763168533,https://www.tiktok.com/@liputan6.sctv/video/7638910407763168533?commentId=7640230799829517063,scraping_tiktok,abdchannel621,"tetap sj ga bakal bs egkap korupsi krn saling bersangkutan satu sm lain,,kecuai KPK ganti dgn Abraham samad ,sm Novel Baswedan isya Allah ,"
7640227535905997588,2026-05-15T21:05:28.000Z,0,https://www.tiktok.com/@liputan6.sctv/video/7638910407763168533,https://www.tiktok.com/@liputan6.sctv/video/7638910407763168533?commentId=7640227535905997588,scraping_tiktok,faozanahamad,"Wowo cocoknya sekelas pemda aja deh, untuk nasional belum banget apalagi ini negara gede😌"
7639742791078675207,2026-05-14T13:44:04.000Z,0,https://www.tiktok.com/@liputan6.sctv/video/7638910407763168533,https://www.tiktok.com/@liputan6.sctv/video/7638910407763168533?commentId=7639742791078675207,scraping_tiktok,bakul.ambe,ptrkethek
7639733311732695829,2026-05-14T13:07:22.000Z,0,https://www.tiktok.com/@liputan6.sctv/video/7638910407763168533,https://www.tiktok.com/@liputan6.sctv/video/7638910407763168533?commentId=7639733311732695829,scraping_tiktok,maas_aam,di desa desa aja banyak korup mbg nya masak tahu sama telor
7639733142001615637,2026-05-14T13:06:40.000Z,0,https://www.tiktok.com/@liputan6.sctv/video/7638910407763168533,https://www.tiktok.com/@liputan6.sctv/video/7638910407763168533?commentId=7639733142001615637,scraping_tiktok,rayenjr_09,kata masyarakat mbg menjadi ajang bisnis
7639732164447961877,2026-05-14T13:02:51.000Z,0,https://www.tiktok.com/@liputan6.sctv/video/7638910407763168533,https://www.tiktok.com/@liputan6.sctv/video/7638910407763168533?commentId=7639732164447961877,scraping_tiktok,agendosa.113,iya smpek bantuan PKH gak cair2
7639731429504910098,2026-05-14T12:59:54.000Z,0,https://www.tiktok.com/@liputan6.sctv/video/7638910407763168533,https://www.tiktok.com/@liputan6.sctv/video/7638910407763168533?commentId=7639731429504910098,scraping_tiktok,rahmahnoorse,"knapa harus korup gak sihh padahal sudah ada gaji masing2😬
serakus ituhh kahh
katanya MBG Banyak manfaatnya tapi malah bikin penyakit tambah lagi korupnyaa hmm parahhh"
7639792965997511432,2026-05-14T16:58:44.000Z,0,https://www.tiktok.com/@liputan6.sctv/video/7638910407763168533,https://www.tiktok.com/@liputan6.sctv/video/7638910407763168533?commentId=7639792965997511432,scraping_tiktok,pinkyboy.com1,liat aja deh.klau MBG bner2 d tuutp smua sembako normal..krna gak ada ceritanya rebutan stok brg untk jual ke MBG . 😏
7639787153819484944,2026-05-14T16:36:07.000Z,0,https://www.tiktok.com/@liputan6.sctv/video/7638910407763168533,https://www.tiktok.com/@liputan6.sctv/video/7638910407763168533?commentId=7639787153819484944,scraping_tiktok,jajangmulyaman,"Dalam setiap hari Siswa banyak yang tidak masuk sekolah karena Sakit, izin, bolos tapi Makanan tetap dikirim ke sekolah, sehingga Tidak ada yang makan akhirnya mubazir anggaran ini perlu di evaluasi"
7639786593066943252,2026-05-14T16:34:06.000Z,0,https://www.tiktok.com/@liputan6.sctv/video/7638910407763168533,https://www.tiktok.com/@liputan6.sctv/video/7638910407763168533?commentId=7639786593066943252,scraping_tiktok,seiber85,stop MBG.... itu ladang korupsi
7639784556505465616,2026-05-14T16:26:13.000Z,0,https://www.tiktok.com/@liputan6.sctv/video/7638910407763168533,https://www.tiktok.com/@liputan6.sctv/video/7638910407763168533?commentId=7639784556505465616,scraping_tiktok,ammysukaspill,"Mbg hanya menguntungkan pengusaha2 sppgnya saja, kebetulan kawannku buka sppg juga🤣jadi saya tau😁tp saya tidak mau ditawarkan kerja di sppg🙏🏻banyak gak benernya laa tuu program mbg"
7639774143408096018,2026-05-14T15:45:41.000Z,0,https://www.tiktok.com/@liputan6.sctv/video/7638910407763168533,https://www.tiktok.com/@liputan6.sctv/video/7638910407763168533?commentId=7639774143408096018,scraping_tiktok,lakbanbening321,"koruptor itu dari pegawai bawahan sampai atasan
banyak koruptor pak
jangan atasan dan pejabat aja
termasuk bawahan"
7639728691450299157,2026-05-14T12:49:23.000Z,0,https://www.tiktok.com/@liputan6.sctv/video/7638910407763168533,https://www.tiktok.com/@liputan6.sctv/video/7638910407763168533?commentId=7639728691450299157,scraping_tiktok,tegel.rawit.02,mbg bubar ngurangi koropsi.di indonesia
7639770634437214997,2026-05-14T15:32:14.000Z,0,https://www.tiktok.com/@liputan6.sctv/video/7638910407763168533,https://www.tiktok.com/@liputan6.sctv/video/7638910407763168533?commentId=7639770634437214997,scraping_tiktok,kusnankusnan160,itu sudah nyata.... koroptor kenyang.
7639768957474013973,2026-05-14T15:25:37.000Z,0,https://www.tiktok.com/@liputan6.sctv/video/7638910407763168533,https://www.tiktok.com/@liputan6.sctv/video/7638910407763168533?commentId=7639768957474013973,scraping_tiktok,kafana313,apa tidak ancur Negara ini kalo begitu..?
7639766703292891912,2026-05-14T15:16:48.000Z,0,https://www.tiktok.com/@liputan6.sctv/video/7638910407763168533,https://www.tiktok.com/@liputan6.sctv/video/7638910407763168533?commentId=7639766703292891912,scraping_tiktok,nath.yoe,"Coba cek, tuuh tuuhhh keliatan kok"
7639691335403307777,2026-05-14T10:24:26.000Z,0,https://www.tiktok.com/@liputan6.sctv/video/7638910407763168533,https://www.tiktok.com/@liputan6.sctv/video/7638910407763168533?commentId=7639691335403307777,scraping_tiktok,ariantoeeff,DPR ap gk turun tangan
7639691201407517458,2026-05-14T10:23:54.000Z,0,https://www.tiktok.com/@liputan6.sctv/video/7638910407763168533,https://www.tiktok.com/@liputan6.sctv/video/7638910407763168533?commentId=7639691201407517458,scraping_tiktok,mefabeee_,"bukan celah korupsi lagi, TAPI MEMANG TEMPAT KORUPSI YANG TERANG-TERANGAN😌"
7639686464025264912,2026-05-14T10:05:32.000Z,0,https://www.tiktok.com/@liputan6.sctv/video/7638910407763168533,https://www.tiktok.com/@liputan6.sctv/video/7638910407763168533?commentId=7639686464025264912,scraping_tiktok,bocahtengil6367,ah ini cuma gertakan 🤣🤣
7639683964487631623,2026-05-14T09:55:45.000Z,0,https://www.tiktok.com/@liputan6.sctv/video/7638910407763168533,https://www.tiktok.com/@liputan6.sctv/video/7638910407763168533?commentId=7639683964487631623,scraping_tiktok,nailabarkatika,STOP MBG!!!!!
7639683211899126549,2026-05-14T09:52:53.000Z,0,https://www.tiktok.com/@liputan6.sctv/video/7638910407763168533,https://www.tiktok.com/@liputan6.sctv/video/7638910407763168533?commentId=7639683211899126549,scraping_tiktok,kian04347,disppgnya aja banyak celah... kenceng itu
7639678902416278288,2026-05-14T09:36:30.000Z,0,https://www.tiktok.com/@liputan6.sctv/video/7638910407763168533,https://www.tiktok.com/@liputan6.sctv/video/7638910407763168533?commentId=7639678902416278288,scraping_tiktok,heruramdani110489,tutup atuh DA teu Aya mangfaatna kanggo budak mah
7639727847427654418,2026-05-14T12:46:08.000Z,0,https://www.tiktok.com/@liputan6.sctv/video/7638910407763168533,https://www.tiktok.com/@liputan6.sctv/video/7638910407763168533?commentId=7639727847427654418,scraping_tiktok,selamet.bintoro.s,"mendingan sekolah gratisss
sama sembako BBM murah"
7639725140201079570,2026-05-14T12:35:31.000Z,0,https://www.tiktok.com/@liputan6.sctv/video/7638910407763168533,https://www.tiktok.com/@liputan6.sctv/video/7638910407763168533?commentId=7639725140201079570,scraping_tiktok,user7105917908518,"yg jls proyek mbg udh berkembang kemna2, jd bagi2 uang"
7639723249720394503,2026-05-14T12:32:13.000Z,0,https://www.tiktok.com/@liputan6.sctv/video/7638910407763168533,https://www.tiktok.com/@liputan6.sctv/video/7638910407763168533?commentId=7639723249720394503,scraping_tiktok,gimantomanto949,memang mbg itu cuma buat ladang korupsi
7639723838268244756,2026-05-14T12:30:36.000Z,0,https://www.tiktok.com/@liputan6.sctv/video/7638910407763168533,https://www.tiktok.com/@liputan6.sctv/video/7638910407763168533?commentId=7639723838268244756,scraping_tiktok,santirusanti670,baguuuussss lah tutup saja👍👍👍👍👍
7639722880146260756,2026-05-14T12:26:53.000Z,0,https://www.tiktok.com/@liputan6.sctv/video/7638910407763168533,https://www.tiktok.com/@liputan6.sctv/video/7638910407763168533?commentId=7639722880146260756,scraping_tiktok,orangberuntung28,gila sih sakit hati demi mbg semua gaji Asn egk naik.. honorer egk diangkat lebih besar gaji pegawai mbg daripada honor
7638925991746093845,2026-05-12T08:54:29.000Z,0,https://www.tiktok.com/@liputan6.sctv/video/7638910407763168533,https://www.tiktok.com/@liputan6.sctv/video/7638910407763168533?commentId=7638925991746093845,scraping_tiktok,pedulilindungi32,"terlalu banyak korupsinya ini 😂
Anggaran ga masuk akal"
7638917812790575888,2026-05-12T08:22:41.000Z,0,https://www.tiktok.com/@liputan6.sctv/video/7638910407763168533,https://www.tiktok.com/@liputan6.sctv/video/7638910407763168533?commentId=7638917812790575888,scraping_tiktok,eren305_,[Sticker] 
7639676160774800149,2026-05-14T09:25:30.000Z,0,https://www.tiktok.com/@liputan6.sctv/video/7638910407763168533,https://www.tiktok.com/@liputan6.sctv/video/7638910407763168533?commentId=7639676160774800149,scraping_tiktok,.doddy.99,"@Prabowo korupsi SDH rata,.. di kecamatan waru ,anak saya SD saja tidak pernah dpt mbg, apalagi aparatur MBG pasti ada celah korupsi"
7639000915727287061,2026-05-12T13:45:18.000Z,0,https://www.tiktok.com/@liputan6.sctv/video/7638910407763168533,https://www.tiktok.com/@liputan6.sctv/video/7638910407763168533?commentId=7639000915727287061,scraping_tiktok,satu1tujuan1,kaos kaki 100k lebih? ????
7638998743039394581,2026-05-12T13:36:46.000Z,0,https://www.tiktok.com/@liputan6.sctv/video/7638910407763168533,https://www.tiktok.com/@liputan6.sctv/video/7638910407763168533?commentId=7638998743039394581,scraping_tiktok,diens.alex.yudien,pa Dudung geura tegas usut
7638998822639878932,2026-05-12T13:37:12.000Z,0,https://www.tiktok.com/@liputan6.sctv/video/7638910407763168533,https://www.tiktok.com/@liputan6.sctv/video/7638910407763168533?commentId=7638998822639878932,scraping_tiktok,dekriatiyulistiani,"justru yg di suruh yg korupsi,,,edan kan"
7638998864662921991,2026-05-12T13:37:14.000Z,0,https://www.tiktok.com/@liputan6.sctv/video/7638910407763168533,https://www.tiktok.com/@liputan6.sctv/video/7638910407763168533?commentId=7638998864662921991,scraping_tiktok,y6ugue,saya dukung pak prabowo
7638998849579500308,2026-05-12T13:37:19.000Z,0,https://www.tiktok.com/@liputan6.sctv/video/7638910407763168533,https://www.tiktok.com/@liputan6.sctv/video/7638910407763168533?commentId=7638998849579500308,scraping_tiktok,rodiah_diah7,"Tdi siang jam 12 anak saya plang skolah lngsung laporan sama saya gini ""mmh MBG nya pada gak di makan sama ibu guru jga di suruh jngan di mkan soalnya MBG nya bau bgt mah sampe mual aku jga cium bau nya, udh basi semua trus pisang jga udh busuk mah""
ya allah sayang bgt mkanan jdi mubazir kllo udh kya gtu kan jdi di buang tuh mkanan."
7638999020660802312,2026-05-12T13:37:48.000Z,0,https://www.tiktok.com/@liputan6.sctv/video/7638910407763168533,https://www.tiktok.com/@liputan6.sctv/video/7638910407763168533?commentId=7638999020660802312,scraping_tiktok,ali_rahmad,bner bnget titik korupsi jual beli di SPPG.. usut tuntas biar MBG jadi bermakna untuk semua.
7638941449581265665,2026-05-12T09:54:49.000Z,0,https://www.tiktok.com/@liputan6.sctv/video/7638910407763168533,https://www.tiktok.com/@liputan6.sctv/video/7638910407763168533?commentId=7638941449581265665,scraping_tiktok,averroesyd_,salah satu tujuan mbg
7638940742954287880,2026-05-12T09:51:40.000Z,0,https://www.tiktok.com/@liputan6.sctv/video/7638910407763168533,https://www.tiktok.com/@liputan6.sctv/video/7638910407763168533?commentId=7638940742954287880,scraping_tiktok,riki_alpiandi,baru sadar.
7639000061376774928,2026-05-12T13:41:54.000Z,0,https://www.tiktok.com/@liputan6.sctv/video/7638910407763168533,https://www.tiktok.com/@liputan6.sctv/video/7638910407763168533?commentId=7639000061376774928,scraping_tiktok,ary_ananda_noval,Bgeri ngeri
7639000194542404370,2026-05-12T13:42:28.000Z,0,https://www.tiktok.com/@liputan6.sctv/video/7638910407763168533,https://www.tiktok.com/@liputan6.sctv/video/7638910407763168533?commentId=7639000194542404370,scraping_tiktok,kholis.gala,korupsi buat beli motor Aprilia ..
7639000270944846600,2026-05-12T13:42:40.000Z,0,https://www.tiktok.com/@liputan6.sctv/video/7638910407763168533,https://www.tiktok.com/@liputan6.sctv/video/7638910407763168533?commentId=7639000270944846600,scraping_tiktok,greggg234,PEMILIK DAPUR UNTUNG 6 JUTA SEHARI BELUM KEUNTUNGAN DARI BAHAN² MBG Lain
7639000433188930325,2026-05-12T13:43:22.000Z,0,https://www.tiktok.com/@liputan6.sctv/video/7638910407763168533,https://www.tiktok.com/@liputan6.sctv/video/7638910407763168533?commentId=7639000433188930325,scraping_tiktok,ujaymembaca,mau ada celah korupsi ge tetap aja ngga akan dihilangkan tuh MBG
7639000716883231495,2026-05-12T13:44:25.000Z,0,https://www.tiktok.com/@liputan6.sctv/video/7638910407763168533,https://www.tiktok.com/@liputan6.sctv/video/7638910407763168533?commentId=7639000716883231495,scraping_tiktok,heru.susanto382,banyak celah korupsinya
7639000892172157703,2026-05-12T13:45:07.000Z,0,https://www.tiktok.com/@liputan6.sctv/video/7638910407763168533,https://www.tiktok.com/@liputan6.sctv/video/7638910407763168533?commentId=7639000892172157703,scraping_tiktok,tokoweb.id,hidup mbg😁
7638998749138092818,2026-05-12T13:36:43.000Z,0,https://www.tiktok.com/@liputan6.sctv/video/7638910407763168533,https://www.tiktok.com/@liputan6.sctv/video/7638910407763168533?commentId=7638998749138092818,scraping_tiktok,ransyh1,tutup mbg. pajak turunin
7638940483833971472,2026-05-12T09:51:03.000Z,0,https://www.tiktok.com/@liputan6.sctv/video/7638910407763168533,https://www.tiktok.com/@liputan6.sctv/video/7638910407763168533?commentId=7638940483833971472,scraping_tiktok,afredo_kya,5 tahun gak kebayang habis duit nya berapa dan yg di korupsi berapa bnyak nyaa gak kebayang 🥺🥺🥺
7639001352101970695,2026-05-12T13:46:48.000Z,0,https://www.tiktok.com/@liputan6.sctv/video/7638910407763168533,https://www.tiktok.com/@liputan6.sctv/video/7638910407763168533?commentId=7639001352101970695,scraping_tiktok,bungsu8393,kpk udah bubar yaa? kok gapernah deger sekarang
7639001438836163348,2026-05-12T13:47:14.000Z,0,https://www.tiktok.com/@liputan6.sctv/video/7638910407763168533,https://www.tiktok.com/@liputan6.sctv/video/7638910407763168533?commentId=7639001438836163348,scraping_tiktok,yusupsupandi292,😳😳😳
7639001395702268690,2026-05-12T13:48:01.000Z,0,https://www.tiktok.com/@liputan6.sctv/video/7638910407763168533,https://www.tiktok.com/@liputan6.sctv/video/7638910407763168533?commentId=7639001395702268690,scraping_tiktok,dwi.jogja36,kalo celah korupsi itu dah pasti
7639001742990705416,2026-05-12T13:48:24.000Z,0,https://www.tiktok.com/@liputan6.sctv/video/7638910407763168533,https://www.tiktok.com/@liputan6.sctv/video/7638910407763168533?commentId=7639001742990705416,scraping_tiktok,jarno.ae_2,korupsi secara terang2an 😂😂😂
7639001788063613717,2026-05-12T13:48:42.000Z,0,https://www.tiktok.com/@liputan6.sctv/video/7638910407763168533,https://www.tiktok.com/@liputan6.sctv/video/7638910407763168533?commentId=7639001788063613717,scraping_tiktok,aiostoreid,BGN noh udah jelas2 gk jlas
7639002148391355154,2026-05-12T13:50:02.000Z,0,https://www.tiktok.com/@liputan6.sctv/video/7638910407763168533,https://www.tiktok.com/@liputan6.sctv/video/7638910407763168533?commentId=7639002148391355154,scraping_tiktok,rsahijabbandung,Sudah jelas pa kemana aja kemaren pa 😏
7639002187318444808,2026-05-12T13:50:05.000Z,0,https://www.tiktok.com/@liputan6.sctv/video/7638910407763168533,https://www.tiktok.com/@liputan6.sctv/video/7638910407763168533?commentId=7639002187318444808,scraping_tiktok,farming.success,"sudah lama mbg itu ajang korupsi mutlak, terang²an.tetapi penegak hukum membutakan mata, dan menutup telinga. mentang² program presiden kepala bgn bisa berbuat sesuka hatinya."
7639002193563697927,2026-05-12T13:50:08.000Z,0,https://www.tiktok.com/@liputan6.sctv/video/7638910407763168533,https://www.tiktok.com/@liputan6.sctv/video/7638910407763168533?commentId=7639002193563697927,scraping_tiktok,wanz0800,prabowo di kibulin bawahan 🤣🤣🤣🤣🤣
7639002216607974152,2026-05-12T13:50:17.000Z,0,https://www.tiktok.com/@liputan6.sctv/video/7638910407763168533,https://www.tiktok.com/@liputan6.sctv/video/7638910407763168533?commentId=7639002216607974152,scraping_tiktok,royqiodza_999,DO'AKAN STOP MBG SEKARANG YA BU
7639002311330693895,2026-05-12T13:50:36.000Z,0,https://www.tiktok.com/@liputan6.sctv/video/7638910407763168533,https://www.tiktok.com/@liputan6.sctv/video/7638910407763168533?commentId=7639002311330693895,scraping_tiktok,vario20185,"ko pa owo baru sadar pa .. mau di bidang apapun celah korupsi pasti ada pa,salah satu nya MBG"
7638940085837284114,2026-05-12T09:49:11.000Z,0,https://www.tiktok.com/@liputan6.sctv/video/7638910407763168533,https://www.tiktok.com/@liputan6.sctv/video/7638910407763168533?commentId=7638940085837284114,scraping_tiktok,vyzih18,"uda jelas celah korupsi.
padahal banyak anggaran untuk itu, kenapa menurunkan atau menstabilkan harga sembako gak bisa. 😏😏😏"
7638996191942312711,2026-05-12T13:26:52.000Z,0,https://www.tiktok.com/@liputan6.sctv/video/7638910407763168533,https://www.tiktok.com/@liputan6.sctv/video/7638910407763168533?commentId=7638996191942312711,scraping_tiktok,ndut0497,gaa bakalan bisaaa kenaa orang bakingan nya langsung pusat😅🤣
7638992577945682708,2026-05-12T13:15:43.000Z,0,https://www.tiktok.com/@liputan6.sctv/video/7638910407763168533,https://www.tiktok.com/@liputan6.sctv/video/7638910407763168533?commentId=7638992577945682708,scraping_tiktok,dery.daswara,Soal nya itu ladang koruptor🤣
7638993589632434951,2026-05-12T13:16:45.000Z,0,https://www.tiktok.com/@liputan6.sctv/video/7638910407763168533,https://www.tiktok.com/@liputan6.sctv/video/7638910407763168533?commentId=7638993589632434951,scraping_tiktok,jgdkyd694694,Negara mengukir sejarah presiden terbaik Indonesia adalah bapak Suharto dan bapak Susilo Bambang Yudoyono. Kedua Presiden sangat memperhatikan rakyat kecil. Semoga bapak Suharto masuk surga dan bapak SBY diparengi sehat barokah umur. 👍
7638993702559843079,2026-05-12T13:17:09.000Z,0,https://www.tiktok.com/@liputan6.sctv/video/7638910407763168533,https://www.tiktok.com/@liputan6.sctv/video/7638910407763168533?commentId=7638993702559843079,scraping_tiktok,irulbolank22,pokoknya STOP mbg....
7638993779664454407,2026-05-12T13:17:29.000Z,0,https://www.tiktok.com/@liputan6.sctv/video/7638910407763168533,https://www.tiktok.com/@liputan6.sctv/video/7638910407763168533?commentId=7638993779664454407,scraping_tiktok,nurkhasanah0_,stop mbg
7638993874052956946,2026-05-12T13:17:53.000Z,0,https://www.tiktok.com/@liputan6.sctv/video/7638910407763168533,https://www.tiktok.com/@liputan6.sctv/video/7638910407763168533?commentId=7638993874052956946,scraping_tiktok,endang.kurniawati69,Naah itu mantaap harus. KPK yang ngawasiin jangan asal asalan mantaap
7638994067854836496,2026-05-12T13:18:38.000Z,0,https://www.tiktok.com/@liputan6.sctv/video/7638910407763168533,https://www.tiktok.com/@liputan6.sctv/video/7638910407763168533?commentId=7638994067854836496,scraping_tiktok,dalanmancing,banyak drama padahal semua orang juga tau🤣🤣
7638994246205686529,2026-05-12T13:19:23.000Z,0,https://www.tiktok.com/@liputan6.sctv/video/7638910407763168533,https://www.tiktok.com/@liputan6.sctv/video/7638910407763168533?commentId=7638994246205686529,scraping_tiktok,idshoes22,"@gerindra @Purbaya Yudhi Sadewa @SIDAK BGN @Nanik S Deyang
kalo gak korup ya naikin pajak"
7638994536047969031,2026-05-12T13:20:24.000Z,0,https://www.tiktok.com/@liputan6.sctv/video/7638910407763168533,https://www.tiktok.com/@liputan6.sctv/video/7638910407763168533?commentId=7638994536047969031,scraping_tiktok,hai.rustam,[Sticker] 
7638994553312527111,2026-05-12T13:20:33.000Z,0,https://www.tiktok.com/@liputan6.sctv/video/7638910407763168533,https://www.tiktok.com/@liputan6.sctv/video/7638910407763168533?commentId=7638994553312527111,scraping_tiktok,mugiwaranoluffy308,😭kok bisa baru sadar?? @gerindra
7638994719021679380,2026-05-12T13:21:18.000Z,0,https://www.tiktok.com/@liputan6.sctv/video/7638910407763168533,https://www.tiktok.com/@liputan6.sctv/video/7638910407763168533?commentId=7638994719021679380,scraping_tiktok,0petanimuda_,kalian ngerasa gak sih sekarang harga kebutuhan pokok tambah mahal
7638995071900025616,2026-05-12T13:22:31.000Z,0,https://www.tiktok.com/@liputan6.sctv/video/7638910407763168533,https://www.tiktok.com/@liputan6.sctv/video/7638910407763168533?commentId=7638995071900025616,scraping_tiktok,doni.winarno0,👍👍👍
7638994485825766165,2026-05-12T13:24:20.000Z,0,https://www.tiktok.com/@liputan6.sctv/video/7638910407763168533,https://www.tiktok.com/@liputan6.sctv/video/7638910407763168533?commentId=7638994485825766165,scraping_tiktok,yatim_piyatu15kulo,rumah biasa aja d buat MBG.. 😂😂
7638995885355631368,2026-05-12T13:25:43.000Z,0,https://www.tiktok.com/@liputan6.sctv/video/7638910407763168533,https://www.tiktok.com/@liputan6.sctv/video/7638910407763168533?commentId=7638995885355631368,scraping_tiktok,nisanes95,"Iya pak tindak lanjuti saja, bukan saya gk suka program nya , tapi SDM di dalamnya seenaknya sendiri, bahkan ka sppg di tempat saya ada yg menjual sisa bahan baku yang ada tanpa adanya pencatatan dan entah lari kemana uangnya.."
7639003365267817223,2026-05-12T13:54:41.000Z,0,https://www.tiktok.com/@liputan6.sctv/video/7638910407763168533,https://www.tiktok.com/@liputan6.sctv/video/7638910407763168533?commentId=7639003365267817223,scraping_tiktok,tarjofrayoghi,"wowo bisa ngurus negara gak sih, makin sini ekonomi makin hancur, pejabatnya banyak yg mark up anggaran tapi di biarkan saja.🤦🤦"
7638941735784383253,2026-05-12T09:55:41.000Z,0,https://www.tiktok.com/@liputan6.sctv/video/7638910407763168533,https://www.tiktok.com/@liputan6.sctv/video/7638910407763168533?commentId=7638941735784383253,scraping_tiktok,nur.aeni0886,usut sampe tuntas
7638996375149986581,2026-05-12T13:27:41.000Z,0,https://www.tiktok.com/@liputan6.sctv/video/7638910407763168533,https://www.tiktok.com/@liputan6.sctv/video/7638910407763168533?commentId=7638996375149986581,scraping_tiktok,scorpionboybest,HAPUSKAN SPPG
7638996424806269717,2026-05-12T13:27:54.000Z,0,https://www.tiktok.com/@liputan6.sctv/video/7638910407763168533,https://www.tiktok.com/@liputan6.sctv/video/7638910407763168533?commentId=7638996424806269717,scraping_tiktok,chenaudi,OMON OMON
7638996546520384276,2026-05-12T13:28:15.000Z,0,https://www.tiktok.com/@liputan6.sctv/video/7638910407763168533,https://www.tiktok.com/@liputan6.sctv/video/7638910407763168533?commentId=7638996546520384276,scraping_tiktok,aboykelana99,tutup MBG itu
7638996761617023762,2026-05-12T13:29:04.000Z,0,https://www.tiktok.com/@liputan6.sctv/video/7638910407763168533,https://www.tiktok.com/@liputan6.sctv/video/7638910407763168533?commentId=7638996761617023762,scraping_tiktok,sermuuur,mbg ganti duit aja 10k juga GPP kok
7638997473965753108,2026-05-12T13:32:00.000Z,0,https://www.tiktok.com/@liputan6.sctv/video/7638910407763168533,https://www.tiktok.com/@liputan6.sctv/video/7638910407763168533?commentId=7638997473965753108,scraping_tiktok,rianatik8,adanya MBG menjadi ladang korupsi
7638997667599074069,2026-05-12T13:32:37.000Z,0,https://www.tiktok.com/@liputan6.sctv/video/7638910407763168533,https://www.tiktok.com/@liputan6.sctv/video/7638910407763168533?commentId=7638997667599074069,scraping_tiktok,doble.delta.delta,aah sudah di bilang ladang korupsi masih aja di pelihara mentrinya
7638997852257485586,2026-05-12T13:33:14.000Z,0,https://www.tiktok.com/@liputan6.sctv/video/7638910407763168533,https://www.tiktok.com/@liputan6.sctv/video/7638910407763168533?commentId=7638997852257485586,scraping_tiktok,sablenggaming339,"presiden nya aja gagal,programnya juga amburadul"
7638998085079696149,2026-05-12T13:34:20.000Z,0,https://www.tiktok.com/@liputan6.sctv/video/7638910407763168533,https://www.tiktok.com/@liputan6.sctv/video/7638910407763168533?commentId=7638998085079696149,scraping_tiktok,lailirahma66,stop mbg ganti sembakau murah yng di butuh kan rakyat lapangan krja
7638997100605424404,2026-05-12T13:34:33.000Z,0,https://www.tiktok.com/@liputan6.sctv/video/7638910407763168533,https://www.tiktok.com/@liputan6.sctv/video/7638910407763168533?commentId=7638997100605424404,scraping_tiktok,user7790794237468,tutup aja MBG.ganti pendidikan gratis sampe kuliah dan kesehatan gratis.....
7638941685179925268,2026-05-12T09:55:30.000Z,0,https://www.tiktok.com/@liputan6.sctv/video/7638910407763168533,https://www.tiktok.com/@liputan6.sctv/video/7638910407763168533?commentId=7638941685179925268,scraping_tiktok,muhammad.arsad062,sungguh bagus ni MBG harus terus kita lanjut namun kita selalu jaga peroses nya. slm dari Kuala Tungkal sehat selalu bpk Prabowo dan gibran
7638997454705492744,2026-05-12T13:36:03.000Z,0,https://www.tiktok.com/@liputan6.sctv/video/7638910407763168533,https://www.tiktok.com/@liputan6.sctv/video/7638910407763168533?commentId=7638997454705492744,scraping_tiktok,zuhri.rbk,MBG makanan siluman
7638936423610434311,2026-05-12T09:34:58.000Z,0,https://www.tiktok.com/@liputan6.sctv/video/7638910407763168533,https://www.tiktok.com/@liputan6.sctv/video/7638910407763168533?commentId=7638936423610434311,scraping_tiktok,iminkacau4,jelas di koropsi
7639008502997254933,2026-05-12T14:19:52.000Z,0,https://www.tiktok.com/@liputan6.sctv/video/7638910407763168533,https://www.tiktok.com/@liputan6.sctv/video/7638910407763168533?commentId=7639008502997254933,scraping_tiktok,kamaludin80469,"presiden ama jajaran pejabat samanya,,
DPR n KPK manah nihhh????"
7638937940152501008,2026-05-12T09:41:06.000Z,0,https://www.tiktok.com/@liputan6.sctv/video/7638910407763168533,https://www.tiktok.com/@liputan6.sctv/video/7638910407763168533?commentId=7638937940152501008,scraping_tiktok,acong24545567888,priksa aja gitu aja ko repot..✌
7639010307751281429,2026-05-12T14:21:47.000Z,0,https://www.tiktok.com/@liputan6.sctv/video/7638910407763168533,https://www.tiktok.com/@liputan6.sctv/video/7638910407763168533?commentId=7639010307751281429,scraping_tiktok,varrsaaddd,"gini yaa gua kasih tauu "" INTI nya ituu pemerintahan mau dari segi apapun ituu lagi pada ngurusiin dapurnyaa sendiri(memperkaya diri sendiri)."
7638937679640970004,2026-05-12T09:40:01.000Z,0,https://www.tiktok.com/@liputan6.sctv/video/7638910407763168533,https://www.tiktok.com/@liputan6.sctv/video/7638910407763168533?commentId=7638937679640970004,scraping_tiktok,mamamelati_halu,semangatt pak Prabowo
7638937732571513607,2026-05-12T09:39:55.000Z,0,https://www.tiktok.com/@liputan6.sctv/video/7638910407763168533,https://www.tiktok.com/@liputan6.sctv/video/7638910407763168533?commentId=7638937732571513607,scraping_tiktok,nunukpujiono,pak prabowo hentikan mbg ..
7638941576341455637,2026-05-12T09:55:02.000Z,0,https://www.tiktok.com/@liputan6.sctv/video/7638910407763168533,https://www.tiktok.com/@liputan6.sctv/video/7638910407763168533?commentId=7638941576341455637,scraping_tiktok,jack.jon01,sudahlah wo biarin aja mbg tetap jalan kasihan para pejabatmu ntar klo mbg ditutup gak ada dong yg bisa dikorupsi lagi
7639000625427219218,2026-05-12T13:44:09.000Z,0,https://www.tiktok.com/@liputan6.sctv/video/7638910407763168533,https://www.tiktok.com/@liputan6.sctv/video/7638910407763168533?commentId=7639000625427219218,scraping_tiktok,thomas.handy4,dak percaya
7639012567193191176,2026-05-12T14:30:21.000Z,0,https://www.tiktok.com/@liputan6.sctv/video/7638910407763168533,https://www.tiktok.com/@liputan6.sctv/video/7638910407763168533?commentId=7639012567193191176,scraping_tiktok,zebuagea31,"stop mbg, dana nya di jadikan aja pendidikan gratis"
7638936701343515400,2026-05-12T09:35:57.000Z,0,https://www.tiktok.com/@liputan6.sctv/video/7638910407763168533,https://www.tiktok.com/@liputan6.sctv/video/7638910407763168533?commentId=7638936701343515400,scraping_tiktok,hendyhendy4873,bos mbg nyaa ath siap dulu
7639012585405448968,2026-05-12T14:30:34.000Z,0,https://www.tiktok.com/@liputan6.sctv/video/7638910407763168533,https://www.tiktok.com/@liputan6.sctv/video/7638910407763168533?commentId=7639012585405448968,scraping_tiktok,sohpyan,udah bubarin aja udah pasti korupsi
7639012665998607124,2026-05-12T14:30:53.000Z,0,https://www.tiktok.com/@liputan6.sctv/video/7638910407763168533,https://www.tiktok.com/@liputan6.sctv/video/7638910407763168533?commentId=7639012665998607124,scraping_tiktok,shambo075,"usut jgn tak usut,,,"
7638936531261162248,2026-05-12T09:35:22.000Z,0,https://www.tiktok.com/@liputan6.sctv/video/7638910407763168533,https://www.tiktok.com/@liputan6.sctv/video/7638910407763168533?commentId=7638936531261162248,scraping_tiktok,layuku_986,"ini sama dgn reformasi polri ujungnya mangkrak di tempat... rakyat Indonesia sudah cerdas2 pak,cuma di bungkam"
7639012736776962837,2026-05-12T14:31:05.000Z,0,https://www.tiktok.com/@liputan6.sctv/video/7638910407763168533,https://www.tiktok.com/@liputan6.sctv/video/7638910407763168533?commentId=7639012736776962837,scraping_tiktok,130131.5,prabowo hanya pura² biar keliatan pro rakyat 😅😅😅
7639009514138878740,2026-05-12T14:18:43.000Z,0,https://www.tiktok.com/@liputan6.sctv/video/7638910407763168533,https://www.tiktok.com/@liputan6.sctv/video/7638910407763168533?commentId=7639009514138878740,scraping_tiktok,didinsangaji_02,di kabupaten batulicin Kotabaru . . banyak korupsi bahkan
7638936235784684309,2026-05-12T09:34:18.000Z,0,https://www.tiktok.com/@liputan6.sctv/video/7638910407763168533,https://www.tiktok.com/@liputan6.sctv/video/7638910407763168533?commentId=7638936235784684309,scraping_tiktok,pejalanlangit24,dudung malah disuruh ?😂
7639014251978441493,2026-05-12T14:37:03.000Z,0,https://www.tiktok.com/@liputan6.sctv/video/7638910407763168533,https://www.tiktok.com/@liputan6.sctv/video/7638910407763168533?commentId=7639014251978441493,scraping_tiktok,dika.krpan58,nah kan ape kata ku
7639015168005702421,2026-05-12T14:40:32.000Z,0,https://www.tiktok.com/@liputan6.sctv/video/7638910407763168533,https://www.tiktok.com/@liputan6.sctv/video/7638910407763168533?commentId=7639015168005702421,scraping_tiktok,weekend.shooter.be60,Bentar. Napa bukan auditor yg disuruh ngaudit? Oia paham. Biar hasilnya sesuai keinginan bossss
7639015537965777682,2026-05-12T14:41:57.000Z,0,https://www.tiktok.com/@liputan6.sctv/video/7638910407763168533,https://www.tiktok.com/@liputan6.sctv/video/7638910407763168533?commentId=7639015537965777682,scraping_tiktok,ajomusapart1,korupsi dan korupsi terus korupsi di tangkep gak❓❓❓❓❓
7639015661733937921,2026-05-12T14:42:24.000Z,0,https://www.tiktok.com/@liputan6.sctv/video/7638910407763168533,https://www.tiktok.com/@liputan6.sctv/video/7638910407763168533?commentId=7639015661733937921,scraping_tiktok,emoom_official,"jadikan kepala MBG Mentri pendidikan, Guru makmurrr"
7639016146792923925,2026-05-12T14:44:25.000Z,0,https://www.tiktok.com/@liputan6.sctv/video/7638910407763168533,https://www.tiktok.com/@liputan6.sctv/video/7638910407763168533?commentId=7639016146792923925,scraping_tiktok,danisaputraaa78,"kok dudung, kenapa bukan kpk?"
7639016254746166033,2026-05-12T14:44:44.000Z,0,https://www.tiktok.com/@liputan6.sctv/video/7638910407763168533,https://www.tiktok.com/@liputan6.sctv/video/7638910407763168533?commentId=7639016254746166033,scraping_tiktok,tofa952,itu yang 800 juta buat jasa pengelolaan opini publik apaan dah (buzzer)?
7638935809249641237,2026-05-12T09:32:45.000Z,0,https://www.tiktok.com/@liputan6.sctv/video/7638910407763168533,https://www.tiktok.com/@liputan6.sctv/video/7638910407763168533?commentId=7638935809249641237,scraping_tiktok,wanti.yem7,KPK tidak punya nyali menghadapi MBG
7639016753549329168,2026-05-12T14:46:40.000Z,0,https://www.tiktok.com/@liputan6.sctv/video/7638910407763168533,https://www.tiktok.com/@liputan6.sctv/video/7638910407763168533?commentId=7639016753549329168,scraping_tiktok,zarmin20,anggaran ngawur
7638935334190236437,2026-05-12T09:30:54.000Z,0,https://www.tiktok.com/@liputan6.sctv/video/7638910407763168533,https://www.tiktok.com/@liputan6.sctv/video/7638910407763168533?commentId=7638935334190236437,scraping_tiktok,indrawijaya744,percuma ngomong.presiden pura²tuli dan rakyat d buat diam tak berkutik
7638935375053914897,2026-05-12T09:30:48.000Z,0,https://www.tiktok.com/@liputan6.sctv/video/7638910407763168533,https://www.tiktok.com/@liputan6.sctv/video/7638910407763168533?commentId=7638935375053914897,scraping_tiktok,nwclbk,mf anggaranya sebesar itu berarti ketua BGN hebat karena tak mau rugi. tinggal yg memberi ijin saja bagaimana pertimbangannya shg bisa di beri ijin (disetujui).
7639017254655083284,2026-05-12T14:48:41.000Z,0,https://www.tiktok.com/@liputan6.sctv/video/7638910407763168533,https://www.tiktok.com/@liputan6.sctv/video/7638910407763168533?commentId=7639017254655083284,scraping_tiktok,kangdedemulyana1,pura2 suruh menyelidiki padahal 0asti sudah lapor samao bis besar MBG nya
7638893264267887368,2026-05-12T14:09:21.000Z,0,https://www.tiktok.com/@liputan6.sctv/video/7638910407763168533,https://www.tiktok.com/@liputan6.sctv/video/7638910407763168533?commentId=7638893264267887368,scraping_tiktok,sunandaraja2036,"audit si dadan ketua MBG ga bakal berani.anggaran beli motor,kaos kaki,semir sepatu MBG di audit."
7638939609690637063,2026-05-12T09:47:18.000Z,0,https://www.tiktok.com/@liputan6.sctv/video/7638910407763168533,https://www.tiktok.com/@liputan6.sctv/video/7638910407763168533?commentId=7638939609690637063,scraping_tiktok,dir_khz,knp baru sadar iya..😁
7639003469454394132,2026-05-12T13:55:13.000Z,0,https://www.tiktok.com/@liputan6.sctv/video/7638910407763168533,https://www.tiktok.com/@liputan6.sctv/video/7638910407763168533?commentId=7639003469454394132,scraping_tiktok,cahyo33101,menku skrng kena MBG JD lululh
7638939224902828807,2026-05-12T09:45:47.000Z,0,https://www.tiktok.com/@liputan6.sctv/video/7638910407763168533,https://www.tiktok.com/@liputan6.sctv/video/7638910407763168533?commentId=7638939224902828807,scraping_tiktok,anaksoleh123452,"kalau pemerintah bener2 ingin mensejahterakan rakyat STOP MBG.
turunkan harga kebutuan Masyarakat,
pendidikan gratis berobat gratis."
7638939186363843348,2026-05-12T09:45:43.000Z,0,https://www.tiktok.com/@liputan6.sctv/video/7638910407763168533,https://www.tiktok.com/@liputan6.sctv/video/7638910407763168533?commentId=7638939186363843348,scraping_tiktok,9aditiapratama86,di surabaya baru terjadi kmren
7639004354142749448,2026-05-12T13:58:33.000Z,0,https://www.tiktok.com/@liputan6.sctv/video/7638910407763168533,https://www.tiktok.com/@liputan6.sctv/video/7638910407763168533?commentId=7639004354142749448,scraping_tiktok,sigityrinaldy,@DPR RI @Kejaksaan.RI @KPK_RI @detik.com @Badan Pemeriksa Keuangan @BPKP
7638937739107042069,2026-05-12T09:44:09.000Z,0,https://www.tiktok.com/@liputan6.sctv/video/7638910407763168533,https://www.tiktok.com/@liputan6.sctv/video/7638910407763168533?commentId=7638937739107042069,scraping_tiktok,shenda59,Makanan Banyak Gugatan itulah MBG yg ada d Indonesia kita sedang dipertontonkan Korupsi berjamaah.
7638938646767108885,2026-05-12T09:43:43.000Z,0,https://www.tiktok.com/@liputan6.sctv/video/7638910407763168533,https://www.tiktok.com/@liputan6.sctv/video/7638910407763168533?commentId=7638938646767108885,scraping_tiktok,ambangmoluska,Duh hidup bgini amat skrg
7639005252775592712,2026-05-12T14:01:59.000Z,0,https://www.tiktok.com/@liputan6.sctv/video/7638910407763168533,https://www.tiktok.com/@liputan6.sctv/video/7638910407763168533?commentId=7639005252775592712,scraping_tiktok,deriyulias,aku mohon awai
7639005340927099669,2026-05-12T14:02:24.000Z,0,https://www.tiktok.com/@liputan6.sctv/video/7638910407763168533,https://www.tiktok.com/@liputan6.sctv/video/7638910407763168533?commentId=7639005340927099669,scraping_tiktok,baridin__,@gerindra @Gibran Rakabuming @Bahlil Lahadalia
7638937693464183572,2026-05-12T09:39:55.000Z,0,https://www.tiktok.com/@liputan6.sctv/video/7638910407763168533,https://www.tiktok.com/@liputan6.sctv/video/7638910407763168533?commentId=7638937693464183572,scraping_tiktok,anti5749,"bener emangg pasti dari tingkat k tingkat sampai bawah pasti ada korupsinya, makann yang d bagi ga seberapa🤣"
7638937352391885589,2026-05-12T09:38:35.000Z,0,https://www.tiktok.com/@liputan6.sctv/video/7638910407763168533,https://www.tiktok.com/@liputan6.sctv/video/7638910407763168533?commentId=7638937352391885589,scraping_tiktok,cantik86crbn,"di tempat ku sekarang MBG menghilang sesudah id.fitri kemarin tidak ada MBG masuk lg mohon di tinjau🙏 kabupaten cirebon timur
dengan alasan utama pembangunan dapur MBG sdg di bangun d tmpt yg baru dan itu sudah berlangsung beberapa bulan. ke khawatiran KAMI ych ada nya korupsi🙏🙏🙏"
7638936339706675975,2026-05-12T09:34:35.000Z,0,https://www.tiktok.com/@liputan6.sctv/video/7638910407763168533,https://www.tiktok.com/@liputan6.sctv/video/7638910407763168533?commentId=7638936339706675975,scraping_tiktok,ubaipakei,"jendral baleho di suruh cek,
yg ada, nanti bilang tidak ada korupsi di MBG, catet deh"
7639005895020954376,2026-05-12T14:04:34.000Z,0,https://www.tiktok.com/@liputan6.sctv/video/7638910407763168533,https://www.tiktok.com/@liputan6.sctv/video/7638910407763168533?commentId=7639005895020954376,scraping_tiktok,rojiun266,[Sticker] 
7639005997172491028,2026-05-12T14:04:59.000Z,0,https://www.tiktok.com/@liputan6.sctv/video/7638910407763168533,https://www.tiktok.com/@liputan6.sctv/video/7638910407763168533?commentId=7639005997172491028,scraping_tiktok,muhammadjayen27,siapa berani periksa program presiden😀😀😀
7639006165824930561,2026-05-12T14:05:55.000Z,0,https://www.tiktok.com/@liputan6.sctv/video/7638910407763168533,https://www.tiktok.com/@liputan6.sctv/video/7638910407763168533?commentId=7639006165824930561,scraping_tiktok,abdulhafizwae6,😳😳😳
7639006472777401089,2026-05-12T14:07:08.000Z,0,https://www.tiktok.com/@liputan6.sctv/video/7638910407763168533,https://www.tiktok.com/@liputan6.sctv/video/7638910407763168533?commentId=7639006472777401089,scraping_tiktok,mediainfo89,secepat nya Presiden Prabowo evaluasi jgn mendengar kan kata mentri saja tapi lihat langsung lewat media dan langsung ke masyarakat serta sppg
7638993061469651730,2026-05-12T13:14:42.000Z,0,https://www.tiktok.com/@liputan6.sctv/video/7638910407763168533,https://www.tiktok.com/@liputan6.sctv/video/7638910407763168533?commentId=7638993061469651730,scraping_tiktok,rakyatbiasa.._,Proyek terkorup
7639007638093366037,2026-05-12T14:11:24.000Z,0,https://www.tiktok.com/@liputan6.sctv/video/7638910407763168533,https://www.tiktok.com/@liputan6.sctv/video/7638910407763168533?commentId=7639007638093366037,scraping_tiktok,par27fashion,mbg progres yang bagus tapi sayangnya dijadikan ladang korupsi.
7639007845043684113,2026-05-12T14:12:00.000Z,0,https://www.tiktok.com/@liputan6.sctv/video/7638910407763168533,https://www.tiktok.com/@liputan6.sctv/video/7638910407763168533?commentId=7639007845043684113,scraping_tiktok,hangyakusha1,[Sticker] 
7639006964463059733,2026-05-12T14:12:18.000Z,0,https://www.tiktok.com/@liputan6.sctv/video/7638910407763168533,https://www.tiktok.com/@liputan6.sctv/video/7638910407763168533?commentId=7639006964463059733,scraping_tiktok,habincaransrgtampan01,tutup MBG
7639008013274268434,2026-05-12T14:12:46.000Z,0,https://www.tiktok.com/@liputan6.sctv/video/7638910407763168533,https://www.tiktok.com/@liputan6.sctv/video/7638910407763168533?commentId=7639008013274268434,scraping_tiktok,ryaacantikaa,bax btl
7639007164300591880,2026-05-12T14:12:54.000Z,0,https://www.tiktok.com/@liputan6.sctv/video/7638910407763168533,https://www.tiktok.com/@liputan6.sctv/video/7638910407763168533?commentId=7639007164300591880,scraping_tiktok,sopo21878,"jadi ladang korupsi, itu pasti"
7639007383737811733,2026-05-12T14:12:54.000Z,0,https://www.tiktok.com/@liputan6.sctv/video/7638910407763168533,https://www.tiktok.com/@liputan6.sctv/video/7638910407763168533?commentId=7639007383737811733,scraping_tiktok,latif.subroto,MBG progam ajang korupsi
7638938460140749588,2026-05-12T09:42:54.000Z,0,https://www.tiktok.com/@liputan6.sctv/video/7638910407763168533,https://www.tiktok.com/@liputan6.sctv/video/7638910407763168533?commentId=7638938460140749588,scraping_tiktok,fattar7783,coba kpk.. turun
7639008522294444820,2026-05-12T14:14:46.000Z,0,https://www.tiktok.com/@liputan6.sctv/video/7638910407763168533,https://www.tiktok.com/@liputan6.sctv/video/7638910407763168533?commentId=7639008522294444820,scraping_tiktok,kh_n1sa,aslix mbgx gk slh..gk smua mbg bgtu..jngn memutus rezeki orang..
7639008956727296775,2026-05-12T14:16:20.000Z,0,https://www.tiktok.com/@liputan6.sctv/video/7638910407763168533,https://www.tiktok.com/@liputan6.sctv/video/7638910407763168533?commentId=7639008956727296775,scraping_tiktok,redik_kun,kawan ku kerja di dapur mbg tiap hari bawa beras 2 karung kadang telor kadang daging
7639008501604008724,2026-05-12T14:16:41.000Z,0,https://www.tiktok.com/@liputan6.sctv/video/7638910407763168533,https://www.tiktok.com/@liputan6.sctv/video/7638910407763168533?commentId=7639008501604008724,scraping_tiktok,fathanmulthazam,mbg ladang korupsi baru
7638938393179095816,2026-05-12T09:42:33.000Z,0,https://www.tiktok.com/@liputan6.sctv/video/7638910407763168533,https://www.tiktok.com/@liputan6.sctv/video/7638910407763168533?commentId=7638938393179095816,scraping_tiktok,adamsr272,bubarkan kpk ga brani audit bgn
7638974360787223317,2026-05-12T12:02:13.000Z,0,https://www.tiktok.com/@liputan6.sctv/video/7638910407763168533,https://www.tiktok.com/@liputan6.sctv/video/7638910407763168533?commentId=7638974360787223317,scraping_tiktok,mpikk93,selidik semua dapur MBG pasti pada korupsi
7638966328636048148,2026-05-12T11:31:01.000Z,0,https://www.tiktok.com/@liputan6.sctv/video/7638910407763168533,https://www.tiktok.com/@liputan6.sctv/video/7638910407763168533?commentId=7638966328636048148,scraping_tiktok,elang.merah84,kok murah yawa orang bukan keracunan yang di bahas 😄
7638943183975662357,2026-05-12T10:01:12.000Z,0,https://www.tiktok.com/@liputan6.sctv/video/7638910407763168533,https://www.tiktok.com/@liputan6.sctv/video/7638910407763168533?commentId=7638943183975662357,scraping_tiktok,yap.lawfirm.yans92,bukan celah tp klo diselidiki ya bgtu deh
7638966030547960596,2026-05-12T11:33:02.000Z,0,https://www.tiktok.com/@liputan6.sctv/video/7638910407763168533,https://www.tiktok.com/@liputan6.sctv/video/7638910407763168533?commentId=7638966030547960596,scraping_tiktok,retiemi,Gimana DPR ....
7638966896646095634,2026-05-12T11:33:11.000Z,0,https://www.tiktok.com/@liputan6.sctv/video/7638910407763168533,https://www.tiktok.com/@liputan6.sctv/video/7638910407763168533?commentId=7638966896646095634,scraping_tiktok,yasakano_magatama,@fahmil95
7638967629192938247,2026-05-12T11:35:59.000Z,0,https://www.tiktok.com/@liputan6.sctv/video/7638910407763168533,https://www.tiktok.com/@liputan6.sctv/video/7638910407763168533?commentId=7638967629192938247,scraping_tiktok,windawati726,stop MBG mending dibuat perbaikan sekolah2 yg rusak
7638968120450794260,2026-05-12T11:37:57.000Z,0,https://www.tiktok.com/@liputan6.sctv/video/7638910407763168533,https://www.tiktok.com/@liputan6.sctv/video/7638910407763168533?commentId=7638968120450794260,scraping_tiktok,de_ap8512,Udh jelas napa mbg itu dipertahankan krn celah korupsi lbh tdk begitu terlihat..skrg br tau yg ngrurus atau vendor yg tepilih jg mgkn kebanyakn sanak saudara sndr😂😂
7638969634859729685,2026-05-12T11:43:55.000Z,0,https://www.tiktok.com/@liputan6.sctv/video/7638910407763168533,https://www.tiktok.com/@liputan6.sctv/video/7638910407763168533?commentId=7638969634859729685,scraping_tiktok,ridwan.aza844,"sekelas program ratus triliun masih gk jelas pengawasan,, program apa nih? jgan dipaksakan dong jendral"
7638970252004950802,2026-05-12T11:46:11.000Z,0,https://www.tiktok.com/@liputan6.sctv/video/7638910407763168533,https://www.tiktok.com/@liputan6.sctv/video/7638910407763168533?commentId=7638970252004950802,scraping_tiktok,mustakim2514,uang dari pajak rakyat di buwat ladang korupsi
7638943196147827464,2026-05-12T10:01:09.000Z,0,https://www.tiktok.com/@liputan6.sctv/video/7638910407763168533,https://www.tiktok.com/@liputan6.sctv/video/7638910407763168533?commentId=7638943196147827464,scraping_tiktok,omtua.rahman,"dari laporan langsung sapi 1 ekor tiap hari itu sj SDH sangat jelas untuk langsung di uji dan di selidiki kebenaran nya. tapi sayang, sampai ada klarifikasi dr BGN tidak ada tindakan."
7638970666326868757,2026-05-12T11:47:54.000Z,0,https://www.tiktok.com/@liputan6.sctv/video/7638910407763168533,https://www.tiktok.com/@liputan6.sctv/video/7638910407763168533?commentId=7638970666326868757,scraping_tiktok,racoon1333,"[Sticker] DRAMA INI KORBAN NYA YANG DI BAWAHH ,, YANG PALING ATAS AMAN"
7638970733691454216,2026-05-12T11:48:04.000Z,0,https://www.tiktok.com/@liputan6.sctv/video/7638910407763168533,https://www.tiktok.com/@liputan6.sctv/video/7638910407763168533?commentId=7638970733691454216,scraping_tiktok,tokosetiamaju0,baru bangun om
7638974795300012807,2026-05-12T12:03:47.000Z,0,https://www.tiktok.com/@liputan6.sctv/video/7638910407763168533,https://www.tiktok.com/@liputan6.sctv/video/7638910407763168533?commentId=7638974795300012807,scraping_tiktok,berkahdhefamotor,durung kalah gercep sama netizen 😌
7638943222371091208,2026-05-12T10:01:19.000Z,0,https://www.tiktok.com/@liputan6.sctv/video/7638910407763168533,https://www.tiktok.com/@liputan6.sctv/video/7638910407763168533?commentId=7638943222371091208,scraping_tiktok,dira_arsalan_hafizhan,"bayangkan, wakil presiden dateng kunjungan... menunya langsung berubah 😂"
7638973314388050709,2026-05-12T11:58:13.000Z,0,https://www.tiktok.com/@liputan6.sctv/video/7638910407763168533,https://www.tiktok.com/@liputan6.sctv/video/7638910407763168533?commentId=7638973314388050709,scraping_tiktok,udin.dingkut,korupsi TDK boleh berhenti meskipun satu detik
7638942757273142034,2026-05-12T09:59:33.000Z,0,https://www.tiktok.com/@liputan6.sctv/video/7638910407763168533,https://www.tiktok.com/@liputan6.sctv/video/7638910407763168533?commentId=7638942757273142034,scraping_tiktok,rudi3daynet,yg masih korup di miskinkan
7638975181017629461,2026-05-12T12:05:31.000Z,0,https://www.tiktok.com/@liputan6.sctv/video/7638910407763168533,https://www.tiktok.com/@liputan6.sctv/video/7638910407763168533?commentId=7638975181017629461,scraping_tiktok,yanzzzz2010,baguss apa cuma buat lahan korupsi
7638975298215068417,2026-05-12T12:05:52.000Z,0,https://www.tiktok.com/@liputan6.sctv/video/7638910407763168533,https://www.tiktok.com/@liputan6.sctv/video/7638910407763168533?commentId=7638975298215068417,scraping_tiktok,adiwa15,jebakan betman😁
7638975902932747016,2026-05-12T12:08:07.000Z,0,https://www.tiktok.com/@liputan6.sctv/video/7638910407763168533,https://www.tiktok.com/@liputan6.sctv/video/7638910407763168533?commentId=7638975902932747016,scraping_tiktok,sandaljepit0074,🤣🤣🤣🤣🤣
7638975996519318293,2026-05-12T12:08:32.000Z,0,https://www.tiktok.com/@liputan6.sctv/video/7638910407763168533,https://www.tiktok.com/@liputan6.sctv/video/7638910407763168533?commentId=7638975996519318293,scraping_tiktok,yopie225,pikir nalar saja..anggaran pemerintah untuk menu MBG BRP per siswa??trus knpa harus ada dapur MBG
7638976350028317448,2026-05-12T12:09:51.000Z,0,https://www.tiktok.com/@liputan6.sctv/video/7638910407763168533,https://www.tiktok.com/@liputan6.sctv/video/7638910407763168533?commentId=7638976350028317448,scraping_tiktok,rh90084,turun dong KPK dari dulu
7638976383880741649,2026-05-12T12:10:08.000Z,0,https://www.tiktok.com/@liputan6.sctv/video/7638910407763168533,https://www.tiktok.com/@liputan6.sctv/video/7638910407763168533?commentId=7638976383880741649,scraping_tiktok,mas.to.81,ada suap menyuap di sppg sama distributor
7638976466739823380,2026-05-12T12:10:30.000Z,0,https://www.tiktok.com/@liputan6.sctv/video/7638910407763168533,https://www.tiktok.com/@liputan6.sctv/video/7638910407763168533?commentId=7638976466739823380,scraping_tiktok,maksliwer0,"katanya kita lagi berhemat😁, nyatanya 🤣🤣🤣"
7638976567428154132,2026-05-12T12:10:54.000Z,0,https://www.tiktok.com/@liputan6.sctv/video/7638910407763168533,https://www.tiktok.com/@liputan6.sctv/video/7638910407763168533?commentId=7638976567428154132,scraping_tiktok,naenos,Tolong di stop MBG dan selidiki kuropsinya
7638975023336899345,2026-05-12T12:10:58.000Z,0,https://www.tiktok.com/@liputan6.sctv/video/7638910407763168533,https://www.tiktok.com/@liputan6.sctv/video/7638910407763168533?commentId=7638975023336899345,scraping_tiktok,parlandia,gajelas
7638956654382809864,2026-05-12T10:53:32.000Z,0,https://www.tiktok.com/@liputan6.sctv/video/7638910407763168533,https://www.tiktok.com/@liputan6.sctv/video/7638910407763168533?commentId=7638956654382809864,scraping_tiktok,890abc3,"ya kan itu menteri mbg yg dilantik jokowi, cek aja dah"
7638942835634570004,2026-05-12T10:02:45.000Z,0,https://www.tiktok.com/@liputan6.sctv/video/7638910407763168533,https://www.tiktok.com/@liputan6.sctv/video/7638910407763168533?commentId=7638942835634570004,scraping_tiktok,erik.kajenengan,bubarkan saja banyak oknum yang mnyusup lewat program tersebut memang program ya di betul tp oknum nya banyak yang bermain di situ
7638946438474973972,2026-05-12T10:13:53.000Z,0,https://www.tiktok.com/@liputan6.sctv/video/7638910407763168533,https://www.tiktok.com/@liputan6.sctv/video/7638910407763168533?commentId=7638946438474973972,scraping_tiktok,tigece,"Sudah jelas2 korupsi kok di bilang celah??????
STOP MBG, PROGRAM YG DIPROYEKKAN,,,,PARAHHHHH👎👎👎"
7638947563756978945,2026-05-12T10:18:15.000Z,0,https://www.tiktok.com/@liputan6.sctv/video/7638910407763168533,https://www.tiktok.com/@liputan6.sctv/video/7638910407763168533?commentId=7638947563756978945,scraping_tiktok,luah_lampoh,bukan nya dapur MBG itu sebagian nya dikelola kepolisian dan TNI.. gimana itu😆
7638947832959648530,2026-05-12T10:19:13.000Z,0,https://www.tiktok.com/@liputan6.sctv/video/7638910407763168533,https://www.tiktok.com/@liputan6.sctv/video/7638910407763168533?commentId=7638947832959648530,scraping_tiktok,denbaguscwojelex,"bisnis yg menggiurkan...
cuan mengalir deras...
kaos kaki aja 100 rb...
lama lama slempak juga di beli nih....😄😄😄"
7638950252192465665,2026-05-12T10:29:01.000Z,0,https://www.tiktok.com/@liputan6.sctv/video/7638910407763168533,https://www.tiktok.com/@liputan6.sctv/video/7638910407763168533?commentId=7638950252192465665,scraping_tiktok,cah_pati.79,MBG membuat kantin sekolah menjerit
7638952436173996818,2026-05-12T10:37:02.000Z,0,https://www.tiktok.com/@liputan6.sctv/video/7638910407763168533,https://www.tiktok.com/@liputan6.sctv/video/7638910407763168533?commentId=7638952436173996818,scraping_tiktok,galank569563621561539,tujuannya saya gak munafik .Sgt Bagus..hanya saja knp MBG ini tidak diberikan KPD org tua murid. agar tidak bnyak mknan yg mubazir. dan meminimalisir anggrn negara juga..
7638952965885264641,2026-05-12T10:39:22.000Z,0,https://www.tiktok.com/@liputan6.sctv/video/7638910407763168533,https://www.tiktok.com/@liputan6.sctv/video/7638910407763168533?commentId=7638952965885264641,scraping_tiktok,lala.zidan31,Smua di korupsi
7638955246098154261,2026-05-12T10:48:03.000Z,0,https://www.tiktok.com/@liputan6.sctv/video/7638910407763168533,https://www.tiktok.com/@liputan6.sctv/video/7638910407763168533?commentId=7638955246098154261,scraping_tiktok,ifanmaulana026,mbg itu ladang korupsi
7638955365463999240,2026-05-12T10:48:27.000Z,0,https://www.tiktok.com/@liputan6.sctv/video/7638910407763168533,https://www.tiktok.com/@liputan6.sctv/video/7638910407763168533?commentId=7638955365463999240,scraping_tiktok,ideham.iit,oke gas oke gas 😁😁😁😁😁
7638954965993554708,2026-05-12T10:48:34.000Z,0,https://www.tiktok.com/@liputan6.sctv/video/7638910407763168533,https://www.tiktok.com/@liputan6.sctv/video/7638910407763168533?commentId=7638954965993554708,scraping_tiktok,tasritasri30,"Tutup MBG kerena memanfaatkan anak sekolah,gak mikir pelajaran lagi abis makan ngantuk"
7638955334694880001,2026-05-12T10:48:39.000Z,0,https://www.tiktok.com/@liputan6.sctv/video/7638910407763168533,https://www.tiktok.com/@liputan6.sctv/video/7638910407763168533?commentId=7638955334694880001,scraping_tiktok,berkah_diesel99,kalo ga korup ga enak
7638976654236435220,2026-05-12T12:11:04.000Z,0,https://www.tiktok.com/@liputan6.sctv/video/7638910407763168533,https://www.tiktok.com/@liputan6.sctv/video/7638910407763168533?commentId=7638976654236435220,scraping_tiktok,mas.ssyah,klw ada kejangalan lapor KPK
7638956742491898641,2026-05-12T10:54:07.000Z,0,https://www.tiktok.com/@liputan6.sctv/video/7638910407763168533,https://www.tiktok.com/@liputan6.sctv/video/7638910407763168533?commentId=7638956742491898641,scraping_tiktok,amerambyahh,super duper telat presiden mengetahuinya bahkan banyak makanan tidak layak gizi pun beliau tidak tau
7638943048571912967,2026-05-12T10:00:43.000Z,0,https://www.tiktok.com/@liputan6.sctv/video/7638910407763168533,https://www.tiktok.com/@liputan6.sctv/video/7638910407763168533?commentId=7638943048571912967,scraping_tiktok,juan.fortes.ales,bubarkan 2029 ganti presiden
7638964277999485703,2026-05-12T11:23:00.000Z,0,https://www.tiktok.com/@liputan6.sctv/video/7638910407763168533,https://www.tiktok.com/@liputan6.sctv/video/7638910407763168533?commentId=7638964277999485703,scraping_tiktok,hth0181,program MBG itu sangat bagus...tapi Mentri mbgnya yg korup parah
7638942375473136391,2026-05-12T10:00:31.000Z,0,https://www.tiktok.com/@liputan6.sctv/video/7638910407763168533,https://www.tiktok.com/@liputan6.sctv/video/7638910407763168533?commentId=7638942375473136391,scraping_tiktok,mahmudmahmud68559,mbg itu ladang korupsi bos
7638976882474337040,2026-05-12T12:12:08.000Z,0,https://www.tiktok.com/@liputan6.sctv/video/7638910407763168533,https://www.tiktok.com/@liputan6.sctv/video/7638910407763168533?commentId=7638976882474337040,scraping_tiktok,mas.to.81,kemana ya harus lapor
7638977382648513301,2026-05-12T12:13:55.000Z,0,https://www.tiktok.com/@liputan6.sctv/video/7638910407763168533,https://www.tiktok.com/@liputan6.sctv/video/7638910407763168533?commentId=7638977382648513301,scraping_tiktok,rasahprotes2,"08 sbnernya udh tau cuma lgi di giring biar mkan pancingan dya , alhasil kena prangkap"
7638957047765680916,2026-05-12T10:55:03.000Z,0,https://www.tiktok.com/@liputan6.sctv/video/7638910407763168533,https://www.tiktok.com/@liputan6.sctv/video/7638910407763168533?commentId=7638957047765680916,scraping_tiktok,azzamramadhan512,hadeeeeuuh
7638957610997269256,2026-05-12T10:57:05.000Z,0,https://www.tiktok.com/@liputan6.sctv/video/7638910407763168533,https://www.tiktok.com/@liputan6.sctv/video/7638910407763168533?commentId=7638957610997269256,scraping_tiktok,sipalingrujak,lemot bnget ih baru gerak
7638957629502817032,2026-05-12T10:57:15.000Z,0,https://www.tiktok.com/@liputan6.sctv/video/7638910407763168533,https://www.tiktok.com/@liputan6.sctv/video/7638910407763168533?commentId=7638957629502817032,scraping_tiktok,pram1869,"terang sekali ,.. seperti ayam putih terbang siang hinggap dipohon meranggas"
7638957934840464136,2026-05-12T10:58:29.000Z,0,https://www.tiktok.com/@liputan6.sctv/video/7638910407763168533,https://www.tiktok.com/@liputan6.sctv/video/7638910407763168533?commentId=7638957934840464136,scraping_tiktok,yazidrafsazani,hidup mbg
7638958206091592455,2026-05-12T10:59:31.000Z,0,https://www.tiktok.com/@liputan6.sctv/video/7638910407763168533,https://www.tiktok.com/@liputan6.sctv/video/7638910407763168533?commentId=7638958206091592455,scraping_tiktok,reysyakal,"F I X, angkut"
7638959173732500245,2026-05-12T11:03:19.000Z,0,https://www.tiktok.com/@liputan6.sctv/video/7638910407763168533,https://www.tiktok.com/@liputan6.sctv/video/7638910407763168533?commentId=7638959173732500245,scraping_tiktok,chebholl,"harga ayam di pasar 35k di jual ke pihak sppg mbg 29k, kalau bisa secepatnya di selidiki, banyak yang dirugikan pedagang karna bisa merusak harga pasar"
7638959445628814087,2026-05-12T11:04:17.000Z,0,https://www.tiktok.com/@liputan6.sctv/video/7638910407763168533,https://www.tiktok.com/@liputan6.sctv/video/7638910407763168533?commentId=7638959445628814087,scraping_tiktok,qumairah11,mbg ini menurut saya pribadi sebagai orang awam mbg ini proyek bukan bukan program di mana biaya operasionalnya sangat tinggi
7638961007515632391,2026-05-12T11:10:18.000Z,0,https://www.tiktok.com/@liputan6.sctv/video/7638910407763168533,https://www.tiktok.com/@liputan6.sctv/video/7638910407763168533?commentId=7638961007515632391,scraping_tiktok,kuswantovino,kasian uangnya
7638961689489490704,2026-05-12T11:13:03.000Z,0,https://www.tiktok.com/@liputan6.sctv/video/7638910407763168533,https://www.tiktok.com/@liputan6.sctv/video/7638910407763168533?commentId=7638961689489490704,scraping_tiktok,dav81447,Orang awam pertama Liat prog. MBG sudah jelas ada cela korupsinya !!
7638962017244496656,2026-05-12T11:14:16.000Z,0,https://www.tiktok.com/@liputan6.sctv/video/7638910407763168533,https://www.tiktok.com/@liputan6.sctv/video/7638910407763168533?commentId=7638962017244496656,scraping_tiktok,lalu.luthfi5,coba guru dikasih ini langsung sejahtera
7638991022828602129,2026-05-12T13:07:06.000Z,0,https://www.tiktok.com/@liputan6.sctv/video/7638910407763168533,https://www.tiktok.com/@liputan6.sctv/video/7638910407763168533?commentId=7638991022828602129,scraping_tiktok,contentreator8,pasti ada
7638987231948948225,2026-05-12T12:52:42.000Z,0,https://www.tiktok.com/@liputan6.sctv/video/7638910407763168533,https://www.tiktok.com/@liputan6.sctv/video/7638910407763168533?commentId=7638987231948948225,scraping_tiktok,user9611878542596,"😂😂😂😂😂😂,"
7638987404939346695,2026-05-12T12:52:46.000Z,0,https://www.tiktok.com/@liputan6.sctv/video/7638910407763168533,https://www.tiktok.com/@liputan6.sctv/video/7638910407763168533?commentId=7638987404939346695,scraping_tiktok,805_oki,@gerindra 😫
7638986625469858581,2026-05-12T12:53:44.000Z,0,https://www.tiktok.com/@liputan6.sctv/video/7638910407763168533,https://www.tiktok.com/@liputan6.sctv/video/7638910407763168533?commentId=7638986625469858581,scraping_tiktok,user1115975287395,bzntang lama2 runtuh
7638987663924724501,2026-05-12T12:53:53.000Z,0,https://www.tiktok.com/@liputan6.sctv/video/7638910407763168533,https://www.tiktok.com/@liputan6.sctv/video/7638910407763168533?commentId=7638987663924724501,scraping_tiktok,happinesscoffee8,halahh uda telat!!
7638988433122198280,2026-05-12T12:56:50.000Z,0,https://www.tiktok.com/@liputan6.sctv/video/7638910407763168533,https://www.tiktok.com/@liputan6.sctv/video/7638910407763168533?commentId=7638988433122198280,scraping_tiktok,sabar_togi,"bukan celah lagi, tapi jelas menganga,"
7638942323174753042,2026-05-12T09:57:47.000Z,0,https://www.tiktok.com/@liputan6.sctv/video/7638910407763168533,https://www.tiktok.com/@liputan6.sctv/video/7638910407763168533?commentId=7638942323174753042,scraping_tiktok,bagaskara3836,Banyak celah korupsinya
7638988933343576853,2026-05-12T12:58:51.000Z,0,https://www.tiktok.com/@liputan6.sctv/video/7638910407763168533,https://www.tiktok.com/@liputan6.sctv/video/7638910407763168533?commentId=7638988933343576853,scraping_tiktok,rielzn8,"kalian sadar gak sih, MBG & KDMP itu ladang korupsi pejabat konoha yg tdk bisa disentuh aparat penegak hukum
@Sekretariat Kabinet RI @tvOneNews @Republika @Inilah.com @tvrinasional @gerindra @aimanwitjaksono @Kompas.com @kumparan @Metro TV"
7638989024624149249,2026-05-12T12:59:06.000Z,0,https://www.tiktok.com/@liputan6.sctv/video/7638910407763168533,https://www.tiktok.com/@liputan6.sctv/video/7638910407763168533?commentId=7638989024624149249,scraping_tiktok,prajurit395,"baru beberapa bulan,, sedangkan pembangunan infrastruktur di Indonesia 0"
7638989455932556050,2026-05-12T13:00:44.000Z,0,https://www.tiktok.com/@liputan6.sctv/video/7638910407763168533,https://www.tiktok.com/@liputan6.sctv/video/7638910407763168533?commentId=7638989455932556050,scraping_tiktok,shandy9771,"mbg tetap d jalankan, tetapi pastikan jngn sampai ada yg keracunan n jngn sampai mnjdi ruang korupsi agar indo berjaya"
7638989720776737543,2026-05-12T13:01:42.000Z,0,https://www.tiktok.com/@liputan6.sctv/video/7638910407763168533,https://www.tiktok.com/@liputan6.sctv/video/7638910407763168533?commentId=7638989720776737543,scraping_tiktok,jojes165,"yg disuruh Dudung satu gerbong Ama Dadan , samaa aja..."
7638989955981755154,2026-05-12T13:02:39.000Z,0,https://www.tiktok.com/@liputan6.sctv/video/7638910407763168533,https://www.tiktok.com/@liputan6.sctv/video/7638910407763168533?commentId=7638989955981755154,scraping_tiktok,_iniandrii,Masa dia ga tau 😂😂😂
7638990294100329234,2026-05-12T13:03:55.000Z,0,https://www.tiktok.com/@liputan6.sctv/video/7638910407763168533,https://www.tiktok.com/@liputan6.sctv/video/7638910407763168533?commentId=7638990294100329234,scraping_tiktok,user5717919599862,pertanyaannya apakah Berani😁😁😁
7638989983823807252,2026-05-12T13:06:59.000Z,0,https://www.tiktok.com/@liputan6.sctv/video/7638910407763168533,https://www.tiktok.com/@liputan6.sctv/video/7638910407763168533?commentId=7638989983823807252,scraping_tiktok,kasan.sudrajat,lah mnu ny mbg di tempat saya cuma nasi ..tlor .sampa tempe orek .. itu mah orang tua murid juga bisa masak kaya gitu
7638987206330172180,2026-05-12T12:52:08.000Z,0,https://www.tiktok.com/@liputan6.sctv/video/7638910407763168533,https://www.tiktok.com/@liputan6.sctv/video/7638910407763168533?commentId=7638987206330172180,scraping_tiktok,ranlia60,gak tau deh gimana kok bisa mega program MBG progam ambisius nya Prabowo terkesan dibiarkan seenaknya menggunakan anggaran besar untuk hal² yang gak ada hubungan nya dengan MBG
7638942201741673223,2026-05-12T09:57:22.000Z,0,https://www.tiktok.com/@liputan6.sctv/video/7638910407763168533,https://www.tiktok.com/@liputan6.sctv/video/7638910407763168533?commentId=7638942201741673223,scraping_tiktok,dinzcarbon73_official,bukanada celah tapi udh terang”-an
7638987232296829713,2026-05-12T12:52:05.000Z,0,https://www.tiktok.com/@liputan6.sctv/video/7638910407763168533,https://www.tiktok.com/@liputan6.sctv/video/7638910407763168533?commentId=7638987232296829713,scraping_tiktok,bang.jackmuzakir,tutup mbg
7638987095248159495,2026-05-12T12:51:33.000Z,0,https://www.tiktok.com/@liputan6.sctv/video/7638910407763168533,https://www.tiktok.com/@liputan6.sctv/video/7638910407763168533?commentId=7638987095248159495,scraping_tiktok,heru30757,ya intinya mirip dagang cari untung
7638991068890071809,2026-05-12T13:07:10.000Z,0,https://www.tiktok.com/@liputan6.sctv/video/7638910407763168533,https://www.tiktok.com/@liputan6.sctv/video/7638910407763168533?commentId=7638991068890071809,scraping_tiktok,satsetst2,sdh basi..
7638991467398955796,2026-05-12T13:08:40.000Z,0,https://www.tiktok.com/@liputan6.sctv/video/7638910407763168533,https://www.tiktok.com/@liputan6.sctv/video/7638910407763168533?commentId=7638991467398955796,scraping_tiktok,awiskhaleh80,"celah korupsi di era probowo terbuka lebar gaessssss😂😂😂
KMP dan MBG lahan basah bingit🥰🥰🥰"
7638990949808538388,2026-05-12T13:09:01.000Z,0,https://www.tiktok.com/@liputan6.sctv/video/7638910407763168533,https://www.tiktok.com/@liputan6.sctv/video/7638910407763168533?commentId=7638990949808538388,scraping_tiktok,inai152,ga ada yg jujur
7638992085749023496,2026-05-12T13:10:58.000Z,0,https://www.tiktok.com/@liputan6.sctv/video/7638910407763168533,https://www.tiktok.com/@liputan6.sctv/video/7638910407763168533?commentId=7638992085749023496,scraping_tiktok,warga.sementara,KEMANAAA AJAAAA WOYYYY
7638992205524484882,2026-05-12T13:11:23.000Z,0,https://www.tiktok.com/@liputan6.sctv/video/7638910407763168533,https://www.tiktok.com/@liputan6.sctv/video/7638910407763168533?commentId=7638992205524484882,scraping_tiktok,mazjeni,stop mbg
7638992522660086549,2026-05-12T13:12:37.000Z,0,https://www.tiktok.com/@liputan6.sctv/video/7638910407763168533,https://www.tiktok.com/@liputan6.sctv/video/7638910407763168533?commentId=7638992522660086549,scraping_tiktok,user36349680378328,mendi bae pak presiden.
7638992778823025415,2026-05-12T13:13:33.000Z,0,https://www.tiktok.com/@liputan6.sctv/video/7638910407763168533,https://www.tiktok.com/@liputan6.sctv/video/7638910407763168533?commentId=7638992778823025415,scraping_tiktok,didik_adriyanto,program gak berguna
7638992792727094036,2026-05-12T13:13:41.000Z,0,https://www.tiktok.com/@liputan6.sctv/video/7638910407763168533,https://www.tiktok.com/@liputan6.sctv/video/7638910407763168533?commentId=7638992792727094036,scraping_tiktok,.co.id1,"didesaa ku banyak korupsi pak, sini periksa kesini"
7638992791812653845,2026-05-12T13:13:41.000Z,0,https://www.tiktok.com/@liputan6.sctv/video/7638910407763168533,https://www.tiktok.com/@liputan6.sctv/video/7638910407763168533?commentId=7638992791812653845,scraping_tiktok,sapaya..i,AI gerak omong nya?
7638992980137886482,2026-05-12T13:14:26.000Z,0,https://www.tiktok.com/@liputan6.sctv/video/7638910407763168533,https://www.tiktok.com/@liputan6.sctv/video/7638910407763168533?commentId=7638992980137886482,scraping_tiktok,mirsasaraswati,muak bgt sama program korupsi ini
7638977642406200072,2026-05-12T12:14:51.000Z,0,https://www.tiktok.com/@liputan6.sctv/video/7638910407763168533,https://www.tiktok.com/@liputan6.sctv/video/7638910407763168533?commentId=7638977642406200072,scraping_tiktok,miftahulalideo,ya dah jelas lah..
7638977925743739669,2026-05-12T12:15:59.000Z,0,https://www.tiktok.com/@liputan6.sctv/video/7638910407763168533,https://www.tiktok.com/@liputan6.sctv/video/7638910407763168533?commentId=7638977925743739669,scraping_tiktok,arayajajakqn,kan gw udah bilangin dari dulu
7638977943524901650,2026-05-12T12:16:08.000Z,0,https://www.tiktok.com/@liputan6.sctv/video/7638910407763168533,https://www.tiktok.com/@liputan6.sctv/video/7638910407763168533?commentId=7638977943524901650,scraping_tiktok,ki_zaed8,Kepala BGN nya wajib di audit karna banyak kebijakannya yg mengindikasi jadi celah korupsi
7638978099263423252,2026-05-12T12:16:51.000Z,0,https://www.tiktok.com/@liputan6.sctv/video/7638910407763168533,https://www.tiktok.com/@liputan6.sctv/video/7638910407763168533?commentId=7638978099263423252,scraping_tiktok,dibyosyuhada,Lah bru sdr 😅😅😅
7638979076695425800,2026-05-12T12:20:27.000Z,0,https://www.tiktok.com/@liputan6.sctv/video/7638910407763168533,https://www.tiktok.com/@liputan6.sctv/video/7638910407763168533?commentId=7638979076695425800,scraping_tiktok,2425ok2,pak DUDUNG skrng diangkat jd ketua KPK!!! 🤭🤭🤭
7638979669435302676,2026-05-12T12:22:54.000Z,0,https://www.tiktok.com/@liputan6.sctv/video/7638910407763168533,https://www.tiktok.com/@liputan6.sctv/video/7638910407763168533?commentId=7638979669435302676,scraping_tiktok,bento793c,telat
7638979759536096021,2026-05-12T12:23:13.000Z,0,https://www.tiktok.com/@liputan6.sctv/video/7638910407763168533,https://www.tiktok.com/@liputan6.sctv/video/7638910407763168533?commentId=7638979759536096021,scraping_tiktok,breakthrough_mind,Stop MBG!!! BPJS GRATIS!!!
7638980080735535892,2026-05-12T12:24:23.000Z,0,https://www.tiktok.com/@liputan6.sctv/video/7638910407763168533,https://www.tiktok.com/@liputan6.sctv/video/7638910407763168533?commentId=7638980080735535892,scraping_tiktok,babydoll_solo,Kebanyakan Progam😂 dia Lupa Progam Brantas Korupsi. ganti bisnis
7638980226642756360,2026-05-12T12:24:53.000Z,0,https://www.tiktok.com/@liputan6.sctv/video/7638910407763168533,https://www.tiktok.com/@liputan6.sctv/video/7638910407763168533?commentId=7638980226642756360,scraping_tiktok,gonangsbinbre,abis di cek trus laporan semuanya aman gak ada korupsi👍👍
7638980947899532039,2026-05-12T12:27:42.000Z,0,https://www.tiktok.com/@liputan6.sctv/video/7638910407763168533,https://www.tiktok.com/@liputan6.sctv/video/7638910407763168533?commentId=7638980947899532039,scraping_tiktok,aha_win,Gk yakin di proses itu di periode skr ini.
7638981093232739092,2026-05-12T12:28:26.000Z,0,https://www.tiktok.com/@liputan6.sctv/video/7638910407763168533,https://www.tiktok.com/@liputan6.sctv/video/7638910407763168533?commentId=7638981093232739092,scraping_tiktok,madesu2,MBG korupsi terbesar
7639017631552701202,2026-05-12T14:50:05.000Z,0,https://www.tiktok.com/@liputan6.sctv/video/7638910407763168533,https://www.tiktok.com/@liputan6.sctv/video/7638910407763168533?commentId=7639017631552701202,scraping_tiktok,caknull1,menyelidiki kok diberitakan 😂
7638984139311645460,2026-05-12T12:40:05.000Z,0,https://www.tiktok.com/@liputan6.sctv/video/7638910407763168533,https://www.tiktok.com/@liputan6.sctv/video/7638910407763168533?commentId=7638984139311645460,scraping_tiktok,syai.fullah5,tutup saja buat masarakat mangkin susah aja mubajir banyak terbuang 🙏
7638984967201506068,2026-05-12T12:43:30.000Z,0,https://www.tiktok.com/@liputan6.sctv/video/7638910407763168533,https://www.tiktok.com/@liputan6.sctv/video/7638910407763168533?commentId=7638984967201506068,scraping_tiktok,gondez356,Baru sadar
7638985233619387152,2026-05-12T12:44:45.000Z,0,https://www.tiktok.com/@liputan6.sctv/video/7638910407763168533,https://www.tiktok.com/@liputan6.sctv/video/7638910407763168533?commentId=7638985233619387152,scraping_tiktok,ridwan85.com,seandainya Indonesia ini pejabatnya gak banyak korupsi anggaran 50 RB di nota 500ribu mungkin pajak gak akan semahal ini
7638985377398653717,2026-05-12T12:44:53.000Z,0,https://www.tiktok.com/@liputan6.sctv/video/7638910407763168533,https://www.tiktok.com/@liputan6.sctv/video/7638910407763168533?commentId=7638985377398653717,scraping_tiktok,user8281155090480,STop mbg
7638985358772585217,2026-05-12T12:44:59.000Z,0,https://www.tiktok.com/@liputan6.sctv/video/7638910407763168533,https://www.tiktok.com/@liputan6.sctv/video/7638910407763168533?commentId=7638985358772585217,scraping_tiktok,mamah.caca500,periksa MBG
7638985631473500935,2026-05-12T12:45:53.000Z,0,https://www.tiktok.com/@liputan6.sctv/video/7638910407763168533,https://www.tiktok.com/@liputan6.sctv/video/7638910407763168533?commentId=7638985631473500935,scraping_tiktok,user59473532074018,"kapan indonesia bebas koropsi.sadarlah sodaraku .kita akan mati,uang tdk di bawa mati."
7638985416600355604,2026-05-12T12:47:23.000Z,0,https://www.tiktok.com/@liputan6.sctv/video/7638910407763168533,https://www.tiktok.com/@liputan6.sctv/video/7638910407763168533?commentId=7638985416600355604,scraping_tiktok,muhammadjunaidi1229,sudah di sengaja korupsi berjama'ah😁
7638941184241795857,2026-05-12T09:59:13.000Z,0,https://www.tiktok.com/@liputan6.sctv/video/7638910407763168533,https://www.tiktok.com/@liputan6.sctv/video/7638910407763168533?commentId=7638941184241795857,scraping_tiktok,romli_buyutnean,MBG wadah korupsi
7638986075046494984,2026-05-12T12:47:36.000Z,0,https://www.tiktok.com/@liputan6.sctv/video/7638910407763168533,https://www.tiktok.com/@liputan6.sctv/video/7638910407763168533?commentId=7638986075046494984,scraping_tiktok,grr_5673,"Cuma omon"" pgramnya tetap jalan."
7638986089331589909,2026-05-12T12:47:39.000Z,0,https://www.tiktok.com/@liputan6.sctv/video/7638910407763168533,https://www.tiktok.com/@liputan6.sctv/video/7638910407763168533?commentId=7638986089331589909,scraping_tiktok,iyam.gembul,pangkas total tunjangan petugas mbg
7638986246605996820,2026-05-12T12:48:24.000Z,0,https://www.tiktok.com/@liputan6.sctv/video/7638910407763168533,https://www.tiktok.com/@liputan6.sctv/video/7638910407763168533?commentId=7638986246605996820,scraping_tiktok,upong.9.channel,"Masyarakat Menunggu info secepatnya penutupan permanennya gawe mumet, Masyarakat semakin sengsara, Guru Semakin sengsara, Banyak jalan rusak, Sekolah banyak yg rusak, pendidikan sangat mahal, periksa kesehatan sangat mahal"
7639078098324013844,2026-05-12T18:44:55.000Z,0,https://www.tiktok.com/@liputan6.sctv/video/7638910407763168533,https://www.tiktok.com/@liputan6.sctv/video/7638910407763168533?commentId=7639078098324013844,scraping_tiktok,ahmadmuazzam10,banyak praktik dan cela korupsi
7639064047967372040,2026-05-12T17:54:33.000Z,0,https://www.tiktok.com/@liputan6.sctv/video/7638910407763168533,https://www.tiktok.com/@liputan6.sctv/video/7638910407763168533?commentId=7639064047967372040,scraping_tiktok,juheri223,mana ada banyak orang yang sangat senang dengan adanya MBG om ku aja yang orang kaya senang om ku juga punya dapur MBG dan sekarang lagi bangun rumah tiga tingkat
7639066485935080208,2026-05-12T17:59:49.000Z,0,https://www.tiktok.com/@liputan6.sctv/video/7638910407763168533,https://www.tiktok.com/@liputan6.sctv/video/7638910407763168533?commentId=7639066485935080208,scraping_tiktok,andy_gucci1,"@gerindra wah wah wah,,,,
pasti dari awal Udah pada tau ,,
tapi pura2 kaget aja kan,,🤣🤣🤣🤣🤣"
7639068410911392529,2026-05-12T18:07:22.000Z,0,https://www.tiktok.com/@liputan6.sctv/video/7638910407763168533,https://www.tiktok.com/@liputan6.sctv/video/7638910407763168533?commentId=7639068410911392529,scraping_tiktok,van_guns,Selamat menikmati pilihan anda😂
7639070087698236180,2026-05-12T18:13:45.000Z,0,https://www.tiktok.com/@liputan6.sctv/video/7638910407763168533,https://www.tiktok.com/@liputan6.sctv/video/7638910407763168533?commentId=7639070087698236180,scraping_tiktok,putra_blater5758,stop MBG gratiskan anak anak sekolah itu lebih tepat
7639071214426931986,2026-05-12T18:17:57.000Z,0,https://www.tiktok.com/@liputan6.sctv/video/7638910407763168533,https://www.tiktok.com/@liputan6.sctv/video/7638910407763168533?commentId=7639071214426931986,scraping_tiktok,adam.nursam,dr dulu rakyat dah tau itu kong kalingkong
7639072214650520341,2026-05-12T18:21:59.000Z,0,https://www.tiktok.com/@liputan6.sctv/video/7638910407763168533,https://www.tiktok.com/@liputan6.sctv/video/7638910407763168533?commentId=7639072214650520341,scraping_tiktok,heruws14,"yg proses SURAT IZIN tuuuhh terutama 😂, sampe dr 50 - 100jt edannnn kannnn"
7639076136370553620,2026-05-12T18:37:10.000Z,0,https://www.tiktok.com/@liputan6.sctv/video/7638910407763168533,https://www.tiktok.com/@liputan6.sctv/video/7638910407763168533?commentId=7639076136370553620,scraping_tiktok,mimicici,"Tetangga sebelah hampir tiap hari dianterin mbg oleh adeknya yg seorang guru SD. Dia bilang semenjak ada mbg, beras dan uang dapur jadi awet karna gak pernah masak😅"
7639063707485831944,2026-05-12T17:52:02.000Z,0,https://www.tiktok.com/@liputan6.sctv/video/7638910407763168533,https://www.tiktok.com/@liputan6.sctv/video/7638910407763168533?commentId=7639063707485831944,scraping_tiktok,calvinariansyah51,stop aja mbg pokus pendidikan dan kesehatan gratis itu yg diperlukan masyarakat
7639082476321882897,2026-05-12T19:02:05.000Z,0,https://www.tiktok.com/@liputan6.sctv/video/7638910407763168533,https://www.tiktok.com/@liputan6.sctv/video/7638910407763168533?commentId=7639082476321882897,scraping_tiktok,feeyyxz,bukan hal yg mengejutkan
7639083541971682056,2026-05-12T19:05:46.000Z,0,https://www.tiktok.com/@liputan6.sctv/video/7638910407763168533,https://www.tiktok.com/@liputan6.sctv/video/7638910407763168533?commentId=7639083541971682056,scraping_tiktok,abdul.rohim7808,tutup aja mbg nya
7639086653763928850,2026-05-12T19:20:59.000Z,0,https://www.tiktok.com/@liputan6.sctv/video/7638910407763168533,https://www.tiktok.com/@liputan6.sctv/video/7638910407763168533?commentId=7639086653763928850,scraping_tiktok,ustkacong319,gak percaya.....
7639089983591088904,2026-05-12T19:30:56.000Z,0,https://www.tiktok.com/@liputan6.sctv/video/7638910407763168533,https://www.tiktok.com/@liputan6.sctv/video/7638910407763168533?commentId=7639089983591088904,scraping_tiktok,bagioanakbungsu,"emang bersni kpk mengusut di MBG,"
7639091200590545671,2026-05-12T19:35:33.000Z,0,https://www.tiktok.com/@liputan6.sctv/video/7638910407763168533,https://www.tiktok.com/@liputan6.sctv/video/7638910407763168533?commentId=7639091200590545671,scraping_tiktok,irfan.y7,"ini cuman AI, ngak mungkin di selidiki KPK, bisa marah pak Prabowo"
7639093780708279060,2026-05-12T19:45:43.000Z,0,https://www.tiktok.com/@liputan6.sctv/video/7638910407763168533,https://www.tiktok.com/@liputan6.sctv/video/7638910407763168533?commentId=7639093780708279060,scraping_tiktok,te.o.em.i,"kok berita begini sih ?? bohong ya ?
mbg itu program bagus anjir mana mungkin begitu .. semua rakyat dapat manfaat dan tidak ada yg di rugikan"
7639094004714128149,2026-05-12T19:46:37.000Z,0,https://www.tiktok.com/@liputan6.sctv/video/7638910407763168533,https://www.tiktok.com/@liputan6.sctv/video/7638910407763168533?commentId=7639094004714128149,scraping_tiktok,konohaasik,"Mbg bagus kok, Siswa bahagia menerima mbg"
7639018920306082567,2026-05-12T14:55:05.000Z,0,https://www.tiktok.com/@liputan6.sctv/video/7638910407763168533,https://www.tiktok.com/@liputan6.sctv/video/7638910407763168533?commentId=7639018920306082567,scraping_tiktok,chefdaeng,tutup MGP
7639018873744032532,2026-05-12T14:54:54.000Z,0,https://www.tiktok.com/@liputan6.sctv/video/7638910407763168533,https://www.tiktok.com/@liputan6.sctv/video/7638910407763168533?commentId=7639018873744032532,scraping_tiktok,garudamas.fc1,ya yalah kita daftar online ditutup eh dilapangan dapur bikin terus
7639018065019568917,2026-05-12T14:51:47.000Z,0,https://www.tiktok.com/@liputan6.sctv/video/7638910407763168533,https://www.tiktok.com/@liputan6.sctv/video/7638910407763168533?commentId=7639018065019568917,scraping_tiktok,pakcik_sukri123,President sendiri aj korupsi
7639095665969333000,2026-05-12T19:52:57.000Z,0,https://www.tiktok.com/@liputan6.sctv/video/7638910407763168533,https://www.tiktok.com/@liputan6.sctv/video/7638910407763168533?commentId=7639095665969333000,scraping_tiktok,nad_sad1,mbg satang korupsi
7639097976614765313,2026-05-12T20:02:13.000Z,0,https://www.tiktok.com/@liputan6.sctv/video/7638910407763168533,https://www.tiktok.com/@liputan6.sctv/video/7638910407763168533?commentId=7639097976614765313,scraping_tiktok,qolbu740,riweh bgt bjir. stop udah
7639059451488830209,2026-05-12T17:32:22.000Z,0,https://www.tiktok.com/@liputan6.sctv/video/7638910407763168533,https://www.tiktok.com/@liputan6.sctv/video/7638910407763168533?commentId=7639059451488830209,scraping_tiktok,dedetk,yang baru ketemu cuman belatung
7639054326443459349,2026-05-12T17:12:35.000Z,0,https://www.tiktok.com/@liputan6.sctv/video/7638910407763168533,https://www.tiktok.com/@liputan6.sctv/video/7638910407763168533?commentId=7639054326443459349,scraping_tiktok,tri.astuti021,astagfirullah ya Allah
7639054282155885329,2026-05-12T17:12:36.000Z,0,https://www.tiktok.com/@liputan6.sctv/video/7638910407763168533,https://www.tiktok.com/@liputan6.sctv/video/7638910407763168533?commentId=7639054282155885329,scraping_tiktok,asrhof8,"cukup 1 periode . karena sekalipun terungkap palingan hukumannya 6 tahun . karena pastinya buanyak petinggi"" mulai polisi yg berkecamok di program ini ."
7639054892367217426,2026-05-12T17:14:34.000Z,0,https://www.tiktok.com/@liputan6.sctv/video/7638910407763168533,https://www.tiktok.com/@liputan6.sctv/video/7638910407763168533?commentId=7639054892367217426,scraping_tiktok,netizens427,atur sekacau mungkin prabowo
7638927192089608977,2026-05-12T08:59:11.000Z,0,https://www.tiktok.com/@liputan6.sctv/video/7638910407763168533,https://www.tiktok.com/@liputan6.sctv/video/7638910407763168533?commentId=7638927192089608977,scraping_tiktok,nofo.susanto,Alhamdulillah akhirnya terbongkar.
7639056059526546194,2026-05-12T17:19:07.000Z,0,https://www.tiktok.com/@liputan6.sctv/video/7638910407763168533,https://www.tiktok.com/@liputan6.sctv/video/7638910407763168533?commentId=7639056059526546194,scraping_tiktok,muhammadnursyafei6,😳😳😳
7639055576769954568,2026-05-12T17:21:31.000Z,0,https://www.tiktok.com/@liputan6.sctv/video/7638910407763168533,https://www.tiktok.com/@liputan6.sctv/video/7638910407763168533?commentId=7639055576769954568,scraping_tiktok,user86240698017302,semua minta bagian
7638927154206999314,2026-05-12T08:59:10.000Z,0,https://www.tiktok.com/@liputan6.sctv/video/7638910407763168533,https://www.tiktok.com/@liputan6.sctv/video/7638910407763168533?commentId=7638927154206999314,scraping_tiktok,jaystel0,🔥
7638926745235637013,2026-05-12T08:57:23.000Z,0,https://www.tiktok.com/@liputan6.sctv/video/7638910407763168533,https://www.tiktok.com/@liputan6.sctv/video/7638910407763168533?commentId=7638926745235637013,scraping_tiktok,nanaxgemoy,Periksa juga dek Dandan
7638926549367161607,2026-05-12T08:56:44.000Z,0,https://www.tiktok.com/@liputan6.sctv/video/7638910407763168533,https://www.tiktok.com/@liputan6.sctv/video/7638910407763168533?commentId=7638926549367161607,scraping_tiktok,iksanska1,kemana aja
7639058555462550293,2026-05-12T17:28:52.000Z,0,https://www.tiktok.com/@liputan6.sctv/video/7638910407763168533,https://www.tiktok.com/@liputan6.sctv/video/7638910407763168533?commentId=7639058555462550293,scraping_tiktok,udinsuryateknik,"hutang Indonesia msh byk,smp kpn Indonesia bayar hutang luar negeri???
dr SPPG brp persen Per hari uang kembali ke negara Indonesia buat bayar hutang, apakah dr MBG bs buat bangun Indonesia ?biar Indonesia maju, bukan negara berkembang"
7638926287701279509,2026-05-12T08:55:48.000Z,0,https://www.tiktok.com/@liputan6.sctv/video/7638910407763168533,https://www.tiktok.com/@liputan6.sctv/video/7638910407763168533?commentId=7638926287701279509,scraping_tiktok,langlinglung00,yakin????
7639058784476005128,2026-05-12T17:29:41.000Z,0,https://www.tiktok.com/@liputan6.sctv/video/7638910407763168533,https://www.tiktok.com/@liputan6.sctv/video/7638910407763168533?commentId=7639058784476005128,scraping_tiktok,akuntaovrok,celah apa Goa
7638926229329183495,2026-05-12T08:55:24.000Z,0,https://www.tiktok.com/@liputan6.sctv/video/7638910407763168533,https://www.tiktok.com/@liputan6.sctv/video/7638910407763168533?commentId=7638926229329183495,scraping_tiktok,sobatkomen,"org awam aja tahu, yaelah.."
7639098051441148693,2026-05-12T20:02:21.000Z,0,https://www.tiktok.com/@liputan6.sctv/video/7638910407763168533,https://www.tiktok.com/@liputan6.sctv/video/7638910407763168533?commentId=7639098051441148693,scraping_tiktok,desi.real30,MBG gak adil anak orang kaya juga ikut makan
7638925987769500437,2026-05-12T08:54:28.000Z,0,https://www.tiktok.com/@liputan6.sctv/video/7638910407763168533,https://www.tiktok.com/@liputan6.sctv/video/7638910407763168533?commentId=7638925987769500437,scraping_tiktok,kiranamahardika3,basa basi
7639061554217878279,2026-05-12T17:40:25.000Z,0,https://www.tiktok.com/@liputan6.sctv/video/7638910407763168533,https://www.tiktok.com/@liputan6.sctv/video/7638910407763168533?commentId=7639061554217878279,scraping_tiktok,tommysetiawarman,"tumben diberitain mbg celah korupsi..padahal dari sebelum ganti tahun banyak yg dah blg buat ajang korupsi tp yg diatas diem aja,jd kesannya buat nutup berita""lain jd dinaikin lg berita mbg..contoh berita lain masalah di pulau komodo yg tidak di terlalu di up padahal mau di bangun 600an villa kebetulan bgt barusan beberapa kali lewat masalah pulau komodo"
7639061869919666965,2026-05-12T17:41:47.000Z,0,https://www.tiktok.com/@liputan6.sctv/video/7638910407763168533,https://www.tiktok.com/@liputan6.sctv/video/7638910407763168533?commentId=7639061869919666965,scraping_tiktok,ibonk.16,stop mbg
7638925940467729160,2026-05-12T08:54:20.000Z,0,https://www.tiktok.com/@liputan6.sctv/video/7638910407763168533,https://www.tiktok.com/@liputan6.sctv/video/7638910407763168533?commentId=7638925940467729160,scraping_tiktok,rizal.udin,kaos kaki sepasang 100rb wow bgt🤣
7639062715797947154,2026-05-12T17:45:01.000Z,0,https://www.tiktok.com/@liputan6.sctv/video/7638910407763168533,https://www.tiktok.com/@liputan6.sctv/video/7638910407763168533?commentId=7639062715797947154,scraping_tiktok,eka00839,tutup mbg
7639063072761774856,2026-05-12T17:46:21.000Z,0,https://www.tiktok.com/@liputan6.sctv/video/7638910407763168533,https://www.tiktok.com/@liputan6.sctv/video/7638910407763168533?commentId=7639063072761774856,scraping_tiktok,hermanahhermanah6,stoop MBG
7639063382805250837,2026-05-12T17:47:40.000Z,0,https://www.tiktok.com/@liputan6.sctv/video/7638910407763168533,https://www.tiktok.com/@liputan6.sctv/video/7638910407763168533?commentId=7639063382805250837,scraping_tiktok,muhammad.hifduddin,ngapain juga prabowo nyuruh dudung sama aja ga akan ngaruh.
7639064441770918663,2026-05-12T17:51:42.000Z,0,https://www.tiktok.com/@liputan6.sctv/video/7638910407763168533,https://www.tiktok.com/@liputan6.sctv/video/7638910407763168533?commentId=7639064441770918663,scraping_tiktok,pak.ir_key,Celah? Peluang korup yang sangat besar sedari lama baru dibilang celah?
7638920062400889620,2026-05-12T08:31:28.000Z,0,https://www.tiktok.com/@liputan6.sctv/video/7638910407763168533,https://www.tiktok.com/@liputan6.sctv/video/7638910407763168533?commentId=7638920062400889620,scraping_tiktok,abdkahar59,kaos kaki 15 000/ pasang
7638920200649818900,2026-05-12T08:32:08.000Z,0,https://www.tiktok.com/@liputan6.sctv/video/7638910407763168533,https://www.tiktok.com/@liputan6.sctv/video/7638910407763168533?commentId=7638920200649818900,scraping_tiktok,0maqu,"kan udah di kasih tau banyak celah buat korupsi.. apa garah"" kemarin pas demo buruh. dengar sendiri."
7638920162590671636,2026-05-12T08:31:55.000Z,0,https://www.tiktok.com/@liputan6.sctv/video/7638910407763168533,https://www.tiktok.com/@liputan6.sctv/video/7638910407763168533?commentId=7638920162590671636,scraping_tiktok,spynnnn_1,"1 titik 250jt, ytta"
7639128363399217940,2026-05-12T22:00:02.000Z,0,https://www.tiktok.com/@liputan6.sctv/video/7638910407763168533,https://www.tiktok.com/@liputan6.sctv/video/7638910407763168533?commentId=7639128363399217940,scraping_tiktok,indonesiakonohaomon2,yg korupsi nya juga yg nyidak nya 🤣
7638919161204867847,2026-05-12T08:28:00.000Z,0,https://www.tiktok.com/@liputan6.sctv/video/7638910407763168533,https://www.tiktok.com/@liputan6.sctv/video/7638910407763168533?commentId=7638919161204867847,scraping_tiktok,desul88,marapnya 10x ganda.setiap satu barang
7638919142297666311,2026-05-12T08:27:53.000Z,0,https://www.tiktok.com/@liputan6.sctv/video/7638910407763168533,https://www.tiktok.com/@liputan6.sctv/video/7638910407763168533?commentId=7638919142297666311,scraping_tiktok,jalankebenaran111,bukan hanya di mbg @PRABOWO SUBIANTO tapi agrinas mohon di cek
7638918973152985876,2026-05-12T08:27:19.000Z,0,https://www.tiktok.com/@liputan6.sctv/video/7638910407763168533,https://www.tiktok.com/@liputan6.sctv/video/7638910407763168533?commentId=7638918973152985876,scraping_tiktok,bantalbaru56,"ini resikonya proggram presiden di buat Tampa memikirkan efek samping , kini apa mau di kata ekonomi hancur rakyat makin tercekik, bahan pokok makin mahal"
7638918499892577044,2026-05-12T08:25:24.000Z,0,https://www.tiktok.com/@liputan6.sctv/video/7638910407763168533,https://www.tiktok.com/@liputan6.sctv/video/7638910407763168533?commentId=7638918499892577044,scraping_tiktok,k.i_wardana,"Dudung? Kok dudunh sih, KPK hrusnya gerak smua napa dudung 😭"
7638918008782488328,2026-05-12T08:23:31.000Z,0,https://www.tiktok.com/@liputan6.sctv/video/7638910407763168533,https://www.tiktok.com/@liputan6.sctv/video/7638910407763168533?commentId=7638918008782488328,scraping_tiktok,rosmaliana357,tolong jngan semakin mencekik pedang kecill 😳
7638917977526387476,2026-05-12T08:23:30.000Z,0,https://www.tiktok.com/@liputan6.sctv/video/7638910407763168533,https://www.tiktok.com/@liputan6.sctv/video/7638910407763168533?commentId=7638917977526387476,scraping_tiktok,ihwaumrrh,udh deh pokoknya cukup sebulan aja jd akuntan 😂
7639119517767729940,2026-05-12T21:25:51.000Z,0,https://www.tiktok.com/@liputan6.sctv/video/7638910407763168533,https://www.tiktok.com/@liputan6.sctv/video/7638910407763168533?commentId=7639119517767729940,scraping_tiktok,sutejo.alvien,"PEMBANGUNAN GERAI GEDUNG KDMP MALAH LEBIH PARAH, KPK, KEJAKSAAN, KEPOLISIAN HARUS BERANI MENGUNGKAP MARK UP, KORUPSI , BAWA DI PENGADILAN UMUM, KASIHAN RAKYAT DESA YANG DANA DESANYA DIPOTONG 70%/ TAHUN UNTUK DESA & KELURAHAN DI SELURUH NKRI"
7639100046117667604,2026-05-12T20:09:57.000Z,0,https://www.tiktok.com/@liputan6.sctv/video/7638910407763168533,https://www.tiktok.com/@liputan6.sctv/video/7638910407763168533?commentId=7639100046117667604,scraping_tiktok,qwertylife151,[Sticker] 
7639103104549880594,2026-05-12T20:21:46.000Z,0,https://www.tiktok.com/@liputan6.sctv/video/7638910407763168533,https://www.tiktok.com/@liputan6.sctv/video/7638910407763168533?commentId=7639103104549880594,scraping_tiktok,ferdianaballibu,naaaah naaaah mulai ketar ketir nih 🤣🤣🤣🤣🤣
7638934389548073748,2026-05-12T09:30:41.000Z,0,https://www.tiktok.com/@liputan6.sctv/video/7638910407763168533,https://www.tiktok.com/@liputan6.sctv/video/7638910407763168533?commentId=7638934389548073748,scraping_tiktok,faiz_hidayat,11 dari 100
7638927541428552456,2026-05-12T09:00:25.000Z,0,https://www.tiktok.com/@liputan6.sctv/video/7638910407763168533,https://www.tiktok.com/@liputan6.sctv/video/7638910407763168533?commentId=7638927541428552456,scraping_tiktok,user7823284455933,BUBARIN mbg labih baik
7638930707474449153,2026-05-12T09:13:03.000Z,0,https://www.tiktok.com/@liputan6.sctv/video/7638910407763168533,https://www.tiktok.com/@liputan6.sctv/video/7638910407763168533?commentId=7638930707474449153,scraping_tiktok,williceria1,baru tau pak😂
7638930767033172754,2026-05-12T09:12:58.000Z,0,https://www.tiktok.com/@liputan6.sctv/video/7638910407763168533,https://www.tiktok.com/@liputan6.sctv/video/7638910407763168533?commentId=7638930767033172754,scraping_tiktok,nur511033,audit woro woro ....harus nya prank
7638930042463453968,2026-05-12T09:10:15.000Z,0,https://www.tiktok.com/@liputan6.sctv/video/7638910407763168533,https://www.tiktok.com/@liputan6.sctv/video/7638910407763168533?commentId=7638930042463453968,scraping_tiktok,chamingkhan,😇😇😇
7638929818948797191,2026-05-12T09:09:21.000Z,0,https://www.tiktok.com/@liputan6.sctv/video/7638910407763168533,https://www.tiktok.com/@liputan6.sctv/video/7638910407763168533?commentId=7638929818948797191,scraping_tiktok,m.rakhmat2,Siapa yg berani mengusik MBG? KPK? 😂😂😂😂😂😂
7638929525224506119,2026-05-12T09:08:07.000Z,0,https://www.tiktok.com/@liputan6.sctv/video/7638910407763168533,https://www.tiktok.com/@liputan6.sctv/video/7638910407763168533?commentId=7638929525224506119,scraping_tiktok,didik1995,apa sih yang gak bisa di korupsi di negeri ini
7638929424516023058,2026-05-12T09:07:48.000Z,0,https://www.tiktok.com/@liputan6.sctv/video/7638910407763168533,https://www.tiktok.com/@liputan6.sctv/video/7638910407763168533?commentId=7638929424516023058,scraping_tiktok,bang.red.arrow,cek cek cek baliho cek baliho
7638929277806707463,2026-05-12T09:07:08.000Z,0,https://www.tiktok.com/@liputan6.sctv/video/7638910407763168533,https://www.tiktok.com/@liputan6.sctv/video/7638910407763168533?commentId=7638929277806707463,scraping_tiktok,zaya4009,[Sticker] 
7638929117992092437,2026-05-12T09:06:44.000Z,0,https://www.tiktok.com/@liputan6.sctv/video/7638910407763168533,https://www.tiktok.com/@liputan6.sctv/video/7638910407763168533?commentId=7638929117992092437,scraping_tiktok,zakiaana5,kemana aja baru nyadar klo MBG hanya membuka peluang korupsi bagi yg punya dapur
7638928256280789778,2026-05-12T09:03:16.000Z,0,https://www.tiktok.com/@liputan6.sctv/video/7638910407763168533,https://www.tiktok.com/@liputan6.sctv/video/7638910407763168533?commentId=7638928256280789778,scraping_tiktok,geraintz,Wowo mah susah dinasihatin
7638928194322268948,2026-05-12T09:03:08.000Z,0,https://www.tiktok.com/@liputan6.sctv/video/7638910407763168533,https://www.tiktok.com/@liputan6.sctv/video/7638910407763168533?commentId=7638928194322268948,scraping_tiktok,jevajevo,"Program MBG baik tetapi oknum koruptor harus di proses hukum, termasuk pula KDMP. pak Prabowo Subianto @Prabowo Subianto"
7638926651917042452,2026-05-12T09:01:02.000Z,0,https://www.tiktok.com/@liputan6.sctv/video/7638910407763168533,https://www.tiktok.com/@liputan6.sctv/video/7638910407763168533?commentId=7638926651917042452,scraping_tiktok,ko.daeng7,saya yakin ada korupsi dibalik MBG
7638930873345688328,2026-05-12T09:13:23.000Z,0,https://www.tiktok.com/@liputan6.sctv/video/7638910407763168533,https://www.tiktok.com/@liputan6.sctv/video/7638910407763168533?commentId=7638930873345688328,scraping_tiktok,potretliburan,"Proyek begini mana mungkin gak ada celah korupsi, tapi tetep aja dijalanin 😅"
7639108124435596052,2026-05-12T20:41:23.000Z,0,https://www.tiktok.com/@liputan6.sctv/video/7638910407763168533,https://www.tiktok.com/@liputan6.sctv/video/7638910407763168533?commentId=7639108124435596052,scraping_tiktok,healwithtime57,"dah pak prabowo cukup 1 periode aja yg penting kan udah ngerasain jadi presiden setelah beberapa kali kalah terus,ijin ini mh 🙏"
7639109123983983380,2026-05-12T20:45:13.000Z,0,https://www.tiktok.com/@liputan6.sctv/video/7638910407763168533,https://www.tiktok.com/@liputan6.sctv/video/7638910407763168533?commentId=7639109123983983380,scraping_tiktok,prihatun73,TUTUP
7639109188825072391,2026-05-12T20:45:25.000Z,0,https://www.tiktok.com/@liputan6.sctv/video/7638910407763168533,https://www.tiktok.com/@liputan6.sctv/video/7638910407763168533?commentId=7639109188825072391,scraping_tiktok,ekosusanto88,stop aja mbg.mending kasihkan kan murid untuk beli seragam&alat2 tulis.
7639112176066151189,2026-05-12T20:57:16.000Z,0,https://www.tiktok.com/@liputan6.sctv/video/7638910407763168533,https://www.tiktok.com/@liputan6.sctv/video/7638910407763168533?commentId=7639112176066151189,scraping_tiktok,capitalismruinedmylifee,air ditemukan di laut
7639117545433826066,2026-05-12T21:17:50.000Z,0,https://www.tiktok.com/@liputan6.sctv/video/7638910407763168533,https://www.tiktok.com/@liputan6.sctv/video/7638910407763168533?commentId=7639117545433826066,scraping_tiktok,agusbackyard,program aneh dana 1 trilyun lebih dibuang ke septitank & tong sampah
7639117984048497429,2026-05-12T21:19:36.000Z,0,https://www.tiktok.com/@liputan6.sctv/video/7638910407763168533,https://www.tiktok.com/@liputan6.sctv/video/7638910407763168533?commentId=7639117984048497429,scraping_tiktok,iambudiutomo,MALAH AKTOR UTAMANYA YANG SURUH SELIDIKI 🤣🤣🤣🤣
7639118203733902098,2026-05-12T21:20:24.000Z,0,https://www.tiktok.com/@liputan6.sctv/video/7638910407763168533,https://www.tiktok.com/@liputan6.sctv/video/7638910407763168533?commentId=7639118203733902098,scraping_tiktok,c4culit_k4pur,"emang dirumah masing masing gak dikasih makan anak anak nya,hingga MBG harus di perioritaskan"
7639054292409828114,2026-05-12T17:12:15.000Z,0,https://www.tiktok.com/@liputan6.sctv/video/7638910407763168533,https://www.tiktok.com/@liputan6.sctv/video/7638910407763168533?commentId=7639054292409828114,scraping_tiktok,frengki_frendika,Banyak korupsi nya anggaranya gak masuk akal 😂😂
7639121587115721479,2026-05-12T21:33:37.000Z,0,https://www.tiktok.com/@liputan6.sctv/video/7638910407763168533,https://www.tiktok.com/@liputan6.sctv/video/7638910407763168533?commentId=7639121587115721479,scraping_tiktok,aisyahisa229,MBG korupsi gaya baru
7639121739335779090,2026-05-12T21:34:12.000Z,0,https://www.tiktok.com/@liputan6.sctv/video/7638910407763168533,https://www.tiktok.com/@liputan6.sctv/video/7638910407763168533?commentId=7639121739335779090,scraping_tiktok,dye4khbsnyls,masalah utama dadang
7639121765108794133,2026-05-12T21:34:19.000Z,0,https://www.tiktok.com/@liputan6.sctv/video/7638910407763168533,https://www.tiktok.com/@liputan6.sctv/video/7638910407763168533?commentId=7639121765108794133,scraping_tiktok,kyoshiromibu22,@Humas Polri
7639122015433769748,2026-05-12T21:35:30.000Z,0,https://www.tiktok.com/@liputan6.sctv/video/7638910407763168533,https://www.tiktok.com/@liputan6.sctv/video/7638910407763168533?commentId=7639122015433769748,scraping_tiktok,kuuzmaaaa,wuuuu kesegaraaan
7639122188247712519,2026-05-12T21:35:59.000Z,0,https://www.tiktok.com/@liputan6.sctv/video/7638910407763168533,https://www.tiktok.com/@liputan6.sctv/video/7638910407763168533?commentId=7639122188247712519,scraping_tiktok,witra73,Aya lieuran
7639123219072893703,2026-05-12T21:39:56.000Z,0,https://www.tiktok.com/@liputan6.sctv/video/7638910407763168533,https://www.tiktok.com/@liputan6.sctv/video/7638910407763168533?commentId=7639123219072893703,scraping_tiktok,lamijan.sukorukun8,🔥
7639123219584549653,2026-05-12T21:39:59.000Z,0,https://www.tiktok.com/@liputan6.sctv/video/7638910407763168533,https://www.tiktok.com/@liputan6.sctv/video/7638910407763168533?commentId=7639123219584549653,scraping_tiktok,pendaringan02,ada info dari Garut yg mau kerja di mbg harus bayar 500 / orang
7639126458921370389,2026-05-12T21:52:39.000Z,0,https://www.tiktok.com/@liputan6.sctv/video/7638910407763168533,https://www.tiktok.com/@liputan6.sctv/video/7638910407763168533?commentId=7639126458921370389,scraping_tiktok,sultanhardiansyah3,wow dana segar..makanya cepet kaya yg kasian guru honorer 🤔🤔🤔
7639127172133815060,2026-05-12T21:55:32.000Z,0,https://www.tiktok.com/@liputan6.sctv/video/7638910407763168533,https://www.tiktok.com/@liputan6.sctv/video/7638910407763168533?commentId=7639127172133815060,scraping_tiktok,adimateng,ini harus ada tersangka ini akal akalan program mbg harus di hapus
7638931246411891473,2026-05-12T09:14:48.000Z,0,https://www.tiktok.com/@liputan6.sctv/video/7638910407763168533,https://www.tiktok.com/@liputan6.sctv/video/7638910407763168533?commentId=7638931246411891473,scraping_tiktok,nguliktimnas,Mantap pak Prabowo
7639023939008856852,2026-05-12T15:14:40.000Z,0,https://www.tiktok.com/@liputan6.sctv/video/7638910407763168533,https://www.tiktok.com/@liputan6.sctv/video/7638910407763168533?commentId=7639023939008856852,scraping_tiktok,restudelow,"sedangkan sppg sama pemilik dapur kongkalikong kalau nggak, gak dapat jatah setoran dia"
7639024307930678036,2026-05-12T15:16:01.000Z,0,https://www.tiktok.com/@liputan6.sctv/video/7638910407763168533,https://www.tiktok.com/@liputan6.sctv/video/7638910407763168533?commentId=7639024307930678036,scraping_tiktok,jangkrikdara,Telat
7639024457503261457,2026-05-12T15:16:28.000Z,0,https://www.tiktok.com/@liputan6.sctv/video/7638910407763168533,https://www.tiktok.com/@liputan6.sctv/video/7638910407763168533?commentId=7639024457503261457,scraping_tiktok,lufollowguefolback17,denger denger gaji pekerja mbg murah apakah itu betul?
7638932625269097223,2026-05-12T09:20:14.000Z,0,https://www.tiktok.com/@liputan6.sctv/video/7638910407763168533,https://www.tiktok.com/@liputan6.sctv/video/7638910407763168533?commentId=7638932625269097223,scraping_tiktok,suntawan83,astaghfirullah
7639024721379918610,2026-05-12T15:17:30.000Z,0,https://www.tiktok.com/@liputan6.sctv/video/7638910407763168533,https://www.tiktok.com/@liputan6.sctv/video/7638910407763168533?commentId=7639024721379918610,scraping_tiktok,malickanurfauzia,lah telat
7638932578792030983,2026-05-12T09:20:04.000Z,0,https://www.tiktok.com/@liputan6.sctv/video/7638910407763168533,https://www.tiktok.com/@liputan6.sctv/video/7638910407763168533?commentId=7638932578792030983,scraping_tiktok,yunar33,Stop MBG
7638931782499730184,2026-05-12T09:17:00.000Z,0,https://www.tiktok.com/@liputan6.sctv/video/7638910407763168533,https://www.tiktok.com/@liputan6.sctv/video/7638910407763168533?commentId=7638931782499730184,scraping_tiktok,zaqianss,program korupsi Indonesia
7638932705803469575,2026-05-12T09:20:27.000Z,0,https://www.tiktok.com/@liputan6.sctv/video/7638910407763168533,https://www.tiktok.com/@liputan6.sctv/video/7638910407763168533?commentId=7638932705803469575,scraping_tiktok,indocell80,Klo mbg ga di tutup lengserkan si wowo
7639037410969453313,2026-05-12T16:06:45.000Z,0,https://www.tiktok.com/@liputan6.sctv/video/7638910407763168533,https://www.tiktok.com/@liputan6.sctv/video/7638910407763168533?commentId=7639037410969453313,scraping_tiktok,user2723422755519,betul ladang korupsi
7639037251032269588,2026-05-12T16:06:11.000Z,0,https://www.tiktok.com/@liputan6.sctv/video/7638910407763168533,https://www.tiktok.com/@liputan6.sctv/video/7638910407763168533?commentId=7639037251032269588,scraping_tiktok,jefy.86,mending pengobatan gratis dan sekolah gratis
7639040313533547282,2026-05-12T16:18:03.000Z,0,https://www.tiktok.com/@liputan6.sctv/video/7638910407763168533,https://www.tiktok.com/@liputan6.sctv/video/7638910407763168533?commentId=7639040313533547282,scraping_tiktok,durianjuragan.buah99,Ada yg dimintai 350 juta loh untuk 1 titik … kalo buat makan duren se provinsi kebagian 😂😂
7639036824950375188,2026-05-12T16:04:36.000Z,0,https://www.tiktok.com/@liputan6.sctv/video/7638910407763168533,https://www.tiktok.com/@liputan6.sctv/video/7638910407763168533?commentId=7639036824950375188,scraping_tiktok,yanyanto594,ya tutup aja mbg
7639036686206550801,2026-05-12T16:03:58.000Z,0,https://www.tiktok.com/@liputan6.sctv/video/7638910407763168533,https://www.tiktok.com/@liputan6.sctv/video/7638910407763168533?commentId=7639036686206550801,scraping_tiktok,sufaradin,"usaha rumah makan yang menjanjikan sih itu sppg,,,yg bergizi itu rekening sppg nya sih menurut sy mh"
7639035833002492680,2026-05-12T16:00:43.000Z,0,https://www.tiktok.com/@liputan6.sctv/video/7638910407763168533,https://www.tiktok.com/@liputan6.sctv/video/7638910407763168533?commentId=7639035833002492680,scraping_tiktok,dedsmrdi,🗿🗿🗿
7639035659835343637,2026-05-12T16:00:03.000Z,0,https://www.tiktok.com/@liputan6.sctv/video/7638910407763168533,https://www.tiktok.com/@liputan6.sctv/video/7638910407763168533?commentId=7639035659835343637,scraping_tiktok,03_arman_03,bubar mbg
7639048030181016336,2026-05-12T16:48:04.000Z,0,https://www.tiktok.com/@liputan6.sctv/video/7638910407763168533,https://www.tiktok.com/@liputan6.sctv/video/7638910407763168533?commentId=7639048030181016336,scraping_tiktok,nonoadv,😂😂😂
7639049502372463367,2026-05-12T16:53:43.000Z,0,https://www.tiktok.com/@liputan6.sctv/video/7638910407763168533,https://www.tiktok.com/@liputan6.sctv/video/7638910407763168533?commentId=7639049502372463367,scraping_tiktok,aneukadam,saya dari dulu bilang kalo MBG dan KOPDES itu ladang korupsi kedepan🤣🤣GA Heran lagi
7639049655464887058,2026-05-12T16:54:22.000Z,0,https://www.tiktok.com/@liputan6.sctv/video/7638910407763168533,https://www.tiktok.com/@liputan6.sctv/video/7638910407763168533?commentId=7639049655464887058,scraping_tiktok,blithaaa4,MBG tidak ada gunanya .buat masyarakat
7639049735613252372,2026-05-12T16:57:28.000Z,0,https://www.tiktok.com/@liputan6.sctv/video/7638910407763168533,https://www.tiktok.com/@liputan6.sctv/video/7638910407763168533?commentId=7639049735613252372,scraping_tiktok,ridwanstirtana,"saudara saudara catat kalau Prabowo jadi presiden
kesehatan gratis
pendidikan gratis
angkutan gratis
jam tangan buatan Indonesia
motor buatan Indonesia
mobil buatan Indonesia"
7639047037933863696,2026-05-12T16:44:28.000Z,0,https://www.tiktok.com/@liputan6.sctv/video/7638910407763168533,https://www.tiktok.com/@liputan6.sctv/video/7638910407763168533?commentId=7639047037933863696,scraping_tiktok,ariefbulefbr,udah jelas2n ladang korupsi seperti pengadaan kendaraan motor. tablet. kaus kaki. sepatu itu tidak masuk akal
7639044978500993799,2026-05-12T16:39:38.000Z,0,https://www.tiktok.com/@liputan6.sctv/video/7638910407763168533,https://www.tiktok.com/@liputan6.sctv/video/7638910407763168533?commentId=7639044978500993799,scraping_tiktok,harunrafly256,wes jln baru denger
7639044809034859272,2026-05-12T16:35:29.000Z,0,https://www.tiktok.com/@liputan6.sctv/video/7638910407763168533,https://www.tiktok.com/@liputan6.sctv/video/7638910407763168533?commentId=7639044809034859272,scraping_tiktok,laliving7,program tidak masuk akal cuma di nikmati 5 menit di lidah anggaran nya ratusan triliun.tetap PK Jokowi yg hebat prioritaskan pembangunan yg bisa di nikmati ke jangka panjang untuk anak cucu kita.dan jelas jejak bagunan megah dan bermanfaat di seluruh Indonesia mantap PK Joko Widodo
7639044034363753223,2026-05-12T16:32:29.000Z,0,https://www.tiktok.com/@liputan6.sctv/video/7638910407763168533,https://www.tiktok.com/@liputan6.sctv/video/7638910407763168533?commentId=7639044034363753223,scraping_tiktok,akbarnugraha333,MBG program terkocak
7639052693608973077,2026-05-12T17:06:14.000Z,0,https://www.tiktok.com/@liputan6.sctv/video/7638910407763168533,https://www.tiktok.com/@liputan6.sctv/video/7638910407763168533?commentId=7639052693608973077,scraping_tiktok,bercanda218,lol ini bukan celah lgi.yg ada ladang korupsi lol
7639053625459311367,2026-05-12T17:09:43.000Z,0,https://www.tiktok.com/@liputan6.sctv/video/7638910407763168533,https://www.tiktok.com/@liputan6.sctv/video/7638910407763168533?commentId=7639053625459311367,scraping_tiktok,hendraasmi680,Oke Gas oke Gas
7639034545065083665,2026-05-12T15:55:52.000Z,0,https://www.tiktok.com/@liputan6.sctv/video/7638910407763168533,https://www.tiktok.com/@liputan6.sctv/video/7638910407763168533?commentId=7639034545065083665,scraping_tiktok,agusrisbianto,"baru dapat atensi, nambah lagi koprasi"
7638932979431064341,2026-05-12T09:21:37.000Z,0,https://www.tiktok.com/@liputan6.sctv/video/7638910407763168533,https://www.tiktok.com/@liputan6.sctv/video/7638910407763168533?commentId=7638932979431064341,scraping_tiktok,tanaka.setia,STOP MBG.....!!!!
7639025732266754823,2026-05-12T15:21:31.000Z,0,https://www.tiktok.com/@liputan6.sctv/video/7638910407763168533,https://www.tiktok.com/@liputan6.sctv/video/7638910407763168533?commentId=7639025732266754823,scraping_tiktok,yulisusanti469,"mbg yg enak,kt yg terinjak"
7639025736238416660,2026-05-12T15:21:34.000Z,0,https://www.tiktok.com/@liputan6.sctv/video/7638910407763168533,https://www.tiktok.com/@liputan6.sctv/video/7638910407763168533?commentId=7639025736238416660,scraping_tiktok,naga.hitam3632,membantu mensejahterakan pejabat dan pemilik dapur 🤣🤣🤣
7639026485777466130,2026-05-12T15:24:29.000Z,0,https://www.tiktok.com/@liputan6.sctv/video/7638910407763168533,https://www.tiktok.com/@liputan6.sctv/video/7638910407763168533?commentId=7639026485777466130,scraping_tiktok,diway01,oh kaget saya 😲
7639027167456756497,2026-05-12T15:27:04.000Z,0,https://www.tiktok.com/@liputan6.sctv/video/7638910407763168533,https://www.tiktok.com/@liputan6.sctv/video/7638910407763168533?commentId=7639027167456756497,scraping_tiktok,orcin_orca,"Udah telatttt,"
7638932550509118229,2026-05-12T09:19:58.000Z,0,https://www.tiktok.com/@liputan6.sctv/video/7638910407763168533,https://www.tiktok.com/@liputan6.sctv/video/7638910407763168533?commentId=7638932550509118229,scraping_tiktok,a.4.family5,MBG ladang korupsi
7638932107741610759,2026-05-12T09:18:12.000Z,0,https://www.tiktok.com/@liputan6.sctv/video/7638910407763168533,https://www.tiktok.com/@liputan6.sctv/video/7638910407763168533?commentId=7638932107741610759,scraping_tiktok,agusiyan1990,apa si yg ngga bisa di korupsi di konoha
7639027116902892309,2026-05-12T15:30:15.000Z,0,https://www.tiktok.com/@liputan6.sctv/video/7638910407763168533,https://www.tiktok.com/@liputan6.sctv/video/7638910407763168533?commentId=7639027116902892309,scraping_tiktok,fznyusuf,kita bayangkan saja sekolah libur buat ujian kelas atas. yang dapat mbg kelas atas. trs sisanya kemana
7639028010147578642,2026-05-12T15:30:17.000Z,0,https://www.tiktok.com/@liputan6.sctv/video/7638910407763168533,https://www.tiktok.com/@liputan6.sctv/video/7638910407763168533?commentId=7639028010147578642,scraping_tiktok,priagus28,😂😂😂😂😂😂😂
7638931167475532564,2026-05-12T09:14:37.000Z,0,https://www.tiktok.com/@liputan6.sctv/video/7638910407763168533,https://www.tiktok.com/@liputan6.sctv/video/7638910407763168533?commentId=7638931167475532564,scraping_tiktok,pratama10143,"Harga makanan yang di terima anak sekolah per kotak nasi 10 ribu
sudah barang tentu banyak oknum yang memanfa'atkan MBG"
7638931050027189000,2026-05-12T09:14:07.000Z,0,https://www.tiktok.com/@liputan6.sctv/video/7638910407763168533,https://www.tiktok.com/@liputan6.sctv/video/7638910407763168533?commentId=7638931050027189000,scraping_tiktok,kholik.wae,"hrs segera di sidak, tolong pejabat yg berwenang"
7638929865908224788,2026-05-12T09:14:03.000Z,0,https://www.tiktok.com/@liputan6.sctv/video/7638910407763168533,https://www.tiktok.com/@liputan6.sctv/video/7638910407763168533?commentId=7638929865908224788,scraping_tiktok,ros.083,Presiden baru tau yaa..korupsi di MBG .doa km cepat terungkap..supaya program.presidrn.lbh baik lagi..
7638930987086545665,2026-05-12T09:13:48.000Z,0,https://www.tiktok.com/@liputan6.sctv/video/7638910407763168533,https://www.tiktok.com/@liputan6.sctv/video/7638910407763168533?commentId=7638930987086545665,scraping_tiktok,bunda.ira7124,"Nah betul tuh,sidak setiap MBG👍👍🙏🙏"
7639028723455476497,2026-05-12T15:33:17.000Z,0,https://www.tiktok.com/@liputan6.sctv/video/7638910407763168533,https://www.tiktok.com/@liputan6.sctv/video/7638910407763168533?commentId=7639028723455476497,scraping_tiktok,heyydoniiii12,rupiah melemah😭
7639029242772341522,2026-05-12T15:35:03.000Z,0,https://www.tiktok.com/@liputan6.sctv/video/7638910407763168533,https://www.tiktok.com/@liputan6.sctv/video/7638910407763168533?commentId=7639029242772341522,scraping_tiktok,reno43432,11 12...🤣🤣🤣
7638930975459787521,2026-05-12T09:13:45.000Z,0,https://www.tiktok.com/@liputan6.sctv/video/7638910407763168533,https://www.tiktok.com/@liputan6.sctv/video/7638910407763168533?commentId=7638930975459787521,scraping_tiktok,pjr018,Selidiki ASN nya juga banyak celah kok
7639029697422410503,2026-05-12T15:36:50.000Z,0,https://www.tiktok.com/@liputan6.sctv/video/7638910407763168533,https://www.tiktok.com/@liputan6.sctv/video/7638910407763168533?commentId=7639029697422410503,scraping_tiktok,widodo0715,@KPK_RI @Purbaya Yudhi Sadewa
7639030936873239304,2026-05-12T15:41:38.000Z,0,https://www.tiktok.com/@liputan6.sctv/video/7638910407763168533,https://www.tiktok.com/@liputan6.sctv/video/7638910407763168533?commentId=7639030936873239304,scraping_tiktok,zetmahle,@Bartman_Setiaku
7639020551813710612,2026-05-12T15:01:24.000Z,0,https://www.tiktok.com/@liputan6.sctv/video/7638910407763168533,https://www.tiktok.com/@liputan6.sctv/video/7638910407763168533?commentId=7639020551813710612,scraping_tiktok,zorroon3,di bagi aj APBN buat masyarakat biar gak pada ribut dan gak ada celah korupsi
7638930854731957013,2026-05-12T09:13:30.000Z,0,https://www.tiktok.com/@liputan6.sctv/video/7638910407763168533,https://www.tiktok.com/@liputan6.sctv/video/7638910407763168533?commentId=7638930854731957013,scraping_tiktok,noveayu19,opo lo ng indonesia seng nggak di korupsi
7638934301011215105,2026-05-12T09:27:02.000Z,0,https://www.tiktok.com/@liputan6.sctv/video/7638910407763168533,https://www.tiktok.com/@liputan6.sctv/video/7638910407763168533?commentId=7638934301011215105,scraping_tiktok,n0turbusiness,jadi selama ini Prabowo diam apakah ini cara beliau buat nangkepin pejabat2 korup?
7638934881901544210,2026-05-12T09:28:54.000Z,0,https://www.tiktok.com/@liputan6.sctv/video/7638910407763168533,https://www.tiktok.com/@liputan6.sctv/video/7638910407763168533?commentId=7638934881901544210,scraping_tiktok,abrizal.pratama1,korupsi sana berallih ke korupsi sini gitu to maksudnya
7638934632834515728,2026-05-12T09:27:59.000Z,0,https://www.tiktok.com/@liputan6.sctv/video/7638910407763168533,https://www.tiktok.com/@liputan6.sctv/video/7638910407763168533?commentId=7638934632834515728,scraping_tiktok,user17392982502216,klu leptop semua sdah pada punya sendiri dari pertama buka MBG
7639019283573408532,2026-05-12T14:56:28.000Z,0,https://www.tiktok.com/@liputan6.sctv/video/7638910407763168533,https://www.tiktok.com/@liputan6.sctv/video/7638910407763168533?commentId=7639019283573408532,scraping_tiktok,ainun_ice0,kemana aja pak 😭😭😭
7639019541209613063,2026-05-12T14:57:29.000Z,0,https://www.tiktok.com/@liputan6.sctv/video/7638910407763168533,https://www.tiktok.com/@liputan6.sctv/video/7638910407763168533?commentId=7639019541209613063,scraping_tiktok,aquarius.ajalah,@gerindra @Gibran Rakabuming baru sadar
7639019551636046613,2026-05-12T14:57:33.000Z,0,https://www.tiktok.com/@liputan6.sctv/video/7638910407763168533,https://www.tiktok.com/@liputan6.sctv/video/7638910407763168533?commentId=7639019551636046613,scraping_tiktok,kelvsdr,program dengan alibi untuk rakyat tapi malah jadi sarang korupsi yg ga bisa di tangkap kpk
7639019653402395400,2026-05-12T14:57:50.000Z,0,https://www.tiktok.com/@liputan6.sctv/video/7638910407763168533,https://www.tiktok.com/@liputan6.sctv/video/7638910407763168533?commentId=7639019653402395400,scraping_tiktok,hello.kitty1993,"MBG Ajang korupsi besar"" Rann"
7638934541285278485,2026-05-12T09:27:40.000Z,0,https://www.tiktok.com/@liputan6.sctv/video/7638910407763168533,https://www.tiktok.com/@liputan6.sctv/video/7638910407763168533?commentId=7638934541285278485,scraping_tiktok,useraquriuskwok,"diskon SPP aja bos, kalau MBG kami mama mama tiap hari juga masak sekalian buat makan keluarga"
7638934502747734785,2026-05-12T09:27:26.000Z,0,https://www.tiktok.com/@liputan6.sctv/video/7638910407763168533,https://www.tiktok.com/@liputan6.sctv/video/7638910407763168533?commentId=7638934502747734785,scraping_tiktok,user17392982502216,blum sampe motornya sampe sekarang
7639020099668509460,2026-05-12T15:03:19.000Z,0,https://www.tiktok.com/@liputan6.sctv/video/7638910407763168533,https://www.tiktok.com/@liputan6.sctv/video/7638910407763168533?commentId=7639020099668509460,scraping_tiktok,suryadi84ade,"MBG trs beritanya,, 🔥🔥🔥"
7639021120058376980,2026-05-12T15:03:39.000Z,0,https://www.tiktok.com/@liputan6.sctv/video/7638910407763168533,https://www.tiktok.com/@liputan6.sctv/video/7638910407763168533?commentId=7639021120058376980,scraping_tiktok,bangjhem93,"makan siangnya gratis, makan malamnya mahal banget"
7639021803038294785,2026-05-12T15:06:14.000Z,0,https://www.tiktok.com/@liputan6.sctv/video/7638910407763168533,https://www.tiktok.com/@liputan6.sctv/video/7638910407763168533?commentId=7639021803038294785,scraping_tiktok,firmannatuna24,satu motor bisa bayar gaji 1 tahun tenaga medis yg masih kontrak🤣🤣🤣
7638934291012027156,2026-05-12T09:26:52.000Z,0,https://www.tiktok.com/@liputan6.sctv/video/7638910407763168533,https://www.tiktok.com/@liputan6.sctv/video/7638910407763168533?commentId=7638934291012027156,scraping_tiktok,haday.auto.garage,bismillah tindak lanjut utk kebenaran mana hak mana batil
7638934231233594133,2026-05-12T09:26:25.000Z,0,https://www.tiktok.com/@liputan6.sctv/video/7638910407763168533,https://www.tiktok.com/@liputan6.sctv/video/7638910407763168533?commentId=7638934231233594133,scraping_tiktok,dhimas.loyang,up......Ben piral
7639021953264943880,2026-05-12T15:06:46.000Z,0,https://www.tiktok.com/@liputan6.sctv/video/7638910407763168533,https://www.tiktok.com/@liputan6.sctv/video/7638910407763168533?commentId=7639021953264943880,scraping_tiktok,andristinky24,"hapus mbg,berikan ke org tua y langsung duit y klo mampu mh negara"
7638934160220750613,2026-05-12T09:26:17.000Z,0,https://www.tiktok.com/@liputan6.sctv/video/7638910407763168533,https://www.tiktok.com/@liputan6.sctv/video/7638910407763168533?commentId=7638934160220750613,scraping_tiktok,j_offical69,"Lah pak, kok baru sadar sekarang.. @PRABOWO SUBIANTO @@gerindra"
7639021443049423636,2026-05-12T15:07:08.000Z,0,https://www.tiktok.com/@liputan6.sctv/video/7638910407763168533,https://www.tiktok.com/@liputan6.sctv/video/7638910407763168533?commentId=7639021443049423636,scraping_tiktok,abdulgani5629,lah GK aneh.presiden jg orang korup
7639022121369420564,2026-05-12T15:07:36.000Z,0,https://www.tiktok.com/@liputan6.sctv/video/7638910407763168533,https://www.tiktok.com/@liputan6.sctv/video/7638910407763168533?commentId=7639022121369420564,scraping_tiktok,kangarie11,"sebuah program yang visioner yang akan berdampak baik kepada masyarakat biasanya banyak pertentangan apalagi di tambah masifnya pelanggaran yang dilakukan oleh pihak-pihak tertentu.
""sebenarnya MBG itu sangat baik untuk masyarakat jika di terapkan dengan semestinya"""
7638933598128620295,2026-05-12T09:23:52.000Z,0,https://www.tiktok.com/@liputan6.sctv/video/7638910407763168533,https://www.tiktok.com/@liputan6.sctv/video/7638910407763168533?commentId=7638933598128620295,scraping_tiktok,bengawansore79,👍👍👍
7639023399008174869,2026-05-12T15:12:28.000Z,0,https://www.tiktok.com/@liputan6.sctv/video/7638910407763168533,https://www.tiktok.com/@liputan6.sctv/video/7638910407763168533?commentId=7639023399008174869,scraping_tiktok,lonelyman374,semoga bkn omon2 sj.
7639041270409364232,2026-05-12T16:21:46.000Z,0,https://www.tiktok.com/@liputan6.sctv/video/7638910407763168533,https://www.tiktok.com/@liputan6.sctv/video/7638910407763168533?commentId=7639041270409364232,scraping_tiktok,sephguns,geus lier lah
7639042200873583381,2026-05-12T16:25:26.000Z,0,https://www.tiktok.com/@liputan6.sctv/video/7638910407763168533,https://www.tiktok.com/@liputan6.sctv/video/7638910407763168533?commentId=7639042200873583381,scraping_tiktok,masbro1677,😂😂
7639042720962528018,2026-05-12T16:27:22.000Z,0,https://www.tiktok.com/@liputan6.sctv/video/7638910407763168533,https://www.tiktok.com/@liputan6.sctv/video/7638910407763168533?commentId=7639042720962528018,scraping_tiktok,egirahmatulohmayanurma26,[Sticker] 
7639042767317910279,2026-05-12T16:27:32.000Z,0,https://www.tiktok.com/@liputan6.sctv/video/7638910407763168533,https://www.tiktok.com/@liputan6.sctv/video/7638910407763168533?commentId=7639042767317910279,scraping_tiktok,rrqbryonn,"Harga Kaos kaki Rp.100.000😳, Bahannya dri apa anjir 😭"
7639043825859937031,2026-05-12T16:31:41.000Z,0,https://www.tiktok.com/@liputan6.sctv/video/7638910407763168533,https://www.tiktok.com/@liputan6.sctv/video/7638910407763168533?commentId=7639043825859937031,scraping_tiktok,lamato212,"Yang mint MBG Stop sy katakan g akan bisa, Mau dikemanakan org2 yg bekerja....
perbaiki sistemnya pak prabowo, Sering2 interaksi sama rakyat pak, biar gak dbuat laporan2 palsu dr bawahannya"
7639047736272667400,2026-05-12T16:46:53.000Z,0,https://www.tiktok.com/@liputan6.sctv/video/7638910407763168533,https://www.tiktok.com/@liputan6.sctv/video/7638910407763168533?commentId=7639047736272667400,scraping_tiktok,ardie_45,masa baru tau. kmn aja woyyyy
7638927365842354965,2026-05-12T08:59:53.000Z,0,https://www.tiktok.com/@liputan6.sctv/video/7638910407763168533,https://www.tiktok.com/@liputan6.sctv/video/7638910407763168533?commentId=7638927365842354965,scraping_tiktok,anisfatah919,bukan celah lagi udah udah terang terangan
7638927379893404434,2026-05-12T08:59:51.000Z,0,https://www.tiktok.com/@liputan6.sctv/video/7638910407763168533,https://www.tiktok.com/@liputan6.sctv/video/7638910407763168533?commentId=7638927379893404434,scraping_tiktok,jholgas,Selagi pejabat pemerintahan masih bermental garong.. maka setiap anggaran yg dikucurkan pemerintah pasti sngt dekat dgn korupsi walau seketat apapun sistem pengawasannya
7638927157956690705,2026-05-12T08:59:37.000Z,0,https://www.tiktok.com/@liputan6.sctv/video/7638910407763168533,https://www.tiktok.com/@liputan6.sctv/video/7638910407763168533?commentId=7638927157956690705,scraping_tiktok,rizalfendi24,"ya Allah semoga MBG ditutup,amin"
7639031138342159111,2026-05-12T15:42:26.000Z,0,https://www.tiktok.com/@liputan6.sctv/video/7638910407763168533,https://www.tiktok.com/@liputan6.sctv/video/7638910407763168533?commentId=7639031138342159111,scraping_tiktok,papa.brisha,"berita begini mau prabroro, mau dudung, mau kpk kek, cuma skenario mereka aja biar rakyat agak seneng dikit, lama2 jg ilang beritanya"
7639031220407829249,2026-05-12T15:42:44.000Z,0,https://www.tiktok.com/@liputan6.sctv/video/7638910407763168533,https://www.tiktok.com/@liputan6.sctv/video/7638910407763168533?commentId=7639031220407829249,scraping_tiktok,infoseputarterbaru,jmbt
7639030521297404692,2026-05-12T15:43:33.000Z,0,https://www.tiktok.com/@liputan6.sctv/video/7638910407763168533,https://www.tiktok.com/@liputan6.sctv/video/7638910407763168533?commentId=7639030521297404692,scraping_tiktok,90ffs,"Akhir cerita Lord Dadan pun menghuni lapas.Tapi, yg namanya PSN 😁 tetep berjalan walaupun Panitia Hari Kiamat mereka cuekin."
7639032311362798343,2026-05-12T15:46:56.000Z,0,https://www.tiktok.com/@liputan6.sctv/video/7638910407763168533,https://www.tiktok.com/@liputan6.sctv/video/7638910407763168533?commentId=7639032311362798343,scraping_tiktok,ig_ni44m.ee,@Prabowo
7639032418808169223,2026-05-12T15:47:22.000Z,0,https://www.tiktok.com/@liputan6.sctv/video/7638910407763168533,https://www.tiktok.com/@liputan6.sctv/video/7638910407763168533?commentId=7639032418808169223,scraping_tiktok,ikiyyyriz,bnyk permainann nya juga.buka2 loker pdahl orng dalem juga yg di terima.ksian orng ngurus ini itu kan perlu biyaya untuk ngelamar.pdhl gak di terima juga cuma di bakar surat lamaran nya
7639033002207494929,2026-05-12T15:49:41.000Z,0,https://www.tiktok.com/@liputan6.sctv/video/7638910407763168533,https://www.tiktok.com/@liputan6.sctv/video/7638910407763168533?commentId=7639033002207494929,scraping_tiktok,iyakmu44,banyak celanya buat korupsi.makanya masarakat gak setuju.lebis baik di ganti dengan pendidikan gratis
7639033328008069908,2026-05-12T15:51:02.000Z,0,https://www.tiktok.com/@liputan6.sctv/video/7638910407763168533,https://www.tiktok.com/@liputan6.sctv/video/7638910407763168533?commentId=7639033328008069908,scraping_tiktok,dudukwe074,"potong sapi 19rebu /hari ,,masako royko."
7639034086359761684,2026-05-12T15:54:04.000Z,0,https://www.tiktok.com/@liputan6.sctv/video/7638910407763168533,https://www.tiktok.com/@liputan6.sctv/video/7638910407763168533?commentId=7639034086359761684,scraping_tiktok,nasioaldetik,lebih baik distop kembalikan ke pendidikan gratis sampai ke jenjang pendidikan tertinggi dan kembali kan ke kesehatan rakyat aktif kan kembali BPJS warga
7639034180039148306,2026-05-12T15:54:14.000Z,0,https://www.tiktok.com/@liputan6.sctv/video/7638910407763168533,https://www.tiktok.com/@liputan6.sctv/video/7638910407763168533?commentId=7639034180039148306,scraping_tiktok,ek_doank,Prabowo harus bertanggungjawab ...
7639037512472871697,2026-05-12T16:07:14.000Z,0,https://www.tiktok.com/@liputan6.sctv/video/7638910407763168533,https://www.tiktok.com/@liputan6.sctv/video/7638910407763168533?commentId=7639037512472871697,scraping_tiktok,gushsr2,Tolong di kawal bagi pihak yg berwenang untuk mbg ini
7639037983803228936,2026-05-12T16:09:01.000Z,0,https://www.tiktok.com/@liputan6.sctv/video/7638910407763168533,https://www.tiktok.com/@liputan6.sctv/video/7638910407763168533?commentId=7639037983803228936,scraping_tiktok,adhiraikonen,siapa yg setuju menyesal milih gemoy angkat tangan ✋
7639039078008800007,2026-05-12T16:13:15.000Z,0,https://www.tiktok.com/@liputan6.sctv/video/7638910407763168533,https://www.tiktok.com/@liputan6.sctv/video/7638910407763168533?commentId=7639039078008800007,scraping_tiktok,wawan.setiawan2534,bubarkan saja KLO menurut sayah mah😁😁😁
7639382810428965639,2026-05-13T14:27:09.000Z,1,https://www.tiktok.com/@liputan6.sctv/video/7638910407763168533,https://www.tiktok.com/@liputan6.sctv/video/7638910407763168533?commentId=7639382810428965639,scraping_tiktok,devanalghazali4,mendingan uang kasih ke ortu...masakan higenis
7639356457725625104,2026-05-13T12:44:55.000Z,1,https://www.tiktok.com/@liputan6.sctv/video/7638910407763168533,https://www.tiktok.com/@liputan6.sctv/video/7638910407763168533?commentId=7639356457725625104,scraping_tiktok,gilsagility_,"mbg,kopdes merah putih apa lagi gaes ?"
7639205369978258177,2026-05-13T02:58:40.000Z,1,https://www.tiktok.com/@liputan6.sctv/video/7638910407763168533,https://www.tiktok.com/@liputan6.sctv/video/7638910407763168533?commentId=7639205369978258177,scraping_tiktok,saharasahabatratna,sementara di lainnya suruh effisiensi2 disana ugal2an😥😥😥😥
