id,timestamp,likesCount,postUrl,commentUrl,source_file,ownerUsername,text
7464017741855458055,2025-01-26T00:41:36.000Z,650,https://www.tiktok.com/@memecatcorporate/video/7463024940799790341,https://www.tiktok.com/@memecatcorporate/video/7463024940799790341?commentId=7464017741855458055,scraping_tiktok,drakon5265,pasien BPJS apaan? pasien Mandiri apaan?
7463105915052688146,2025-01-23T13:42:54.000Z,661,https://www.tiktok.com/@memecatcorporate/video/7463024940799790341,https://www.tiktok.com/@memecatcorporate/video/7463024940799790341?commentId=7463105915052688146,scraping_tiktok,aisaisais17,Di rumah sakit mana kek gini?
7463627594904093448,2025-01-24T23:28:15.000Z,1586,https://www.tiktok.com/@memecatcorporate/video/7463024940799790341,https://www.tiktok.com/@memecatcorporate/video/7463024940799790341?commentId=7463627594904093448,scraping_tiktok,daffaazmi00,"Dunia ini memang tidak adil kawan, jadi biasakanlah dirimu"
7463714434108883719,2025-01-25T05:04:13.000Z,150,https://www.tiktok.com/@memecatcorporate/video/7463024940799790341,https://www.tiktok.com/@memecatcorporate/video/7463024940799790341?commentId=7463714434108883719,scraping_tiktok,corazon.445,"perawat jg manusia, kerja untuk uang.
pasien mandiri diambilin minum nanti minumnnya dimasukkan ke tagihan.
sedangkan pasien bpjz, mau ambilin minum berarti keluar uang pribadi buat bayarin."
7528124263867007745,2025-07-17T18:47:10.000Z,56,https://www.tiktok.com/@memecatcorporate/video/7463024940799790341,https://www.tiktok.com/@memecatcorporate/video/7463024940799790341?commentId=7528124263867007745,scraping_tiktok,kartinasudirmankartina,"pengalaman waktu saya sakit
ibu di sebelah teriak"" panggil dokter yang datang susternya
giliran saya panggil suster yang datang dokternya
kenapa begitu padahal saya kesian sama ibu yang di sebelah saya,saya bilang kesebelah aja pak dok, pak dok cuma bilang beda dokternya mbak😭 saya pikir bingung"
7522852785394795272,2025-07-03T13:51:00.000Z,36,https://www.tiktok.com/@memecatcorporate/video/7463024940799790341,https://www.tiktok.com/@memecatcorporate/video/7463024940799790341?commentId=7522852785394795272,scraping_tiktok,srh_rumahhalal2,beda BPJS mandiri dan BPJS apa ya...kan sama2 bayar tiap bulan
7523611947402740488,2025-07-05T14:56:59.000Z,12,https://www.tiktok.com/@memecatcorporate/video/7463024940799790341,https://www.tiktok.com/@memecatcorporate/video/7463024940799790341?commentId=7523611947402740488,scraping_tiktok,dokter_ricki,"Pasien meskipun bayar umum, kalau pasiennya ""gak asik"", saya juga ga asik, pasien meskipun bpjs, kalau dia asik saya juga asik 👍"
7552531701215576839,2025-09-21T13:20:25.000Z,12,https://www.tiktok.com/@memecatcorporate/video/7463024940799790341,https://www.tiktok.com/@memecatcorporate/video/7463024940799790341?commentId=7552531701215576839,scraping_tiktok,itzzx_cherylzxx,"bpjs juga bayar kan?
trs kenapa dibeda""in?"
7539032947631358727,2025-08-16T04:18:21.000Z,36,https://www.tiktok.com/@memecatcorporate/video/7463024940799790341,https://www.tiktok.com/@memecatcorporate/video/7463024940799790341?commentId=7539032947631358727,scraping_tiktok,selvijaga4,"Sekarang semua pasien pakai BPJS tidak ada perbedaan pelayanan,semuanya sama."
7463621844328825608,2025-01-24T23:05:49.000Z,74,https://www.tiktok.com/@memecatcorporate/video/7463024940799790341,https://www.tiktok.com/@memecatcorporate/video/7463024940799790341?commentId=7463621844328825608,scraping_tiktok,marsykes8,Terkadang dunia ini tidak adil
7522320948730184456,2025-07-02T03:27:15.000Z,34,https://www.tiktok.com/@memecatcorporate/video/7463024940799790341,https://www.tiktok.com/@memecatcorporate/video/7463024940799790341?commentId=7522320948730184456,scraping_tiktok,_kiwayy,mamah aku di rawat di RS advent bandung bpjs tapi pelayanannya bintang 5 ramaaaaah banget banget mana kalo kita minta tolong gercep banget
7491175074227143445,2025-04-09T05:05:37.000Z,125,https://www.tiktok.com/@memecatcorporate/video/7463024940799790341,https://www.tiktok.com/@memecatcorporate/video/7463024940799790341?commentId=7491175074227143445,scraping_tiktok,slazy207,gue sebagai nakes gak pernah beda-bedain melayani pasien
7532662820451631880,2025-07-30T00:19:08.000Z,8,https://www.tiktok.com/@memecatcorporate/video/7463024940799790341,https://www.tiktok.com/@memecatcorporate/video/7463024940799790341?commentId=7532662820451631880,scraping_tiktok,dhonirahadian,"sama saja pelayanan pake bpjs sama umum .
baru beda kalau masuk ruang vip"
7523222284104286983,2025-07-04T13:44:56.000Z,7,https://www.tiktok.com/@memecatcorporate/video/7463024940799790341,https://www.tiktok.com/@memecatcorporate/video/7463024940799790341?commentId=7523222284104286983,scraping_tiktok,tiarara.3030,"Ngg ada yaa di beda2kan. Bahkan tuhh pasien sampe sedotan pun gw sendiri yg sodorin lgsg ke mulutnya buat minum. Mandiri sama bpjs sama aja, beda cara klaim nya doang😒"
7519301683316392722,2025-06-24T00:11:09.000Z,17,https://www.tiktok.com/@memecatcorporate/video/7463024940799790341,https://www.tiktok.com/@memecatcorporate/video/7463024940799790341?commentId=7519301683316392722,scraping_tiktok,emma.d56,tergantung RS nya
7517378003271402247,2025-06-18T19:46:19.000Z,5,https://www.tiktok.com/@memecatcorporate/video/7463024940799790341,https://www.tiktok.com/@memecatcorporate/video/7463024940799790341?commentId=7517378003271402247,scraping_tiktok,a291102_,perawat ga nganterin minum🥰 tugas kami memberi asuhan keperawatan bukan pesuruh
7463469574140543749,2025-01-24T13:14:26.000Z,13,https://www.tiktok.com/@memecatcorporate/video/7463024940799790341,https://www.tiktok.com/@memecatcorporate/video/7463024940799790341?commentId=7463469574140543749,scraping_tiktok,ramadhanp97,sebuah realita yang sering terjadi 😂
7463738973715415826,2025-01-25T06:39:32.000Z,17,https://www.tiktok.com/@memecatcorporate/video/7463024940799790341,https://www.tiktok.com/@memecatcorporate/video/7463024940799790341?commentId=7463738973715415826,scraping_tiktok,adul_tea_,"ngalamin sendiri pas ganti perban pake bpjs di suruh nunggu jam 10,jam 11an dokternya blm dtg palingan jam 1 an karena gedek pake umum bayar sendiri baru juga daftr udah di panggil langsung dan ganti"
7464068306649318162,2025-01-26T03:57:37.000Z,6,https://www.tiktok.com/@memecatcorporate/video/7463024940799790341,https://www.tiktok.com/@memecatcorporate/video/7463024940799790341?commentId=7464068306649318162,scraping_tiktok,langit._21,"lu punya uang, Elu yg berkuasa emang gitu takdir di dunia ini"
7470315759317041941,2025-02-12T00:01:57.000Z,8,https://www.tiktok.com/@memecatcorporate/video/7463024940799790341,https://www.tiktok.com/@memecatcorporate/video/7463024940799790341?commentId=7470315759317041941,scraping_tiktok,my.love5712,BPJS yg byr tiap bulan Kla di kumpulkan melebihi mandiri
7463724256510935828,2025-01-25T05:42:24.000Z,11,https://www.tiktok.com/@memecatcorporate/video/7463024940799790341,https://www.tiktok.com/@memecatcorporate/video/7463024940799790341?commentId=7463724256510935828,scraping_tiktok,michael.andretti93,"bersyukur gak pernah ngalamin sie.... malah waktu itu pernah masuk IGD pake BPJS ngantri banyak, karena memang kondisi papa udah drop langsung di dahulukan tanpa perlu antri."
7593145876295287573,2026-01-09T00:04:25.000Z,4,https://www.tiktok.com/@memecatcorporate/video/7463024940799790341,https://www.tiktok.com/@memecatcorporate/video/7463024940799790341?commentId=7593145876295287573,scraping_tiktok,massz_ediii20,"gue BPJS gratis tanpa bayar sepeser pun dan itu bnr bnr gratis... 1 hari dpt minum mkn sampa 3-4 kali, setiap ad keluhannya perawat nya hitung an menit dtng"
7469391934844158738,2025-02-09T12:15:49.000Z,16,https://www.tiktok.com/@memecatcorporate/video/7463024940799790341,https://www.tiktok.com/@memecatcorporate/video/7463024940799790341?commentId=7469391934844158738,scraping_tiktok,julsis_07,bpjs itu pemerintah byr ke rs nya lama jd bnyk rs yg skrg gak mau bpjs
7470556416212140818,2025-02-12T15:34:41.000Z,29,https://www.tiktok.com/@memecatcorporate/video/7463024940799790341,https://www.tiktok.com/@memecatcorporate/video/7463024940799790341?commentId=7470556416212140818,scraping_tiktok,batamphonestore,padahal bpjs bayar juga tiap bln..tau gitu mending nabung.😏
7470829226284843782,2025-02-13T09:13:57.000Z,7,https://www.tiktok.com/@memecatcorporate/video/7463024940799790341,https://www.tiktok.com/@memecatcorporate/video/7463024940799790341?commentId=7470829226284843782,scraping_tiktok,bundanealris,tergsntung RS nya lah di tempatku gk di bedakan kok bpjs jg bayar iuran tiap bulan seumur hidup kale
7463683990688924422,2025-01-25T03:06:31.000Z,15,https://www.tiktok.com/@memecatcorporate/video/7463024940799790341,https://www.tiktok.com/@memecatcorporate/video/7463024940799790341?commentId=7463683990688924422,scraping_tiktok,nofa_nugraha,gwe yang mandiri pelayanan nya kek BPJS😭😭😭🙏
7522800614255117063,2025-07-03T10:28:35.000Z,5,https://www.tiktok.com/@memecatcorporate/video/7463024940799790341,https://www.tiktok.com/@memecatcorporate/video/7463024940799790341?commentId=7522800614255117063,scraping_tiktok,buayakecil21,"gara2 bnyk cerita kek gni jadi males bayar bpjs lagi, takutnya pas sakit diginiin jadi percuma donk bayar tiap bln"
7600920621103579925,2026-01-29T22:54:25.000Z,5,https://www.tiktok.com/@memecatcorporate/video/7463024940799790341,https://www.tiktok.com/@memecatcorporate/video/7463024940799790341?commentId=7600920621103579925,scraping_tiktok,nevermlnd_13,"bs beda,karena asuransi iuran nya jg beda mahal 500rb per bln dijamin perusahaan asuransi.bpjs iuran nya 35rb-100 per bln dijamin oleh patungan rakyat seluruh indonesia.asuransi biayanya lgsung cair ke rmh skt saat itu jg.iuran pasien dibyrkn lgsung ke rs dgn jaminan uang cash dr perusahaan asuransi.ada uang,ada obat,dilayani.kalau bpjs cair nya lama.istilahnya pemerintah ngutang dulu rs,iuran yg dibyrkn pasien itu tdk lgsung dibyrkn ke rs karena uang pasien mgkn gk cukup,nunggu pasien bpjs seindonesia ngumpulin duit dulu buat byr(gotong royong),jd rs pelayanan nya tdk seperti pakai asuransi.kasar nya asuransi byr cash,bpjs ngutang dulu.😅"
7470783922237129478,2025-02-13T06:18:29.000Z,5,https://www.tiktok.com/@memecatcorporate/video/7463024940799790341,https://www.tiktok.com/@memecatcorporate/video/7463024940799790341?commentId=7470783922237129478,scraping_tiktok,halal..pejuangdolar,kalau rs ngk kerja sama dengan bpjs di pastikan sepi coba pertiin
7608412445519201045,2026-02-19T03:26:32.000Z,40,https://www.tiktok.com/@kara.asmaranala/video/7608028748603985170,https://www.tiktok.com/@kara.asmaranala/video/7608028748603985170?commentId=7608412445519201045,scraping_tiktok,dyah.ms,upgrade aja kak ke vip kalau bpjs perusahaan. Aku kemaren gitu. Lumayan ga ngeluarin duittt
7608044175239725844,2026-02-18T03:37:22.000Z,6,https://www.tiktok.com/@kara.asmaranala/video/7608028748603985170,https://www.tiktok.com/@kara.asmaranala/video/7608028748603985170?commentId=7608044175239725844,scraping_tiktok,nanaf736,kak BPJS dari perusahaan itu BPJS yg dibayarkan perusahaan kak nah aku juga punya apa fasilitas nya sama kak ky punya KK atau naik kelas lagi
7608177616198533895,2026-02-18T12:15:04.000Z,1,https://www.tiktok.com/@kara.asmaranala/video/7608028748603985170,https://www.tiktok.com/@kara.asmaranala/video/7608028748603985170?commentId=7608177616198533895,scraping_tiktok,kueputu64,cuma isi 1 kah Bun?
7629200315958608647,2026-04-16T03:53:54.000Z,10,https://www.tiktok.com/@kara.asmaranala/video/7608028748603985170,https://www.tiktok.com/@kara.asmaranala/video/7608028748603985170?commentId=7629200315958608647,scraping_tiktok,nonalollipop1,ada yg tau BPJS kelas tiga yg mandiri dgn yg gratis fasilitas sama kah?
7608115626611983124,2026-02-18T08:14:34.000Z,2,https://www.tiktok.com/@kara.asmaranala/video/7608028748603985170,https://www.tiktok.com/@kara.asmaranala/video/7608028748603985170?commentId=7608115626611983124,scraping_tiktok,ify937,ini rs mana kk ?
7608178269267215124,2026-02-18T12:17:34.000Z,6,https://www.tiktok.com/@kara.asmaranala/video/7608028748603985170,https://www.tiktok.com/@kara.asmaranala/video/7608028748603985170?commentId=7608178269267215124,scraping_tiktok,umar.ganteng,percayalah bun klo masih punya orang tua cwe masih indah hidup ini
7628872732999402258,2026-04-15T06:42:45.000Z,1,https://www.tiktok.com/@kara.asmaranala/video/7608028748603985170,https://www.tiktok.com/@kara.asmaranala/video/7608028748603985170?commentId=7628872732999402258,scraping_tiktok,gigin_nha,guys .ak kn ada bpjs dbayarin tempt kerja suami .bpjs kelas 1 bisa gk ya lahiran normal d rumah sakit tnp ada biaya tambhan
7628791779459351303,2026-04-15T01:28:40.000Z,2,https://www.tiktok.com/@kara.asmaranala/video/7608028748603985170,https://www.tiktok.com/@kara.asmaranala/video/7608028748603985170?commentId=7628791779459351303,scraping_tiktok,yuls.yln,"Mau tanya dong, aku bpjs msh gabung sama org tua, klo pindah ke suami hrus ke kantor bpjs nya atau bisa pake aplikasi?"
7631114294172844801,2026-04-21T07:41:08.000Z,0,https://www.tiktok.com/@kara.asmaranala/video/7608028748603985170,https://www.tiktok.com/@kara.asmaranala/video/7608028748603985170?commentId=7631114294172844801,scraping_tiktok,veve08012,luas kali ruangannya
7629303843990586129,2026-04-16T10:35:40.000Z,0,https://www.tiktok.com/@kara.asmaranala/video/7608028748603985170,https://www.tiktok.com/@kara.asmaranala/video/7608028748603985170?commentId=7629303843990586129,scraping_tiktok,mayoh482,"Alhamdulillah pernah ngerasain kamar VIP walaupun cuma semalam
ternyata seenak itu wkwkw"
7631464154319225607,2026-04-22T06:18:46.000Z,0,https://www.tiktok.com/@kara.asmaranala/video/7608028748603985170,https://www.tiktok.com/@kara.asmaranala/video/7608028748603985170?commentId=7631464154319225607,scraping_tiktok,kamiliaef,ini normal apa sc kak?
7630108528405922580,2026-04-18T14:38:14.000Z,0,https://www.tiktok.com/@kara.asmaranala/video/7608028748603985170,https://www.tiktok.com/@kara.asmaranala/video/7608028748603985170?commentId=7630108528405922580,scraping_tiktok,ptrjkyh_,Lahiran normal ga kak? Minta rujukan faskes 1 nya gampang kah?
7628968045344555784,2026-04-15T12:52:31.000Z,0,https://www.tiktok.com/@kara.asmaranala/video/7608028748603985170,https://www.tiktok.com/@kara.asmaranala/video/7608028748603985170?commentId=7628968045344555784,scraping_tiktok,malapatriah,2021 kuret pake bpjs kelas 3 agak aneh karna 1 ruangan cuma ada 3 bed harusnya kan banyak ya secara kelas 3 tpi Alhamdulillah sih
7629183028870300417,2026-04-16T02:46:48.000Z,0,https://www.tiktok.com/@kara.asmaranala/video/7608028748603985170,https://www.tiktok.com/@kara.asmaranala/video/7608028748603985170?commentId=7629183028870300417,scraping_tiktok,ji.ki.da,Aku waktu lahiran bpjs kelas 2 tapi alhamdulillah fasilitas kelas 1🤭
7637752946797576978,2026-05-09T05:02:35.000Z,0,https://www.tiktok.com/@kara.asmaranala/video/7608028748603985170,https://www.tiktok.com/@kara.asmaranala/video/7608028748603985170?commentId=7637752946797576978,scraping_tiktok,khadijahhhhhmakeup,Kelas 1 kita di kamar sendiri ya? Soalnya kls 2 kita ber 3 aku kira kls 1 berdua.
7629618980878566152,2026-04-17T06:58:36.000Z,4,https://www.tiktok.com/@kara.asmaranala/video/7608028748603985170,https://www.tiktok.com/@kara.asmaranala/video/7608028748603985170?commentId=7629618980878566152,scraping_tiktok,naratetama_,aku kelas 1 tapi klo ranap sekamar 2 org😭
7639058792538358535,2026-05-12T17:29:46.000Z,0,https://www.tiktok.com/@kara.asmaranala/video/7608028748603985170,https://www.tiktok.com/@kara.asmaranala/video/7608028748603985170?commentId=7639058792538358535,scraping_tiktok,widisil,kak sc nya pake metode eracs ga?
7628689248325468948,2026-04-14T18:50:44.000Z,3,https://www.tiktok.com/@kara.asmaranala/video/7608028748603985170,https://www.tiktok.com/@kara.asmaranala/video/7608028748603985170?commentId=7628689248325468948,scraping_tiktok,latte.vyz,"aku kelas 1 tapi campur sama banyak pasien, berasa sia sia tu bpjs😭"
7631143239931773704,2026-04-21T09:33:19.000Z,0,https://www.tiktok.com/@kara.asmaranala/video/7608028748603985170,https://www.tiktok.com/@kara.asmaranala/video/7608028748603985170?commentId=7631143239931773704,scraping_tiktok,iyaaa0186,"Aku punya BPJS pemerintah kelas 3, tapi suamiku pake pbjs perusahaan kelas 1 bingung mau pindah ke pbjs perusahaan apa ttp di BPJS pemerintah"
7608771900924035847,2026-02-20T02:41:11.000Z,0,https://www.tiktok.com/@kara.asmaranala/video/7608028748603985170,https://www.tiktok.com/@kara.asmaranala/video/7608028748603985170?commentId=7608771900924035847,scraping_tiktok,heycut2nd,Rs mana ini ka
7608799742461592327,2026-02-20T04:29:11.000Z,1,https://www.tiktok.com/@kara.asmaranala/video/7608028748603985170,https://www.tiktok.com/@kara.asmaranala/video/7608028748603985170?commentId=7608799742461592327,scraping_tiktok,syafanaunana,kalo bednya 1 gini boleh bawa anak kecil ga kelas 1nya?
7609324640465044244,2026-02-21T14:26:03.000Z,0,https://www.tiktok.com/@kara.asmaranala/video/7608028748603985170,https://www.tiktok.com/@kara.asmaranala/video/7608028748603985170?commentId=7609324640465044244,scraping_tiktok,hanifah023.0,"aku pengen lahiran normal di rs .tp ga bisa kalo ga ada indikasi😭pake bpjs update ke vip ,jadi kecanduan di ruang vip ,pas ke guguran . nyaman banget."
7628970012816032532,2026-04-15T13:00:08.000Z,1,https://www.tiktok.com/@kara.asmaranala/video/7608028748603985170,https://www.tiktok.com/@kara.asmaranala/video/7608028748603985170?commentId=7628970012816032532,scraping_tiktok,thaliaagustin08,Ka hrs pakai rujukan gaa pas sc?
7608197177739133717,2026-02-18T13:30:56.000Z,1,https://www.tiktok.com/@kara.asmaranala/video/7608028748603985170,https://www.tiktok.com/@kara.asmaranala/video/7608028748603985170?commentId=7608197177739133717,scraping_tiktok,rindy.a.hutagalung03,Ini upgrade ngga ka?? bed 1 doang.. kaya VIP
7629605522220548881,2026-04-17T06:06:20.000Z,0,https://www.tiktok.com/@kara.asmaranala/video/7608028748603985170,https://www.tiktok.com/@kara.asmaranala/video/7608028748603985170?commentId=7629605522220548881,scraping_tiktok,chachaajah15,w kelas 1 masuk kelas 3 gr2 penuh
7641242483846497045,2026-05-18T14:43:40.000Z,0,https://www.tiktok.com/@kara.asmaranala/video/7608028748603985170,https://www.tiktok.com/@kara.asmaranala/video/7608028748603985170?commentId=7641242483846497045,scraping_tiktok,wiln97,"Aku gak kepake kakkk pas lahiran 😅 pelayanan rs yg aku datengin bad bintang 1 pokonyaaa 😂 padahal bpjs kelas 1 dari kantor suamii, tapiiii berasa diperlakukan kaya apaan ajaa 😂"
7628785931920868116,2026-04-15T01:06:09.000Z,0,https://www.tiktok.com/@kara.asmaranala/video/7608028748603985170,https://www.tiktok.com/@kara.asmaranala/video/7608028748603985170?commentId=7628785931920868116,scraping_tiktok,cella.anggriap,Kak ada indikasi apa kok bisa Sc di cover bpjs ?
7637789210011026197,2026-05-09T07:23:12.000Z,0,https://www.tiktok.com/@kara.asmaranala/video/7608028748603985170,https://www.tiktok.com/@kara.asmaranala/video/7608028748603985170?commentId=7637789210011026197,scraping_tiktok,sofiendly,"aku kemarin ada kulkasnya, ada kursinya"
7608188550144033556,2026-02-18T12:57:27.000Z,0,https://www.tiktok.com/@kara.asmaranala/video/7608028748603985170,https://www.tiktok.com/@kara.asmaranala/video/7608028748603985170?commentId=7608188550144033556,scraping_tiktok,kamumonyetku,haha sama kak
7570690399582372628,2025-11-09T11:45:27.000Z,0,https://www.tiktok.com/@memecatcorporate/video/7463024940799790341,https://www.tiktok.com/@memecatcorporate/video/7463024940799790341?commentId=7570690399582372628,scraping_tiktok,rck.chaniago,saya pakai BPJS pemerintah (PBI-JK) Alhamdulillah tidak pernah di bedakan anak saya di rawat di RS yg isinya orkay. bahkan dari segi makanan pun sama.
7527239161959465745,2025-07-15T09:32:26.000Z,2,https://www.tiktok.com/@memecatcorporate/video/7463024940799790341,https://www.tiktok.com/@memecatcorporate/video/7463024940799790341?commentId=7527239161959465745,scraping_tiktok,yumoon11,"perasaan ku pake bpjs tapi pelayanan bagus, ambil Obat juga nggak harus nunggu besok kali langsung antri hari itu juga dikasih."
7464092961610990343,2025-01-26T05:33:15.000Z,2,https://www.tiktok.com/@memecatcorporate/video/7463024940799790341,https://www.tiktok.com/@memecatcorporate/video/7463024940799790341?commentId=7464092961610990343,scraping_tiktok,kenji_svn,buset obat inden🤣
7505026222515946247,2025-05-16T12:54:56.000Z,5,https://www.tiktok.com/@memecatcorporate/video/7463024940799790341,https://www.tiktok.com/@memecatcorporate/video/7463024940799790341?commentId=7505026222515946247,scraping_tiktok,marwahcantika6,"asli anjir gue pernah melahirkan tanpa bpjs , mulussss kaya tol ,tidak seperti jalan naik puncak gunung 🤣"
7514916549069865744,2025-06-12T04:34:25.000Z,37,https://www.tiktok.com/@memecatcorporate/video/7463024940799790341,https://www.tiktok.com/@memecatcorporate/video/7463024940799790341?commentId=7514916549069865744,scraping_tiktok,gedewid,"maaf saya pasien BPJS, selama ini pelayanan di rumah sakit di Denpasar baik dan ramah banget..."
7510098086799704840,2025-05-30T04:56:18.000Z,2,https://www.tiktok.com/@memecatcorporate/video/7463024940799790341,https://www.tiktok.com/@memecatcorporate/video/7463024940799790341?commentId=7510098086799704840,scraping_tiktok,k_aliyah999,Kalo pakai VIP duhh pelayanannya sangat2 baik kalo pkai bpjs sesuai prosedur baik makan dan minum sudah diatur🥰🥰
7614498703588426516,2026-03-07T13:04:06.000Z,0,https://www.tiktok.com/@kara.asmaranala/video/7608028748603985170,https://www.tiktok.com/@kara.asmaranala/video/7608028748603985170?commentId=7614498703588426516,scraping_tiktok,halojodohkuuu,"Kok cm 1 bed, ak 2 bed hf"
7614018277816320788,2026-03-06T05:59:56.000Z,0,https://www.tiktok.com/@kara.asmaranala/video/7608028748603985170,https://www.tiktok.com/@kara.asmaranala/video/7608028748603985170?commentId=7614018277816320788,scraping_tiktok,cramygood.11,aku pernah dirawat malah jd takut sendirian gt kalau suami lg kebawah beli makanan
7608962810534789896,2026-02-20T15:01:59.000Z,0,https://www.tiktok.com/@kara.asmaranala/video/7608028748603985170,https://www.tiktok.com/@kara.asmaranala/video/7608028748603985170?commentId=7608962810534789896,scraping_tiktok,rtft25,yah anak w ud spasang w br dpt bpjs klas 1 nya skrg
7612994042766312212,2026-03-03T11:45:11.000Z,0,https://www.tiktok.com/@kara.asmaranala/video/7608028748603985170,https://www.tiktok.com/@kara.asmaranala/video/7608028748603985170?commentId=7612994042766312212,scraping_tiktok,vickaveronika1,anakku da kepake buat operasi jantung ratusan juta😂😂😂
7611879175645987591,2026-02-28T11:38:57.000Z,1,https://www.tiktok.com/@kara.asmaranala/video/7608028748603985170,https://www.tiktok.com/@kara.asmaranala/video/7608028748603985170?commentId=7611879175645987591,scraping_tiktok,capricorngirl874,"Aku juga kak HPL juni 😁 , anak pertama , kedua pkk umum, ini hamil ketiga alhamdulillah dpt cover BPJS perusahaan dari suami 😭🥰"
7611140805138662162,2026-02-26T11:53:41.000Z,0,https://www.tiktok.com/@kara.asmaranala/video/7608028748603985170,https://www.tiktok.com/@kara.asmaranala/video/7608028748603985170?commentId=7611140805138662162,scraping_tiktok,july21stomp,"ditempat aku lahiran cuma beda jumlah ranjang nya aj,, kamar ny sama aja .. apalagi pelayanan nya,, sekali lagi pelayanan nya,!!!!!"
7628968259551822610,2026-04-15T12:53:22.000Z,0,https://www.tiktok.com/@kara.asmaranala/video/7608028748603985170,https://www.tiktok.com/@kara.asmaranala/video/7608028748603985170?commentId=7628968259551822610,scraping_tiktok,desiratna364,@BAGA§🪹
7608129974394684177,2026-02-18T09:10:19.000Z,0,https://www.tiktok.com/@kara.asmaranala/video/7608028748603985170,https://www.tiktok.com/@kara.asmaranala/video/7608028748603985170?commentId=7608129974394684177,scraping_tiktok,elsa_celine1,"punya bpjs kelas 1 tapi gak pernah dipakai, kalo rawat inap pake asuransi 😁"
7608159247222817543,2026-02-18T11:03:45.000Z,0,https://www.tiktok.com/@kara.asmaranala/video/7608028748603985170,https://www.tiktok.com/@kara.asmaranala/video/7608028748603985170?commentId=7608159247222817543,scraping_tiktok,pujakerangajaibnnn,Di Samarinda kelas 1 tetap 2 orang 🙃 jadi mesti upgrade ke VIP biar lebih nyaman sedikit
7608216484763321095,2026-02-18T14:45:53.000Z,0,https://www.tiktok.com/@kara.asmaranala/video/7608028748603985170,https://www.tiktok.com/@kara.asmaranala/video/7608028748603985170?commentId=7608216484763321095,scraping_tiktok,irmarahya,Kab. Tangerang rs mana si yg kaya gini kelas 1 nya😭
7526952929938080513,2025-07-14T15:01:45.000Z,3,https://www.tiktok.com/@memecatcorporate/video/7463024940799790341,https://www.tiktok.com/@memecatcorporate/video/7463024940799790341?commentId=7526952929938080513,scraping_tiktok,grashielasinaga0,Related bangett
7543640937352676104,2025-08-28T14:19:38.000Z,4,https://www.tiktok.com/@memecatcorporate/video/7463024940799790341,https://www.tiktok.com/@memecatcorporate/video/7463024940799790341?commentId=7543640937352676104,scraping_tiktok,akundihapus433,"Mana ada? 10 tahun pake BPJS pelayanan juga ttp bagus. Sepertinya bukan salah sistem BPJS nya, mungkin oknum pegawai di RS"
7533570845878256392,2025-08-01T11:02:39.000Z,2,https://www.tiktok.com/@memecatcorporate/video/7463024940799790341,https://www.tiktok.com/@memecatcorporate/video/7463024940799790341?commentId=7533570845878256392,scraping_tiktok,naviknurjanah,Bpjs tiap bln kan jg bayar woy😩
7485254387113607944,2025-03-24T06:10:20.000Z,4,https://www.tiktok.com/@memecatcorporate/video/7463024940799790341,https://www.tiktok.com/@memecatcorporate/video/7463024940799790341?commentId=7485254387113607944,scraping_tiktok,melfania7,"aku setiap sakit belum pernah berobat pake BPJS, soalnya gatau aku 😭pas tau biayanya bikin syok tabungan aku😭tapi emang sih pelayanan nya behh lembut banget"
7489374434677441335,2025-04-04T08:38:54.000Z,4,https://www.tiktok.com/@memecatcorporate/video/7463024940799790341,https://www.tiktok.com/@memecatcorporate/video/7463024940799790341?commentId=7489374434677441335,scraping_tiktok,lipaabistinyaellen,aku aja pas sakit cek lab tpi gk pke bpjs 1jt an ama obatnya😭
7471131890805244679,2025-02-14T04:47:42.000Z,3,https://www.tiktok.com/@memecatcorporate/video/7463024940799790341,https://www.tiktok.com/@memecatcorporate/video/7463024940799790341?commentId=7471131890805244679,scraping_tiktok,intanastuti640,bpjs kan bayar juga malah belum sakit sdh bayar duluan
7557771479778509586,2025-10-05T16:13:22.000Z,2,https://www.tiktok.com/@memecatcorporate/video/7463024940799790341,https://www.tiktok.com/@memecatcorporate/video/7463024940799790341?commentId=7557771479778509586,scraping_tiktok,syaiwar,"gw pakai bpjs, beberapa kali dirawat di RS, di MRI, operasi dll baek2 aja. suster2nya ramah2, dokter2nya juga baik."
7544288100638851858,2025-08-30T08:11:02.000Z,2,https://www.tiktok.com/@memecatcorporate/video/7463024940799790341,https://www.tiktok.com/@memecatcorporate/video/7463024940799790341?commentId=7544288100638851858,scraping_tiktok,iiii39502,perasaan bg perawat sama aja sih. masa iya oh ini yg manggil si bpjs oh ini yg manggil si umum. mana sempet ngingetin status pmbayaran pasen. nyuap nasi aja kdg kagak smpet
7503483198384522004,2025-05-12T09:07:21.000Z,3,https://www.tiktok.com/@memecatcorporate/video/7463024940799790341,https://www.tiktok.com/@memecatcorporate/video/7463024940799790341?commentId=7503483198384522004,scraping_tiktok,omabib,rumah sakit sarkies kudus pasien pake BPJS bagus juga kok pelayanan nya..
7617830863993242388,2026-03-16T12:34:39.000Z,1,https://www.tiktok.com/@memecatcorporate/video/7463024940799790341,https://www.tiktok.com/@memecatcorporate/video/7463024940799790341?commentId=7617830863993242388,scraping_tiktok,user7173054479,"lw di tempat ku di suruh pakai BPJS
dl prnh ambil umum lansung di tanya pk umum p BPJS jwb umum
kt dokter nya knp g pakai BPJS umum kan mahal perawatan nya jg sm, g d yg di bedain"
7613546814130094856,2026-03-04T23:30:18.000Z,1,https://www.tiktok.com/@memecatcorporate/video/7463024940799790341,https://www.tiktok.com/@memecatcorporate/video/7463024940799790341?commentId=7613546814130094856,scraping_tiktok,yantiwijaya259,"tapi sekarang pelayanannya disamakan gak dibeda bedakan,, karena 2 hari lalu aku baru pulang opname. Pelayanananya ramah banget,, sampe salting sendiri dg pelayanannya padahal saya pasien bpjs😄😄"
7540974841714246407,2025-08-21T09:53:52.000Z,3,https://www.tiktok.com/@memecatcorporate/video/7463024940799790341,https://www.tiktok.com/@memecatcorporate/video/7463024940799790341?commentId=7540974841714246407,scraping_tiktok,wina_arya,"BPJS antrinya panjang,umum antrinya sedikit makanya cepat dilayani,aku sudah merasakan dua duanya.."
7526018878956602132,2025-07-12T02:37:16.000Z,1,https://www.tiktok.com/@memecatcorporate/video/7463024940799790341,https://www.tiktok.com/@memecatcorporate/video/7463024940799790341?commentId=7526018878956602132,scraping_tiktok,kesyhan.andrea.sy,sadisss😅
7528066874828981000,2025-07-17T15:04:22.000Z,1,https://www.tiktok.com/@memecatcorporate/video/7463024940799790341,https://www.tiktok.com/@memecatcorporate/video/7463024940799790341?commentId=7528066874828981000,scraping_tiktok,zuwind4,hmmm.gak heran sih
7530881094104253191,2025-07-25T05:05:03.000Z,1,https://www.tiktok.com/@memecatcorporate/video/7463024940799790341,https://www.tiktok.com/@memecatcorporate/video/7463024940799790341?commentId=7530881094104253191,scraping_tiktok,putricunclit,biasanya yang begitu RSUD. kalau RS swasta biasanya lebih ramah
7517133557630829313,2025-06-18T03:57:37.000Z,3,https://www.tiktok.com/@memecatcorporate/video/7463024940799790341,https://www.tiktok.com/@memecatcorporate/video/7463024940799790341?commentId=7517133557630829313,scraping_tiktok,sxsanz_,UNTUNG GUA PASIEN BNI
7529510047240979218,2025-07-21T12:24:35.000Z,1,https://www.tiktok.com/@memecatcorporate/video/7463024940799790341,https://www.tiktok.com/@memecatcorporate/video/7463024940799790341?commentId=7529510047240979218,scraping_tiktok,ffazzle,"Pengalaman saya sama aja ah, ga ada bedanya."
7464072484074734342,2025-01-26T04:14:04.000Z,4,https://www.tiktok.com/@memecatcorporate/video/7463024940799790341,https://www.tiktok.com/@memecatcorporate/video/7463024940799790341?commentId=7464072484074734342,scraping_tiktok,bukanmanusia725,mana ada gw udh pake BPJS 2 kali operasi bagus kok pelayanan nya rumah sakit Palangkaraya ya gw gak tau daerah lain
7523895468695339784,2025-07-06T09:17:12.000Z,1,https://www.tiktok.com/@memecatcorporate/video/7463024940799790341,https://www.tiktok.com/@memecatcorporate/video/7463024940799790341?commentId=7523895468695339784,scraping_tiktok,assobru80,"berkali2 pelayanan bagus ramah biarpun pake BPJS,sangat2 membantu"
7509726263202251528,2025-05-29T04:53:28.000Z,0,https://www.tiktok.com/@memecatcorporate/video/7463024940799790341,https://www.tiktok.com/@memecatcorporate/video/7463024940799790341?commentId=7509726263202251528,scraping_tiktok,inche_aja,Perbedaan Bpjs dan Mandiri apa mnurut anda??
7470418910086578949,2025-02-12T06:41:55.000Z,1,https://www.tiktok.com/@memecatcorporate/video/7463024940799790341,https://www.tiktok.com/@memecatcorporate/video/7463024940799790341?commentId=7470418910086578949,scraping_tiktok,shisi182,D rs elisabet smrng...tdk ada perbedaan antara pasien bpjs sm asuransi..d perlakukan sm ko...sy sendiri pasien bpjs...
7506850152843870984,2025-05-21T10:52:53.000Z,1,https://www.tiktok.com/@memecatcorporate/video/7463024940799790341,https://www.tiktok.com/@memecatcorporate/video/7463024940799790341?commentId=7506850152843870984,scraping_tiktok,miftah_uzumaki,bener banget
7616626679776461569,2026-03-13T06:42:02.000Z,1,https://www.tiktok.com/@memecatcorporate/video/7463024940799790341,https://www.tiktok.com/@memecatcorporate/video/7463024940799790341?commentId=7616626679776461569,scraping_tiktok,lemonkuning11,pengalaman gw pernah ketemu dokter waktu itu emang periksa kehamilan nyobain kemana2 biar ketemu dokter yg pas dihati kan jadi ya mandiri terus gw ketemu salah 1 dokter dia tanya ibu punya bpjs gw jawab punya terus kenapa pake mandiri bulan depan balik lagi ya ini rujukannya pake bpjs aja bu gw bingung mau jawab apa bulan depannya gw karena klik ama dokter ini gw balik lagi dan gada perbedaan semua diperlakukan sama ama dia respect banget🥰
7525712149815100167,2025-07-11T06:46:55.000Z,1,https://www.tiktok.com/@memecatcorporate/video/7463024940799790341,https://www.tiktok.com/@memecatcorporate/video/7463024940799790341?commentId=7525712149815100167,scraping_tiktok,hellowwwsani,"pake bpjs di Ugd pas mau lahiran udah pembukaan 1 disuruh bolak balik kesana kemari ,, dokternya malah nyuruh pulang njirr, alhasil lahiran dibidan 🙂🙂🙂"
7520550120691417874,2025-06-27T08:55:36.000Z,1,https://www.tiktok.com/@memecatcorporate/video/7463024940799790341,https://www.tiktok.com/@memecatcorporate/video/7463024940799790341?commentId=7520550120691417874,scraping_tiktok,americanoo.coffe00,aku kerja di rs ... gak kekgini anjj🤣
7608197562944307976,2026-02-18T13:32:24.000Z,0,https://www.tiktok.com/@kara.asmaranala/video/7608028748603985170,https://www.tiktok.com/@kara.asmaranala/video/7608028748603985170?commentId=7608197562944307976,scraping_tiktok,umii86703,"aku kmren SC juga vvip bpjs dri perusahaan suamiku..satu ruangan aku doang😂enak bgt luas, full AC TV kulkas dispenser sama kasur lipat utk yg jaga"
7630111451114504977,2026-04-18T14:49:34.000Z,0,https://www.tiktok.com/@kara.asmaranala/video/7608028748603985170,https://www.tiktok.com/@kara.asmaranala/video/7608028748603985170?commentId=7630111451114504977,scraping_tiktok,18fiaa.a,"selamat kak, btw berapa jahitan? salam dari 20jahitan luar🤗"
7608177813003059985,2026-02-18T12:16:04.000Z,0,https://www.tiktok.com/@kara.asmaranala/video/7608028748603985170,https://www.tiktok.com/@kara.asmaranala/video/7608028748603985170?commentId=7608177813003059985,scraping_tiktok,panggilajaica97,"Kak aku juga bpjs perusahaan kelas 1,tapi waktu anak sakit sama aku yg sakit kamarnya 2 orang atau 3 orang terus. Rs nya selalu bilang kamar kelas 1 nya penuh 😭"
7608143674924647175,2026-02-18T10:03:19.000Z,0,https://www.tiktok.com/@kara.asmaranala/video/7608028748603985170,https://www.tiktok.com/@kara.asmaranala/video/7608028748603985170?commentId=7608143674924647175,scraping_tiktok,arfiyah091,"3x sc ngerasain 3 kls rawat berbeda...
sc pertama di kls3 krna pke SKTM thn2010
sc k2 pke bpjs kls2 thn2016
sc k3+steril pke bpjs kls1 thn2022,bonus'a di ksh eracs...🤭"
7608133813055341330,2026-02-18T09:25:05.000Z,0,https://www.tiktok.com/@kara.asmaranala/video/7608028748603985170,https://www.tiktok.com/@kara.asmaranala/video/7608028748603985170?commentId=7608133813055341330,scraping_tiktok,tthsyam,gimana ka rasanya? aku lahiran SC 2× kelas 3 semua.
7609664604768174855,2026-02-22T12:25:20.000Z,0,https://www.tiktok.com/@kara.asmaranala/video/7608028748603985170,https://www.tiktok.com/@kara.asmaranala/video/7608028748603985170?commentId=7609664604768174855,scraping_tiktok,luvlymoys,"Kaaaaak samaaa, bpjs kelas 1 dari kantor suami. Kepake pas lahiran dan hamdalah nyaman bgttt dapet kamar sendiri jadi nyaman gak bareng orang lain"
7609525935633597205,2026-02-22T03:27:19.000Z,0,https://www.tiktok.com/@kara.asmaranala/video/7608028748603985170,https://www.tiktok.com/@kara.asmaranala/video/7608028748603985170?commentId=7609525935633597205,scraping_tiktok,itsrachel045,"enak banget ini RS nya kelas 1 bed nya cuma 1.
dikotaku RS nya kelas 1 semua 2 bed tetap gak tenang"
7608837403138917127,2026-02-20T06:55:23.000Z,0,https://www.tiktok.com/@kara.asmaranala/video/7608028748603985170,https://www.tiktok.com/@kara.asmaranala/video/7608028748603985170?commentId=7608837403138917127,scraping_tiktok,novia.putri554,"aku punya BPJS perusahaan kls 1 jg, tapi gak pernah di pakai, takut ribet kalau pakai BPJS,,
saya kebetulan dari perusahaan jg ada asuransi swasta Jd nya pakai itu"
7608734627029861127,2026-02-20T00:16:38.000Z,0,https://www.tiktok.com/@kara.asmaranala/video/7608028748603985170,https://www.tiktok.com/@kara.asmaranala/video/7608028748603985170?commentId=7608734627029861127,scraping_tiktok,nilasari80,jakarta BPJS kelas 1.. dua bed
7608233766549766919,2026-02-18T15:52:55.000Z,0,https://www.tiktok.com/@kara.asmaranala/video/7608028748603985170,https://www.tiktok.com/@kara.asmaranala/video/7608028748603985170?commentId=7608233766549766919,scraping_tiktok,yukyas_2o0,kmrn juga lahiran anak k4... akhirnya ngrasain bpjs kelas 1 kpake... gara2 d rujuk pasca lahiran 😅😅
7608220386983854866,2026-02-18T15:01:04.000Z,0,https://www.tiktok.com/@kara.asmaranala/video/7608028748603985170,https://www.tiktok.com/@kara.asmaranala/video/7608028748603985170?commentId=7608220386983854866,scraping_tiktok,doyoung.wifeu,"enak amat kak kelas 1 isinya 1 doang, di hermina isi 2 mana kecil lagi😭"
7608208063422628615,2026-02-18T14:13:10.000Z,0,https://www.tiktok.com/@kara.asmaranala/video/7608028748603985170,https://www.tiktok.com/@kara.asmaranala/video/7608028748603985170?commentId=7608208063422628615,scraping_tiktok,4yu_oktavia22,"aku baru kemarin lahiran SC,dirawat inap dpt kls 3 yg satu Kamar 4 bed.padahal saya bpjs kls 1.selalu ga Ada Kamar penuh trus sudah biasa setiap dirawat selalu begitu penuh Kamar kls 1.udh kls 3 ac mati Ada kipas jg mati alhasil mlm""kegerahan😁"
7608188210204050194,2026-02-18T12:56:07.000Z,0,https://www.tiktok.com/@kara.asmaranala/video/7608028748603985170,https://www.tiktok.com/@kara.asmaranala/video/7608028748603985170?commentId=7608188210204050194,scraping_tiktok,metafegi,"bpjs kls1 itu potongan nya 450 3 org dikantor suami ku, sayang ngga dipakai sbnr nya ya"
7608052647237862165,2026-02-18T04:10:12.000Z,0,https://www.tiktok.com/@kara.asmaranala/video/7608028748603985170,https://www.tiktok.com/@kara.asmaranala/video/7608028748603985170?commentId=7608052647237862165,scraping_tiktok,maizaraychelr,"kak SC apa normal kak??aku ada denger dari orang KLO pake BPJS dari perusahaan,suka malah di SC KA bnr apa ngga?"
7609191546517439239,2026-02-21T05:49:49.000Z,0,https://www.tiktok.com/@kara.asmaranala/video/7608028748603985170,https://www.tiktok.com/@kara.asmaranala/video/7608028748603985170?commentId=7609191546517439239,scraping_tiktok,ulicristymanurung,Apa kabar nanti aku op kelas 3 di siloam😭
7614664013566460692,2026-03-07T23:45:44.000Z,0,https://www.tiktok.com/@kara.asmaranala/video/7608028748603985170,https://www.tiktok.com/@kara.asmaranala/video/7608028748603985170?commentId=7614664013566460692,scraping_tiktok,nisarahma.7,"Aku jg kelas 1 mandiri, sc eracs upgrade vip cuma nambah 6,3 jt di brawijaya"
7608909527488381717,2026-02-20T11:35:17.000Z,0,https://www.tiktok.com/@kara.asmaranala/video/7608028748603985170,https://www.tiktok.com/@kara.asmaranala/video/7608028748603985170?commentId=7608909527488381717,scraping_tiktok,ue0507,"saya kelas 1 1 ruangan 2 org , samping org gemuk suami istri malam ya merka adu NGOROK , pagi ya anak ya mewek semakin d bujuk semakin tantrum sampe 1 jam g berhenti sore ya bawa rombongan cekakcekikik tanpa liat pasien sebelah 6 hari stress bgt seruangan sama org beginian"
7608820052142179079,2026-02-20T05:48:02.000Z,0,https://www.tiktok.com/@kara.asmaranala/video/7608028748603985170,https://www.tiktok.com/@kara.asmaranala/video/7608028748603985170?commentId=7608820052142179079,scraping_tiktok,imemey2589,gak jg kk kadang g uman kelas 1 akhirnya ditampung dikelas 3🤣. tapi sejauh ini aku jg aman dikelas 1 meski kadang ke kelas 3
7608235537480483591,2026-02-18T15:59:48.000Z,0,https://www.tiktok.com/@kara.asmaranala/video/7608028748603985170,https://www.tiktok.com/@kara.asmaranala/video/7608028748603985170?commentId=7608235537480483591,scraping_tiktok,nailaaprilian_,Di tmptku kels 1 msh 2 bed akhirnya up ke vip kaya di hotel bukan rs😭🤣
7608229278011130642,2026-02-18T15:35:29.000Z,0,https://www.tiktok.com/@kara.asmaranala/video/7608028748603985170,https://www.tiktok.com/@kara.asmaranala/video/7608028748603985170?commentId=7608229278011130642,scraping_tiktok,_naden4,"Bpjs ku klas 2 tp di Rs nya klas 2 cumn 1 orang, dan klas 1 nya itu sma aja 1 orang beda fasilitas aja, d rs lain klas 1 ada yg 2 orang"
7627345071335719687,2026-04-11T03:54:34.000Z,0,https://www.tiktok.com/@memecatcorporate/video/7463024940799790341,https://www.tiktok.com/@memecatcorporate/video/7463024940799790341?commentId=7627345071335719687,scraping_tiktok,cerita_.kt,mandiri juga bisa ngasi KUR dan dana segar lainnya
7639597355566285576,2026-05-14T04:19:48.000Z,0,https://www.tiktok.com/@memecatcorporate/video/7463024940799790341,https://www.tiktok.com/@memecatcorporate/video/7463024940799790341?commentId=7639597355566285576,scraping_tiktok,ilmiooo,tidak seperti itu kok
7610788628617462546,2026-02-25T13:07:15.000Z,0,https://www.tiktok.com/@memecatcorporate/video/7463024940799790341,https://www.tiktok.com/@memecatcorporate/video/7463024940799790341?commentId=7610788628617462546,scraping_tiktok,cendanimardana,nggak tuh saya pasien BPJS tpi pelayanan super baik n ramah ..
7515209703770407698,2025-06-12T23:32:11.000Z,2,https://www.tiktok.com/@memecatcorporate/video/7463024940799790341,https://www.tiktok.com/@memecatcorporate/video/7463024940799790341?commentId=7515209703770407698,scraping_tiktok,tyahiiiiiii,Bpjs di rspad bagus bgt dokternya baik
7617892168908849927,2026-03-16T16:32:27.000Z,0,https://www.tiktok.com/@memecatcorporate/video/7463024940799790341,https://www.tiktok.com/@memecatcorporate/video/7463024940799790341?commentId=7617892168908849927,scraping_tiktok,elsharawidiyanto1620,bagiku tidak ada bedanya ..
7627149450080109333,2026-04-10T15:15:30.000Z,0,https://www.tiktok.com/@memecatcorporate/video/7463024940799790341,https://www.tiktok.com/@memecatcorporate/video/7463024940799790341?commentId=7627149450080109333,scraping_tiktok,joe.avggek0,saya asuransi
7612847847725187860,2026-03-03T02:17:57.000Z,0,https://www.tiktok.com/@memecatcorporate/video/7463024940799790341,https://www.tiktok.com/@memecatcorporate/video/7463024940799790341?commentId=7612847847725187860,scraping_tiktok,yaaqween_,"BPJS bayar mandiri keles, sama sama mandiri kok, sama aja kita yang bayar sendiri 😏"
7609985725866869511,2026-02-23T09:11:31.000Z,0,https://www.tiktok.com/@memecatcorporate/video/7463024940799790341,https://www.tiktok.com/@memecatcorporate/video/7463024940799790341?commentId=7609985725866869511,scraping_tiktok,safarrr22,bpjs jg byar loh euyyy😭
7525728915650921234,2025-07-11T07:51:53.000Z,0,https://www.tiktok.com/@memecatcorporate/video/7463024940799790341,https://www.tiktok.com/@memecatcorporate/video/7463024940799790341?commentId=7525728915650921234,scraping_tiktok,ari21yanti,baru aja aq keluar dari RS nemenin bpakq..alhamdulilah bapakq...alhamdulilah semua pelayananya bagus bgt
7623557454949892872,2026-03-31T22:56:53.000Z,0,https://www.tiktok.com/@memecatcorporate/video/7463024940799790341,https://www.tiktok.com/@memecatcorporate/video/7463024940799790341?commentId=7623557454949892872,scraping_tiktok,mdlaasr_,Perasaan ga gini slma mke bpjs
7607103110653444882,2026-02-15T14:45:20.000Z,0,https://www.tiktok.com/@memecatcorporate/video/7463024940799790341,https://www.tiktok.com/@memecatcorporate/video/7463024940799790341?commentId=7607103110653444882,scraping_tiktok,brianawidy88,bgtulah kira2 gambaranx
7611385353203680018,2026-02-27T03:42:44.000Z,0,https://www.tiktok.com/@memecatcorporate/video/7463024940799790341,https://www.tiktok.com/@memecatcorporate/video/7463024940799790341?commentId=7611385353203680018,scraping_tiktok,5diana27,alhamdulillah pengalaman ku ok selama rawat inap pakai BPJS 🙏🏻👍🏻 semoga jg pengalaman semua dng BPJS akan terus membaik 🙏🏻👍🏻💪🏻🇮🇩
7624040942865056532,2026-04-02T06:12:49.000Z,0,https://www.tiktok.com/@memecatcorporate/video/7463024940799790341,https://www.tiktok.com/@memecatcorporate/video/7463024940799790341?commentId=7624040942865056532,scraping_tiktok,bithya_19,podooooooo😁
7463462924913689362,2025-01-24T12:48:09.000Z,1,https://www.tiktok.com/@memecatcorporate/video/7463024940799790341,https://www.tiktok.com/@memecatcorporate/video/7463024940799790341?commentId=7463462924913689362,scraping_tiktok,ryaemireeglouw,real 😭
7607623731695108884,2026-02-17T00:25:48.000Z,0,https://www.tiktok.com/@memecatcorporate/video/7463024940799790341,https://www.tiktok.com/@memecatcorporate/video/7463024940799790341?commentId=7607623731695108884,scraping_tiktok,arsyilakuu,lagi sakit malah dijudesin dr n perawatnya😭
7470489774776664850,2025-02-12T11:15:57.000Z,1,https://www.tiktok.com/@memecatcorporate/video/7463024940799790341,https://www.tiktok.com/@memecatcorporate/video/7463024940799790341?commentId=7470489774776664850,scraping_tiktok,lilisdafasimic,bener banget. apa lagi scuritynya.
7583714284502450952,2025-12-14T14:04:49.000Z,0,https://www.tiktok.com/@memecatcorporate/video/7463024940799790341,https://www.tiktok.com/@memecatcorporate/video/7463024940799790341?commentId=7583714284502450952,scraping_tiktok,cleo.anatasya,aing mandiri🗿🗿
7478929976202396437,2025-03-07T05:08:18.000Z,1,https://www.tiktok.com/@memecatcorporate/video/7463024940799790341,https://www.tiktok.com/@memecatcorporate/video/7463024940799790341?commentId=7478929976202396437,scraping_tiktok,meiskeutami,gada begini koq dijakarta mah
7605597389433864978,2026-02-11T13:22:24.000Z,0,https://www.tiktok.com/@memecatcorporate/video/7463024940799790341,https://www.tiktok.com/@memecatcorporate/video/7463024940799790341?commentId=7605597389433864978,scraping_tiktok,fitripanda29,hhhhhhh
7463714229617115922,2025-01-25T05:03:30.000Z,1,https://www.tiktok.com/@memecatcorporate/video/7463024940799790341,https://www.tiktok.com/@memecatcorporate/video/7463024940799790341?commentId=7463714229617115922,scraping_tiktok,yuliana_manusia,beneran sih iki fakta😭😭
7491968076389974802,2025-04-11T08:22:45.000Z,1,https://www.tiktok.com/@memecatcorporate/video/7463024940799790341,https://www.tiktok.com/@memecatcorporate/video/7463024940799790341?commentId=7491968076389974802,scraping_tiktok,cahyamentarii_,gak ngerti. gue asuransi swasta
7525419341056787208,2025-07-10T11:50:36.000Z,1,https://www.tiktok.com/@memecatcorporate/video/7463024940799790341,https://www.tiktok.com/@memecatcorporate/video/7463024940799790341?commentId=7525419341056787208,scraping_tiktok,user47807100,"perasaan ndak gitu2 amat.anak saya dulu sering masuk rumah sakit pakai Bpjs yg dr pemerintah pelayanannya sangat bagus.ruangannya juga nyaman,perawatnya ramah2"
7526136050218386177,2025-07-12T10:11:50.000Z,1,https://www.tiktok.com/@memecatcorporate/video/7463024940799790341,https://www.tiktok.com/@memecatcorporate/video/7463024940799790341?commentId=7526136050218386177,scraping_tiktok,allwii07,apalagi yang pake asuransi yg limit nya 100jt keatas paling di prioritaskan daripada jalur mandiri soalnya pernah ngalamin
7523907301738349330,2025-07-06T10:03:10.000Z,1,https://www.tiktok.com/@memecatcorporate/video/7463024940799790341,https://www.tiktok.com/@memecatcorporate/video/7463024940799790341?commentId=7523907301738349330,scraping_tiktok,hana_ana89,"sekarang mah suster di wajibkan ramah....
bbrp x pake BPJS pemerintah
di layani dgn baik...."
7464075647096439553,2025-01-26T04:26:03.000Z,1,https://www.tiktok.com/@memecatcorporate/video/7463024940799790341,https://www.tiktok.com/@memecatcorporate/video/7463024940799790341?commentId=7464075647096439553,scraping_tiktok,stealls11,lah emang ddi satuin ruangan nya
7463744945267540744,2025-01-25T07:02:43.000Z,1,https://www.tiktok.com/@memecatcorporate/video/7463024940799790341,https://www.tiktok.com/@memecatcorporate/video/7463024940799790341?commentId=7463744945267540744,scraping_tiktok,muniqueschannel,Padahal bpjs juga sama bayar ke rs gak gratis 😂 dan itu uang kita jg sih cuma dibantu sama pemerintah.
7464519428160914181,2025-01-27T09:08:28.000Z,1,https://www.tiktok.com/@memecatcorporate/video/7463024940799790341,https://www.tiktok.com/@memecatcorporate/video/7463024940799790341?commentId=7464519428160914181,scraping_tiktok,dimzzcooooooo,"BPJS adalah
barisan para jomblo sukses"
7514329093841208080,2025-06-10T14:34:49.000Z,1,https://www.tiktok.com/@memecatcorporate/video/7463024940799790341,https://www.tiktok.com/@memecatcorporate/video/7463024940799790341?commentId=7514329093841208080,scraping_tiktok,devigemoy1133,"Alhamdulillah, saya sebagai mahasiswa profesi ners tidak pernah membedakan pasien BPJS & pasien mandiri"
7631924558614332180,2026-04-23T12:05:19.000Z,0,https://www.tiktok.com/@memecatcorporate/video/7463024940799790341,https://www.tiktok.com/@memecatcorporate/video/7463024940799790341?commentId=7631924558614332180,scraping_tiktok,mucukun69,[Sticker] 
7641663082309763858,2026-05-19T17:55:42.000Z,0,https://www.tiktok.com/@memecatcorporate/video/7463024940799790341,https://www.tiktok.com/@memecatcorporate/video/7463024940799790341?commentId=7641663082309763858,scraping_tiktok,tanpanama8319,jdi inget orrtu saya .
7581123129079841537,2025-12-07T14:29:47.000Z,0,https://www.tiktok.com/@memecatcorporate/video/7463024940799790341,https://www.tiktok.com/@memecatcorporate/video/7463024940799790341?commentId=7581123129079841537,scraping_tiktok,cristian.santoso59,"suster bpjs = aduh nih pasien BPJS pelayanannya nanti lah biarin dlu
suster mandiri= gasssss"
7628823363066200853,2026-04-15T03:31:09.000Z,0,https://www.tiktok.com/@memecatcorporate/video/7463024940799790341,https://www.tiktok.com/@memecatcorporate/video/7463024940799790341?commentId=7628823363066200853,scraping_tiktok,putriajhh60,"ga semua rs si kak kayanya beberapa aja soalnya adek ku rawat inap di salah satu rs di semarang pakai bpjs,dilayani sangat baik dan gercep suster nya🥰🙏"
7626619210522297104,2026-04-09T04:57:54.000Z,0,https://www.tiktok.com/@memecatcorporate/video/7463024940799790341,https://www.tiktok.com/@memecatcorporate/video/7463024940799790341?commentId=7626619210522297104,scraping_tiktok,angelicaaa154,kalo begitu ngapain adain BPJS kalo di beda2kan??
7585081299816416008,2025-12-18T06:29:29.000Z,0,https://www.tiktok.com/@memecatcorporate/video/7463024940799790341,https://www.tiktok.com/@memecatcorporate/video/7463024940799790341?commentId=7585081299816416008,scraping_tiktok,kartika.sr12,ga siy..saua pernah di rs permata pamulang--pelayananny bagus--ramah dan cepat
7587837935572583186,2025-12-25T16:46:41.000Z,0,https://www.tiktok.com/@memecatcorporate/video/7463024940799790341,https://www.tiktok.com/@memecatcorporate/video/7463024940799790341?commentId=7587837935572583186,scraping_tiktok,lancar_barokah8,"padahal kalau bpjs, rumah sakit bisa bebas ngasih pelayanan dan obat2an, dan terkadang sengaja melakukan pemeriksaan yg g perlu agar semakin besar klaimnya nnt"
7496552838161974017,2025-04-23T16:54:08.000Z,0,https://www.tiktok.com/@memecatcorporate/video/7463024940799790341,https://www.tiktok.com/@memecatcorporate/video/7463024940799790341?commentId=7496552838161974017,scraping_tiktok,takiya22.genji,kasus bpjs viral
7625619650261517076,2026-04-06T12:19:04.000Z,1566,https://www.tiktok.com/@risyadandson/video/7625604545632161032,https://www.tiktok.com/@risyadandson/video/7625604545632161032?commentId=7625619650261517076,scraping_tiktok,m.fahrizulfi,brrti yg perlu disalahin pihak bpjs bikin peraturan mumet
7625604970624107285,2026-04-06T11:24:03.000Z,564,https://www.tiktok.com/@risyadandson/video/7625604545632161032,https://www.tiktok.com/@risyadandson/video/7625604545632161032?commentId=7625604970624107285,scraping_tiktok,zem__runner,padahalkan BPJS juga bayar
7625649497893520144,2026-04-06T14:14:53.000Z,202,https://www.tiktok.com/@risyadandson/video/7625604545632161032,https://www.tiktok.com/@risyadandson/video/7625604545632161032?commentId=7625649497893520144,scraping_tiktok,nivela.id,"Aku kerja di RS, aturan itu emang dari BPJS nya yang bikin ruwet, sekian fakta hari ini."
7625778872425317137,2026-04-06T22:37:17.000Z,34,https://www.tiktok.com/@risyadandson/video/7625604545632161032,https://www.tiktok.com/@risyadandson/video/7625604545632161032?commentId=7625778872425317137,scraping_tiktok,encungkim,"tapi tapi tapi, aq pernah kerja di rumah sakit kabupaten, tpi kami lebih suka pasien bpjs daripada pasien umum, krna suka kasian liat pasien harus bayar sesuai perda tuh lumayan banget, jadi kita klo menota tindakan tuh suka di kurang kurangin contoh nya kayak ttv, injeksi obat, pasang oksigen tuh kadang gk di hitung yg di hitung obat dan bahan habis pakainya. jadi jasa umum nya makin dikit, udah di pangkas di ugd ntar diruangan jg di pangkas tindakan2 kecil gk dihitung, ntar di kasir jg kadang di pangkas lagi biar gk bnyk bayarnya, jadi jasa insentif pasien umum cairnya per 3 bulan itupun dapetnya paling 100 200 rb😭"
7625606168787075847,2026-04-06T11:26:48.000Z,67,https://www.tiktok.com/@risyadandson/video/7625604545632161032,https://www.tiktok.com/@risyadandson/video/7625604545632161032?commentId=7625606168787075847,scraping_tiktok,bogemmodesadxx,kenapa gw pake bpjs di kasih cuman parasetamol
7625617983330960149,2026-04-06T12:12:34.000Z,98,https://www.tiktok.com/@risyadandson/video/7625604545632161032,https://www.tiktok.com/@risyadandson/video/7625604545632161032?commentId=7625617983330960149,scraping_tiktok,mas.bowo82,knp bpjs klo opname sembuh ga sembuh 3 hari harus pulang?
7626045182329553665,2026-04-07T15:50:27.000Z,11,https://www.tiktok.com/@risyadandson/video/7625604545632161032,https://www.tiktok.com/@risyadandson/video/7625604545632161032?commentId=7626045182329553665,scraping_tiktok,endang_riyanti,"tolong bedakan BPJS PBI dan BPJS mandiri..
kita yg mandiri tiap bulan bayar tapi fakta nya di sama kan yg BPJS pemerintah."
7625755093674443541,2026-04-06T21:04:53.000Z,32,https://www.tiktok.com/@risyadandson/video/7625604545632161032,https://www.tiktok.com/@risyadandson/video/7625604545632161032?commentId=7625755093674443541,scraping_tiktok,deaseasae16,"ingin berterima kasih sama semua yg rutin bayar BPJS tiap bulan, tapi gak pernah dipake, brarti sehat selalu. Saya sebagai penerima BPJS PBI, SC eracs, ranap, sekalian IUD & obat pasca lahiran, semua full di cover BPJS, pelayanan RS juga baik & ramah 🙏"
7625638260232307477,2026-04-06T13:31:17.000Z,51,https://www.tiktok.com/@risyadandson/video/7625604545632161032,https://www.tiktok.com/@risyadandson/video/7625604545632161032?commentId=7625638260232307477,scraping_tiktok,ayah_celin,"aneh ni orng"" knpa salahin BPJS sama regular, gampangnya gni, BPJS yg pake banyak prosesnya panjang, sedangkan regular g pake proses panjang dan penggunaannya sedikit.... y jelas antrian lbh cepet regular"
7625630137589302049,2026-04-06T12:59:42.000Z,6,https://www.tiktok.com/@risyadandson/video/7625604545632161032,https://www.tiktok.com/@risyadandson/video/7625604545632161032?commentId=7625630137589302049,scraping_tiktok,catur.kusumo,"sekedar saran dan menjelaskan bang, biaya kesehatan itu mahal sekali, karena berhubungan langsung dengan manusia. bpjs pun kurang dalam sosialisasi aturan yang selalu berganti, sehingga tenaga kesehatan yang melayani yang selalu menjelaskan satu persatu, bayangkan sehari berapa pasien yang datang. bandingkan biaya asuransi swasta dan bpjs kelas 1 bagaikan langit dan bumi. bpjs kelas 1:150.000, asuransi swasta: minimal 500.000 sampai 1.000.000 perbulan tergantung usia dll. edukasi terpenting adalah bpjs harus sering sosialisasi, sebagai tenaga kesehatan kami terkadang lelah sekali menjelaskan, dikira kami yang tidak mau maksimal dalam merawat pasien tersebut."
7626377396043957009,2026-04-08T13:19:24.000Z,4,https://www.tiktok.com/@risyadandson/video/7625604545632161032,https://www.tiktok.com/@risyadandson/video/7625604545632161032?commentId=7626377396043957009,scraping_tiktok,rangers.hitam5,"Sebagai peserta BPJS Kesehatan, saya tidak melihat adanya perlakuan berbeda dalam arti diskriminatif. Yang ada adalah sistem pelayanan yang memang diatur agar adil untuk semua orang, bukan hanya untuk sebagian.
BPJS Kesehatan melayani jutaan peserta dengan latar belakang yang beragam. Dalam kondisi seperti itu, pelayanan tidak bisa berjalan tanpa aturan. Karena itu, diterapkan alur seperti rujukan berjenjang, antrean, dan prosedur administratif. Ini bukan pembeda, melainkan standarisasi layanan supaya setiap pasien mendapatkan penanganan sesuai kebutuhan medisnya, secara tepat dan merata.
Tenaga kesehatan bekerja berdasarkan indikasi medis dan standar profesi, bukan berdasarkan jenis kepesertaan. Artinya, keputusan medis tetap sama: siapa yang lebih membutuhkan, itu yang diprioritaskan. Ini justru memastikan keadilan yang sesungguhnya.
Pengalaman saya sebagai pengguna membuktikan bahwa layanan tetap diberikan dengan baik. Mungkin prosesnya berbeda dibanding layanan non-asuransi atau mandiri, tetapi hasil akhirnya tetap sama: pasien mendapatkan pelayanan yang dibutuhkan tanpa harus terbebani biaya besar.
Jadi, jika ada persepsi “dibedakan”, penting dipahami bahwa yang berbeda adalah mekanisme layanan, bukan nilai atau kualitas pelayanan itu sendiri. Sistem ini justru hadir untuk memastikan semua orang tanpa terkecuali tetap bisa mendapatkan haknya atas layanan kesehatan."
7625641562265666324,2026-04-06T13:44:04.000Z,33,https://www.tiktok.com/@risyadandson/video/7625604545632161032,https://www.tiktok.com/@risyadandson/video/7625604545632161032?commentId=7625641562265666324,scraping_tiktok,devenfallo,"Inti nya BPJS yg buat aturan, bukan Rumah Sakit. Jadi kalau mau komplain/konsultasi langsung ke BPJS nya bukan ke RS😁 BPJS dan Rumah Sakit itu 2 badan yg berbeda"
7625619377715856135,2026-04-06T12:18:01.000Z,20,https://www.tiktok.com/@risyadandson/video/7625604545632161032,https://www.tiktok.com/@risyadandson/video/7625604545632161032?commentId=7625619377715856135,scraping_tiktok,remaja.jompoooo,sumpah dah BPJS tuh berasa gak bisa dipake di kondisi udah darurat atau harus masuk igd
7626213838510621456,2026-04-08T02:45:16.000Z,9,https://www.tiktok.com/@risyadandson/video/7625604545632161032,https://www.tiktok.com/@risyadandson/video/7625604545632161032?commentId=7626213838510621456,scraping_tiktok,wisnaade,maaf z sebagai perawat tdk prnh mmbedakan antara pasien umum sm bpjs
7625604583985496848,2026-04-06T11:22:28.000Z,4,https://www.tiktok.com/@risyadandson/video/7625604545632161032,https://www.tiktok.com/@risyadandson/video/7625604545632161032?commentId=7625604583985496848,scraping_tiktok,oktavianusputra3,1
7625632574592811796,2026-04-06T13:09:08.000Z,14,https://www.tiktok.com/@risyadandson/video/7625604545632161032,https://www.tiktok.com/@risyadandson/video/7625604545632161032?commentId=7625632574592811796,scraping_tiktok,biawaktempur97,"masalahnya di bpjs, aturan dan alur klaimnya ribet, tapi masyrakat taunya cuma nyalahin nakes"
7625971854427554580,2026-04-07T11:05:48.000Z,4,https://www.tiktok.com/@risyadandson/video/7625604545632161032,https://www.tiktok.com/@risyadandson/video/7625604545632161032?commentId=7625971854427554580,scraping_tiktok,nuzulwahyudi7,"Pengalaman si ya si rumah sakit pemerintah pelayanannya sama saja, cuma karena yg pakai BPJS banyak pasti jadi lebih lama. Dan pernah beberapa kali pakai umum malah disarankan pakai BPJS saja kalau punya BPJS"
7625807749222662928,2026-04-07T00:29:14.000Z,7,https://www.tiktok.com/@risyadandson/video/7625604545632161032,https://www.tiktok.com/@risyadandson/video/7625604545632161032?commentId=7625807749222662928,scraping_tiktok,hmgg_28,bener om kami perawat khususnya di IGD capek gara2 bpjs ini.. mana pgawainya gak ada lg standby..😭😭 aturan banyak ga jelas
7625968597719139079,2026-04-07T10:53:09.000Z,5,https://www.tiktok.com/@risyadandson/video/7625604545632161032,https://www.tiktok.com/@risyadandson/video/7625604545632161032?commentId=7625968597719139079,scraping_tiktok,shasipril,"ini critaku,12 maret Op abses..dan mulai kontrol lah tiap minggu
kata Rs kontrol bs pakai Bpjs kalau jarak dr kontrol sebelumnya ke selnjutnya 8hari atau lebih dan ini katnya aturan dr BPJS,
sdngkan minggu lalu kontrolku berjarak 5hari belum masuk 8hri, Rs ngeyel g bs pakai Bpjs kontrol.
Akhirnya aku inisiatif tlp call center bpjs 165 aku rekam.
Dan kalian tau?Dari BPJS itu jika kontrol walaupun belum 8hri atau lebih itu tetap bs pakai Bpjs😬
aku kirim rekamanku ke Wa RS ,Dan akhirnya mereka bilang bisa wee😁"
7626075912950022930,2026-04-07T17:49:35.000Z,3,https://www.tiktok.com/@risyadandson/video/7625604545632161032,https://www.tiktok.com/@risyadandson/video/7625604545632161032?commentId=7626075912950022930,scraping_tiktok,ftskusuma,"saya kerja di RS dan memang aturan dari BPJS yang menyulitkan, sedangkan pihak nakes maunya maksimal perawatannya cuma kepentok batas maksimal biaya dr BPJS dan setiap diagnosa maksimalmya beda²."
7641284102013190913,2026-05-18T17:25:10.000Z,3,https://www.tiktok.com/@risyadandson/video/7625604545632161032,https://www.tiktok.com/@risyadandson/video/7625604545632161032?commentId=7641284102013190913,scraping_tiktok,fathurrohman8319,"gaji perawat sering di potong gegara nombok BPJS yg gak ke klaim😭,"
7635990787746972423,2026-05-04T11:04:23.000Z,0,https://www.tiktok.com/@risyadandson/video/7625604545632161032,https://www.tiktok.com/@risyadandson/video/7625604545632161032?commentId=7635990787746972423,scraping_tiktok,shatin25,Aku pernah jadi pasien non bpjs kayanannya di rumah sakit langsung sat set 😅😅
7633433266460803847,2026-04-27T13:39:50.000Z,0,https://www.tiktok.com/@risyadandson/video/7625604545632161032,https://www.tiktok.com/@risyadandson/video/7625604545632161032?commentId=7633433266460803847,scraping_tiktok,lillylp175,"Saya pake bpjs d layani dgn baik kok,saya dlm 1 thn operasi pasang sten ginjal 2x dan ranap nya tergantung sakit nya,sya udh 4hr bilang ke suster,sus kpan saya boleh pulang ya,kata suster tunggu dulu ya tggu konfirmasi dr dokter nya dl dan obat nya bagus"" jg"
7639649186649162513,2026-05-14T07:40:55.000Z,4,https://www.tiktok.com/@risyadandson/video/7625604545632161032,https://www.tiktok.com/@risyadandson/video/7625604545632161032?commentId=7639649186649162513,scraping_tiktok,sus.sus732,q pakai bbjs Alhamdulillah di layani dengan baik.mereka ramah2 GK membanding2kan
7625799562213737236,2026-04-06T23:57:31.000Z,2,https://www.tiktok.com/@risyadandson/video/7625604545632161032,https://www.tiktok.com/@risyadandson/video/7625604545632161032?commentId=7625799562213737236,scraping_tiktok,sherlieocta,tapi kemarin aku dari RS salah satu di jogja ku mo berobat bayar mandiri tapi sama di perlakukan kaya BPJS ngantri sampai 6 jam.😫
7626060888366203666,2026-04-07T16:51:19.000Z,0,https://www.tiktok.com/@risyadandson/video/7625604545632161032,https://www.tiktok.com/@risyadandson/video/7625604545632161032?commentId=7626060888366203666,scraping_tiktok,anggra622,sebenarnya gni mas bukanya kami membedakan cuma kalo emg umum di VVIP sama bpjs jelas beda pelayanan fasilitas menjadi ekstra karna kami d tuntut 5S di bagian pendaftaran depan pun sudah d jelaskan ap saja yg d dpt d kelas tsb
7642525132933825298,2026-05-22T01:41:00.000Z,1,https://www.tiktok.com/@risyadandson/video/7625604545632161032,https://www.tiktok.com/@risyadandson/video/7625604545632161032?commentId=7642525132933825298,scraping_tiktok,radenkertonegoro2026,saya peserta bpjs dan selama ini mendapat pelayanan baik.
7625999198600839957,2026-04-07T12:51:52.000Z,0,https://www.tiktok.com/@risyadandson/video/7625604545632161032,https://www.tiktok.com/@risyadandson/video/7625604545632161032?commentId=7625999198600839957,scraping_tiktok,sndynr_,"yg gue tau,pernah denger, kalo BPJS itu cair untuk pihak rumah sakitnya lama bisa 2-3 bulan bahkan lebih, jadi menghambat gaji petugas, gatau ini petugas yg mana"
7626209698522415892,2026-04-08T02:28:56.000Z,4,https://www.tiktok.com/@risyadandson/video/7625604545632161032,https://www.tiktok.com/@risyadandson/video/7625604545632161032?commentId=7626209698522415892,scraping_tiktok,dapoer_diet,"Saya sebagai peserta BPJS Kesehatan dilayani dengan sangat baik di rumah sakit, menurut saya tidak ada perbedaan pelayanan ya waktu pernah di rawat inap. BPJS toh juga bayar ke rumah sakit, harusnya tidak ada perbedaan pelayanan di rumah sakit ya"
7626749149534831361,2026-04-09T13:22:09.000Z,1,https://www.tiktok.com/@risyadandson/video/7625604545632161032,https://www.tiktok.com/@risyadandson/video/7625604545632161032?commentId=7626749149534831361,scraping_tiktok,pucuksenjaa_,"Pengalaman keluarga saya pakai BPJS cukup memuaskan, prosesnya jelas dan tertib 👍"
7642273184360219412,2026-05-21T09:23:20.000Z,1,https://www.tiktok.com/@risyadandson/video/7625604545632161032,https://www.tiktok.com/@risyadandson/video/7625604545632161032?commentId=7642273184360219412,scraping_tiktok,firman.jaelani51,"aku kemarin di rawat salah satu RS di bekasi ,pakai bpjs pemerintah,,dri UGD ke ruangan rawat inap ...aku di ksh ruang rawat kelas 1 ..( vip) ..perawat nya juga baik-baik kok .emang sembuh gak sembuh cuma 4;hari"
7625694341713904404,2026-04-06T17:08:58.000Z,0,https://www.tiktok.com/@risyadandson/video/7625604545632161032,https://www.tiktok.com/@risyadandson/video/7625604545632161032?commentId=7625694341713904404,scraping_tiktok,fachri_bakary,nunggu klaim bpjs hingga bertahun2
7640891833967117064,2026-05-17T16:02:53.000Z,1,https://www.tiktok.com/@risyadandson/video/7625604545632161032,https://www.tiktok.com/@risyadandson/video/7625604545632161032?commentId=7640891833967117064,scraping_tiktok,crustoffdanil,SAYA PAKAI BPJS DIPERLAKUKAN SPECIAL KO..SMART SERVICE DI SALAH SATU RS. DI KOTA SOLO
7640482479245460231,2026-05-16T13:34:21.000Z,1,https://www.tiktok.com/@risyadandson/video/7625604545632161032,https://www.tiktok.com/@risyadandson/video/7625604545632161032?commentId=7640482479245460231,scraping_tiktok,aghisni18,aku PK BPJS kelas 3 pas sc 2 bulan lalu Alhamdulillah pelayanan gercep cepet KLO pasien ada kelurahan ramah suster maupun dokter trs antri obatnya jg CPT
7626211761721033479,2026-04-08T02:36:45.000Z,4,https://www.tiktok.com/@risyadandson/video/7625604545632161032,https://www.tiktok.com/@risyadandson/video/7625604545632161032?commentId=7626211761721033479,scraping_tiktok,bibehcintaanimal2,"Peraturan BPJS Kesehatan itu sebenarnya tidak dibuat oleh satu pihak saja, tapi oleh beberapa lembaga negara yang punya peran berbeda. Jadi penting untuk diluruskan: BPJS bukan pembuat aturan utama, melainkan pelaksana sistem."
7639375037716300564,2026-05-13T13:57:02.000Z,1,https://www.tiktok.com/@risyadandson/video/7625604545632161032,https://www.tiktok.com/@risyadandson/video/7625604545632161032?commentId=7639375037716300564,scraping_tiktok,niswanti_327,"itu semua benar, aku udah ngalamin antara BPJS & umum, di RS tempat ku berobat itu beda gedung, walaupun 1 RS 1 lokasi, gedung untuk umum sangat wahhhh🤗 lebih mewah"
7638460929122927368,2026-05-11T02:49:54.000Z,1,https://www.tiktok.com/@risyadandson/video/7625604545632161032,https://www.tiktok.com/@risyadandson/video/7625604545632161032?commentId=7638460929122927368,scraping_tiktok,ellyyuliani61,kita byr ko bpjs ga cuma2
7640479515676672789,2026-05-16T13:22:58.000Z,0,https://www.tiktok.com/@risyadandson/video/7625604545632161032,https://www.tiktok.com/@risyadandson/video/7625604545632161032?commentId=7640479515676672789,scraping_tiktok,andikaa.30,"gw bayar perbulan BPJS giliran sakit setaun sekali ,kadang ga sakit selama setahun juga, sakit demam doang pelayanan buruk cuh, bahkan sampe di tolak ,"
7636805957879710471,2026-05-06T15:47:33.000Z,1,https://www.tiktok.com/@risyadandson/video/7625604545632161032,https://www.tiktok.com/@risyadandson/video/7625604545632161032?commentId=7636805957879710471,scraping_tiktok,aisyah.rany6,1 pertanyaan gw. kpn obat2an bpjs. beda sama yang tidak bpjs.
7625820000058491668,2026-04-07T01:16:44.000Z,0,https://www.tiktok.com/@risyadandson/video/7625604545632161032,https://www.tiktok.com/@risyadandson/video/7625604545632161032?commentId=7625820000058491668,scraping_tiktok,arsyila_fatimah93,bpjs saya bayar pak
7625621530323911431,2026-04-06T12:26:18.000Z,1,https://www.tiktok.com/@risyadandson/video/7625604545632161032,https://www.tiktok.com/@risyadandson/video/7625604545632161032?commentId=7625621530323911431,scraping_tiktok,neng.khoir6,"BPJS antri nya minta ampun, kalo bayar baru daftar langsung di panggil 😳"
7625795550114120468,2026-04-06T23:41:56.000Z,0,https://www.tiktok.com/@risyadandson/video/7625604545632161032,https://www.tiktok.com/@risyadandson/video/7625604545632161032?commentId=7625795550114120468,scraping_tiktok,user5947093746696,banyak perawat yg sinis kalau pasien memakai bpjs...apa perawat g pakai bpjs...???????
7625900470897033985,2026-04-07T06:28:54.000Z,1,https://www.tiktok.com/@risyadandson/video/7625604545632161032,https://www.tiktok.com/@risyadandson/video/7625604545632161032?commentId=7625900470897033985,scraping_tiktok,tantemus1,"bpjs susa klo minta rujukan , pdhl sakitnya sdh lama"
7625836573478060816,2026-04-07T02:21:00.000Z,1,https://www.tiktok.com/@risyadandson/video/7625604545632161032,https://www.tiktok.com/@risyadandson/video/7625604545632161032?commentId=7625836573478060816,scraping_tiktok,cimocerzn22,"saya memakai 2 asuransi dalam berobat , BPJS dan asuransi swasta ....selama berobat memang banyak perbedaan misal dokter yg menangani , obat , peralatan berobat dan ruangan ."
7625841573993874183,2026-04-07T02:40:18.000Z,2,https://www.tiktok.com/@risyadandson/video/7625604545632161032,https://www.tiktok.com/@risyadandson/video/7625604545632161032?commentId=7625841573993874183,scraping_tiktok,retno_rumahswan,"padahal saya BPJS berbayar, sakit gak sakit tetap bayar . kenapa perluakuanya berbeda ?"
7626094395846116117,2026-04-07T19:01:19.000Z,0,https://www.tiktok.com/@risyadandson/video/7625604545632161032,https://www.tiktok.com/@risyadandson/video/7625604545632161032?commentId=7626094395846116117,scraping_tiktok,berjuangsendiri1809,BPJS memang aneh.pasien kls 3 kalo mau pindah kmr dan byr selisih pembayaran kmr bgitu itu tdk bisa.. tp kalo kls 2 mau pindah ke kls 1 itu bisa dia byr selisih kmr nya. jd kls 3 itu ya memang harus di bangsal
7643400283087536917,2026-05-24T10:17:06.000Z,0,https://www.tiktok.com/@risyadandson/video/7625604545632161032,https://www.tiktok.com/@risyadandson/video/7625604545632161032?commentId=7643400283087536917,scraping_tiktok,jidin.din3,terlalu byk proses nya antri ke antrian pasien di buat lelah menunggu itulah bpjs
7625702723572679431,2026-04-06T17:41:22.000Z,1,https://www.tiktok.com/@risyadandson/video/7625604545632161032,https://www.tiktok.com/@risyadandson/video/7625604545632161032?commentId=7625702723572679431,scraping_tiktok,mr.had3s,"regulasi BPJS yg bikin ruwet, cmn krna RS yg nangani pasien n bukan pihak BPJS mka ny yg d salahin itu RS ny bkn BPJS ny.
RUMAH SAKIT GAK KAN MAU AMBIL RESIKO TIDAK DI BAYAR OLEH BPJS, MAKA NYA BNYAK PROSEDUR DARI BPJS YANG HARUS DI IKUTI"
7625829322435920641,2026-04-07T01:52:46.000Z,2,https://www.tiktok.com/@risyadandson/video/7625604545632161032,https://www.tiktok.com/@risyadandson/video/7625604545632161032?commentId=7625829322435920641,scraping_tiktok,user75963993516912,"Klo di batasi, knpa ngk dijelaskan ke calon pasiennya dengan baik gitu,"
7625902516756415250,2026-04-07T06:36:42.000Z,0,https://www.tiktok.com/@risyadandson/video/7625604545632161032,https://www.tiktok.com/@risyadandson/video/7625604545632161032?commentId=7625902516756415250,scraping_tiktok,sinonapesek2,"intinya klo kita byar pribadi semua satsetsatset,, yah,,😁 pdahal gaji kita juga di potong di pbrik stiap bulan byar bpjs,😁"
7625655424169558792,2026-04-06T14:37:50.000Z,1,https://www.tiktok.com/@risyadandson/video/7625604545632161032,https://www.tiktok.com/@risyadandson/video/7625604545632161032?commentId=7625655424169558792,scraping_tiktok,bangbewok00,"Di rs tipe D itu blm ada karena cuma ada 1 farmasi, mungkin tipe B atau tipe A baru ada non bpjs atau bpjs"
7636395757919388437,2026-05-05T13:15:57.000Z,0,https://www.tiktok.com/@risyadandson/video/7625604545632161032,https://www.tiktok.com/@risyadandson/video/7625604545632161032?commentId=7636395757919388437,scraping_tiktok,abdul.ghofur353,"ndk juga kk, saya sering masuk rumah sakit, meskipun sdh 5 hari tidak diperbolehkan pulang, dan dr yg nangani saya, dr yuli hermansyah Sp. PD,
bahkan waktu dr. yuli umroh saya masuk rumah sakit lagi, saya ganti dr, dr Idea hartawan Sp.PD, itu sama, klu masih ada keluhan tidak diperbolehkan pulang, dan off name di rumah sakit BINA SEHAT JEMBER"
7626248775501792020,2026-04-08T05:03:02.000Z,0,https://www.tiktok.com/@risyadandson/video/7625604545632161032,https://www.tiktok.com/@risyadandson/video/7625604545632161032?commentId=7626248775501792020,scraping_tiktok,novianggraeni8615,"setelah antri daftar Berjam jam,.
ini surat rujukannya udah kadaluarsa, silahkan kembali ke klinik pertama untuk membuat rujukan baru."
7625908474484491029,2026-04-07T06:59:50.000Z,1,https://www.tiktok.com/@risyadandson/video/7625604545632161032,https://www.tiktok.com/@risyadandson/video/7625604545632161032?commentId=7625908474484491029,scraping_tiktok,arfa.rahman48,Alhamdulillah selama ibu sy kontrol kerumah sakit.di perlakuan dgn baik.
7625630652604171028,2026-04-06T13:01:45.000Z,1,https://www.tiktok.com/@risyadandson/video/7625604545632161032,https://www.tiktok.com/@risyadandson/video/7625604545632161032?commentId=7625630652604171028,scraping_tiktok,meme2ang,"ga juga..... saya pernah menggunakan BPJS , ga ada tuh pembedaanya.. pelayanan tetap baik... kalo faskes 1, selalu dpt antrian tuh.. meskipun faskesnya rame..... ketika di rawat inap pun juga msh welldone banget pelyanannya..."
7626223303213449992,2026-04-08T03:21:36.000Z,3,https://www.tiktok.com/@risyadandson/video/7625604545632161032,https://www.tiktok.com/@risyadandson/video/7625604545632161032?commentId=7626223303213449992,scraping_tiktok,jo256263,"[Sticker] Saran saya :
Coba sendiri berobat di RS dgn menggunakan BPJS sebelum melakukan wawancara."
7626597559695852308,2026-04-09T03:33:56.000Z,1,https://www.tiktok.com/@risyadandson/video/7625604545632161032,https://www.tiktok.com/@risyadandson/video/7625604545632161032?commentId=7626597559695852308,scraping_tiktok,5_5474,Gimana ya... Kalo BPJS dan yang membayar (Pribadi) sama. ya yang membayar protes!
7625786883994551048,2026-04-06T23:08:26.000Z,2,https://www.tiktok.com/@risyadandson/video/7625604545632161032,https://www.tiktok.com/@risyadandson/video/7625604545632161032?commentId=7625786883994551048,scraping_tiktok,dr.fikriaditya,akhirnya ada yg mengerti
7637479473617306389,2026-05-08T11:21:17.000Z,1,https://www.tiktok.com/@risyadandson/video/7625604545632161032,https://www.tiktok.com/@risyadandson/video/7625604545632161032?commentId=7637479473617306389,scraping_tiktok,christianalvino,"sumpah gw seneng banget liat ayah ini, ilmu banyak, sifatnya bisa jadi bapak buat semua orang"
7628689591658922760,2026-04-14T18:52:05.000Z,1,https://www.tiktok.com/@risyadandson/video/7625604545632161032,https://www.tiktok.com/@risyadandson/video/7625604545632161032?commentId=7628689591658922760,scraping_tiktok,itumenyenangkann,senang bertemu dokter toha
7638137349982323476,2026-05-10T05:54:21.000Z,1,https://www.tiktok.com/@risyadandson/video/7625604545632161032,https://www.tiktok.com/@risyadandson/video/7625604545632161032?commentId=7638137349982323476,scraping_tiktok,dedenaycan13,BPJS yg punya aturan
7637809698125021969,2026-05-09T08:57:05.000Z,1,https://www.tiktok.com/@risyadandson/video/7625604545632161032,https://www.tiktok.com/@risyadandson/video/7625604545632161032?commentId=7637809698125021969,scraping_tiktok,mariyanakasimm,di perhatikan lagi dong pa
7626071007292457735,2026-04-07T17:30:32.000Z,1,https://www.tiktok.com/@risyadandson/video/7625604545632161032,https://www.tiktok.com/@risyadandson/video/7625604545632161032?commentId=7626071007292457735,scraping_tiktok,archimides4,untuk IGD ngga berlaku ya dlm hal urgensi
7626067381265154817,2026-04-07T17:16:25.000Z,1,https://www.tiktok.com/@risyadandson/video/7625604545632161032,https://www.tiktok.com/@risyadandson/video/7625604545632161032?commentId=7626067381265154817,scraping_tiktok,haiiitaurus5,banyak orang nyalahin RS nya padahal itu aturan BPJS nya
7625646061781386004,2026-04-06T14:01:38.000Z,3,https://www.tiktok.com/@risyadandson/video/7625604545632161032,https://www.tiktok.com/@risyadandson/video/7625604545632161032?commentId=7625646061781386004,scraping_tiktok,tahuisikejuuuu,"syarat itu normal tapi di lapangan, antri + perlakuan tidak sesuai sop rumah sakit di biarin nunggu ber jam jam, dan pegawai memang sengaja lelet dan ini bukan sikap tenaga medis"
7626232271225504519,2026-04-08T03:56:18.000Z,0,https://www.tiktok.com/@risyadandson/video/7625604545632161032,https://www.tiktok.com/@risyadandson/video/7625604545632161032?commentId=7626232271225504519,scraping_tiktok,yttaflowers,"Saya pribadi sudah beberapa kali pakai BPJS dan pelayanannya baik. Di rumah sakit juga tidak dibedakan, semua dilayani sesuai prosedur"
7625814593860207361,2026-04-07T00:55:55.000Z,2,https://www.tiktok.com/@risyadandson/video/7625604545632161032,https://www.tiktok.com/@risyadandson/video/7625604545632161032?commentId=7625814593860207361,scraping_tiktok,al_masy23,"saya mantan Nakes Aturan BPJS terlalu Rumit, pernah tagihan RS ke BPJS 6 bulan belum terbayar, akhirnya gajian Ditunda 🫣"
7625897946190447381,2026-04-07T06:19:06.000Z,3,https://www.tiktok.com/@risyadandson/video/7625604545632161032,https://www.tiktok.com/@risyadandson/video/7625604545632161032?commentId=7625897946190447381,scraping_tiktok,user83571882370030,saya pasien bpjs dan operasi saya sangat puas dng pelayanannya..suster dan dokter2 baik2 banget dan mengurus dng sangat baik
7626017825496662805,2026-04-07T14:06:02.000Z,1,https://www.tiktok.com/@risyadandson/video/7625604545632161032,https://www.tiktok.com/@risyadandson/video/7625604545632161032?commentId=7626017825496662805,scraping_tiktok,asmefacid,"engga ada perbedaan ko pelayanan nakesnya. aku dari awal periksa, kontrol, sampe operasi pun pelayanan nakesnya ramah bintang 10"
7636394169481462544,2026-05-05T13:09:43.000Z,1,https://www.tiktok.com/@risyadandson/video/7625604545632161032,https://www.tiktok.com/@risyadandson/video/7625604545632161032?commentId=7636394169481462544,scraping_tiktok,akugakadaa,"dokternya kasian kalo bpjs, cuma di upahin 3k. dokter aja 3k. . . BPJS ini dilema buat dokter ,pasien dan juga perawat."
7625925449726001927,2026-04-07T08:05:50.000Z,1,https://www.tiktok.com/@risyadandson/video/7625604545632161032,https://www.tiktok.com/@risyadandson/video/7625604545632161032?commentId=7625925449726001927,scraping_tiktok,johnnyindramawan,Saya pasien BPJS mandiri dan selalu mendapat pelayanan dari nakes dengan baik.
7626021623468999444,2026-04-07T14:18:59.000Z,0,https://www.tiktok.com/@risyadandson/video/7625604545632161032,https://www.tiktok.com/@risyadandson/video/7625604545632161032?commentId=7626021623468999444,scraping_tiktok,sholim794,"yang jadi pertanyaan saya,sebelumnya saya berobat dengn cara umum/reguler,knapa doktr menyarankan makek bpjs,badahl saya paling males dengn bpjs,di karnakan beda obatnya,knapa setiap berobat pasti dokter terus terusan menyarankan bpjs...."
7541307868327658248,2025-08-22T07:26:13.000Z,0,https://www.tiktok.com/@memecatcorporate/video/7463024940799790341,https://www.tiktok.com/@memecatcorporate/video/7463024940799790341?commentId=7541307868327658248,scraping_tiktok,sarah_04.6,hahaha lucu banget dah😅😂
7570286506498835207,2025-11-08T09:38:11.000Z,0,https://www.tiktok.com/@memecatcorporate/video/7463024940799790341,https://www.tiktok.com/@memecatcorporate/video/7463024940799790341?commentId=7570286506498835207,scraping_tiktok,datu.bolon7,ini beneran?
7560113191923385108,2025-10-11T23:40:51.000Z,0,https://www.tiktok.com/@memecatcorporate/video/7463024940799790341,https://www.tiktok.com/@memecatcorporate/video/7463024940799790341?commentId=7560113191923385108,scraping_tiktok,hetty1944,"RS swasta biasanya nakesnya ramah"""
7571457135289991954,2025-11-11T13:20:48.000Z,0,https://www.tiktok.com/@memecatcorporate/video/7463024940799790341,https://www.tiktok.com/@memecatcorporate/video/7463024940799790341?commentId=7571457135289991954,scraping_tiktok,user3261dp0,bpjs juga bayar meng tiap bulan.
7542617520424780562,2025-08-25T20:08:28.000Z,0,https://www.tiktok.com/@memecatcorporate/video/7463024940799790341,https://www.tiktok.com/@memecatcorporate/video/7463024940799790341?commentId=7542617520424780562,scraping_tiktok,toko_hijau12,"Aku aja bpjs tapi yg berbayar, bpjs mandiro"
7542176128476463880,2025-08-24T15:35:27.000Z,0,https://www.tiktok.com/@memecatcorporate/video/7463024940799790341,https://www.tiktok.com/@memecatcorporate/video/7463024940799790341?commentId=7542176128476463880,scraping_tiktok,pujaswara97,bpjs emang gratis?
7589832436827144978,2025-12-31T01:46:30.000Z,0,https://www.tiktok.com/@memecatcorporate/video/7463024940799790341,https://www.tiktok.com/@memecatcorporate/video/7463024940799790341?commentId=7589832436827144978,scraping_tiktok,palestine__043,"seharusnya perawat nya harus bersifat adil sm pasien mau it mandiri atau BPJS krn it sdh tanggung jawab mereka melayani pasien, dan mereka jg sdh bersumpah."
7575341594111410945,2025-11-22T00:38:57.000Z,0,https://www.tiktok.com/@memecatcorporate/video/7463024940799790341,https://www.tiktok.com/@memecatcorporate/video/7463024940799790341?commentId=7575341594111410945,scraping_tiktok,oranggila_lepas,Dan Ingat tidak lebih dari 3 hari rawat inap nya 🤣
7575204373774271240,2025-11-21T15:41:58.000Z,0,https://www.tiktok.com/@memecatcorporate/video/7463024940799790341,https://www.tiktok.com/@memecatcorporate/video/7463024940799790341?commentId=7575204373774271240,scraping_tiktok,idacallista97,klau bpjs lama cirnya uang gaji klau mandiri cepat😂
7560560820027982593,2025-10-13T04:37:33.000Z,0,https://www.tiktok.com/@memecatcorporate/video/7463024940799790341,https://www.tiktok.com/@memecatcorporate/video/7463024940799790341?commentId=7560560820027982593,scraping_tiktok,reza_radibaqu,kasiam kucingnya
7542002113623524104,2025-08-24T04:20:13.000Z,0,https://www.tiktok.com/@memecatcorporate/video/7463024940799790341,https://www.tiktok.com/@memecatcorporate/video/7463024940799790341?commentId=7542002113623524104,scraping_tiktok,ags.terate_,NYATA😂😂😂
7593134452827964177,2026-01-08T23:20:10.000Z,0,https://www.tiktok.com/@memecatcorporate/video/7463024940799790341,https://www.tiktok.com/@memecatcorporate/video/7463024940799790341?commentId=7593134452827964177,scraping_tiktok,.dat64,"mana ada ke gini,gua udah sering ke rumah sakit yang beda beda penanganan nya sama ko"
7546058368739066642,2025-09-04T02:40:39.000Z,0,https://www.tiktok.com/@memecatcorporate/video/7463024940799790341,https://www.tiktok.com/@memecatcorporate/video/7463024940799790341?commentId=7546058368739066642,scraping_tiktok,ponyosen,mana ada beginian
7570906822912574226,2025-11-10T01:45:22.000Z,0,https://www.tiktok.com/@memecatcorporate/video/7463024940799790341,https://www.tiktok.com/@memecatcorporate/video/7463024940799790341?commentId=7570906822912574226,scraping_tiktok,no_nam270,engga juga ko..aku pake BPJS di sari asih pelayanan nya sangat sangat baik
7545273188478042888,2025-09-01T23:53:52.000Z,0,https://www.tiktok.com/@memecatcorporate/video/7463024940799790341,https://www.tiktok.com/@memecatcorporate/video/7463024940799790341?commentId=7545273188478042888,scraping_tiktok,tjandradakocan3,"gw pk bpjs fine2 aja dilayani dg baik, gk kyk gini 🤣🤣🤣 ini mah kocak bngt"
7543452192909378312,2025-08-28T02:07:18.000Z,0,https://www.tiktok.com/@memecatcorporate/video/7463024940799790341,https://www.tiktok.com/@memecatcorporate/video/7463024940799790341?commentId=7543452192909378312,scraping_tiktok,juda494,Aku bpjs di Casa Medical Batam. Tapi suster sampe dokter nya baik pol👍🏻👍🏻..
7549230236303360788,2025-09-13T00:06:52.000Z,0,https://www.tiktok.com/@memecatcorporate/video/7463024940799790341,https://www.tiktok.com/@memecatcorporate/video/7463024940799790341?commentId=7549230236303360788,scraping_tiktok,mamalyra1,🤣😂real😂🤣
7546409328488956692,2025-09-05T01:22:34.000Z,0,https://www.tiktok.com/@memecatcorporate/video/7463024940799790341,https://www.tiktok.com/@memecatcorporate/video/7463024940799790341?commentId=7546409328488956692,scraping_tiktok,raa_multifandom,mama ku pake BPJS sama kek yg ada di vid ini
7625853267038241537,2026-04-07T03:25:43.000Z,2,https://www.tiktok.com/@risyadandson/video/7625604545632161032,https://www.tiktok.com/@risyadandson/video/7625604545632161032?commentId=7625853267038241537,scraping_tiktok,agus76636,"klo mbg di stop terus d alihkan ke bpjs, otomatis peserta bpjs di perlakukan adil karna dokter dan perawat akn d gaji mahal"
7625632426812113685,2026-04-06T13:08:43.000Z,2,https://www.tiktok.com/@risyadandson/video/7625604545632161032,https://www.tiktok.com/@risyadandson/video/7625604545632161032?commentId=7625632426812113685,scraping_tiktok,_hd.dj,"sy pernah pake manfaat BPJS kesehatan pada saat kecelakaan.. selama 7 hari rawat inap + operasi Rp. 0.. rawat jalan jg iya.. memang kalau masalah antri jgn tanya lg, karena pasien BPJS jg bnyak di banding pasien asuransi swasta/bayar cash... dan juga ketika surat rujukan habis masa nya kita harus ke puskesmas utk minta surat rujukan baru.. selama ini di puskesmas wilayah sy tnggal tidak antri sih, dan prosesnya jg mudah.. cm pernah ada 1 kendala pada saat mau rawat inap utk operasi ke 2 besoknya, ternyata check in di IGD utk mendapatkan kamar harus 3-4 jam sebelumnya, akhirnya saya nunggu kamar sampai 3 jam lbh di IGD"
7625619122341462805,2026-04-06T12:17:06.000Z,2,https://www.tiktok.com/@risyadandson/video/7625604545632161032,https://www.tiktok.com/@risyadandson/video/7625604545632161032?commentId=7625619122341462805,scraping_tiktok,irham.farid,"penjelasan nya keren, tepat dan logis bgtt"
7629608482710881044,2026-04-17T06:17:47.000Z,1,https://www.tiktok.com/@risyadandson/video/7625604545632161032,https://www.tiktok.com/@risyadandson/video/7625604545632161032?commentId=7629608482710881044,scraping_tiktok,koko_opium,Makanya presidennya harusnya ngomong di media tentang aturan yg pasti Di BPJS
7628517067104568071,2026-04-14T07:42:28.000Z,1,https://www.tiktok.com/@risyadandson/video/7625604545632161032,https://www.tiktok.com/@risyadandson/video/7625604545632161032?commentId=7628517067104568071,scraping_tiktok,srishofarini,"sy pke BPJS
gaji tiap bln di potong"
7628225437861184274,2026-04-13T12:50:52.000Z,1,https://www.tiktok.com/@risyadandson/video/7625604545632161032,https://www.tiktok.com/@risyadandson/video/7625604545632161032?commentId=7628225437861184274,scraping_tiktok,dsvvvvvv,"Sepengalamanku, bpjs menerapkan beberapa aturan kita sbg nakes pasti mengikuti aturan tersebut di beberapa pasien tidak mengerti aturan itu dan tidak menerima alhasil pasien jadi berasumsi sendiri dan merasa pelayanan nya dibeda2kan pdhal kita juga hanya pegawai yang mengikuti aturan, kita uda pusing sama kerjaan kita boro2 kepikiran harus bedain mana pasien bpjs mana pasien umum semua kita perlakukan sama ☺️"
7627286949284217601,2026-04-11T00:09:15.000Z,1,https://www.tiktok.com/@risyadandson/video/7625604545632161032,https://www.tiktok.com/@risyadandson/video/7625604545632161032?commentId=7627286949284217601,scraping_tiktok,sis.ukamatcha,"lah, setau aku gak ada aturan batasan jumlah pasien yang dilayani loh untuk pasien bpjs"
7626395503433073429,2026-04-08T14:29:43.000Z,1,https://www.tiktok.com/@risyadandson/video/7625604545632161032,https://www.tiktok.com/@risyadandson/video/7625604545632161032?commentId=7626395503433073429,scraping_tiktok,mirna_mirna23,bayar pribadi lebih cepat is oke lah orang bayar pribadi punya prioritas
7626341294214218503,2026-04-08T10:59:22.000Z,1,https://www.tiktok.com/@risyadandson/video/7625604545632161032,https://www.tiktok.com/@risyadandson/video/7625604545632161032?commentId=7626341294214218503,scraping_tiktok,kuswiantowanto,"bagaimana pun BPJS tetap baik, walaupun banyak kekurangan, tpi itu wajar..... lihat rumah sakit, yg kecilpun, klo bekerja sama dg BPJS, cepat berkembang. karna sejatinya, sekarang bisnis kesehatan, adl bisnis paling cuan.tpi untuk masalah pelayanan memang g begitu masalah, dan hampir sama dg yg bayar sendiri."
7626277370785432341,2026-04-08T06:51:22.000Z,1,https://www.tiktok.com/@risyadandson/video/7625604545632161032,https://www.tiktok.com/@risyadandson/video/7625604545632161032?commentId=7626277370785432341,scraping_tiktok,semvakbabi23,"di rumah sakit tempatku biasa keluargaku dirawat di perlakukan sama, mau BPJS kelas 1 2 3, umum atau apapun semua di perlakukan sama."
7626217720509596423,2026-04-08T02:59:49.000Z,1,https://www.tiktok.com/@risyadandson/video/7625604545632161032,https://www.tiktok.com/@risyadandson/video/7625604545632161032?commentId=7626217720509596423,scraping_tiktok,infus_balap_99,"Harusnya ada PETUGAS BPJS di RS buat konseling ke pasien tentang ATURAN BPJS... Biar tidak menyalahkan nakes terus... bagaimanapun BPJS itu ASURANSI, TETAP NYARI UNTUNG"
7636311440312812296,2026-05-05T07:48:48.000Z,0,https://www.tiktok.com/@risyadandson/video/7625604545632161032,https://www.tiktok.com/@risyadandson/video/7625604545632161032?commentId=7636311440312812296,scraping_tiktok,sria91,GK juga aku PK BPJS kesehatan gratis pelayanan nya juga baik ramah tergantung rumah sakitnya
7625889313771504404,2026-04-07T05:45:34.000Z,0,https://www.tiktok.com/@risyadandson/video/7625604545632161032,https://www.tiktok.com/@risyadandson/video/7625604545632161032?commentId=7625889313771504404,scraping_tiktok,genkz89,BPJS tidak prnh sosialisasi kpd masyarakat jd masyarakat tidak tau banyak tentang BPJs🤪
7540190655147115272,2025-08-19T07:10:50.000Z,0,https://www.tiktok.com/@memecatcorporate/video/7463024940799790341,https://www.tiktok.com/@memecatcorporate/video/7463024940799790341?commentId=7540190655147115272,scraping_tiktok,maya.sumaiyah7,padahal BPJS juga bayar tiap bulan
7531278998573728530,2025-07-26T06:49:10.000Z,0,https://www.tiktok.com/@memecatcorporate/video/7463024940799790341,https://www.tiktok.com/@memecatcorporate/video/7463024940799790341?commentId=7531278998573728530,scraping_tiktok,marymaryam229,"ehh padahal bpjs itu bukan gratis ya ,bpjs itu bayar tiap bulan gaji di potong jadi jangan salah"
7550616572537832199,2025-09-16T09:28:47.000Z,0,https://www.tiktok.com/@memecatcorporate/video/7463024940799790341,https://www.tiktok.com/@memecatcorporate/video/7463024940799790341?commentId=7550616572537832199,scraping_tiktok,tristan_roblox555,ngapain teriak kocak tinggal pencet bell
7549801141321450258,2025-09-14T04:44:27.000Z,0,https://www.tiktok.com/@memecatcorporate/video/7463024940799790341,https://www.tiktok.com/@memecatcorporate/video/7463024940799790341?commentId=7549801141321450258,scraping_tiktok,shanelley07,"engga jir,sama aja"
7553515256288658183,2025-09-24T04:57:10.000Z,0,https://www.tiktok.com/@memecatcorporate/video/7463024940799790341,https://www.tiktok.com/@memecatcorporate/video/7463024940799790341?commentId=7553515256288658183,scraping_tiktok,ghipsssss,Sama aja bosque
7553232581366858497,2025-09-23T10:40:14.000Z,0,https://www.tiktok.com/@memecatcorporate/video/7463024940799790341,https://www.tiktok.com/@memecatcorporate/video/7463024940799790341?commentId=7553232581366858497,scraping_tiktok,idrus.maulana357,gx juga sama aj gercep ko baik2 aj respon Ny cepet
7532767277440713490,2025-07-30T07:04:22.000Z,0,https://www.tiktok.com/@memecatcorporate/video/7463024940799790341,https://www.tiktok.com/@memecatcorporate/video/7463024940799790341?commentId=7532767277440713490,scraping_tiktok,anirohmani05,beda bgt kan ya😂😂😂
7532192779122279184,2025-07-28T17:55:08.000Z,0,https://www.tiktok.com/@memecatcorporate/video/7463024940799790341,https://www.tiktok.com/@memecatcorporate/video/7463024940799790341?commentId=7532192779122279184,scraping_tiktok,hanierizkyhid4yat,BNR bngd
7558683036768224020,2025-10-08T03:10:52.000Z,0,https://www.tiktok.com/@memecatcorporate/video/7463024940799790341,https://www.tiktok.com/@memecatcorporate/video/7463024940799790341?commentId=7558683036768224020,scraping_tiktok,elpi.susyanti01,Saya seorang nakes nggak pernah membedakan mau pakai asuransi apapun sama diperlakukan.
7536615094961439506,2025-08-09T15:55:48.000Z,0,https://www.tiktok.com/@memecatcorporate/video/7463024940799790341,https://www.tiktok.com/@memecatcorporate/video/7463024940799790341?commentId=7536615094961439506,scraping_tiktok,bayopanebayopa496,"gue yg habis operasi tulang patah(tangan) tidak pake BPJS
ituu memang reel🫵"
7533101608843166465,2025-07-31T04:43:54.000Z,0,https://www.tiktok.com/@memecatcorporate/video/7463024940799790341,https://www.tiktok.com/@memecatcorporate/video/7463024940799790341?commentId=7533101608843166465,scraping_tiktok,user5218141203684,"1 bulan lalu sy operasi syaraf kejepit, Alhamdulillah plyananya bgus, biayanya 100% BPJS smua..."
7556130418794529556,2025-10-01T06:05:17.000Z,0,https://www.tiktok.com/@memecatcorporate/video/7463024940799790341,https://www.tiktok.com/@memecatcorporate/video/7463024940799790341?commentId=7556130418794529556,scraping_tiktok,shasi0_0,"Gue pake umum malah suruh pake bpjs kok,menurutku gak semua kaya gitu ya"
7532872833652278023,2025-07-30T13:53:55.000Z,0,https://www.tiktok.com/@memecatcorporate/video/7463024940799790341,https://www.tiktok.com/@memecatcorporate/video/7463024940799790341?commentId=7532872833652278023,scraping_tiktok,yusrikha4,emang bener pelayanan nya beda banget
7625969392359605008,2026-04-07T10:56:17.000Z,1,https://www.tiktok.com/@risyadandson/video/7625604545632161032,https://www.tiktok.com/@risyadandson/video/7625604545632161032?commentId=7625969392359605008,scraping_tiktok,deniels837,gw sekeluarga pengguna BPJS dan KIS sudah beberapa tahun ini alhamdulillah ngga pernah bermasalah sama pelayanan rumah sakitnya dipermudahkan semua
7626023758159069960,2026-04-07T14:27:06.000Z,1,https://www.tiktok.com/@risyadandson/video/7625604545632161032,https://www.tiktok.com/@risyadandson/video/7625604545632161032?commentId=7626023758159069960,scraping_tiktok,chupu_74,"Maksud pemerintah membuat BPJS agar masyarakat bila sakit dan mendapat perawatan d rs yang berkerja sama dengan BPJS supaya tidak di bebankan biaya yang besar, kita belum merasa sakit aja berangapan BPJS itu tidak perlu."
7625723011442148103,2026-04-06T19:00:07.000Z,1,https://www.tiktok.com/@risyadandson/video/7625604545632161032,https://www.tiktok.com/@risyadandson/video/7625604545632161032?commentId=7625723011442148103,scraping_tiktok,kianalaw_tv,"bisnis kesehatan,"
7625648330900030226,2026-04-06T14:10:22.000Z,1,https://www.tiktok.com/@risyadandson/video/7625604545632161032,https://www.tiktok.com/@risyadandson/video/7625604545632161032?commentId=7625648330900030226,scraping_tiktok,durian.lima,adanya BPJS terbantukan.antri ya wajar karena kan banyaknya pemakai BPJS yg berobat
7625647249851351829,2026-04-06T14:06:10.000Z,1,https://www.tiktok.com/@risyadandson/video/7625604545632161032,https://www.tiktok.com/@risyadandson/video/7625604545632161032?commentId=7625647249851351829,scraping_tiktok,..titiktitik3,jawaban nyari aman
7625639505069196040,2026-04-06T13:36:05.000Z,1,https://www.tiktok.com/@risyadandson/video/7625604545632161032,https://www.tiktok.com/@risyadandson/video/7625604545632161032?commentId=7625639505069196040,scraping_tiktok,alfacanism,makasih sudah bantu jelaskan ya ayah
7625798164705035015,2026-04-06T23:51:59.000Z,1,https://www.tiktok.com/@risyadandson/video/7625604545632161032,https://www.tiktok.com/@risyadandson/video/7625604545632161032?commentId=7625798164705035015,scraping_tiktok,nigsaucethegreat,"membatasi jumlah pasien itu bukan standar, tapi strategi utk membatasi pengeluaran."
7625605104913761031,2026-04-06T11:22:34.000Z,1,https://www.tiktok.com/@risyadandson/video/7625604545632161032,https://www.tiktok.com/@risyadandson/video/7625604545632161032?commentId=7625605104913761031,scraping_tiktok,lepanggh,😁😁😁 pertama
7625606048963281682,2026-04-06T11:28:15.000Z,1,https://www.tiktok.com/@risyadandson/video/7625604545632161032,https://www.tiktok.com/@risyadandson/video/7625604545632161032?commentId=7625606048963281682,scraping_tiktok,sadat.pake.t,namanya juga konoha
7641770346902799122,2026-05-20T00:52:02.000Z,0,https://www.tiktok.com/@risyadandson/video/7625604545632161032,https://www.tiktok.com/@risyadandson/video/7625604545632161032?commentId=7641770346902799122,scraping_tiktok,susanjosephine01,"gk gt juga.. kemarin sy anter mama mertua sy.. awal pake bpjs, saat mau kontrol lanjutan sdh tdk kebagian kuota krna di setiap RS kuota di batasin.. akhir nya kita putuskan untuk kontrol berikut nya jadi pasien umum yg bayar sendiri dgn harapan bs lbh cepat, dan ternyata hahaha saat dtg ke RS dgn pasien umum yg bayar sendiri tetep aja antri gaes.. antrian nya sama dgn pasien bpjs di satukan koq..."
7638531798079521552,2026-05-11T07:24:58.000Z,0,https://www.tiktok.com/@risyadandson/video/7625604545632161032,https://www.tiktok.com/@risyadandson/video/7625604545632161032?commentId=7638531798079521552,scraping_tiktok,titiyah05,ada pak
7632440689172169480,2026-04-24T21:28:26.000Z,1,https://www.tiktok.com/@risyadandson/video/7625604545632161032,https://www.tiktok.com/@risyadandson/video/7625604545632161032?commentId=7632440689172169480,scraping_tiktok,liliristia,BPJS sekarang ga jelas
7640640799110152977,2026-05-16T23:49:44.000Z,0,https://www.tiktok.com/@risyadandson/video/7625604545632161032,https://www.tiktok.com/@risyadandson/video/7625604545632161032?commentId=7640640799110152977,scraping_tiktok,_rsvn2,"Kayak ny kekurangan konten, saya sebagai pihak yg kerja di rs gak ada jita membedakan bpjs atau umum."
7641278582454911765,2026-05-18T17:03:46.000Z,0,https://www.tiktok.com/@risyadandson/video/7625604545632161032,https://www.tiktok.com/@risyadandson/video/7625604545632161032?commentId=7641278582454911765,scraping_tiktok,emilya.mel,"Saya pakai bpjs mandiri, tapi ya gtulaaah sakit hati 😁"
7541419389225894657,2025-08-22T14:39:01.000Z,0,https://www.tiktok.com/@memecatcorporate/video/7463024940799790341,https://www.tiktok.com/@memecatcorporate/video/7463024940799790341?commentId=7541419389225894657,scraping_tiktok,zara.adel16,nyata kl BPJS mhh kluarga harus ada yg standby dirs kl umum di tinggal SMA keluarga juga kl pasien pencet bell langsung datang 🫣
7539214409097937672,2025-08-16T16:02:29.000Z,0,https://www.tiktok.com/@memecatcorporate/video/7463024940799790341,https://www.tiktok.com/@memecatcorporate/video/7463024940799790341?commentId=7539214409097937672,scraping_tiktok,m.baharruddin,"saya bidan, dan saya merasakan jadi pasien BPJS dan umum."
7531753370588283655,2025-07-27T13:29:51.000Z,0,https://www.tiktok.com/@memecatcorporate/video/7463024940799790341,https://www.tiktok.com/@memecatcorporate/video/7463024940799790341?commentId=7531753370588283655,scraping_tiktok,ariardhanie,kalo Penge penanganan bagus pake umum
7626030030708491028,2026-04-07T14:51:34.000Z,1,https://www.tiktok.com/@risyadandson/video/7625604545632161032,https://www.tiktok.com/@risyadandson/video/7625604545632161032?commentId=7626030030708491028,scraping_tiktok,lia54467,"Alhamdulillah aku skt, pake BPJS, dirumah sakit Budi Medika Lampung, dokter SM perawat nya ramah ko"
7641280319655789328,2026-05-18T17:10:41.000Z,1,https://www.tiktok.com/@risyadandson/video/7625604545632161032,https://www.tiktok.com/@risyadandson/video/7625604545632161032?commentId=7641280319655789328,scraping_tiktok,inisiiiiial,bapak ini menjelaskan nya sangat benar
7641234037580088084,2026-05-18T14:10:58.000Z,0,https://www.tiktok.com/@risyadandson/video/7625604545632161032,https://www.tiktok.com/@risyadandson/video/7625604545632161032?commentId=7641234037580088084,scraping_tiktok,fitripohan11,ia anak saya mau op katarak z suruh menunggu tanpa kepastian sampe sekarang padahal BPJS bayar potong gaji tiap bulan
7641064762020758293,2026-05-18T03:17:57.000Z,0,https://www.tiktok.com/@risyadandson/video/7625604545632161032,https://www.tiktok.com/@risyadandson/video/7625604545632161032?commentId=7641064762020758293,scraping_tiktok,secc.account287,ya mesti beda pelayanan ya
7641762384106062612,2026-05-20T00:21:26.000Z,0,https://www.tiktok.com/@risyadandson/video/7625604545632161032,https://www.tiktok.com/@risyadandson/video/7625604545632161032?commentId=7641762384106062612,scraping_tiktok,yetihasan2,loh kn GX semua ny dr pemerintah toh .ada yg BPJS mndiri .mreka byr sndiri kan .
7641644656611558161,2026-05-19T16:44:18.000Z,0,https://www.tiktok.com/@risyadandson/video/7625604545632161032,https://www.tiktok.com/@risyadandson/video/7625604545632161032?commentId=7641644656611558161,scraping_tiktok,buditiru,lo lo keliru bpjs itu bukan di subsidi dari negara..melainkan menggunakan prinsip gotong royong..individu yang sehat membantu membiayai individu yang sehat..setiap individu penghasilannya di potong untuk bpjs beda lagi yang PBI atau dibantu dinas sosial
7641438139887174420,2026-05-19T03:23:11.000Z,0,https://www.tiktok.com/@risyadandson/video/7625604545632161032,https://www.tiktok.com/@risyadandson/video/7625604545632161032?commentId=7641438139887174420,scraping_tiktok,akhmad_yn01,Bpjs saya di potong dari gaji saya pak artinya saya bayar sendiri cuma di debit sistem penggajian otomatis 😁
7637148353578877717,2026-05-07T13:56:20.000Z,0,https://www.tiktok.com/@risyadandson/video/7625604545632161032,https://www.tiktok.com/@risyadandson/video/7625604545632161032?commentId=7637148353578877717,scraping_tiktok,zuliani380,Di rsud Prembun sm sj pak g ada yg di bedahkan sy sampai nunggu lm bngt
7636835246986904336,2026-05-06T17:41:21.000Z,0,https://www.tiktok.com/@risyadandson/video/7625604545632161032,https://www.tiktok.com/@risyadandson/video/7625604545632161032?commentId=7636835246986904336,scraping_tiktok,dianadianadiana524,✊👍🫵👍🫵👍pusing dan takut
7641021203834503957,2026-05-18T00:25:14.000Z,0,https://www.tiktok.com/@risyadandson/video/7625604545632161032,https://www.tiktok.com/@risyadandson/video/7625604545632161032?commentId=7641021203834503957,scraping_tiktok,siatlieebong,"bpjs yg bayar, sama bpjs gratis di beda bedain ga pak??"
7637297788833104657,2026-05-07T23:36:54.000Z,0,https://www.tiktok.com/@risyadandson/video/7625604545632161032,https://www.tiktok.com/@risyadandson/video/7625604545632161032?commentId=7637297788833104657,scraping_tiktok,himawarylondri,"maaf mau tanya kak,beda y apa BPJS mandiri dan BPJS pemerintah,kalo teryata pelayanan y sama kak,sedangkan kalo BPJS mandiri kan mbayar kak🙏"
7636800185250988820,2026-05-06T15:25:13.000Z,0,https://www.tiktok.com/@risyadandson/video/7625604545632161032,https://www.tiktok.com/@risyadandson/video/7625604545632161032?commentId=7636800185250988820,scraping_tiktok,suro.dipoyono,betol. pak
7636604336974005000,2026-05-06T02:45:15.000Z,0,https://www.tiktok.com/@risyadandson/video/7625604545632161032,https://www.tiktok.com/@risyadandson/video/7625604545632161032?commentId=7636604336974005000,scraping_tiktok,watyvera696,pusing mikirin bpjs .ceritanya beda sama kenyataan . tp kan byr aku orang bodo jd mumet
7636442046341202709,2026-05-05T16:15:28.000Z,0,https://www.tiktok.com/@risyadandson/video/7625604545632161032,https://www.tiktok.com/@risyadandson/video/7625604545632161032?commentId=7636442046341202709,scraping_tiktok,misnawatiarifin7,beda yang aku alami.
7637341103042167559,2026-05-08T02:24:20.000Z,0,https://www.tiktok.com/@risyadandson/video/7625604545632161032,https://www.tiktok.com/@risyadandson/video/7625604545632161032?commentId=7637341103042167559,scraping_tiktok,wong01825,kl BPJS bayar tiap Bulan apakah sama aturannya dengan bpjs dari pemerintah 🙏
7641109989386453781,2026-05-18T06:13:30.000Z,0,https://www.tiktok.com/@risyadandson/video/7625604545632161032,https://www.tiktok.com/@risyadandson/video/7625604545632161032?commentId=7641109989386453781,scraping_tiktok,khairulanwar8776,intinya uang..
7642008963882255111,2026-05-20T16:17:54.000Z,0,https://www.tiktok.com/@risyadandson/video/7625604545632161032,https://www.tiktok.com/@risyadandson/video/7625604545632161032?commentId=7642008963882255111,scraping_tiktok,dodi.priantoro,andai gak ada bpjs mungkin saya skrng masih pakai asuransi swastaa yaa yng lebih baik dan bagus dan tidak merasa direndahkan...seperti ini yaa
7637385487594570504,2026-05-08T05:16:30.000Z,0,https://www.tiktok.com/@risyadandson/video/7625604545632161032,https://www.tiktok.com/@risyadandson/video/7625604545632161032?commentId=7637385487594570504,scraping_tiktok,nrhyt55,aku BPJS mandiri tiap bulan tetep bayar
7637301540428350228,2026-05-07T23:55:28.000Z,0,https://www.tiktok.com/@risyadandson/video/7625604545632161032,https://www.tiktok.com/@risyadandson/video/7625604545632161032?commentId=7637301540428350228,scraping_tiktok,jeannywati,apa kabar Dok.lama tidak ada kabar .Sukses terus ya Dok.dan putranya .semangat Dok.
7636996380175434516,2026-05-07T04:06:45.000Z,0,https://www.tiktok.com/@risyadandson/video/7625604545632161032,https://www.tiktok.com/@risyadandson/video/7625604545632161032?commentId=7636996380175434516,scraping_tiktok,bagaskiki201,"seharusnya dokter itu dapat gaji dan tunjangan kinerja n pensiun n ini mreka hrus dokter ini juga target mendapat pasien ut timbal balik dr gaji, tunjangan kinerja intensif dan akan pensiun dan utk BPJS juga honornya beda selain dr gaji tsb"
7637411983772336913,2026-05-08T06:59:20.000Z,0,https://www.tiktok.com/@risyadandson/video/7625604545632161032,https://www.tiktok.com/@risyadandson/video/7625604545632161032?commentId=7637411983772336913,scraping_tiktok,andromeda.go,solusi tepat untuk brobat emang umum atau asuransi swasta.
7639637132588712722,2026-05-14T06:54:01.000Z,0,https://www.tiktok.com/@risyadandson/video/7625604545632161032,https://www.tiktok.com/@risyadandson/video/7625604545632161032?commentId=7639637132588712722,scraping_tiktok,smuny22,"kalo aku sih tergantung ya yang melayani, ada kox yang pelayanan nya bagus di beberapa rumah sakit dan puskesmas,semakin bagus pelayanan nya semakin bagus juga penilaian nya,"
7636952947096814356,2026-05-07T01:18:20.000Z,0,https://www.tiktok.com/@risyadandson/video/7625604545632161032,https://www.tiktok.com/@risyadandson/video/7625604545632161032?commentId=7636952947096814356,scraping_tiktok,utijkt,"saya juga pasien BPJS pelayananya baik, ya gimana yg byr kn pasien nya kn cm sedikit klo BPJS kn byk sekali melebihi target"
7637775298645361428,2026-05-09T06:29:14.000Z,0,https://www.tiktok.com/@risyadandson/video/7625604545632161032,https://www.tiktok.com/@risyadandson/video/7625604545632161032?commentId=7637775298645361428,scraping_tiktok,sisq21,"Emng grgr bpjs nih nakes yg disalahin, harus edukasi gini gitu pdhl semua kriteria bpjs yg bikin, yg ngadepin nakes yg bikin peraturan bpjs yg di salahin ya nakes… harusnya klo pasien mau komplen ya ke bpjs"
7641220562778489608,2026-05-18T13:25:34.000Z,0,https://www.tiktok.com/@risyadandson/video/7625604545632161032,https://www.tiktok.com/@risyadandson/video/7625604545632161032?commentId=7641220562778489608,scraping_tiktok,heri.wakabayashi,bpjs yang mana nih
7637776220755608341,2026-05-09T06:37:25.000Z,0,https://www.tiktok.com/@risyadandson/video/7625604545632161032,https://www.tiktok.com/@risyadandson/video/7625604545632161032?commentId=7637776220755608341,scraping_tiktok,muryani123349,saya mandiri tiap bulan bayar obat nya cuma 1 hari dak di tagani akhir nya masuk umum tapi tetap bulan saya tetap bayar bbjs
7640254838400074497,2026-05-15T22:51:14.000Z,0,https://www.tiktok.com/@risyadandson/video/7625604545632161032,https://www.tiktok.com/@risyadandson/video/7625604545632161032?commentId=7640254838400074497,scraping_tiktok,cafacafi,ak pasien bpjs non pbi alhamdulilah dpt pelayanan yg ak rasa ckp sgt baik dri para dokter dan perawat alhamdulilah bikin nyaman saat dirawat
7642049122888024850,2026-05-20T18:53:53.000Z,0,https://www.tiktok.com/@risyadandson/video/7625604545632161032,https://www.tiktok.com/@risyadandson/video/7625604545632161032?commentId=7642049122888024850,scraping_tiktok,az1892,jawaban bijak
7638114100836811540,2026-05-10T04:24:01.000Z,0,https://www.tiktok.com/@risyadandson/video/7625604545632161032,https://www.tiktok.com/@risyadandson/video/7625604545632161032?commentId=7638114100836811540,scraping_tiktok,hamidahmidah682,"pdhl BPJS jg kn bayar ga gratis knp ch mesti di beda""in"
7541283465082766098,2025-08-22T05:51:28.000Z,0,https://www.tiktok.com/@memecatcorporate/video/7463024940799790341,https://www.tiktok.com/@memecatcorporate/video/7463024940799790341?commentId=7541283465082766098,scraping_tiktok,riyakeyza,lah sama2 bayar kok bedanya bpjs diangsur tiap bulan.gak langsung
7536924043804246785,2025-08-10T11:54:49.000Z,0,https://www.tiktok.com/@memecatcorporate/video/7463024940799790341,https://www.tiktok.com/@memecatcorporate/video/7463024940799790341?commentId=7536924043804246785,scraping_tiktok,chahey92,y ampunn mewakil
7533217883788395282,2025-07-31T12:12:59.000Z,0,https://www.tiktok.com/@memecatcorporate/video/7463024940799790341,https://www.tiktok.com/@memecatcorporate/video/7463024940799790341?commentId=7533217883788395282,scraping_tiktok,nova_s4,saya pernah dirawat di RS padahal saya bayar pribadi malah pelayanan jelek
7541636186597327624,2025-08-23T04:40:15.000Z,0,https://www.tiktok.com/@memecatcorporate/video/7463024940799790341,https://www.tiktok.com/@memecatcorporate/video/7463024940799790341?commentId=7541636186597327624,scraping_tiktok,davinalea16,"Saya nakes, gak pernah beda bedain pasien. Ambil darah pasien bpjs pun dengan lemah lembut. Apalagi sudah sepuh, saya bantu untuk berjalan juga. Meskipun asuransi atau umum juga perlakuannya sama. Namanya kita menjual jasa pelayanan🥰"
7538491379652887304,2025-08-14T17:16:47.000Z,0,https://www.tiktok.com/@memecatcorporate/video/7463024940799790341,https://www.tiktok.com/@memecatcorporate/video/7463024940799790341?commentId=7538491379652887304,scraping_tiktok,onlineshoppjaya,bnr gue priksa kl g pke bpjs mulus bgt g mcet2 pelayanan ny tp kl pke bpjs kek 🐕pelayanan ny apapun itu mending bayar
7538408701158441736,2025-08-14T11:55:56.000Z,0,https://www.tiktok.com/@memecatcorporate/video/7463024940799790341,https://www.tiktok.com/@memecatcorporate/video/7463024940799790341?commentId=7538408701158441736,scraping_tiktok,cosmopolitan.com,dunia kesehatan udah jadi dunia berniaga ke nya
7537589822506369812,2025-08-12T06:58:23.000Z,0,https://www.tiktok.com/@memecatcorporate/video/7463024940799790341,https://www.tiktok.com/@memecatcorporate/video/7463024940799790341?commentId=7537589822506369812,scraping_tiktok,pbgslf_salma,disini ga gt sih pelayanan cepet juga mau pasien bpjs atau mandiri sama aja si
7521608351567020808,2025-06-30T05:21:59.000Z,0,https://www.tiktok.com/@memecatcorporate/video/7463024940799790341,https://www.tiktok.com/@memecatcorporate/video/7463024940799790341?commentId=7521608351567020808,scraping_tiktok,cuzwaw_3,"q ga tau bedanya BPJS sama mandiri kmaren q lahiran mandiri 12jt, , fasilitas sama di satuin sama yg BPJS.."
7535878149055906578,2025-08-07T16:16:06.000Z,0,https://www.tiktok.com/@memecatcorporate/video/7463024940799790341,https://www.tiktok.com/@memecatcorporate/video/7463024940799790341?commentId=7535878149055906578,scraping_tiktok,cucumaliani,"pernah ngalamin
bpkqu dirawat stlh 3 hr disuruh pulang ktny sdh sehat.. slang dihidung dilepas infus dilepas pdhl bpkqu lemes udh mau pingsan tak berdaya.. kita minta ditambah waktu rawat gpp bayar mandiri
ttp keukeuh disuruh pulang smp klrg berdebat dan kt smp diancam inilah itulah..ya sudahlah kt pindah rs akhirnya dngn kondisi bpkqu yg nyaris pingsan..
smp klo lihat rs itu kita trauma gaak mau lg klo ada anggota sakit dirawat dirs itu"
7521344530839782152,2025-06-29T12:18:14.000Z,0,https://www.tiktok.com/@memecatcorporate/video/7463024940799790341,https://www.tiktok.com/@memecatcorporate/video/7463024940799790341?commentId=7521344530839782152,scraping_tiktok,chanty8653,pernah banget begini mana abis lahiran 😭
7515306483862340370,2025-06-13T05:47:35.000Z,0,https://www.tiktok.com/@memecatcorporate/video/7463024940799790341,https://www.tiktok.com/@memecatcorporate/video/7463024940799790341?commentId=7515306483862340370,scraping_tiktok,ibune_madina,"Alhamdulillah saya pakai BPJS pelayanannya tetep baik, pengobatan selama 3 tahun , Alhamdulillah sekarang sudah sehat,apa tergantung rumah sakitnya"
7641251029514863368,2026-05-18T15:16:47.000Z,0,https://www.tiktok.com/@risyadandson/video/7625604545632161032,https://www.tiktok.com/@risyadandson/video/7625604545632161032?commentId=7641251029514863368,scraping_tiktok,life78life78,"terasa banget perbedaan non bpjs & bpjs mandiri obatnya,pelayanannnya ada yg baik ada pula yg jutek.aturannya banyak banget harus ada ktp,persyaratan dll,aplikasinya sering error klo mau daftar."
7641235345510908692,2026-05-18T14:19:59.000Z,0,https://www.tiktok.com/@risyadandson/video/7625604545632161032,https://www.tiktok.com/@risyadandson/video/7625604545632161032?commentId=7641235345510908692,scraping_tiktok,nanna.adrian,"saya masuk BPJS kelas 1 karena peraturan kantor,
4 anggota keluarga lumayan juga kerasa setiap bulan nya bisa buat nyicil motor vario tapi gak pernah saya pake karena pelayanan nya buruk sekali padahal kita bayar Lohhh"
7637810308228465409,2026-05-09T08:56:14.000Z,0,https://www.tiktok.com/@risyadandson/video/7625604545632161032,https://www.tiktok.com/@risyadandson/video/7625604545632161032?commentId=7637810308228465409,scraping_tiktok,mariyanakasimm,dari mana kita bayar ko pa
7636996846615462676,2026-05-07T04:08:35.000Z,0,https://www.tiktok.com/@risyadandson/video/7625604545632161032,https://www.tiktok.com/@risyadandson/video/7625604545632161032?commentId=7636996846615462676,scraping_tiktok,bagaskiki201,jadi pasien tdk pilih ksih mdptkan pelayanan dokter dan RS klu pemerintah hrus program itu
7636965755889058580,2026-05-07T02:08:06.000Z,0,https://www.tiktok.com/@risyadandson/video/7625604545632161032,https://www.tiktok.com/@risyadandson/video/7625604545632161032?commentId=7636965755889058580,scraping_tiktok,rajawifiinternet,"sya bpjs
tiap bulan sy juga bayar"
7636959204028203777,2026-05-07T01:42:33.000Z,0,https://www.tiktok.com/@risyadandson/video/7625604545632161032,https://www.tiktok.com/@risyadandson/video/7625604545632161032?commentId=7636959204028203777,scraping_tiktok,mamasepo_,"seharusnya tiap rs ada org bpjs nya, biar tau mumetnya dgn peraturan2 yg dibuat hpjs😎"
7538991820010750728,2025-08-16T01:38:49.000Z,0,https://www.tiktok.com/@memecatcorporate/video/7463024940799790341,https://www.tiktok.com/@memecatcorporate/video/7463024940799790341?commentId=7538991820010750728,scraping_tiktok,rindusulastri600,"kmren aku di rawat pake BPJS di RS Sekarwangi (cibadak -sukabumi) dokter sama perawat nya baik ramah"" bnget,pelayanan nya bgus juga g d beda""in"
7537824597258617620,2025-08-12T22:09:33.000Z,0,https://www.tiktok.com/@memecatcorporate/video/7463024940799790341,https://www.tiktok.com/@memecatcorporate/video/7463024940799790341?commentId=7537824597258617620,scraping_tiktok,suryy2002,"gue pasien BPJS puji tuhan, lahiran di RS di layanin dngan sepnuh hati kok"
7537507703838982929,2025-08-12T01:39:47.000Z,0,https://www.tiktok.com/@memecatcorporate/video/7463024940799790341,https://www.tiktok.com/@memecatcorporate/video/7463024940799790341?commentId=7537507703838982929,scraping_tiktok,yosep561,"kadang mmg rumah sakit nya yg suka memandang sebelah mata, pikir mereka yg kerja di rumah sakit pasien bpjs adalah pasien yg memiliki keuangan menengah ke bawah padahal hampir semua perusahaan memberikan fasilitas bpjs untuk pegawai nya yg sakit. Kenyataannya rumah sakit menyamaratakan dalam hal pelayanan.
seharusnya rumah sakit bisa membedakan mana bpjs berbayar dari perusahaan mana bpjs yg gratis dr pemerintah.
pengalaman bgt waktu saya operasi saya di satukan dengan pasien bpjs yg tdk berbayar padahal fasilitas yg saya dpt dr perusahaan kelas 1 after ops saya malah di taruh di ruang kelas 3 konfirmasi ke rs bilang ruangan kelas 1 full, akhirnya saya tlp bpjs untuk melaporkan rs tsb selang 1 jam saya di pindah ke ruangan kelas 1."
7521966064953410320,2025-07-01T04:30:19.000Z,0,https://www.tiktok.com/@memecatcorporate/video/7463024940799790341,https://www.tiktok.com/@memecatcorporate/video/7463024940799790341?commentId=7521966064953410320,scraping_tiktok,dananglea.29,🤣🤣🤣🤣🤣 ngakak sumpah
7521546902514205458,2025-06-30T01:23:41.000Z,0,https://www.tiktok.com/@memecatcorporate/video/7463024940799790341,https://www.tiktok.com/@memecatcorporate/video/7463024940799790341?commentId=7521546902514205458,scraping_tiktok,evi.evi0299,"sama aja kok,sys pke bpjs mandiri dan sebelah saya pke bpjs PBI pelayanan sama aja gk ada bedanya.."
7533844834685567764,2025-08-02T04:45:54.000Z,0,https://www.tiktok.com/@memecatcorporate/video/7463024940799790341,https://www.tiktok.com/@memecatcorporate/video/7463024940799790341?commentId=7533844834685567764,scraping_tiktok,marisahlubbna4,"pelayan BPJS SM yg mandiri SM kok di layanin, kemaren ipar ku pake BPJS suster bolak balik ganti impus nanyain kondisi terus di pantau ketat,"
7515633486792786695,2025-06-14T02:56:31.000Z,0,https://www.tiktok.com/@memecatcorporate/video/7463024940799790341,https://www.tiktok.com/@memecatcorporate/video/7463024940799790341?commentId=7515633486792786695,scraping_tiktok,anengkartini,dan fakta
7635823746846786325,2026-05-04T00:16:33.000Z,0,https://www.tiktok.com/@risyadandson/video/7625604545632161032,https://www.tiktok.com/@risyadandson/video/7625604545632161032?commentId=7635823746846786325,scraping_tiktok,johanessuyono,"msalahnya juga ya sudah dibayarkan bpjs, eh taun berikutnya di audit ulang. rs d minta balikin banyak ke bpjs bisa M. tolong dijelaskan kenapa begitu"
7636812552423146260,2026-05-06T16:13:20.000Z,0,https://www.tiktok.com/@risyadandson/video/7625604545632161032,https://www.tiktok.com/@risyadandson/video/7625604545632161032?commentId=7636812552423146260,scraping_tiktok,berries4632,"tidak semua pasien ditanggung negara pak, -->. BPJS Kesehatan menggunakan sistem campuran: dibayai negara (melalui APBN/APBD) untuk masyarakat kurang mampu (PBI/KIS) dan dibayar mandiri oleh peserta/pemberi kerja untuk kategori Non-PBI. Jadi, keduanya benar tergantung pada status kepesertaan"
7636782463896912657,2026-05-06T14:16:24.000Z,0,https://www.tiktok.com/@risyadandson/video/7625604545632161032,https://www.tiktok.com/@risyadandson/video/7625604545632161032?commentId=7636782463896912657,scraping_tiktok,enengernairawati,"selalu dpt pelayann yg baik walaupun menggunk bpjs,,Alhamdulillah"
7636436846528316181,2026-05-05T15:55:17.000Z,0,https://www.tiktok.com/@risyadandson/video/7625604545632161032,https://www.tiktok.com/@risyadandson/video/7625604545632161032?commentId=7636436846528316181,scraping_tiktok,keylinakeylina1,tetap asuransi is the best
7635296537958155028,2026-05-02T14:10:20.000Z,0,https://www.tiktok.com/@risyadandson/video/7625604545632161032,https://www.tiktok.com/@risyadandson/video/7625604545632161032?commentId=7635296537958155028,scraping_tiktok,asrun280,padahal bpjs saya mandiri pelayanannya ketus padal saya pinginya dapat pelayanan yg bagus
7635814206734844690,2026-05-03T23:39:27.000Z,0,https://www.tiktok.com/@risyadandson/video/7625604545632161032,https://www.tiktok.com/@risyadandson/video/7625604545632161032?commentId=7635814206734844690,scraping_tiktok,park_f2,"Emng sistem bpjsnya yg bikin kita males dilayanin, krna ke rs itungan nya dikit sistem nya ribet , jd efeknya ke kita pd males jutek2 , coba aja sstem bpjs ke rs itu mudah itungan nya ga dikit pasti jg kita dpt pelayanan maksimal 🥲"
7634357394169004807,2026-04-30T01:26:11.000Z,0,https://www.tiktok.com/@risyadandson/video/7625604545632161032,https://www.tiktok.com/@risyadandson/video/7625604545632161032?commentId=7634357394169004807,scraping_tiktok,ekoeko424,"saya hampiri 16 bulan pakai BPJS
dan 3 X oprasi laser 1 x oprasi bedah dan 2 X ESWL Alhamdulillah asay dilayani dengan baik semua ikut prosur"
7636424853377549063,2026-05-05T15:08:42.000Z,0,https://www.tiktok.com/@risyadandson/video/7625604545632161032,https://www.tiktok.com/@risyadandson/video/7625604545632161032?commentId=7636424853377549063,scraping_tiktok,palsu_cintamu,BPJS juga bayar tiap bln. setiap bln bayar 100 RB. TPI pelayanan ngak memuaskan
7642110163410780929,2026-05-20T22:51:02.000Z,0,https://www.tiktok.com/@risyadandson/video/7625604545632161032,https://www.tiktok.com/@risyadandson/video/7625604545632161032?commentId=7642110163410780929,scraping_tiktok,endang.sjf,kalau di daerah Demak kok RS nya nggak bisa pakai BPJS nggak laku RS nya
7470747023151760183,2025-02-13T03:54:37.000Z,1,https://www.tiktok.com/@memecatcorporate/video/7463024940799790341,https://www.tiktok.com/@memecatcorporate/video/7463024940799790341?commentId=7470747023151760183,scraping_tiktok,puji8193,@dindaa.dewi 😂
7637377141144126229,2026-05-08T04:44:21.000Z,0,https://www.tiktok.com/@memecatcorporate/video/7463024940799790341,https://www.tiktok.com/@memecatcorporate/video/7463024940799790341?commentId=7637377141144126229,scraping_tiktok,westogate,😳😳😳
7630801105043309333,2026-04-20T11:25:44.000Z,0,https://www.tiktok.com/@memecatcorporate/video/7463024940799790341,https://www.tiktok.com/@memecatcorporate/video/7463024940799790341?commentId=7630801105043309333,scraping_tiktok,irsnagsrdua,😍😍😍
7627085172734690069,2026-04-10T11:05:58.000Z,0,https://www.tiktok.com/@memecatcorporate/video/7463024940799790341,https://www.tiktok.com/@memecatcorporate/video/7463024940799790341?commentId=7627085172734690069,scraping_tiktok,12mtag,🥰🥰🥰
7615540660745945863,2026-03-10T08:27:27.000Z,0,https://www.tiktok.com/@memecatcorporate/video/7463024940799790341,https://www.tiktok.com/@memecatcorporate/video/7463024940799790341?commentId=7615540660745945863,scraping_tiktok,str4ds.pr1ss,@
7609559639960716053,2026-02-22T05:37:59.000Z,0,https://www.tiktok.com/@memecatcorporate/video/7463024940799790341,https://www.tiktok.com/@memecatcorporate/video/7463024940799790341?commentId=7609559639960716053,scraping_tiktok,zafzafiy,😂😂😂
7602939668394066708,2026-02-04T09:29:11.000Z,0,https://www.tiktok.com/@memecatcorporate/video/7463024940799790341,https://www.tiktok.com/@memecatcorporate/video/7463024940799790341?commentId=7602939668394066708,scraping_tiktok,bagas.pratamaaja,😁
7599886423848813333,2026-01-27T04:01:05.000Z,0,https://www.tiktok.com/@memecatcorporate/video/7463024940799790341,https://www.tiktok.com/@memecatcorporate/video/7463024940799790341?commentId=7599886423848813333,scraping_tiktok,werewsawe,😁
7593937570313585415,2026-01-11T03:16:25.000Z,0,https://www.tiktok.com/@memecatcorporate/video/7463024940799790341,https://www.tiktok.com/@memecatcorporate/video/7463024940799790341?commentId=7593937570313585415,scraping_tiktok,siauce13,😏
7593563661459194631,2026-01-10T03:05:32.000Z,0,https://www.tiktok.com/@memecatcorporate/video/7463024940799790341,https://www.tiktok.com/@memecatcorporate/video/7463024940799790341?commentId=7593563661459194631,scraping_tiktok,yati57094,😂
7592609334537044754,2026-01-07T13:22:11.000Z,0,https://www.tiktok.com/@memecatcorporate/video/7463024940799790341,https://www.tiktok.com/@memecatcorporate/video/7463024940799790341?commentId=7592609334537044754,scraping_tiktok,kristin7579,😁
7592547410972492564,2026-01-07T09:21:56.000Z,0,https://www.tiktok.com/@memecatcorporate/video/7463024940799790341,https://www.tiktok.com/@memecatcorporate/video/7463024940799790341?commentId=7592547410972492564,scraping_tiktok,tugaslavetas,😅😅😅
7592219764480246529,2026-01-06T12:10:32.000Z,0,https://www.tiktok.com/@memecatcorporate/video/7463024940799790341,https://www.tiktok.com/@memecatcorporate/video/7463024940799790341?commentId=7592219764480246529,scraping_tiktok,novaa.erf,😂
7588472248723505936,2025-12-27T09:48:11.000Z,0,https://www.tiktok.com/@memecatcorporate/video/7463024940799790341,https://www.tiktok.com/@memecatcorporate/video/7463024940799790341?commentId=7588472248723505936,scraping_tiktok,_saagouw,😭
7587592873383314196,2025-12-25T00:55:57.000Z,0,https://www.tiktok.com/@memecatcorporate/video/7463024940799790341,https://www.tiktok.com/@memecatcorporate/video/7463024940799790341?commentId=7587592873383314196,scraping_tiktok,dikaaldisaputra1,😂
7586730591731843857,2025-12-22T17:09:47.000Z,0,https://www.tiktok.com/@memecatcorporate/video/7463024940799790341,https://www.tiktok.com/@memecatcorporate/video/7463024940799790341?commentId=7586730591731843857,scraping_tiktok,pieceoflif3,😭😭😭
7584800148888077064,2025-12-17T12:18:29.000Z,0,https://www.tiktok.com/@memecatcorporate/video/7463024940799790341,https://www.tiktok.com/@memecatcorporate/video/7463024940799790341?commentId=7584800148888077064,scraping_tiktok,user3426211913937,😂
7584800158661116679,2025-12-17T12:18:30.000Z,0,https://www.tiktok.com/@memecatcorporate/video/7463024940799790341,https://www.tiktok.com/@memecatcorporate/video/7463024940799790341?commentId=7584800158661116679,scraping_tiktok,user3426211913937,😁
7584800138910302994,2025-12-17T12:18:30.000Z,0,https://www.tiktok.com/@memecatcorporate/video/7463024940799790341,https://www.tiktok.com/@memecatcorporate/video/7463024940799790341?commentId=7584800138910302994,scraping_tiktok,user3426211913937,🥰
7584800185419563783,2025-12-17T12:18:33.000Z,0,https://www.tiktok.com/@memecatcorporate/video/7463024940799790341,https://www.tiktok.com/@memecatcorporate/video/7463024940799790341?commentId=7584800185419563783,scraping_tiktok,user3426211913937,😂
7584800177979474695,2025-12-17T12:18:33.000Z,0,https://www.tiktok.com/@memecatcorporate/video/7463024940799790341,https://www.tiktok.com/@memecatcorporate/video/7463024940799790341?commentId=7584800177979474695,scraping_tiktok,user3426211913937,😁
7584373031758856976,2025-12-16T08:41:05.000Z,0,https://www.tiktok.com/@memecatcorporate/video/7463024940799790341,https://www.tiktok.com/@memecatcorporate/video/7463024940799790341?commentId=7584373031758856976,scraping_tiktok,mr_jaychannel,😳🤣😂
7582598173726606098,2025-12-11T13:53:39.000Z,0,https://www.tiktok.com/@memecatcorporate/video/7463024940799790341,https://www.tiktok.com/@memecatcorporate/video/7463024940799790341?commentId=7582598173726606098,scraping_tiktok,pendekclana,🥰
7581811108819419925,2025-12-09T10:59:31.000Z,0,https://www.tiktok.com/@memecatcorporate/video/7463024940799790341,https://www.tiktok.com/@memecatcorporate/video/7463024940799790341?commentId=7581811108819419925,scraping_tiktok,maika.luciana,😁
7580529554114691847,2025-12-06T00:06:37.000Z,0,https://www.tiktok.com/@memecatcorporate/video/7463024940799790341,https://www.tiktok.com/@memecatcorporate/video/7463024940799790341?commentId=7580529554114691847,scraping_tiktok,s.e.l.l.y98,😆
7580338540891144981,2025-12-05T11:45:09.000Z,0,https://www.tiktok.com/@memecatcorporate/video/7463024940799790341,https://www.tiktok.com/@memecatcorporate/video/7463024940799790341?commentId=7580338540891144981,scraping_tiktok,gisella.ferlina29,😄😄😄
7580221046965650196,2025-12-05T04:09:22.000Z,0,https://www.tiktok.com/@memecatcorporate/video/7463024940799790341,https://www.tiktok.com/@memecatcorporate/video/7463024940799790341?commentId=7580221046965650196,scraping_tiktok,amelind30,🥰
7578692623184659220,2025-12-01T01:18:23.000Z,0,https://www.tiktok.com/@memecatcorporate/video/7463024940799790341,https://www.tiktok.com/@memecatcorporate/video/7463024940799790341?commentId=7578692623184659220,scraping_tiktok,yannn5682,🥰
7578339847040041746,2025-11-30T02:29:13.000Z,0,https://www.tiktok.com/@memecatcorporate/video/7463024940799790341,https://www.tiktok.com/@memecatcorporate/video/7463024940799790341?commentId=7578339847040041746,scraping_tiktok,__fl0weer,💔
7576576729070797569,2025-11-25T08:27:38.000Z,0,https://www.tiktok.com/@memecatcorporate/video/7463024940799790341,https://www.tiktok.com/@memecatcorporate/video/7463024940799790341?commentId=7576576729070797569,scraping_tiktok,mk..ez,😂
7642567207994901264,2026-05-22T04:24:29.000Z,0,https://www.tiktok.com/@risyadandson/video/7625604545632161032,https://www.tiktok.com/@risyadandson/video/7625604545632161032?commentId=7642567207994901264,scraping_tiktok,pinkyfish28,Q pakek bpjs mandiri kelas 1 which bayar tiap bulan tp menurutku ku bagus jg kok pelayanannya
7642338071285498632,2026-05-21T13:35:01.000Z,1,https://www.tiktok.com/@risyadandson/video/7625604545632161032,https://www.tiktok.com/@risyadandson/video/7625604545632161032?commentId=7642338071285498632,scraping_tiktok,marinadailylife,Berobat pake umum tp tetep disuruh pake bpjs dokter baik baik banget 🥰
7525706767847539464,2025-07-11T06:26:00.000Z,0,https://www.tiktok.com/@memecatcorporate/video/7463024940799790341,https://www.tiktok.com/@memecatcorporate/video/7463024940799790341?commentId=7525706767847539464,scraping_tiktok,s4yur20,"perasaan qu KLO AQ nengok org di RS,baik2 ajj pelayanan a,biar pke BPJS."
7513967267547710209,2025-06-09T15:10:45.000Z,2,https://www.tiktok.com/@memecatcorporate/video/7463024940799790341,https://www.tiktok.com/@memecatcorporate/video/7463024940799790341?commentId=7513967267547710209,scraping_tiktok,trisna.siauw,"sy di rawat di rs hermina daan mogot pakai bpjs ditangani dgn baik koq. susternya jg baik"" dan ramah. dipanggil lgsg dtg gak pake tar sok tar sok. pkknya the best la. gak semua rs begitu koq 😃"
7630678340118659858,2026-04-20T03:29:23.000Z,1,https://www.tiktok.com/@memecatcorporate/video/7463024940799790341,https://www.tiktok.com/@memecatcorporate/video/7463024940799790341?commentId=7630678340118659858,scraping_tiktok,syamsuryascorpio,betul Masak obatnya disuruh beli diluar
7616722589495018241,2026-03-13T12:53:58.000Z,0,https://www.tiktok.com/@memecatcorporate/video/7463024940799790341,https://www.tiktok.com/@memecatcorporate/video/7463024940799790341?commentId=7616722589495018241,scraping_tiktok,athalla2503,kata siapa gw pake BPJS dapetnya kelas satu kalo mau apa apa tinggal pencet doang nati dikasih makan 3 kali sehari bubur enak tapi wajar gw pake BPJS yang bayar 150 ribu perbulan kalo yang gratis kan dapet kelas tiga orangnya juga banyak kalo ini enggak gua berdua doang ama orang disebelah gw jadi du orang
7627902540332598032,2026-04-12T15:57:52.000Z,0,https://www.tiktok.com/@memecatcorporate/video/7463024940799790341,https://www.tiktok.com/@memecatcorporate/video/7463024940799790341?commentId=7627902540332598032,scraping_tiktok,melwazein,ada yang sampe wafat gak sieh?😭
7582549968221651730,2025-12-11T10:46:36.000Z,0,https://www.tiktok.com/@memecatcorporate/video/7463024940799790341,https://www.tiktok.com/@memecatcorporate/video/7463024940799790341?commentId=7582549968221651730,scraping_tiktok,shaniez_a,"Enggak juga sih, aku beberapa kali ranap pake bpjs ok ok aja, ramah ramah juga nakesnya"
7584415879158006546,2025-12-16T11:27:20.000Z,0,https://www.tiktok.com/@memecatcorporate/video/7463024940799790341,https://www.tiktok.com/@memecatcorporate/video/7463024940799790341?commentId=7584415879158006546,scraping_tiktok,ferryryanraditya,"ak di rs. sari asih bintaro pake bpjs, pelayanannya mantap ga di bedain antara bpjs, mandiri atau asuransi semua sama, operasi di lakukan dr specialis, pelayanan bintang 5 cepet bgt"
7629815038781539093,2026-04-17T19:39:20.000Z,0,https://www.tiktok.com/@memecatcorporate/video/7463024940799790341,https://www.tiktok.com/@memecatcorporate/video/7463024940799790341?commentId=7629815038781539093,scraping_tiktok,melly_syaha4,"sy pasien BPJS dah 5 kali op,4 rumah sakit yg sy datangin semua pelayanan nya bagus2,bahkan sy tidak punya keluarga semua sester yg urusin"
7561779704139612935,2025-10-16T11:27:21.000Z,0,https://www.tiktok.com/@memecatcorporate/video/7463024940799790341,https://www.tiktok.com/@memecatcorporate/video/7463024940799790341?commentId=7561779704139612935,scraping_tiktok,lailaromadhoni22,satu kamar sama pasien mandiri malah bolak balik yg divisit dokter sama perawat malah pasien bpjs
7627491411324076820,2026-04-11T13:22:28.000Z,0,https://www.tiktok.com/@memecatcorporate/video/7463024940799790341,https://www.tiktok.com/@memecatcorporate/video/7463024940799790341?commentId=7627491411324076820,scraping_tiktok,anomali1655,"[Sticker] aku pernah pakai BPJS oprasi gigii bungsuu dan di layani dengan baik krna di rawat dluu sehari sebelum jalanin oprasi, lalu besoknya masih nginep juga dan di layani dgn baik masihh (kamarnya gede luas trus isinya cuma ada dua org tapi dia udh keluar jd aku sendirii) itu aku ad di kelas 1 (ada biaya tambahan sieh tapi gabanyak karna harusnya kelas 3 tapi penuh ya ttp aja pakai BPJS dan di layani dgn baikk trus ga di usir jugak dgn alasan penuh kamar yg kelas 3 nya) :D"
7616484941208437522,2026-03-12T21:31:51.000Z,0,https://www.tiktok.com/@memecatcorporate/video/7463024940799790341,https://www.tiktok.com/@memecatcorporate/video/7463024940799790341?commentId=7616484941208437522,scraping_tiktok,qiqi.saqinah,"tp aq pernah loh kak, pas blm punya BPJS bayar mandiri, tp pelayanannya ttp jelek bngt, susternya jg galak, anakku blm sembuh malah dipulangkan akhirnya kita cari ke RS lain anakku malah masuk PICU.. 😭
kondisi nya ngedrop"
7642603344510911253,2026-05-22T06:44:34.000Z,0,https://www.tiktok.com/@memecatcorporate/video/7463024940799790341,https://www.tiktok.com/@memecatcorporate/video/7463024940799790341?commentId=7642603344510911253,scraping_tiktok,harlina786,"ga gitu, anak sy bln lalu op usus buntu pakai BPJS, pelayanan nya sangat baik."
7642877170226512658,2026-05-23T00:27:12.000Z,0,https://www.tiktok.com/@memecatcorporate/video/7463024940799790341,https://www.tiktok.com/@memecatcorporate/video/7463024940799790341?commentId=7642877170226512658,scraping_tiktok,justendahh,gaa.. mon maap kmrn di sarjito saya pasien bpjs pun.. di perlakukan sama.. pencet bel suster dateng.. 🥰🥰
7511302706545591057,2025-06-02T10:50:58.000Z,0,https://www.tiktok.com/@memecatcorporate/video/7463024940799790341,https://www.tiktok.com/@memecatcorporate/video/7463024940799790341?commentId=7511302706545591057,scraping_tiktok,yunas_31,@AjengRia
7636004957448569618,2026-05-04T11:59:21.000Z,0,https://www.tiktok.com/@risyadandson/video/7625604545632161032,https://www.tiktok.com/@risyadandson/video/7625604545632161032?commentId=7636004957448569618,scraping_tiktok,nyiiteung649,alhamdulillah saya pernh di rawat kena DBD alhamdulillah pasien BPJS palayanannya baik semua dari dokter dan susternya 🙏
7626533468345254663,2026-04-08T23:25:24.000Z,0,https://www.tiktok.com/@risyadandson/video/7625604545632161032,https://www.tiktok.com/@risyadandson/video/7625604545632161032?commentId=7626533468345254663,scraping_tiktok,kurniawan.rojali,"tergantung kondisi pasiennya,tp yg pasti semua kelas ada platform nya,jika 3 hari d rawat dan dipandang bisa berobat jalan,pasti dipulngkn,tp kalau parah pasti msh d rawat,saya pernah 2 minggu d rawat."
7633349255419249416,2026-04-27T08:13:48.000Z,0,https://www.tiktok.com/@risyadandson/video/7625604545632161032,https://www.tiktok.com/@risyadandson/video/7625604545632161032?commentId=7633349255419249416,scraping_tiktok,mlx08_,"dulu AQ pendarahan pas udh ngelahirin,dikira mau pake BPJS,pihak rumah sakit langsung menolak dgn alasan kamar penuh,pas d bilang ini pasien umum/BKN BPJS,langsung SM petugasnya d suruh masuk....😓"
7636281865293300501,2026-05-05T05:54:04.000Z,0,https://www.tiktok.com/@risyadandson/video/7625604545632161032,https://www.tiktok.com/@risyadandson/video/7625604545632161032?commentId=7636281865293300501,scraping_tiktok,mmh.mia24,saya pake BPJS alhamdulilah di layani dengan baik sekali
7627179863560225544,2026-04-10T17:13:26.000Z,0,https://www.tiktok.com/@risyadandson/video/7625604545632161032,https://www.tiktok.com/@risyadandson/video/7625604545632161032?commentId=7627179863560225544,scraping_tiktok,muhammad.gahatan,obat ya juga beda🙏
7636276073344582407,2026-05-05T05:31:24.000Z,0,https://www.tiktok.com/@risyadandson/video/7625604545632161032,https://www.tiktok.com/@risyadandson/video/7625604545632161032?commentId=7636276073344582407,scraping_tiktok,jassika1981,saya pake BPJS mandiri di layani dgn sangat baik sampai operasi kista miom
7627102449442865928,2026-04-10T12:13:02.000Z,0,https://www.tiktok.com/@risyadandson/video/7625604545632161032,https://www.tiktok.com/@risyadandson/video/7625604545632161032?commentId=7627102449442865928,scraping_tiktok,marsih.marsih180,bener itu ka
7636691839966348040,2026-05-06T08:24:50.000Z,0,https://www.tiktok.com/@risyadandson/video/7625604545632161032,https://www.tiktok.com/@risyadandson/video/7625604545632161032?commentId=7636691839966348040,scraping_tiktok,tomaru988,"dimana kata "" keadilan sosial bagi seluruh rakyat indonesia"""
7636331542658745104,2026-05-05T09:06:40.000Z,0,https://www.tiktok.com/@risyadandson/video/7625604545632161032,https://www.tiktok.com/@risyadandson/video/7625604545632161032?commentId=7636331542658745104,scraping_tiktok,ellih17,saya BPJS bayar tiap bulan 100
7636395499449680661,2026-05-05T13:15:00.000Z,0,https://www.tiktok.com/@risyadandson/video/7625604545632161032,https://www.tiktok.com/@risyadandson/video/7625604545632161032?commentId=7636395499449680661,scraping_tiktok,rosabrmanik,Karna gaji dr bpjs katanya cuma 30 rbu pd hal udah capek2 dr nya😂
7636343886604059412,2026-05-05T09:54:35.000Z,0,https://www.tiktok.com/@risyadandson/video/7625604545632161032,https://www.tiktok.com/@risyadandson/video/7625604545632161032?commentId=7636343886604059412,scraping_tiktok,chandriana1,saya pasien BPJS tapi pelayanan nya baik
7636339716480877333,2026-05-05T09:38:28.000Z,0,https://www.tiktok.com/@risyadandson/video/7625604545632161032,https://www.tiktok.com/@risyadandson/video/7625604545632161032?commentId=7636339716480877333,scraping_tiktok,yudwardana,"soalnya saking banyak nya PBPJS, jadi antri lama"
7636338304854311687,2026-05-05T09:32:56.000Z,0,https://www.tiktok.com/@risyadandson/video/7625604545632161032,https://www.tiktok.com/@risyadandson/video/7625604545632161032?commentId=7636338304854311687,scraping_tiktok,mamaaleshaazqillaaafia,tapi obat nya beda kok 😅
7636309645028082448,2026-05-05T07:41:42.000Z,0,https://www.tiktok.com/@risyadandson/video/7625604545632161032,https://www.tiktok.com/@risyadandson/video/7625604545632161032?commentId=7636309645028082448,scraping_tiktok,iyatsupiat,bpjs pbi sama bpjs bayar beda g?
7636293458860901128,2026-05-05T06:44:23.000Z,0,https://www.tiktok.com/@risyadandson/video/7625604545632161032,https://www.tiktok.com/@risyadandson/video/7625604545632161032?commentId=7636293458860901128,scraping_tiktok,rogerboy52,saya pernah dirawat 2 x di rs pakai bpjs kls 3 baik sekali layananya rs selapa polwan pasar jumat
7636010371493643029,2026-05-04T12:20:28.000Z,0,https://www.tiktok.com/@risyadandson/video/7625604545632161032,https://www.tiktok.com/@risyadandson/video/7625604545632161032?commentId=7636010371493643029,scraping_tiktok,sarahyn7,"aku ketika pake asuransi swasta dan bpjs, bedanya itu BEDA banget pelayanannya🙈 tp pernah pengalamanku di RS Unair Surabaya, nganter ibuku ke dokter. Pake bpjs pbi, tapi pelayanannya kyk pake asuransi swasta. antriannnya cepet, dokternya super duper baik."
7635985751763698450,2026-05-04T10:44:52.000Z,0,https://www.tiktok.com/@risyadandson/video/7625604545632161032,https://www.tiktok.com/@risyadandson/video/7625604545632161032?commentId=7635985751763698450,scraping_tiktok,mamah.fauzan05,berobat pake BPJS ke rumah sakit susah daptar langsung susah daptar onlen susah padahal bawa surat rujukan dari paskes1
7634181809030431506,2026-04-29T14:04:32.000Z,0,https://www.tiktok.com/@risyadandson/video/7625604545632161032,https://www.tiktok.com/@risyadandson/video/7625604545632161032?commentId=7634181809030431506,scraping_tiktok,rianarasad6,"aku bertahun tahun byr BPJS mandiri, giliran mau pakai susah."
7634138690104754964,2026-04-29T11:18:56.000Z,0,https://www.tiktok.com/@risyadandson/video/7625604545632161032,https://www.tiktok.com/@risyadandson/video/7625604545632161032?commentId=7634138690104754964,scraping_tiktok,celientan805,"peraturan dr BPJS, berarti yg di salahkan itu BPJS,padahal gaji kita di potong tiap bulan, kenapa harus ada perbedaan,kenapa harus di batasi"
7633839755357520660,2026-04-28T15:57:24.000Z,0,https://www.tiktok.com/@risyadandson/video/7625604545632161032,https://www.tiktok.com/@risyadandson/video/7625604545632161032?commentId=7633839755357520660,scraping_tiktok,hellihrtn_,singkat nya bpjs di bayar nya kecil tapi kalo bayar reguler gede
7633750148619584274,2026-04-28T10:09:36.000Z,0,https://www.tiktok.com/@risyadandson/video/7625604545632161032,https://www.tiktok.com/@risyadandson/video/7625604545632161032?commentId=7633750148619584274,scraping_tiktok,ag.selamat1,Ruwet peraturannya
7633674929599546129,2026-04-28T05:17:45.000Z,0,https://www.tiktok.com/@risyadandson/video/7625604545632161032,https://www.tiktok.com/@risyadandson/video/7625604545632161032?commentId=7633674929599546129,scraping_tiktok,ibu.fasyanala,"SMA aja, bedanya cuma waktu nunggu aja, klu umum lebih cepat pelayanannya, klu soal obat spertinya sama😁"
7633673959264273160,2026-04-28T05:13:58.000Z,0,https://www.tiktok.com/@risyadandson/video/7625604545632161032,https://www.tiktok.com/@risyadandson/video/7625604545632161032?commentId=7633673959264273160,scraping_tiktok,lannytanggara6,maaf skrg quota ke dokter ke rs di kurangi yach kanapa pdhl aku bpjs yg berbayar
7633639496315667208,2026-04-28T03:00:13.000Z,0,https://www.tiktok.com/@risyadandson/video/7625604545632161032,https://www.tiktok.com/@risyadandson/video/7625604545632161032?commentId=7633639496315667208,scraping_tiktok,user3475852003236,pelayanan BPJS saat ini bagus banget dan pelayanan di RS utk pasien BPJS jg sangat bagus sekali
7633264930728755976,2026-04-27T02:46:41.000Z,0,https://www.tiktok.com/@risyadandson/video/7625604545632161032,https://www.tiktok.com/@risyadandson/video/7625604545632161032?commentId=7633264930728755976,scraping_tiktok,user9582727066695,mengenai kuota dokter yg melayani pasien itu tdk pernah di informasikan ke calon pasien..... jadi pasien langsung tertolak tanpa penjelasan....
7632983175167017736,2026-04-26T08:33:19.000Z,0,https://www.tiktok.com/@risyadandson/video/7625604545632161032,https://www.tiktok.com/@risyadandson/video/7625604545632161032?commentId=7632983175167017736,scraping_tiktok,dins1117,"Klau konsul pake BPJS , dokter ditungguin sama perawat nya jadi klau mau nanya2 banyak ga bisa juga perawat nya pasti bilang sudah ya bu … selesai cuma berapa menit juga"
7632699798478553877,2026-04-25T14:13:37.000Z,0,https://www.tiktok.com/@risyadandson/video/7625604545632161032,https://www.tiktok.com/@risyadandson/video/7625604545632161032?commentId=7632699798478553877,scraping_tiktok,clarisse1691,ril gua udh ngalamin pke umum dan BPJS emg umum cpet bgt BPJS kek dipersulit bgt bukan dari pihak RS ya karena RS kan hanya ikut aturan dari BPJS yg ribet walaupun kondisi darurat pun dipersulit anj
7631614493696967440,2026-04-22T16:02:04.000Z,0,https://www.tiktok.com/@risyadandson/video/7625604545632161032,https://www.tiktok.com/@risyadandson/video/7625604545632161032?commentId=7631614493696967440,scraping_tiktok,darsono.saputra4,bpjs sudah lebih baik kok jangan fijelekin terslah
7631460354006909713,2026-04-22T06:04:05.000Z,0,https://www.tiktok.com/@risyadandson/video/7625604545632161032,https://www.tiktok.com/@risyadandson/video/7625604545632161032?commentId=7631460354006909713,scraping_tiktok,mirawati3101,tapi kan kita bayar bukan gratis
7631445477975966471,2026-04-22T05:06:16.000Z,0,https://www.tiktok.com/@risyadandson/video/7625604545632161032,https://www.tiktok.com/@risyadandson/video/7625604545632161032?commentId=7631445477975966471,scraping_tiktok,srisrijukcy,saya yang perbayar di persulit juga kadang
7631396373896643336,2026-04-22T01:55:49.000Z,0,https://www.tiktok.com/@risyadandson/video/7625604545632161032,https://www.tiktok.com/@risyadandson/video/7625604545632161032?commentId=7631396373896643336,scraping_tiktok,krinaek0,"Menurutku sesimple ya karna yg non bpjs dia bayar lebih mahal si, walaupun bpjs byr seberapa sih bayarnya.."
7630459866197689106,2026-04-19T13:21:38.000Z,0,https://www.tiktok.com/@risyadandson/video/7625604545632161032,https://www.tiktok.com/@risyadandson/video/7625604545632161032?commentId=7630459866197689106,scraping_tiktok,heti884,"pelayanan sama bos,, RS mana yang beda"
7629949124892459783,2026-04-18T04:19:37.000Z,0,https://www.tiktok.com/@risyadandson/video/7625604545632161032,https://www.tiktok.com/@risyadandson/video/7625604545632161032?commentId=7629949124892459783,scraping_tiktok,lovetiktokk20,iah sib stigma mh nyah gtuh padahal bpjs nya sih yg kadang gmna gtuh ..pasien gak salah petugas Rs gak salah mereka cuma butuhnya kepastiann dri bpjsnya ... tapi bnyak kok rs yang gak dibyra karena gagal claim tapi merka gak nuntut apa2 kepasiennya ..
7628956204115968769,2026-04-15T12:06:33.000Z,0,https://www.tiktok.com/@risyadandson/video/7625604545632161032,https://www.tiktok.com/@risyadandson/video/7625604545632161032?commentId=7628956204115968769,scraping_tiktok,ongia87,b aja lah . .😅
7628836214033384193,2026-04-15T04:25:23.000Z,0,https://www.tiktok.com/@risyadandson/video/7625604545632161032,https://www.tiktok.com/@risyadandson/video/7625604545632161032?commentId=7628836214033384193,scraping_tiktok,sukarti.pomo,"pelayanan si sama
cm kl bpjs sk ada obat yg hrs nebus sendiri"
7628220204393169672,2026-04-13T12:30:35.000Z,0,https://www.tiktok.com/@risyadandson/video/7625604545632161032,https://www.tiktok.com/@risyadandson/video/7625604545632161032?commentId=7628220204393169672,scraping_tiktok,adjet_89,"pelayanan sangat beda..
bahkan komunikasi dgn dokter pun sangat beda.
bahkan obat pun beda.."
7628138737709138695,2026-04-13T07:14:22.000Z,0,https://www.tiktok.com/@risyadandson/video/7625604545632161032,https://www.tiktok.com/@risyadandson/video/7625604545632161032?commentId=7628138737709138695,scraping_tiktok,puspita2676,kalo dbiyayai dn di negara knp kt hrs byar stiap bln nya..pdhal kita juga sama byar bedanya kalo pasien umum kan periksa dlu baru byar klo pasien bpjs kan byar dlu baru periksa
7627031918940275463,2026-04-10T07:39:17.000Z,0,https://www.tiktok.com/@risyadandson/video/7625604545632161032,https://www.tiktok.com/@risyadandson/video/7625604545632161032?commentId=7627031918940275463,scraping_tiktok,bumbu_pecel,"Saya nakes, jujur gapernah memperlakukan pasien berbeda maupun pasien mandiri/bpjs. Tapi memang prosedur pelayanannya kadang ada perbedaan mengikuti peraturan bpjs"
7626782104554816263,2026-04-09T15:29:55.000Z,0,https://www.tiktok.com/@risyadandson/video/7625604545632161032,https://www.tiktok.com/@risyadandson/video/7625604545632161032?commentId=7626782104554816263,scraping_tiktok,dumahernariamanurung,betul sekali pak.
7626736123214578439,2026-04-09T12:31:31.000Z,0,https://www.tiktok.com/@risyadandson/video/7625604545632161032,https://www.tiktok.com/@risyadandson/video/7625604545632161032?commentId=7626736123214578439,scraping_tiktok,kristohapumbay1,jam untuk daftar juga dibatasi terakhir jam 2 siang. sedangkan penyakit nya i yg u kan tau jam berapa datang nya😅bisa sore bisa malam.
7626694893580206866,2026-04-09T09:51:36.000Z,0,https://www.tiktok.com/@risyadandson/video/7625604545632161032,https://www.tiktok.com/@risyadandson/video/7625604545632161032?commentId=7626694893580206866,scraping_tiktok,bor_tam1,emg iya pak klo perawat itu dpt intensif sesuai jlh pasien yg dirawatnya??
7626652405626700562,2026-04-09T07:06:38.000Z,0,https://www.tiktok.com/@risyadandson/video/7625604545632161032,https://www.tiktok.com/@risyadandson/video/7625604545632161032?commentId=7626652405626700562,scraping_tiktok,okta014_,"tergantung rs gasih gaes? soalnya aku perna di rs satu ini mlh baik bgt pke bpjs maupun pake vip , kbutulan 2x opname , tapi pas di rs satunya lagi pake vvip gak bgttt cooo pelayanannya , kek apalah , gua byr coooooo"
7625994209892795157,2026-04-07T12:32:37.000Z,0,https://www.tiktok.com/@risyadandson/video/7625604545632161032,https://www.tiktok.com/@risyadandson/video/7625604545632161032?commentId=7625994209892795157,scraping_tiktok,ophanzel.medical,ada vivo Samsung iphone... ada harga ada kualitas... intinya kira2 gt
7625981642259874580,2026-04-07T11:43:44.000Z,0,https://www.tiktok.com/@risyadandson/video/7625604545632161032,https://www.tiktok.com/@risyadandson/video/7625604545632161032?commentId=7625981642259874580,scraping_tiktok,zayyid_07,"sama aja, sama"" antri pas nunggu obat😅"
7635288686128792340,2026-05-02T13:39:50.000Z,0,https://www.tiktok.com/@risyadandson/video/7625604545632161032,https://www.tiktok.com/@risyadandson/video/7625604545632161032?commentId=7635288686128792340,scraping_tiktok,opa31193,"gak sosial jugaa, sya bayar pak ... enak aja sosial"
7625930221083050768,2026-04-07T08:27:17.000Z,0,https://www.tiktok.com/@risyadandson/video/7625604545632161032,https://www.tiktok.com/@risyadandson/video/7625604545632161032?commentId=7625930221083050768,scraping_tiktok,kirana_intan21,BPJS yg bkn Mandiri..maaf bayar Pak. kls satu itu sampai ratus ribu per bln. jd ga geatis loh Pak
7596868596803846928,2026-01-19T00:50:39.000Z,0,https://www.tiktok.com/@memecatcorporate/video/7463024940799790341,https://www.tiktok.com/@memecatcorporate/video/7463024940799790341?commentId=7596868596803846928,scraping_tiktok,juliamanis95,😂
7595826289530290965,2026-01-16T05:25:35.000Z,0,https://www.tiktok.com/@memecatcorporate/video/7463024940799790341,https://www.tiktok.com/@memecatcorporate/video/7463024940799790341?commentId=7595826289530290965,scraping_tiktok,olivianarizky30,😂
7595768980678722324,2026-01-16T01:43:18.000Z,0,https://www.tiktok.com/@memecatcorporate/video/7463024940799790341,https://www.tiktok.com/@memecatcorporate/video/7463024940799790341?commentId=7595768980678722324,scraping_tiktok,top.kec.gusion,❤️
7590554951038911239,2026-01-02T00:30:06.000Z,0,https://www.tiktok.com/@memecatcorporate/video/7463024940799790341,https://www.tiktok.com/@memecatcorporate/video/7463024940799790341?commentId=7590554951038911239,scraping_tiktok,bakoel_papit,😁
7634906763440472839,2026-05-01T12:57:48.000Z,0,https://www.tiktok.com/@risyadandson/video/7625604545632161032,https://www.tiktok.com/@risyadandson/video/7625604545632161032?commentId=7634906763440472839,scraping_tiktok,abyan_pejuanghati,"Alhamdulillah anak saya pakai BPJS PBI udah berobat 8thn.
terimakasih semuanya saya sangat terbantu. di RS juga baik pelayanannya. dari faskes 1 2 3"
7626552825061606152,2026-04-09T00:40:23.000Z,0,https://www.tiktok.com/@risyadandson/video/7625604545632161032,https://www.tiktok.com/@risyadandson/video/7625604545632161032?commentId=7626552825061606152,scraping_tiktok,kurniawan_feat_novi,Bagus nih edukasi🥰
7626377747455247124,2026-04-08T13:20:51.000Z,0,https://www.tiktok.com/@risyadandson/video/7625604545632161032,https://www.tiktok.com/@risyadandson/video/7625604545632161032?commentId=7626377747455247124,scraping_tiktok,ygyuggi,"Dari sekian RS yang bekerjasama dgn bpjs, banyak kok yang pelayanannya baik"
7626368893484974855,2026-04-08T12:46:26.000Z,0,https://www.tiktok.com/@risyadandson/video/7625604545632161032,https://www.tiktok.com/@risyadandson/video/7625604545632161032?commentId=7626368893484974855,scraping_tiktok,trihardianto.26,berati mendingan jamsostek dong?
7626321034022568725,2026-04-08T09:40:46.000Z,0,https://www.tiktok.com/@risyadandson/video/7625604545632161032,https://www.tiktok.com/@risyadandson/video/7625604545632161032?commentId=7626321034022568725,scraping_tiktok,setanpuntertawa0,terima kasih pak dan abang2 sudah sosialisasi tanpa sponsor. masyarakat jadi tau
7626277983279432466,2026-04-08T06:53:39.000Z,0,https://www.tiktok.com/@risyadandson/video/7625604545632161032,https://www.tiktok.com/@risyadandson/video/7625604545632161032?commentId=7626277983279432466,scraping_tiktok,ritapramulyani_,saya nakes ga dapat apa apa dri bpjs
7626267723932812049,2026-04-08T06:16:28.000Z,0,https://www.tiktok.com/@risyadandson/video/7625604545632161032,https://www.tiktok.com/@risyadandson/video/7625604545632161032?commentId=7626267723932812049,scraping_tiktok,shurato_85,semoga kita dan keluarga kita semua selalu sehat dan panjang umur terhindar dari berbagai macam penyakit sehingga tidak perlu BPJS
7626243935157519111,2026-04-08T04:41:40.000Z,0,https://www.tiktok.com/@risyadandson/video/7625604545632161032,https://www.tiktok.com/@risyadandson/video/7625604545632161032?commentId=7626243935157519111,scraping_tiktok,cucuode,ap karna ak kmren darurat ya
7626231547578942215,2026-04-08T03:53:36.000Z,0,https://www.tiktok.com/@risyadandson/video/7625604545632161032,https://www.tiktok.com/@risyadandson/video/7625604545632161032?commentId=7626231547578942215,scraping_tiktok,delfiana.kartika,Damn. Unpopular opinion. Bgmn cr pasien nonton ini ya😭
7626217365290140432,2026-04-08T02:58:32.000Z,0,https://www.tiktok.com/@risyadandson/video/7625604545632161032,https://www.tiktok.com/@risyadandson/video/7625604545632161032?commentId=7626217365290140432,scraping_tiktok,alth1551,bkin pusing ribet aja. gw bayar bpjs 150rb dpt dr kantor dan bayarin nyokap jg pribadi ttp gw gas buka asuransi pribadi. ga pusingin krna gw ga mau ribet dan ga mau di layani ga enak
7626174082576827156,2026-04-08T00:10:47.000Z,0,https://www.tiktok.com/@risyadandson/video/7625604545632161032,https://www.tiktok.com/@risyadandson/video/7625604545632161032?commentId=7626174082576827156,scraping_tiktok,witakarwita3,"betul sekali, kembali lg ke attitude msg2 org"
7626173284530848520,2026-04-08T00:07:30.000Z,0,https://www.tiktok.com/@risyadandson/video/7625604545632161032,https://www.tiktok.com/@risyadandson/video/7625604545632161032?commentId=7626173284530848520,scraping_tiktok,notrailfans,WADOH
7626160678915244807,2026-04-07T23:18:39.000Z,0,https://www.tiktok.com/@risyadandson/video/7625604545632161032,https://www.tiktok.com/@risyadandson/video/7625604545632161032?commentId=7626160678915244807,scraping_tiktok,ton63287,iuran bpjs ada yg disubsidi ada yg gx Bos
7626134056208548615,2026-04-07T21:39:20.000Z,0,https://www.tiktok.com/@risyadandson/video/7625604545632161032,https://www.tiktok.com/@risyadandson/video/7625604545632161032?commentId=7626134056208548615,scraping_tiktok,aremamania15,kasihan rakyat jgn
7626092678824035093,2026-04-07T18:54:40.000Z,0,https://www.tiktok.com/@risyadandson/video/7625604545632161032,https://www.tiktok.com/@risyadandson/video/7625604545632161032?commentId=7626092678824035093,scraping_tiktok,berjuangsendiri1809,"yg paling aneh... sma2 BPJS mandiri cuman beda angsuran, contohnya kela 3 sma kls 1.saya pikir cuman kmr yg beda trnyata .pelayanan juga beda. makanan beda,..."
7626036399326544647,2026-04-07T15:16:13.000Z,0,https://www.tiktok.com/@risyadandson/video/7625604545632161032,https://www.tiktok.com/@risyadandson/video/7625604545632161032?commentId=7626036399326544647,scraping_tiktok,jjoko7483,Lebih bagus program kesehatan dibuat murah dari pada program mbg
7626004036568023816,2026-04-07T13:10:39.000Z,0,https://www.tiktok.com/@risyadandson/video/7625604545632161032,https://www.tiktok.com/@risyadandson/video/7625604545632161032?commentId=7626004036568023816,scraping_tiktok,tikkk809,gimana dg BPJS yg tiap BLN byr..kls 1 SJ byr 150 RB blm tentu dipakek berobat..sekalinya pakek diperlakukan berbeda..
7626003967855739656,2026-04-07T13:10:19.000Z,0,https://www.tiktok.com/@risyadandson/video/7625604545632161032,https://www.tiktok.com/@risyadandson/video/7625604545632161032?commentId=7626003967855739656,scraping_tiktok,sujarwantogeka,gek intine bpjs ki jaminan opo kang ?
7625975160068604690,2026-04-07T11:18:39.000Z,0,https://www.tiktok.com/@risyadandson/video/7625604545632161032,https://www.tiktok.com/@risyadandson/video/7625604545632161032?commentId=7625975160068604690,scraping_tiktok,arisyud.real,tapi masalahnya kan mau pakai BPJS atau bukan itu urusan manajemen RS nya kan bukan urusan nakesnya?
7625971949844005640,2026-04-07T11:06:12.000Z,0,https://www.tiktok.com/@risyadandson/video/7625604545632161032,https://www.tiktok.com/@risyadandson/video/7625604545632161032?commentId=7625971949844005640,scraping_tiktok,9_9_9nlhstr,"biaya dr pajak rakyat pak,dan memang beda pelayanan nya bukan uang pemerintah bpjs"
7625968112639263496,2026-04-07T10:54:22.000Z,0,https://www.tiktok.com/@risyadandson/video/7625604545632161032,https://www.tiktok.com/@risyadandson/video/7625604545632161032?commentId=7625968112639263496,scraping_tiktok,radenden23,coba cek kelapangan evaluasi jam Prakteknya dokter
7625964970077979410,2026-04-07T10:39:10.000Z,0,https://www.tiktok.com/@risyadandson/video/7625604545632161032,https://www.tiktok.com/@risyadandson/video/7625604545632161032?commentId=7625964970077979410,scraping_tiktok,user4513718047324,yg mumet RS nya menagih ke BPJS dicicil sampai mecicil
7625947924484424466,2026-04-07T09:32:54.000Z,0,https://www.tiktok.com/@risyadandson/video/7625604545632161032,https://www.tiktok.com/@risyadandson/video/7625604545632161032?commentId=7625947924484424466,scraping_tiktok,risyulkartikul,Bener bgt plis tolong pada protes soal prosedur dan ke riwehan ini semua lgsg ke BPJS aja 🙂‍↔️🙏🏼 cape bgt hrs menjelaskan berkali2 ttg peraturan bpjs yg bpjs bikin sendiri ituuu
7625935060776682248,2026-04-07T08:42:59.000Z,0,https://www.tiktok.com/@risyadandson/video/7625604545632161032,https://www.tiktok.com/@risyadandson/video/7625604545632161032?commentId=7625935060776682248,scraping_tiktok,sutardi.ckm,intinya bpjs nga bwcus ngelola dengan baik.
7625844888555307797,2026-04-07T02:53:16.000Z,0,https://www.tiktok.com/@risyadandson/video/7625604545632161032,https://www.tiktok.com/@risyadandson/video/7625604545632161032?commentId=7625844888555307797,scraping_tiktok,dok.uman,"Kalau masih yg keberatan dengan BPJS, coba sekali2 ikut asuransi swasta. Gimana besarnya premi yg dibayarkan dan aturan cara pakai, pengklaimannya."
7625786397517480711,2026-04-06T23:06:16.000Z,0,https://www.tiktok.com/@risyadandson/video/7625604545632161032,https://www.tiktok.com/@risyadandson/video/7625604545632161032?commentId=7625786397517480711,scraping_tiktok,hayatitati_,Selalu ditonton. Ini ayah dan anak ya?
7625782308624712466,2026-04-06T22:50:20.000Z,0,https://www.tiktok.com/@risyadandson/video/7625604545632161032,https://www.tiktok.com/@risyadandson/video/7625604545632161032?commentId=7625782308624712466,scraping_tiktok,pedrofebriyandi,"intinya klw BPJS biaya pasien ditanggung RS dulu baru nanti dibayarkan BPJS apabila pasien sesuai dgn peraturan BPJS
klw pribadi, biaya pasien dibayarkan ketika pasien selesai berobat, jd pasti ada perbedaan"
7625945753429803796,2026-04-07T09:24:37.000Z,0,https://www.tiktok.com/@risyadandson/video/7625604545632161032,https://www.tiktok.com/@risyadandson/video/7625604545632161032?commentId=7625945753429803796,scraping_tiktok,jen297419,buat yg blm paham ttg mekanisme BPJS... silahkan d simak..
7625944205069026066,2026-04-07T09:18:30.000Z,0,https://www.tiktok.com/@risyadandson/video/7625604545632161032,https://www.tiktok.com/@risyadandson/video/7625604545632161032?commentId=7625944205069026066,scraping_tiktok,krnwnns,kenapa kok ga ditanya dari pov perawat apakah udah diberlakukan adil oleh bpjs 😂
7625941291969200914,2026-04-07T09:07:15.000Z,0,https://www.tiktok.com/@risyadandson/video/7625604545632161032,https://www.tiktok.com/@risyadandson/video/7625604545632161032?commentId=7625941291969200914,scraping_tiktok,twelve9930,"Subsidi negara? saya bayar BPJS tiap bulan, sakit paling setahun 3 atau 4x itu pun gak sampe ke rumah sakit? lah terus saya bayar BPJS buat apa? sedangkan waktu sakit agak parah respon nya kurang🗿"
7625940033442300679,2026-04-07T09:02:17.000Z,0,https://www.tiktok.com/@risyadandson/video/7625604545632161032,https://www.tiktok.com/@risyadandson/video/7625604545632161032?commentId=7625940033442300679,scraping_tiktok,nurmalia_ku09,"emak aku pake bp …. jadwal jam 3 sore, d priksa mlm jam 8 . PAke umum jadwal jam 3 ibu ku dtaeng jam 5 , duduk bentar langsung d panggil yg udh duduk dr td dpn ruang dokter blm di panggil 😁"
7625938775687889685,2026-04-07T08:57:24.000Z,0,https://www.tiktok.com/@risyadandson/video/7625604545632161032,https://www.tiktok.com/@risyadandson/video/7625604545632161032?commentId=7625938775687889685,scraping_tiktok,destyluaiqusy,BPJS adalah bisnis pemerintah 😁
7625925924127589127,2026-04-07T08:07:34.000Z,0,https://www.tiktok.com/@risyadandson/video/7625604545632161032,https://www.tiktok.com/@risyadandson/video/7625604545632161032?commentId=7625925924127589127,scraping_tiktok,devitasaridewi12,terima kasih atas penjelasannya pak
7625923230906319636,2026-04-07T07:57:14.000Z,0,https://www.tiktok.com/@risyadandson/video/7625604545632161032,https://www.tiktok.com/@risyadandson/video/7625604545632161032?commentId=7625923230906319636,scraping_tiktok,yanti.kemozt,gedung nya aja dah beda.. umum di depan bpjs di gedung belakang
7625919355368653588,2026-04-07T07:42:07.000Z,0,https://www.tiktok.com/@risyadandson/video/7625604545632161032,https://www.tiktok.com/@risyadandson/video/7625604545632161032?commentId=7625919355368653588,scraping_tiktok,eni.susanti9644,"sharing...
sy pasieN bpJS..
sdH 3 bln ini salah satu obat kosong..
farmasi bilng nanti di info kn klo obAT sdh ada..
tpi tdk ada kbr2 ny.. smpi sy kontrol bln berikut ny sy blm dpt inpo obat"
7625911743117984530,2026-04-07T07:12:30.000Z,0,https://www.tiktok.com/@risyadandson/video/7625604545632161032,https://www.tiktok.com/@risyadandson/video/7625604545632161032?commentId=7625911743117984530,scraping_tiktok,dokbin.cf,...jadi jelas yaa gaes... bpjs yg atur ke rumah sakit.. bukan rs atau dokter/nakes dll
7625901266212832021,2026-04-07T06:31:59.000Z,0,https://www.tiktok.com/@risyadandson/video/7625604545632161032,https://www.tiktok.com/@risyadandson/video/7625604545632161032?commentId=7625901266212832021,scraping_tiktok,mad.gani.bjk,"BPJS biasanya bisa ketemu dokter utama,kalo umum agak susah tergantung rumah sakit nya"
7625891765766570768,2026-04-07T05:55:06.000Z,0,https://www.tiktok.com/@risyadandson/video/7625604545632161032,https://www.tiktok.com/@risyadandson/video/7625604545632161032?commentId=7625891765766570768,scraping_tiktok,pinkycharming0,iya bener d rs tmpt aku berobat layanan pakai bpjs dan yg bayar pribadi beda gedung nya 😂
7625883598046774023,2026-04-07T05:23:21.000Z,0,https://www.tiktok.com/@risyadandson/video/7625604545632161032,https://www.tiktok.com/@risyadandson/video/7625604545632161032?commentId=7625883598046774023,scraping_tiktok,jankridwan,gue bpjs iuran sediri gak sama negara 500rb sebulan sekeluarga
7625878804729676562,2026-04-07T05:04:51.000Z,0,https://www.tiktok.com/@risyadandson/video/7625604545632161032,https://www.tiktok.com/@risyadandson/video/7625604545632161032?commentId=7625878804729676562,scraping_tiktok,jelmol36,tapi kan bukan gratis..pak ..kami pun bayar tiap bulan
7625872923946124033,2026-04-07T04:42:20.000Z,0,https://www.tiktok.com/@risyadandson/video/7625604545632161032,https://www.tiktok.com/@risyadandson/video/7625604545632161032?commentId=7625872923946124033,scraping_tiktok,agueleeen,"Mungkin simple nya, sistem koping manusia itu kan beda beda ya, perawat juga manusia, 1 perawat (manusia) sehari bisa berinteraksi dengan puluhan orang yang berbeda, ada yang stabil dan ada yang tidak, makanya hasil nya juga berbeda, kenapa?ya karna manusia"
7625870449171972872,2026-04-07T04:32:18.000Z,0,https://www.tiktok.com/@risyadandson/video/7625604545632161032,https://www.tiktok.com/@risyadandson/video/7625604545632161032?commentId=7625870449171972872,scraping_tiktok,trichardo0,"BPJS: dr. tirta
umum: dr.gia"
7625865507299934994,2026-04-07T04:13:08.000Z,0,https://www.tiktok.com/@risyadandson/video/7625604545632161032,https://www.tiktok.com/@risyadandson/video/7625604545632161032?commentId=7625865507299934994,scraping_tiktok,muagsu,"coba pertanyaannya dari sudut pandang berbeda bang, seperti gaji kebanyakan nakes udah layak ga selama ini?"
7625855098698318599,2026-04-07T03:32:42.000Z,0,https://www.tiktok.com/@risyadandson/video/7625604545632161032,https://www.tiktok.com/@risyadandson/video/7625604545632161032?commentId=7625855098698318599,scraping_tiktok,diansaputra5598,"brarti insentif d hilangkan, ganti bonus pelayanan terbaik🙏😁"
7625855020786057991,2026-04-07T03:32:30.000Z,0,https://www.tiktok.com/@risyadandson/video/7625604545632161032,https://www.tiktok.com/@risyadandson/video/7625604545632161032?commentId=7625855020786057991,scraping_tiktok,adertnasarii,Tuh denger BPJS YANG BUAT ATURAN WOYYYYYY JGN NYALAHIN NAKES AJA
7625849055997936405,2026-04-07T03:13:23.000Z,0,https://www.tiktok.com/@risyadandson/video/7625604545632161032,https://www.tiktok.com/@risyadandson/video/7625604545632161032?commentId=7625849055997936405,scraping_tiktok,93_fffeeebbbyyy,"paham,,,"
7625842611522618113,2026-04-07T02:48:07.000Z,0,https://www.tiktok.com/@risyadandson/video/7625604545632161032,https://www.tiktok.com/@risyadandson/video/7625604545632161032?commentId=7625842611522618113,scraping_tiktok,elis190,Alhamdulillah aku di layani dengan baik asal semua dokumen sudah siap lengkap semua
7625837766294946567,2026-04-07T02:25:28.000Z,0,https://www.tiktok.com/@risyadandson/video/7625604545632161032,https://www.tiktok.com/@risyadandson/video/7625604545632161032?commentId=7625837766294946567,scraping_tiktok,esther.adelina8,Jangan bilang uang negara...kami bayar ya kls 1/bulan Rp.150.000
7625833614131151623,2026-04-07T02:12:48.000Z,0,https://www.tiktok.com/@risyadandson/video/7625604545632161032,https://www.tiktok.com/@risyadandson/video/7625604545632161032?commentId=7625833614131151623,scraping_tiktok,marmi7564,sama
7625832791276618503,2026-04-07T02:06:17.000Z,0,https://www.tiktok.com/@risyadandson/video/7625604545632161032,https://www.tiktok.com/@risyadandson/video/7625604545632161032?commentId=7625832791276618503,scraping_tiktok,daut.seberuang,"kalau ada batasnya, itu berarti bukan jaminan kesehatan,"
7625830929333043976,2026-04-07T02:03:50.000Z,0,https://www.tiktok.com/@risyadandson/video/7625604545632161032,https://www.tiktok.com/@risyadandson/video/7625604545632161032?commentId=7625830929333043976,scraping_tiktok,oesman3955,Masya kalo gak paham makanya sesuka hati org itu ngomong
7625831863639606017,2026-04-07T02:02:41.000Z,0,https://www.tiktok.com/@risyadandson/video/7625604545632161032,https://www.tiktok.com/@risyadandson/video/7625604545632161032?commentId=7625831863639606017,scraping_tiktok,aku_siapasih1,Kuwalahan banget sama bpjs
7576085670406865685,2025-11-24T00:42:07.000Z,0,https://www.tiktok.com/@memecatcorporate/video/7463024940799790341,https://www.tiktok.com/@memecatcorporate/video/7463024940799790341?commentId=7576085670406865685,scraping_tiktok,irpansanjaya09,☺️
7575495574474834695,2025-11-22T10:32:02.000Z,0,https://www.tiktok.com/@memecatcorporate/video/7463024940799790341,https://www.tiktok.com/@memecatcorporate/video/7463024940799790341?commentId=7575495574474834695,scraping_tiktok,tarilestaridewi,😂
7575495589447582472,2025-11-22T10:32:05.000Z,0,https://www.tiktok.com/@memecatcorporate/video/7463024940799790341,https://www.tiktok.com/@memecatcorporate/video/7463024940799790341?commentId=7575495589447582472,scraping_tiktok,tarilestaridewi,❣️
7573145279664636689,2025-11-16T02:31:49.000Z,0,https://www.tiktok.com/@memecatcorporate/video/7463024940799790341,https://www.tiktok.com/@memecatcorporate/video/7463024940799790341?commentId=7573145279664636689,scraping_tiktok,nurullen17,🌷
7572893916018934548,2025-11-15T10:16:15.000Z,0,https://www.tiktok.com/@memecatcorporate/video/7463024940799790341,https://www.tiktok.com/@memecatcorporate/video/7463024940799790341?commentId=7572893916018934548,scraping_tiktok,ertha255,🤣🤣🤣🤣🤣
7572818840741856017,2025-11-15T05:25:01.000Z,0,https://www.tiktok.com/@memecatcorporate/video/7463024940799790341,https://www.tiktok.com/@memecatcorporate/video/7463024940799790341?commentId=7572818840741856017,scraping_tiktok,pricientsz_,😭
7571635550161077000,2025-11-12T00:53:18.000Z,0,https://www.tiktok.com/@memecatcorporate/video/7463024940799790341,https://www.tiktok.com/@memecatcorporate/video/7463024940799790341?commentId=7571635550161077000,scraping_tiktok,orhaska,😂
7569911847651853063,2025-11-07T09:24:18.000Z,0,https://www.tiktok.com/@memecatcorporate/video/7463024940799790341,https://www.tiktok.com/@memecatcorporate/video/7463024940799790341?commentId=7569911847651853063,scraping_tiktok,fifaariskawijayanti,😂
7569110795683840775,2025-11-05T05:35:52.000Z,0,https://www.tiktok.com/@memecatcorporate/video/7463024940799790341,https://www.tiktok.com/@memecatcorporate/video/7463024940799790341?commentId=7569110795683840775,scraping_tiktok,tiaaa9326,🤣
7568712539610350354,2025-11-04T03:50:18.000Z,0,https://www.tiktok.com/@memecatcorporate/video/7463024940799790341,https://www.tiktok.com/@memecatcorporate/video/7463024940799790341?commentId=7568712539610350354,scraping_tiktok,fuvvyn,👀
7568284124059173650,2025-11-03T00:08:01.000Z,0,https://www.tiktok.com/@memecatcorporate/video/7463024940799790341,https://www.tiktok.com/@memecatcorporate/video/7463024940799790341?commentId=7568284124059173650,scraping_tiktok,super_fish88,🤣
7568116843900420882,2025-11-02T13:18:45.000Z,0,https://www.tiktok.com/@memecatcorporate/video/7463024940799790341,https://www.tiktok.com/@memecatcorporate/video/7463024940799790341?commentId=7568116843900420882,scraping_tiktok,raniaa3787,😁
7568107719711294215,2025-11-02T12:43:18.000Z,0,https://www.tiktok.com/@memecatcorporate/video/7463024940799790341,https://www.tiktok.com/@memecatcorporate/video/7463024940799790341?commentId=7568107719711294215,scraping_tiktok,dinzyoo_,😭
7567738389950497557,2025-11-01T12:50:11.000Z,0,https://www.tiktok.com/@memecatcorporate/video/7463024940799790341,https://www.tiktok.com/@memecatcorporate/video/7463024940799790341?commentId=7567738389950497557,scraping_tiktok,yanknike,😁
7567154858487923476,2025-10-30T23:05:59.000Z,0,https://www.tiktok.com/@memecatcorporate/video/7463024940799790341,https://www.tiktok.com/@memecatcorporate/video/7463024940799790341?commentId=7567154858487923476,scraping_tiktok,nur.wa24,😂😂😂
7563687471343747858,2025-10-21T14:50:26.000Z,0,https://www.tiktok.com/@memecatcorporate/video/7463024940799790341,https://www.tiktok.com/@memecatcorporate/video/7463024940799790341?commentId=7563687471343747858,scraping_tiktok,panglima_mandar,🥰
7560566571526030098,2025-10-13T04:59:46.000Z,0,https://www.tiktok.com/@memecatcorporate/video/7463024940799790341,https://www.tiktok.com/@memecatcorporate/video/7463024940799790341?commentId=7560566571526030098,scraping_tiktok,g3by_vee,😆😆😆
7559044623630549768,2025-10-09T02:33:54.000Z,0,https://www.tiktok.com/@memecatcorporate/video/7463024940799790341,https://www.tiktok.com/@memecatcorporate/video/7463024940799790341?commentId=7559044623630549768,scraping_tiktok,jalurmandiri180876,😁
7558276644864819976,2025-10-07T00:53:48.000Z,0,https://www.tiktok.com/@memecatcorporate/video/7463024940799790341,https://www.tiktok.com/@memecatcorporate/video/7463024940799790341?commentId=7558276644864819976,scraping_tiktok,beautyhouse.bar,😂😂😂
7558025976066065173,2025-10-06T08:41:07.000Z,0,https://www.tiktok.com/@memecatcorporate/video/7463024940799790341,https://www.tiktok.com/@memecatcorporate/video/7463024940799790341?commentId=7558025976066065173,scraping_tiktok,rimuru.tempestslimee,😹
7555797522817352469,2025-09-30T08:33:30.000Z,0,https://www.tiktok.com/@memecatcorporate/video/7463024940799790341,https://www.tiktok.com/@memecatcorporate/video/7463024940799790341?commentId=7555797522817352469,scraping_tiktok,henyaditya02,😭😩😩😩😩😩😌
7553189480904033041,2025-09-23T07:52:55.000Z,0,https://www.tiktok.com/@memecatcorporate/video/7463024940799790341,https://www.tiktok.com/@memecatcorporate/video/7463024940799790341?commentId=7553189480904033041,scraping_tiktok,ayurafa431,💃
7552760221417456402,2025-09-22T04:07:11.000Z,0,https://www.tiktok.com/@memecatcorporate/video/7463024940799790341,https://www.tiktok.com/@memecatcorporate/video/7463024940799790341?commentId=7552760221417456402,scraping_tiktok,rustytorus,😁
7550619299447685889,2025-09-16T09:39:19.000Z,0,https://www.tiktok.com/@memecatcorporate/video/7463024940799790341,https://www.tiktok.com/@memecatcorporate/video/7463024940799790341?commentId=7550619299447685889,scraping_tiktok,diki.suryadilaga,😳😳😳
7550441333157462792,2025-09-15T22:08:56.000Z,0,https://www.tiktok.com/@memecatcorporate/video/7463024940799790341,https://www.tiktok.com/@memecatcorporate/video/7463024940799790341?commentId=7550441333157462792,scraping_tiktok,ayu.sari936,😂
7549837715686474503,2025-09-14T07:06:23.000Z,0,https://www.tiktok.com/@memecatcorporate/video/7463024940799790341,https://www.tiktok.com/@memecatcorporate/video/7463024940799790341?commentId=7549837715686474503,scraping_tiktok,keyyaccy,🤭
7548371356163244816,2025-09-10T08:16:17.000Z,0,https://www.tiktok.com/@memecatcorporate/video/7463024940799790341,https://www.tiktok.com/@memecatcorporate/video/7463024940799790341?commentId=7548371356163244816,scraping_tiktok,sadpisces04,🥰
7538223485965878023,2025-08-13T23:57:19.000Z,0,https://www.tiktok.com/@memecatcorporate/video/7463024940799790341,https://www.tiktok.com/@memecatcorporate/video/7463024940799790341?commentId=7538223485965878023,scraping_tiktok,su.sann27,🙏🏻🙏🏻🙏🏻
7542197687928881927,2025-08-24T16:59:08.000Z,0,https://www.tiktok.com/@memecatcorporate/video/7463024940799790341,https://www.tiktok.com/@memecatcorporate/video/7463024940799790341?commentId=7542197687928881927,scraping_tiktok,67ghostr,🥰
7537617431276634900,2025-08-12T08:45:25.000Z,0,https://www.tiktok.com/@memecatcorporate/video/7463024940799790341,https://www.tiktok.com/@memecatcorporate/video/7463024940799790341?commentId=7537617431276634900,scraping_tiktok,ida.herliana,😂
7542721458146067208,2025-08-26T02:51:40.000Z,0,https://www.tiktok.com/@memecatcorporate/video/7463024940799790341,https://www.tiktok.com/@memecatcorporate/video/7463024940799790341?commentId=7542721458146067208,scraping_tiktok,callmeintan09,😂
7542739753578824456,2025-08-26T04:02:41.000Z,0,https://www.tiktok.com/@memecatcorporate/video/7463024940799790341,https://www.tiktok.com/@memecatcorporate/video/7463024940799790341?commentId=7542739753578824456,scraping_tiktok,tralalatrilili224,😂
7532033840580166418,2025-07-28T07:38:12.000Z,0,https://www.tiktok.com/@memecatcorporate/video/7463024940799790341,https://www.tiktok.com/@memecatcorporate/video/7463024940799790341?commentId=7532033840580166418,scraping_tiktok,imelda.febriani23,@Fitri Astuty Damanik 🤣
7542866280831976210,2025-08-26T12:13:37.000Z,0,https://www.tiktok.com/@memecatcorporate/video/7463024940799790341,https://www.tiktok.com/@memecatcorporate/video/7463024940799790341?commentId=7542866280831976210,scraping_tiktok,nailaochariya,🥰
7544338078438605589,2025-08-30T11:24:57.000Z,0,https://www.tiktok.com/@memecatcorporate/video/7463024940799790341,https://www.tiktok.com/@memecatcorporate/video/7463024940799790341?commentId=7544338078438605589,scraping_tiktok,gudangproduk15,😂
7544563524651991828,2025-08-31T01:59:49.000Z,0,https://www.tiktok.com/@memecatcorporate/video/7463024940799790341,https://www.tiktok.com/@memecatcorporate/video/7463024940799790341?commentId=7544563524651991828,scraping_tiktok,demes225,😭
7544568655188837127,2025-08-31T02:19:45.000Z,0,https://www.tiktok.com/@memecatcorporate/video/7463024940799790341,https://www.tiktok.com/@memecatcorporate/video/7463024940799790341?commentId=7544568655188837127,scraping_tiktok,kllaaz,😆
7544740469102117650,2025-08-31T13:26:29.000Z,0,https://www.tiktok.com/@memecatcorporate/video/7463024940799790341,https://www.tiktok.com/@memecatcorporate/video/7463024940799790341?commentId=7544740469102117650,scraping_tiktok,iraayuu53,😆
7545272982756147986,2025-09-01T23:53:02.000Z,0,https://www.tiktok.com/@memecatcorporate/video/7463024940799790341,https://www.tiktok.com/@memecatcorporate/video/7463024940799790341?commentId=7545272982756147986,scraping_tiktok,tjandradakocan3,🤣🤣🤣
7533417785172673298,2025-08-01T01:08:47.000Z,0,https://www.tiktok.com/@memecatcorporate/video/7463024940799790341,https://www.tiktok.com/@memecatcorporate/video/7463024940799790341?commentId=7533417785172673298,scraping_tiktok,amatea17,❤️
7545655415595172624,2025-09-03T00:37:17.000Z,0,https://www.tiktok.com/@memecatcorporate/video/7463024940799790341,https://www.tiktok.com/@memecatcorporate/video/7463024940799790341?commentId=7545655415595172624,scraping_tiktok,ricoemperor666,😂🤣🤣🤣🤣
7547247179611980561,2025-09-07T07:33:50.000Z,0,https://www.tiktok.com/@memecatcorporate/video/7463024940799790341,https://www.tiktok.com/@memecatcorporate/video/7463024940799790341?commentId=7547247179611980561,scraping_tiktok,nyutzz_sutri,🥰
7534601315843080978,2025-08-04T05:41:21.000Z,0,https://www.tiktok.com/@memecatcorporate/video/7463024940799790341,https://www.tiktok.com/@memecatcorporate/video/7463024940799790341?commentId=7534601315843080978,scraping_tiktok,yusril.assudais,😌
7533863332442702610,2025-08-02T05:57:40.000Z,0,https://www.tiktok.com/@memecatcorporate/video/7463024940799790341,https://www.tiktok.com/@memecatcorporate/video/7463024940799790341?commentId=7533863332442702610,scraping_tiktok,qiuisqiu,🤣
7547989573131092744,2025-09-09T07:34:41.000Z,0,https://www.tiktok.com/@memecatcorporate/video/7463024940799790341,https://www.tiktok.com/@memecatcorporate/video/7463024940799790341?commentId=7547989573131092744,scraping_tiktok,lubna_unyuk,😅
7548103180468355848,2025-09-09T14:55:31.000Z,0,https://www.tiktok.com/@memecatcorporate/video/7463024940799790341,https://www.tiktok.com/@memecatcorporate/video/7463024940799790341?commentId=7548103180468355848,scraping_tiktok,manggismantah,🤣
7532629064839906056,2025-07-29T22:08:20.000Z,0,https://www.tiktok.com/@memecatcorporate/video/7463024940799790341,https://www.tiktok.com/@memecatcorporate/video/7463024940799790341?commentId=7532629064839906056,scraping_tiktok,yuddah0808,😅😅😅
7533100149150827282,2025-07-31T04:36:05.000Z,0,https://www.tiktok.com/@memecatcorporate/video/7463024940799790341,https://www.tiktok.com/@memecatcorporate/video/7463024940799790341?commentId=7533100149150827282,scraping_tiktok,bayu.wahyudi44,😂
7531790350043185928,2025-07-27T15:53:20.000Z,0,https://www.tiktok.com/@memecatcorporate/video/7463024940799790341,https://www.tiktok.com/@memecatcorporate/video/7463024940799790341?commentId=7531790350043185928,scraping_tiktok,alfi_1897,🥰
7625824370396594962,2026-04-07T01:33:29.000Z,1,https://www.tiktok.com/@risyadandson/video/7625604545632161032,https://www.tiktok.com/@risyadandson/video/7625604545632161032?commentId=7625824370396594962,scraping_tiktok,arrayyaaaaan,"berarti aturan BPJS yang dibenahi, krn yg disalahkan selalu RS nya"
7625664649057796871,2026-04-06T15:13:40.000Z,10,https://www.tiktok.com/@risyadandson/video/7625604545632161032,https://www.tiktok.com/@risyadandson/video/7625604545632161032?commentId=7625664649057796871,scraping_tiktok,lyrassky,"Mau spill dikit, jd B*js itu :
1. Punya aturan ketat ke RS tentang pengklaiman, mereka membayar dg yg namanya tarif INAcbg,ada permenkesnya tentang tarif inacbgs. jd masing2 diagnosa dan tindakan itu ada harganya, tapi khususon lab dan xray itu nda ada harganya, cuma mri, usg, dan ctscan doang yg bisa naikin tarif.
2. banyak yg bilang bpjs jg bayar, sungkem bayar paling mahal 150k/bln/orang,contohlah sesar bayar pribadi itu sekitar 8jt-50jt tergantung RS, jd butuh berapa bulan nabung dari 150k ke 8jt? tp bisa lho yg baru ndaftar nda bayar sepeserpun 😄
tebak RS dibayar berapa?di RS swasta Tipe B daerah Jabodetabek, sesar tanpa penyulit kelas 1 cuma di bayar sekitar 6.9jt dari bpjs lewat tarif INAcbgs. tau dari mana? di permenkes ada tarifnya. lalu dokternya dibayar berapa? dokter umum yg visit 10k, dokter spesialis yg visit 50k, tarif jasa operasi dokter kandungannya 15-20% dari 6.9jt, dan anestesinya 5% dari 6.9jt, sisanya buat obat, lab, bayar perawat, cleaning service, alat kesehatan yg 1 benang jahit aja sekitar 100-250rb, bisa dihitung lah yaa RS tekor apa engga, segitu masih dituntut ini itu dari bpjsnya, belum dari pasiennya, salah2 kirim dokumen itu klaim bisa nda dipending/nda dibayar sama sekali 😅
3. jgn samain sama asuransi swasta geys, mereka bayar sebulannya diatas 500k per orang, jd kalo layanannya beda ya wajar nda si?
4. kalo RS minta dokumen macem2 percayalah itu semua demi keberlangsungan kehidupan karyawan dan RS itu sendiri, soalnya salah2 RS kurang dokumen klaim bisa dipending/ sama sekali nda dibayar, lalu kalo nda di bayar mereka mau gaji nakes2 pake apa? sedangkan obat dan alat kesehatan semakin mahal, tp tarif ina cbgs masih stuck dari jaman dinosaurus, nda ada kenaikan samsek,
5. FYI, karyawan b*js sendiri ada asuransi swasta nya pake mandiri InHealth, tp kalo keluarganya ke RS pakenya bpjs minta jalur vvip sstttttt 🤫"
7625818688823247624,2026-04-07T01:11:39.000Z,0,https://www.tiktok.com/@risyadandson/video/7625604545632161032,https://www.tiktok.com/@risyadandson/video/7625604545632161032?commentId=7625818688823247624,scraping_tiktok,dan897282,"mau tindakan ini-> lapor BPJS-> nunggu acc BPJS ( ini lama banget acc nya) jadi pasien seolah dibiarkan,di abaikan"
7625866564647437063,2026-04-07T04:17:19.000Z,0,https://www.tiktok.com/@risyadandson/video/7625604545632161032,https://www.tiktok.com/@risyadandson/video/7625604545632161032?commentId=7625866564647437063,scraping_tiktok,uburubur7064,"Dokter itu dapet sekitar 10ribu per pasien ya kalo pasien BPJS, makannya perlu ditinjau kembali BPJS. Sangat tidak layak Gaji Nakes"
7625651311262090002,2026-04-06T14:21:50.000Z,4,https://www.tiktok.com/@risyadandson/video/7625604545632161032,https://www.tiktok.com/@risyadandson/video/7625604545632161032?commentId=7625651311262090002,scraping_tiktok,itsmeantraxs,"Paket Tarif INA-CBG nya si parah, rendah banget menurut gw.
Sampe lebih dari 70% aja pasien BPJS di satu RS, lama-lama bisa bangkrut RS."
7625842667386372865,2026-04-07T02:48:43.000Z,0,https://www.tiktok.com/@risyadandson/video/7625604545632161032,https://www.tiktok.com/@risyadandson/video/7625604545632161032?commentId=7625842667386372865,scraping_tiktok,danangpujang795,yg beda bukan di fasilitas obat dll tapi pelayanan petugas yg beda.. kalau reguler ramahnya kayak habis gajian coba kalau bpjs
7625793998992507655,2026-04-06T23:35:39.000Z,0,https://www.tiktok.com/@risyadandson/video/7625604545632161032,https://www.tiktok.com/@risyadandson/video/7625604545632161032?commentId=7625793998992507655,scraping_tiktok,iryanto73,"harusnya pihak RS ngasih informasi kuota BPJS per hari udah dipakai berapa,sisa berapa,atau udah penuh jd kalau menolak pasien BPJS karena kuota habis jg enak dan pasien jg akan mudah mengerti selama ini taunya kan klu pakai BPJS ditolak klu bayar baru diterima"
7625611077196301063,2026-04-06T11:45:48.000Z,3,https://www.tiktok.com/@risyadandson/video/7625604545632161032,https://www.tiktok.com/@risyadandson/video/7625604545632161032?commentId=7625611077196301063,scraping_tiktok,wacanabudaya,"Ditaiwan bpjs di pukul rata kesemua rakyatnya, mau kaya mau miskin semua bayar perbulanya sama dan kalau berobatpun mau ke rumah sakit besar mau ke dokter pribadi atau klinik wajib pakai bpjs dan cuma suruh bayar 70rb rupiah"
7625831861226832658,2026-04-07T02:02:41.000Z,0,https://www.tiktok.com/@risyadandson/video/7625604545632161032,https://www.tiktok.com/@risyadandson/video/7625604545632161032?commentId=7625831861226832658,scraping_tiktok,nada37241,tapi kn bpjs bayar sama aja kita bayar huh...aneh
7625697027540206357,2026-04-06T17:19:19.000Z,2,https://www.tiktok.com/@risyadandson/video/7625604545632161032,https://www.tiktok.com/@risyadandson/video/7625604545632161032?commentId=7625697027540206357,scraping_tiktok,tiaranayada_,"Saya pernah kerja di satpam rs, dan setiap hari nemenin perawat, pasien bpjs sama umum diperlakukan sama, tpi kadang pasien bpjs itu sering komplain ke manajeman padal perawat sudah ngasi yang terbaik, dan biasanya pasien bpjs kalo ranap inap lebih 3 hari katanya rs nya mines, ga semua pasien bpjs komplain kok, tpi ada jga yang komplain terus perawatnya kena sp, padal perawat cuma menjalankan tugasnya perawat gapernah tuh beda” in cara dia merawat pasien bpjs sama pasien umum, makasih kalo aku salah bilang ya"
7625616240971678485,2026-04-06T12:05:53.000Z,3,https://www.tiktok.com/@risyadandson/video/7625604545632161032,https://www.tiktok.com/@risyadandson/video/7625604545632161032?commentId=7625616240971678485,scraping_tiktok,zaenularivienz,"gw th 2017 pernah operasi hernia pakai KIS jam 19.00 operasi, bsok siangnya langsung suruh pulang, padahal gw blum bisa jalan, abis bius masih sakit, gitu sihh. harusnya ya 2 hari atau 3 hari lah nginep, masa bsok nya lngsung pulang dri RS."
7626274589749314322,2026-04-08T06:45:04.000Z,1,https://www.tiktok.com/@risyadandson/video/7625604545632161032,https://www.tiktok.com/@risyadandson/video/7625604545632161032?commentId=7626274589749314322,scraping_tiktok,vanskholis,dan dr gia sempat bilang bahwa di bayar 30rb per pasien untuk pasien BPJS 😂
7625825597491725074,2026-04-07T01:38:22.000Z,1,https://www.tiktok.com/@risyadandson/video/7625604545632161032,https://www.tiktok.com/@risyadandson/video/7625604545632161032?commentId=7625825597491725074,scraping_tiktok,priyow961728,ini ni...dunia terbalik...harusnya yg atur RS nya...malahan BPJS yg jd pengaturnya😏😏😏
7528307330993160967,2025-07-18T06:37:30.000Z,0,https://www.tiktok.com/@memecatcorporate/video/7463024940799790341,https://www.tiktok.com/@memecatcorporate/video/7463024940799790341?commentId=7528307330993160967,scraping_tiktok,atthar.mauza951,😁
7528713225714615047,2025-07-19T08:52:32.000Z,0,https://www.tiktok.com/@memecatcorporate/video/7463024940799790341,https://www.tiktok.com/@memecatcorporate/video/7463024940799790341?commentId=7528713225714615047,scraping_tiktok,r1ndd._,😌
7625830116954112785,2026-04-07T01:55:50.000Z,0,https://www.tiktok.com/@risyadandson/video/7625604545632161032,https://www.tiktok.com/@risyadandson/video/7625604545632161032?commentId=7625830116954112785,scraping_tiktok,iamlucifer6661,jadi kalau komplain dll langsung ke bpjsnya
7625828590751335186,2026-04-07T01:49:52.000Z,0,https://www.tiktok.com/@risyadandson/video/7625604545632161032,https://www.tiktok.com/@risyadandson/video/7625604545632161032?commentId=7625828590751335186,scraping_tiktok,delfinchristine34,malah kmrn saya mau test darah kehamilan mau umum malah d suruh BPJS 😁😁😁
7625822846433919762,2026-04-07T01:27:31.000Z,0,https://www.tiktok.com/@risyadandson/video/7625604545632161032,https://www.tiktok.com/@risyadandson/video/7625604545632161032?commentId=7625822846433919762,scraping_tiktok,ratulebah261,"kalo penanganan medis yaa sama aja, cuma prosedur aja yg beda"
7625818808095081224,2026-04-07T01:11:55.000Z,0,https://www.tiktok.com/@risyadandson/video/7625604545632161032,https://www.tiktok.com/@risyadandson/video/7625604545632161032?commentId=7625818808095081224,scraping_tiktok,mprawiroraharjo,"pendaftaran lama
farmasi apa lagi
ampun dah"
7625811309653361429,2026-04-07T00:43:05.000Z,0,https://www.tiktok.com/@risyadandson/video/7625604545632161032,https://www.tiktok.com/@risyadandson/video/7625604545632161032?commentId=7625811309653361429,scraping_tiktok,kyr11413,mohon dengarkan ini wahai masyarakat indonesia.. jelas bgt ini penjelasan nya.. kalau ingin tau aturan bpjs itu apa saja mangga tanya langsung ke bpjs.. 😁
7625796829988750101,2026-04-06T23:46:48.000Z,0,https://www.tiktok.com/@risyadandson/video/7625604545632161032,https://www.tiktok.com/@risyadandson/video/7625604545632161032?commentId=7625796829988750101,scraping_tiktok,ahmad.fahim85,"meluruskan sedikit. kunjungan pasien JKN menyesuaikan jam peraktik dengan rata2 layanan. misalnya dokter praktik 60 menit dengan rata2 layanan per pasien 5 menit maka jumlah yg dilayani 12 orang. sedangkan aturan layanan sesuai dengan regulasi / peraturan yg ditetapkan pemerintah (permenkes, perpres atau regulasi lainnya) bukan BPJS. maturnuwun"
7625777789224289044,2026-04-06T22:32:54.000Z,0,https://www.tiktok.com/@risyadandson/video/7625604545632161032,https://www.tiktok.com/@risyadandson/video/7625604545632161032?commentId=7625777789224289044,scraping_tiktok,imoinkyou,bnar sekali. nananya HFIS BPJS sistem ny. jadwal dokter ada di sistem dan kuotanya
7625767371793335058,2026-04-06T21:52:18.000Z,0,https://www.tiktok.com/@risyadandson/video/7625604545632161032,https://www.tiktok.com/@risyadandson/video/7625604545632161032?commentId=7625767371793335058,scraping_tiktok,noviewidiatmoko,"mantap penuh informasi yang tidak di sampaikan oleh BPJS secara langsung, tapi pihak RS yang wajib menyqmpaikan"
7625762628455465748,2026-04-06T21:34:04.000Z,0,https://www.tiktok.com/@risyadandson/video/7625604545632161032,https://www.tiktok.com/@risyadandson/video/7625604545632161032?commentId=7625762628455465748,scraping_tiktok,arseiya,Suka jawabannya
7625741034925032199,2026-04-06T20:10:12.000Z,0,https://www.tiktok.com/@risyadandson/video/7625604545632161032,https://www.tiktok.com/@risyadandson/video/7625604545632161032?commentId=7625741034925032199,scraping_tiktok,zulyan0858,"setengah hati, rahasia umum ini"
7625708273384178453,2026-04-06T18:05:44.000Z,0,https://www.tiktok.com/@risyadandson/video/7625604545632161032,https://www.tiktok.com/@risyadandson/video/7625604545632161032?commentId=7625708273384178453,scraping_tiktok,saiful2576,sbenarnya RS itu tdk menerima pasien BPJS dan sbgiam RS ada yg menerima pasien BPJS
7625707691110023957,2026-04-06T18:00:45.000Z,0,https://www.tiktok.com/@risyadandson/video/7625604545632161032,https://www.tiktok.com/@risyadandson/video/7625604545632161032?commentId=7625707691110023957,scraping_tiktok,dila33541,aku punya BPJS
7625705993717203732,2026-04-06T17:54:15.000Z,0,https://www.tiktok.com/@risyadandson/video/7625604545632161032,https://www.tiktok.com/@risyadandson/video/7625604545632161032?commentId=7625705993717203732,scraping_tiktok,.popicetaroooooo,"tinggal gini aja seharusnya di setiap rs wajib ada pegawai bpjs yang ada jadi itu tugas mereka yg menjelaskan peraturan yg mereka buat sendiri, karena kalo ada pasien komplain selalu yang disalahin nakesnya padahal itukan peraturan yang dibuat pihak bpjs itu sendiri"
7625698001986781953,2026-04-06T17:23:16.000Z,0,https://www.tiktok.com/@risyadandson/video/7625604545632161032,https://www.tiktok.com/@risyadandson/video/7625604545632161032?commentId=7625698001986781953,scraping_tiktok,mhisyamp13,Lah padahal perbulan bayar 100k untuk kelas 2.
7625697335616160520,2026-04-06T17:20:30.000Z,0,https://www.tiktok.com/@risyadandson/video/7625604545632161032,https://www.tiktok.com/@risyadandson/video/7625604545632161032?commentId=7625697335616160520,scraping_tiktok,alfrindaalfia,beda bgt.. waktu make bpjs dipake di rs swasta ..nunggunya lama
7626192241731978005,2026-04-08T01:21:07.000Z,1,https://www.tiktok.com/@risyadandson/video/7625604545632161032,https://www.tiktok.com/@risyadandson/video/7625604545632161032?commentId=7626192241731978005,scraping_tiktok,jofishpredator,"intinya rumah sakit hanya menjalankan aturan yang di buat BPJS, kalau komplain masalah BPJS jangan ke Rumah Sakit, langsung ke kantor BPJSnya komplainnya"
7625949511919731474,2026-04-07T09:39:03.000Z,1,https://www.tiktok.com/@risyadandson/video/7625604545632161032,https://www.tiktok.com/@risyadandson/video/7625604545632161032?commentId=7625949511919731474,scraping_tiktok,tama_boy93,"sory to say, kenapa yg sebut dari td, cuma perawat-perawat dan perawat, yang kerja di RS kan banyak, gak cuma perawat. betul yang ayah bilang td , gak semua orang baik. pasti ada aja yang gak baik. Please lah, jangan menganggap remeh profesi perawat, seolah - olah cuma perawat yang judes. Ingat di Pelayanan RS gak cuma perawat yang berkerja."
7625752791290249992,2026-04-06T20:55:46.000Z,1,https://www.tiktok.com/@risyadandson/video/7625604545632161032,https://www.tiktok.com/@risyadandson/video/7625604545632161032?commentId=7625752791290249992,scraping_tiktok,berusaha.tenang.2,"BPJS tu sebenernya banyak banget aturan, cuma dia ga pernah publikasikan aturan tersebut ke masyarakat secara gamblang. Salah satunya soal readmisi dan Fragmentasi. ga bisa rawat inap kalo 30 hari sebelumnya ranap di RS tersebut dengan diagnosis sama, dan ga bisa rawat jalan di RS yang sama kurang dari 8 hari dengan diagnosis sama. tahu2 RS ga bisa menerima, di viralkan, BPJS lalu datang seolah2 jadi pahlawan dan mengharuskan pasien tersebut dirawat. padahal ya dia sendiri yang jadi bikin aturan"
7643440464868180754,2026-05-24T12:52:53.000Z,0,https://www.tiktok.com/@risyadandson/video/7625604545632161032,https://www.tiktok.com/@risyadandson/video/7625604545632161032?commentId=7643440464868180754,scraping_tiktok,reednohandayanie,seharusnya taruhlah pak 1 petugas BPJS di RS....
7530122191821325074,2025-07-23T04:00:10.000Z,0,https://www.tiktok.com/@memecatcorporate/video/7463024940799790341,https://www.tiktok.com/@memecatcorporate/video/7463024940799790341?commentId=7530122191821325074,scraping_tiktok,rhieta2909,🙏
7626582805183070992,2026-04-09T02:36:47.000Z,0,https://www.tiktok.com/@risyadandson/video/7625604545632161032,https://www.tiktok.com/@risyadandson/video/7625604545632161032?commentId=7626582805183070992,scraping_tiktok,2112_stars,baca2in komen capek banget. ternyata se-gatau itu orang2 sama peraturan dan sistem bpjs ini. pantesan capek bener ngejelasinnya
7626858081703625480,2026-04-09T20:24:48.000Z,0,https://www.tiktok.com/@risyadandson/video/7625604545632161032,https://www.tiktok.com/@risyadandson/video/7625604545632161032?commentId=7626858081703625480,scraping_tiktok,stanleymaringka,Jawabannya simple. Karena rumah sakit juga cari uang om.
7626915134862426888,2026-04-10T00:06:20.000Z,0,https://www.tiktok.com/@risyadandson/video/7625604545632161032,https://www.tiktok.com/@risyadandson/video/7625604545632161032?commentId=7626915134862426888,scraping_tiktok,budi.janiem,yg enak y bayar sendiri
7627034687576769301,2026-04-10T07:50:15.000Z,0,https://www.tiktok.com/@risyadandson/video/7625604545632161032,https://www.tiktok.com/@risyadandson/video/7625604545632161032?commentId=7627034687576769301,scraping_tiktok,iisajh85,Betul
7627067217963729682,2026-04-10T09:56:17.000Z,0,https://www.tiktok.com/@risyadandson/video/7625604545632161032,https://www.tiktok.com/@risyadandson/video/7625604545632161032?commentId=7627067217963729682,scraping_tiktok,masnya_siapa.yaa,yg punya rs ummi guys
7627095501875806977,2026-04-10T11:46:12.000Z,0,https://www.tiktok.com/@risyadandson/video/7625604545632161032,https://www.tiktok.com/@risyadandson/video/7625604545632161032?commentId=7627095501875806977,scraping_tiktok,aquariusgirlyoongi,"gw sngaja gk byr BPJS 8 thn gr2 stiap pk BPJS ke dktr, dktr nya kyk gak niat kerja,, pnjng crta nya, akhr nya sy lbh plih cash, toh gk kpkai jg bpjs gw."
7640632205944914706,2026-05-16T23:15:36.000Z,0,https://www.tiktok.com/@risyadandson/video/7625604545632161032,https://www.tiktok.com/@risyadandson/video/7625604545632161032?commentId=7640632205944914706,scraping_tiktok,nadamorisca,Iyah pernah pake umum pelayananya mantep tapi kalo pake bpjs sustesnya waw jutek dan marah marah 🤣 mana lagi hamil ga di tensi 😭
7626168882956960533,2026-04-07T23:50:39.000Z,0,https://www.tiktok.com/@risyadandson/video/7625604545632161032,https://www.tiktok.com/@risyadandson/video/7625604545632161032?commentId=7626168882956960533,scraping_tiktok,malandang_collection,non BPJS enak selalu jadi prioritas 😁
7627102527309267732,2026-04-10T12:14:59.000Z,0,https://www.tiktok.com/@risyadandson/video/7625604545632161032,https://www.tiktok.com/@risyadandson/video/7625604545632161032?commentId=7627102527309267732,scraping_tiktok,taufiksaveme,negara ga dikorup trus ga mampu nanggung masyarakat .. tergantung ...
7627102575536079636,2026-04-10T12:15:29.000Z,0,https://www.tiktok.com/@risyadandson/video/7625604545632161032,https://www.tiktok.com/@risyadandson/video/7625604545632161032?commentId=7627102575536079636,scraping_tiktok,taufiksaveme,moral pejabatt ga bereass
7627112889190466321,2026-04-10T12:53:29.000Z,0,https://www.tiktok.com/@risyadandson/video/7625604545632161032,https://www.tiktok.com/@risyadandson/video/7625604545632161032?commentId=7627112889190466321,scraping_tiktok,boy087256,"ada duit ada barang ,pribahasa ya gituh ,bpjs bayar murah ,klo kes bayar besar ,itu bedaya"
7627135749351113480,2026-04-10T14:22:12.000Z,0,https://www.tiktok.com/@risyadandson/video/7625604545632161032,https://www.tiktok.com/@risyadandson/video/7625604545632161032?commentId=7627135749351113480,scraping_tiktok,123456__22,ya gk bener klau pelayanan beda...
7627274772612088594,2026-04-10T23:22:03.000Z,0,https://www.tiktok.com/@risyadandson/video/7625604545632161032,https://www.tiktok.com/@risyadandson/video/7625604545632161032?commentId=7627274772612088594,scraping_tiktok,jhoyaa,"setidaknya BPJS lebih berguna daripada yang ono, sangat mengena di masyarakat kecil"
7627286721445413653,2026-04-11T00:08:28.000Z,0,https://www.tiktok.com/@risyadandson/video/7625604545632161032,https://www.tiktok.com/@risyadandson/video/7625604545632161032?commentId=7627286721445413653,scraping_tiktok,alex.sandro23460,"MEMANG NY RUMAH SAKIT DAN DOKTER BISA MELAYANI 300 ORANG/ PER PASIEN/ PER DOKTER DG KUALITAS YANG BAIK? KAMI LELAH JUGA MENUNGGU ANTREAN,,EHHH,TIBA DI POLI, DIJUTEKIN,
BPJS SUDAH MENJADI KEBUTUHAN BAGI MASYARAKAT,"
7627461776050029330,2026-04-11T11:27:30.000Z,0,https://www.tiktok.com/@risyadandson/video/7625604545632161032,https://www.tiktok.com/@risyadandson/video/7625604545632161032?commentId=7627461776050029330,scraping_tiktok,hermaan95,(hayalan) seharusnya di pisahkan swasta berbayar dan non swasta gratis semua harus di tanggung negara (kecuali penyakit tertentu) dari obat dan gaji dokter harus di tanggung negara
7627572042469081864,2026-04-11T18:35:24.000Z,0,https://www.tiktok.com/@risyadandson/video/7625604545632161032,https://www.tiktok.com/@risyadandson/video/7625604545632161032?commentId=7627572042469081864,scraping_tiktok,fruit6317,"BPJS KESEHATAN itukan gotong royong bukan subsidi, dipotong perbulan, jadi orang sehat diseluruh Indonesia lebih banyak tentunya daripada orang sakit."
7637741181736092437,2026-05-09T04:16:49.000Z,0,https://www.tiktok.com/@risyadandson/video/7625604545632161032,https://www.tiktok.com/@risyadandson/video/7625604545632161032?commentId=7637741181736092437,scraping_tiktok,lnayah77,"TPI knp kita mau' bayar umum tpi di suruh pake BPJS, katanya orng kaya aja pake BPJS apa lgi kita orang miskin, 3 x operasi x 3x pake BPJS CLAS 3"
7627782836216972050,2026-04-12T08:13:19.000Z,0,https://www.tiktok.com/@risyadandson/video/7625604545632161032,https://www.tiktok.com/@risyadandson/video/7625604545632161032?commentId=7627782836216972050,scraping_tiktok,ktyulibali7,"bpjs mandiri, juga diperlakukan anak tiri, padahal kita bayar tiap bulan( sakit maupun tidak🤭)"
7628413740350571272,2026-04-14T01:01:42.000Z,0,https://www.tiktok.com/@risyadandson/video/7625604545632161032,https://www.tiktok.com/@risyadandson/video/7625604545632161032?commentId=7628413740350571272,scraping_tiktok,suci.rahayu3855,ikut bbjsnggak di tangani cepet....begitu nanya kalau nggak pakai bbjs bayar berapa?4.5 jt...begitu udah di bsyar langsung ditangani dengan cepat...langsung di kiret...padahal...kalau ngomong langsung udh di bayar darpagi...gak nunggu sore..sdh mules nya minta ampun
7640798008473355025,2026-05-17T09:58:50.000Z,0,https://www.tiktok.com/@risyadandson/video/7625604545632161032,https://www.tiktok.com/@risyadandson/video/7625604545632161032?commentId=7640798008473355025,scraping_tiktok,aliacyndi,memang nyebelinAQ juga BPJS yg bayar bukn yg gratis dicuekin
7642210295183999764,2026-05-21T05:19:21.000Z,0,https://www.tiktok.com/@risyadandson/video/7625604545632161032,https://www.tiktok.com/@risyadandson/video/7625604545632161032?commentId=7642210295183999764,scraping_tiktok,owen16036,"jaban yang sangat baik pak
apalagi RS suasta harus betul betul mengikuti peraturan BPJS
di langar dikit bisa bisa kerja sama antara BPJS dan rumah sakit di cabut
dan setiap pasien BPJS data datnya harus lengkap tidak lengkap data BPJS tidak mau claim"
7626161069220512532,2026-04-07T23:20:22.000Z,0,https://www.tiktok.com/@risyadandson/video/7625604545632161032,https://www.tiktok.com/@risyadandson/video/7625604545632161032?commentId=7626161069220512532,scraping_tiktok,ade_windasari,"Seharus nya petugas bpjs harus ada disetiap faskes ga sih, biar mereka yg menjelaskan peraturan mereka, jadi ga nakes nya terus yg diserang, kadang kami pun binggung juga menjelaskan ke pasien ttg peraturan bpjs 🥺"
7630426511258239751,2026-04-19T11:12:03.000Z,0,https://www.tiktok.com/@risyadandson/video/7625604545632161032,https://www.tiktok.com/@risyadandson/video/7625604545632161032?commentId=7630426511258239751,scraping_tiktok,starryskyworld8,Kalo berbayar apapun penyakitnya didahulukan. Kalo BPJS sampe sekarat pun kalo BPJSnya nunggak ga bakal dilayanin.
7630736983581328136,2026-04-20T07:16:51.000Z,0,https://www.tiktok.com/@risyadandson/video/7625604545632161032,https://www.tiktok.com/@risyadandson/video/7625604545632161032?commentId=7630736983581328136,scraping_tiktok,humairah7684,"sdh tau mumet pkai BPJS knp masih di bayar dan pakai itu, umum laa kok rpot🤔komplen ja tau nya🤔 dr dl gk kelar"" bhas ini,klau msh pkai BPJS berart🤔"
7630979613603103505,2026-04-20T22:58:55.000Z,0,https://www.tiktok.com/@risyadandson/video/7625604545632161032,https://www.tiktok.com/@risyadandson/video/7625604545632161032?commentId=7630979613603103505,scraping_tiktok,encung200,betuul slalu di bedakan
7631365134498513665,2026-04-21T23:54:49.000Z,0,https://www.tiktok.com/@risyadandson/video/7625604545632161032,https://www.tiktok.com/@risyadandson/video/7625604545632161032?commentId=7631365134498513665,scraping_tiktok,petualangansejati5,intinya bayar murah pingin.bagus
7533079175034389255,2025-07-31T03:14:41.000Z,0,https://www.tiktok.com/@memecatcorporate/video/7463024940799790341,https://www.tiktok.com/@memecatcorporate/video/7463024940799790341?commentId=7533079175034389255,scraping_tiktok,nurrulhidayanti,😂
7532910181513528081,2025-07-30T16:18:52.000Z,0,https://www.tiktok.com/@memecatcorporate/video/7463024940799790341,https://www.tiktok.com/@memecatcorporate/video/7463024940799790341?commentId=7532910181513528081,scraping_tiktok,allanrevino,😭😭
7532758013004137224,2025-07-30T06:28:24.000Z,0,https://www.tiktok.com/@memecatcorporate/video/7463024940799790341,https://www.tiktok.com/@memecatcorporate/video/7463024940799790341?commentId=7532758013004137224,scraping_tiktok,innaismiyati,😭😭😭
7532607013802246913,2025-07-29T20:42:34.000Z,0,https://www.tiktok.com/@memecatcorporate/video/7463024940799790341,https://www.tiktok.com/@memecatcorporate/video/7463024940799790341?commentId=7532607013802246913,scraping_tiktok,mdianaa.mmndl,😂😂😂
7532401610653500167,2025-07-29T07:25:26.000Z,0,https://www.tiktok.com/@memecatcorporate/video/7463024940799790341,https://www.tiktok.com/@memecatcorporate/video/7463024940799790341?commentId=7532401610653500167,scraping_tiktok,apriliasel,😁
7532025262021231368,2025-07-28T07:04:56.000Z,0,https://www.tiktok.com/@memecatcorporate/video/7463024940799790341,https://www.tiktok.com/@memecatcorporate/video/7463024940799790341?commentId=7532025262021231368,scraping_tiktok,apriyanty22,😂
7531755335213728520,2025-07-27T13:37:34.000Z,0,https://www.tiktok.com/@memecatcorporate/video/7463024940799790341,https://www.tiktok.com/@memecatcorporate/video/7463024940799790341?commentId=7531755335213728520,scraping_tiktok,aisyah_selviaty,🤣
7531698294964896519,2025-07-27T09:56:09.000Z,0,https://www.tiktok.com/@memecatcorporate/video/7463024940799790341,https://www.tiktok.com/@memecatcorporate/video/7463024940799790341?commentId=7531698294964896519,scraping_tiktok,evi.sulistyowati8,🤣🤣🤣🤣
7531179178264298248,2025-07-26T00:21:54.000Z,0,https://www.tiktok.com/@memecatcorporate/video/7463024940799790341,https://www.tiktok.com/@memecatcorporate/video/7463024940799790341?commentId=7531179178264298248,scraping_tiktok,rasna.yulia,😂
7530828926147396360,2025-07-25T01:42:33.000Z,0,https://www.tiktok.com/@memecatcorporate/video/7463024940799790341,https://www.tiktok.com/@memecatcorporate/video/7463024940799790341?commentId=7530828926147396360,scraping_tiktok,rochfitria,😁
7530817679994077959,2025-07-25T00:59:00.000Z,0,https://www.tiktok.com/@memecatcorporate/video/7463024940799790341,https://www.tiktok.com/@memecatcorporate/video/7463024940799790341?commentId=7530817679994077959,scraping_tiktok,yantichaniago_,😂
7530784755408454408,2025-07-24T22:51:20.000Z,0,https://www.tiktok.com/@memecatcorporate/video/7463024940799790341,https://www.tiktok.com/@memecatcorporate/video/7463024940799790341?commentId=7530784755408454408,scraping_tiktok,setya_351,😊
7530030270243963665,2025-07-22T22:03:47.000Z,0,https://www.tiktok.com/@memecatcorporate/video/7463024940799790341,https://www.tiktok.com/@memecatcorporate/video/7463024940799790341?commentId=7530030270243963665,scraping_tiktok,rn100518,😳
7529932821423932167,2025-07-22T15:45:10.000Z,0,https://www.tiktok.com/@memecatcorporate/video/7463024940799790341,https://www.tiktok.com/@memecatcorporate/video/7463024940799790341?commentId=7529932821423932167,scraping_tiktok,herlinadewi875,😂😂😂
7529880879436448520,2025-07-22T12:23:39.000Z,0,https://www.tiktok.com/@memecatcorporate/video/7463024940799790341,https://www.tiktok.com/@memecatcorporate/video/7463024940799790341?commentId=7529880879436448520,scraping_tiktok,4444ratu,😅
7529764529388552968,2025-07-22T04:52:10.000Z,0,https://www.tiktok.com/@memecatcorporate/video/7463024940799790341,https://www.tiktok.com/@memecatcorporate/video/7463024940799790341?commentId=7529764529388552968,scraping_tiktok,bagus032018,😁
7529396968688435975,2025-07-21T05:05:52.000Z,0,https://www.tiktok.com/@memecatcorporate/video/7463024940799790341,https://www.tiktok.com/@memecatcorporate/video/7463024940799790341?commentId=7529396968688435975,scraping_tiktok,aliyah_rahmaa,🥰
7529124227632775952,2025-07-20T11:27:36.000Z,0,https://www.tiktok.com/@memecatcorporate/video/7463024940799790341,https://www.tiktok.com/@memecatcorporate/video/7463024940799790341?commentId=7529124227632775952,scraping_tiktok,aditya.raisa.rama,🥰
7528263803717878536,2025-07-18T03:48:34.000Z,0,https://www.tiktok.com/@memecatcorporate/video/7463024940799790341,https://www.tiktok.com/@memecatcorporate/video/7463024940799790341?commentId=7528263803717878536,scraping_tiktok,kadingsam,🤣🤣🤣
7528067613361537808,2025-07-17T15:07:16.000Z,0,https://www.tiktok.com/@memecatcorporate/video/7463024940799790341,https://www.tiktok.com/@memecatcorporate/video/7463024940799790341?commentId=7528067613361537808,scraping_tiktok,_melur_s,🙂
7527689245349282576,2025-07-16T14:39:06.000Z,0,https://www.tiktok.com/@memecatcorporate/video/7463024940799790341,https://www.tiktok.com/@memecatcorporate/video/7463024940799790341?commentId=7527689245349282576,scraping_tiktok,putry_dwi90,😭
7527681648088318740,2025-07-16T14:09:33.000Z,0,https://www.tiktok.com/@memecatcorporate/video/7463024940799790341,https://www.tiktok.com/@memecatcorporate/video/7463024940799790341?commentId=7527681648088318740,scraping_tiktok,user4008543145426,🥰
7525257981228778247,2025-07-10T01:24:32.000Z,0,https://www.tiktok.com/@memecatcorporate/video/7463024940799790341,https://www.tiktok.com/@memecatcorporate/video/7463024940799790341?commentId=7525257981228778247,scraping_tiktok,yetitriapriyanti,🤪
7527549450215572242,2025-07-16T05:36:31.000Z,0,https://www.tiktok.com/@memecatcorporate/video/7463024940799790341,https://www.tiktok.com/@memecatcorporate/video/7463024940799790341?commentId=7527549450215572242,scraping_tiktok,jamludin910_,🤣🤣
7527477221888377608,2025-07-16T00:56:13.000Z,0,https://www.tiktok.com/@memecatcorporate/video/7463024940799790341,https://www.tiktok.com/@memecatcorporate/video/7463024940799790341?commentId=7527477221888377608,scraping_tiktok,etty034,🤣🤣🤣
7625652856171479829,2026-04-06T14:27:52.000Z,1,https://www.tiktok.com/@risyadandson/video/7625604545632161032,https://www.tiktok.com/@risyadandson/video/7625604545632161032?commentId=7625652856171479829,scraping_tiktok,papiboim76,"pemerintah yg bayar, tp uang nya dari peserta jg yg bayar tiap bln."
7625636986515669767,2026-04-06T13:26:18.000Z,1,https://www.tiktok.com/@risyadandson/video/7625604545632161032,https://www.tiktok.com/@risyadandson/video/7625604545632161032?commentId=7625636986515669767,scraping_tiktok,riyanazura021,"negara akan hancur bila 2 hal ini hancur. 1 kesehatan, 2 pendidikan,"
7641990528410272530,2026-05-20T15:06:23.000Z,0,https://www.tiktok.com/@risyadandson/video/7625604545632161032,https://www.tiktok.com/@risyadandson/video/7625604545632161032?commentId=7641990528410272530,scraping_tiktok,ciekek1,gw mau ke bedah mulut gigi bungsu pake bpjs buset 2 bulan penanganannya lama dan kuotanya di batasi😭
7641628792544428820,2026-05-19T15:42:40.000Z,0,https://www.tiktok.com/@risyadandson/video/7625604545632161032,https://www.tiktok.com/@risyadandson/video/7625604545632161032?commentId=7641628792544428820,scraping_tiktok,dinnaardy,"Aku bayar BPJS tiap bulan dalam 1 tahun belom tentu aku berobat,tapiiii sekali’y berobat di bikin Susah 🙄 trussss manfaat’y apa ? Gimana yg Gratisan 😏"
7641451125363475221,2026-05-19T04:13:24.000Z,0,https://www.tiktok.com/@risyadandson/video/7625604545632161032,https://www.tiktok.com/@risyadandson/video/7625604545632161032?commentId=7641451125363475221,scraping_tiktok,ksysbzkskjz,"SEDIKIT CERITA...ADA YG PERNAH NGALAMIN SAMA GA, KETIKA SESEORANG SAKIT DENGAN KONDISI NORMAL2 SAJA, SETELAH MASUK RS SESEORANG YG SAKIT ITU LANGSUNG NGEDROP, DAN DI DIAGNOSA KOMPLIKASI DAN DI PASANGLAH SELANG2 KE TUBUH SELANG 1 HARI WAFAT... AWALNYA DPT CERITA INI DARI TEMEN,LALU DI ALAMI SENDIRI DGN SAYA..HANYA KEBETULAN ATAU SUDAH TAKDIR... ALLAHUALAM."
7641330297568723720,2026-05-18T20:24:29.000Z,0,https://www.tiktok.com/@risyadandson/video/7625604545632161032,https://www.tiktok.com/@risyadandson/video/7625604545632161032?commentId=7641330297568723720,scraping_tiktok,akmalpang53,"bpjs itu dewa,,jangan dilawan"
7641194841691308820,2026-05-18T11:38:48.000Z,0,https://www.tiktok.com/@risyadandson/video/7625604545632161032,https://www.tiktok.com/@risyadandson/video/7625604545632161032?commentId=7641194841691308820,scraping_tiktok,dayunomad,"Kalau punya uang, lebih baik pake umum"
7641076575241519890,2026-05-18T03:59:58.000Z,0,https://www.tiktok.com/@risyadandson/video/7625604545632161032,https://www.tiktok.com/@risyadandson/video/7625604545632161032?commentId=7641076575241519890,scraping_tiktok,winiee7777,"bpjs jg bayar lohh tp jelas perbedaan nyaaaa bangettttt,,,"
7640474477307151124,2026-05-16T13:03:27.000Z,0,https://www.tiktok.com/@risyadandson/video/7625604545632161032,https://www.tiktok.com/@risyadandson/video/7625604545632161032?commentId=7640474477307151124,scraping_tiktok,mendez__rewel,"sangat beda perlakuan pihak medis di indo dan di Taiwan ,di Taiwan kalo udah darurat g peduli dia ada BPJS atau tidak nyawa itu Utawa masalh biaya nanti setelah nyawa terselamatkan baru di bahas"
7640442760894890753,2026-05-16T11:00:22.000Z,0,https://www.tiktok.com/@risyadandson/video/7625604545632161032,https://www.tiktok.com/@risyadandson/video/7625604545632161032?commentId=7640442760894890753,scraping_tiktok,2178751454,BPJS bayar tiap bulan lo
7640300934920340242,2026-05-16T01:49:58.000Z,0,https://www.tiktok.com/@risyadandson/video/7625604545632161032,https://www.tiktok.com/@risyadandson/video/7625604545632161032?commentId=7640300934920340242,scraping_tiktok,backpackersukasuk,sbnrnya pemerintah bs mengatur ini..bpjs dan non bpjs hrsnya sama..cm pemerintah seolah diam sj..tdk melihat kondiai dilapangan perlakuan sangat beda..ahh entahlah konoha in
7640174887520781064,2026-05-15T17:40:46.000Z,0,https://www.tiktok.com/@risyadandson/video/7625604545632161032,https://www.tiktok.com/@risyadandson/video/7625604545632161032?commentId=7640174887520781064,scraping_tiktok,organicfarming08,"SOSIALYA GA JUGA PAK
YG BPJS MANDIRI KAN BAYAR"
7639708495134196488,2026-05-14T11:30:53.000Z,0,https://www.tiktok.com/@risyadandson/video/7625604545632161032,https://www.tiktok.com/@risyadandson/video/7625604545632161032?commentId=7639708495134196488,scraping_tiktok,tello.komtek,kalo ada yg susah kenapa garus dipermudah 😂 pdahl data pasien sudah ada sbnernya dibkin sama pun bisa..tpi satu lagi ini soal cuan..jdi yah pda mau dibuat ribet ..satu sisi kali ga ribet ga mau ngeluarin duit satu sisi kalo ga gini ga dapet uangnya 😂
7639696942801634056,2026-05-14T10:46:10.000Z,0,https://www.tiktok.com/@risyadandson/video/7625604545632161032,https://www.tiktok.com/@risyadandson/video/7625604545632161032?commentId=7639696942801634056,scraping_tiktok,adnfandy,"perlakuan pasien BPJS, ASURANSI NON BPJS dan PRIBADI tuh beda"" sumpah"
7639436601995264789,2026-05-13T17:55:57.000Z,0,https://www.tiktok.com/@risyadandson/video/7625604545632161032,https://www.tiktok.com/@risyadandson/video/7625604545632161032?commentId=7639436601995264789,scraping_tiktok,biy2man,Ak bpjs kelas 1 lagi..kan bayar juga…
7639311043730572050,2026-05-13T09:48:38.000Z,0,https://www.tiktok.com/@risyadandson/video/7625604545632161032,https://www.tiktok.com/@risyadandson/video/7625604545632161032?commentId=7639311043730572050,scraping_tiktok,anitaoktaviani06,Gara2 adik ku pake bpjs . Masih koma pun di suruh pulang dan akibatnya adik ku meninggal
7638933399080305416,2026-05-12T09:23:09.000Z,0,https://www.tiktok.com/@risyadandson/video/7625604545632161032,https://www.tiktok.com/@risyadandson/video/7625604545632161032?commentId=7638933399080305416,scraping_tiktok,nikiadeva0,"bedanya sangat tipis kak.
BAYAR dan GRATIS.itu aja"
7638490816566559509,2026-05-11T04:45:55.000Z,0,https://www.tiktok.com/@risyadandson/video/7625604545632161032,https://www.tiktok.com/@risyadandson/video/7625604545632161032?commentId=7638490816566559509,scraping_tiktok,putrasumatra127,"kembali lagi sama sifat manusia masing"""
7638462083957392146,2026-05-11T02:54:26.000Z,0,https://www.tiktok.com/@risyadandson/video/7625604545632161032,https://www.tiktok.com/@risyadandson/video/7625604545632161032?commentId=7638462083957392146,scraping_tiktok,ellyyuliani61,"alhamdulillah pelayan bpjs di rs tempat sata berobat bagus pelayanannya
cuma yg bikin kecewa pelayanan di faskesnya dokter mls g di periksa nanya jg sepatah kata udah walau tdk semua dokter"
7638283931377337108,2026-05-10T15:22:59.000Z,0,https://www.tiktok.com/@risyadandson/video/7625604545632161032,https://www.tiktok.com/@risyadandson/video/7625604545632161032?commentId=7638283931377337108,scraping_tiktok,andikatama366,gara2 pake bpjs sakit kencing panas dr klinik pe rujuk rs Dr penyakit dalam.. gk d usg.. pengalamanku
7638062745396560656,2026-05-10T01:04:37.000Z,0,https://www.tiktok.com/@risyadandson/video/7625604545632161032,https://www.tiktok.com/@risyadandson/video/7625604545632161032?commentId=7638062745396560656,scraping_tiktok,user8416351122790,direktur BPJS gaji besar rakyat miskin sakit di buat susah berobat. pasien BPJS periksa pertama di dokter nanti periksa kedua tunggu 8 hari baru diyakini lg. tunggu pasien mau mati baru dicek lagi
7637880296536621831,2026-05-09T13:19:12.000Z,0,https://www.tiktok.com/@risyadandson/video/7625604545632161032,https://www.tiktok.com/@risyadandson/video/7625604545632161032?commentId=7637880296536621831,scraping_tiktok,user2956345371152,klu BPJS membuat aturan seperti itu apakah boleh rakyat jg membuat aturan bayar iuran separuh aja bro 😅😅😅
7637813050703348501,2026-05-09T08:57:27.000Z,0,https://www.tiktok.com/@risyadandson/video/7625604545632161032,https://www.tiktok.com/@risyadandson/video/7625604545632161032?commentId=7637813050703348501,scraping_tiktok,mariyanakasimm,sy perna dj tolak menta2
7637068295715685128,2026-05-07T08:45:38.000Z,0,https://www.tiktok.com/@risyadandson/video/7625604545632161032,https://www.tiktok.com/@risyadandson/video/7625604545632161032?commentId=7637068295715685128,scraping_tiktok,hennyelisaden,"ya,, klw. pasien BPJS,, dr perawat,, biasa aja,, klw bayarrr,, dr&perawat nya,, senyummm. manis😭"
7637025817633424135,2026-05-07T06:06:08.000Z,0,https://www.tiktok.com/@risyadandson/video/7625604545632161032,https://www.tiktok.com/@risyadandson/video/7625604545632161032?commentId=7637025817633424135,scraping_tiktok,user41342788037144,jurus ampuh pihak rumah sakit dan dokter² yg tidak mementingkan orang kecil untuk mengkambing hitamkan BPJS
7636942439689208584,2026-05-07T00:43:21.000Z,0,https://www.tiktok.com/@risyadandson/video/7625604545632161032,https://www.tiktok.com/@risyadandson/video/7625604545632161032?commentId=7636942439689208584,scraping_tiktok,ilmazakiya58,bpjs loo yo mbayar
7636604548211933969,2026-05-06T02:46:10.000Z,0,https://www.tiktok.com/@risyadandson/video/7625604545632161032,https://www.tiktok.com/@risyadandson/video/7625604545632161032?commentId=7636604548211933969,scraping_tiktok,mnashrullahnasrun,yg gratis yg bayar kena imbasnya
7636417994394075920,2026-05-05T14:42:18.000Z,0,https://www.tiktok.com/@risyadandson/video/7625604545632161032,https://www.tiktok.com/@risyadandson/video/7625604545632161032?commentId=7636417994394075920,scraping_tiktok,jun.jack123,tergantung orangnya klo judes .emng ad yg judes bngt
7636393764797842177,2026-05-05T13:08:05.000Z,0,https://www.tiktok.com/@risyadandson/video/7625604545632161032,https://www.tiktok.com/@risyadandson/video/7625604545632161032?commentId=7636393764797842177,scraping_tiktok,lism505,kenapa BPJS skrg obat nya dikurangi terutama utk pasien othopedi n obat2 banyak yg dikurangi jumlahnya
7636392805337809680,2026-05-05T13:04:20.000Z,0,https://www.tiktok.com/@risyadandson/video/7625604545632161032,https://www.tiktok.com/@risyadandson/video/7625604545632161032?commentId=7636392805337809680,scraping_tiktok,yayokkuncahyo,"masyarakat diwajibkan
ya jangan dibedakan"
7636388293702009608,2026-05-05T12:46:49.000Z,0,https://www.tiktok.com/@risyadandson/video/7625604545632161032,https://www.tiktok.com/@risyadandson/video/7625604545632161032?commentId=7636388293702009608,scraping_tiktok,nandarbde,bkn negara tpi uang iuran kita
7636366556311569173,2026-05-05T11:22:38.000Z,0,https://www.tiktok.com/@risyadandson/video/7625604545632161032,https://www.tiktok.com/@risyadandson/video/7625604545632161032?commentId=7636366556311569173,scraping_tiktok,kiuban06,oooh bpjdnya yang gak bner
7636308165361795861,2026-05-05T07:40:16.000Z,0,https://www.tiktok.com/@risyadandson/video/7625604545632161032,https://www.tiktok.com/@risyadandson/video/7625604545632161032?commentId=7636308165361795861,scraping_tiktok,velociraptor830,gua kalau bilang pakai bpjs stafnya langsung judes
7636301123545219847,2026-05-05T07:08:39.000Z,0,https://www.tiktok.com/@risyadandson/video/7625604545632161032,https://www.tiktok.com/@risyadandson/video/7625604545632161032?commentId=7636301123545219847,scraping_tiktok,marthasumiati,emang ketus klo nglayani BPJS atau ASKES
7636300937522594568,2026-05-05T07:07:51.000Z,0,https://www.tiktok.com/@risyadandson/video/7625604545632161032,https://www.tiktok.com/@risyadandson/video/7625604545632161032?commentId=7636300937522594568,scraping_tiktok,marthasumiati,itu sama saja menyiksa orang sakit
7636273079564043024,2026-05-05T05:20:17.000Z,0,https://www.tiktok.com/@risyadandson/video/7625604545632161032,https://www.tiktok.com/@risyadandson/video/7625604545632161032?commentId=7636273079564043024,scraping_tiktok,nikentriwidya19,sy BPJS...sy pernah secara mendadak ke dokter jantung tapi ternyata katanya sudah penuh..tapi ketika saya mau bayar sebagai pasien umum katanya bisa...🤣🤣🤣
7636202041481118481,2026-05-05T00:44:54.000Z,0,https://www.tiktok.com/@risyadandson/video/7625604545632161032,https://www.tiktok.com/@risyadandson/video/7625604545632161032?commentId=7636202041481118481,scraping_tiktok,melati_permanasari,betul
7636014703152825106,2026-05-04T12:37:10.000Z,0,https://www.tiktok.com/@risyadandson/video/7625604545632161032,https://www.tiktok.com/@risyadandson/video/7625604545632161032?commentId=7636014703152825106,scraping_tiktok,sri.yanti3640,tapi namanya orang sakit kan g bisa ribatasi
7635867235886138120,2026-05-04T03:04:56.000Z,0,https://www.tiktok.com/@risyadandson/video/7625604545632161032,https://www.tiktok.com/@risyadandson/video/7625604545632161032?commentId=7635867235886138120,scraping_tiktok,via21342,obat nya juga beda🤣
7635856253683778320,2026-05-04T02:22:18.000Z,0,https://www.tiktok.com/@risyadandson/video/7625604545632161032,https://www.tiktok.com/@risyadandson/video/7625604545632161032?commentId=7635856253683778320,scraping_tiktok,axl9856,jelas sangat berbeda pelayanan berobat pakai BPJS dan umum ibarat langit dan bumil meskipun tiap bulan bayar BPJS 😳
7635837878769550101,2026-05-04T01:11:11.000Z,0,https://www.tiktok.com/@risyadandson/video/7625604545632161032,https://www.tiktok.com/@risyadandson/video/7625604545632161032?commentId=7635837878769550101,scraping_tiktok,mama.madhan7,"D bayari negara, tp saya pake bpjs mandiri bayar sendiri, bilapun ada obat yg agak mahal juga harus beli sendiri, bpjs terkesan d anak tirikan"
7635811031667327751,2026-05-03T23:26:58.000Z,0,https://www.tiktok.com/@risyadandson/video/7625604545632161032,https://www.tiktok.com/@risyadandson/video/7625604545632161032?commentId=7635811031667327751,scraping_tiktok,sulin.cholifah,seharuznya di rmh sakit ada petugas bpjs yg menjelaskan ke pasien jadi biar rmh sakit aja dan nakes aja yg di salahkan.
7634964261309285138,2026-05-01T16:40:52.000Z,0,https://www.tiktok.com/@risyadandson/video/7625604545632161032,https://www.tiktok.com/@risyadandson/video/7625604545632161032?commentId=7634964261309285138,scraping_tiktok,bossbodoss,karena kata dokter gia kalo pasien BPJS si dokter hanya dapet 30 ribu perpasien🙊
7634432550292079367,2026-04-30T06:17:43.000Z,0,https://www.tiktok.com/@risyadandson/video/7625604545632161032,https://www.tiktok.com/@risyadandson/video/7625604545632161032?commentId=7634432550292079367,scraping_tiktok,mamahalesha3,jelas lah beda bang pasien BPJS sama yg bayar sendiri.
7633726341200020232,2026-04-28T08:37:08.000Z,0,https://www.tiktok.com/@risyadandson/video/7625604545632161032,https://www.tiktok.com/@risyadandson/video/7625604545632161032?commentId=7633726341200020232,scraping_tiktok,loraraii_kireii92,"bpjs ketenagakerjaan aja kls 1 aja ribet,apalagi bpjs PBI . ah ribet lah pkknya ribet"
7633326389357576980,2026-04-27T06:45:13.000Z,0,https://www.tiktok.com/@risyadandson/video/7625604545632161032,https://www.tiktok.com/@risyadandson/video/7625604545632161032?commentId=7633326389357576980,scraping_tiktok,rikecantik14,harusnya gak perlu dikuotakan yg berlebihan
7633018702649656084,2026-04-26T10:54:51.000Z,0,https://www.tiktok.com/@risyadandson/video/7625604545632161032,https://www.tiktok.com/@risyadandson/video/7625604545632161032?commentId=7633018702649656084,scraping_tiktok,christianbatitust,orang kaya aja pake bpjs gimana tuh
7631748459678253845,2026-04-23T00:42:08.000Z,0,https://www.tiktok.com/@risyadandson/video/7625604545632161032,https://www.tiktok.com/@risyadandson/video/7625604545632161032?commentId=7631748459678253845,scraping_tiktok,mamariona,di bayai oleh negara tapi ko kita tiap bulan bayar BPJS 😳
7537617425001956117,2025-08-12T08:45:25.000Z,0,https://www.tiktok.com/@memecatcorporate/video/7463024940799790341,https://www.tiktok.com/@memecatcorporate/video/7463024940799790341?commentId=7537617425001956117,scraping_tiktok,ida.herliana,😳
7537540978841731848,2025-08-12T03:48:48.000Z,0,https://www.tiktok.com/@memecatcorporate/video/7463024940799790341,https://www.tiktok.com/@memecatcorporate/video/7463024940799790341?commentId=7537540978841731848,scraping_tiktok,azissssssss48,🤣🤣🤣
7537260725896758033,2025-08-11T09:41:24.000Z,0,https://www.tiktok.com/@memecatcorporate/video/7463024940799790341,https://www.tiktok.com/@memecatcorporate/video/7463024940799790341?commentId=7537260725896758033,scraping_tiktok,sakhaarkanr4,🗿
7536904692586201874,2025-08-10T10:39:39.000Z,0,https://www.tiktok.com/@memecatcorporate/video/7463024940799790341,https://www.tiktok.com/@memecatcorporate/video/7463024940799790341?commentId=7536904692586201874,scraping_tiktok,nyonyajodi693,💃
7536828375523328786,2025-08-10T05:43:31.000Z,0,https://www.tiktok.com/@memecatcorporate/video/7463024940799790341,https://www.tiktok.com/@memecatcorporate/video/7463024940799790341?commentId=7536828375523328786,scraping_tiktok,31871444801,😂😂😂
7536445235841581831,2025-08-09T04:56:41.000Z,0,https://www.tiktok.com/@memecatcorporate/video/7463024940799790341,https://www.tiktok.com/@memecatcorporate/video/7463024940799790341?commentId=7536445235841581831,scraping_tiktok,kimdongjun996,😜😜
7535370444309627666,2025-08-06T07:26:01.000Z,0,https://www.tiktok.com/@memecatcorporate/video/7463024940799790341,https://www.tiktok.com/@memecatcorporate/video/7463024940799790341?commentId=7535370444309627666,scraping_tiktok,adipati_inst,😂
7535114778667221767,2025-08-05T14:53:47.000Z,0,https://www.tiktok.com/@memecatcorporate/video/7463024940799790341,https://www.tiktok.com/@memecatcorporate/video/7463024940799790341?commentId=7535114778667221767,scraping_tiktok,myworld_myparents,😁
7534469108022559496,2025-08-03T21:08:38.000Z,0,https://www.tiktok.com/@memecatcorporate/video/7463024940799790341,https://www.tiktok.com/@memecatcorporate/video/7463024940799790341?commentId=7534469108022559496,scraping_tiktok,kumalasari7495,😊
7533846809942737672,2025-08-02T04:53:31.000Z,0,https://www.tiktok.com/@memecatcorporate/video/7463024940799790341,https://www.tiktok.com/@memecatcorporate/video/7463024940799790341?commentId=7533846809942737672,scraping_tiktok,febryaja75,😂😂😂
7533486604985008914,2025-08-01T05:35:42.000Z,0,https://www.tiktok.com/@memecatcorporate/video/7463024940799790341,https://www.tiktok.com/@memecatcorporate/video/7463024940799790341?commentId=7533486604985008914,scraping_tiktok,aabbeelllaaaa,😂
7522388064824673031,2025-07-02T07:47:41.000Z,0,https://www.tiktok.com/@memecatcorporate/video/7463024940799790341,https://www.tiktok.com/@memecatcorporate/video/7463024940799790341?commentId=7522388064824673031,scraping_tiktok,aslisunda089,🤲
7522388078461436690,2025-07-02T07:47:48.000Z,0,https://www.tiktok.com/@memecatcorporate/video/7463024940799790341,https://www.tiktok.com/@memecatcorporate/video/7463024940799790341?commentId=7522388078461436690,scraping_tiktok,aslisunda089,🥰
7522338683803665170,2025-07-02T04:36:06.000Z,0,https://www.tiktok.com/@memecatcorporate/video/7463024940799790341,https://www.tiktok.com/@memecatcorporate/video/7463024940799790341?commentId=7522338683803665170,scraping_tiktok,dhanideboys,🤣🤣🤣
7522296495668871954,2025-07-02T01:52:25.000Z,0,https://www.tiktok.com/@memecatcorporate/video/7463024940799790341,https://www.tiktok.com/@memecatcorporate/video/7463024940799790341?commentId=7522296495668871954,scraping_tiktok,cicii.octvia,😂
7522294939746894610,2025-07-02T01:46:27.000Z,0,https://www.tiktok.com/@memecatcorporate/video/7463024940799790341,https://www.tiktok.com/@memecatcorporate/video/7463024940799790341?commentId=7522294939746894610,scraping_tiktok,ikaradysti778,😁
7522286587343160080,2025-07-02T01:14:01.000Z,0,https://www.tiktok.com/@memecatcorporate/video/7463024940799790341,https://www.tiktok.com/@memecatcorporate/video/7463024940799790341?commentId=7522286587343160080,scraping_tiktok,ghifarisyata,🗿
7522156406150972167,2025-07-01T16:48:45.000Z,0,https://www.tiktok.com/@memecatcorporate/video/7463024940799790341,https://www.tiktok.com/@memecatcorporate/video/7463024940799790341?commentId=7522156406150972167,scraping_tiktok,riadeviani2710,🥰
7522093835318821639,2025-07-01T12:45:58.000Z,0,https://www.tiktok.com/@memecatcorporate/video/7463024940799790341,https://www.tiktok.com/@memecatcorporate/video/7463024940799790341?commentId=7522093835318821639,scraping_tiktok,lalaxnr,🤣🤣🤣
7521760429376160520,2025-06-30T15:12:09.000Z,0,https://www.tiktok.com/@memecatcorporate/video/7463024940799790341,https://www.tiktok.com/@memecatcorporate/video/7463024940799790341?commentId=7521760429376160520,scraping_tiktok,sucideriza23,👍
7521717687685890817,2025-06-30T12:26:18.000Z,0,https://www.tiktok.com/@memecatcorporate/video/7463024940799790341,https://www.tiktok.com/@memecatcorporate/video/7463024940799790341?commentId=7521717687685890817,scraping_tiktok,dafzz434,🙏
7521717654055584513,2025-06-30T12:26:10.000Z,0,https://www.tiktok.com/@memecatcorporate/video/7463024940799790341,https://www.tiktok.com/@memecatcorporate/video/7463024940799790341?commentId=7521717654055584513,scraping_tiktok,dafzz434,🙏
7521717676557878033,2025-06-30T12:26:13.000Z,0,https://www.tiktok.com/@memecatcorporate/video/7463024940799790341,https://www.tiktok.com/@memecatcorporate/video/7463024940799790341?commentId=7521717676557878033,scraping_tiktok,dafzz434,😭
7521689841664181000,2025-06-30T10:38:16.000Z,0,https://www.tiktok.com/@memecatcorporate/video/7463024940799790341,https://www.tiktok.com/@memecatcorporate/video/7463024940799790341?commentId=7521689841664181000,scraping_tiktok,mommyalbii,🤣
7521687915169743623,2025-06-30T10:30:46.000Z,0,https://www.tiktok.com/@memecatcorporate/video/7463024940799790341,https://www.tiktok.com/@memecatcorporate/video/7463024940799790341?commentId=7521687915169743623,scraping_tiktok,sctfiesft,🥰🥰🥰
7521579836768535314,2025-06-30T03:31:23.000Z,0,https://www.tiktok.com/@memecatcorporate/video/7463024940799790341,https://www.tiktok.com/@memecatcorporate/video/7463024940799790341?commentId=7521579836768535314,scraping_tiktok,its_rijall,😳
7521524775719977746,2025-06-29T23:58:03.000Z,0,https://www.tiktok.com/@memecatcorporate/video/7463024940799790341,https://www.tiktok.com/@memecatcorporate/video/7463024940799790341?commentId=7521524775719977746,scraping_tiktok,mokanalatte,😩😩😩
7521527421905322759,2025-06-30T00:08:04.000Z,0,https://www.tiktok.com/@memecatcorporate/video/7463024940799790341,https://www.tiktok.com/@memecatcorporate/video/7463024940799790341?commentId=7521527421905322759,scraping_tiktok,user5280615401139,🤲
7521358469633753864,2025-06-29T13:12:23.000Z,0,https://www.tiktok.com/@memecatcorporate/video/7463024940799790341,https://www.tiktok.com/@memecatcorporate/video/7463024940799790341?commentId=7521358469633753864,scraping_tiktok,yaunitadmayasa,😁😁😁
7520919581235495697,2025-06-28T08:49:22.000Z,0,https://www.tiktok.com/@memecatcorporate/video/7463024940799790341,https://www.tiktok.com/@memecatcorporate/video/7463024940799790341?commentId=7520919581235495697,scraping_tiktok,izam5782,🥰
7520863741799170823,2025-06-28T05:12:32.000Z,0,https://www.tiktok.com/@memecatcorporate/video/7463024940799790341,https://www.tiktok.com/@memecatcorporate/video/7463024940799790341?commentId=7520863741799170823,scraping_tiktok,ynstore173475,@Yuni BeautyStore
7520809703783547664,2025-06-28T01:43:01.000Z,0,https://www.tiktok.com/@memecatcorporate/video/7463024940799790341,https://www.tiktok.com/@memecatcorporate/video/7463024940799790341?commentId=7520809703783547664,scraping_tiktok,jjihansa,😔😔😔
7520809688453514001,2025-06-28T01:43:00.000Z,0,https://www.tiktok.com/@memecatcorporate/video/7463024940799790341,https://www.tiktok.com/@memecatcorporate/video/7463024940799790341?commentId=7520809688453514001,scraping_tiktok,jjihansa,😭😭😭
7520750841679069960,2025-06-27T21:54:38.000Z,0,https://www.tiktok.com/@memecatcorporate/video/7463024940799790341,https://www.tiktok.com/@memecatcorporate/video/7463024940799790341?commentId=7520750841679069960,scraping_tiktok,guruh_nurjaman,😂
7520576642269610760,2025-06-27T10:38:30.000Z,0,https://www.tiktok.com/@memecatcorporate/video/7463024940799790341,https://www.tiktok.com/@memecatcorporate/video/7463024940799790341?commentId=7520576642269610760,scraping_tiktok,teguhfirmanto45,🥰🥰🥰
7520483294443225864,2025-06-27T04:36:14.000Z,0,https://www.tiktok.com/@memecatcorporate/video/7463024940799790341,https://www.tiktok.com/@memecatcorporate/video/7463024940799790341?commentId=7520483294443225864,scraping_tiktok,baagzzz,😭😭😭
7520248578759590674,2025-06-26T13:25:26.000Z,0,https://www.tiktok.com/@memecatcorporate/video/7463024940799790341,https://www.tiktok.com/@memecatcorporate/video/7463024940799790341?commentId=7520248578759590674,scraping_tiktok,get.wayy,😭😭😭
7519866259149636370,2025-06-25T12:41:49.000Z,0,https://www.tiktok.com/@memecatcorporate/video/7463024940799790341,https://www.tiktok.com/@memecatcorporate/video/7463024940799790341?commentId=7519866259149636370,scraping_tiktok,triple.xx00,😅
7519665956973544200,2025-06-24T23:44:39.000Z,0,https://www.tiktok.com/@memecatcorporate/video/7463024940799790341,https://www.tiktok.com/@memecatcorporate/video/7463024940799790341?commentId=7519665956973544200,scraping_tiktok,antoncbcb,🥰
7519530217289335573,2025-06-24T14:57:50.000Z,0,https://www.tiktok.com/@memecatcorporate/video/7463024940799790341,https://www.tiktok.com/@memecatcorporate/video/7463024940799790341?commentId=7519530217289335573,scraping_tiktok,karamel78340,🤣🤣🤣🤣🤣🤣🤣🤣
7519398020150182664,2025-06-24T06:24:49.000Z,0,https://www.tiktok.com/@memecatcorporate/video/7463024940799790341,https://www.tiktok.com/@memecatcorporate/video/7463024940799790341?commentId=7519398020150182664,scraping_tiktok,nafisah693,😳
7631601367543677703,2026-04-22T15:11:10.000Z,0,https://www.tiktok.com/@risyadandson/video/7625604545632161032,https://www.tiktok.com/@risyadandson/video/7625604545632161032?commentId=7631601367543677703,scraping_tiktok,chocolatos_melon,"menurut saya kalau di rs maupun d pusksmas mau bpjs dan mau umum semua di layanin dgn sama, kecuali di klinik mandiri .
kalau kbnykn judes d pusksmas tanya aja mreka kategori sukarelawan honor apa pns, soalnya kbnykn sukrela dan honor gaji nya tdk sejahtera, mungkin brdmpak sm pelayanan."
7523570090862232337,2025-07-05T12:14:37.000Z,0,https://www.tiktok.com/@memecatcorporate/video/7463024940799790341,https://www.tiktok.com/@memecatcorporate/video/7463024940799790341?commentId=7523570090862232337,scraping_tiktok,hasna.tamimi,😂
7526224965281186567,2025-07-12T15:56:50.000Z,0,https://www.tiktok.com/@memecatcorporate/video/7463024940799790341,https://www.tiktok.com/@memecatcorporate/video/7463024940799790341?commentId=7526224965281186567,scraping_tiktok,eldia.dinora,😂
7526208306382881554,2025-07-12T14:52:10.000Z,0,https://www.tiktok.com/@memecatcorporate/video/7463024940799790341,https://www.tiktok.com/@memecatcorporate/video/7463024940799790341?commentId=7526208306382881554,scraping_tiktok,michiiiiiiieeeee,😋
7526194302953014034,2025-07-12T13:57:51.000Z,0,https://www.tiktok.com/@memecatcorporate/video/7463024940799790341,https://www.tiktok.com/@memecatcorporate/video/7463024940799790341?commentId=7526194302953014034,scraping_tiktok,mamaa_ariratih,💐
7526011030335800082,2025-07-12T02:06:44.000Z,0,https://www.tiktok.com/@memecatcorporate/video/7463024940799790341,https://www.tiktok.com/@memecatcorporate/video/7463024940799790341?commentId=7526011030335800082,scraping_tiktok,putriabriantisihi,🤣🤣🤣🤣
7525730303853101831,2025-07-11T07:57:19.000Z,0,https://www.tiktok.com/@memecatcorporate/video/7463024940799790341,https://www.tiktok.com/@memecatcorporate/video/7463024940799790341?commentId=7525730303853101831,scraping_tiktok,user953286569,🥰
7525064254463017745,2025-07-09T12:52:40.000Z,0,https://www.tiktok.com/@memecatcorporate/video/7463024940799790341,https://www.tiktok.com/@memecatcorporate/video/7463024940799790341?commentId=7525064254463017745,scraping_tiktok,mamamiamdc,😁
7523882389291975431,2025-07-06T08:26:28.000Z,0,https://www.tiktok.com/@memecatcorporate/video/7463024940799790341,https://www.tiktok.com/@memecatcorporate/video/7463024940799790341?commentId=7523882389291975431,scraping_tiktok,mamaanakdua23,🥰
7523599074852799249,2025-07-05T14:07:04.000Z,0,https://www.tiktok.com/@memecatcorporate/video/7463024940799790341,https://www.tiktok.com/@memecatcorporate/video/7463024940799790341?commentId=7523599074852799249,scraping_tiktok,elleno888,😂
7523595256958616338,2025-07-05T13:52:16.000Z,0,https://www.tiktok.com/@memecatcorporate/video/7463024940799790341,https://www.tiktok.com/@memecatcorporate/video/7463024940799790341?commentId=7523595256958616338,scraping_tiktok,sri.w514,🥰
7523193741911540498,2025-07-04T11:54:09.000Z,0,https://www.tiktok.com/@memecatcorporate/video/7463024940799790341,https://www.tiktok.com/@memecatcorporate/video/7463024940799790341?commentId=7523193741911540498,scraping_tiktok,oliszakiah,🥰
7523109012784202504,2025-07-04T06:25:23.000Z,0,https://www.tiktok.com/@memecatcorporate/video/7463024940799790341,https://www.tiktok.com/@memecatcorporate/video/7463024940799790341?commentId=7523109012784202504,scraping_tiktok,nanagi12,😁
7522807889524179732,2025-07-03T10:56:56.000Z,0,https://www.tiktok.com/@memecatcorporate/video/7463024940799790341,https://www.tiktok.com/@memecatcorporate/video/7463024940799790341?commentId=7522807889524179732,scraping_tiktok,rika.mardian,😝
7522393808740746002,2025-07-02T08:10:01.000Z,0,https://www.tiktok.com/@memecatcorporate/video/7463024940799790341,https://www.tiktok.com/@memecatcorporate/video/7463024940799790341?commentId=7522393808740746002,scraping_tiktok,sisiliayulistiana02,😂
7626469078618325781,2026-04-08T19:18:00.000Z,0,https://www.tiktok.com/@risyadandson/video/7625604545632161032,https://www.tiktok.com/@risyadandson/video/7625604545632161032?commentId=7626469078618325781,scraping_tiktok,bebercirebon271,rs indonesia kocak bos
7626426411000120080,2026-04-08T16:32:18.000Z,0,https://www.tiktok.com/@risyadandson/video/7625604545632161032,https://www.tiktok.com/@risyadandson/video/7625604545632161032?commentId=7626426411000120080,scraping_tiktok,deone24i,intinya tetep harus ada cuan
7626423323875083029,2026-04-08T16:20:25.000Z,0,https://www.tiktok.com/@risyadandson/video/7625604545632161032,https://www.tiktok.com/@risyadandson/video/7625604545632161032?commentId=7626423323875083029,scraping_tiktok,tiktok.comsarimaya1,makanya jgn pd korupsi akibatnya APBN buat kesehatan gk terpenuhi.Ujung2nya rkyt jg yg menderita.Miskin...krn korupsi terwahid sedunia.🤪
7626422183145636629,2026-04-08T16:13:17.000Z,0,https://www.tiktok.com/@risyadandson/video/7625604545632161032,https://www.tiktok.com/@risyadandson/video/7625604545632161032?commentId=7626422183145636629,scraping_tiktok,kepoooo150,aq kok kurang setuju dg istilah perawat memberikan pelayanan brbeda antara pengguna bpjs dan non bpjs..krn kami disumpah utk tdk membedakan golongan.
7626342620152087316,2026-04-08T15:55:50.000Z,0,https://www.tiktok.com/@risyadandson/video/7625604545632161032,https://www.tiktok.com/@risyadandson/video/7625604545632161032?commentId=7626342620152087316,scraping_tiktok,user3277927152180,BPJS gak berguna mau berobat pakai BPJS malah tidak di tanggung negara parah
7626377626577486599,2026-04-08T13:20:22.000Z,0,https://www.tiktok.com/@risyadandson/video/7625604545632161032,https://www.tiktok.com/@risyadandson/video/7625604545632161032?commentId=7626377626577486599,scraping_tiktok,anur17832,padahal yang pake pbjs bayar dari sebelum sakit😅
7626375659354358549,2026-04-08T13:12:42.000Z,0,https://www.tiktok.com/@risyadandson/video/7625604545632161032,https://www.tiktok.com/@risyadandson/video/7625604545632161032?commentId=7626375659354358549,scraping_tiktok,itadori2177,dibiayai negara? kita bayar sendiri kali
7626295829343912724,2026-04-08T08:03:07.000Z,0,https://www.tiktok.com/@risyadandson/video/7625604545632161032,https://www.tiktok.com/@risyadandson/video/7625604545632161032?commentId=7626295829343912724,scraping_tiktok,aimmanelly,mau tnye lah BPJS nie rakyat ada bayar ke?ataupun memang free kerajaan tanggung
7626258990640759570,2026-04-08T05:39:59.000Z,0,https://www.tiktok.com/@risyadandson/video/7625604545632161032,https://www.tiktok.com/@risyadandson/video/7625604545632161032?commentId=7626258990640759570,scraping_tiktok,cbbutet,"obat pun begitu, menyesuaikan anggaran kelas nya, jadi di cukup cukupin. makanya kelas 3 dapet obat/benang kualitas bawah."
7626253219288007432,2026-04-08T05:17:41.000Z,0,https://www.tiktok.com/@risyadandson/video/7625604545632161032,https://www.tiktok.com/@risyadandson/video/7625604545632161032?commentId=7626253219288007432,scraping_tiktok,teo_0.gelo,"[Sticker] yg gw rasakan when gw nonton diatas 12, seru cuyy"
7626220034328118032,2026-04-08T03:08:57.000Z,0,https://www.tiktok.com/@risyadandson/video/7625604545632161032,https://www.tiktok.com/@risyadandson/video/7625604545632161032?commentId=7626220034328118032,scraping_tiktok,adjieginandjar,"BPJS nya yg ribet, yg korban tenaga d lapangan"
7626218143279039240,2026-04-08T03:01:32.000Z,0,https://www.tiktok.com/@risyadandson/video/7625604545632161032,https://www.tiktok.com/@risyadandson/video/7625604545632161032?commentId=7626218143279039240,scraping_tiktok,user3973384483564,sebenarnya gak ada beda dalam pelayanan baik pasien BPJS maupun pasien Umum. hanya saja pasien yg dtg dgn membayar cash memang butuh diperhatikan lebih banyak sedangkan tenaga medis sangat terbatas. sdh dijelaskan pun gak mau ngerti mentang2 udah keluarin duit banyak. saya pikir anda juga akan lakukan hal yg sama saat anda sdh bayar ratusan juta ke RS. anda pasti tuntut pelayanan lebih dibandingkan yg BPJS pemerintah. ibaratnya kalau naik pesawat 1st class yah pasti dilayani lebih bagus dri yg ekonomi
7626215861212611349,2026-04-08T02:52:45.000Z,0,https://www.tiktok.com/@risyadandson/video/7625604545632161032,https://www.tiktok.com/@risyadandson/video/7625604545632161032?commentId=7626215861212611349,scraping_tiktok,jualtumblercantik,"terserahlah komen netizen, iistri sy lahiran pakai bpjs,aman aman aja. klw bilang antri di rs ya wajarlah, mayoritas perserta pasien bpjs kok."
7626213846537847559,2026-04-08T02:44:54.000Z,0,https://www.tiktok.com/@risyadandson/video/7625604545632161032,https://www.tiktok.com/@risyadandson/video/7625604545632161032?commentId=7626213846537847559,scraping_tiktok,raksal.anton,"simpel aja sih, klo dia ngebedabedain ya brarti RSnya yg nakal.😂"
7626212666340950802,2026-04-08T02:40:24.000Z,0,https://www.tiktok.com/@risyadandson/video/7625604545632161032,https://www.tiktok.com/@risyadandson/video/7625604545632161032?commentId=7626212666340950802,scraping_tiktok,shagyman,saya tidak paham BPJS dibiayai oleh negara itu maksudnya bagaimana 🤣🤣
7626212135358006023,2026-04-08T02:38:13.000Z,0,https://www.tiktok.com/@risyadandson/video/7625604545632161032,https://www.tiktok.com/@risyadandson/video/7625604545632161032?commentId=7626212135358006023,scraping_tiktok,marianus_rinda,gak semua begitu. kalo ada yg membeda2kan pasien itu brarti oknum. udah itu aja.😁
7626211142458114836,2026-04-08T02:34:32.000Z,0,https://www.tiktok.com/@risyadandson/video/7625604545632161032,https://www.tiktok.com/@risyadandson/video/7625604545632161032?commentId=7626211142458114836,scraping_tiktok,van.onlens,"saya pikir tidak bisa dipukul rata, kalau pakai bpjs pasti dibedabedakan, karena ada juga rumah sakit yang melayani dengan baik tanpa membeda bedakan apakah dia umum atau pasien bpjs"
7626209823092441863,2026-04-08T02:29:13.000Z,0,https://www.tiktok.com/@risyadandson/video/7625604545632161032,https://www.tiktok.com/@risyadandson/video/7625604545632161032?commentId=7626209823092441863,scraping_tiktok,thikamarasaoly,btl
7626207747718464274,2026-04-08T02:21:16.000Z,0,https://www.tiktok.com/@risyadandson/video/7625604545632161032,https://www.tiktok.com/@risyadandson/video/7625604545632161032?commentId=7626207747718464274,scraping_tiktok,aris.dianawati.nu4,sisihkan uang imergency 100 ribu atau samampunya tiap bulan tidak perlu bayar bpjs inshaallah lebih baik
7626206754284307207,2026-04-08T02:17:27.000Z,0,https://www.tiktok.com/@risyadandson/video/7625604545632161032,https://www.tiktok.com/@risyadandson/video/7625604545632161032?commentId=7626206754284307207,scraping_tiktok,fourteenuary14,coba bahas konspirasi penghapusan energi aether pda tahun 1800-1900
7626200280308876040,2026-04-08T01:52:17.000Z,0,https://www.tiktok.com/@risyadandson/video/7625604545632161032,https://www.tiktok.com/@risyadandson/video/7625604545632161032?commentId=7626200280308876040,scraping_tiktok,rotibakarjumi97,"orang terkuat di bumi adalah Konoha,, ga boleh sakit,,"
7626190858295264007,2026-04-08T01:15:40.000Z,0,https://www.tiktok.com/@risyadandson/video/7625604545632161032,https://www.tiktok.com/@risyadandson/video/7625604545632161032?commentId=7626190858295264007,scraping_tiktok,ronyjoshuahutabarat01,Sudah pasti berbeda pelayannya..
7626138652620309249,2026-04-07T21:53:13.000Z,0,https://www.tiktok.com/@risyadandson/video/7625604545632161032,https://www.tiktok.com/@risyadandson/video/7625604545632161032?commentId=7626138652620309249,scraping_tiktok,triarjuni,D bayar negara…????kita bayar pak perbulan langsung d potong dr gaji
7626136096761709330,2026-04-07T21:43:12.000Z,0,https://www.tiktok.com/@risyadandson/video/7625604545632161032,https://www.tiktok.com/@risyadandson/video/7625604545632161032?commentId=7626136096761709330,scraping_tiktok,www.tiktok.comgothank,negara uangnya dr mana ya?¿?
7626098738689426194,2026-04-07T19:18:10.000Z,0,https://www.tiktok.com/@risyadandson/video/7625604545632161032,https://www.tiktok.com/@risyadandson/video/7625604545632161032?commentId=7626098738689426194,scraping_tiktok,w_tok7,"disubsidi negara gmn mksdnya kek?? lha wong BPJS,JHT, JKK ku aja di potong gaji sama perusahaan.. ya brrti itu saya yg bayar pribadi tp lewat potongan gajiku sendiri kek.. klo kakek tau, dana alirannya tdk jelas sama sekali.. cuma numpang nama aja BPJS!!!"
7626066262234546945,2026-04-07T17:12:10.000Z,0,https://www.tiktok.com/@risyadandson/video/7625604545632161032,https://www.tiktok.com/@risyadandson/video/7625604545632161032?commentId=7626066262234546945,scraping_tiktok,readone_16,bagusnya tanya sama yg ahlinya..
7625998491239711509,2026-04-07T12:49:06.000Z,0,https://www.tiktok.com/@risyadandson/video/7625604545632161032,https://www.tiktok.com/@risyadandson/video/7625604545632161032?commentId=7625998491239711509,scraping_tiktok,iyanry.1985,"fakta di lapangan jelas beda
titik"
7625990398604116756,2026-04-07T12:17:52.000Z,0,https://www.tiktok.com/@risyadandson/video/7625604545632161032,https://www.tiktok.com/@risyadandson/video/7625604545632161032?commentId=7625990398604116756,scraping_tiktok,jayustin_panji,"Intinya coba suruh petugas BPJS stay dan di shift 24 jam jaga IGD, biar dia yg ngejelasin tentang alur BPJS ke pasien karena nakes bukan sales BPJS👊🏼"
7625986823718552341,2026-04-07T12:03:56.000Z,0,https://www.tiktok.com/@risyadandson/video/7625604545632161032,https://www.tiktok.com/@risyadandson/video/7625604545632161032?commentId=7625986823718552341,scraping_tiktok,wahyuhidayaat,nakes dah biasa jadi bulan-bulanan masyarakat akibat peraturan bpjs..
7625986736364192532,2026-04-07T12:03:35.000Z,0,https://www.tiktok.com/@risyadandson/video/7625604545632161032,https://www.tiktok.com/@risyadandson/video/7625604545632161032?commentId=7625986736364192532,scraping_tiktok,prans402,BPJS mbayar Kong....
7625976756588544786,2026-04-07T11:24:50.000Z,0,https://www.tiktok.com/@risyadandson/video/7625604545632161032,https://www.tiktok.com/@risyadandson/video/7625604545632161032?commentId=7625976756588544786,scraping_tiktok,xxxxx0971,Lu makan di warteg sama makan di restoran bintang 5 beda ga perlakuannya? Kenapa ga protes
7625916157480452885,2026-04-07T07:29:43.000Z,0,https://www.tiktok.com/@risyadandson/video/7625604545632161032,https://www.tiktok.com/@risyadandson/video/7625604545632161032?commentId=7625916157480452885,scraping_tiktok,xyanxie81,moral dan pencitraan adalah 2 tema yg sering kita temui permasalahannya ... makin tinggi mustinya makin berkualitas tapi kebanyakan cari cuan diluar kesepakatan
7625905463355507463,2026-04-07T06:48:09.000Z,0,https://www.tiktok.com/@risyadandson/video/7625604545632161032,https://www.tiktok.com/@risyadandson/video/7625604545632161032?commentId=7625905463355507463,scraping_tiktok,ig_puspprv,"Gak ada yg berbeda , yg berbeda itu pasien itu nya sendiri"
7625883699510395666,2026-04-07T05:23:38.000Z,0,https://www.tiktok.com/@risyadandson/video/7625604545632161032,https://www.tiktok.com/@risyadandson/video/7625604545632161032?commentId=7625883699510395666,scraping_tiktok,randyandara76,intinya KLO mau lancar ambil aja umum nya😁KLO gak sanggup ya perbanyak sabar nya itu lh bedanya umum SMA BPJS ya😁
7625880677020680968,2026-04-07T05:12:05.000Z,0,https://www.tiktok.com/@risyadandson/video/7625604545632161032,https://www.tiktok.com/@risyadandson/video/7625604545632161032?commentId=7625880677020680968,scraping_tiktok,aryadagun,"Setuju. Selalu ada orang baik dan tidak baik. selalu ada Perawat yang merasa lebih baik dlm merawat Non-BPJS & BPJS, tapi tidak semua. Karena sejatinya Perawat & Dokter memberikan pelayanan tidak boleh membedakan berdasarkan apapun entah itu asuransi, warna kulit, agama, jenis kelamin, berdasarkan Sumpah Profesi yg telah di ucapkan. 🙏🏻"
7625870265097241365,2026-04-07T04:31:44.000Z,0,https://www.tiktok.com/@risyadandson/video/7625604545632161032,https://www.tiktok.com/@risyadandson/video/7625604545632161032?commentId=7625870265097241365,scraping_tiktok,raditkid,BPJS itu dewa di bagian kesehatan
7625870154388734736,2026-04-07T04:31:13.000Z,0,https://www.tiktok.com/@risyadandson/video/7625604545632161032,https://www.tiktok.com/@risyadandson/video/7625604545632161032?commentId=7625870154388734736,scraping_tiktok,sukaliatsailormoon,makanya demo nya ke BPJS jngn rs
7625866477002228498,2026-04-07T04:16:54.000Z,0,https://www.tiktok.com/@risyadandson/video/7625604545632161032,https://www.tiktok.com/@risyadandson/video/7625604545632161032?commentId=7625866477002228498,scraping_tiktok,yulisuherni76,adab dan akhlak itu hrs ada ... dan hati bersosial itu jg hrs ada
7625865905650483988,2026-04-07T04:14:49.000Z,0,https://www.tiktok.com/@risyadandson/video/7625604545632161032,https://www.tiktok.com/@risyadandson/video/7625604545632161032?commentId=7625865905650483988,scraping_tiktok,wieldankuu,apapun penyakitnya obatnya tetap paracetamol
7625864179353944850,2026-04-07T04:07:56.000Z,0,https://www.tiktok.com/@risyadandson/video/7625604545632161032,https://www.tiktok.com/@risyadandson/video/7625604545632161032?commentId=7625864179353944850,scraping_tiktok,endra.noven,sehari dibatasi?????? Klo sakit Parah ditolak donk klo sudah Lewat kuota
7625861366716531463,2026-04-07T03:57:01.000Z,0,https://www.tiktok.com/@risyadandson/video/7625604545632161032,https://www.tiktok.com/@risyadandson/video/7625604545632161032?commentId=7625861366716531463,scraping_tiktok,mrs.piiggy,"jadi tau kan problemnya di mana ? ""BPJS"" 😌"
7625857390621672212,2026-04-07T03:41:43.000Z,0,https://www.tiktok.com/@risyadandson/video/7625604545632161032,https://www.tiktok.com/@risyadandson/video/7625604545632161032?commentId=7625857390621672212,scraping_tiktok,shuraannnnn,ayah bang risyad jadi narasumber?.
7625855386503430920,2026-04-07T03:33:53.000Z,0,https://www.tiktok.com/@risyadandson/video/7625604545632161032,https://www.tiktok.com/@risyadandson/video/7625604545632161032?commentId=7625855386503430920,scraping_tiktok,adertnasarii,Gak semua NAKES yaa
7625853015912612624,2026-04-07T03:24:41.000Z,0,https://www.tiktok.com/@risyadandson/video/7625604545632161032,https://www.tiktok.com/@risyadandson/video/7625604545632161032?commentId=7625853015912612624,scraping_tiktok,andywancik,JGN DITANYA LAH APAKAH ADA PERBEDAAN BILA PAKAI BPJS. 99.9% LAYANAN DGN BPJS TIDAK BGS!!?!!
7625844300571853589,2026-04-07T02:50:54.000Z,0,https://www.tiktok.com/@risyadandson/video/7625604545632161032,https://www.tiktok.com/@risyadandson/video/7625604545632161032?commentId=7625844300571853589,scraping_tiktok,azam.haikal87,sekarang sama rata
7516962006231728913,2025-06-17T16:51:53.000Z,0,https://www.tiktok.com/@memecatcorporate/video/7463024940799790341,https://www.tiktok.com/@memecatcorporate/video/7463024940799790341?commentId=7516962006231728913,scraping_tiktok,zaky6642,😄
7516889197304709895,2025-06-17T12:09:17.000Z,0,https://www.tiktok.com/@memecatcorporate/video/7463024940799790341,https://www.tiktok.com/@memecatcorporate/video/7463024940799790341?commentId=7516889197304709895,scraping_tiktok,wahyuadi_13,🙏
7519150171583398674,2025-06-23T14:23:00.000Z,0,https://www.tiktok.com/@memecatcorporate/video/7463024940799790341,https://www.tiktok.com/@memecatcorporate/video/7463024940799790341?commentId=7519150171583398674,scraping_tiktok,meti174,😩
7519065361120035591,2025-06-23T08:53:52.000Z,0,https://www.tiktok.com/@memecatcorporate/video/7463024940799790341,https://www.tiktok.com/@memecatcorporate/video/7463024940799790341?commentId=7519065361120035591,scraping_tiktok,evo_2704,🙈
7626595104308953864,2026-04-09T03:24:26.000Z,0,https://www.tiktok.com/@risyadandson/video/7625604545632161032,https://www.tiktok.com/@risyadandson/video/7625604545632161032?commentId=7626595104308953864,scraping_tiktok,ratihmakassarr,kata nya BPJS di biyayain negara😠 uang pribada woyy
7625835969195262740,2026-04-07T02:18:33.000Z,0,https://www.tiktok.com/@risyadandson/video/7625604545632161032,https://www.tiktok.com/@risyadandson/video/7625604545632161032?commentId=7625835969195262740,scraping_tiktok,panuveitisfighter,perbedaan waktu tunggu/antri? GAK ADA. AKU PAKE UMUM DITARO DIPALING AKHIR (KARENA PERIKSA LANGSUNG HARI ITU) SEDANGKAN PAS KONTROL IBUK TAK DAFTAR ONLINE BISA DAPET NMR 1 😂
7625834926320124692,2026-04-07T02:14:41.000Z,0,https://www.tiktok.com/@risyadandson/video/7625604545632161032,https://www.tiktok.com/@risyadandson/video/7625604545632161032?commentId=7625834926320124692,scraping_tiktok,corz_9,bpjs itu cuma lembaga dari pemerintah dan dikelola oleh mereka dan bukan dibiayai oleh negara..uang kita rakyat juga yang dipakai dari iuran bulanan itu
7625833415401980692,2026-04-07T02:08:49.000Z,0,https://www.tiktok.com/@risyadandson/video/7625604545632161032,https://www.tiktok.com/@risyadandson/video/7625604545632161032?commentId=7625833415401980692,scraping_tiktok,nandapp111,"Aslinya peraturan itu gaada, kalo kita punya duit😂"
7625831495529382664,2026-04-07T02:04:04.000Z,0,https://www.tiktok.com/@risyadandson/video/7625604545632161032,https://www.tiktok.com/@risyadandson/video/7625604545632161032?commentId=7625831495529382664,scraping_tiktok,oesman3955,ada oknum
7625831334938034964,2026-04-07T02:00:36.000Z,0,https://www.tiktok.com/@risyadandson/video/7625604545632161032,https://www.tiktok.com/@risyadandson/video/7625604545632161032?commentId=7625831334938034964,scraping_tiktok,gloomypetrichor,"Sebenernya BPJS, asuransi, atau umum itu yg ngebedain cuman SOP aja. Aturan bpjs kadang lebih ribet. Masalah pelayanan, balik lagi ke personality nya, either orangnya emang nyebelin, atau pasiennya yg ga kooperatif. Even sesama nakes pun kadang kalo yang personality nya jelek ya jelek aja. Tapi jangan lupa, orang yang baik, ramah, sopan, santun, tulus dalam menolong orang juga banyak dan perlu mendapat apresiasi."
7625826304508822280,2026-04-07T01:41:07.000Z,0,https://www.tiktok.com/@risyadandson/video/7625604545632161032,https://www.tiktok.com/@risyadandson/video/7625604545632161032?commentId=7625826304508822280,scraping_tiktok,liong721,"pakai BPJS obat nya suami saya sdh habis sewa Ambulance utk kontrol lagi harus nyambung beli obat sendiri dulu pakai uang pribadi, dan saya di kasih obat nya gk lengkap jadi obat nya ada yg di kurangi tdk sesuai resep dari Daokter saya akhirnya membelikan sendiri juga entah itu di korup di jual ke orang lain apa bagaimana tapi obat nya kenapa harus di kurangi dan saya harus nambah beli sendiri padahal saya uang setiap bulan saja menunggu dari donator utk suami saya 😔😔😔tapi kenapa tetep ada saja yg harus di kurangi dan susah juga harus perpanjang minta rujukan /3bulan sekali inilah negra konoha +62 proses nya gk jelas 😔😔"
7625822446331986696,2026-04-07T01:26:10.000Z,0,https://www.tiktok.com/@risyadandson/video/7625604545632161032,https://www.tiktok.com/@risyadandson/video/7625604545632161032?commentId=7625822446331986696,scraping_tiktok,mmmmtik7,membuka bpjs sebagai perusahaan asuransi tapi gamau mengassuransi😂
7625819006615798549,2026-04-07T01:12:45.000Z,0,https://www.tiktok.com/@risyadandson/video/7625604545632161032,https://www.tiktok.com/@risyadandson/video/7625604545632161032?commentId=7625819006615798549,scraping_tiktok,agungopening,apa beda nya KIS & BPJS 🤭
7625818278237618961,2026-04-07T01:09:56.000Z,0,https://www.tiktok.com/@risyadandson/video/7625604545632161032,https://www.tiktok.com/@risyadandson/video/7625604545632161032?commentId=7625818278237618961,scraping_tiktok,bugi301075,coba saja kalau anda petugas rumah sakit setiap hari mengurus pasien BPJS yg jumlahnya ratusan setiap hari dibanding anda jadi petugas pasien umum pribadi. pasti banyak yg memilih pasien umum karena ritme pekerjaannya berbeda. jadi terlepas kode etik petugas pasti bad mood akan sulit dikontrol
7625815603421856519,2026-04-07T00:59:41.000Z,0,https://www.tiktok.com/@risyadandson/video/7625604545632161032,https://www.tiktok.com/@risyadandson/video/7625604545632161032?commentId=7625815603421856519,scraping_tiktok,ani.lam.new,pdhl bnyk org yg opname pk BPJS lbh dermawan entah dlm mknan&tip2 bt perawat😂
7625806728298414855,2026-04-07T00:25:08.000Z,0,https://www.tiktok.com/@risyadandson/video/7625604545632161032,https://www.tiktok.com/@risyadandson/video/7625604545632161032?commentId=7625806728298414855,scraping_tiktok,abisukmadjie,"kasihan Pasien BPJS Krn terlalu sering disepelekan TDK pernah lepas dr suatu Maslah ,ada2 SJ komplain Pasien ttg pelayanan sejak dulu hingga skrng ,namun syg tak Bersolusi jika disanding kan Asuransi yg lain atau umum sangat Welcome plus sopan"
7625796177267819285,2026-04-06T23:44:26.000Z,0,https://www.tiktok.com/@risyadandson/video/7625604545632161032,https://www.tiktok.com/@risyadandson/video/7625604545632161032?commentId=7625796177267819285,scraping_tiktok,rumshidu,"bpjs dan swasta ibaratnya
warteg vs sushi tei
sama sama ikan
sama sama nasi
sama sama enak
sama sama kenyang..
tinggal pilih mau pake ac atau kipas angin..
semua sama sama bayar.."
7625791680562021127,2026-04-06T23:26:43.000Z,0,https://www.tiktok.com/@risyadandson/video/7625604545632161032,https://www.tiktok.com/@risyadandson/video/7625604545632161032?commentId=7625791680562021127,scraping_tiktok,bondants,tp mainset dokter brbeda ketika saya priksa
7625784885996094229,2026-04-06T23:00:41.000Z,0,https://www.tiktok.com/@risyadandson/video/7625604545632161032,https://www.tiktok.com/@risyadandson/video/7625604545632161032?commentId=7625784885996094229,scraping_tiktok,yuyudwahyudi8409,klo bpjs insentifnya kecil mknya ada yg horor 😁😁
7625780443435074312,2026-04-06T22:43:11.000Z,0,https://www.tiktok.com/@risyadandson/video/7625604545632161032,https://www.tiktok.com/@risyadandson/video/7625604545632161032?commentId=7625780443435074312,scraping_tiktok,nikhopraditya,pegawai BPJS saja belum tentu mau pakai BPJS kok?🤣😆
7625780052849345288,2026-04-06T22:41:45.000Z,0,https://www.tiktok.com/@risyadandson/video/7625604545632161032,https://www.tiktok.com/@risyadandson/video/7625604545632161032?commentId=7625780052849345288,scraping_tiktok,tiecelup,terus ngapain maksa masyarakat untuk punya BPJS klk ga di layani dengan baik?
7625777215732974356,2026-04-06T22:30:45.000Z,0,https://www.tiktok.com/@risyadandson/video/7625604545632161032,https://www.tiktok.com/@risyadandson/video/7625604545632161032?commentId=7625777215732974356,scraping_tiktok,takasugi952,🤣yg pntg mbg
7625772893369565969,2026-04-06T22:13:59.000Z,0,https://www.tiktok.com/@risyadandson/video/7625604545632161032,https://www.tiktok.com/@risyadandson/video/7625604545632161032?commentId=7625772893369565969,scraping_tiktok,mr.radja01,"di BPJS itu salah satu ladang korupsi, lihat aja nanti akan terbongkar lagi kasus penyelewengan wewenang dan anggaran di BPJS."
7625755858806702866,2026-04-06T21:07:42.000Z,0,https://www.tiktok.com/@risyadandson/video/7625604545632161032,https://www.tiktok.com/@risyadandson/video/7625604545632161032?commentId=7625755858806702866,scraping_tiktok,herman_faw,"knp kok di bilang sosial,,
ada aturan perusahaan wajib pakai bpjs kesehatan,,
iya kan..?
padahal dulu pke swasta aman2 aja,
bpjs itu berarti bukan sosial, tapi bisnis negara,,,
seolah2 kita gratis padahal byr2 juga kan,"
7625706869088142100,2026-04-06T17:57:27.000Z,0,https://www.tiktok.com/@risyadandson/video/7625604545632161032,https://www.tiktok.com/@risyadandson/video/7625604545632161032?commentId=7625706869088142100,scraping_tiktok,rifatisme,"jujur pihak bpjs cmn bikin aturan ribet, tpi orng2 nya kgk pernah muncul di RS ataupun publik. jadi yg disalahin nakes lagi nakes lagi. kocag"
7625698587938456328,2026-04-06T17:25:17.000Z,0,https://www.tiktok.com/@risyadandson/video/7625604545632161032,https://www.tiktok.com/@risyadandson/video/7625604545632161032?commentId=7625698587938456328,scraping_tiktok,_spartan_52,Insentif belum tentu cair😂
7639527116527633159,2026-05-13T23:47:22.000Z,1,https://www.tiktok.com/@risyadandson/video/7625604545632161032,https://www.tiktok.com/@risyadandson/video/7625604545632161032?commentId=7639527116527633159,scraping_tiktok,_arinn_09,@WS
7643497897195651860,2026-05-24T16:35:50.000Z,0,https://www.tiktok.com/@risyadandson/video/7625604545632161032,https://www.tiktok.com/@risyadandson/video/7625604545632161032?commentId=7643497897195651860,scraping_tiktok,rifkypasman1,@Kementerian Kesehatan RI @Kementerian Sosial RI @BPJS KESEHATAN RI OFFICIAL
7642010214128485137,2026-05-20T16:22:59.000Z,0,https://www.tiktok.com/@risyadandson/video/7625604545632161032,https://www.tiktok.com/@risyadandson/video/7625604545632161032?commentId=7642010214128485137,scraping_tiktok,agdsda,Halo@BPJS KESEHATAN RI OFFICIAL
7641185756941910802,2026-05-18T11:03:29.000Z,0,https://www.tiktok.com/@risyadandson/video/7625604545632161032,https://www.tiktok.com/@risyadandson/video/7625604545632161032?commentId=7641185756941910802,scraping_tiktok,dewi_pmgks,@29:05 tolonggg biar tauuuu
7639432209355391762,2026-05-13T17:38:47.000Z,0,https://www.tiktok.com/@risyadandson/video/7625604545632161032,https://www.tiktok.com/@risyadandson/video/7625604545632161032?commentId=7639432209355391762,scraping_tiktok,dewi.midyaningrum,😍
7639394017634222868,2026-05-13T15:10:43.000Z,0,https://www.tiktok.com/@risyadandson/video/7625604545632161032,https://www.tiktok.com/@risyadandson/video/7625604545632161032?commentId=7639394017634222868,scraping_tiktok,wahyubaee78,😳😳😳
7626535975245579025,2026-04-08T23:34:56.000Z,0,https://www.tiktok.com/@risyadandson/video/7625604545632161032,https://www.tiktok.com/@risyadandson/video/7625604545632161032?commentId=7626535975245579025,scraping_tiktok,rahman.jdjd,😂😂😂
7626654661029774101,2026-04-09T07:15:24.000Z,0,https://www.tiktok.com/@risyadandson/video/7625604545632161032,https://www.tiktok.com/@risyadandson/video/7625604545632161032?commentId=7626654661029774101,scraping_tiktok,bokeo514,😳😳😳
7637711741187228437,2026-05-09T02:22:40.000Z,0,https://www.tiktok.com/@risyadandson/video/7625604545632161032,https://www.tiktok.com/@risyadandson/video/7625604545632161032?commentId=7637711741187228437,scraping_tiktok,sweetsh_1,@RSUD KRT. Setjonegoro Wonosobo walaupun bpjs pemerintah tapi semua ramah2 fasilitas kamar dan pelayananya udah baguss banget 🥰 apalgi skg free nasibox juga buat penjaga sangat membantu 🤍
7633855656864383752,2026-04-28T16:58:54.000Z,0,https://www.tiktok.com/@risyadandson/video/7625604545632161032,https://www.tiktok.com/@risyadandson/video/7625604545632161032?commentId=7633855656864383752,scraping_tiktok,penginapansantolosayang,😳😳😳
7625807145556558600,2026-04-07T00:26:46.000Z,0,https://www.tiktok.com/@risyadandson/video/7625604545632161032,https://www.tiktok.com/@risyadandson/video/7625604545632161032?commentId=7625807145556558600,scraping_tiktok,saptamarhaendra,😂😂😂
7635698216605270792,2026-05-03T16:09:01.000Z,0,https://www.tiktok.com/@risyadandson/video/7625604545632161032,https://www.tiktok.com/@risyadandson/video/7625604545632161032?commentId=7635698216605270792,scraping_tiktok,sari.br.sembiring,👍👍👍
7516513935564030738,2025-06-16T11:53:07.000Z,0,https://www.tiktok.com/@memecatcorporate/video/7463024940799790341,https://www.tiktok.com/@memecatcorporate/video/7463024940799790341?commentId=7516513935564030738,scraping_tiktok,itsiwa.g005,😂
7518216144411902727,2025-06-21T01:58:31.000Z,0,https://www.tiktok.com/@memecatcorporate/video/7463024940799790341,https://www.tiktok.com/@memecatcorporate/video/7463024940799790341?commentId=7518216144411902727,scraping_tiktok,86rins,🤣🤣🤣
7508616526019740434,2025-05-26T05:07:10.000Z,18,https://www.tiktok.com/@memecatcorporate/video/7463024940799790341,https://www.tiktok.com/@memecatcorporate/video/7463024940799790341?commentId=7508616526019740434,scraping_tiktok,nonagamebelll,"jangan kan mandiri SM bpjs .
BPJS kelas 1 SM 3 ajh beda .
kalo kelas 1 mencet suster Datang
kelas 3 mencet datang nya ga tau kapan"
7492396673287045908,2025-04-12T12:06:04.000Z,5,https://www.tiktok.com/@memecatcorporate/video/7463024940799790341,https://www.tiktok.com/@memecatcorporate/video/7463024940799790341?commentId=7492396673287045908,scraping_tiktok,ayukryss,"tahun kmren lahiran, trus aku kesakitan banget. pas ditanganin entah bidan atau susternya ya di rs itu. kubilang, sus sc aja aku ga kuat. udah tahan aja, udah enak pake bpjs dikira sc gratis, bayar!"
7580503429749392135,2025-12-05T22:25:31.000Z,0,https://www.tiktok.com/@memecatcorporate/video/7463024940799790341,https://www.tiktok.com/@memecatcorporate/video/7463024940799790341?commentId=7580503429749392135,scraping_tiktok,fasuzyy,Yg asuransi jg ky mandiri😂😂 tiap perlu apa pencet bell mulu ada tu dulu tmn sekamar pas ku di ranap😂
7581673768221704980,2025-12-09T02:06:35.000Z,0,https://www.tiktok.com/@memecatcorporate/video/7463024940799790341,https://www.tiktok.com/@memecatcorporate/video/7463024940799790341?commentId=7581673768221704980,scraping_tiktok,gudlefsgmail.com,Betul pakai BPJS dipersulit rumah sakit swasta di Semarang pun sudah 2 kali datang diberi alasan kamar penuh.
7518685026336047889,2025-06-22T08:18:06.000Z,0,https://www.tiktok.com/@memecatcorporate/video/7463024940799790341,https://www.tiktok.com/@memecatcorporate/video/7463024940799790341?commentId=7518685026336047889,scraping_tiktok,esthyparnaningtya,tapi kalau BPJS nya kelas 1 ramah kok. AQ tau karena taun kemarin anakku kena DB
7518810065903534855,2025-06-22T16:23:13.000Z,0,https://www.tiktok.com/@memecatcorporate/video/7463024940799790341,https://www.tiktok.com/@memecatcorporate/video/7463024940799790341?commentId=7518810065903534855,scraping_tiktok,aldian.rizqon,real padahal bpjs kls 1 loh pernah bentak suster dan perawatnya gara² pelayanan nya lambat
7522353842165613313,2025-07-02T05:34:58.000Z,0,https://www.tiktok.com/@memecatcorporate/video/7463024940799790341,https://www.tiktok.com/@memecatcorporate/video/7463024940799790341?commentId=7522353842165613313,scraping_tiktok,virgo..id,bener cuy aku pakai asuransi swastamau ke kls 1 tapi karna full pindah vip 1 minggu ditanggung hampir 100% n pelayanan nya ramah🙂
7553076525668795157,2025-09-23T00:34:56.000Z,0,https://www.tiktok.com/@memecatcorporate/video/7463024940799790341,https://www.tiktok.com/@memecatcorporate/video/7463024940799790341?commentId=7553076525668795157,scraping_tiktok,heiiiiiielennnn,@
7524234643526353680,2025-07-07T07:13:28.000Z,0,https://www.tiktok.com/@memecatcorporate/video/7463024940799790341,https://www.tiktok.com/@memecatcorporate/video/7463024940799790341?commentId=7524234643526353680,scraping_tiktok,lienz35,😘😘😘
7557672030663082760,2025-10-05T09:47:31.000Z,0,https://www.tiktok.com/@memecatcorporate/video/7463024940799790341,https://www.tiktok.com/@memecatcorporate/video/7463024940799790341?commentId=7557672030663082760,scraping_tiktok,itschaaa02,"@bpjskesehatan_ri min ini bener loh, kejadian di ortuku sendiri soalnya. tlg dong disama ratakan, jgn dibeda bedain"
7528613523749503761,2025-07-19T02:25:48.000Z,0,https://www.tiktok.com/@memecatcorporate/video/7463024940799790341,https://www.tiktok.com/@memecatcorporate/video/7463024940799790341?commentId=7528613523749503761,scraping_tiktok,heepina,bpjs bagus kok adekku downsindrom oprasi amandel pake bpjs ramah banget informatif juga pas kontrol gak lama
7614128955105542920,2026-03-06T13:09:19.000Z,0,https://www.tiktok.com/@memecatcorporate/video/7463024940799790341,https://www.tiktok.com/@memecatcorporate/video/7463024940799790341?commentId=7614128955105542920,scraping_tiktok,abdul_w69,Ini yg gua alamin . Mau ganti perban malah ga di ganti2 udah tau cairan udh bnyak terus bau . Katanya besok seklian dokter bedahny periksa . Sumpah auto cabut ganti mandiri aja
7529838651196637970,2025-07-22T09:39:52.000Z,0,https://www.tiktok.com/@memecatcorporate/video/7463024940799790341,https://www.tiktok.com/@memecatcorporate/video/7463024940799790341?commentId=7529838651196637970,scraping_tiktok,alfisaaaaa1,"adee kuuu meninggaalll pass umurr 2 hariii, di rumahh sakitt, penanganan nyaa lamaa, mungkin gra gra pake bjps🤷‍♀️"
7530935113438249736,2025-07-25T08:34:33.000Z,0,https://www.tiktok.com/@memecatcorporate/video/7463024940799790341,https://www.tiktok.com/@memecatcorporate/video/7463024940799790341?commentId=7530935113438249736,scraping_tiktok,niyael,"Aku merasa beruntung bpjs kls 3 ,bnyak orgnya,soalnya aku prnah pas lgi ditinggal suami cari makan diluar,pas lgi tidur tiba2 aku kejang😭 untung bnyak org,klo sendirian gk tau sdh kek mana jdix😭"
7531997632211174151,2025-07-28T05:17:42.000Z,0,https://www.tiktok.com/@memecatcorporate/video/7463024940799790341,https://www.tiktok.com/@memecatcorporate/video/7463024940799790341?commentId=7531997632211174151,scraping_tiktok,boy.rafli70,@Boy Rafli:@Boy Rafli:pelayanan nya lama sekalin datang Jam 8 pagi Jam 12 siang blm di periksa oleh Dokter ... mohon info kendala nya dimana ya... berilah informasi seluas luasnya kepada masyarakat ( Penyakit Dalam)
7532023851014947602,2025-07-28T06:59:28.000Z,0,https://www.tiktok.com/@memecatcorporate/video/7463024940799790341,https://www.tiktok.com/@memecatcorporate/video/7463024940799790341?commentId=7532023851014947602,scraping_tiktok,a2.rahma,"bedanya px BPJS gak taat aturan yg mandiri disuruh 1 org nunggu mau ikutin BPJS c kampung dibawa, masa iya ambilin minum doang ncusnya juga, mksdnya apaan🙃
klo gak ada yg nunggu perawat jugaa pasti mau membantu, bukan asal minta2 tolong ambilkan da lain babu atuh"
7532183448254563080,2025-07-28T17:18:47.000Z,0,https://www.tiktok.com/@memecatcorporate/video/7463024940799790341,https://www.tiktok.com/@memecatcorporate/video/7463024940799790341?commentId=7532183448254563080,scraping_tiktok,trilaksana234_,Ngrasain bpjs kelas 1 sama kelas 3 beda banget pelayanan nya 🤣
7532842023368770312,2025-07-30T11:54:23.000Z,0,https://www.tiktok.com/@memecatcorporate/video/7463024940799790341,https://www.tiktok.com/@memecatcorporate/video/7463024940799790341?commentId=7532842023368770312,scraping_tiktok,mams8473,"udah BPJS terus kelas 3 lagi, beuhhh😂😂😂"
7487622739256754952,2025-03-30T15:20:38.000Z,10,https://www.tiktok.com/@memecatcorporate/video/7463024940799790341,https://www.tiktok.com/@memecatcorporate/video/7463024940799790341?commentId=7487622739256754952,scraping_tiktok,tikapramita8,kenapa ya marahnya ke tenaga kesehatan 🙄🙄 tagih sana ke Bpjs yg ngorupsi uangnya.. jdRS ga dibayar bayar.. nah beli obat kyk gmn klo tunggakan ga dibayar ampe 3 tahun?? 😭😭😭
7463695756642583302,2025-01-25T03:52:10.000Z,51,https://www.tiktok.com/@memecatcorporate/video/7463024940799790341,https://www.tiktok.com/@memecatcorporate/video/7463024940799790341?commentId=7463695756642583302,scraping_tiktok,blackgold_dfs007,"ah ga juga
ini yg bikin video bocah kali ya
saya lo di operasi 3 bulan di RS Pake BPJS"
7467596053283619592,2025-02-04T16:06:55.000Z,6,https://www.tiktok.com/@memecatcorporate/video/7463024940799790341,https://www.tiktok.com/@memecatcorporate/video/7463024940799790341?commentId=7467596053283619592,scraping_tiktok,ayammmmmaja,"Ini gara agara bpjs sering lama ngasih pembayaran ke RS, karna sebobrok itulah sistem bpjs ini, ada yg rs yg gk dibayar lengkap sama bpjs, jdi mau gmn ya, solusinya ya hapus sistem bpjs"
7519975763748733714,2025-06-25T19:46:48.000Z,1,https://www.tiktok.com/@memecatcorporate/video/7463024940799790341,https://www.tiktok.com/@memecatcorporate/video/7463024940799790341?commentId=7519975763748733714,scraping_tiktok,lianiadewinue_,"Saya pasien PV polihom BPJS
diperlakukan tidak baik oleh dokter PPds polihomrsunair
Pada hari Rabu, 25 Juni 2025, saya melakukan kontrol rutin seperti biasa.
Karena saya merasa tidak ada keluhan yang berarti, makanya saya mau di handle Dokter PPDS poli hom.
Saya diperlakukan semena mena oleh dokter tersebut yg piket hari itu, kejadian ± jam 08,28 di poli hom lt 4 sampai akhirnya saya teriak ke suster yg didepan dan saya diperkenankan pergi dr ruangan.
Cerita nya saya ketika duduk menghadap dokter perempuan gila yang gak mau sebut nama itu bilang, ditunggu sebentar Bu, karena dia ada apa gitu dia ngetik ngetik di laptop, la saya kebetulan membalas chat wa yg masuk di hp saya. apakah saya salah? saya bukan fokus hp, saya hanya berlaku sama, dia fokus laptop saya lihat hp.
Dia tanya saya minum brapa hydrea, saya jawab 3.. niat saya mau jelaskan kenapa saya minum 3 sebab Hb saya saya cek berkala turun, trus dia marah bilang kok saya fokus ke hp, disini tertulis minum 4,sambil membentak.
Saya spontan bilang ya harusnya dokter baca riwayat saya sebelum bentak²... Bahkan omongan apapun dijawab dia dengan kata kata tidak sopan sebagai dokter.
Disini saya merasa diperlakukan tidak baik, sebab terkait obat yng saya minum itu untuk jaga kondisi penyakit saya.
Dokter seperti itu apakah layak?
Saya mau menunggu Dr Noor cuma kebetulan saya ada aktivitas yang harus saya jalani. dan alasan saya sebab saya tidak ada keluhan berarti, sehingga menurut saya ketemu dokter PPds pun gpp.
dan bila ingat kejadian saat itu saya sampai sekarang masih gemetar dan berkeringat dingin..., Apakah seperti itu dokter PPDS yang bertugas memberikan solusi kesehatan bagi pasien rawat jalan?
Saya merasa dirugikan, sebab hasil test lab saya pun tidak dibacakan dengan akurat, jadi kemaren akhirnya saya menerka sendiri apa yg harus saya lakukan dengan hasil lab tersebut
Dan Dokteer PPDS poli hom tersebut tidak sedikitpun mengucapkan maaf atas perlakuannya.
Saya minta maaf mungkin setelah kejadian tersebut saya sampai bnting hp saya,sebab saya sangat kecewa dengan dokter yg tidak tau namanya siapa, tapi saya rasa pihak RS ada data piket disana.
Terimakasih saya hanya berkeluh kesah"
7524722860922192648,2025-07-08T14:47:54.000Z,1,https://www.tiktok.com/@memecatcorporate/video/7463024940799790341,https://www.tiktok.com/@memecatcorporate/video/7463024940799790341?commentId=7524722860922192648,scraping_tiktok,restyfawzia92,hahahaha. udh dipaksa pake bpjs giliran dipake dijudesin sama susternya dg alasan bpjs sering nunggak bayar klaim nya.. tp anehnya perawat nya judes nya kok malah sama pasien kan yg salah pemerintah
7482260538446955271,2025-03-16T04:32:38.000Z,1,https://www.tiktok.com/@memecatcorporate/video/7463024940799790341,https://www.tiktok.com/@memecatcorporate/video/7463024940799790341?commentId=7482260538446955271,scraping_tiktok,larryyo89,"pasien umum jauh lebih bnyk Cuan, apalagi kalau kamu masuk VIP . BPJS juga belum sembuh total dah d suruh pulang, pasien umum sudah lama sembuh d lama2in pulang nya😂, lagu lama"
7523975880592376584,2025-07-06T14:29:14.000Z,0,https://www.tiktok.com/@memecatcorporate/video/7463024940799790341,https://www.tiktok.com/@memecatcorporate/video/7463024940799790341?commentId=7523975880592376584,scraping_tiktok,muhammadfathan7368,😁
7523846822210765576,2025-07-06T06:08:28.000Z,0,https://www.tiktok.com/@memecatcorporate/video/7463024940799790341,https://www.tiktok.com/@memecatcorporate/video/7463024940799790341?commentId=7523846822210765576,scraping_tiktok,kusmiati2308,🥰
7523429630574297873,2025-07-05T03:09:33.000Z,0,https://www.tiktok.com/@memecatcorporate/video/7463024940799790341,https://www.tiktok.com/@memecatcorporate/video/7463024940799790341?commentId=7523429630574297873,scraping_tiktok,erytian99,😂
7522882938024248080,2025-07-03T15:48:03.000Z,0,https://www.tiktok.com/@memecatcorporate/video/7463024940799790341,https://www.tiktok.com/@memecatcorporate/video/7463024940799790341?commentId=7522882938024248080,scraping_tiktok,ayatullah_kansari,😁
7522801745631560455,2025-07-03T10:32:58.000Z,0,https://www.tiktok.com/@memecatcorporate/video/7463024940799790341,https://www.tiktok.com/@memecatcorporate/video/7463024940799790341?commentId=7522801745631560455,scraping_tiktok,vannyjulianita,😂
7522422825161949960,2025-07-02T10:02:42.000Z,0,https://www.tiktok.com/@memecatcorporate/video/7463024940799790341,https://www.tiktok.com/@memecatcorporate/video/7463024940799790341?commentId=7522422825161949960,scraping_tiktok,vee17vee17,😁
7468504538136756999,2025-02-07T02:52:26.000Z,1,https://www.tiktok.com/@memecatcorporate/video/7463024940799790341,https://www.tiktok.com/@memecatcorporate/video/7463024940799790341?commentId=7468504538136756999,scraping_tiktok,rizky_zhintaro,pasti ini di indonesia
7470700313894011703,2025-02-13T00:53:23.000Z,1,https://www.tiktok.com/@memecatcorporate/video/7463024940799790341,https://www.tiktok.com/@memecatcorporate/video/7463024940799790341?commentId=7470700313894011703,scraping_tiktok,user1112092752557,pda kenapa sih selalu kucing yg jadi bahan 🤣🤣
7515209449708176136,2025-06-12T23:31:07.000Z,1,https://www.tiktok.com/@memecatcorporate/video/7463024940799790341,https://www.tiktok.com/@memecatcorporate/video/7463024940799790341?commentId=7515209449708176136,scraping_tiktok,tyahiiiiiii,Aku juga nggak bagus bgt pelayanan total sama oprasi 110 jt free nggak ribet nggak bayar cuma bayar 75 rb sebulan
7625623344926606100,2026-04-06T12:33:22.000Z,1,https://www.tiktok.com/@risyadandson/video/7625604545632161032,https://www.tiktok.com/@risyadandson/video/7625604545632161032?commentId=7625623344926606100,scraping_tiktok,dzy1616,"tergantung rumah sakitnya juga sih menurut gua, gua pernah di rawat gara² DBD, mantep pelayanannya tinggal di liat BPJS-nya masih aktip atau engga terus selesai, ruang rawatnya juga enak ada AC sama sofa"
7626359817658237716,2026-04-08T12:13:25.000Z,0,https://www.tiktok.com/@risyadandson/video/7625604545632161032,https://www.tiktok.com/@risyadandson/video/7625604545632161032?commentId=7626359817658237716,scraping_tiktok,wido.wati.yohana,☺️☺️
7626337701587010321,2026-04-08T10:45:26.000Z,0,https://www.tiktok.com/@risyadandson/video/7625604545632161032,https://www.tiktok.com/@risyadandson/video/7625604545632161032?commentId=7626337701587010321,scraping_tiktok,kursusmobilr64bdg,🔥🔥🔥
7626285436692251413,2026-04-08T07:22:39.000Z,0,https://www.tiktok.com/@risyadandson/video/7625604545632161032,https://www.tiktok.com/@risyadandson/video/7625604545632161032?commentId=7626285436692251413,scraping_tiktok,iamary01,"@BPJS KESEHATAN RI OFFICIAL aturan lu harusnya lu sosialisasikan dgn baik biar masyarakat paham ga ngamuk² di faskes, krna banyak masyarakat taunya gratis dan semua bisa di cover saja"
7626209402387563281,2026-04-08T02:27:51.000Z,0,https://www.tiktok.com/@risyadandson/video/7625604545632161032,https://www.tiktok.com/@risyadandson/video/7625604545632161032?commentId=7626209402387563281,scraping_tiktok,mangdhii,@BPJS KESEHATAN RI OFFICIAL denger nihhhh petinggi BAPAK JS
7626033110648996616,2026-04-07T15:03:27.000Z,0,https://www.tiktok.com/@risyadandson/video/7625604545632161032,https://www.tiktok.com/@risyadandson/video/7625604545632161032?commentId=7626033110648996616,scraping_tiktok,yesii_77,🥰🥰🥰
7625976390601556737,2026-04-07T11:23:24.000Z,0,https://www.tiktok.com/@risyadandson/video/7625604545632161032,https://www.tiktok.com/@risyadandson/video/7625604545632161032?commentId=7625976390601556737,scraping_tiktok,user56529933943310,"kak @risyadandson maksudnya kuota itu untuk kualitas pelayanan nya, kata lainnya dokter tersebut mampu melayani pasien dalam 1 hari berapa pasien..agar pelayanan kesehatan kualitasnya baik dan dokter yang memeriksa tidak kelelahan, dalam penetapan kuota itu setahu saya kesepakatan antara bpjs dan fasilitas kesehatan"
7625915777976189717,2026-04-07T07:28:17.000Z,0,https://www.tiktok.com/@risyadandson/video/7625604545632161032,https://www.tiktok.com/@risyadandson/video/7625604545632161032?commentId=7625915777976189717,scraping_tiktok,zakiy7981,🥰🥰🥰
7625915651836510996,2026-04-07T07:27:48.000Z,0,https://www.tiktok.com/@risyadandson/video/7625604545632161032,https://www.tiktok.com/@risyadandson/video/7625604545632161032?commentId=7625915651836510996,scraping_tiktok,zakiy7981,😂😂😂
7625915582102045461,2026-04-07T07:27:32.000Z,0,https://www.tiktok.com/@risyadandson/video/7625604545632161032,https://www.tiktok.com/@risyadandson/video/7625604545632161032?commentId=7625915582102045461,scraping_tiktok,zakiy7981,🥰🥰🥰
7625906291013518096,2026-04-07T06:51:22.000Z,0,https://www.tiktok.com/@risyadandson/video/7625604545632161032,https://www.tiktok.com/@risyadandson/video/7625604545632161032?commentId=7625906291013518096,scraping_tiktok,escoklatt09,@TehMillow
7625852126791271175,2026-04-07T03:21:15.000Z,0,https://www.tiktok.com/@risyadandson/video/7625604545632161032,https://www.tiktok.com/@risyadandson/video/7625604545632161032?commentId=7625852126791271175,scraping_tiktok,anita.cantik97,😳😳😳
7513749416529937168,2025-06-09T01:05:33.000Z,0,https://www.tiktok.com/@memecatcorporate/video/7463024940799790341,https://www.tiktok.com/@memecatcorporate/video/7463024940799790341?commentId=7513749416529937168,scraping_tiktok,limin.bukan.ho,"mau terlihat kaya bagaimana pun saya lebih kasihan lihat klo dia pake umum, tapi yg pke BPJS jg lebih nyolot krena merasa terbebani bayar iuran perbulan, padahal iuran nya tidak akan cukup untuk membayar biaya rawat inap, operasi dsb."
7517426940916679432,2025-06-18T22:56:12.000Z,0,https://www.tiktok.com/@memecatcorporate/video/7463024940799790341,https://www.tiktok.com/@memecatcorporate/video/7463024940799790341?commentId=7517426940916679432,scraping_tiktok,flo97392,emak ku pasien DBD BPJs d RS Al Islam bandung. sangat di manja bahkan makan pasien pun bisa request dokternya ramah2. eh pas adik pake umum di RS AMC jutek banget gila amit2 pelayan UGD g sopan lempar kertas yg hrs d isi pasien
7517679218353472276,2025-06-19T15:14:59.000Z,0,https://www.tiktok.com/@memecatcorporate/video/7463024940799790341,https://www.tiktok.com/@memecatcorporate/video/7463024940799790341?commentId=7517679218353472276,scraping_tiktok,etchi79,"benerrr bgt🥰pake asuransi dilayanin dgn baik&senyuman jg breakfast,lunch&dinner bisa pilih makanannya dan stiap 3jm skali slalu dikasih buah&kue² enak☺️"
7518335642007995153,2025-06-21T09:42:19.000Z,0,https://www.tiktok.com/@memecatcorporate/video/7463024940799790341,https://www.tiktok.com/@memecatcorporate/video/7463024940799790341?commentId=7518335642007995153,scraping_tiktok,putuwicaksana99,peradaban menjelang kiamat😁
7541787794201494280,2025-08-23T14:28:31.000Z,0,https://www.tiktok.com/@memecatcorporate/video/7463024940799790341,https://www.tiktok.com/@memecatcorporate/video/7463024940799790341?commentId=7541787794201494280,scraping_tiktok,c1ka20,lahiran umum uh nyaman sekali anak sakit umum di kasarin eh lama2 tau kalau kita pasien umum langsung halus kata2nya
7542333506682258183,2025-08-25T01:46:17.000Z,0,https://www.tiktok.com/@memecatcorporate/video/7463024940799790341,https://www.tiktok.com/@memecatcorporate/video/7463024940799790341?commentId=7542333506682258183,scraping_tiktok,putri.yuliani91,😻😻😻
7520471625755427592,2025-06-27T03:50:57.000Z,0,https://www.tiktok.com/@memecatcorporate/video/7463024940799790341,https://www.tiktok.com/@memecatcorporate/video/7463024940799790341?commentId=7520471625755427592,scraping_tiktok,momoocil.omoy,"maaf bgt tp entah kebetulan atau tdk, ibu mertuaku sakit pakai BPJS baru 4 hari ranap dan belum sepenuhnya VIT langsung boleh pulang. Sedangkan adiku pakai Umum udah 1mgg ranap sampai sehat bisa lompat² belum boleh pulang 😭"
7521036244819067666,2025-06-28T16:21:54.000Z,0,https://www.tiktok.com/@memecatcorporate/video/7463024940799790341,https://www.tiktok.com/@memecatcorporate/video/7463024940799790341?commentId=7521036244819067666,scraping_tiktok,pawonbuci,"minggu lalu anakku operasi pake BPJS, pelayanannya sama aja kok sm yg berbayar. perawat dan dokternya ramah dan bagus. semua keren pokoknya. sudah pernah rawat inap pake semua metode, gak ada bedanya kok. rs juga bisa di rating jelek kalo kasi pelayanan yg jelek. org pake BPJS jg bayar lho, sama kaya asuransi swasta. cm asuransi swasta manfaatnya lebih besar aja drpd BPJS."
7521894319982019329,2025-06-30T23:52:01.000Z,0,https://www.tiktok.com/@memecatcorporate/video/7463024940799790341,https://www.tiktok.com/@memecatcorporate/video/7463024940799790341?commentId=7521894319982019329,scraping_tiktok,adrielringo,"2x lahiran SC anak masuk nicu pake BPJS ga ada kayak gitu, dokter suster semua ramah dan baik².."
7525133524132561672,2025-07-09T17:21:28.000Z,0,https://www.tiktok.com/@memecatcorporate/video/7463024940799790341,https://www.tiktok.com/@memecatcorporate/video/7463024940799790341?commentId=7525133524132561672,scraping_tiktok,uceng.0809,"serius pake BPJS dokter periksa sama kasih obat asal2n. 😭 laki gue berobat di jkn keluhan wasir, eh pas berobat di kasih nya vitamin b12 diagnosa nya di surat dokter acute bronchitis. di pikirnya kita bego apa hubungan nya penyakit batuk atau yg berhubungan dengan paru2 dengan penyakit wasir. mentang2 pake BPJS di bego2n"
7526178289455973138,2025-07-12T12:55:40.000Z,0,https://www.tiktok.com/@memecatcorporate/video/7463024940799790341,https://www.tiktok.com/@memecatcorporate/video/7463024940799790341?commentId=7526178289455973138,scraping_tiktok,entah.tak.tau5,"Aku pasien BPJS dri berobat biasa sampw operasi besar. Semua di cover dengan baik. Kuncinya sabar aja deh. Jgn ke GR’an mentang2 bpjs diperlakukan seenaknya. Nggak. Klo RS nya sama2 aja, perlakuan sm aja. Kecuali, beda RS. Satu griya satu umum, Satu nya RS UMUM satu lagi RS POndok Indah. Beda yaaaa, yg pondok indah mmg ga ada bpjs jd pasiennya ga sebanyak pasien di rsu"
7529268661329183495,2025-07-20T20:47:59.000Z,0,https://www.tiktok.com/@memecatcorporate/video/7463024940799790341,https://www.tiktok.com/@memecatcorporate/video/7463024940799790341?commentId=7529268661329183495,scraping_tiktok,yuswani.lestari.l,aku sc anak ketiga mertua jerit jerit minta tolong karena aku pingsan dan sesak napas di tambah pendaran hb kurang ampir mata karena udh ngga sadar kata mertuaku aku udh pucet banget suster nya lma banget di panggilin mungkin karena aku pengguna bpjs kli ya 😂😭
7531738992371860231,2025-07-27T12:34:03.000Z,0,https://www.tiktok.com/@memecatcorporate/video/7463024940799790341,https://www.tiktok.com/@memecatcorporate/video/7463024940799790341?commentId=7531738992371860231,scraping_tiktok,mega.wati0578,"ga juga lo kya gini, sama aja lo"
7575495571571409671,2025-11-22T10:32:03.000Z,0,https://www.tiktok.com/@memecatcorporate/video/7463024940799790341,https://www.tiktok.com/@memecatcorporate/video/7463024940799790341?commentId=7575495571571409671,scraping_tiktok,tarilestaridewi,😍
7575495591715881736,2025-11-22T10:32:07.000Z,0,https://www.tiktok.com/@memecatcorporate/video/7463024940799790341,https://www.tiktok.com/@memecatcorporate/video/7463024940799790341?commentId=7575495591715881736,scraping_tiktok,tarilestaridewi,😍
7598176933105222420,2026-01-22T13:27:15.000Z,0,https://www.tiktok.com/@memecatcorporate/video/7463024940799790341,https://www.tiktok.com/@memecatcorporate/video/7463024940799790341?commentId=7598176933105222420,scraping_tiktok,nininghardianti0,"SC pakai BPJS gak diterge lama penanganan, SC pakai umum udh macem permaisuri aku ramai perawatnya yg ramah"
7518998535996490514,2025-06-23T04:34:34.000Z,0,https://www.tiktok.com/@memecatcorporate/video/7463024940799790341,https://www.tiktok.com/@memecatcorporate/video/7463024940799790341?commentId=7518998535996490514,scraping_tiktok,za_zaraaa08,🤭
7518837436887139073,2025-06-22T18:09:35.000Z,0,https://www.tiktok.com/@memecatcorporate/video/7463024940799790341,https://www.tiktok.com/@memecatcorporate/video/7463024940799790341?commentId=7518837436887139073,scraping_tiktok,deasymilala5,😂
7518809287183827729,2025-06-22T16:20:13.000Z,0,https://www.tiktok.com/@memecatcorporate/video/7463024940799790341,https://www.tiktok.com/@memecatcorporate/video/7463024940799790341?commentId=7518809287183827729,scraping_tiktok,firlierizki,🥰
7518715881589867271,2025-06-22T10:17:43.000Z,0,https://www.tiktok.com/@memecatcorporate/video/7463024940799790341,https://www.tiktok.com/@memecatcorporate/video/7463024940799790341?commentId=7518715881589867271,scraping_tiktok,qaia16,😂
7518308352741982983,2025-06-21T07:56:21.000Z,0,https://www.tiktok.com/@memecatcorporate/video/7463024940799790341,https://www.tiktok.com/@memecatcorporate/video/7463024940799790341?commentId=7518308352741982983,scraping_tiktok,sffashionstore_,🥺🥺🥺
7517967292417803016,2025-06-20T09:52:54.000Z,0,https://www.tiktok.com/@memecatcorporate/video/7463024940799790341,https://www.tiktok.com/@memecatcorporate/video/7463024940799790341?commentId=7517967292417803016,scraping_tiktok,iissugiarti666,😁
7517945782201811719,2025-06-20T08:29:26.000Z,0,https://www.tiktok.com/@memecatcorporate/video/7463024940799790341,https://www.tiktok.com/@memecatcorporate/video/7463024940799790341?commentId=7517945782201811719,scraping_tiktok,pupumua_,🥰
7517509967676490514,2025-06-19T04:18:17.000Z,0,https://www.tiktok.com/@memecatcorporate/video/7463024940799790341,https://www.tiktok.com/@memecatcorporate/video/7463024940799790341?commentId=7517509967676490514,scraping_tiktok,fiiafitria_,🥰
7517261222187860754,2025-06-18T12:12:59.000Z,0,https://www.tiktok.com/@memecatcorporate/video/7463024940799790341,https://www.tiktok.com/@memecatcorporate/video/7463024940799790341?commentId=7517261222187860754,scraping_tiktok,tikasptn3,😁
7517166878940005136,2025-06-18T06:06:55.000Z,0,https://www.tiktok.com/@memecatcorporate/video/7463024940799790341,https://www.tiktok.com/@memecatcorporate/video/7463024940799790341?commentId=7517166878940005136,scraping_tiktok,gracesilver4,😂😂😂😂😂
7516936797693444882,2025-06-17T15:14:03.000Z,0,https://www.tiktok.com/@memecatcorporate/video/7463024940799790341,https://www.tiktok.com/@memecatcorporate/video/7463024940799790341?commentId=7516936797693444882,scraping_tiktok,_puut05,🤣
7526843658156229384,2025-07-14T07:57:44.000Z,0,https://www.tiktok.com/@memecatcorporate/video/7463024940799790341,https://www.tiktok.com/@memecatcorporate/video/7463024940799790341?commentId=7526843658156229384,scraping_tiktok,genyohanes,😂😂😂
7514286067446170375,2025-06-10T11:47:48.000Z,0,https://www.tiktok.com/@memecatcorporate/video/7463024940799790341,https://www.tiktok.com/@memecatcorporate/video/7463024940799790341?commentId=7514286067446170375,scraping_tiktok,tikatiki07,"nggak kok ditempatku sama ,ibukku op besar full bpjs pemerintah, bagus sekali pelayannya,makannya enak2 juga,yg nunguin jg dpt jth"
7463514154160620293,2025-01-24T16:07:20.000Z,2,https://www.tiktok.com/@memecatcorporate/video/7463024940799790341,https://www.tiktok.com/@memecatcorporate/video/7463024940799790341?commentId=7463514154160620293,scraping_tiktok,hengkiyu,tidak amuanya rumah sakit kaya gitu
7470758355407143696,2025-02-13T04:38:35.000Z,0,https://www.tiktok.com/@memecatcorporate/video/7463024940799790341,https://www.tiktok.com/@memecatcorporate/video/7463024940799790341?commentId=7470758355407143696,scraping_tiktok,sinar1801,se tau sy bpjs sm yg mandiri sm lama ngantri di rmh sakit...🤭
7470759924269679366,2025-02-13T04:44:59.000Z,0,https://www.tiktok.com/@memecatcorporate/video/7463024940799790341,https://www.tiktok.com/@memecatcorporate/video/7463024940799790341?commentId=7470759924269679366,scraping_tiktok,yyoulia23,😂😂😂
7470767778997060368,2025-02-13T05:14:53.000Z,0,https://www.tiktok.com/@memecatcorporate/video/7463024940799790341,https://www.tiktok.com/@memecatcorporate/video/7463024940799790341?commentId=7470767778997060368,scraping_tiktok,tusanmeri,😂😂😂😂
7470769214643503889,2025-02-13T05:20:23.000Z,0,https://www.tiktok.com/@memecatcorporate/video/7463024940799790341,https://www.tiktok.com/@memecatcorporate/video/7463024940799790341?commentId=7470769214643503889,scraping_tiktok,siti45654,btul bget untung ku biaya sendiri
7470776086113370898,2025-02-13T05:47:06.000Z,0,https://www.tiktok.com/@memecatcorporate/video/7463024940799790341,https://www.tiktok.com/@memecatcorporate/video/7463024940799790341?commentId=7470776086113370898,scraping_tiktok,lionnew123,@nana
7470780518474154768,2025-02-13T06:04:22.000Z,0,https://www.tiktok.com/@memecatcorporate/video/7463024940799790341,https://www.tiktok.com/@memecatcorporate/video/7463024940799790341?commentId=7470780518474154768,scraping_tiktok,__._.__.sera.22.__._.__,😂😂😂😂😂😂
7470799261128426248,2025-02-13T07:17:03.000Z,0,https://www.tiktok.com/@memecatcorporate/video/7463024940799790341,https://www.tiktok.com/@memecatcorporate/video/7463024940799790341?commentId=7470799261128426248,scraping_tiktok,mahiroh46,sama aja 🙏
7470805757979230981,2025-02-13T07:42:44.000Z,0,https://www.tiktok.com/@memecatcorporate/video/7463024940799790341,https://www.tiktok.com/@memecatcorporate/video/7463024940799790341?commentId=7470805757979230981,scraping_tiktok,ilyeon05,😂😂😂😂
7470818870602597127,2025-02-13T08:33:08.000Z,0,https://www.tiktok.com/@memecatcorporate/video/7463024940799790341,https://www.tiktok.com/@memecatcorporate/video/7463024940799790341?commentId=7470818870602597127,scraping_tiktok,user3517492505544maman,saya juga pasien bpjs tapi tiap bulan kan bayar🙏
7470828555234362119,2025-02-13T09:10:43.000Z,0,https://www.tiktok.com/@memecatcorporate/video/7463024940799790341,https://www.tiktok.com/@memecatcorporate/video/7463024940799790341?commentId=7470828555234362119,scraping_tiktok,windypudjowati1,pakai BPJS aman pelayanan sama aja GK di bedakan😃
7470851348445348616,2025-02-13T10:39:06.000Z,0,https://www.tiktok.com/@memecatcorporate/video/7463024940799790341,https://www.tiktok.com/@memecatcorporate/video/7463024940799790341?commentId=7470851348445348616,scraping_tiktok,ritma.wati78,ha ha ha
7470854383577826054,2025-02-13T10:51:23.000Z,0,https://www.tiktok.com/@memecatcorporate/video/7463024940799790341,https://www.tiktok.com/@memecatcorporate/video/7463024940799790341?commentId=7470854383577826054,scraping_tiktok,tia.parida,👍
7478924001709540104,2025-03-07T04:45:07.000Z,0,https://www.tiktok.com/@memecatcorporate/video/7463024940799790341,https://www.tiktok.com/@memecatcorporate/video/7463024940799790341?commentId=7478924001709540104,scraping_tiktok,meias2229,BPJS ada yg gratis dan yg BPJS Mandiri. klw mandiri ada kls2nya ....
7470933106535514881,2025-02-13T15:56:12.000Z,0,https://www.tiktok.com/@memecatcorporate/video/7463024940799790341,https://www.tiktok.com/@memecatcorporate/video/7463024940799790341?commentId=7470933106535514881,scraping_tiktok,tutiiiiiiiir,bbjs sekarang dilayani sama seperti yng byar tunai.tidak dibedakan.pengguna bbjs bnyk kok yng orang kaya...mereka mampu byar tunai
7471045742733394695,2025-02-13T23:13:57.000Z,0,https://www.tiktok.com/@memecatcorporate/video/7463024940799790341,https://www.tiktok.com/@memecatcorporate/video/7463024940799790341?commentId=7471045742733394695,scraping_tiktok,bambang_apriyanto93,Indonesia kok kayak gini😂
7471089596015674113,2025-02-14T02:04:17.000Z,0,https://www.tiktok.com/@memecatcorporate/video/7463024940799790341,https://www.tiktok.com/@memecatcorporate/video/7463024940799790341?commentId=7471089596015674113,scraping_tiktok,anisaraha309,🤣🤣🤣🤣betul juga
7471103369504391956,2025-02-14T02:57:03.000Z,0,https://www.tiktok.com/@memecatcorporate/video/7463024940799790341,https://www.tiktok.com/@memecatcorporate/video/7463024940799790341?commentId=7471103369504391956,scraping_tiktok,asrun280,hapus aja bpjs aturan bpjs. sekarang koplak
7471115004823028498,2025-02-14T03:42:22.000Z,0,https://www.tiktok.com/@memecatcorporate/video/7463024940799790341,https://www.tiktok.com/@memecatcorporate/video/7463024940799790341?commentId=7471115004823028498,scraping_tiktok,asaaoldia,betul juga
7471133073242505992,2025-02-14T04:52:19.000Z,0,https://www.tiktok.com/@memecatcorporate/video/7463024940799790341,https://www.tiktok.com/@memecatcorporate/video/7463024940799790341?commentId=7471133073242505992,scraping_tiktok,tth.sunda300,BPJS byarny nyicil tiap buln KLO mandiri byar langsung
7471160411275526919,2025-02-14T06:38:22.000Z,0,https://www.tiktok.com/@memecatcorporate/video/7463024940799790341,https://www.tiktok.com/@memecatcorporate/video/7463024940799790341?commentId=7471160411275526919,scraping_tiktok,isayangajh,BPJS juga kn bayar kita MH kaga gratis
7471161595034452737,2025-02-14T06:43:04.000Z,0,https://www.tiktok.com/@memecatcorporate/video/7463024940799790341,https://www.tiktok.com/@memecatcorporate/video/7463024940799790341?commentId=7471161595034452737,scraping_tiktok,bodos80,btl..jg
7471178977610269447,2025-02-14T07:50:30.000Z,0,https://www.tiktok.com/@memecatcorporate/video/7463024940799790341,https://www.tiktok.com/@memecatcorporate/video/7463024940799790341?commentId=7471178977610269447,scraping_tiktok,lenamalau0816,🤣🤣
7471182820192191237,2025-02-14T08:06:00.000Z,0,https://www.tiktok.com/@memecatcorporate/video/7463024940799790341,https://www.tiktok.com/@memecatcorporate/video/7463024940799790341?commentId=7471182820192191237,scraping_tiktok,playnpretty.jenn,🗿🗿🗿🗿🗿 true
7471207034458014482,2025-02-14T09:39:13.000Z,0,https://www.tiktok.com/@memecatcorporate/video/7463024940799790341,https://www.tiktok.com/@memecatcorporate/video/7463024940799790341?commentId=7471207034458014482,scraping_tiktok,adenoe317,bukan bpjs X tapi jamkesmas program gratis😁
7471227301465539383,2025-02-14T10:58:17.000Z,0,https://www.tiktok.com/@memecatcorporate/video/7463024940799790341,https://www.tiktok.com/@memecatcorporate/video/7463024940799790341?commentId=7471227301465539383,scraping_tiktok,dkurniasihiraone,kenyataan hidup 🙏
7484926722590638855,2025-03-23T08:58:58.000Z,0,https://www.tiktok.com/@memecatcorporate/video/7463024940799790341,https://www.tiktok.com/@memecatcorporate/video/7463024940799790341?commentId=7484926722590638855,scraping_tiktok,atharka_fashion,"bpjs aja digituin yah, gimana dgn kis😭😭"
7483403637453406983,2025-03-19T06:28:24.000Z,0,https://www.tiktok.com/@memecatcorporate/video/7463024940799790341,https://www.tiktok.com/@memecatcorporate/video/7463024940799790341?commentId=7483403637453406983,scraping_tiktok,siti.city18,🥰
7483668797137437448,2025-03-19T23:37:33.000Z,0,https://www.tiktok.com/@memecatcorporate/video/7463024940799790341,https://www.tiktok.com/@memecatcorporate/video/7463024940799790341?commentId=7483668797137437448,scraping_tiktok,andriyani_00,🤣
7483781316463969032,2025-03-20T06:53:58.000Z,0,https://www.tiktok.com/@memecatcorporate/video/7463024940799790341,https://www.tiktok.com/@memecatcorporate/video/7463024940799790341?commentId=7483781316463969032,scraping_tiktok,renereal07,ha ha lutuna
7484260408032871185,2025-03-21T13:53:08.000Z,0,https://www.tiktok.com/@memecatcorporate/video/7463024940799790341,https://www.tiktok.com/@memecatcorporate/video/7463024940799790341?commentId=7484260408032871185,scraping_tiktok,namyrv,Animasi ter b*doh
7484447443557647112,2025-03-22T01:59:10.000Z,0,https://www.tiktok.com/@memecatcorporate/video/7463024940799790341,https://www.tiktok.com/@memecatcorporate/video/7463024940799790341?commentId=7484447443557647112,scraping_tiktok,nadinyusya,BAHAHAHAHAH😂si sini juga ada prawat gitu
7484539862928294677,2025-03-22T07:57:42.000Z,0,https://www.tiktok.com/@memecatcorporate/video/7463024940799790341,https://www.tiktok.com/@memecatcorporate/video/7463024940799790341?commentId=7484539862928294677,scraping_tiktok,arista.erik,😁
7484587622175081234,2025-03-22T11:02:49.000Z,0,https://www.tiktok.com/@memecatcorporate/video/7463024940799790341,https://www.tiktok.com/@memecatcorporate/video/7463024940799790341?commentId=7484587622175081234,scraping_tiktok,1ts.raff,🗿
7484664488249099026,2025-03-22T16:01:09.000Z,0,https://www.tiktok.com/@memecatcorporate/video/7463024940799790341,https://www.tiktok.com/@memecatcorporate/video/7463024940799790341?commentId=7484664488249099026,scraping_tiktok,supriyanto.yanto915,😁
7484670057704932114,2025-03-22T16:22:39.000Z,0,https://www.tiktok.com/@memecatcorporate/video/7463024940799790341,https://www.tiktok.com/@memecatcorporate/video/7463024940799790341?commentId=7484670057704932114,scraping_tiktok,ur_tahu,😂
7484824226287207186,2025-03-23T02:21:18.000Z,0,https://www.tiktok.com/@memecatcorporate/video/7463024940799790341,https://www.tiktok.com/@memecatcorporate/video/7463024940799790341?commentId=7484824226287207186,scraping_tiktok,ne_ss4_,🥰
7484828913303913271,2025-03-23T02:39:34.000Z,0,https://www.tiktok.com/@memecatcorporate/video/7463024940799790341,https://www.tiktok.com/@memecatcorporate/video/7463024940799790341?commentId=7484828913303913271,scraping_tiktok,randy212254,❤️
7484913365341848328,2025-03-23T08:06:54.000Z,0,https://www.tiktok.com/@memecatcorporate/video/7463024940799790341,https://www.tiktok.com/@memecatcorporate/video/7463024940799790341?commentId=7484913365341848328,scraping_tiktok,kamu29423,pake umum menu makannya enak enak semua giliran pake BPJS ya ampun ga ada rasanya 😂
7483122001257005831,2025-03-18T12:15:36.000Z,0,https://www.tiktok.com/@memecatcorporate/video/7463024940799790341,https://www.tiktok.com/@memecatcorporate/video/7463024940799790341?commentId=7483122001257005831,scraping_tiktok,sulistiawaty700,👍
7485153099217404690,2025-03-23T23:37:22.000Z,0,https://www.tiktok.com/@memecatcorporate/video/7463024940799790341,https://www.tiktok.com/@memecatcorporate/video/7463024940799790341?commentId=7485153099217404690,scraping_tiktok,alinakayla280,fakta😅
7485614698533159687,2025-03-25T05:28:26.000Z,0,https://www.tiktok.com/@memecatcorporate/video/7463024940799790341,https://www.tiktok.com/@memecatcorporate/video/7463024940799790341?commentId=7485614698533159687,scraping_tiktok,radeya_radeya,😁
7485619491289072392,2025-03-25T05:47:00.000Z,0,https://www.tiktok.com/@memecatcorporate/video/7463024940799790341,https://www.tiktok.com/@memecatcorporate/video/7463024940799790341?commentId=7485619491289072392,scraping_tiktok,usermagelylia1,"gue pake bpjs enak2 aja full service ruangan ber ac, ada tv, kamarmandi dingin, 2 pasien saja, ga jauh beda sama waktu gue di VIP"
7485745523270402823,2025-03-25T13:55:59.000Z,0,https://www.tiktok.com/@memecatcorporate/video/7463024940799790341,https://www.tiktok.com/@memecatcorporate/video/7463024940799790341?commentId=7485745523270402823,scraping_tiktok,thom_as18,Mandiri itu mkin maksdnya bayar pribadi bayar sendiri😂
7485901556271186695,2025-03-26T00:01:55.000Z,0,https://www.tiktok.com/@memecatcorporate/video/7463024940799790341,https://www.tiktok.com/@memecatcorporate/video/7463024940799790341?commentId=7485901556271186695,scraping_tiktok,lionnia,"balik lagi bukan kemauan nakesnya begitu, tapi rata2 pasien umumnya sendiri juga rese 😂, dirawat dikelas 3 juga kalau bayarnya umum udah minta fasilitas kek di vip apa2 minta dilayanin apa2 kdu gercep. coba yg pada bayar umum pada ngerasa ga jangan apa2 nyalahin nakesnya"
7486052514191246098,2025-03-26T09:47:25.000Z,0,https://www.tiktok.com/@memecatcorporate/video/7463024940799790341,https://www.tiktok.com/@memecatcorporate/video/7463024940799790341?commentId=7486052514191246098,scraping_tiktok,user031056789,😁😁😁
7486361055838798613,2025-03-27T05:44:50.000Z,0,https://www.tiktok.com/@memecatcorporate/video/7463024940799790341,https://www.tiktok.com/@memecatcorporate/video/7463024940799790341?commentId=7486361055838798613,scraping_tiktok,ab.5171,di rumah sakit mana bpjs sama mandiri dibarengin gini 😁
7486651817260057352,2025-03-28T00:33:11.000Z,0,https://www.tiktok.com/@memecatcorporate/video/7463024940799790341,https://www.tiktok.com/@memecatcorporate/video/7463024940799790341?commentId=7486651817260057352,scraping_tiktok,muhammadyusuf116,😁
7486704441686967048,2025-03-28T03:57:21.000Z,0,https://www.tiktok.com/@memecatcorporate/video/7463024940799790341,https://www.tiktok.com/@memecatcorporate/video/7463024940799790341?commentId=7486704441686967048,scraping_tiktok,zerzan2,🥰
7487122669784744722,2025-03-29T07:00:10.000Z,0,https://www.tiktok.com/@memecatcorporate/video/7463024940799790341,https://www.tiktok.com/@memecatcorporate/video/7463024940799790341?commentId=7487122669784744722,scraping_tiktok,niakurniasih187,😁😁😁
7487959734249734919,2025-03-31T13:08:18.000Z,0,https://www.tiktok.com/@memecatcorporate/video/7463024940799790341,https://www.tiktok.com/@memecatcorporate/video/7463024940799790341?commentId=7487959734249734919,scraping_tiktok,memnnr,🥰
7487985597106537222,2025-03-31T14:48:53.000Z,0,https://www.tiktok.com/@memecatcorporate/video/7463024940799790341,https://www.tiktok.com/@memecatcorporate/video/7463024940799790341?commentId=7487985597106537222,scraping_tiktok,adalah_namanya4,😂
7481538904349721360,2025-03-14T05:52:22.000Z,0,https://www.tiktok.com/@memecatcorporate/video/7463024940799790341,https://www.tiktok.com/@memecatcorporate/video/7463024940799790341?commentId=7481538904349721360,scraping_tiktok,fideriahulu,😂😂😂😂😂
7478924167653917448,2025-03-07T04:45:49.000Z,0,https://www.tiktok.com/@memecatcorporate/video/7463024940799790341,https://www.tiktok.com/@memecatcorporate/video/7463024940799790341?commentId=7478924167653917448,scraping_tiktok,nouvhaaaaa,@febrinalifa 🤣🤣🤣
7478986478510162694,2025-03-07T08:48:10.000Z,0,https://www.tiktok.com/@memecatcorporate/video/7463024940799790341,https://www.tiktok.com/@memecatcorporate/video/7463024940799790341?commentId=7478986478510162694,scraping_tiktok,sarahwidianto_,kacau kacau🤣🤣🤣🤣🤣
7479466780035334920,2025-03-08T15:51:21.000Z,0,https://www.tiktok.com/@memecatcorporate/video/7463024940799790341,https://www.tiktok.com/@memecatcorporate/video/7463024940799790341?commentId=7479466780035334920,scraping_tiktok,bojone.ahmad5,emnk kbnykn rs bgni
7479747600091054864,2025-03-09T10:01:00.000Z,0,https://www.tiktok.com/@memecatcorporate/video/7463024940799790341,https://www.tiktok.com/@memecatcorporate/video/7463024940799790341?commentId=7479747600091054864,scraping_tiktok,nenigustila19,😂
7479762954659070738,2025-03-09T11:00:46.000Z,0,https://www.tiktok.com/@memecatcorporate/video/7463024940799790341,https://www.tiktok.com/@memecatcorporate/video/7463024940799790341?commentId=7479762954659070738,scraping_tiktok,vincenciajuliana,sepengalaman sy tergantung RSnya.kl di RS siloam bpjs dilayani bagus.kl RS pemerintah pakai bpjs amsiong.jual mahal.pdhal bpjs mandiri.
7479865500060320519,2025-03-09T17:38:34.000Z,0,https://www.tiktok.com/@memecatcorporate/video/7463024940799790341,https://www.tiktok.com/@memecatcorporate/video/7463024940799790341?commentId=7479865500060320519,scraping_tiktok,ilhamstore64,🗿
7480047392763413266,2025-03-10T05:24:23.000Z,0,https://www.tiktok.com/@memecatcorporate/video/7463024940799790341,https://www.tiktok.com/@memecatcorporate/video/7463024940799790341?commentId=7480047392763413266,scraping_tiktok,yanrinaldi21,aku BPJS bayar tiap bulan kok
7480405626256409364,2025-03-11T04:34:47.000Z,0,https://www.tiktok.com/@memecatcorporate/video/7463024940799790341,https://www.tiktok.com/@memecatcorporate/video/7463024940799790341?commentId=7480405626256409364,scraping_tiktok,senia...sen,😊😂
7480687356049621778,2025-03-11T22:48:14.000Z,0,https://www.tiktok.com/@memecatcorporate/video/7463024940799790341,https://www.tiktok.com/@memecatcorporate/video/7463024940799790341?commentId=7480687356049621778,scraping_tiktok,haliwu7,Mungkin ada sebagian pake bpjs pelayanan oke tapi kebanyakan pelayanan tidak baik pake bp*j*
7481043711205786386,2025-03-12T21:51:19.000Z,0,https://www.tiktok.com/@memecatcorporate/video/7463024940799790341,https://www.tiktok.com/@memecatcorporate/video/7463024940799790341?commentId=7481043711205786386,scraping_tiktok,happyme_1125,🥰🥰🥰
7481150711603692294,2025-03-13T04:46:22.000Z,0,https://www.tiktok.com/@memecatcorporate/video/7463024940799790341,https://www.tiktok.com/@memecatcorporate/video/7463024940799790341?commentId=7481150711603692294,scraping_tiktok,nopaaal.12,"""masa sih bpjs kaya gitu kok aku di layanin baik ya"" bagus lah kalo baik tapi pada faktanya emang ada yg gitu gua sakit gigi di periksa rujukan trus pas sampe rs rujukan dokternya alasan mulu ga dateng kebiasaan sampe di kasih surat SP dokternya klo gitu lagi dan jalan 3 bulan sampe masa surat rujukannya abis gigi gua sampe ilang ga di bener2in😂"
7481315647688426248,2025-03-13T15:25:50.000Z,0,https://www.tiktok.com/@memecatcorporate/video/7463024940799790341,https://www.tiktok.com/@memecatcorporate/video/7463024940799790341?commentId=7481315647688426248,scraping_tiktok,radenmasnikisinte,"sekarang udah gk kyk dulu, sama aja kalau sekarang. kecuali vip/vvip"
7481541291621384967,2025-03-14T06:01:30.000Z,0,https://www.tiktok.com/@memecatcorporate/video/7463024940799790341,https://www.tiktok.com/@memecatcorporate/video/7463024940799790341?commentId=7481541291621384967,scraping_tiktok,jojo_jova,😂
7482428870294815496,2025-03-16T15:25:45.000Z,0,https://www.tiktok.com/@memecatcorporate/video/7463024940799790341,https://www.tiktok.com/@memecatcorporate/video/7463024940799790341?commentId=7482428870294815496,scraping_tiktok,hefrijih,🤣
7482581078428140294,2025-03-17T01:16:37.000Z,0,https://www.tiktok.com/@memecatcorporate/video/7463024940799790341,https://www.tiktok.com/@memecatcorporate/video/7463024940799790341?commentId=7482581078428140294,scraping_tiktok,4.l130,🗿
7482605108154188564,2025-03-17T02:49:53.000Z,0,https://www.tiktok.com/@memecatcorporate/video/7463024940799790341,https://www.tiktok.com/@memecatcorporate/video/7463024940799790341?commentId=7482605108154188564,scraping_tiktok,gatway.spt,Aduh tolong buat konten yang bener jangan menggiring opini orang ke arah negatif tentang pelayanan bpjs di rs😡😡
7482605615387427605,2025-03-17T02:51:41.000Z,0,https://www.tiktok.com/@memecatcorporate/video/7463024940799790341,https://www.tiktok.com/@memecatcorporate/video/7463024940799790341?commentId=7482605615387427605,scraping_tiktok,gatway.spt,Tolong Bapak menkes di tertibkan orang yang buat konten begini_ kasihan petugas media yang sudah memberikan pelayanan prima di rs Indonesia melayani dengan hati sedih melihat konten begini miris
7482659230782014225,2025-03-17T06:19:50.000Z,0,https://www.tiktok.com/@memecatcorporate/video/7463024940799790341,https://www.tiktok.com/@memecatcorporate/video/7463024940799790341?commentId=7482659230782014225,scraping_tiktok,jinny564,🤣🤣🤣🤣🤣
7482710444807176968,2025-03-17T09:38:34.000Z,0,https://www.tiktok.com/@memecatcorporate/video/7463024940799790341,https://www.tiktok.com/@memecatcorporate/video/7463024940799790341?commentId=7482710444807176968,scraping_tiktok,heni_882,Koq aku full bpjs kelas dua di mitra keluarga sc + steril pelayanan super ramah semua dan minim bgt rasa sakit 3x ngasih makan obat cemilan pun super ramah tlaten 👍🥰
7482738554020627207,2025-03-17T11:27:27.000Z,0,https://www.tiktok.com/@memecatcorporate/video/7463024940799790341,https://www.tiktok.com/@memecatcorporate/video/7463024940799790341?commentId=7482738554020627207,scraping_tiktok,goghumma,"alhamdulilah selama ini, walaupun pake BPJS yg geratis pula, pelayanannya tetep baik dan gercep."
7482790590897652488,2025-03-17T14:49:29.000Z,0,https://www.tiktok.com/@memecatcorporate/video/7463024940799790341,https://www.tiktok.com/@memecatcorporate/video/7463024940799790341?commentId=7482790590897652488,scraping_tiktok,sinyo99_,😂
7482990400933774086,2025-03-18T03:45:25.000Z,0,https://www.tiktok.com/@memecatcorporate/video/7463024940799790341,https://www.tiktok.com/@memecatcorporate/video/7463024940799790341?commentId=7482990400933774086,scraping_tiktok,ibuenizam865,😳
7483097098805740296,2025-03-18T10:38:51.000Z,0,https://www.tiktok.com/@memecatcorporate/video/7463024940799790341,https://www.tiktok.com/@memecatcorporate/video/7463024940799790341?commentId=7483097098805740296,scraping_tiktok,nikensalendrynike,😂🤣😅
7464560935320503058,2025-01-27T11:49:08.000Z,0,https://www.tiktok.com/@memecatcorporate/video/7463024940799790341,https://www.tiktok.com/@memecatcorporate/video/7463024940799790341?commentId=7464560935320503058,scraping_tiktok,kaa_tikaaulia,Susternya coba yang make apd kesehatan🤣
7464072744727216903,2025-01-26T04:14:49.000Z,0,https://www.tiktok.com/@memecatcorporate/video/7463024940799790341,https://www.tiktok.com/@memecatcorporate/video/7463024940799790341?commentId=7464072744727216903,scraping_tiktok,nobita_doraemon57,"""ini sus"" kalau ""ini""nya di ilangin pasti jadi......"
7464086094293238549,2025-01-26T05:06:32.000Z,0,https://www.tiktok.com/@memecatcorporate/video/7463024940799790341,https://www.tiktok.com/@memecatcorporate/video/7463024940799790341?commentId=7464086094293238549,scraping_tiktok,gakgunagakgunagak,🤣
7464094015508611861,2025-01-26T05:37:09.000Z,0,https://www.tiktok.com/@memecatcorporate/video/7463024940799790341,https://www.tiktok.com/@memecatcorporate/video/7463024940799790341?commentId=7464094015508611861,scraping_tiktok,ray_crane77,😭😭😭😁😁😁
7464106381714129671,2025-01-26T06:25:16.000Z,0,https://www.tiktok.com/@memecatcorporate/video/7463024940799790341,https://www.tiktok.com/@memecatcorporate/video/7463024940799790341?commentId=7464106381714129671,scraping_tiktok,bevcyfaxzy,pilih kasih😹
7464111439662695175,2025-01-26T06:44:48.000Z,0,https://www.tiktok.com/@memecatcorporate/video/7463024940799790341,https://www.tiktok.com/@memecatcorporate/video/7463024940799790341?commentId=7464111439662695175,scraping_tiktok,fendi.boen.wen,😂😂😂😂😂😂😂😂
7541244676083876625,2025-08-22T03:21:06.000Z,0,https://www.tiktok.com/@memecatcorporate/video/7463024940799790341,https://www.tiktok.com/@memecatcorporate/video/7463024940799790341?commentId=7541244676083876625,scraping_tiktok,fajar.anugrah765,🥰
7516879170586018568,2025-06-17T11:30:23.000Z,0,https://www.tiktok.com/@memecatcorporate/video/7463024940799790341,https://www.tiktok.com/@memecatcorporate/video/7463024940799790341?commentId=7516879170586018568,scraping_tiktok,eno8176,🥰
7516867809051443976,2025-06-17T10:46:18.000Z,0,https://www.tiktok.com/@memecatcorporate/video/7463024940799790341,https://www.tiktok.com/@memecatcorporate/video/7463024940799790341?commentId=7516867809051443976,scraping_tiktok,123safitri3769,😁
7516784504926126855,2025-06-17T05:23:04.000Z,0,https://www.tiktok.com/@memecatcorporate/video/7463024940799790341,https://www.tiktok.com/@memecatcorporate/video/7463024940799790341?commentId=7516784504926126855,scraping_tiktok,balagu7,😇
7516452607813337874,2025-06-16T07:55:05.000Z,0,https://www.tiktok.com/@memecatcorporate/video/7463024940799790341,https://www.tiktok.com/@memecatcorporate/video/7463024940799790341?commentId=7516452607813337874,scraping_tiktok,mieaa31,😫
7516431346166022930,2025-06-16T06:32:38.000Z,0,https://www.tiktok.com/@memecatcorporate/video/7463024940799790341,https://www.tiktok.com/@memecatcorporate/video/7463024940799790341?commentId=7516431346166022930,scraping_tiktok,muvasur,🗿
7515997724565439240,2025-06-15T02:29:56.000Z,0,https://www.tiktok.com/@memecatcorporate/video/7463024940799790341,https://www.tiktok.com/@memecatcorporate/video/7463024940799790341?commentId=7515997724565439240,scraping_tiktok,wandachamidah12345,🥰🥰🥰
7515822661352850192,2025-06-14T15:10:34.000Z,0,https://www.tiktok.com/@memecatcorporate/video/7463024940799790341,https://www.tiktok.com/@memecatcorporate/video/7463024940799790341?commentId=7515822661352850192,scraping_tiktok,shaqila_siapa,💐
7515813473869628177,2025-06-14T14:34:58.000Z,0,https://www.tiktok.com/@memecatcorporate/video/7463024940799790341,https://www.tiktok.com/@memecatcorporate/video/7463024940799790341?commentId=7515813473869628177,scraping_tiktok,yudi_gen99,😂
7515734083994698497,2025-06-14T09:26:56.000Z,0,https://www.tiktok.com/@memecatcorporate/video/7463024940799790341,https://www.tiktok.com/@memecatcorporate/video/7463024940799790341?commentId=7515734083994698497,scraping_tiktok,butterflyispink,💗
7515714339597828871,2025-06-14T08:10:16.000Z,0,https://www.tiktok.com/@memecatcorporate/video/7463024940799790341,https://www.tiktok.com/@memecatcorporate/video/7463024940799790341?commentId=7515714339597828871,scraping_tiktok,liyyy471,😂
7515677210197328661,2025-06-14T05:46:13.000Z,0,https://www.tiktok.com/@memecatcorporate/video/7463024940799790341,https://www.tiktok.com/@memecatcorporate/video/7463024940799790341?commentId=7515677210197328661,scraping_tiktok,ruhamafarm,🥰
7514904813349389074,2025-06-12T03:48:53.000Z,0,https://www.tiktok.com/@memecatcorporate/video/7463024940799790341,https://www.tiktok.com/@memecatcorporate/video/7463024940799790341?commentId=7514904813349389074,scraping_tiktok,aetherngela,🤣🤣🤣
7514610924274418450,2025-06-11T08:48:25.000Z,0,https://www.tiktok.com/@memecatcorporate/video/7463024940799790341,https://www.tiktok.com/@memecatcorporate/video/7463024940799790341?commentId=7514610924274418450,scraping_tiktok,agengg13,@yullitrias @rahma
7514301589211005704,2025-06-10T12:48:04.000Z,0,https://www.tiktok.com/@memecatcorporate/video/7463024940799790341,https://www.tiktok.com/@memecatcorporate/video/7463024940799790341?commentId=7514301589211005704,scraping_tiktok,bupi04,😌
7553171827032441608,2025-09-23T06:44:25.000Z,0,https://www.tiktok.com/@memecatcorporate/video/7463024940799790341,https://www.tiktok.com/@memecatcorporate/video/7463024940799790341?commentId=7553171827032441608,scraping_tiktok,totoro14_,"itu yang mandiri harusnya mandiri dong, kan mandiri☺"
7537230772635124487,2025-08-11T07:45:04.000Z,0,https://www.tiktok.com/@memecatcorporate/video/7463024940799790341,https://www.tiktok.com/@memecatcorporate/video/7463024940799790341?commentId=7537230772635124487,scraping_tiktok,jamek9830,aku gak bpjs RS mewah alhmdlh dilayani macam org bayar 🥰🥰secar tiga kali drs yg sama playanan ok bngtt
7536190833224614674,2025-08-08T12:29:29.000Z,0,https://www.tiktok.com/@memecatcorporate/video/7463024940799790341,https://www.tiktok.com/@memecatcorporate/video/7463024940799790341?commentId=7536190833224614674,scraping_tiktok,eaglebustersbaby,"bpjs jg bayar, knp begitu"
7464827622431769351,2025-01-28T05:04:15.000Z,0,https://www.tiktok.com/@memecatcorporate/video/7463024940799790341,https://www.tiktok.com/@memecatcorporate/video/7463024940799790341?commentId=7464827622431769351,scraping_tiktok,jakunfc,"bpjs itu asli e kn byre ditanggung dr hsl pemasukan pemerintah, asli gk blh dsepelehkn"
7464988148265091847,2025-01-28T15:27:02.000Z,0,https://www.tiktok.com/@memecatcorporate/video/7463024940799790341,https://www.tiktok.com/@memecatcorporate/video/7463024940799790341?commentId=7464988148265091847,scraping_tiktok,achmadpururismail7,@Bobby Kertanegara benar engga ni boby 😂😂
7465622260763017989,2025-01-30T08:28:09.000Z,0,https://www.tiktok.com/@memecatcorporate/video/7463024940799790341,https://www.tiktok.com/@memecatcorporate/video/7463024940799790341?commentId=7465622260763017989,scraping_tiktok,phikaacuuu_,w gak pake bpjs pantes di panggil sayang sama suster nya wkwkw 🤣🤣🤣
7466200046448018194,2025-01-31T21:50:22.000Z,0,https://www.tiktok.com/@memecatcorporate/video/7463024940799790341,https://www.tiktok.com/@memecatcorporate/video/7463024940799790341?commentId=7466200046448018194,scraping_tiktok,anggestiegultom84,"kmrn suamiku dirawat 5 hari di emc cibitung pake bpjs pelayanannya cepet bgt, kamarnya besar dan bersih,, perawatnya baik dan sigap bgt.."
7466306901555577605,2025-02-01T04:44:34.000Z,0,https://www.tiktok.com/@memecatcorporate/video/7463024940799790341,https://www.tiktok.com/@memecatcorporate/video/7463024940799790341?commentId=7466306901555577605,scraping_tiktok,diansdian8,😂😂😂
7466376471013262087,2025-02-01T09:14:24.000Z,0,https://www.tiktok.com/@memecatcorporate/video/7463024940799790341,https://www.tiktok.com/@memecatcorporate/video/7463024940799790341?commentId=7466376471013262087,scraping_tiktok,pejuang_receh12345,yang pasti di indo ya🗿🗿
7466437419064476424,2025-02-01T13:10:48.000Z,0,https://www.tiktok.com/@memecatcorporate/video/7463024940799790341,https://www.tiktok.com/@memecatcorporate/video/7463024940799790341?commentId=7466437419064476424,scraping_tiktok,misskarta08,Kak ijin repost yaaa🙏🏼
7466456561629774599,2025-02-01T14:25:06.000Z,0,https://www.tiktok.com/@memecatcorporate/video/7463024940799790341,https://www.tiktok.com/@memecatcorporate/video/7463024940799790341?commentId=7466456561629774599,scraping_tiktok,always.b1llyy_,😁
7466456588812075784,2025-02-01T14:25:07.000Z,0,https://www.tiktok.com/@memecatcorporate/video/7463024940799790341,https://www.tiktok.com/@memecatcorporate/video/7463024940799790341?commentId=7466456588812075784,scraping_tiktok,always.b1llyy_,😳
7466644555745477381,2025-02-02T02:34:59.000Z,0,https://www.tiktok.com/@memecatcorporate/video/7463024940799790341,https://www.tiktok.com/@memecatcorporate/video/7463024940799790341?commentId=7466644555745477381,scraping_tiktok,whowho093,mungkin mereka lupa dengan sumpah NAKES
7466765031170999041,2025-02-02T10:22:02.000Z,0,https://www.tiktok.com/@memecatcorporate/video/7463024940799790341,https://www.tiktok.com/@memecatcorporate/video/7463024940799790341?commentId=7466765031170999041,scraping_tiktok,evinuratika_,Pake asuransi swasta jg dpt VIP ko premi 500 rb /bln ada
7463716835520365332,2025-01-25T05:13:38.000Z,0,https://www.tiktok.com/@memecatcorporate/video/7463024940799790341,https://www.tiktok.com/@memecatcorporate/video/7463024940799790341?commentId=7463716835520365332,scraping_tiktok,taurusgirllme,BPJS nya yg ribet soalnya..
7463179259117748999,2025-01-23T18:27:36.000Z,0,https://www.tiktok.com/@memecatcorporate/video/7463024940799790341,https://www.tiktok.com/@memecatcorporate/video/7463024940799790341?commentId=7463179259117748999,scraping_tiktok,stevanuz10,😅
7463330700982403848,2025-01-24T04:15:19.000Z,0,https://www.tiktok.com/@memecatcorporate/video/7463024940799790341,https://www.tiktok.com/@memecatcorporate/video/7463024940799790341?commentId=7463330700982403848,scraping_tiktok,roy.el08,🤣🤣🤣
7463599394231714561,2025-01-24T21:38:25.000Z,0,https://www.tiktok.com/@memecatcorporate/video/7463024940799790341,https://www.tiktok.com/@memecatcorporate/video/7463024940799790341?commentId=7463599394231714561,scraping_tiktok,trios929,Mohon maaf kamar sudah penuh 🤣🤣🤣
7463643890885968657,2025-01-25T00:30:49.000Z,0,https://www.tiktok.com/@memecatcorporate/video/7463024940799790341,https://www.tiktok.com/@memecatcorporate/video/7463024940799790341?commentId=7463643890885968657,scraping_tiktok,iuo613so,"tebak ujung:
🧇🧇🧇🧇🧇🧇🧇🧇🧇🧇🧇🧇🧇🧇🧇🧇🧇🧇🧇🧇🧇🧇🧇🧇🧇🧇🧇🧇🧇🧇🧇🧇🧇🧇🧇🧇🧇🧇🧇🧇🧇🧇🧇🧇🧇🧇🧇🧇🧇🧇🧇🧇🧇🧇🧇🧇🧇🧇🧇🧇🧇🧇🧇🧇🧇🧇🧇🧇🧇🧇🧇🧇🧇 🧇🧇🧇🧇🧇🧇🧇🧇🧇🧇🧇🧇🧇🧇່"
7463645139505120007,2025-01-25T00:35:52.000Z,0,https://www.tiktok.com/@memecatcorporate/video/7463024940799790341,https://www.tiktok.com/@memecatcorporate/video/7463024940799790341?commentId=7463645139505120007,scraping_tiktok,junartojun,😅😅😅
7463661213508420360,2025-01-25T01:38:05.000Z,0,https://www.tiktok.com/@memecatcorporate/video/7463024940799790341,https://www.tiktok.com/@memecatcorporate/video/7463024940799790341?commentId=7463661213508420360,scraping_tiktok,alxysakura2223,bapakku bpjs
7463661207876338439,2025-01-25T01:38:14.000Z,0,https://www.tiktok.com/@memecatcorporate/video/7463024940799790341,https://www.tiktok.com/@memecatcorporate/video/7463024940799790341?commentId=7463661207876338439,scraping_tiktok,alxysakura2223,mandiri tidak
7463667951222522631,2025-01-25T02:04:13.000Z,0,https://www.tiktok.com/@memecatcorporate/video/7463024940799790341,https://www.tiktok.com/@memecatcorporate/video/7463024940799790341?commentId=7463667951222522631,scraping_tiktok,taf.taa,di rs faske 1 aku masih aman² aja krn pasiennya gak begitu rame jadi adm sama perawat² disana masih santuy²
7463679346436915986,2025-01-25T02:48:10.000Z,0,https://www.tiktok.com/@memecatcorporate/video/7463024940799790341,https://www.tiktok.com/@memecatcorporate/video/7463024940799790341?commentId=7463679346436915986,scraping_tiktok,mrspaso69,@bpjskesehatan_ri
7463695874272756481,2025-01-25T03:52:23.000Z,0,https://www.tiktok.com/@memecatcorporate/video/7463024940799790341,https://www.tiktok.com/@memecatcorporate/video/7463024940799790341?commentId=7463695874272756481,scraping_tiktok,bari79515,😂😂😂
7463699596168037125,2025-01-25T04:07:16.000Z,0,https://www.tiktok.com/@memecatcorporate/video/7463024940799790341,https://www.tiktok.com/@memecatcorporate/video/7463024940799790341?commentId=7463699596168037125,scraping_tiktok,nn35303,sy bingung sm bpjs ibuku sakit Wis sekarat tau-tau gk bs pakai bpjs krn gk ada pyakitya
7463715299524821765,2025-01-25T05:08:14.000Z,0,https://www.tiktok.com/@memecatcorporate/video/7463024940799790341,https://www.tiktok.com/@memecatcorporate/video/7463024940799790341?commentId=7463715299524821765,scraping_tiktok,kurniawancepy22,😂😂
7467136320550667014,2025-02-03T10:23:30.000Z,0,https://www.tiktok.com/@memecatcorporate/video/7463024940799790341,https://www.tiktok.com/@memecatcorporate/video/7463024940799790341?commentId=7467136320550667014,scraping_tiktok,rosasapari,"Ya begitulah dunia bekerja di bidang apapun & di belahan dunia manapun, 1 $ = 1 Service. Kasih 10$ & 100$ ya 100 makin banyak servicenya. Hal yg wajar ga bisa protes, ngeluh"
7463717123694920456,2025-01-25T05:14:52.000Z,0,https://www.tiktok.com/@memecatcorporate/video/7463024940799790341,https://www.tiktok.com/@memecatcorporate/video/7463024940799790341?commentId=7463717123694920456,scraping_tiktok,agusdiradhiadharma1,❄️❄️❄️
7463720139961697031,2025-01-25T05:26:36.000Z,0,https://www.tiktok.com/@memecatcorporate/video/7463024940799790341,https://www.tiktok.com/@memecatcorporate/video/7463024940799790341?commentId=7463720139961697031,scraping_tiktok,mas.kim.90,realita sih ini 💃no hoax
7463720215173743367,2025-01-25T05:26:42.000Z,0,https://www.tiktok.com/@memecatcorporate/video/7463024940799790341,https://www.tiktok.com/@memecatcorporate/video/7463024940799790341?commentId=7463720215173743367,scraping_tiktok,febriansyah190860,fakta
7463731784900133650,2025-01-25T06:11:36.000Z,0,https://www.tiktok.com/@memecatcorporate/video/7463024940799790341,https://www.tiktok.com/@memecatcorporate/video/7463024940799790341?commentId=7463731784900133650,scraping_tiktok,muhammadarsyil74,gak juga perasaan sama saja ..
7463734946068611847,2025-01-25T06:24:03.000Z,0,https://www.tiktok.com/@memecatcorporate/video/7463024940799790341,https://www.tiktok.com/@memecatcorporate/video/7463024940799790341?commentId=7463734946068611847,scraping_tiktok,arian_alfarizi_,hapus bang videonya bikin keributan aje di kolom komentar
7476744620005720839,2025-03-01T07:47:54.000Z,0,https://www.tiktok.com/@memecatcorporate/video/7463024940799790341,https://www.tiktok.com/@memecatcorporate/video/7463024940799790341?commentId=7476744620005720839,scraping_tiktok,halusima_,😭😭😭
7471909957391827718,2025-02-16T07:07:30.000Z,0,https://www.tiktok.com/@memecatcorporate/video/7463024940799790341,https://www.tiktok.com/@memecatcorporate/video/7463024940799790341?commentId=7471909957391827718,scraping_tiktok,gamer_payah00,gue mandiri ke dokter spesialis dari nomor 18 jadi nomor 2. dan luar biasanya penanganan nya.
7472105841371775765,2025-02-16T19:47:38.000Z,0,https://www.tiktok.com/@memecatcorporate/video/7463024940799790341,https://www.tiktok.com/@memecatcorporate/video/7463024940799790341?commentId=7472105841371775765,scraping_tiktok,gausahmancing,"aku di jutekin susternya lho. gara2 panggil suster krn infus anak ku macet trs. padahal kan emang anak ku ny ga bisa diem, aku pake bpjs🤣🤣"
7473455366672646967,2025-02-20T11:04:15.000Z,0,https://www.tiktok.com/@memecatcorporate/video/7463024940799790341,https://www.tiktok.com/@memecatcorporate/video/7463024940799790341?commentId=7473455366672646967,scraping_tiktok,_mandadinz,💪
7473540872232387334,2025-02-20T16:35:58.000Z,0,https://www.tiktok.com/@memecatcorporate/video/7463024940799790341,https://www.tiktok.com/@memecatcorporate/video/7463024940799790341?commentId=7473540872232387334,scraping_tiktok,dj.ykkk,bpjs bayar loh. mana jarang sakit . kyk cuma ngasih pajak ke pemerintah aja
7474145878731653906,2025-02-22T07:43:27.000Z,0,https://www.tiktok.com/@memecatcorporate/video/7463024940799790341,https://www.tiktok.com/@memecatcorporate/video/7463024940799790341?commentId=7474145878731653906,scraping_tiktok,uni_irennn,apan pernah umum malah pelayanan judes
7474452169241363218,2025-02-23T03:32:04.000Z,0,https://www.tiktok.com/@memecatcorporate/video/7463024940799790341,https://www.tiktok.com/@memecatcorporate/video/7463024940799790341?commentId=7474452169241363218,scraping_tiktok,widya.siswati,😅
7475203483660501768,2025-02-25T04:07:40.000Z,0,https://www.tiktok.com/@memecatcorporate/video/7463024940799790341,https://www.tiktok.com/@memecatcorporate/video/7463024940799790341?commentId=7475203483660501768,scraping_tiktok,elidamustika,🥰
7475340332369101588,2025-02-25T12:58:31.000Z,0,https://www.tiktok.com/@memecatcorporate/video/7463024940799790341,https://www.tiktok.com/@memecatcorporate/video/7463024940799790341?commentId=7475340332369101588,scraping_tiktok,lindazakaria6,bersyukur ada bpjs menolong org sepertu sy ni..alhamdllh slm.sy brobat baik kok playann ny
7475532579778020101,2025-02-26T01:24:53.000Z,0,https://www.tiktok.com/@memecatcorporate/video/7463024940799790341,https://www.tiktok.com/@memecatcorporate/video/7463024940799790341?commentId=7475532579778020101,scraping_tiktok,nekatspilll,padahal suster gak gitu kok
7475726168957043464,2025-02-26T13:55:49.000Z,0,https://www.tiktok.com/@memecatcorporate/video/7463024940799790341,https://www.tiktok.com/@memecatcorporate/video/7463024940799790341?commentId=7475726168957043464,scraping_tiktok,black_cather,"kadang heran orng yg menyamaratakan RS
adeku, bibiku, bapaku, dn anaku
semua masuk rs rawat inap pake bpjs pelayanannya sangat bintang 5,"
7476044526533477121,2025-02-27T10:31:15.000Z,0,https://www.tiktok.com/@memecatcorporate/video/7463024940799790341,https://www.tiktok.com/@memecatcorporate/video/7463024940799790341?commentId=7476044526533477121,scraping_tiktok,alifizha,"Hallo Teman Teman Salam Kenal Dan Salam Sehat 👋🏻
©
Kenalin Nama Saya Alif 👋🏻 Dari MRT Stars Part Of Prudential Indonesia 👋🏻
©
Buat Teman Teman Yang Lagi Butuh Bantuan Terkait Asuransi Bisa Dm"
7476353949131752199,2025-02-28T06:32:06.000Z,0,https://www.tiktok.com/@memecatcorporate/video/7463024940799790341,https://www.tiktok.com/@memecatcorporate/video/7463024940799790341?commentId=7476353949131752199,scraping_tiktok,1riki_yana,😂😂😂
7476372701747577607,2025-02-28T07:44:49.000Z,0,https://www.tiktok.com/@memecatcorporate/video/7463024940799790341,https://www.tiktok.com/@memecatcorporate/video/7463024940799790341?commentId=7476372701747577607,scraping_tiktok,cemplok_2023,😂
7471648834546270982,2025-02-15T14:14:08.000Z,0,https://www.tiktok.com/@memecatcorporate/video/7463024940799790341,https://www.tiktok.com/@memecatcorporate/video/7463024940799790341?commentId=7471648834546270982,scraping_tiktok,grzzzwy,😹
7476880662983082760,2025-03-01T16:35:56.000Z,0,https://www.tiktok.com/@memecatcorporate/video/7463024940799790341,https://www.tiktok.com/@memecatcorporate/video/7463024940799790341?commentId=7476880662983082760,scraping_tiktok,curtina.catra,😁
7476956332415943431,2025-03-01T21:29:40.000Z,0,https://www.tiktok.com/@memecatcorporate/video/7463024940799790341,https://www.tiktok.com/@memecatcorporate/video/7463024940799790341?commentId=7476956332415943431,scraping_tiktok,heeeeeeeeeee1123234555,tergantung RS nya
7477471512217142023,2025-03-03T06:48:49.000Z,0,https://www.tiktok.com/@memecatcorporate/video/7463024940799790341,https://www.tiktok.com/@memecatcorporate/video/7463024940799790341?commentId=7477471512217142023,scraping_tiktok,usi7098,😁😁😁
7477744567191388936,2025-03-04T00:28:26.000Z,0,https://www.tiktok.com/@memecatcorporate/video/7463024940799790341,https://www.tiktok.com/@memecatcorporate/video/7463024940799790341?commentId=7477744567191388936,scraping_tiktok,om.beb_48,"Aku masuk ugd pake bpjs pelayananya tetap prima kok bintang 5 plus dan gak ada yang bedakan to pasien bpjs or mandiri sama aja, mungkin tergantung rs sihnya klo rs bethesda jogja juara to pelayanannya 🥰"
7477888039294845714,2025-03-04T09:45:05.000Z,0,https://www.tiktok.com/@memecatcorporate/video/7463024940799790341,https://www.tiktok.com/@memecatcorporate/video/7463024940799790341?commentId=7477888039294845714,scraping_tiktok,emayunita65,😂
7477971114124493588,2025-03-04T15:07:18.000Z,0,https://www.tiktok.com/@memecatcorporate/video/7463024940799790341,https://www.tiktok.com/@memecatcorporate/video/7463024940799790341?commentId=7477971114124493588,scraping_tiktok,sitiharyatii22,"Alhamdulillah pengalaman ku kemarin Bln februari waktu lairan SC pakai bpjs pemerintah Alhamdulillah rumah sakitnya GK beda2kan ,perawat dan dokternya juga pada gercep2 pelayanan juga baik"
7478005159651705608,2025-03-04T17:19:39.000Z,0,https://www.tiktok.com/@memecatcorporate/video/7463024940799790341,https://www.tiktok.com/@memecatcorporate/video/7463024940799790341?commentId=7478005159651705608,scraping_tiktok,lkyee_,😂
7478814858785424136,2025-03-06T21:42:03.000Z,0,https://www.tiktok.com/@memecatcorporate/video/7463024940799790341,https://www.tiktok.com/@memecatcorporate/video/7463024940799790341?commentId=7478814858785424136,scraping_tiktok,putri5.11.08.0,"saya px BPJS mandiri,di bayar tiap bulan, sampai saat ini pun belum operasi,bxk lambat"
7463737528593761031,2025-01-25T06:34:03.000Z,0,https://www.tiktok.com/@memecatcorporate/video/7463024940799790341,https://www.tiktok.com/@memecatcorporate/video/7463024940799790341?commentId=7463737528593761031,scraping_tiktok,andik_sucipto,kalau semisal fakta kenapa kalian tidak pakai umum semuanya..?? 🙂‍↔️
7463737937889559314,2025-01-25T06:35:21.000Z,0,https://www.tiktok.com/@memecatcorporate/video/7463024940799790341,https://www.tiktok.com/@memecatcorporate/video/7463024940799790341?commentId=7463737937889559314,scraping_tiktok,zerskiee3,Mandiri? kok di ambilin😹😹
7463739605893743368,2025-01-25T06:41:58.000Z,0,https://www.tiktok.com/@memecatcorporate/video/7463024940799790341,https://www.tiktok.com/@memecatcorporate/video/7463024940799790341?commentId=7463739605893743368,scraping_tiktok,maamh.junior.tang,ia bener ... sys aj terapi anak sya pake BPJS pelayannya ke gimnaa gituu 🙏
7463746298615218952,2025-01-25T07:08:05.000Z,0,https://www.tiktok.com/@memecatcorporate/video/7463024940799790341,https://www.tiktok.com/@memecatcorporate/video/7463024940799790341?commentId=7463746298615218952,scraping_tiktok,khalil6867,bzir obat inden🗿
7463754677356970759,2025-01-25T07:40:22.000Z,0,https://www.tiktok.com/@memecatcorporate/video/7463024940799790341,https://www.tiktok.com/@memecatcorporate/video/7463024940799790341?commentId=7463754677356970759,scraping_tiktok,makyasu,😂😂😂
7463784443658224390,2025-01-25T09:36:36.000Z,0,https://www.tiktok.com/@memecatcorporate/video/7463024940799790341,https://www.tiktok.com/@memecatcorporate/video/7463024940799790341?commentId=7463784443658224390,scraping_tiktok,tommysetiawarman,kaga ada bedanya mandiri sama bpjs..gw bpjs kelar 2 ditempati yg 1 kamar ber 8 minta air di ambilin jg tp karna gw gk suka air panas gw blg air dingin aja sus ttp di ambilin tuh..
7463975021088015110,2025-01-25T21:55:44.000Z,0,https://www.tiktok.com/@memecatcorporate/video/7463024940799790341,https://www.tiktok.com/@memecatcorporate/video/7463024940799790341?commentId=7463975021088015110,scraping_tiktok,joniamakusa,sama ja aku mandiri tapi ngantri juga sama yg bpjs😁😁
7470495561012331265,2025-02-12T11:38:28.000Z,0,https://www.tiktok.com/@memecatcorporate/video/7463024940799790341,https://www.tiktok.com/@memecatcorporate/video/7463024940799790341?commentId=7470495561012331265,scraping_tiktok,chaqi1,aq berobat selalu pake bpjs tp alhamdulillah rumah sakit rujukan ku selalu bagus kok melayani
7470414809596101431,2025-02-12T06:25:44.000Z,0,https://www.tiktok.com/@memecatcorporate/video/7463024940799790341,https://www.tiktok.com/@memecatcorporate/video/7463024940799790341?commentId=7470414809596101431,scraping_tiktok,dj_cia3,😂😂😂
7470420255056921352,2025-02-12T06:46:23.000Z,0,https://www.tiktok.com/@memecatcorporate/video/7463024940799790341,https://www.tiktok.com/@memecatcorporate/video/7463024940799790341?commentId=7470420255056921352,scraping_tiktok,dear_mawa,😊😊😊
7470422866321556232,2025-02-12T06:56:24.000Z,0,https://www.tiktok.com/@memecatcorporate/video/7463024940799790341,https://www.tiktok.com/@memecatcorporate/video/7463024940799790341?commentId=7470422866321556232,scraping_tiktok,anizenal5,emang bener kayak gitu apa lagi kalo bpjs di cuekin gk di layanin mala kalo nanya di jutekkin emang bener
7470439084159173394,2025-02-12T07:59:12.000Z,0,https://www.tiktok.com/@memecatcorporate/video/7463024940799790341,https://www.tiktok.com/@memecatcorporate/video/7463024940799790341?commentId=7470439084159173394,scraping_tiktok,eli.munika,engga koq suamiku pasien BPJS operasi ring jantung pelayanannya sangat baik dirawat 5 hari sampai pulang nakesnya + dr nya semuanya gercep
7470440963150004999,2025-02-12T08:06:49.000Z,0,https://www.tiktok.com/@memecatcorporate/video/7463024940799790341,https://www.tiktok.com/@memecatcorporate/video/7463024940799790341?commentId=7470440963150004999,scraping_tiktok,rudi.hartanto12,"itulah nasib orang kcil sebenarnya aturanya sdah bnar cuma oknum"" bnyak yg bejad moralnya"
7470462357376156437,2025-02-12T09:29:53.000Z,0,https://www.tiktok.com/@memecatcorporate/video/7463024940799790341,https://www.tiktok.com/@memecatcorporate/video/7463024940799790341?commentId=7470462357376156437,scraping_tiktok,mariaida45,🤣🤣🤣😭😭😭😭
7470465089427653382,2025-02-12T09:40:41.000Z,0,https://www.tiktok.com/@memecatcorporate/video/7463024940799790341,https://www.tiktok.com/@memecatcorporate/video/7463024940799790341?commentId=7470465089427653382,scraping_tiktok,meni.putra,sama aja mandiri sama bpjs. semua sama ga bedanya
7470468066134393605,2025-02-12T09:52:08.000Z,0,https://www.tiktok.com/@memecatcorporate/video/7463024940799790341,https://www.tiktok.com/@memecatcorporate/video/7463024940799790341?commentId=7470468066134393605,scraping_tiktok,yuni.wyn5,bpjs jga byr uang sendiri lo
7470471089931387703,2025-02-12T10:04:06.000Z,0,https://www.tiktok.com/@memecatcorporate/video/7463024940799790341,https://www.tiktok.com/@memecatcorporate/video/7463024940799790341?commentId=7470471089931387703,scraping_tiktok,siti.marsiah51,😅😅😅
7470478035955811080,2025-02-12T10:30:23.000Z,0,https://www.tiktok.com/@memecatcorporate/video/7463024940799790341,https://www.tiktok.com/@memecatcorporate/video/7463024940799790341?commentId=7470478035955811080,scraping_tiktok,mujirah.gadis,"gak seperti itu, anak saya sakit pakai bpjs dari pemerintah tp pelayanan nya dr dokter dan perawat bagus semua"
7470488903544701713,2025-02-12T11:12:35.000Z,0,https://www.tiktok.com/@memecatcorporate/video/7463024940799790341,https://www.tiktok.com/@memecatcorporate/video/7463024940799790341?commentId=7470488903544701713,scraping_tiktok,futritannjung,pasien bpjs bayar dluan..dmn gratis nya
7470495187358499600,2025-02-12T11:36:57.000Z,0,https://www.tiktok.com/@memecatcorporate/video/7463024940799790341,https://www.tiktok.com/@memecatcorporate/video/7463024940799790341?commentId=7470495187358499600,scraping_tiktok,siva.aja8,kg seperti itu saya gulak balik di rawat pelayanan bagus tergantung rumah sakitnya kali
7470414261375992584,2025-02-12T06:23:09.000Z,0,https://www.tiktok.com/@memecatcorporate/video/7463024940799790341,https://www.tiktok.com/@memecatcorporate/video/7463024940799790341?commentId=7470414261375992584,scraping_tiktok,padma.333,"Inilah sistem kesehatan kita buruk, masa sklas rumah sakit kaya perusahaan"
7470498132389331720,2025-02-12T11:48:29.000Z,0,https://www.tiktok.com/@memecatcorporate/video/7463024940799790341,https://www.tiktok.com/@memecatcorporate/video/7463024940799790341?commentId=7470498132389331720,scraping_tiktok,usernajmb,bpjs bayar ..kelas 1 dl 100 rb kelas 2 dl 50 rb ..karena bpjs naik maka gantila kls 3..bayar 37500..lg pula..bpjs...kheemm...
7470509822849417992,2025-02-12T12:33:46.000Z,0,https://www.tiktok.com/@memecatcorporate/video/7463024940799790341,https://www.tiktok.com/@memecatcorporate/video/7463024940799790341?commentId=7470509822849417992,scraping_tiktok,libra6029,sebenarnya harus sama2 menerima baik pelayanan nya karna BPJS sama mandiri sama2 di bayar nya BPJS langsung di potong perusahaan gaji karyawan tiap gajian cuma telat perusahaan bayar ke BPJS😳🙏
7470522060772868882,2025-02-12T13:21:21.000Z,0,https://www.tiktok.com/@memecatcorporate/video/7463024940799790341,https://www.tiktok.com/@memecatcorporate/video/7463024940799790341?commentId=7470522060772868882,scraping_tiktok,indah34389,pideo lucu😃😃😃😄😄😄
7470710409537733384,2025-02-13T01:32:38.000Z,0,https://www.tiktok.com/@memecatcorporate/video/7463024940799790341,https://www.tiktok.com/@memecatcorporate/video/7463024940799790341?commentId=7470710409537733384,scraping_tiktok,jakasona593,kapok di rumah sakit itu lagi luka parah di ruang Rontgen kaya di mainin.oksigen yg pake tabung saat ganti lama dan respirator di kasih yg agak mampet
7470719618932884242,2025-02-13T02:08:08.000Z,0,https://www.tiktok.com/@memecatcorporate/video/7463024940799790341,https://www.tiktok.com/@memecatcorporate/video/7463024940799790341?commentId=7470719618932884242,scraping_tiktok,umiyayah340,emang. beunar. 😄
7470722515174998802,2025-02-13T02:19:11.000Z,0,https://www.tiktok.com/@memecatcorporate/video/7463024940799790341,https://www.tiktok.com/@memecatcorporate/video/7463024940799790341?commentId=7470722515174998802,scraping_tiktok,lianaswa1,"faktanya adikku operasi mandiri bayar 20jt perawatannya ramah ramah operasi gk sakit pas minta pulang tdk di bolehin sampai benar benar enakan
pas berikut nya pakai bpjs habis operasi terasa sakit"
7470722692909237010,2025-02-13T02:19:59.000Z,0,https://www.tiktok.com/@memecatcorporate/video/7463024940799790341,https://www.tiktok.com/@memecatcorporate/video/7463024940799790341?commentId=7470722692909237010,scraping_tiktok,lianaswa1,dan waktu minta pulang langsung di bolehin padahal baru 2hari😌
7470862613120041736,2025-02-13T11:22:41.000Z,0,https://www.tiktok.com/@memecatcorporate/video/7463024940799790341,https://www.tiktok.com/@memecatcorporate/video/7463024940799790341?commentId=7470862613120041736,scraping_tiktok,mamahziren,saya pake BPJS. tapi bayar sndiri.. apa dong namanya🙏🙏🙏
7471313051414659895,2025-02-14T16:30:57.000Z,0,https://www.tiktok.com/@memecatcorporate/video/7463024940799790341,https://www.tiktok.com/@memecatcorporate/video/7463024940799790341?commentId=7471313051414659895,scraping_tiktok,margareta.senjaa,😂😂😂emang bener kaya gtu si..
7470724838703006471,2025-02-13T02:28:24.000Z,0,https://www.tiktok.com/@memecatcorporate/video/7463024940799790341,https://www.tiktok.com/@memecatcorporate/video/7463024940799790341?commentId=7470724838703006471,scraping_tiktok,titi.atmadja,"BPJS juga kan bayar,, memang sih ada yg gratis,, tapi klau ambil yg bayar,, pelayanan nya beda gitu 😳😳😳"
7470734735393030919,2025-02-13T03:06:41.000Z,0,https://www.tiktok.com/@memecatcorporate/video/7463024940799790341,https://www.tiktok.com/@memecatcorporate/video/7463024940799790341?commentId=7470734735393030919,scraping_tiktok,mamikmazidah,"di tempat saya nak ada bedanya
bjs PBI atau mandiri
pelayanan sama"
7470734748904014609,2025-02-13T03:06:53.000Z,0,https://www.tiktok.com/@memecatcorporate/video/7463024940799790341,https://www.tiktok.com/@memecatcorporate/video/7463024940799790341?commentId=7470734748904014609,scraping_tiktok,indahpuspitasar996,real ....terus BPJS juga bayar setiap bulan.kenapa di bedakan😳
7470374816278889223,2025-02-12T03:50:07.000Z,0,https://www.tiktok.com/@memecatcorporate/video/7463024940799790341,https://www.tiktok.com/@memecatcorporate/video/7463024940799790341?commentId=7470374816278889223,scraping_tiktok,insaniwahyu,BPJS itu sama dengan asuransi...
7467483162848936710,2025-02-04T08:49:27.000Z,0,https://www.tiktok.com/@memecatcorporate/video/7463024940799790341,https://www.tiktok.com/@memecatcorporate/video/7463024940799790341?commentId=7467483162848936710,scraping_tiktok,videos4567890,"""Dunia ini tidak adil kawan jadi angkat senjatamu buat menegakkan keadilan"""
7467697958830932743,2025-02-04T22:43:09.000Z,0,https://www.tiktok.com/@memecatcorporate/video/7463024940799790341,https://www.tiktok.com/@memecatcorporate/video/7463024940799790341?commentId=7467697958830932743,scraping_tiktok,hrx1812,@gerindra
7468536045165757185,2025-02-07T04:54:38.000Z,0,https://www.tiktok.com/@memecatcorporate/video/7463024940799790341,https://www.tiktok.com/@memecatcorporate/video/7463024940799790341?commentId=7468536045165757185,scraping_tiktok,erma_libasut06,"pengalaman lahiran sc bulan sept lalu, pake bpjs mandiri kelas 1, dikasih kamar nya kelas 3, itu pun 5hari perawatan katanya kamar kelas 1 penuh terus, disuruh pindah vip deposit 6jt dulu 😅"
7468673393648665352,2025-02-07T13:47:33.000Z,0,https://www.tiktok.com/@memecatcorporate/video/7463024940799790341,https://www.tiktok.com/@memecatcorporate/video/7463024940799790341?commentId=7468673393648665352,scraping_tiktok,agusramdani9615,😹😹😅😂
7468800912950067989,2025-02-07T22:02:43.000Z,0,https://www.tiktok.com/@memecatcorporate/video/7463024940799790341,https://www.tiktok.com/@memecatcorporate/video/7463024940799790341?commentId=7468800912950067989,scraping_tiktok,aucigemini2,🤣🤣🤣
7468928730393084688,2025-02-08T06:18:24.000Z,0,https://www.tiktok.com/@memecatcorporate/video/7463024940799790341,https://www.tiktok.com/@memecatcorporate/video/7463024940799790341?commentId=7468928730393084688,scraping_tiktok,halimah.ajja.imah,🤗🤗🤗😁😁
7468997892687823634,2025-02-08T10:46:49.000Z,0,https://www.tiktok.com/@memecatcorporate/video/7463024940799790341,https://www.tiktok.com/@memecatcorporate/video/7463024940799790341?commentId=7468997892687823634,scraping_tiktok,tebakajadulu410,🥰🥰🥰
7469013972345422600,2025-02-08T11:49:16.000Z,0,https://www.tiktok.com/@memecatcorporate/video/7463024940799790341,https://www.tiktok.com/@memecatcorporate/video/7463024940799790341?commentId=7469013972345422600,scraping_tiktok,daffa.daffi.diva,ah g bgtu sy pkai bpjs asuransi bayar tunai sm2 kelas 2 semua alhamdulillh sama aja pelayananx cuma memang beda di obat tp pelayananx alhamdulillah g pernah mengecewakan
7469298174264574741,2025-02-09T06:12:01.000Z,0,https://www.tiktok.com/@memecatcorporate/video/7463024940799790341,https://www.tiktok.com/@memecatcorporate/video/7463024940799790341?commentId=7469298174264574741,scraping_tiktok,1linois,🥰
7470063883811734277,2025-02-11T07:44:08.000Z,0,https://www.tiktok.com/@memecatcorporate/video/7463024940799790341,https://www.tiktok.com/@memecatcorporate/video/7463024940799790341?commentId=7470063883811734277,scraping_tiktok,primadiningarumdi,saya bpjs mandiri
7470344468232602375,2025-02-12T01:52:25.000Z,0,https://www.tiktok.com/@memecatcorporate/video/7463024940799790341,https://www.tiktok.com/@memecatcorporate/video/7463024940799790341?commentId=7470344468232602375,scraping_tiktok,ningrumsudibyo,klo di RS dokternya Mlah nyaranin pke BPJS soalnya kasihan masak orang sakit Mlah di mintain duit....
7470357120668959489,2025-02-12T02:41:22.000Z,0,https://www.tiktok.com/@memecatcorporate/video/7463024940799790341,https://www.tiktok.com/@memecatcorporate/video/7463024940799790341?commentId=7470357120668959489,scraping_tiktok,dewikurnia2717,😂😂😂
7470389304674616072,2025-02-12T04:46:05.000Z,0,https://www.tiktok.com/@memecatcorporate/video/7463024940799790341,https://www.tiktok.com/@memecatcorporate/video/7463024940799790341?commentId=7470389304674616072,scraping_tiktok,mimicat284,hibuar biar gak sepa neng bolo😂😂😂
7470392387053224722,2025-02-12T04:58:19.000Z,0,https://www.tiktok.com/@memecatcorporate/video/7463024940799790341,https://www.tiktok.com/@memecatcorporate/video/7463024940799790341?commentId=7470392387053224722,scraping_tiktok,ridha2054,😂😂😂😂😂😂😂 kocak😂🤪
7470398968163648273,2025-02-12T05:23:52.000Z,0,https://www.tiktok.com/@memecatcorporate/video/7463024940799790341,https://www.tiktok.com/@memecatcorporate/video/7463024940799790341?commentId=7470398968163648273,scraping_tiktok,vivio4638,wkwkwkwk
7470402481366778631,2025-02-12T05:37:20.000Z,0,https://www.tiktok.com/@memecatcorporate/video/7463024940799790341,https://www.tiktok.com/@memecatcorporate/video/7463024940799790341?commentId=7470402481366778631,scraping_tiktok,bale_bagong,Aahh...nyang boneng?
7470405614709129992,2025-02-12T05:49:33.000Z,0,https://www.tiktok.com/@memecatcorporate/video/7463024940799790341,https://www.tiktok.com/@memecatcorporate/video/7463024940799790341?commentId=7470405614709129992,scraping_tiktok,aylieli,🤣🤣🤣😄😄😄😄
7470405964995412744,2025-02-12T05:50:40.000Z,0,https://www.tiktok.com/@memecatcorporate/video/7463024940799790341,https://www.tiktok.com/@memecatcorporate/video/7463024940799790341?commentId=7470405964995412744,scraping_tiktok,seenjaaaaaaa__,@VIA SAFITRI 😅
7470406452743226120,2025-02-12T05:52:44.000Z,0,https://www.tiktok.com/@memecatcorporate/video/7463024940799790341,https://www.tiktok.com/@memecatcorporate/video/7463024940799790341?commentId=7470406452743226120,scraping_tiktok,bundashizuka06,kalo pas di ICU dokter tanya ini pasien BPJS apa mandiri selalu tanya itu krn aku pernah ngalamin pas suami aku sakit😭😭
7470406587514995473,2025-02-12T05:53:24.000Z,0,https://www.tiktok.com/@memecatcorporate/video/7463024940799790341,https://www.tiktok.com/@memecatcorporate/video/7463024940799790341?commentId=7470406587514995473,scraping_tiktok,susanna18_,"klu model kyk gni, lgsg aj melapor sma pak prabowo, seakan gk adil"
7470409066196599558,2025-02-12T06:03:16.000Z,0,https://www.tiktok.com/@memecatcorporate/video/7463024940799790341,https://www.tiktok.com/@memecatcorporate/video/7463024940799790341?commentId=7470409066196599558,scraping_tiktok,frostyseren,miris negara ini
7470409453403276050,2025-02-12T06:04:26.000Z,0,https://www.tiktok.com/@memecatcorporate/video/7463024940799790341,https://www.tiktok.com/@memecatcorporate/video/7463024940799790341?commentId=7470409453403276050,scraping_tiktok,riaria232727,😅😅😅😅😅😅😅😅
7470413492043957009,2025-02-12T06:20:06.000Z,0,https://www.tiktok.com/@memecatcorporate/video/7463024940799790341,https://www.tiktok.com/@memecatcorporate/video/7463024940799790341?commentId=7470413492043957009,scraping_tiktok,kalamsiti,😂😂😂😂😂
7507968055670997768,2025-05-24T11:10:42.000Z,0,https://www.tiktok.com/@memecatcorporate/video/7463024940799790341,https://www.tiktok.com/@memecatcorporate/video/7463024940799790341?commentId=7507968055670997768,scraping_tiktok,niniksaptooktavia,😏
7506496856424268552,2025-05-20T12:01:44.000Z,0,https://www.tiktok.com/@memecatcorporate/video/7463024940799790341,https://www.tiktok.com/@memecatcorporate/video/7463024940799790341?commentId=7506496856424268552,scraping_tiktok,xiao_wang_mei,"lah aku kebalikan , periksa mandiri malah disuruh antri"" berjam"" trs yg daftar online bpjs yang di dahulukan 😂"
7527517150912611089,2025-07-16T03:31:16.000Z,0,https://www.tiktok.com/@memecatcorporate/video/7463024940799790341,https://www.tiktok.com/@memecatcorporate/video/7463024940799790341?commentId=7527517150912611089,scraping_tiktok,bputri.1920_,😂
7527269324122669832,2025-07-15T11:29:27.000Z,0,https://www.tiktok.com/@memecatcorporate/video/7463024940799790341,https://www.tiktok.com/@memecatcorporate/video/7463024940799790341?commentId=7527269324122669832,scraping_tiktok,milkcreamyy1,🤣
7526528701808362241,2025-07-13T11:35:32.000Z,0,https://www.tiktok.com/@memecatcorporate/video/7463024940799790341,https://www.tiktok.com/@memecatcorporate/video/7463024940799790341?commentId=7526528701808362241,scraping_tiktok,tridwi.maryani,😁
7526169419198989073,2025-07-12T12:21:16.000Z,0,https://www.tiktok.com/@memecatcorporate/video/7463024940799790341,https://www.tiktok.com/@memecatcorporate/video/7463024940799790341?commentId=7526169419198989073,scraping_tiktok,alm1raaa_17,😳
7524716609577042704,2025-07-08T14:23:44.000Z,0,https://www.tiktok.com/@memecatcorporate/video/7463024940799790341,https://www.tiktok.com/@memecatcorporate/video/7463024940799790341?commentId=7524716609577042704,scraping_tiktok,dibkitchen,😂
7524125536977961736,2025-07-07T00:10:05.000Z,0,https://www.tiktok.com/@memecatcorporate/video/7463024940799790341,https://www.tiktok.com/@memecatcorporate/video/7463024940799790341?commentId=7524125536977961736,scraping_tiktok,san21_hasibuan,😂
7470414142881645367,2025-02-12T06:22:52.000Z,0,https://www.tiktok.com/@memecatcorporate/video/7463024940799790341,https://www.tiktok.com/@memecatcorporate/video/7463024940799790341?commentId=7470414142881645367,scraping_tiktok,nabiisabukanjesus,makanya jangan andelin BPJS bikin rumah sakit rugi aja
7507528816928260882,2025-05-23T06:46:13.000Z,0,https://www.tiktok.com/@memecatcorporate/video/7463024940799790341,https://www.tiktok.com/@memecatcorporate/video/7463024940799790341?commentId=7507528816928260882,scraping_tiktok,lovely_ucy,😁
7506190245978407701,2025-05-19T16:12:00.000Z,0,https://www.tiktok.com/@memecatcorporate/video/7463024940799790341,https://www.tiktok.com/@memecatcorporate/video/7463024940799790341?commentId=7506190245978407701,scraping_tiktok,hendra.prayoga6,alhamdulilah saya mah ngga orang ramah baik2
7506288856447533831,2025-05-19T22:35:18.000Z,0,https://www.tiktok.com/@memecatcorporate/video/7463024940799790341,https://www.tiktok.com/@memecatcorporate/video/7463024940799790341?commentId=7506288856447533831,scraping_tiktok,imas.telukjambe,🥰
7506493329119544071,2025-05-20T11:48:11.000Z,0,https://www.tiktok.com/@memecatcorporate/video/7463024940799790341,https://www.tiktok.com/@memecatcorporate/video/7463024940799790341?commentId=7506493329119544071,scraping_tiktok,harnik18,🥰
7506495819870225159,2025-05-20T11:57:52.000Z,0,https://www.tiktok.com/@memecatcorporate/video/7463024940799790341,https://www.tiktok.com/@memecatcorporate/video/7463024940799790341?commentId=7506495819870225159,scraping_tiktok,herlan2006,🥰
7506813453978780424,2025-05-21T08:30:22.000Z,0,https://www.tiktok.com/@memecatcorporate/video/7463024940799790341,https://www.tiktok.com/@memecatcorporate/video/7463024940799790341?commentId=7506813453978780424,scraping_tiktok,paviliun.jakal.km,😂
7506817582718190343,2025-05-21T08:46:28.000Z,0,https://www.tiktok.com/@memecatcorporate/video/7463024940799790341,https://www.tiktok.com/@memecatcorporate/video/7463024940799790341?commentId=7506817582718190343,scraping_tiktok,hayy.diii,😂😂😂
7506820616663450386,2025-05-21T08:58:18.000Z,0,https://www.tiktok.com/@memecatcorporate/video/7463024940799790341,https://www.tiktok.com/@memecatcorporate/video/7463024940799790341?commentId=7506820616663450386,scraping_tiktok,heryani.soewardhi,😏
7507101488368648976,2025-05-22T03:08:00.000Z,0,https://www.tiktok.com/@memecatcorporate/video/7463024940799790341,https://www.tiktok.com/@memecatcorporate/video/7463024940799790341?commentId=7507101488368648976,scraping_tiktok,imasazzahra28,alhamdulillah BPJS pelayanan bagus
7507121814448997137,2025-05-22T04:27:03.000Z,0,https://www.tiktok.com/@memecatcorporate/video/7463024940799790341,https://www.tiktok.com/@memecatcorporate/video/7463024940799790341?commentId=7507121814448997137,scraping_tiktok,lhies0926,🥰
7507121831619756817,2025-05-22T04:27:03.000Z,0,https://www.tiktok.com/@memecatcorporate/video/7463024940799790341,https://www.tiktok.com/@memecatcorporate/video/7463024940799790341?commentId=7507121831619756817,scraping_tiktok,lhies0926,🙏
7507446284442174215,2025-05-23T01:25:58.000Z,0,https://www.tiktok.com/@memecatcorporate/video/7463024940799790341,https://www.tiktok.com/@memecatcorporate/video/7463024940799790341?commentId=7507446284442174215,scraping_tiktok,yaniie_06,"saya lahiran bpjs, alhamdulillah dokter, cs, nakes smuanya super duper baikkk"
7506099876842947346,2025-05-19T10:21:23.000Z,0,https://www.tiktok.com/@memecatcorporate/video/7463024940799790341,https://www.tiktok.com/@memecatcorporate/video/7463024940799790341?commentId=7506099876842947346,scraping_tiktok,rhipann,😂
7507603903325274888,2025-05-23T11:37:34.000Z,0,https://www.tiktok.com/@memecatcorporate/video/7463024940799790341,https://www.tiktok.com/@memecatcorporate/video/7463024940799790341?commentId=7507603903325274888,scraping_tiktok,siapaelooo__2167,💙
7507664866476491527,2025-05-23T15:34:09.000Z,0,https://www.tiktok.com/@memecatcorporate/video/7463024940799790341,https://www.tiktok.com/@memecatcorporate/video/7463024940799790341?commentId=7507664866476491527,scraping_tiktok,stevench2308,"ya jelas lah, yang 1 dibayar CASH, yang 1 dibayarnya 6 bulan kemudian 😂"
7507887175477445384,2025-05-24T05:56:51.000Z,0,https://www.tiktok.com/@memecatcorporate/video/7463024940799790341,https://www.tiktok.com/@memecatcorporate/video/7463024940799790341?commentId=7507887175477445384,scraping_tiktok,rosyid3903,🥰
7507968061354459922,2025-05-24T11:10:42.000Z,0,https://www.tiktok.com/@memecatcorporate/video/7463024940799790341,https://www.tiktok.com/@memecatcorporate/video/7463024940799790341?commentId=7507968061354459922,scraping_tiktok,niniksaptooktavia,😂
7508022516918485768,2025-05-24T14:42:01.000Z,0,https://www.tiktok.com/@memecatcorporate/video/7463024940799790341,https://www.tiktok.com/@memecatcorporate/video/7463024940799790341?commentId=7508022516918485768,scraping_tiktok,mamaafif01,😋
7508158921694118674,2025-05-24T23:31:30.000Z,0,https://www.tiktok.com/@memecatcorporate/video/7463024940799790341,https://www.tiktok.com/@memecatcorporate/video/7463024940799790341?commentId=7508158921694118674,scraping_tiktok,ssaturn.jj3n,🥰
7508303288320754439,2025-05-25T08:51:32.000Z,0,https://www.tiktok.com/@memecatcorporate/video/7463024940799790341,https://www.tiktok.com/@memecatcorporate/video/7463024940799790341?commentId=7508303288320754439,scraping_tiktok,mamey.menganti,alhamdulillah di RSO soeharso pelayanannya sangat baik..walopun saya pasien bpjs.TERIMA KASIH BANYAK RSO SOEHARSO ❤️❤️
7508380831076664082,2025-05-25T13:52:27.000Z,0,https://www.tiktok.com/@memecatcorporate/video/7463024940799790341,https://www.tiktok.com/@memecatcorporate/video/7463024940799790341?commentId=7508380831076664082,scraping_tiktok,malasari_naura,🤣
7508538332453274369,2025-05-26T00:04:03.000Z,0,https://www.tiktok.com/@memecatcorporate/video/7463024940799790341,https://www.tiktok.com/@memecatcorporate/video/7463024940799790341?commentId=7508538332453274369,scraping_tiktok,ratnaayusuparno,gak juga ah..
7508601178377159432,2025-05-26T04:07:30.000Z,0,https://www.tiktok.com/@memecatcorporate/video/7463024940799790341,https://www.tiktok.com/@memecatcorporate/video/7463024940799790341?commentId=7508601178377159432,scraping_tiktok,fikri.jaelani9,betul banget tu
7508728592580707090,2025-05-26T12:22:01.000Z,0,https://www.tiktok.com/@memecatcorporate/video/7463024940799790341,https://www.tiktok.com/@memecatcorporate/video/7463024940799790341?commentId=7508728592580707090,scraping_tiktok,ratmibayu875,🥰
7502748891054736149,2025-05-10T09:37:48.000Z,0,https://www.tiktok.com/@memecatcorporate/video/7463024940799790341,https://www.tiktok.com/@memecatcorporate/video/7463024940799790341?commentId=7502748891054736149,scraping_tiktok,sheliaananda11,lah aku bpjs layanan nya baik baik
7502987681513800455,2025-05-11T01:04:29.000Z,0,https://www.tiktok.com/@memecatcorporate/video/7463024940799790341,https://www.tiktok.com/@memecatcorporate/video/7463024940799790341?commentId=7502987681513800455,scraping_tiktok,inggridcaroline26,😁😁😁
7470736592283648823,2025-02-13T03:14:25.000Z,0,https://www.tiktok.com/@memecatcorporate/video/7463024940799790341,https://www.tiktok.com/@memecatcorporate/video/7463024940799790341?commentId=7470736592283648823,scraping_tiktok,jambulkucing,🤣🤣🤣🙄
7482250660965614354,2025-03-16T03:54:16.000Z,0,https://www.tiktok.com/@memecatcorporate/video/7463024940799790341,https://www.tiktok.com/@memecatcorporate/video/7463024940799790341?commentId=7482250660965614354,scraping_tiktok,hspsst029,😁
7464382427671839493,2025-01-27T00:16:43.000Z,0,https://www.tiktok.com/@memecatcorporate/video/7463024940799790341,https://www.tiktok.com/@memecatcorporate/video/7463024940799790341?commentId=7464382427671839493,scraping_tiktok,justcallmematthew87,😎
7464115016066695954,2025-01-26T06:58:47.000Z,0,https://www.tiktok.com/@memecatcorporate/video/7463024940799790341,https://www.tiktok.com/@memecatcorporate/video/7463024940799790341?commentId=7464115016066695954,scraping_tiktok,insangproduction.com,Hahaha......www
7464143752731984646,2025-01-26T08:50:45.000Z,0,https://www.tiktok.com/@memecatcorporate/video/7463024940799790341,https://www.tiktok.com/@memecatcorporate/video/7463024940799790341?commentId=7464143752731984646,scraping_tiktok,alwaysepep5927,gw sumpahin lu semua sukses
7464164695877206792,2025-01-26T10:11:27.000Z,0,https://www.tiktok.com/@memecatcorporate/video/7463024940799790341,https://www.tiktok.com/@memecatcorporate/video/7463024940799790341?commentId=7464164695877206792,scraping_tiktok,areniaarenia,skrg kek nya gk bgini
7464166997569831681,2025-01-26T10:20:32.000Z,0,https://www.tiktok.com/@memecatcorporate/video/7463024940799790341,https://www.tiktok.com/@memecatcorporate/video/7463024940799790341?commentId=7464166997569831681,scraping_tiktok,siapaajaaaa69,tenang g semua rs gini ko
7464200396158042887,2025-01-26T12:30:06.000Z,0,https://www.tiktok.com/@memecatcorporate/video/7463024940799790341,https://www.tiktok.com/@memecatcorporate/video/7463024940799790341?commentId=7464200396158042887,scraping_tiktok,captainzogaputra29,allhamdulilah di daerah saya pasien BPJS di layani dengan baik saya juga kemaren oprasi pakek bpjs
7464382468825809670,2025-01-27T00:16:43.000Z,0,https://www.tiktok.com/@memecatcorporate/video/7463024940799790341,https://www.tiktok.com/@memecatcorporate/video/7463024940799790341?commentId=7464382468825809670,scraping_tiktok,justcallmematthew87,👍
7533829298085069586,2025-08-02T03:45:31.000Z,0,https://www.tiktok.com/@memecatcorporate/video/7463024940799790341,https://www.tiktok.com/@memecatcorporate/video/7463024940799790341?commentId=7533829298085069586,scraping_tiktok,swandung,mgkn..Krn preminya kan LBH mahal juaaaauuuhh
7503107337813590791,2025-05-11T08:48:43.000Z,0,https://www.tiktok.com/@memecatcorporate/video/7463024940799790341,https://www.tiktok.com/@memecatcorporate/video/7463024940799790341?commentId=7503107337813590791,scraping_tiktok,ny.kr7364,masak sih.aq pernah JD pasien.sama aja kok.aq pernah kena kanker sampai kemo n batu empedu..di layani dg baik
7503139518523130642,2025-05-11T10:53:36.000Z,0,https://www.tiktok.com/@memecatcorporate/video/7463024940799790341,https://www.tiktok.com/@memecatcorporate/video/7463024940799790341?commentId=7503139518523130642,scraping_tiktok,rasya.ngpsh,🥰
7503315565134873352,2025-05-11T22:17:05.000Z,0,https://www.tiktok.com/@memecatcorporate/video/7463024940799790341,https://www.tiktok.com/@memecatcorporate/video/7463024940799790341?commentId=7503315565134873352,scraping_tiktok,bikamarianaa,"gaji dipotong mulu gara2 bpjs pdhl_-, indo kocak"
7503358557598302993,2025-05-12T01:03:55.000Z,0,https://www.tiktok.com/@memecatcorporate/video/7463024940799790341,https://www.tiktok.com/@memecatcorporate/video/7463024940799790341?commentId=7503358557598302993,scraping_tiktok,zakiahh_7,🥰🥰🥰
7503730030972683026,2025-05-13T01:05:24.000Z,0,https://www.tiktok.com/@memecatcorporate/video/7463024940799790341,https://www.tiktok.com/@memecatcorporate/video/7463024940799790341?commentId=7503730030972683026,scraping_tiktok,ferfe0801,😭
7503919264648545040,2025-05-13T13:19:32.000Z,0,https://www.tiktok.com/@memecatcorporate/video/7463024940799790341,https://www.tiktok.com/@memecatcorporate/video/7463024940799790341?commentId=7503919264648545040,scraping_tiktok,hawwah.1210,🥰
7504108506313999122,2025-05-14T01:34:09.000Z,0,https://www.tiktok.com/@memecatcorporate/video/7463024940799790341,https://www.tiktok.com/@memecatcorporate/video/7463024940799790341?commentId=7504108506313999122,scraping_tiktok,user301527538,🤣🤣🤣🤣🤦‍♂️gw udah ngerasain mau mninggoy 🤣🤣🤣🤣🤣
7504439494865077000,2025-05-14T22:59:09.000Z,0,https://www.tiktok.com/@memecatcorporate/video/7463024940799790341,https://www.tiktok.com/@memecatcorporate/video/7463024940799790341?commentId=7504439494865077000,scraping_tiktok,gakushkepo_10,❤️
7504593281327563527,2025-05-15T08:55:01.000Z,0,https://www.tiktok.com/@memecatcorporate/video/7463024940799790341,https://www.tiktok.com/@memecatcorporate/video/7463024940799790341?commentId=7504593281327563527,scraping_tiktok,ciuzan,Pake bpjs itu tergantung amal 🙏🏻 selama ini alhamdulillah aman
7504593890470183688,2025-05-15T08:57:20.000Z,0,https://www.tiktok.com/@memecatcorporate/video/7463024940799790341,https://www.tiktok.com/@memecatcorporate/video/7463024940799790341?commentId=7504593890470183688,scraping_tiktok,rahayu94440,anaku di rawat di RS pake BPJS pbi dari pemerintah gratis alhamdulillah pelayanannya baik
7508962313234105096,2025-05-27T03:28:57.000Z,0,https://www.tiktok.com/@memecatcorporate/video/7463024940799790341,https://www.tiktok.com/@memecatcorporate/video/7463024940799790341?commentId=7508962313234105096,scraping_tiktok,silvii.maryam1,"menurut ku nggak kok,,
atau tergantung RS nya kali ya"
7505062137673794312,2025-05-16T15:14:20.000Z,0,https://www.tiktok.com/@memecatcorporate/video/7463024940799790341,https://www.tiktok.com/@memecatcorporate/video/7463024940799790341?commentId=7505062137673794312,scraping_tiktok,anitakhanza8,😂
7505194933756003090,2025-05-16T23:50:17.000Z,0,https://www.tiktok.com/@memecatcorporate/video/7463024940799790341,https://www.tiktok.com/@memecatcorporate/video/7463024940799790341?commentId=7505194933756003090,scraping_tiktok,yuyunkevin88,alhmdulilh sih aq BPJS kis malah tp ramah aja...gmn Rumkit ma perawatnya mnurutku sih
7505195941491163922,2025-05-16T23:53:54.000Z,0,https://www.tiktok.com/@memecatcorporate/video/7463024940799790341,https://www.tiktok.com/@memecatcorporate/video/7463024940799790341?commentId=7505195941491163922,scraping_tiktok,dek.nastin,👍
7505218982879855381,2025-05-17T01:23:21.000Z,0,https://www.tiktok.com/@memecatcorporate/video/7463024940799790341,https://www.tiktok.com/@memecatcorporate/video/7463024940799790341?commentId=7505218982879855381,scraping_tiktok,mrs_roziachmad12,😂
7505255940871701256,2025-05-17T03:46:31.000Z,0,https://www.tiktok.com/@memecatcorporate/video/7463024940799790341,https://www.tiktok.com/@memecatcorporate/video/7463024940799790341?commentId=7505255940871701256,scraping_tiktok,ibaytengker15,😁
7505406726833980176,2025-05-17T13:31:28.000Z,0,https://www.tiktok.com/@memecatcorporate/video/7463024940799790341,https://www.tiktok.com/@memecatcorporate/video/7463024940799790341?commentId=7505406726833980176,scraping_tiktok,lysa0207l,@nadia🦚 @Nadia
7505659739188380434,2025-05-18T05:53:22.000Z,0,https://www.tiktok.com/@memecatcorporate/video/7463024940799790341,https://www.tiktok.com/@memecatcorporate/video/7463024940799790341?commentId=7505659739188380434,scraping_tiktok,jshila95,😂
7505670211909223176,2025-05-18T06:34:07.000Z,0,https://www.tiktok.com/@memecatcorporate/video/7463024940799790341,https://www.tiktok.com/@memecatcorporate/video/7463024940799790341?commentId=7505670211909223176,scraping_tiktok,user4794592307537,🥰
7505711639737910037,2025-05-18T09:14:51.000Z,0,https://www.tiktok.com/@memecatcorporate/video/7463024940799790341,https://www.tiktok.com/@memecatcorporate/video/7463024940799790341?commentId=7505711639737910037,scraping_tiktok,a.adindaintan,padahal bpjs juga bayar tiap tahun☹️
7505920006385042194,2025-05-18T22:44:13.000Z,0,https://www.tiktok.com/@memecatcorporate/video/7463024940799790341,https://www.tiktok.com/@memecatcorporate/video/7463024940799790341?commentId=7505920006385042194,scraping_tiktok,nfana_77,😁
7505937594637107976,2025-05-18T23:52:07.000Z,0,https://www.tiktok.com/@memecatcorporate/video/7463024940799790341,https://www.tiktok.com/@memecatcorporate/video/7463024940799790341?commentId=7505937594637107976,scraping_tiktok,rachfiiiiiiiii,😂
7506066462679810834,2025-05-19T08:11:37.000Z,0,https://www.tiktok.com/@memecatcorporate/video/7463024940799790341,https://www.tiktok.com/@memecatcorporate/video/7463024940799790341?commentId=7506066462679810834,scraping_tiktok,inke74,"BPJS iti bayar loch, gaji tiap bulan dipotong"
7513765742740603666,2025-06-09T02:08:43.000Z,0,https://www.tiktok.com/@memecatcorporate/video/7463024940799790341,https://www.tiktok.com/@memecatcorporate/video/7463024940799790341?commentId=7513765742740603666,scraping_tiktok,fatimahweddingg,"saya prnh dimarahin perawatnya krn nanyak alat uap saya jawab ada dimeja sus,posisi meja ada di samping perawat pas sedangkan posisi saya agak jauh dari mejanya dikaki ranjang pasien,siperawat malah nyolot""ya diambil buk"" seketika ngelus dada segini amat jdi orang miskin😩"
7512115486692950802,2025-06-04T15:24:49.000Z,0,https://www.tiktok.com/@memecatcorporate/video/7463024940799790341,https://www.tiktok.com/@memecatcorporate/video/7463024940799790341?commentId=7512115486692950802,scraping_tiktok,user7559268167009,😂
7512193624206115592,2025-06-04T20:28:13.000Z,0,https://www.tiktok.com/@memecatcorporate/video/7463024940799790341,https://www.tiktok.com/@memecatcorporate/video/7463024940799790341?commentId=7512193624206115592,scraping_tiktok,nurpesek12345,nyimak aja yg udh pernah ngerasain😭😭😭
7512304154897056528,2025-06-05T03:37:09.000Z,0,https://www.tiktok.com/@memecatcorporate/video/7463024940799790341,https://www.tiktok.com/@memecatcorporate/video/7463024940799790341?commentId=7512304154897056528,scraping_tiktok,setyowati.fitri,🥰
7512304137306194704,2025-06-05T03:37:09.000Z,0,https://www.tiktok.com/@memecatcorporate/video/7463024940799790341,https://www.tiktok.com/@memecatcorporate/video/7463024940799790341?commentId=7512304137306194704,scraping_tiktok,setyowati.fitri,😂
7512707255067165458,2025-06-06T05:41:14.000Z,0,https://www.tiktok.com/@memecatcorporate/video/7463024940799790341,https://www.tiktok.com/@memecatcorporate/video/7463024940799790341?commentId=7512707255067165458,scraping_tiktok,khoniahlaimah,😁
7527242615823418130,2025-07-15T09:45:52.000Z,0,https://www.tiktok.com/@memecatcorporate/video/7463024940799790341,https://www.tiktok.com/@memecatcorporate/video/7463024940799790341?commentId=7527242615823418130,scraping_tiktok,777ac1,sekarang kalau sakit baru 1 hari' ngga bisa pake BPJS harus uang pribadi kalau sudah 3hari katanya dokter baru' bisa 😭😭
7513755467622744850,2025-06-09T01:28:52.000Z,0,https://www.tiktok.com/@memecatcorporate/video/7463024940799790341,https://www.tiktok.com/@memecatcorporate/video/7463024940799790341?commentId=7513755467622744850,scraping_tiktok,lesrin11322,🥰
7515023966572020501,2025-06-12T11:31:17.000Z,0,https://www.tiktok.com/@memecatcorporate/video/7463024940799790341,https://www.tiktok.com/@memecatcorporate/video/7463024940799790341?commentId=7515023966572020501,scraping_tiktok,tumangger2,aku sbgi dokter kagak ada gitu
7515116304442295047,2025-06-12T17:29:33.000Z,0,https://www.tiktok.com/@memecatcorporate/video/7463024940799790341,https://www.tiktok.com/@memecatcorporate/video/7463024940799790341?commentId=7515116304442295047,scraping_tiktok,bihuuun87,"bpjs juga bayar walaupun nyicil tapi seumur hidup bre😭, yaelahh"
7510652932284547858,2025-05-31T16:49:27.000Z,0,https://www.tiktok.com/@memecatcorporate/video/7463024940799790341,https://www.tiktok.com/@memecatcorporate/video/7463024940799790341?commentId=7510652932284547858,scraping_tiktok,agustd_daegu93boy,"semoga jangan pernah ngalamin KY gini,, Alhamdullah selama ini pake BPJS dilayani dengan baik,,kl perawat LG sibuk ya harap maklum aja,pasien bukan kita doang tapi banyak dan yg megang biasanya cm 3_4org perawat aja"
7509386729452716818,2025-05-28T06:55:54.000Z,0,https://www.tiktok.com/@memecatcorporate/video/7463024940799790341,https://www.tiktok.com/@memecatcorporate/video/7463024940799790341?commentId=7509386729452716818,scraping_tiktok,chepty_attalla,Bener lho
7509395472345596690,2025-05-28T07:29:51.000Z,0,https://www.tiktok.com/@memecatcorporate/video/7463024940799790341,https://www.tiktok.com/@memecatcorporate/video/7463024940799790341?commentId=7509395472345596690,scraping_tiktok,mandalaodheputra,dulu skr nda lah
7509437604799562514,2025-05-28T10:13:19.000Z,0,https://www.tiktok.com/@memecatcorporate/video/7463024940799790341,https://www.tiktok.com/@memecatcorporate/video/7463024940799790341?commentId=7509437604799562514,scraping_tiktok,ikinjaw12,😳
7509459974646924040,2025-05-28T11:40:08.000Z,0,https://www.tiktok.com/@memecatcorporate/video/7463024940799790341,https://www.tiktok.com/@memecatcorporate/video/7463024940799790341?commentId=7509459974646924040,scraping_tiktok,ayuk8580,🥰
7509465101788087047,2025-05-28T12:03:42.000Z,0,https://www.tiktok.com/@memecatcorporate/video/7463024940799790341,https://www.tiktok.com/@memecatcorporate/video/7463024940799790341?commentId=7509465101788087047,scraping_tiktok,momsendy,jangan salahkan nakes. tanyain ke BPJS tuh😁😁😁😁
7509675668642218759,2025-05-29T01:37:06.000Z,0,https://www.tiktok.com/@memecatcorporate/video/7463024940799790341,https://www.tiktok.com/@memecatcorporate/video/7463024940799790341?commentId=7509675668642218759,scraping_tiktok,momandkei,😅
7509780245407843080,2025-05-29T08:22:55.000Z,0,https://www.tiktok.com/@memecatcorporate/video/7463024940799790341,https://www.tiktok.com/@memecatcorporate/video/7463024940799790341?commentId=7509780245407843080,scraping_tiktok,butirandebuu69,"Alhamdulillah lahiran pake bpjs dokter susternya baik²
anak dirawat selama 7 hari pake bpjs dokter susternya juga baik²"
7509781656108188423,2025-05-29T08:28:28.000Z,0,https://www.tiktok.com/@memecatcorporate/video/7463024940799790341,https://www.tiktok.com/@memecatcorporate/video/7463024940799790341?commentId=7509781656108188423,scraping_tiktok,tinitoon952,🥰
7509880790931866424,2025-05-29T14:53:09.000Z,0,https://www.tiktok.com/@memecatcorporate/video/7463024940799790341,https://www.tiktok.com/@memecatcorporate/video/7463024940799790341?commentId=7509880790931866424,scraping_tiktok,dina.andini52,"alhamdulillah udh 3 kali lahiran ,2kali dirsud karawang 1kali dibakti husada cikarang pelayanannya baik pake kis"
7510179057321902866,2025-05-30T10:10:27.000Z,0,https://www.tiktok.com/@memecatcorporate/video/7463024940799790341,https://www.tiktok.com/@memecatcorporate/video/7463024940799790341?commentId=7510179057321902866,scraping_tiktok,endahfzmhop,"perasaan sama aja , kecuali di kls vip dan vvip"
7510503116677382919,2025-05-31T07:08:03.000Z,0,https://www.tiktok.com/@memecatcorporate/video/7463024940799790341,https://www.tiktok.com/@memecatcorporate/video/7463024940799790341?commentId=7510503116677382919,scraping_tiktok,juneo2320,dulu ank saya biaya mandiri satu kamar dengan ank yg bpjs.prasaan sama aja pelayanannya..g dibeda bedakan sepertii di vt
7538667737276154642,2025-08-15T04:41:09.000Z,0,https://www.tiktok.com/@memecatcorporate/video/7463024940799790341,https://www.tiktok.com/@memecatcorporate/video/7463024940799790341?commentId=7538667737276154642,scraping_tiktok,.tika.comel1,😅
7538736572121203457,2025-08-15T09:08:18.000Z,0,https://www.tiktok.com/@memecatcorporate/video/7463024940799790341,https://www.tiktok.com/@memecatcorporate/video/7463024940799790341?commentId=7538736572121203457,scraping_tiktok,nini17303,🥰
7539174833314693896,2025-08-16T13:28:58.000Z,0,https://www.tiktok.com/@memecatcorporate/video/7463024940799790341,https://www.tiktok.com/@memecatcorporate/video/7463024940799790341?commentId=7539174833314693896,scraping_tiktok,sxxxxxa_,😁😁😁
7539566478745551634,2025-08-17T14:48:44.000Z,0,https://www.tiktok.com/@memecatcorporate/video/7463024940799790341,https://www.tiktok.com/@memecatcorporate/video/7463024940799790341?commentId=7539566478745551634,scraping_tiktok,putripatricia946,😂😂😂😂
7540057013297726224,2025-08-18T22:32:39.000Z,0,https://www.tiktok.com/@memecatcorporate/video/7463024940799790341,https://www.tiktok.com/@memecatcorporate/video/7463024940799790341?commentId=7540057013297726224,scraping_tiktok,prttyyoen,🥰
7540145152812942098,2025-08-19T04:14:19.000Z,0,https://www.tiktok.com/@memecatcorporate/video/7463024940799790341,https://www.tiktok.com/@memecatcorporate/video/7463024940799790341?commentId=7540145152812942098,scraping_tiktok,rennaaprillllllllllll,😳
7540461295674704657,2025-08-20T00:41:11.000Z,0,https://www.tiktok.com/@memecatcorporate/video/7463024940799790341,https://www.tiktok.com/@memecatcorporate/video/7463024940799790341?commentId=7540461295674704657,scraping_tiktok,rsa687,😭😭😭
7540534131982385941,2025-08-20T05:23:42.000Z,0,https://www.tiktok.com/@memecatcorporate/video/7463024940799790341,https://www.tiktok.com/@memecatcorporate/video/7463024940799790341?commentId=7540534131982385941,scraping_tiktok,halimah.ali76,😭😭
7540585400353784596,2025-08-20T08:42:43.000Z,0,https://www.tiktok.com/@memecatcorporate/video/7463024940799790341,https://www.tiktok.com/@memecatcorporate/video/7463024940799790341?commentId=7540585400353784596,scraping_tiktok,lovesayeee06,😭😭😭
7537869249826669319,2025-08-13T01:02:41.000Z,0,https://www.tiktok.com/@memecatcorporate/video/7463024940799790341,https://www.tiktok.com/@memecatcorporate/video/7463024940799790341?commentId=7537869249826669319,scraping_tiktok,lya.294,🥰
7540511636542866194,2025-08-20T03:56:28.000Z,0,https://www.tiktok.com/@memecatcorporate/video/7463024940799790341,https://www.tiktok.com/@memecatcorporate/video/7463024940799790341?commentId=7540511636542866194,scraping_tiktok,mellynniamonica,😂😂😂
7537835451614233362,2025-08-12T22:51:39.000Z,0,https://www.tiktok.com/@memecatcorporate/video/7463024940799790341,https://www.tiktok.com/@memecatcorporate/video/7463024940799790341?commentId=7537835451614233362,scraping_tiktok,alinnpau8,🥰
7538662455045456647,2025-08-15T04:20:40.000Z,0,https://www.tiktok.com/@memecatcorporate/video/7463024940799790341,https://www.tiktok.com/@memecatcorporate/video/7463024940799790341?commentId=7538662455045456647,scraping_tiktok,tita.rosita701,🤣
7470724544870826758,2025-02-13T02:27:27.000Z,0,https://www.tiktok.com/@memecatcorporate/video/7463024940799790341,https://www.tiktok.com/@memecatcorporate/video/7463024940799790341?commentId=7470724544870826758,scraping_tiktok,rosmika871,😂😂🥰
7510781779885949704,2025-06-01T01:09:28.000Z,0,https://www.tiktok.com/@memecatcorporate/video/7463024940799790341,https://www.tiktok.com/@memecatcorporate/video/7463024940799790341?commentId=7510781779885949704,scraping_tiktok,ifaputr21,😳
7510791491234628360,2025-06-01T01:47:10.000Z,0,https://www.tiktok.com/@memecatcorporate/video/7463024940799790341,https://www.tiktok.com/@memecatcorporate/video/7463024940799790341?commentId=7510791491234628360,scraping_tiktok,misslaurariamorasinaga,🤣🤣🤣
7511216133967414024,2025-06-02T05:14:54.000Z,0,https://www.tiktok.com/@memecatcorporate/video/7463024940799790341,https://www.tiktok.com/@memecatcorporate/video/7463024940799790341?commentId=7511216133967414024,scraping_tiktok,lidya_yntsr,😭
7511356276397441810,2025-06-02T14:18:44.000Z,0,https://www.tiktok.com/@memecatcorporate/video/7463024940799790341,https://www.tiktok.com/@memecatcorporate/video/7463024940799790341?commentId=7511356276397441810,scraping_tiktok,superhero0073,😁
7511671997123527442,2025-06-03T10:43:52.000Z,0,https://www.tiktok.com/@memecatcorporate/video/7463024940799790341,https://www.tiktok.com/@memecatcorporate/video/7463024940799790341?commentId=7511671997123527442,scraping_tiktok,acelss18,🥰
7511730053296079624,2025-06-03T14:29:09.000Z,0,https://www.tiktok.com/@memecatcorporate/video/7463024940799790341,https://www.tiktok.com/@memecatcorporate/video/7463024940799790341?commentId=7511730053296079624,scraping_tiktok,miassol07,Tdk segitu juga semua Kita Anggap sama. tdk mengenal Golongan jabatan dll.
7511782594658468615,2025-06-03T17:53:03.000Z,0,https://www.tiktok.com/@memecatcorporate/video/7463024940799790341,https://www.tiktok.com/@memecatcorporate/video/7463024940799790341?commentId=7511782594658468615,scraping_tiktok,paijo2498777321,Istri jadi pasien di RMSl pelayanan nya bagus banget padahal pakai BPJS.
7511885095079592712,2025-06-04T00:30:57.000Z,0,https://www.tiktok.com/@memecatcorporate/video/7463024940799790341,https://www.tiktok.com/@memecatcorporate/video/7463024940799790341?commentId=7511885095079592712,scraping_tiktok,tri_sukma3,😏
7492291469304283925,2025-04-12T05:17:47.000Z,0,https://www.tiktok.com/@memecatcorporate/video/7463024940799790341,https://www.tiktok.com/@memecatcorporate/video/7463024940799790341?commentId=7492291469304283925,scraping_tiktok,itsmes.y.n,🤣🤣🤣🤣🤣
7491581722484638482,2025-04-10T07:23:28.000Z,0,https://www.tiktok.com/@memecatcorporate/video/7463024940799790341,https://www.tiktok.com/@memecatcorporate/video/7463024940799790341?commentId=7491581722484638482,scraping_tiktok,user1719668467586,😂
7491606311475692309,2025-04-10T08:59:03.000Z,0,https://www.tiktok.com/@memecatcorporate/video/7463024940799790341,https://www.tiktok.com/@memecatcorporate/video/7463024940799790341?commentId=7491606311475692309,scraping_tiktok,matchaa.lavv,😂😂😂😂
7491630652157690642,2025-04-10T10:33:23.000Z,0,https://www.tiktok.com/@memecatcorporate/video/7463024940799790341,https://www.tiktok.com/@memecatcorporate/video/7463024940799790341?commentId=7491630652157690642,scraping_tiktok,ribka6667,🤣🤣🤣
7491907024726737680,2025-04-11T04:26:08.000Z,0,https://www.tiktok.com/@memecatcorporate/video/7463024940799790341,https://www.tiktok.com/@memecatcorporate/video/7463024940799790341?commentId=7491907024726737680,scraping_tiktok,zr.elok,tenaga kesehatan itu tidak ada yang membeda bedakan antara pasien bpjs atapun pasien umum
7491976996868801287,2025-04-11T08:57:19.000Z,0,https://www.tiktok.com/@memecatcorporate/video/7463024940799790341,https://www.tiktok.com/@memecatcorporate/video/7463024940799790341?commentId=7491976996868801287,scraping_tiktok,irenepuspadewi1,gak begini lah saya pk BPJS dilayanin dengan baik kok..
7492011596359123720,2025-04-11T11:11:44.000Z,0,https://www.tiktok.com/@memecatcorporate/video/7463024940799790341,https://www.tiktok.com/@memecatcorporate/video/7463024940799790341?commentId=7492011596359123720,scraping_tiktok,aminahjahra1029,serius pinter banget meong nya😂😂😂
7492022632046756616,2025-04-11T11:54:26.000Z,0,https://www.tiktok.com/@memecatcorporate/video/7463024940799790341,https://www.tiktok.com/@memecatcorporate/video/7463024940799790341?commentId=7492022632046756616,scraping_tiktok,borubatakborusinaga,🤪🤪🤪🤪
7492041921713881874,2025-04-11T13:09:16.000Z,0,https://www.tiktok.com/@memecatcorporate/video/7463024940799790341,https://www.tiktok.com/@memecatcorporate/video/7463024940799790341?commentId=7492041921713881874,scraping_tiktok,ze.e061,"om ku hampir meninggal krn di tolak bpjs nya, sampe skrg ku ingat btul orgx itu. smpe sy komplain ke kantor bpjs knp RS ini menolak kmi, pdhal kmi byar bpjs ga prnh telat. kmudian pihak bpjs lngsung tlp RS tersebut. br di layani"
7492201688208589586,2025-04-11T23:29:29.000Z,0,https://www.tiktok.com/@memecatcorporate/video/7463024940799790341,https://www.tiktok.com/@memecatcorporate/video/7463024940799790341?commentId=7492201688208589586,scraping_tiktok,cholifatul_mukaromah1802,"dirumah sakit mana ada kayak gtu,mau minum ya ambil sendiri/diambilin pihak keluarga aq aja di RS pkai VIP ngk gtu,klau makan udah dijadwalkan sama semua jamnya maupun VVIP,VIP,kls 1,2,3 jam makan sama kok.sehari 3kli sama cemilan 2kali sehari pagi dan sore saja."
7492243391346918151,2025-04-12T02:11:06.000Z,0,https://www.tiktok.com/@memecatcorporate/video/7463024940799790341,https://www.tiktok.com/@memecatcorporate/video/7463024940799790341?commentId=7492243391346918151,scraping_tiktok,rullz757,🥰
7492254451274908424,2025-04-12T02:54:11.000Z,0,https://www.tiktok.com/@memecatcorporate/video/7463024940799790341,https://www.tiktok.com/@memecatcorporate/video/7463024940799790341?commentId=7492254451274908424,scraping_tiktok,cherry.ootd93,🙏
7492267538357945106,2025-04-12T03:44:47.000Z,0,https://www.tiktok.com/@memecatcorporate/video/7463024940799790341,https://www.tiktok.com/@memecatcorporate/video/7463024940799790341?commentId=7492267538357945106,scraping_tiktok,sarmilaaprilia4,untung aku ga prnh masuk rumah sakit jadi ga tau beda nya🤣
7491297457642570516,2025-04-09T13:00:30.000Z,0,https://www.tiktok.com/@memecatcorporate/video/7463024940799790341,https://www.tiktok.com/@memecatcorporate/video/7463024940799790341?commentId=7491297457642570516,scraping_tiktok,fiyandut3,😁
7492300645001888530,2025-04-12T05:53:14.000Z,0,https://www.tiktok.com/@memecatcorporate/video/7463024940799790341,https://www.tiktok.com/@memecatcorporate/video/7463024940799790341?commentId=7492300645001888530,scraping_tiktok,owner.2nr,🗿
7492307781023056647,2025-04-12T06:20:57.000Z,0,https://www.tiktok.com/@memecatcorporate/video/7463024940799790341,https://www.tiktok.com/@memecatcorporate/video/7463024940799790341?commentId=7492307781023056647,scraping_tiktok,dwi.sulistianingsih_,😂😂😂😂
7492336258800550673,2025-04-12T08:11:59.000Z,0,https://www.tiktok.com/@memecatcorporate/video/7463024940799790341,https://www.tiktok.com/@memecatcorporate/video/7463024940799790341?commentId=7492336258800550673,scraping_tiktok,windaj11,😂
7492403347157484295,2025-04-12T12:31:46.000Z,0,https://www.tiktok.com/@memecatcorporate/video/7463024940799790341,https://www.tiktok.com/@memecatcorporate/video/7463024940799790341?commentId=7492403347157484295,scraping_tiktok,nnominrilll,"ada cerita, tdi mama gw habis dri checkup, trus dokter ny dtg tpi muka ny bdmood bgt gatau knp dh, trs pas pulang nya, mama gw cht tnya tnya tntng bpjs malah jwbnnya ngeselin bgt kocag, pdhl mah cm"
7464055790980350738,2025-01-26T03:09:03.000Z,0,https://www.tiktok.com/@memecatcorporate/video/7463024940799790341,https://www.tiktok.com/@memecatcorporate/video/7463024940799790341?commentId=7464055790980350738,scraping_tiktok,azmi.m39,padahal lebih banyak rakyat yang pake BBJS😂
7492662310820086535,2025-04-13T05:16:50.000Z,0,https://www.tiktok.com/@memecatcorporate/video/7463024940799790341,https://www.tiktok.com/@memecatcorporate/video/7463024940799790341?commentId=7492662310820086535,scraping_tiktok,akundihapus136,😂😂
7492683163338441480,2025-04-13T06:37:43.000Z,0,https://www.tiktok.com/@memecatcorporate/video/7463024940799790341,https://www.tiktok.com/@memecatcorporate/video/7463024940799790341?commentId=7492683163338441480,scraping_tiktok,hartatahtasyahlamelita,😭
7492724473226232582,2025-04-13T09:18:20.000Z,0,https://www.tiktok.com/@memecatcorporate/video/7463024940799790341,https://www.tiktok.com/@memecatcorporate/video/7463024940799790341?commentId=7492724473226232582,scraping_tiktok,irmawatidjohan,😭
7492827991984308999,2025-04-13T15:59:47.000Z,0,https://www.tiktok.com/@memecatcorporate/video/7463024940799790341,https://www.tiktok.com/@memecatcorporate/video/7463024940799790341?commentId=7492827991984308999,scraping_tiktok,nyilambe_dower,sm sj kmren ak d perlakukan sm ky BPJS gratis pdhln sy umum
7493023630186038023,2025-04-14T04:38:55.000Z,0,https://www.tiktok.com/@memecatcorporate/video/7463024940799790341,https://www.tiktok.com/@memecatcorporate/video/7463024940799790341?commentId=7493023630186038023,scraping_tiktok,haqisoftspoken_1,😎
7493044431086076680,2025-04-14T05:59:36.000Z,0,https://www.tiktok.com/@memecatcorporate/video/7463024940799790341,https://www.tiktok.com/@memecatcorporate/video/7463024940799790341?commentId=7493044431086076680,scraping_tiktok,al.hikmah.dinamis,😜
7493088125583016722,2025-04-14T08:49:07.000Z,0,https://www.tiktok.com/@memecatcorporate/video/7463024940799790341,https://www.tiktok.com/@memecatcorporate/video/7463024940799790341?commentId=7493088125583016722,scraping_tiktok,playpl4in,😔
7493248204739265288,2025-04-14T19:10:29.000Z,0,https://www.tiktok.com/@memecatcorporate/video/7463024940799790341,https://www.tiktok.com/@memecatcorporate/video/7463024940799790341?commentId=7493248204739265288,scraping_tiktok,a291102_,mana ada suster ngambilin minum
7489689484872352520,2025-04-05T05:00:42.000Z,0,https://www.tiktok.com/@memecatcorporate/video/7463024940799790341,https://www.tiktok.com/@memecatcorporate/video/7463024940799790341?commentId=7489689484872352520,scraping_tiktok,fix__serrr,💪
7488163193413092117,2025-04-01T02:18:02.000Z,0,https://www.tiktok.com/@memecatcorporate/video/7463024940799790341,https://www.tiktok.com/@memecatcorporate/video/7463024940799790341?commentId=7488163193413092117,scraping_tiktok,de2t250470,😁
7488172483360310071,2025-04-01T02:54:16.000Z,0,https://www.tiktok.com/@memecatcorporate/video/7463024940799790341,https://www.tiktok.com/@memecatcorporate/video/7463024940799790341?commentId=7488172483360310071,scraping_tiktok,wongayu899,😁
7488285943410082567,2025-04-01T10:14:08.000Z,0,https://www.tiktok.com/@memecatcorporate/video/7463024940799790341,https://www.tiktok.com/@memecatcorporate/video/7463024940799790341?commentId=7488285943410082567,scraping_tiktok,catty4040,"bpjs mandiri bayar coy, gk sakit aja bayar😂😂😂"
7488304300364727047,2025-04-01T11:25:21.000Z,0,https://www.tiktok.com/@memecatcorporate/video/7463024940799790341,https://www.tiktok.com/@memecatcorporate/video/7463024940799790341?commentId=7488304300364727047,scraping_tiktok,l0vlyputzx_,😭
7488543987637650194,2025-04-02T02:55:36.000Z,0,https://www.tiktok.com/@memecatcorporate/video/7463024940799790341,https://www.tiktok.com/@memecatcorporate/video/7463024940799790341?commentId=7488543987637650194,scraping_tiktok,dnt.125,😂
7488612437337883410,2025-04-02T07:21:22.000Z,0,https://www.tiktok.com/@memecatcorporate/video/7463024940799790341,https://www.tiktok.com/@memecatcorporate/video/7463024940799790341?commentId=7488612437337883410,scraping_tiktok,yad.dexter,kalo kek gitu udh melanggar hukum sih
7488797470505747208,2025-04-02T19:19:34.000Z,0,https://www.tiktok.com/@memecatcorporate/video/7463024940799790341,https://www.tiktok.com/@memecatcorporate/video/7463024940799790341?commentId=7488797470505747208,scraping_tiktok,green.king55,😁
7488874182739247890,2025-04-03T00:17:10.000Z,0,https://www.tiktok.com/@memecatcorporate/video/7463024940799790341,https://www.tiktok.com/@memecatcorporate/video/7463024940799790341?commentId=7488874182739247890,scraping_tiktok,rayna.ardhan,🥰
7488919644791833362,2025-04-03T03:13:16.000Z,0,https://www.tiktok.com/@memecatcorporate/video/7463024940799790341,https://www.tiktok.com/@memecatcorporate/video/7463024940799790341?commentId=7488919644791833362,scraping_tiktok,user302827715,🤲
7488976042733978385,2025-04-03T06:52:24.000Z,0,https://www.tiktok.com/@memecatcorporate/video/7463024940799790341,https://www.tiktok.com/@memecatcorporate/video/7463024940799790341?commentId=7488976042733978385,scraping_tiktok,rdhintan,😳
7488983498100818705,2025-04-03T07:21:22.000Z,0,https://www.tiktok.com/@memecatcorporate/video/7463024940799790341,https://www.tiktok.com/@memecatcorporate/video/7463024940799790341?commentId=7488983498100818705,scraping_tiktok,saniamita123,"g ah aku juga pasien BPJS
waktunya makan ya di kasih makan
setiap pagi fre Aqua 1 botol
g perlu teriak""😃"
7489354997420802823,2025-04-04T07:22:43.000Z,0,https://www.tiktok.com/@memecatcorporate/video/7463024940799790341,https://www.tiktok.com/@memecatcorporate/video/7463024940799790341?commentId=7489354997420802823,scraping_tiktok,serena.oracle,BPJS kelas 3 cuma 35rb sebulan berharap apa
7493309749343306514,2025-04-14T23:09:55.000Z,0,https://www.tiktok.com/@memecatcorporate/video/7463024940799790341,https://www.tiktok.com/@memecatcorporate/video/7463024940799790341?commentId=7493309749343306514,scraping_tiktok,ismiriana,pasien ranap kan ada yg tunggu ya penunggu pasien itu yg bantu2 pasien klw perlu apa2 klw perawat tgsnya klw infus macet atau pasien ada keluhan aja sih. CMIIW..
7489834013257073414,2025-04-05T14:21:47.000Z,0,https://www.tiktok.com/@memecatcorporate/video/7463024940799790341,https://www.tiktok.com/@memecatcorporate/video/7463024940799790341?commentId=7489834013257073414,scraping_tiktok,prnaayy_,dahlh aku trauma sampe ibu ku sakit hati🥲
7490783971686499088,2025-04-08T03:48:11.000Z,0,https://www.tiktok.com/@memecatcorporate/video/7463024940799790341,https://www.tiktok.com/@memecatcorporate/video/7463024940799790341?commentId=7490783971686499088,scraping_tiktok,chareezquintesha18,fakta
7490855458430911240,2025-04-08T08:25:21.000Z,0,https://www.tiktok.com/@memecatcorporate/video/7463024940799790341,https://www.tiktok.com/@memecatcorporate/video/7463024940799790341?commentId=7490855458430911240,scraping_tiktok,ekap487,😳
7490867285683913490,2025-04-08T09:11:09.000Z,0,https://www.tiktok.com/@memecatcorporate/video/7463024940799790341,https://www.tiktok.com/@memecatcorporate/video/7463024940799790341?commentId=7490867285683913490,scraping_tiktok,bbrubi16,@fit k 😌🤣
7490907879768146694,2025-04-08T11:48:42.000Z,0,https://www.tiktok.com/@memecatcorporate/video/7463024940799790341,https://www.tiktok.com/@memecatcorporate/video/7463024940799790341?commentId=7490907879768146694,scraping_tiktok,kfzunuyy2,😳
7490907795014910726,2025-04-08T11:48:42.000Z,0,https://www.tiktok.com/@memecatcorporate/video/7463024940799790341,https://www.tiktok.com/@memecatcorporate/video/7463024940799790341?commentId=7490907795014910726,scraping_tiktok,kfzunuyy2,😂
7490953710181991176,2025-04-08T14:46:27.000Z,0,https://www.tiktok.com/@memecatcorporate/video/7463024940799790341,https://www.tiktok.com/@memecatcorporate/video/7463024940799790341?commentId=7490953710181991176,scraping_tiktok,limbangalam,🤣🤣🤣
7491119352020763410,2025-04-09T01:29:19.000Z,0,https://www.tiktok.com/@memecatcorporate/video/7463024940799790341,https://www.tiktok.com/@memecatcorporate/video/7463024940799790341?commentId=7491119352020763410,scraping_tiktok,marethapuput,"BPJS di RS trgntung orngnya yg mlayani.. ada yg baik, ada jga yg gk baik... tpi saya sdh 2x dpt yg krng baik.. dri situ bljr mnding pake asuransi.."
7491150738014602002,2025-04-09T03:31:03.000Z,0,https://www.tiktok.com/@memecatcorporate/video/7463024940799790341,https://www.tiktok.com/@memecatcorporate/video/7463024940799790341?commentId=7491150738014602002,scraping_tiktok,chesaaaja,😄
7491227320600216328,2025-04-09T08:28:20.000Z,0,https://www.tiktok.com/@memecatcorporate/video/7463024940799790341,https://www.tiktok.com/@memecatcorporate/video/7463024940799790341?commentId=7491227320600216328,scraping_tiktok,caratiktok17_2,Kalau boleh jujur perawat lebih seneng pasien pake BPJS daripada umum/asuransi. YTTA 🙂
7491228393432007431,2025-04-09T08:32:29.000Z,0,https://www.tiktok.com/@memecatcorporate/video/7463024940799790341,https://www.tiktok.com/@memecatcorporate/video/7463024940799790341?commentId=7491228393432007431,scraping_tiktok,iinhernay,🔥
7491241761428898568,2025-04-09T09:24:19.000Z,0,https://www.tiktok.com/@memecatcorporate/video/7463024940799790341,https://www.tiktok.com/@memecatcorporate/video/7463024940799790341?commentId=7491241761428898568,scraping_tiktok,ekomardianto92,@bpjskesehatan_ri kolom komentar di sediakan 😂🤣
7500744780151178002,2025-05-05T00:01:11.000Z,0,https://www.tiktok.com/@memecatcorporate/video/7463024940799790341,https://www.tiktok.com/@memecatcorporate/video/7463024940799790341?commentId=7500744780151178002,scraping_tiktok,diyen_seraphic,Selalu mandiri aja soalnya ngantri puanajaaang banget klo bpjs. Mandiri langsung duluan 😭😭😭
7496767637554676487,2025-04-24T06:47:36.000Z,0,https://www.tiktok.com/@memecatcorporate/video/7463024940799790341,https://www.tiktok.com/@memecatcorporate/video/7463024940799790341?commentId=7496767637554676487,scraping_tiktok,_strawberriess2,tp ak pernah bpjs ga di beda bedain
7497303231794889490,2025-04-25T17:25:52.000Z,0,https://www.tiktok.com/@memecatcorporate/video/7463024940799790341,https://www.tiktok.com/@memecatcorporate/video/7463024940799790341?commentId=7497303231794889490,scraping_tiktok,nisanis211100,🥰🥰🥰
7497464205119161096,2025-04-26T03:50:45.000Z,0,https://www.tiktok.com/@memecatcorporate/video/7463024940799790341,https://www.tiktok.com/@memecatcorporate/video/7463024940799790341?commentId=7497464205119161096,scraping_tiktok,s4turn3ys_,😁😁😁
7497516071723156231,2025-04-26T07:11:53.000Z,0,https://www.tiktok.com/@memecatcorporate/video/7463024940799790341,https://www.tiktok.com/@memecatcorporate/video/7463024940799790341?commentId=7497516071723156231,scraping_tiktok,ratnafazar07,🙏
7498305994598925064,2025-04-28T10:17:01.000Z,0,https://www.tiktok.com/@memecatcorporate/video/7463024940799790341,https://www.tiktok.com/@memecatcorporate/video/7463024940799790341?commentId=7498305994598925064,scraping_tiktok,fernandomaleno_0709,@_aldoDoubleO
7498331744397247239,2025-04-28T11:57:07.000Z,0,https://www.tiktok.com/@memecatcorporate/video/7463024940799790341,https://www.tiktok.com/@memecatcorporate/video/7463024940799790341?commentId=7498331744397247239,scraping_tiktok,anakrantautw2,Beda banget sama di Taiwan semuanya harus gunain bpjs ngga boleh jalur mandiri dan pelanannya rapih dan sangat ramah makan semuanya di tanggung dan ada keringanan dana
7498377921708131080,2025-04-28T14:56:12.000Z,0,https://www.tiktok.com/@memecatcorporate/video/7463024940799790341,https://www.tiktok.com/@memecatcorporate/video/7463024940799790341?commentId=7498377921708131080,scraping_tiktok,iska.budi.widi,ngarang itu
7499374353101505288,2025-05-01T07:22:53.000Z,0,https://www.tiktok.com/@memecatcorporate/video/7463024940799790341,https://www.tiktok.com/@memecatcorporate/video/7463024940799790341?commentId=7499374353101505288,scraping_tiktok,.vita.10,😁
7499510964825703176,2025-05-01T16:13:06.000Z,0,https://www.tiktok.com/@memecatcorporate/video/7463024940799790341,https://www.tiktok.com/@memecatcorporate/video/7463024940799790341?commentId=7499510964825703176,scraping_tiktok,minasari2901,"Sama aja ga da bedanya,kecuali vip ya"
7499579091928417042,2025-05-01T20:37:50.000Z,0,https://www.tiktok.com/@memecatcorporate/video/7463024940799790341,https://www.tiktok.com/@memecatcorporate/video/7463024940799790341?commentId=7499579091928417042,scraping_tiktok,macanompong51,"bjps byr ko apa lg yg mandiri, dan itu program lgsung dr presiden"
7499864243174048530,2025-05-02T15:03:53.000Z,0,https://www.tiktok.com/@memecatcorporate/video/7463024940799790341,https://www.tiktok.com/@memecatcorporate/video/7463024940799790341?commentId=7499864243174048530,scraping_tiktok,sultan.sultan9372,😁
7499864271791080210,2025-05-02T15:03:56.000Z,0,https://www.tiktok.com/@memecatcorporate/video/7463024940799790341,https://www.tiktok.com/@memecatcorporate/video/7463024940799790341?commentId=7499864271791080210,scraping_tiktok,sultan.sultan9372,🥰
7501185381485216532,2025-05-06T04:30:40.000Z,0,https://www.tiktok.com/@memecatcorporate/video/7463024940799790341,https://www.tiktok.com/@memecatcorporate/video/7463024940799790341?commentId=7501185381485216532,scraping_tiktok,lilispelaminanadja,🤭
7501209617012278024,2025-05-06T06:04:36.000Z,0,https://www.tiktok.com/@memecatcorporate/video/7463024940799790341,https://www.tiktok.com/@memecatcorporate/video/7463024940799790341?commentId=7501209617012278024,scraping_tiktok,cintamoe62,😁
7501376604251292424,2025-05-06T16:52:39.000Z,0,https://www.tiktok.com/@memecatcorporate/video/7463024940799790341,https://www.tiktok.com/@memecatcorporate/video/7463024940799790341?commentId=7501376604251292424,scraping_tiktok,mama_sari0,🥰
7501555743318426386,2025-05-07T04:27:48.000Z,0,https://www.tiktok.com/@memecatcorporate/video/7463024940799790341,https://www.tiktok.com/@memecatcorporate/video/7463024940799790341?commentId=7501555743318426386,scraping_tiktok,s.e.l.l.y98,🤣🤣
7502037763812066066,2025-05-08T11:38:20.000Z,0,https://www.tiktok.com/@memecatcorporate/video/7463024940799790341,https://www.tiktok.com/@memecatcorporate/video/7463024940799790341?commentId=7502037763812066066,scraping_tiktok,iyahiyah4718,🤣
7502054040080909063,2025-05-08T12:41:29.000Z,0,https://www.tiktok.com/@memecatcorporate/video/7463024940799790341,https://www.tiktok.com/@memecatcorporate/video/7463024940799790341?commentId=7502054040080909063,scraping_tiktok,bindy1912,😳
7502148535627547413,2025-05-08T18:48:17.000Z,0,https://www.tiktok.com/@memecatcorporate/video/7463024940799790341,https://www.tiktok.com/@memecatcorporate/video/7463024940799790341?commentId=7502148535627547413,scraping_tiktok,aries_18.cn,🥰🥰🥰
7500889223856194312,2025-05-05T09:21:14.000Z,0,https://www.tiktok.com/@memecatcorporate/video/7463024940799790341,https://www.tiktok.com/@memecatcorporate/video/7463024940799790341?commentId=7500889223856194312,scraping_tiktok,nyonyaemeng,😄😄😄
7501585541067555591,2025-05-07T06:23:24.000Z,0,https://www.tiktok.com/@memecatcorporate/video/7463024940799790341,https://www.tiktok.com/@memecatcorporate/video/7463024940799790341?commentId=7501585541067555591,scraping_tiktok,bachrudin37,"aku di rawat pake BPJS tapi baik tuh pelayananya perawatnya ramah tamah, gimana gk pake BPJS, kepersetaanyakan wajib"
7502285117185655560,2025-05-09T03:38:13.000Z,0,https://www.tiktok.com/@memecatcorporate/video/7463024940799790341,https://www.tiktok.com/@memecatcorporate/video/7463024940799790341?commentId=7502285117185655560,scraping_tiktok,kentaaajahhh,🌸
7494744384924615440,2025-04-18T19:56:50.000Z,0,https://www.tiktok.com/@memecatcorporate/video/7463024940799790341,https://www.tiktok.com/@memecatcorporate/video/7463024940799790341?commentId=7494744384924615440,scraping_tiktok,darmadibgus,🥰
7493864694770008840,2025-04-16T11:02:40.000Z,0,https://www.tiktok.com/@memecatcorporate/video/7463024940799790341,https://www.tiktok.com/@memecatcorporate/video/7463024940799790341?commentId=7493864694770008840,scraping_tiktok,deuphi,🥰
7493868778733470482,2025-04-16T11:18:25.000Z,0,https://www.tiktok.com/@memecatcorporate/video/7463024940799790341,https://www.tiktok.com/@memecatcorporate/video/7463024940799790341?commentId=7493868778733470482,scraping_tiktok,blowcp,gw pernah pke mandiri emang enak coeg
7493930847969051410,2025-04-16T15:19:19.000Z,0,https://www.tiktok.com/@memecatcorporate/video/7463024940799790341,https://www.tiktok.com/@memecatcorporate/video/7463024940799790341?commentId=7493930847969051410,scraping_tiktok,peakliechu0,🥰
7493931708699656961,2025-04-16T15:22:54.000Z,0,https://www.tiktok.com/@memecatcorporate/video/7463024940799790341,https://www.tiktok.com/@memecatcorporate/video/7463024940799790341?commentId=7493931708699656961,scraping_tiktok,hnaatfh_,❤
7494059857315185425,2025-04-16T23:40:54.000Z,0,https://www.tiktok.com/@memecatcorporate/video/7463024940799790341,https://www.tiktok.com/@memecatcorporate/video/7463024940799790341?commentId=7494059857315185425,scraping_tiktok,itsme_mi14,"dikalimantan apalagi bontang mna ada kyak gini anakq bolak balik rumah skit pelayanan nya bgus kok perwat dokter msyaAllah ramah,malah dsni klo g ada bpjs pmerintah dsruh urusss, syg katanya klo byar"
7494166641220551432,2025-04-17T06:34:19.000Z,0,https://www.tiktok.com/@memecatcorporate/video/7463024940799790341,https://www.tiktok.com/@memecatcorporate/video/7463024940799790341?commentId=7494166641220551432,scraping_tiktok,marliana7809,🥰
7494176760272896784,2025-04-17T07:13:39.000Z,0,https://www.tiktok.com/@memecatcorporate/video/7463024940799790341,https://www.tiktok.com/@memecatcorporate/video/7463024940799790341?commentId=7494176760272896784,scraping_tiktok,fitria.wulan2,🥰
7494266866371347218,2025-04-17T13:03:11.000Z,0,https://www.tiktok.com/@memecatcorporate/video/7463024940799790341,https://www.tiktok.com/@memecatcorporate/video/7463024940799790341?commentId=7494266866371347218,scraping_tiktok,utmalvn,😅😅😅
7494485329434182420,2025-04-18T03:11:05.000Z,0,https://www.tiktok.com/@memecatcorporate/video/7463024940799790341,https://www.tiktok.com/@memecatcorporate/video/7463024940799790341?commentId=7494485329434182420,scraping_tiktok,wati2_d3d1,😁😁😁
7494586339896804104,2025-04-18T09:42:55.000Z,0,https://www.tiktok.com/@memecatcorporate/video/7463024940799790341,https://www.tiktok.com/@memecatcorporate/video/7463024940799790341?commentId=7494586339896804104,scraping_tiktok,user7179881848353,"Aku BPJS Alhamdulillah selama ini pelayanannya bagus, ramah dan kalau ada apa-apa gercep juga."
7494616849297638151,2025-04-18T11:41:20.000Z,0,https://www.tiktok.com/@memecatcorporate/video/7463024940799790341,https://www.tiktok.com/@memecatcorporate/video/7463024940799790341?commentId=7494616849297638151,scraping_tiktok,jessica12_032,🤣
7494707202932343559,2025-04-18T17:32:04.000Z,0,https://www.tiktok.com/@memecatcorporate/video/7463024940799790341,https://www.tiktok.com/@memecatcorporate/video/7463024940799790341?commentId=7494707202932343559,scraping_tiktok,cacha.juan,betul
7494845120785761031,2025-04-19T02:27:07.000Z,0,https://www.tiktok.com/@memecatcorporate/video/7463024940799790341,https://www.tiktok.com/@memecatcorporate/video/7463024940799790341?commentId=7494845120785761031,scraping_tiktok,ahnbeeya,Aku lagi di RS Al Islam Bandung. Pake BPJS gratis. Perawat sampe Dokter spesialis baik banget. Perawatnya juga suka dateng dg senyuman ramah kadang becanda dikit sama anak saya.
7494877915869070096,2025-04-19T04:34:35.000Z,0,https://www.tiktok.com/@memecatcorporate/video/7463024940799790341,https://www.tiktok.com/@memecatcorporate/video/7463024940799790341?commentId=7494877915869070096,scraping_tiktok,rzkyyhlm,bpjs bayar juga kan iuran tiap bulan
7494878764079596304,2025-04-19T04:37:51.000Z,0,https://www.tiktok.com/@memecatcorporate/video/7463024940799790341,https://www.tiktok.com/@memecatcorporate/video/7463024940799790341?commentId=7494878764079596304,scraping_tiktok,hnewtown,😭
7494950618357121800,2025-04-19T09:16:30.000Z,0,https://www.tiktok.com/@memecatcorporate/video/7463024940799790341,https://www.tiktok.com/@memecatcorporate/video/7463024940799790341?commentId=7494950618357121800,scraping_tiktok,chocomatcha259,"perasaan BPJS sama asuransi sama , sama sama bayar setiap bulan"
7495278655552832263,2025-04-20T06:29:29.000Z,0,https://www.tiktok.com/@memecatcorporate/video/7463024940799790341,https://www.tiktok.com/@memecatcorporate/video/7463024940799790341?commentId=7495278655552832263,scraping_tiktok,tiramsuu1,😁😁😁
7502632313667339016,2025-05-10T02:05:26.000Z,0,https://www.tiktok.com/@memecatcorporate/video/7463024940799790341,https://www.tiktok.com/@memecatcorporate/video/7463024940799790341?commentId=7502632313667339016,scraping_tiktok,rarachannel95,"masak kemarin ke BPJS mau tambal padahal bolongnya sedikit terus dibor jadi lobang tambah gede,terus tembelnya pakai yg gak permanen,males ke BPJS lg"
7495646404981097223,2025-04-21T06:16:35.000Z,0,https://www.tiktok.com/@memecatcorporate/video/7463024940799790341,https://www.tiktok.com/@memecatcorporate/video/7463024940799790341?commentId=7495646404981097223,scraping_tiktok,haichan_kun,Rumah sakit para Koruptor itu mah😹
7495949823599346433,2025-04-22T01:54:25.000Z,0,https://www.tiktok.com/@memecatcorporate/video/7463024940799790341,https://www.tiktok.com/@memecatcorporate/video/7463024940799790341?commentId=7495949823599346433,scraping_tiktok,qaireen2007,ps lewat hari ini ankku oprasi dn dia gk mau pake bpjs krn takut obatny tdk smlah inilah..yaau gmn lg kami ikut dia bayar mandiri
7496357647639282439,2025-04-23T04:16:37.000Z,0,https://www.tiktok.com/@memecatcorporate/video/7463024940799790341,https://www.tiktok.com/@memecatcorporate/video/7463024940799790341?commentId=7496357647639282439,scraping_tiktok,rizkyekakurniawan07,"kalo umum masuk UGD langsung d layani meskipun rawat inap pasti ada yg kosong. kalo bpjs lama penanganan, rawat inap pasti jawab kamar masih full. 😁"
7496375874347352850,2025-04-23T05:27:16.000Z,0,https://www.tiktok.com/@memecatcorporate/video/7463024940799790341,https://www.tiktok.com/@memecatcorporate/video/7463024940799790341?commentId=7496375874347352850,scraping_tiktok,imas.agus3,💪
7496459728451027730,2025-04-23T10:52:45.000Z,0,https://www.tiktok.com/@memecatcorporate/video/7463024940799790341,https://www.tiktok.com/@memecatcorporate/video/7463024940799790341?commentId=7496459728451027730,scraping_tiktok,mooo00ooo0,😂
7470735560375796488,2025-02-13T03:10:00.000Z,0,https://www.tiktok.com/@memecatcorporate/video/7463024940799790341,https://www.tiktok.com/@memecatcorporate/video/7463024940799790341?commentId=7470735560375796488,scraping_tiktok,gamjunt,RS bukan restoran
7502338659656647431,2025-05-09T07:05:53.000Z,0,https://www.tiktok.com/@memecatcorporate/video/7463024940799790341,https://www.tiktok.com/@memecatcorporate/video/7463024940799790341?commentId=7502338659656647431,scraping_tiktok,nfalmraizl,🥰
7502407071795774226,2025-05-09T11:31:21.000Z,0,https://www.tiktok.com/@memecatcorporate/video/7463024940799790341,https://www.tiktok.com/@memecatcorporate/video/7463024940799790341?commentId=7502407071795774226,scraping_tiktok,ns_echi,😳
7502494456764236552,2025-05-09T17:10:28.000Z,0,https://www.tiktok.com/@memecatcorporate/video/7463024940799790341,https://www.tiktok.com/@memecatcorporate/video/7463024940799790341?commentId=7502494456764236552,scraping_tiktok,diazzzzzz.28,😂
7503048606125392658,2025-05-11T05:00:59.000Z,0,https://www.tiktok.com/@memecatcorporate/video/7463024940799790341,https://www.tiktok.com/@memecatcorporate/video/7463024940799790341?commentId=7503048606125392658,scraping_tiktok,bkkc22,😂
7508999197670048519,2025-05-27T05:52:03.000Z,0,https://www.tiktok.com/@memecatcorporate/video/7463024940799790341,https://www.tiktok.com/@memecatcorporate/video/7463024940799790341?commentId=7508999197670048519,scraping_tiktok,abidzar.al.ghalib7,🥰
7509060435423085319,2025-05-27T09:49:44.000Z,0,https://www.tiktok.com/@memecatcorporate/video/7463024940799790341,https://www.tiktok.com/@memecatcorporate/video/7463024940799790341?commentId=7509060435423085319,scraping_tiktok,alex.interior,😂
7509150744004821767,2025-05-27T15:40:07.000Z,0,https://www.tiktok.com/@memecatcorporate/video/7463024940799790341,https://www.tiktok.com/@memecatcorporate/video/7463024940799790341?commentId=7509150744004821767,scraping_tiktok,juniarins,"Wkwkw pertama kali di rawat, asuransi kantor sistem CA jadinya berasa pasien mandiri, express semua proses tanpa nunggu lama, suster dokter ramah semua. Tapi wallahi ya Allah mau sehat ajaa ☺️"
7509381850672087815,2025-05-28T06:37:01.000Z,0,https://www.tiktok.com/@memecatcorporate/video/7463024940799790341,https://www.tiktok.com/@memecatcorporate/video/7463024940799790341?commentId=7509381850672087815,scraping_tiktok,nichann39,😂
7491851946526360327,2025-04-11T00:52:29.000Z,0,https://www.tiktok.com/@memecatcorporate/video/7463024940799790341,https://www.tiktok.com/@memecatcorporate/video/7463024940799790341?commentId=7491851946526360327,scraping_tiktok,ayaya_alshareef,@alelaaaals @Spna ngakak pliss😭😭
7493483408297198337,2025-04-15T10:23:18.000Z,0,https://www.tiktok.com/@memecatcorporate/video/7463024940799790341,https://www.tiktok.com/@memecatcorporate/video/7463024940799790341?commentId=7493483408297198337,scraping_tiktok,indrayana_rahman,😅
7537718540993184530,2025-08-12T15:17:45.000Z,0,https://www.tiktok.com/@memecatcorporate/video/7463024940799790341,https://www.tiktok.com/@memecatcorporate/video/7463024940799790341?commentId=7537718540993184530,scraping_tiktok,teuapal710,🤣
7493515622455362322,2025-04-15T12:28:00.000Z,0,https://www.tiktok.com/@memecatcorporate/video/7463024940799790341,https://www.tiktok.com/@memecatcorporate/video/7463024940799790341?commentId=7493515622455362322,scraping_tiktok,yannfrmnsyh,🗿
7514559388393259797,2025-06-11T05:28:27.000Z,0,https://www.tiktok.com/@memecatcorporate/video/7463024940799790341,https://www.tiktok.com/@memecatcorporate/video/7463024940799790341?commentId=7514559388393259797,scraping_tiktok,www.tiktok.comketabrakto,Padahal yg bpjs sakit gak sakit ttp bayar
7513204569628951316,2025-06-07T13:51:07.000Z,0,https://www.tiktok.com/@memecatcorporate/video/7463024940799790341,https://www.tiktok.com/@memecatcorporate/video/7463024940799790341?commentId=7513204569628951316,scraping_tiktok,loveyourself_843,🔥
7513341125882200849,2025-06-07T22:41:38.000Z,0,https://www.tiktok.com/@memecatcorporate/video/7463024940799790341,https://www.tiktok.com/@memecatcorporate/video/7463024940799790341?commentId=7513341125882200849,scraping_tiktok,risnastore15,😳😳😳
7513456811153163015,2025-06-08T06:09:51.000Z,0,https://www.tiktok.com/@memecatcorporate/video/7463024940799790341,https://www.tiktok.com/@memecatcorporate/video/7463024940799790341?commentId=7513456811153163015,scraping_tiktok,septiandwiyani,😁
7513473576189117202,2025-06-08T07:14:55.000Z,0,https://www.tiktok.com/@memecatcorporate/video/7463024940799790341,https://www.tiktok.com/@memecatcorporate/video/7463024940799790341?commentId=7513473576189117202,scraping_tiktok,wdf7331,😂
7513612714435642113,2025-06-08T16:14:53.000Z,0,https://www.tiktok.com/@memecatcorporate/video/7463024940799790341,https://www.tiktok.com/@memecatcorporate/video/7463024940799790341?commentId=7513612714435642113,scraping_tiktok,lxhkm_,😳
7513470503294731016,2025-06-08T07:02:59.000Z,0,https://www.tiktok.com/@memecatcorporate/video/7463024940799790341,https://www.tiktok.com/@memecatcorporate/video/7463024940799790341?commentId=7513470503294731016,scraping_tiktok,em84096,😁
7574933788112290581,2025-11-20T22:12:18.000Z,0,https://www.tiktok.com/@memecatcorporate/video/7463024940799790341,https://www.tiktok.com/@memecatcorporate/video/7463024940799790341?commentId=7574933788112290581,scraping_tiktok,idaifai01,sy pasien bpjs yg dilayani sangat baik. perawat yg ramah. kamar kelas 1 atau kelas 2. padahal bpjs sy kelas 3. alhamdulillah
7625676991669732104,2026-04-06T16:01:33.000Z,0,https://www.tiktok.com/@risyadandson/video/7625604545632161032,https://www.tiktok.com/@risyadandson/video/7625604545632161032?commentId=7625676991669732104,scraping_tiktok,hello_hello_hello.ah,"BPJS sudah pasti dibayar, reguler? siapa yg tau uang org sebanyak apa."
7488873362740003589,2025-04-03T00:13:47.000Z,0,https://www.tiktok.com/@memecatcorporate/video/7463024940799790341,https://www.tiktok.com/@memecatcorporate/video/7463024940799790341?commentId=7488873362740003589,scraping_tiktok,cocholate_0,"gw yg ga sakit aja wajib bayar bpjs, knpa sama pasien bpjs bgtu ya. heran"
7498468702523212561,2025-04-28T20:49:14.000Z,0,https://www.tiktok.com/@memecatcorporate/video/7463024940799790341,https://www.tiktok.com/@memecatcorporate/video/7463024940799790341?commentId=7498468702523212561,scraping_tiktok,melinda.primadani3,🤩
7498623589424923400,2025-04-29T06:49:36.000Z,0,https://www.tiktok.com/@memecatcorporate/video/7463024940799790341,https://www.tiktok.com/@memecatcorporate/video/7463024940799790341?commentId=7498623589424923400,scraping_tiktok,itoito68,btul
7499683832347230983,2025-05-02T03:23:55.000Z,0,https://www.tiktok.com/@memecatcorporate/video/7463024940799790341,https://www.tiktok.com/@memecatcorporate/video/7463024940799790341?commentId=7499683832347230983,scraping_tiktok,akualisaa1,😭😭😭
